Date,Ticker,Open,High,Low,Close,Volume
,,AAPL,AAPL,AAPL,AAPL,AAPL
2000-01-03,AAPL,0.7863278462464374,0.8434979867180743,0.7624285589347508,0.8392807245254517,535796800
2000-01-04,AAPL,0.8116325649788769,0.8294394504452686,0.7586797033957973,0.768520712852478,512377600
2000-01-05,AAPL,0.777892405502253,0.8289709930585776,0.7722694568176713,0.7797667384147644,778321600
2000-01-06,AAPL,0.7957002882517805,0.8022604296014583,0.7122871279716492,0.7122871279716492,767972800
2000-01-07,AAPL,0.7235340256219095,0.7572743311014953,0.7160367416653121,0.7460275292396545,460734400
2000-01-10,AAPL,0.7647712093939236,0.7666455420247685,0.7104126099756666,0.7329061031341553,505064000
2000-01-11,AAPL,0.7193165681209445,0.7450901340882994,0.6785475884403069,0.6954172849655151,441548800
2000-01-12,AAPL,0.7122870855329326,0.7160366027105409,0.6485560048467208,0.6537112593650818,976068800
2000-01-13,AAPL,0.7084206895656893,0.7404033695877514,0.6935428523741819,0.7254079580307007,1032684800
2000-01-14,AAPL,0.7497759198355513,0.7666456158795266,0.7450901128335046,0.753055989742279,390376000
2000-01-18,AAPL,0.7572740865336353,0.7947629968576855,0.7530560241547781,0.7792981863021851,459177600
2000-01-19,AAPL,0.7919508172721063,0.8153815094091246,0.7750810673020636,0.7989803552627563,597643200
2000-01-20,AAPL,0.8659915032213432,0.9109777029952618,0.8509961366653442,0.8509961366653442,1831132800
2000-01-21,AAPL,0.85661905835441,0.85661905835441,0.8261596303099725,0.8345949053764343,495924800
2000-01-24,AAPL,0.8130385187365555,0.8453722287555642,0.7882020910634303,0.7966374158859253,440876800
2000-01-25,AAPL,0.787264932830645,0.8481845863294796,0.7675837099335304,0.8416235446929932,497145600
2000-01-26,AAPL,0.8247537996365505,0.8561503656851539,0.8228795167358781,0.8261595368385315,367158400
2000-01-27,AAPL,0.8158499508028922,0.8472473685610351,0.8022603232842171,0.8247538208961487,340144000
2000-01-28,AAPL,0.8111642824445364,0.8313140526560007,0.7544626872193864,0.761959969997406,423348800
2000-01-31,AAPL,0.7572742139395244,0.7788297215971289,0.7085384971864483,0.777892529964447,701680000
2000-02-01,AAPL,0.7797667083888359,0.7872648405973963,0.7497759314078642,0.7516502141952515,318035200
2000-02-02,AAPL,0.7553998150129182,0.7657085717049097,0.7272824667837268,0.7408721446990967,464195200
2000-02-03,AAPL,0.7521187632196225,0.7816418435972984,0.7516501675253955,0.774612307548523,475193600
2000-02-04,AAPL,0.7792981997086326,0.8247537889346915,0.7769552710337632,0.8097584247589111,425320000
2000-02-07,AAPL,0.8097585961504378,0.8566191316313764,0.7942945829030646,0.8552133440971375,441067200
2000-02-08,AAPL,0.8547446716734484,0.8706772292851623,0.8341263562459356,0.8613057136535645,408643200
2000-02-09,AAPL,0.8556818960132114,0.8781753963596155,0.8430294084309012,0.8444350957870483,299364800
2000-02-10,AAPL,0.8463102785718181,0.8538076114790912,0.8247539198481002,0.8509961366653442,302982400
2000-02-11,AAPL,0.8519330041974844,0.8556816696654708,0.811632623060456,0.8153812885284424,212251200
2000-02-14,AAPL,0.8195985750179707,0.8688028295006653,0.8144441720386805,0.8683342337608337,367539200
2000-02-15,AAPL,0.8641172775532382,0.8992632677649961,0.863648681702109,0.8922337293624878,485744000
2000-02-16,AAPL,0.8828611316675569,0.8856734069420027,0.8406864125062257,0.8556817770004272,378246400
2000-02-17,AAPL,0.863648592561464,0.8659914714693634,0.8481846307525135,0.8613057136535645,289497600
2000-02-18,AAPL,0.8594312045442085,0.8650541531418273,0.8313139088555765,0.8341262340545654,233441600
2000-02-22,AAPL,0.8256909968942068,0.8767695859269417,0.7999173794739072,0.853338897228241,422296000
2000-02-23,AAPL,0.8490041161580384,0.8922335513629271,0.832251092054398,0.8716143369674683,473099200
2000-02-24,AAPL,0.8795808903407447,0.8931705650301038,0.8378747249969355,0.8637650609016418,376432000
2000-02-25,AAPL,0.8608370638296386,0.8772382162148745,0.8256910293980424,0.8275653123855591,249144000
2000-02-28,AAPL,0.825690991693633,0.8622427116702888,0.8125699102151474,0.849121630191803,328328000
2000-02-29,AAPL,0.8514643018837788,0.8791122453763561,0.8439662711454111,0.8594310283660889,368961600
2000-03-01,AAPL,0.8889538337402877,0.990173060184643,0.8884852377967892,0.9770519733428955,1077003200
2000-03-02,AAPL,0.952215559164557,0.9592442919846368,0.9048856081782598,0.9147266149520874,311259200
2000-03-03,AAPL,0.9362825322950715,0.9614708800975212,0.8997316636084323,0.9597132205963135,323366400
2000-03-06,AAPL,0.9447175244694479,0.9681482045388198,0.9372193945169314,0.9423746466636658,210560000
2000-03-07,AAPL,0.9479978150683469,0.9554959467738204,0.9081659799876707,0.9212870597839355,273011200
2000-03-08,AAPL,0.9212867522367137,0.9292534769745886,0.8889530596552594,0.9147266149520874,271230400
2000-03-09,AAPL,0.9062916945206072,0.9372196107244273,0.886610475310711,0.916601300239563,276718400
2000-03-10,AAPL,0.912384190341421,0.9592447682097013,0.907228936151037,0.9428436160087585,248606400
2000-03-13,AAPL,0.9156642914933911,0.9484665970015508,0.8959822675106451,0.9095719456672668,303956800
2000-03-14,AAPL,0.9088690440038166,0.9315968915808425,0.8547446768171864,0.8566190600395203,428579200
2000-03-15,AAPL,0.8669285796028366,0.9016059670453669,0.8556817808898175,0.8716143369674683,443609600
2000-03-16,AAPL,0.8795809277429795,0.9147269054393931,0.858493120892167,0.9114460349082947,378100800
2000-03-17,AAPL,0.900668984242175,0.9372198581695557,0.8969194168816107,0.9372198581695557,305043200
2000-03-20,AAPL,0.925973689778028,0.9465919997106883,0.9175383669408194,0.922224223613739,204489600
2000-03-21,AAPL,0.9189443538423382,1.0253186991401133,0.9119156173571735,1.011729121208191,524328000
2000-03-22,AAPL,0.9955623998805578,1.0824898861753796,0.9864242299081125,1.0810832977294922,567996800
2000-03-23,AAPL,1.064682348517264,1.1274763089797097,1.0496869775755366,1.0595279932022095,562564800
2000-03-24,AAPL,1.0679617889491986,1.0792085858000484,1.0159460667684987,1.03984534740448,446913600
2000-03-27,AAPL,1.0318796204850265,1.085301034742101,1.0262557710417628,1.0464063882827759,279182400
2000-03-28,AAPL,1.0290675065049144,1.064682092034394,1.0281303148166925,1.0431265830993652,202966400
2000-03-29,AAPL,1.045000449093323,1.0454689445995535,1.0034109617982319,1.0192267894744873,239836800
2000-03-30,AAPL,1.0014194885029748,1.032348210679779,0.9405006371682999,0.9428436160087585,414400000
2000-03-31,AAPL,0.9554964429604133,1.0290677065913914,0.9447182359205699,1.018290400505066,404633600
2000-04-03,AAPL,1.015945704175372,1.0459373185833885,0.9704909383737348,0.9995445609092712,328563200
2000-04-04,AAPL,0.9943907504273444,0.9972022249249907,0.8753638217306554,0.9545589089393616,660329600
2000-04-05,AAPL,0.9482320995656597,0.9962649116959466,0.9297224188610159,0.9775208830833435,457665600
2000-04-06,AAPL,0.9793952574529672,1.0084488919642303,0.9240985616072711,0.938626229763031,259627200
2000-04-07,AAPL,0.9540901935627799,0.9887667765223118,0.9409691133007937,0.9878296852111816,242435200
2000-04-10,AAPL,0.9873613120842529,0.995328041560326,0.9353455750188763,0.9372198581695557,212262400
2000-04-11,AAPL,0.9259738190537563,0.9362825249827792,0.8852039872683716,0.8955135941505432,541822400
2000-04-12,AAPL,0.8922334139288156,0.8922334139288156,0.7863276356780298,0.8191298842430115,941136000
2000-04-13,AAPL,0.8360006040317793,0.8997316788707317,0.8135070567899458,0.853338897228241,529827200
2000-04-14,AAPL,0.8195985184792557,0.8847353239405777,0.8172555899946735,0.838811993598938,667620800
2000-04-17,AAPL,0.8210053016686094,0.9292540391248987,0.8177243801416909,0.9287854433059692,409561600
2000-04-18,AAPL,0.9259738343297135,0.951278805732727,0.89504501317296,0.951278805732727,390924800
2000-04-19,AAPL,0.9461238546777729,0.9765831856605819,0.8978566800669748,0.9081662893295288,520150400
2000-04-20,AAPL,0.9273796245397377,0.9353455529807572,0.877706767609556,0.8912964463233948,722120000
2000-04-24,AAPL,0.8622430074072344,0.9034806489944458,0.8603687238624527,0.9034806489944458,443620800
2000-04-25,AAPL,0.9156641251323725,0.965336971001086,0.9151955294336132,0.9620561003684998,391641600
2000-04-26,AAPL,0.9494036884634274,0.9597132962386957,0.8997317345232066,0.9095719456672668,366912000
2000-04-27,AAPL,0.8786440765036094,0.9522162301665715,0.8740750415750709,0.9503410458564758,326603200
2000-04-28,AAPL,0.9531532339888835,0.9559647085226496,0.9095719250615515,0.9301910400390625,249580800
2000-05-01,AAPL,0.9362826489442079,0.938157833012929,0.9137900502877481,0.932065486907959,226195200
2000-05-02,AAPL,0.9240984917383069,0.9465919848771395,0.880986588884023,0.8837980628013611,236432000
2000-05-03,AAPL,0.8917650094612675,0.9091033538589601,0.836937800917035,0.8627113699913025,489798400
2000-05-04,AAPL,0.8631798915827493,0.8641170830740823,0.8289710006664124,0.8299081921577454,399515200
2000-05-05,AAPL,0.8308452154161151,0.8603682948352623,0.8301423719505413,0.8481844067573547,284076800
2000-05-08,AAPL,0.8404520511058248,0.8524016931565279,0.8247537932299425,0.8256909847259521,184900800
2000-05-09,AAPL,0.827096508600365,0.8341260436428877,0.786327537820752,0.7905447483062744,327140800
2000-05-10,AAPL,0.7802353525936094,0.7872648895156418,0.740403512365388,0.7446215748786926,535091200
2000-05-11,AAPL,0.7600855594151985,0.7816419143056613,0.7422786711589985,0.7708637118339539,499744000
2000-05-12,AAPL,0.7947628668499165,0.8285023050134959,0.7855071265157239,0.8069467544555664,306913600
2000-05-15,AAPL,0.810226897779929,0.810226897779929,0.7507130411012825,0.7572740316390991,678932800
2000-05-16,AAPL,0.7836330186526691,0.8177242865580244,0.7703952133093782,0.7924193143844604,440451200
2000-05-17,AAPL,0.7769553409611887,0.7774239367489276,0.7525875090984864,0.7600856423377991,398092800
2000-05-18,AAPL,0.7722697043641368,0.7867965273736366,0.7544628102195728,0.7554000020027161,373777600
2000-05-19,AAPL,0.7441530636314116,0.7441530636314116,0.7001031588504985,0.7047898173332214,740667200
2000-05-22,AAPL,0.7029155343820831,0.7029155343820831,0.6448074018654543,0.6743296384811401,755507200
2000-05-23,AAPL,0.678547594626975,0.7001030984844322,0.6419958260193354,0.643401563167572,517585600
2000-05-24,AAPL,0.6462131058041817,0.6729238162458204,0.6223138199033861,0.6574598550796509,678462400
2000-05-25,AAPL,0.6635520789110055,0.69471429105553,0.6448072013274844,0.654296338558197,406750400
2000-05-26,AAPL,0.6598027207504563,0.6738609943927177,0.6391844065905778,0.64761883020401,181148800
2000-05-30,AAPL,0.6569912966114327,0.6607399629847169,0.6129422894215919,0.6565227508544922,713059200
2000-05-31,AAPL,0.6513681143213716,0.6841704099271813,0.6284060268890622,0.6298117637634277,433507200
2000-06-01,AAPL,0.6129421863241997,0.6715180041391722,0.6026325797108756,0.6682379841804504,903840000
2000-06-02,AAPL,0.7029155594758699,0.747901759663719,0.6673009254024209,0.6940116882324219,792848000
2000-06-05,AAPL,0.6996343884509747,0.7141612041939935,0.6724550895406922,0.6846389770507812,323668800
2000-06-06,AAPL,0.6895601197872343,0.7254081477900469,0.6771418810172312,0.6963545083999634,525481600
2000-06-07,AAPL,0.7019784919751549,0.7272826709601533,0.6869822717286928,0.7240025997161865,337019200
2000-06-08,AAPL,0.7319691645150143,0.7385292554599316,0.6982288653822214,0.7108813524246216,238526400
2000-06-09,AAPL,0.7254079972827975,0.7343118659264238,0.7076011609485864,0.7179107666015625,252358400
2000-06-12,AAPL,0.7225965787441446,0.723065174467555,0.6813590539191164,0.6837019324302673,290337600
2000-06-13,AAPL,0.683702101861349,0.7099442697227224,0.6612086006103305,0.7085385322570801,351456000
2000-06-14,AAPL,0.7099441200626977,0.7216594640580848,0.6757360804052808,0.6780790090560913,277446400
2000-06-15,AAPL,0.6841707554879906,0.7001033156956734,0.6673010035220794,0.6926060318946838,248572800
2000-06-16,AAPL,0.7010402244612051,0.702915408202056,0.6677693775166101,0.6837019324302673,303564800
2000-06-19,AAPL,0.6790164622554049,0.7338437407389586,0.6733926600958203,0.7244712710380554,394004800
2000-06-20,AAPL,0.7385292040490086,0.7792982371423338,0.7375920625658169,0.7591484189033508,501390400
2000-06-21,AAPL,0.7572740810644466,0.8538074550993621,0.7544625567126856,0.8341262340545654,490000000
2000-06-22,AAPL,0.8360006771586043,0.8641171757069611,0.8031975199098337,0.8060089945793152,467712000
2000-06-23,AAPL,0.8064773601056899,0.819129843406047,0.7619597210939967,0.7750808000564575,204965600
2000-06-26,AAPL,0.787264863589307,0.8210051581364926,0.7816419149570272,0.8116326928138733,185354400
2000-06-27,AAPL,0.8064777651413526,0.83225134034838,0.7741440475819603,0.7760183811187744,203470400
2000-06-28,AAPL,0.7994485814276443,0.8303764921248591,0.7722692353746716,0.8163182735443115,286428800
2000-06-29,AAPL,0.7957000121123485,0.8088210911055541,0.7657083880791045,0.768520712852478,203660800
2000-06-30,AAPL,0.7919506360725923,0.823816596327342,0.7750808899623733,0.7853904962539673,323097600
2000-07-03,AAPL,0.7816421333385518,0.8144443946761,0.7816421333385518,0.7994490265846252,70828800
2000-07-05,AAPL,0.7985115838076827,0.8275652192266449,0.7610226748353344,0.7741437554359436,265216000
2000-07-06,AAPL,0.7872649139329545,0.7938258553060378,0.7441530522593895,0.7769553065299988,309545600
2000-07-07,AAPL,0.7886703819372778,0.8219420715164998,0.7816416980969783,0.8163182735443115,263603200
2000-07-10,AAPL,0.8111642658387371,0.873489610205631,0.8060090112358879,0.8566190600395203,397796000
2000-07-11,AAPL,0.8547444810267707,0.8884847727829867,0.8313138452143823,0.8538073897361755,357896000
2000-07-12,AAPL,0.8716142798099992,0.883798169133422,0.8453721182554897,0.8828610777854919,225433600
2000-07-13,AAPL,0.8772381298146028,0.909103239899926,0.8210051409615238,0.847247302532196,445659200
2000-07-14,AAPL,0.8566188480073632,0.8847352901243593,0.852870182596492,0.8650540709495544,190276800
2000-07-17,AAPL,0.8734893523780796,0.8819237740712403,0.8566188071916419,0.874426543712616,260002400
2000-07-18,AAPL,0.8772382002479713,0.8828611492140882,0.8528703195237206,0.8584932684898376,318404800
2000-07-19,AAPL,0.8275649748881602,0.8519327960653023,0.7760178591462195,0.7900760769844055,457872800
2000-07-20,AAPL,0.8247538155659286,0.8556817864602332,0.8116327338428214,0.8266281485557556,465572800
2000-07-21,AAPL,0.8151470251288956,0.8341262027606517,0.7938257698675444,0.8031973838806152,196235200
2000-07-24,AAPL,0.7882020036233485,0.79288781082632,0.7122869917141474,0.7300947308540344,412171200
2000-07-25,AAPL,0.7544624568789322,0.7591482634412188,0.7357175788825975,0.7507129907608032,211607200
2000-07-26,AAPL,0.7474329211619082,0.7685207274658588,0.7385290528093804,0.7507129907608032,210470400
2000-07-27,AAPL,0.7497759602789591,0.7985116191814063,0.7479016273664477,0.7797667384147644,294985600
2000-07-28,AAPL,0.7839851597693764,0.7872652313547864,0.7029157569603053,0.7244712710380554,237893600
2000-07-31,AAPL,0.7371235408927328,0.7741439116686346,0.7310320455602423,0.761959969997406,155299200
2000-08-01,AAPL,0.7544628276659934,0.7671145166072398,0.7385294157658331,0.7394666075706482,137284000
2000-08-02,AAPL,0.7347807001184534,0.7488389256752473,0.7076013906309729,0.7085385322570801,162355200
2000-08-03,AAPL,0.6832333269788728,0.7207222856946464,0.6635521567170078,0.7197850942611694,339897600
2000-08-04,AAPL,0.7418099834962388,0.7685207380205964,0.6944800681098078,0.7104126214981079,263121600
2000-08-07,AAPL,0.7179111462417449,0.7357179919924336,0.7076015351369205,0.7188482880592346,187348000
2000-08-08,AAPL,0.7188482521782562,0.7197853939489689,0.6944804138619846,0.701040506362915,176674400
2000-08-09,AAPL,0.7216595950706886,0.7263454031700352,0.7085385115239488,0.7122871279716492,379640800
2000-08-10,AAPL,0.7197852938955291,0.7263454355375407,0.7104128764317963,0.7132243514060974,251714400
2000-08-11,AAPL,0.7024467905514202,0.7197850820411346,0.6832333153793896,0.7150992751121521,238056000
2000-08-14,AAPL,0.7136927387557591,0.7150992766794261,0.694480114441754,0.7057268619537354,156660000
2000-08-15,AAPL,0.7085384986175622,0.7188481071274917,0.6972917485260187,0.700103223323822,114200800
2000-08-16,AAPL,0.7029152538200649,0.7347803566488142,0.7019780625790805,0.7272822260856628,143673600
2000-08-17,AAPL,0.7254079202844772,0.7863275555140161,0.7244707790620323,0.7713321447372437,270900000
2000-08-18,AAPL,0.7703949756992152,0.7769550641253568,0.7479014348961975,0.749775767326355,190176000
2000-08-21,AAPL,0.753524515216594,0.7732065858769716,0.7441529515165382,0.7572740316390991,134467200
2000-08-22,AAPL,0.7591482472272615,0.7919505442098614,0.7553996320892625,0.7750808000564575,276802400
2000-08-23,AAPL,0.7718012026435584,0.8210054758721436,0.7657088050162802,0.8144444823265076,236863200
2000-08-24,AAPL,0.8198332319820264,0.8491219801387982,0.8003863000492802,0.8413895964622498,310766400
2000-08-25,AAPL,0.8472473642794741,0.8622427289605868,0.8453721803867768,0.8519331216812134,334460000
2000-08-28,AAPL,0.8584933413984078,0.884735507304708,0.8556818666765814,0.8706772327423096,359004800
2000-08-29,AAPL,0.8678657846502231,0.8912964765536482,0.865054309842129,0.8875479102134705,267030400
2000-08-30,AAPL,0.8847355951088502,0.8997318636161253,0.8802840846820158,0.8922337293624878,285392800
2000-08-31,AAPL,0.8842669098381999,0.922224471318359,0.8837983140344564,0.9137900471687317,419596800
2000-09-01,AAPL,0.9194128931798156,0.9540902801330151,0.9166014187795274,0.951278805732727,256872000
2000-09-05,AAPL,0.9395634267295213,0.9615875251460912,0.9334709817746449,0.9362824559211731,298642400
2000-09-06,AAPL,0.9203500552235605,0.9353455208313066,0.8659914423425236,0.8763010501861572,355404000
2000-09-07,AAPL,0.8866106919185989,0.9381578321538141,0.8734896089573382,0.9297226071357727,217464800
2000-09-08,AAPL,0.924098602919018,0.924098602919018,0.8772381292743042,0.8828610777854919,195518400
2000-09-11,AAPL,0.8800497163762642,0.9053546897217292,0.8716143915747266,0.8763010501861572,187381600
2000-09-12,AAPL,0.8598998095909393,0.9006688401716405,0.8547445557184774,0.8659913539886475,187997600
2000-09-13,AAPL,0.8509959214342588,0.8922334443248825,0.8509959214342588,0.8697399497032166,305984000
2000-09-14,AAPL,0.8781750740929131,0.8941076264673099,0.8519329169170812,0.8526358604431152,426552000
2000-09-15,AAPL,0.8659913798104623,0.8725523209902322,0.8135070537613432,0.8282681703567505,394514400
2000-09-18,AAPL,0.8285025225643886,0.9109776329130388,0.8256910479669306,0.9095719456672668,424536000
2000-09-19,AAPL,0.8959823158304142,0.9072290156740868,0.878175374764331,0.8987945914268494,271510400
2000-09-20,AAPL,0.8908277226231519,0.9212871461935819,0.8781752373320629,0.915429949760437,227388000
2000-09-21,AAPL,0.8772382706184854,0.8941079197173701,0.8285025553134456,0.850058913230896,510490400
2000-09-22,AAPL,0.7544626265305456,0.7863277900877944,0.7497760180672871,0.7825791239738464,726700800
2000-09-25,AAPL,0.7910135401772165,0.8322511194240637,0.7807047835406923,0.8022603392601013,435551200
2000-09-26,AAPL,0.799448633792957,0.8210049841327315,0.7703950035147987,0.7713321447372437,290936800
2000-09-27,AAPL,0.7760181660234248,0.7910135309031174,0.7235338383619919,0.7338434457778931,402259200
2000-09-28,AAPL,0.7394664034465509,0.8069469476790804,0.7216595138056721,0.8022603392601013,979585600
2000-09-29,AAPL,0.4226860652623117,0.4348700048155146,0.3805113480628597,0.3861342966556549,7421640800
2000-10-02,AAPL,0.4001932892241844,0.40113045541752135,0.35239478516122497,0.36364153027534485,2424788800
2000-10-03,AAPL,0.3739512009629963,0.3748883673235926,0.3327128028404933,0.334587961435318,2038120000
2000-10-04,AAPL,0.3355252323352842,0.35614357440723593,0.3280270982671667,0.35426926612854004,1466024000
2000-10-05,AAPL,0.3523948179418211,0.3673902041977255,0.32990127556824056,0.3308384418487549,873006400
2000-10-06,AAPL,0.34021093641054634,0.3439595771224676,0.3149059410878267,0.3327128291130066,612656800
2000-10-09,AAPL,0.33927369990042044,0.3430223145350897,0.31678016013372395,0.32615262269973755,597564800
2000-10-10,AAPL,0.32427829939239244,0.33646221076069505,0.30740773116051573,0.31303155422210693,691101600
2000-10-11,AAPL,0.30178479910648986,0.31490587732851116,0.28678941342123876,0.29428666830062866,1198422400
2000-10-12,AAPL,0.30459641816338323,0.312094552547241,0.2924125003722305,0.29991063475608826,1191064000
2000-10-13,AAPL,0.3036591181255459,0.3317756081292692,0.2999105030564317,0.3308384418487549,1247752800
2000-10-16,AAPL,0.33458797060330314,0.3486462171916664,0.3205288731148109,0.32240405678749084,820176000
2000-10-17,AAPL,0.32521556148248754,0.32896420235339935,0.2952247577412515,0.301784873008728,601720000
2000-10-18,AAPL,0.2914752659701306,0.31584312091823724,0.2811656589315332,0.301784873008728,834265600
2000-10-19,AAPL,0.2872581158354878,0.2970991292292037,0.2746056024171971,0.28397804498672485,1506724800
2000-10-20,AAPL,0.2858521982993829,0.3055333868171874,0.28397786613016884,0.29241231083869934,791263200
2000-10-23,AAPL,0.30389349317689834,0.308345853757707,0.2914752797536355,0.3055335283279419,551292000
2000-10-24,AAPL,0.31022009116789134,0.31303159008403714,0.2821036254445723,0.2830407917499542,804451200
2000-10-25,AAPL,0.28585230280057056,0.2877266106285231,0.2764798627076904,0.27741700410842896,663969600
2000-10-26,AAPL,0.2821036621181899,0.2830408285454039,0.2624216155052156,0.27741700410842896,721851200
2000-10-27,AAPL,0.2830408865124707,0.2877266695552432,0.2680446189113645,0.2783542275428772,744503200
2000-10-30,AAPL,0.28678952337721525,0.29897344002573706,0.2811656978783921,0.28960099816322327,639189600
2000-10-31,AAPL,0.296161979302309,0.30365923741216067,0.2886638452656086,0.29334965348243713,885880800
2000-11-01,AAPL,0.29147524186860924,0.31303162063769613,0.29147524186860924,0.30740779638290405,575366400
2000-11-02,AAPL,0.31678022391614497,0.33646226913003696,0.3158430825820223,0.334587961435318,590693600
2000-11-03,AAPL,0.3448967051207274,0.3448967051207274,0.32896415174031823,0.3336499333381653,515821600
2000-11-06,AAPL,0.336462374602615,0.3392738745657392,0.31303170665435404,0.32146698236465454,393478400
2000-11-07,AAPL,0.32240405585742166,0.3270898377223326,0.3120944498174269,0.3195917308330536,301963200
2000-11-08,AAPL,0.32052896955849597,0.32146698712713984,0.29709912713701636,0.30084776878356934,422088800
2000-11-09,AAPL,0.2980361708521773,0.3074077585891245,0.28585225839675915,0.3027219772338867,476834400
2000-11-10,AAPL,0.2903039132466222,0.29803632104401223,0.2858524024486542,0.2858524024486542,422251200
2000-11-13,AAPL,0.2811655752080232,0.2999104757812756,0.27366832072515607,0.2905380129814148,431816000
2000-11-14,AAPL,0.29897338870254286,0.30740781161267383,0.29334958919560805,0.3036591708660126,409001600
2000-11-15,AAPL,0.30037912124856353,0.30272202480761295,0.28866377757962425,0.29803621768951416,282357600
2000-11-16,AAPL,0.2924124615010222,0.29709909518571653,0.2830408709057415,0.28491517901420593,239372000
2000-11-17,AAPL,0.2877266106285231,0.28866377705573715,0.2736683884525238,0.27741700410842896,446180000
2000-11-20,AAPL,0.27882283994081836,0.2924124950074853,0.2736684607688209,0.28397804498672485,408066400
2000-11-21,AAPL,0.28772660614519,0.29241241318177086,0.281165640409709,0.28210365772247314,301952000
2000-11-22,AAPL,0.2821036621181899,0.2867894692277846,0.27554269628047634,0.27741700410842896,280532000
2000-11-24,AAPL,0.2828065840793837,0.29241247294923134,0.2821037153828817,0.28960099816322327,160932800
2000-11-27,AAPL,0.2980362405573858,0.298973407058208,0.277417025897695,0.28022852540016174,258792800
2000-11-28,AAPL,0.28022852051028013,0.2849151537798896,0.2689825977760827,0.27038833498954773,269124800
2000-11-29,AAPL,0.2713254744598119,0.2746055192891642,0.2586729648716636,0.2633587718009949,492150400
2000-11-30,AAPL,0.25023771605886663,0.25492349842102496,0.24180241686440157,0.24742624163627625,809597600
2000-12-01,AAPL,0.2549234736727141,0.2624216056562281,0.2521119995230654,0.2558614909648895,385705600
2000-12-04,AAPL,0.2577358720173588,0.2577358720173588,0.24648912132028147,0.25023776292800903,371520800
2000-12-05,AAPL,0.25398632154189116,0.261484428181122,0.24555187442396603,0.2549234628677368,613978400
2000-12-06,AAPL,0.21930972645930064,0.22493267481483012,0.2099372866244504,0.2146230936050415,1374464000
2000-12-07,AAPL,0.21649825228153588,0.22305836703847856,0.2099372866244504,0.2146230936050415,408917600
2000-12-08,AAPL,0.22212126722590309,0.22961940153223714,0.2164983171846921,0.22586990892887115,435624000
2000-12-11,AAPL,0.22774413228034973,0.2305564568428419,0.2230583261585274,0.22774413228034973,332511200
2000-12-12,AAPL,0.22868134876399038,0.2399281230428356,0.22493270763779763,0.23055653274059296,386260000
2000-12-13,AAPL,0.2333679534348825,0.2333679534348825,0.22305834807509387,0.22493265569210052,344887200
2000-12-14,AAPL,0.22540127411871072,0.2286813190361855,0.2164982557296753,0.2164982557296753,263317600
2000-12-15,AAPL,0.21837260651775656,0.22024693971935672,0.20993733128967232,0.2108744978904724,513945600
2000-12-18,AAPL,0.21837254745792004,0.21930971380525927,0.2090001206770907,0.21368591487407684,325808000
2000-12-19,AAPL,0.21556028368672742,0.22868136706551923,0.20993733406066895,0.20993733406066895,374007200
2000-12-20,AAPL,0.20665726505913767,0.219309764465104,0.20431436116282306,0.21556027233600616,565331200
2000-12-21,AAPL,0.21368597266639253,0.22493272267039688,0.20806301060131221,0.2108744978904724,366844800
2000-12-22,AAPL,0.21181157639356557,0.22493265569210052,0.21181157639356557,0.22493265569210052,318052000
2000-12-26,AAPL,0.22305840055020387,0.2249327086081467,0.21368595930726197,0.22024692595005035,216815200
2000-12-27,AAPL,0.21509168672950377,0.2221212238073349,0.21274878299481143,0.2221212238073349,325466400
2000-12-28,AAPL,0.21556025746585125,0.22399555680567973,0.21462311599315625,0.2221212238073349,305177600
2000-12-29,AAPL,0.22024695733977537,0.2249327406656923,0.2174354823389288,0.22305843234062195,630336000
2001-01-02,AAPL,0.22305843234062195,0.2286813823423151,0.2183726239882229,0.22305843234062195,452312000
2001-01-03,AAPL,0.21743548190104384,0.25023776702311534,0.21649831522715493,0.2455519586801529,817073600
2001-01-04,AAPL,0.27202834325197855,0.27741699369664713,0.2521119995230654,0.2558614909648895,739396000
2001-01-05,AAPL,0.2539864086921889,0.2605473762568374,0.24086532446328227,0.2455519586801529,412356000
2001-01-08,AAPL,0.2539862884131199,0.254689156829062,0.23899087793774004,0.24836331605911255,373699200
2001-01-09,AAPL,0.252112048142838,0.264530262283088,0.24836340687822323,0.25773584842681885,588929600
2001-01-10,AAPL,0.2502376485192717,0.25492342961672926,0.2408652103978992,0.24836331605911255,580781600
2001-01-11,AAPL,0.24367759100840958,0.277417009560269,0.24367759100840958,0.269919753074646,803734400
2001-01-12,AAPL,0.26804460564788957,0.26991978969373503,0.25586154030775116,0.25773584842681885,423376800
2001-01-16,AAPL,0.2614844973474418,0.2736684389710918,0.2549235302985888,0.25679871439933777,306118400
2001-01-17,AAPL,0.26335880491160835,0.26335880491160835,0.24742624849099748,0.2521120309829712,840873600
2001-01-18,AAPL,0.2671074435943271,0.28116566687450656,0.26429594409186036,0.28022852540016174,1227010400
2001-01-19,AAPL,0.2914751447540923,0.2933494769233064,0.28022840094481827,0.29241231083869934,776664000
2001-01-22,AAPL,0.28585230049627214,0.29428672319378085,0.2764798604789447,0.288663774728775,519327200
2001-01-23,AAPL,0.28960093410137455,0.3139687620080761,0.28585229354043057,0.30740779638290405,879530400
2001-01-24,AAPL,0.3092829800767521,0.31022012144713207,0.2933495746623186,0.30740779638290405,717091200
2001-01-25,AAPL,0.3083457908111409,0.3083457908111409,0.2961618777614215,0.29897335171699524,489708800
2001-01-26,AAPL,0.29241248683377513,0.2970991209244896,0.28585237034610406,0.29334965348243713,482820800
2001-01-29,AAPL,0.29334961388934433,0.3261527446013972,0.29334961388934433,0.32521557807922363,855528800
2001-01-30,AAPL,0.3233411241840326,0.3299012373344068,0.31303154549905465,0.32615262269973755,692423200
2001-01-31,AAPL,0.3224041654761231,0.3373995584795222,0.3214669987739108,0.32427847385406494,730704800
2001-02-01,AAPL,0.31022021210839545,0.3224041546489548,0.30740788622227055,0.31678032875061035,369695200
2001-02-02,AAPL,0.3167803667038644,0.3289643107041743,0.3074079230526181,0.3092831075191498,427341600
2001-02-05,AAPL,0.3074077585891245,0.30834577577079475,0.29616186331537653,0.3027219772338867,286115200
2001-02-06,AAPL,0.3022535070729244,0.3207632683313932,0.29991062793579776,0.31678032875061035,462711200
2001-02-07,AAPL,0.309751578760358,0.3130316489325973,0.29709906795168334,0.31115731596946716,393887200
2001-02-08,AAPL,0.3083458415512489,0.31584312335081555,0.3027220418145968,0.31115731596946716,604128000
2001-02-09,AAPL,0.3074078145345709,0.3120944726692438,0.2802285108589097,0.2867894768714905,590083200
2001-02-12,AAPL,0.28585234434957213,0.2999105935954314,0.28210370312232175,0.29522478580474854,274120000
2001-02-13,AAPL,0.2989733915442711,0.306470673108855,0.28491514396710643,0.2867894768714905,237070400
2001-02-14,AAPL,0.2877265054421306,0.29428661798144706,0.2774169026909972,0.29241231083869934,309120000
2001-02-15,AAPL,0.2952248188269809,0.3083459029770603,0.2952248188269809,0.30084776878356934,311416000
2001-02-16,AAPL,0.28491517901420593,0.2924124615010222,0.2811656868705042,0.28491517901420593,263911200
2001-02-20,AAPL,0.28772646766550486,0.2914751064852945,0.2727310865130657,0.274605393409729,314893600
2001-02-21,AAPL,0.273668352875496,0.2989733447091415,0.273668352875496,0.2830407917499542,390258400
2001-02-22,AAPL,0.28585229834644277,0.2905380803565485,0.26991974356427517,0.28210365772247314,431961600
2001-02-23,AAPL,0.27929133261096173,0.2830408241350843,0.2736683841882448,0.28210365772247314,293865600
2001-02-26,AAPL,0.2858521982993829,0.2952246349659092,0.27835406877560426,0.29241231083869934,206438400
2001-02-27,AAPL,0.2891322762017229,0.2914751791766992,0.2802284340392081,0.2905380129814148,348516000
2001-02-28,AAPL,0.2905381060542664,0.29147527254976874,0.2717940754028552,0.27366840839385986,508233600
2001-03-01,AAPL,0.2671073798953797,0.28116559982299805,0.2577357671750256,0.28116559982299805,330461600
2001-03-02,AAPL,0.27460552763962587,0.30647066247008653,0.27366838624644174,0.288663774728775,406201600
2001-03-05,AAPL,0.2905381132349709,0.30740783633879315,0.28866380522411966,0.3055335283279419,324172800
2001-03-06,AAPL,0.310688713651579,0.3308384791845467,0.3102201179452041,0.32240405678749084,731802400
2001-03-07,AAPL,0.31959176328430405,0.32427839652522095,0.3111573150286741,0.3186545968055725,419540800
2001-03-08,AAPL,0.3102201764754059,0.31678029236410266,0.3064707093757002,0.312094509601593,204859200
2001-03-09,AAPL,0.3092829953994233,0.3102201368162317,0.2999105551458272,0.3036591708660126,299135200
2001-03-12,AAPL,0.2952248634123772,0.2980363388152656,0.271794166551966,0.27929145097732544,391020000
2001-03-13,AAPL,0.2830408954265995,0.29334965348243713,0.2727312864703946,0.29334965348243713,443329600
2001-03-14,AAPL,0.2774170826994516,0.30740789342861674,0.276479941033225,0.30647075176239014,477775200
2001-03-15,AAPL,0.31303167627785816,0.32052893370587987,0.29522478580474854,0.29522478580474854,529317600
2001-03-16,AAPL,0.2849150809315383,0.3045962728145699,0.28304077346830847,0.29428666830062866,470316000
2001-03-19,AAPL,0.2961619387246701,0.30928302080263836,0.2924124467698604,0.30834585428237915,356008800
2001-03-20,AAPL,0.3106887723825168,0.31396881781481145,0.29522478580474854,0.29522478580474854,499206400
2001-03-21,AAPL,0.29663049493953386,0.3130316465216726,0.2905380994957835,0.301784873008728,371375200
2001-03-22,AAPL,0.3055335881678834,0.3261528072584896,0.3027221130877292,0.32427847385406494,723301600
2001-03-23,AAPL,0.3308384582593192,0.3533319767221731,0.32990129193231865,0.34489670395851135,944888000
2001-03-26,AAPL,0.3468466327294178,0.3561434929764219,0.3168550042677501,0.3266028165817261,734451200
2001-03-27,AAPL,0.32900190224697684,0.3456465568901721,0.32840146718152696,0.3429476022720337,543821600
2001-03-28,AAPL,0.33110127019108415,0.3373993815013609,0.3224039963635829,0.3324507474899292,584662400
2001-03-29,AAPL,0.32645249604538346,0.35164497347528106,0.3224040880243396,0.3378487527370453,613065600
2001-03-30,AAPL,0.3381493805038104,0.34069802692242324,0.32000408313017026,0.330951064825058,400349600
2001-04-02,AAPL,0.33125084788940823,0.3397986667266848,0.32090430094625116,0.32375356554985046,340911200
2001-04-03,AAPL,0.32030474275606646,0.32090432718254,0.30185965081380167,0.30350977182388306,368687200
2001-04-04,AAPL,0.2963112591074306,0.3036590546479734,0.28116554200295896,0.29241231083869934,685484800
2001-04-05,AAPL,0.30890764040488844,0.33739948395645003,0.2999105717648621,0.31295689940452576,446762400
2001-04-06,AAPL,0.3119071057228661,0.31550543640701184,0.2984106565420918,0.30875805020332336,324889600
2001-04-09,AAPL,0.31025710772218246,0.3200040694013845,0.30080991317796396,0.30800825357437134,266582400
2001-04-10,AAPL,0.3134062265594877,0.34039828784404014,0.311606647359098,0.330500990152359,457374400
2001-04-11,AAPL,0.3445969101879635,0.3448967023042156,0.3191046447968802,0.3269025683403015,334096000
2001-04-12,AAPL,0.32120396348035535,0.3451964385321258,0.3171555317560075,0.3361993730068207,298933600
2001-04-16,AAPL,0.33125074785502384,0.33589961508734817,0.3128065138910304,0.32150378823280334,285224800
2001-04-17,AAPL,0.3179047356120048,0.31805504464719175,0.2939122502491708,0.3059089183807373,685199200
2001-04-18,AAPL,0.3234537721493426,0.3610921665992783,0.3161059485368187,0.3417477011680603,1100842400
2001-04-19,AAPL,0.38313546583941616,0.38613418737944405,0.3538945647640956,0.38568493723869324,1873670400
2001-04-20,AAPL,0.3738387430060507,0.3843356243134203,0.36889010706308506,0.3754880130290985,693403200
2001-04-23,AAPL,0.3649910075492817,0.37488830041593396,0.35989203962851257,0.36364153027534485,541525600
2001-04-24,AAPL,0.3648407982756875,0.371138911190811,0.3525443395758212,0.36034226417541504,377137600
2001-04-25,AAPL,0.3630413601250297,0.37278915130516627,0.3534447038924458,0.3706897795200348,330780800
2001-04-26,AAPL,0.37743701525022244,0.391382743422451,0.3700892170216446,0.3702395260334015,799696800
2001-04-27,AAPL,0.3778870551151583,0.3942319437083741,0.37113884228084637,0.39288246631622314,453012000
2001-04-30,AAPL,0.4003806584413817,0.40667879656799816,0.3729385009612674,0.38223621249198914,494776800
2001-05-01,AAPL,0.38103616060982193,0.3973810252316031,0.3778870795072107,0.38883405923843384,427252000
2001-05-02,AAPL,0.39498202359816137,0.40038076159219677,0.38628474505828275,0.39873066544532776,368524800
2001-05-03,AAPL,0.3894337477390586,0.3936324902980005,0.37083917339814587,0.37428802251815796,301543200
2001-05-04,AAPL,0.36349131734389595,0.38763410832655404,0.3592925754384729,0.3861342966556549,281052800
2001-05-07,AAPL,0.3841853195403812,0.3862846908198521,0.37248844343949267,0.37428802251815796,276550400
2001-05-08,AAPL,0.3801369703043245,0.3816359066142234,0.3591432278283143,0.36844009160995483,315436800
2001-05-09,AAPL,0.36199151131555873,0.36814014070422596,0.3549443313862777,0.35959234833717346,324889600
2001-05-10,AAPL,0.3630411720308533,0.3673902224213652,0.344146810727485,0.34489670395851135,288976800
2001-05-11,AAPL,0.3450470733531893,0.3522445630584481,0.3412984324154762,0.342647910118103,203044800
2001-05-14,AAPL,0.343247436846735,0.35509376788563163,0.3411480661341809,0.34924575686454773,309220800
2001-05-15,AAPL,0.35044502463298055,0.3823857205138671,0.34549721444322623,0.34759658575057983,237025600
2001-05-16,AAPL,0.34879562401189246,0.36739019163962733,0.342647821430333,0.3613918721675873,322330400
2001-05-17,AAPL,0.36334182731632997,0.3648407880586368,0.3486462309259126,0.3531447649002075,332119200
2001-05-18,AAPL,0.35029551575086537,0.3544942830838038,0.34669635780996183,0.3528450131416321,159051200
2001-05-21,AAPL,0.35434402856850894,0.35854279684394325,0.3456467498205355,0.35329434275627136,460997600
2001-05-22,AAPL,0.3598921657614948,0.36184207876864427,0.3508950968663506,0.3523949086666107,412916000
2001-05-23,AAPL,0.35614356825251364,0.35614356825251364,0.342797446430855,0.34834566712379456,281041600
2001-05-24,AAPL,0.34924575537488084,0.34939523849736376,0.33919900297154215,0.3478962779045105,271756800
2001-05-25,AAPL,0.3478962757417733,0.3492457532037545,0.3373994222890311,0.341298371553421,158743200
2001-05-29,AAPL,0.3346996553283893,0.33739943623756385,0.31205665288165274,0.3219539225101471,515989600
2001-05-30,AAPL,0.31130681282141215,0.31130681282141215,0.2894136998929228,0.2966111898422241,777078400
2001-05-31,AAPL,0.2969108904370188,0.3035096448904477,0.29226287426493835,0.29916056990623474,442892800
2001-06-01,AAPL,0.3018595985654533,0.31625542845260884,0.2996107694449715,0.3132566809654236,456075200
2001-06-04,AAPL,0.3161058892982676,0.31655516452381893,0.30680820457536895,0.30980777740478516,281920800
2001-06-05,AAPL,0.3119071960470311,0.31640573011002704,0.3051589820156854,0.3140065670013428,471794400
2001-06-06,AAPL,0.3138562820559634,0.3138562820559634,0.3048592132400144,0.31085753440856934,223176800
2001-06-07,AAPL,0.31055694397972183,0.32540285213288733,0.3066588194535235,0.32480329275131226,325180800
2001-06-08,AAPL,0.3246528390248242,0.3246528390248242,0.310556829514178,0.31970420479774475,342624800
2001-06-11,AAPL,0.3156559249848275,0.31595571722296517,0.29916071986929715,0.3005101978778839,294000000
2001-06-12,AAPL,0.29646172162225215,0.31025714288156814,0.29631141258762717,0.3045594394207001,303794400
2001-06-13,AAPL,0.32120405147164915,0.32585291950488054,0.3008099015191068,0.30695855617523193,511487200
2001-06-14,AAPL,0.30051012511216335,0.30665878009039954,0.2964616920666933,0.2981109619140625,297348800
2001-06-15,AAPL,0.30141036276727495,0.31115732491104864,0.29016358884451615,0.30650848150253296,454624800
2001-06-18,AAPL,0.3060583897215004,0.31265629541232776,0.29991058524503045,0.3048592209815979,345912000
2001-06-19,AAPL,0.312656271010273,0.32090427188541176,0.3000600199551976,0.3027598261833191,321087200
2001-06-20,AAPL,0.29991060477346265,0.327652558012717,0.29961081256896627,0.32495275139808655,431620000
2001-06-21,AAPL,0.32315312224166787,0.34489675040143747,0.3164057340010492,0.33724915981292725,341331200
2001-06-22,AAPL,0.33709965129229913,0.3448967244359817,0.32630215414629243,0.3338002860546112,286025600
2001-06-25,AAPL,0.3373994314484807,0.3598920995481129,0.33664953819955595,0.3597426414489746,439549600
2001-06-26,AAPL,0.3499957589332128,0.3564433561988952,0.3450471227328837,0.3561435639858246,272781600
2001-06-27,AAPL,0.3573435869816854,0.3598922087263691,0.3373995338032743,0.34999576210975647,374130400
2001-06-28,AAPL,0.3456466435593343,0.3585426866181468,0.34399737375398204,0.352994441986084,348409600
2001-06-29,AAPL,0.3547940574704389,0.3763873522851968,0.34789633496469713,0.34864625334739685,515390400
2001-07-02,AAPL,0.3544942426127044,0.36334182742659205,0.3469961103776706,0.35839319229125977,230048000
2001-07-03,AAPL,0.35254443612058073,0.3625920434587165,0.35239497796455427,0.3574930727481842,112543200
2001-07-05,AAPL,0.35389469974689636,0.35644332121833283,0.34504708887072244,0.3477460443973541,152292000
2001-07-06,AAPL,0.3412983974952911,0.3442971447638932,0.3257025742258302,0.33035144209861755,302920800
2001-07-09,AAPL,0.33125067476253367,0.3448966054237651,0.3251028734222688,0.34039807319641113,337467200
2001-07-10,AAPL,0.34414684422129654,0.3459464229761819,0.3125067725319432,0.31700530648231506,395270400
2001-07-11,AAPL,0.3153561807327999,0.3381495039393661,0.31490607937013665,0.3379991948604584,470506400
2001-07-12,AAPL,0.3493951791946785,0.3720390028763656,0.3493951791946785,0.3652907907962799,614801600
2001-07-13,AAPL,0.361842084184378,0.37503789554459593,0.3574930077983485,0.3726387321949005,454742400
2001-07-16,AAPL,0.3730888175968909,0.37638735736025886,0.358542703212264,0.359292596578598,278667200
2001-07-17,AAPL,0.35959247450372267,0.37818702645236285,0.3450471574976946,0.37638744711875916,647830400
2001-07-18,AAPL,0.32660277821225603,0.3415981652313356,0.30620863042050533,0.31175684928894043,1137012800
2001-07-19,AAPL,0.3183547413169787,0.3212040051400122,0.2961618666930498,0.29931092262268066,861140000
2001-07-20,AAPL,0.29541202621939844,0.300809937306093,0.29226296946089686,0.29961079359054565,444584000
2001-07-23,AAPL,0.30125994102072046,0.30740774351838546,0.29256266696068417,0.2930127680301666,241360000
2001-07-24,AAPL,0.29076319265912615,0.2987105764066255,0.280865920828093,0.28626465797424316,348376000
2001-07-25,AAPL,0.2867147425665689,0.28941369804611244,0.2694696473539381,0.27696692943573,443878400
2001-07-26,AAPL,0.27711741608253293,0.2819157453269731,0.2676702158017984,0.2787666618824005,369140800
2001-07-27,AAPL,0.2811655520451703,0.28866368183675484,0.2774169125993208,0.2843146324157715,334135200
2001-07-30,AAPL,0.28671477625783826,0.2903131086954724,0.2775673973091957,0.2838655114173889,243359200
2001-07-31,AAPL,0.28896345395177875,0.2912131329881322,0.2775672274383275,0.28176596760749817,235026400
2001-08-01,AAPL,0.2850646006330243,0.29661113993893673,0.28416522424334273,0.285814493894577,304136000
2001-08-02,AAPL,0.2946620017422222,0.29796054018927093,0.28881399204178354,0.29721149802207947,252089600
2001-08-03,AAPL,0.29826117120495704,0.2984106292618714,0.2849150322147759,0.29241231083869934,186054400
2001-08-06,AAPL,0.2855147730401392,0.2948116348822474,0.28491518863067217,0.2868642508983612,99652000
2001-08-07,AAPL,0.2898637691917827,0.29496188744377605,0.28461534192928184,0.288663774728775,168548800
2001-08-08,AAPL,0.2888140228682377,0.2954119263399817,0.2780165275714483,0.283415287733078,276169600
2001-08-09,AAPL,0.2843147910600068,0.2871640559431386,0.2807164585684691,0.2856650948524475,200664800
2001-08-10,AAPL,0.28551472292489355,0.28971346480185917,0.2787664839179525,0.28521493077278137,186961600
2001-08-13,AAPL,0.2864141411352426,0.28986381607167666,0.2813160220587266,0.28626465797424316,147996800
2001-08-14,AAPL,0.28791382284837447,0.29031298541260303,0.279966442003083,0.2808658182621002,228950400
2001-08-15,AAPL,0.2813160766444553,0.2840150328043189,0.272918565010415,0.27651774883270264,289279200
2001-08-16,AAPL,0.27396816806823643,0.2811656576114423,0.26946963386951667,0.2796667218208313,288092000
2001-08-17,AAPL,0.2699196461985338,0.2766670066865524,0.2697693122169103,0.27096933126449585,208426400
2001-08-20,AAPL,0.2720191451238046,0.27336862286564095,0.26707048446141274,0.27171850204467773,252302400
2001-08-21,AAPL,0.27201906290111555,0.27201906290111555,0.26542030843883135,0.2687196731567383,185701600
2001-08-22,AAPL,0.2690195902904132,0.2736684595296056,0.2640709538500934,0.2730688750743866,173975200
2001-08-23,AAPL,0.2729183927806934,0.2750177631077396,0.263621535278113,0.26707038283348083,217078400
2001-08-24,AAPL,0.26991973508356376,0.27921659478353666,0.2646712829989632,0.27846670150756836,290332000
2001-08-27,AAPL,0.27891694946663137,0.2894138091083131,0.27231904138815816,0.28371527791023254,175644000
2001-08-28,AAPL,0.28341539530914406,0.28701455343205073,0.27591726183891296,0.27591726183891296,171735200
2001-08-29,AAPL,0.27651768675612814,0.28236569908098136,0.2673702836036682,0.2673702836036682,239971200
2001-08-30,AAPL,0.26602080582668614,0.27261871155514994,0.259122282037744,0.2673702836036682,368692800
2001-08-31,AAPL,0.26587051861869165,0.278916873016476,0.26467134977352275,0.2781669795513153,216904800
2001-09-04,AAPL,0.27741702432291465,0.2861143258205768,0.27261869782993353,0.27366840839385986,348213600
2001-09-05,AAPL,0.27351811056515446,0.2841653013987407,0.2717185314235408,0.2781669795513153,360057600
2001-09-06,AAPL,0.27591716844986625,0.28386540046369685,0.2646712484013547,0.265720933675766,282368800
2001-09-07,AAPL,0.26242161788886825,0.2714186859577811,0.2579230838544118,0.25912225246429443,241830400
2001-09-10,AAPL,0.25492355360755437,0.26242168794221304,0.25372440970403654,0.2604726254940033,308845600
2001-09-17,AAPL,0.23992810301333037,0.2559732026641399,0.2358796700398652,0.2547740340232849,458007200
2001-09-18,AAPL,0.25342461452605347,0.26572105115915007,0.24247763083399979,0.24412690103054047,327101600
2001-09-19,AAPL,0.24742623873711067,0.2564233071546562,0.23392978521058547,0.2552241384983063,373318400
2001-09-20,AAPL,0.24427715081500484,0.25417444636724806,0.23243081833656656,0.23512977361679077,411174400
2001-09-21,AAPL,0.22193390055701076,0.24367752242112514,0.2201342972295228,0.23587960004806519,570516800
2001-09-24,AAPL,0.24157819255557583,0.2525243225564764,0.23917820358751962,0.24667631089687347,294537600
2001-09-25,AAPL,0.242027446081656,0.24322744045776656,0.23018111481467066,0.23303037881851196,374404800
2001-09-26,AAPL,0.2370788950450735,0.23827888984494106,0.2238830565896277,0.22718244791030884,493796800
2001-09-27,AAPL,0.22868134394691852,0.23617947694162614,0.2279323014629675,0.23258031904697418,322240800
2001-09-28,AAPL,0.23557989258377454,0.23857864024680372,0.23078074009964822,0.23258031904697418,365108800
2001-10-01,AAPL,0.23228048556764588,0.23977859220268213,0.228381536187317,0.23303037881851196,208208000
2001-10-02,AAPL,0.23138109929429074,0.2373794191710384,0.2231330747346944,0.2256825715303421,235883200
2001-10-03,AAPL,0.22418280750812578,0.2303314627057258,0.22238322857691348,0.22463293373584747,683043200
2001-10-04,AAPL,0.23018118827926534,0.24367764438160616,0.2247832765480319,0.23812857270240784,401122400
2001-10-05,AAPL,0.23093103702241646,0.24217778544840973,0.2247832329922289,0.24202747642993927,342686400
2001-10-08,AAPL,0.23348048690750156,0.24517650952370734,0.23243080149970624,0.2429276555776596,207984000
2001-10-09,AAPL,0.24067795995449176,0.2429276396264693,0.23437984792126834,0.23992806673049927,174025600
2001-10-10,AAPL,0.2414279208005114,0.2526746955898137,0.23917824049841643,0.2522245943546295,307759200
2001-10-11,AAPL,0.25372428452718887,0.2660207152366638,0.25267459929434966,0.2660207152366638,334163200
2001-10-12,AAPL,0.25957238552881495,0.27111892712323543,0.2528241456845112,0.2700692415237427,287812000
2001-10-15,AAPL,0.2691698458245135,0.2756174421209624,0.2691698458245135,0.26976943016052246,318752000
2001-10-16,AAPL,0.2712692361547914,0.27291850613290874,0.2664700835043961,0.2700692415237427,202949600
2001-10-17,AAPL,0.27501785063804995,0.27606756116213427,0.25432393284610444,0.2547740340232849,285538400
2001-10-18,AAPL,0.2592725642175928,0.2733686016750564,0.2592725642175928,0.269919753074646,612572800
2001-10-19,AAPL,0.269019503621583,0.27591720025611666,0.26812012722850265,0.27441826462745667,166790400
2001-10-22,AAPL,0.2730688063069015,0.28596482408991053,0.27126920249405523,0.28521493077278137,391938400
2001-10-23,AAPL,0.2867147144904941,0.2912132484738116,0.2679698343475591,0.2720191180706024,684980800
2001-10-24,AAPL,0.2708190047515743,0.2862645141564958,0.266170163367427,0.2841651439666748,374427200
2001-10-25,AAPL,0.2765176809746561,0.2886638065873345,0.2723189387012587,0.28776443004608154,254951200
2001-10-26,AAPL,0.2828158278481356,0.28866384074266727,0.27921666950971313,0.2799665629863739,278964000
2001-10-29,AAPL,0.2784667485572466,0.2799665353625869,0.2639214343151002,0.26437070965766907,239181600
2001-10-30,AAPL,0.26062207378402,0.2699197861429203,0.25582374695853,0.26392143964767456,276763200
2001-10-31,AAPL,0.2658705146293722,0.2759172699892841,0.26152228882008854,0.26332104206085205,273750400
2001-11-01,AAPL,0.2646714664925794,0.28161595298347364,0.2586731419999169,0.2787666618824005,312995200
2001-11-02,AAPL,0.2777167832051257,0.28281575215872384,0.2723188980424712,0.27846670150756836,197204000
2001-11-05,AAPL,0.2825158800079945,0.2886636817318911,0.27906618171437036,0.2859647274017334,235793600
2001-11-06,AAPL,0.2843147496923941,0.2942120208203044,0.2778671532558457,0.2934621274471283,316019200
2001-11-07,AAPL,0.29181287661178396,0.301859631546334,0.28986381441321935,0.2937619388103485,382989600
2001-11-08,AAPL,0.2943622230371912,0.2982611966652141,0.2784666365652322,0.28056600689888,342143200
2001-11-09,AAPL,0.27891673760057367,0.28866369616773013,0.278166844499491,0.28056600689888,134293600
2001-11-12,AAPL,0.2798161474545868,0.28746373660796126,0.26931926949729584,0.28116559982299805,201499200
2001-11-13,AAPL,0.2861143366293899,0.290763180149074,0.2805661165609518,0.290463387966156,224672000
2001-11-14,AAPL,0.2937619665423022,0.2984108106742678,0.287164060027775,0.2940625846385956,221149600
2001-11-15,AAPL,0.29166239500045776,0.29841060593314783,0.2883638569432843,0.29166239500045776,213029600
2001-11-16,AAPL,0.28896357888108515,0.2892633710408709,0.2759172267247593,0.2844650447368622,230664000
2001-11-19,AAPL,0.28491521688877947,0.3006605282792182,0.284314806545921,0.29991063475608826,332589600
2001-11-20,AAPL,0.2972116106370637,0.30290928850712917,0.2924124333375318,0.29286253452301025,276584000
2001-11-21,AAPL,0.29406259628082276,0.2969110354433642,0.28881416749626176,0.295112282037735,201583200
2001-11-23,AAPL,0.2955614515526157,0.2991606088221446,0.29346208079099506,0.29751133918762207,60004000
2001-11-26,AAPL,0.29901025992512514,0.32315304548887674,0.29811088366456,0.32045409083366394,460689600
2001-11-27,AAPL,0.31790462871271075,0.32270377986526455,0.30740775096743767,0.31490588188171387,268553600
2001-11-28,AAPL,0.31265625677445935,0.31805499305821167,0.30605835189899705,0.3078579306602478,250611200
2001-11-29,AAPL,0.3089075652956895,0.31040735166227923,0.30275976259035153,0.30620861053466797,202764800
2001-11-30,AAPL,0.306958565922593,0.32150385383073127,0.3036591753957186,0.3194044828414917,303912000
2001-12-03,AAPL,0.3158051913924821,0.31910455549512157,0.30890749702821557,0.3156557083129883,181165600
2001-12-04,AAPL,0.31565581142998617,0.3382988139665224,0.31070717659611324,0.3358996510505676,380419200
2001-12-05,AAPL,0.33530006473831553,0.3603422300375756,0.33245080070754207,0.35629379749298096,568579200
2001-12-06,AAPL,0.35209521557782697,0.3523950078422,0.3320008500982835,0.3415983319282532,338934400
2001-12-07,AAPL,0.33679919985137635,0.3405486680834703,0.3299014746763327,0.3379991948604584,203515200
2001-12-10,AAPL,0.33425055250242436,0.34474741180416757,0.3333503497770978,0.3379991948604584,170010400
2001-12-11,AAPL,0.33994810970878836,0.34264789083586095,0.32465290374827005,0.3266028165817261,205475200
2001-12-12,AAPL,0.3279523176431122,0.3287022110167902,0.3186546058315392,0.3222537636756897,192460800
2001-12-13,AAPL,0.3222536787848753,0.3231530550721118,0.30740775096743767,0.31490588188171387,197842400
2001-12-14,AAPL,0.3108574795994102,0.312356440221933,0.30125997722068476,0.305758535861969,189884800
2001-12-17,AAPL,0.3059088995893145,0.31490596842854657,0.3027598429082064,0.3092074394226074,173712000
2001-12-18,AAPL,0.31325671516453923,0.3198546210556369,0.30320910933056305,0.31505629420280457,235239200
2001-12-19,AAPL,0.3086078608861627,0.3251030379850059,0.30695859093841377,0.32420283555984497,289956800
2001-12-20,AAPL,0.32090428200685833,0.32195396754234906,0.30920743209406903,0.3099573254585266,220864000
2001-12-21,AAPL,0.3150561908663576,0.32300357196101004,0.311907135050717,0.31490588188171387,256334400
2001-12-24,AAPL,0.3134061976497274,0.3216541994011964,0.3134061976497274,0.3203047215938568,50629600
2001-12-26,AAPL,0.32015439257889516,0.3343999140839757,0.3170053359337034,0.3222537636756897,146400800
2001-12-27,AAPL,0.32360324096954646,0.33364999524123334,0.32360324096954646,0.330951064825058,191508800
2001-12-28,AAPL,0.3294512955125697,0.3448968135604014,0.3293018373695036,0.33634984493255615,299124000
2001-12-31,AAPL,0.33754899890496337,0.339798679213782,0.3273519097180639,0.3284015953540802,137782400
2002-01-02,AAPL,0.33065121761166394,0.3493952453136444,0.3293017401149669,0.3493952453136444,529496800
2002-01-03,AAPL,0.3448967586242718,0.35614350712505977,0.34144790991379376,0.353594034910202,612007200
2002-01-04,AAPL,0.34999570703683164,0.3591431096380101,0.344747279401654,0.35524415969848633,409976000
2002-01-07,AAPL,0.3556934968455436,0.35989223997898484,0.341148204936384,0.3433978855609894,444584000
2002-01-08,AAPL,0.34114817423039145,0.34564670920075474,0.3367991224305139,0.3390488028526306,450038400
2002-01-09,AAPL,0.3418980043444778,0.343847066316686,0.31910469060148683,0.32465291023254395,327835200
2002-01-10,AAPL,0.31820521294013426,0.3218035435810621,0.303659078760886,0.31835469603538513,452737600
2002-01-11,AAPL,0.3207538246097576,0.3275020358945303,0.30890749702821557,0.3156557083129883,348801600
2002-01-14,AAPL,0.3150563472178007,0.3209043606708572,0.3134062510620025,0.31715571880340576,415996000
2002-01-15,AAPL,0.31970432630956414,0.3263022324955281,0.3180550562315356,0.3254028558731079,290320800
2002-01-16,AAPL,0.32105372480934996,0.32105372480934996,0.30740778953634934,0.3116065561771393,566893600
2002-01-17,AAPL,0.3293018009951207,0.3409978253778954,0.32795232324893697,0.33709970116615295,660576000
2002-01-18,AAPL,0.32990125096925227,0.3388983419036888,0.3293016918347908,0.3324507474899292,338811200
2002-01-22,AAPL,0.3339506541076672,0.3354496150501582,0.3272024393081665,0.3272024393081665,327314400
2002-01-23,AAPL,0.3269026163568163,0.34549716315806034,0.3237535348367515,0.34519654512405396,443279200
2002-01-24,AAPL,0.3435472621761143,0.3525443301357448,0.3433977790385438,0.34804579615592957,344002400
2002-01-25,AAPL,0.34324749168036023,0.35119487468358884,0.3397986429407278,0.34864625334739685,185914400
2002-01-28,AAPL,0.3508950670472381,0.353144772043209,0.34069800442486137,0.3489460051059723,186446400
2002-01-29,AAPL,0.3481962011135976,0.35299452856443425,0.3426479801472085,0.3459465205669403,240324000
2002-01-30,AAPL,0.3459465549915259,0.3619916600509225,0.3439974923562741,0.3612425923347473,471576000
2002-01-31,AAPL,0.3622922923795087,0.37083926271952683,0.3615423987599574,0.3706897795200348,468445600
2002-02-01,AAPL,0.3649910808294137,0.3742879405128006,0.3649910808294137,0.36604076623916626,398305600
2002-02-04,AAPL,0.36469127445674016,0.38268540885077856,0.36289169584261266,0.38013678789138794,522373600
2002-02-05,AAPL,0.37623790364330023,0.38958404953755205,0.37608759460877456,0.3816358149051666,456887200
2002-02-06,AAPL,0.3838855967470637,0.38958412721417396,0.3621419615556402,0.3699398636817932,597576000
2002-02-07,AAPL,0.3696399631304876,0.37923661597508757,0.3610921699341356,0.3643915355205536,347832800
2002-02-08,AAPL,0.36589048376154143,0.3694896413912435,0.3504449686041134,0.36034226417541504,355331200
2002-02-11,AAPL,0.3588424949037785,0.37488844717163305,0.35599408116659614,0.3745878040790558,398602400
2002-02-12,AAPL,0.36978938456231775,0.37548791240884705,0.3666403285219096,0.37053927779197693,224280000
2002-02-13,AAPL,0.3708391071406757,0.378486697453242,0.3696399385517074,0.3750378489494324,312872000
2002-02-14,AAPL,0.3756374047564927,0.37833721065076764,0.36559065215422715,0.36889001727104187,260170400
2002-02-15,AAPL,0.3678403614022521,0.37458774942889844,0.35764329898303515,0.35839319229125977,260187200
2002-02-19,AAPL,0.3562938834248801,0.3579431534659756,0.3370997246852807,0.33919909596443176,390258400
2002-02-20,AAPL,0.3414479036146907,0.3478963256057415,0.33514979064033706,0.34684664011001587,285443200
2002-02-21,AAPL,0.3436975572263034,0.3448967257729099,0.32165413848256,0.32240405678749084,446751200
2002-02-22,AAPL,0.32480325679075084,0.34414687173654324,0.32240409355031335,0.3409978151321411,406476000
2002-02-25,AAPL,0.34264794131445814,0.370689686100231,0.33530014191826224,0.3570437729358673,426848800
2002-02-26,AAPL,0.35854271014228944,0.36544123372164844,0.3486462647871525,0.3549443781375885,260131200
2002-02-27,AAPL,0.3589928176663152,0.3636416611850416,0.31400659683550336,0.3293018043041229,1030159200
2002-02-28,AAPL,0.33215109612621374,0.33874900231217764,0.32015442755769913,0.3254028558731079,456937600
2002-03-01,AAPL,0.3288515937316505,0.35239482164959335,0.3272023492384814,0.351644903421402,348992000
2002-03-04,AAPL,0.3487957260450492,0.36859029370710705,0.34129844391697034,0.36424124240875244,348258400
2002-03-05,AAPL,0.3621418743028875,0.3663406166093477,0.35089510011642205,0.3528450131416321,274702400
2002-03-06,AAPL,0.35209509770322894,0.3649911159979721,0.343847071734735,0.3609418570995331,226206400
2002-03-07,AAPL,0.3607924241321819,0.36784043152464835,0.35404418391893777,0.36559075117111206,258249600
2002-03-08,AAPL,0.37098947581867636,0.37623790392374534,0.3643915698971349,0.3697894811630249,269774400
2002-03-11,AAPL,0.36889003811115756,0.3769877544512665,0.3613919310804095,0.37578773498535156,262785600
2002-03-12,AAPL,0.3675407218423375,0.3709895717930492,0.36139208968643505,0.3706897795200348,254055200
2002-03-13,AAPL,0.3654411991918958,0.3726386883949899,0.36214183380275516,0.36723995208740234,200765600
2002-03-14,AAPL,0.36439148604120386,0.3688900196854885,0.3579430647644324,0.3663405478000641,217296800
2002-03-15,AAPL,0.36679073469471835,0.3742880172304366,0.36364167781999995,0.3741385340690613,240900800
2002-03-18,AAPL,0.37413852850182544,0.37563748946237246,0.3646913580182455,0.37098947167396545,304556000
2002-03-19,AAPL,0.37023956884520515,0.37938697193062537,0.3643915565632109,0.3726387321949005,242345600
2002-03-20,AAPL,0.3697893613593284,0.3769877002399783,0.36739019869911854,0.37368831038475037,294319200
2002-03-21,AAPL,0.35779277608939253,0.3643915322291006,0.34879570766041346,0.3639414310455322,616352800
2002-03-22,AAPL,0.3631916549699991,0.36828977515957934,0.3579432257127851,0.3612425923347473,202193600
2002-03-25,AAPL,0.3609418634434,0.36124248148642213,0.3484959210863096,0.3501451909542084,262830400
2002-03-26,AAPL,0.3478963996674044,0.3544943312325062,0.3448968256846445,0.35179537534713745,257840800
2002-03-27,AAPL,0.35014516582667826,0.3556933852445164,0.3487956882248998,0.3519447445869446,127702400
2002-03-28,AAPL,0.3553936284405937,0.3580934348128065,0.3517953214623705,0.3549443781375885,108455200
2002-04-01,AAPL,0.35059541620095414,0.3703891642673422,0.34909562895013163,0.3667908310890198,199046400
2002-04-02,AAPL,0.35989214656216184,0.36439153166995525,0.3579431095857186,0.3609418570995331,203795200
2002-04-03,AAPL,0.3606421239560958,0.3672400302652462,0.3538947344773427,0.3561435639858246,214530400
2002-04-04,AAPL,0.35494432266089415,0.3756374125434032,0.35494432266089415,0.3733885586261749,338497600
2002-04-05,AAPL,0.37413852850182544,0.3777368606809458,0.36139199215742707,0.37098947167396545,278348000
2002-04-08,AAPL,0.3622920959257035,0.370089168418188,0.35659356820637894,0.368289589881897,261514400
2002-04-09,AAPL,0.36873966899296806,0.37488832247453147,0.3600423948142466,0.3613918721675873,191531200
2002-04-10,AAPL,0.36304126620684574,0.37413853268171776,0.36004251837844203,0.3697894811630249,224980000
2002-04-11,AAPL,0.3753376717029261,0.37788714397290174,0.37113892955179034,0.37278902530670166,407254400
2002-04-12,AAPL,0.37503784169490995,0.3774370047001223,0.368439936962159,0.37578773498535156,320241600
2002-04-15,AAPL,0.37578774171662205,0.3771372193141222,0.37188879206068687,0.3748883903026581,299370400
2002-04-16,AAPL,0.37713722801570937,0.38973347874105935,0.3766871268482634,0.3859848380088806,614577600
2002-04-17,AAPL,0.38883409177646383,0.3924324233977265,0.3805860663135531,0.3915330469608307,396250400
2002-04-18,AAPL,0.3823855849275766,0.3826853770260637,0.37308872638028057,0.3810361325740814,401710400
2002-04-19,AAPL,0.38223624644107224,0.38223624644107224,0.37383873653523414,0.3745878040790558,375407200
2002-04-22,AAPL,0.3724884873547361,0.3738387912283053,0.36334193359340344,0.3678404688835144,269427200
2002-04-23,AAPL,0.3679897541720875,0.37158891081824214,0.3612423678024033,0.36364153027534485,233469600
2002-04-24,AAPL,0.36439145854693383,0.3673902054589849,0.3550937489333317,0.35644322633743286,140448000
2002-04-25,AAPL,0.3532942633019528,0.36499113869449457,0.3531448051739964,0.36169177293777466,194202400
2002-04-26,AAPL,0.364090903513409,0.36544120702451444,0.3448967476602654,0.3450470566749573,304981600
2002-04-29,AAPL,0.3472959294382792,0.36079238331126606,0.34624624390016184,0.359292596578598,272288800
2002-04-30,AAPL,0.35824290229943756,0.36559070088697443,0.3561435062479503,0.3639414310455322,280963200
2002-05-01,AAPL,0.36424119116172793,0.36424119116172793,0.35029546353524876,0.35959234833717346,214704000
2002-05-02,AAPL,0.35704373858393906,0.3649911216104244,0.3538946820028325,0.35524415969848633,239344000
2002-05-03,AAPL,0.35344456487654696,0.3601927789242883,0.3513451688906587,0.3525443375110626,230781600
2002-05-06,AAPL,0.3501451300346132,0.35239483474987643,0.33679901264443146,0.3396482765674591,249664800
2002-05-07,AAPL,0.34399747602318537,0.3441469592097237,0.33200083089801474,0.3369494676589966,242748800
2002-05-08,AAPL,0.34789628887337604,0.3676900272120349,0.3454971259755625,0.3654411733150482,436682400
2002-05-09,AAPL,0.36364158315914286,0.3651405437517948,0.3568933699345924,0.3627413809299469,224616000
2002-05-10,AAPL,0.3642412085133027,0.3642412085133027,0.3445969517063167,0.34969592094421387,235396000
2002-05-13,AAPL,0.35269473513530847,0.3612425551613628,0.343997456957483,0.35899287462234497,265608000
2002-05-14,AAPL,0.3666405501746134,0.38508479645502364,0.36319169993205785,0.3840351104736328,526506400
2002-05-15,AAPL,0.38043665766685264,0.3895840357294883,0.37248842331617726,0.3790871798992157,335826400
2002-05-16,AAPL,0.3757877477236945,0.38163575936423805,0.3711389046895723,0.3780374526977539,227052000
2002-05-17,AAPL,0.38223618900445283,0.3865844139499886,0.3690395283835394,0.3750378489494324,236493600
2002-05-20,AAPL,0.3684399992303243,0.37383873630971604,0.36784041484610547,0.37098947167396545,269914400
2002-05-21,AAPL,0.3723389884586879,0.37488848619573667,0.3508951477762703,0.35179537534713745,280991200
2002-05-22,AAPL,0.35044491319913795,0.3654411506872465,0.34969587088875004,0.36469125747680664,290875200
2002-05-23,AAPL,0.3666403338776364,0.378486664982656,0.36094180594786546,0.37758728861808777,369398400
2002-05-24,AAPL,0.37473807360142336,0.37473807360142336,0.35929258327341773,0.36214184761047363,166174400
2002-05-28,AAPL,0.3552441235243685,0.3628917136034899,0.351345148955396,0.35959234833717346,149716000
2002-05-29,AAPL,0.358692971922901,0.36649087100789707,0.35164494109348676,0.35959234833717346,221793600
2002-05-30,AAPL,0.35644334528249866,0.3655907489598809,0.35254439488425837,0.3628917932510376,196375200
2002-05-31,AAPL,0.3612424274332139,0.36364159030218873,0.34909545318922514,0.3493952453136444,365495200
2002-06-03,AAPL,0.350745594739392,0.35164494614009695,0.33859861976713124,0.3435472548007965,235110400
2002-06-04,AAPL,0.34309729325011834,0.34549728311311567,0.33260040960054454,0.3415983319282532,347821600
2002-06-05,AAPL,0.3423480694795252,0.3423480694795252,0.3351497549196309,0.3406979739665985,277082400
2002-06-06,AAPL,0.34429712428875114,0.34834555674165557,0.33050088055037086,0.33230048418045044,259996800
2002-06-07,AAPL,0.3263021955873125,0.3290020019233763,0.3138562780787574,0.32090428471565247,612376800
2002-06-10,AAPL,0.32210344076156616,0.3275021772949852,0.3200040697553016,0.32210344076156616,277575200
2002-06-11,AAPL,0.3245034902319234,0.3254028417889373,0.3060583994426019,0.3068082928657532,349496000
2002-06-12,AAPL,0.306058436378958,0.3111573819222223,0.2990104033728488,0.3012600839138031,528718400
2002-06-13,AAPL,0.30021025577427607,0.30066038187022887,0.29061277957527487,0.2930127680301666,352083200
2002-06-14,AAPL,0.2885134781883626,0.30530844615427544,0.2715690020526891,0.30141034722328186,424900000
2002-06-17,AAPL,0.303509719405026,0.30935773123780264,0.29766085667204994,0.30800825357437134,324609600
2002-06-18,AAPL,0.3062086223878283,0.3087580941350094,0.2996107183424024,0.3021593391895294,353360000
2002-06-19,AAPL,0.2604726634518529,0.2639215134390715,0.25312486212611435,0.25672319531440735,1709467200
2002-06-20,AAPL,0.2574729341415305,0.2639213547617238,0.2526746088593426,0.25657355785369873,396636800
2002-06-21,AAPL,0.25447424790505807,0.2622713218769007,0.25177444162511714,0.2526746690273285,445177600
2002-06-24,AAPL,0.2514747765331213,0.26587061398220624,0.2504250904801628,0.2589729130268097,431933600
2002-06-25,AAPL,0.2609219280512778,0.2651206714909399,0.2528242084091581,0.2570229768753052,301201600
2002-06-26,AAPL,0.2519247230885232,0.25927252021255087,0.23962826652561808,0.24817608296871185,558952800
2002-06-27,AAPL,0.25177438869918306,0.258972727723403,0.24622617008549874,0.25582367181777954,251658400
2002-06-28,AAPL,0.2564232493175268,0.26721989415810776,0.25492343793516997,0.265720933675766,269858400
2002-07-01,AAPL,0.26557063163896183,0.2681201033359615,0.2556733628288408,0.25582367181777954,222689600
2002-07-02,AAPL,0.2553736256839758,0.25732351359199074,0.2523748781219249,0.2540241479873657,305188800
2002-07-03,AAPL,0.25207505572242145,0.26512055580763655,0.25117482842367056,0.2631714940071106,199029600
2002-07-05,AAPL,0.265570628886055,0.2811655992635759,0.265570628886055,0.28101614117622375,161649600
2002-07-08,AAPL,0.27771683290950433,0.27906631069830934,0.26512060571559104,0.2700692415237427,211204000
2002-07-09,AAPL,0.2712691037359953,0.27426785003909304,0.2618219379521519,0.2628716230392456,226749600
2002-07-10,AAPL,0.26557078331846856,0.2724684832779282,0.25867308335900885,0.2597227692604065,206880800
2002-07-11,AAPL,0.2588224417984763,0.27516815789184323,0.2544742170881291,0.27441826462745667,373676800
2002-07-12,AAPL,0.27816705548225346,0.28176621474793906,0.2588225817453129,0.2625720500946045,443492000
2002-07-15,AAPL,0.2613719022457152,0.2789167860927862,0.25207504309755696,0.27336856722831726,295993600
2002-07-16,AAPL,0.2721685530768566,0.27846669032005217,0.2640708622448396,0.2678203284740448,446768000
2002-07-17,AAPL,0.24187805672743498,0.24292774251086693,0.2277820402430791,0.23437994718551636,1215485600
2002-07-18,AAPL,0.23243086358296663,0.23333024022688323,0.22118411322772674,0.2247832715511322,559462400
2002-07-19,AAPL,0.22043405978791067,0.22748208810246276,0.21788458871334737,0.2243330329656601,385207200
2002-07-22,AAPL,0.2211841163815667,0.22778202281930915,0.21908471994880915,0.223733589053154,430897600
2002-07-23,AAPL,0.22343286544979213,0.22688256443584603,0.2165351692777964,0.21698527038097382,399890400
2002-07-24,AAPL,0.2148859229046899,0.22823206648483715,0.2136859284580014,0.22793227434158325,406593600
2002-07-25,AAPL,0.2238830688928036,0.22418286114076616,0.21008767024275776,0.21533609926700592,479354400
2002-07-26,AAPL,0.2168350325686281,0.2178847182382306,0.20693858616512958,0.21503545343875885,207704000
2002-07-29,AAPL,0.21713476137132373,0.22643247154141397,0.2154854917646615,0.22523245215415955,274960000
2002-07-30,AAPL,0.22268384281774337,0.2325802868472605,0.21833476711452374,0.2313811182975769,354838400
2002-07-31,AAPL,0.23093101968520763,0.2312308118259137,0.22343288764641717,0.22883164882659912,310699200
2002-08-01,AAPL,0.2265819834933982,0.23123085219663045,0.2208843051043648,0.2219339907169342,228956000
2002-08-02,AAPL,0.22103368305018692,0.2249326318929443,0.21368588642785852,0.2166854590177536,179060000
2002-08-05,AAPL,0.21758489611133447,0.2204341605190371,0.20948720407726942,0.20978699624538422,204024800
2002-08-06,AAPL,0.2130864117919601,0.22838162209384924,0.21113734930546124,0.22103379666805267,272053600
2002-08-07,AAPL,0.22628211140223112,0.23033139428960508,0.2151856748084921,0.2253827601671219,333474400
2002-08-08,AAPL,0.22148377659835716,0.23063117631601632,0.22148377659835716,0.2294311821460724,227348800
2002-08-09,AAPL,0.22868129595258646,0.22868129595258646,0.22118404045808723,0.22493265569210052,205716000
2002-08-12,AAPL,0.22343294274797212,0.22523252190967483,0.22028388568345975,0.2247832715511322,179765600
2002-08-13,AAPL,0.22343291610293278,0.22808178458659853,0.21818448828796944,0.218784898519516,269869600
2002-08-14,AAPL,0.2199840234635907,0.23018110991213508,0.2180349617517507,0.2274821549654007,399084000
2002-08-15,AAPL,0.22868131503182965,0.23617944707845298,0.22508300849240642,0.23408007621765137,322078400
2002-08-16,AAPL,0.23168089102871747,0.24142785110991824,0.2291314192637059,0.23707880079746246,245224000
2002-08-19,AAPL,0.23662964101795148,0.2436776746800043,0.23572943836822455,0.2396283894777298,216557600
2002-08-20,AAPL,0.2394788498125518,0.24127760293985015,0.23288011818394122,0.2385786473751068,186625600
2002-08-21,AAPL,0.24007839536318187,0.24352724377678794,0.231680911965302,0.24172766506671906,202428800
2002-08-22,AAPL,0.24292769027452957,0.24367760868134533,0.234829997990153,0.23947884142398834,258311200
2002-08-23,AAPL,0.23842907146396505,0.23887834663411392,0.23168085930351226,0.23587960004806519,163245600
2002-08-26,AAPL,0.23917827491608798,0.23917827491608798,0.22733193905088667,0.23288016021251678,189968800
2002-08-27,AAPL,0.23557994316147754,0.2360292185894376,0.2205845498793618,0.22268392145633698,262231200
2002-08-28,AAPL,0.22193400077627765,0.22673232783013744,0.21968429538926146,0.22043418884277344,247973600
2002-08-29,AAPL,0.21968429538926146,0.22613274341686684,0.21758492406896687,0.22043418884277344,164169600
2002-08-30,AAPL,0.2208842529541035,0.22703205614460936,0.21863454820020714,0.22118404507637024,193519200
2002-09-03,AAPL,0.21728509535317708,0.21818447182196596,0.21068719029426575,0.21068719029426575,276936800
2002-09-04,AAPL,0.21293604665293092,0.22163417367147908,0.21248677135064387,0.21713478863239288,420660800
2002-09-05,AAPL,0.21323668733593584,0.2153360585486606,0.21068721489939715,0.21263627707958221,226178400
2002-09-06,AAPL,0.2175848681008045,0.21968423888108946,0.2133861265402346,0.21563580632209778,181591200
2002-09-09,AAPL,0.21413605039896574,0.21788469136408298,0.21218698834175564,0.21548552811145782,158244800
2002-09-10,AAPL,0.2160851038288986,0.21728509834417747,0.2117368786926678,0.21488593518733978,249468800
2002-09-11,AAPL,0.2150354096972618,0.21893435937322994,0.21218697135106096,0.21428634226322174,202412000
2002-09-12,AAPL,0.21293606069305687,0.21758490415504889,0.2117368919762666,0.21203668415546417,269830400
2002-09-13,AAPL,0.2118863932481365,0.2150354502096558,0.21068722442880106,0.21248680353164673,282951200
2002-09-16,AAPL,0.21203662928099035,0.21908463422633123,0.21173683717937813,0.21743538975715637,286641600
2002-09-17,AAPL,0.218485141686179,0.2253828397476894,0.218485141686179,0.2219339907169342,427996800
2002-09-18,AAPL,0.2202838174605591,0.226282137517238,0.21773517148852123,0.22523245215415955,328641600
2002-09-19,AAPL,0.22118405772620375,0.2219339510115656,0.21713477413350754,0.21863456070423126,205945600
2002-09-20,AAPL,0.2192340932396129,0.2240332689849736,0.2177351328963348,0.22298358380794525,352788800
2002-09-23,AAPL,0.2213335925241281,0.22433319173140362,0.21668557394221769,0.22268392145633698,263709600
2002-09-24,AAPL,0.21593563147925696,0.22223376980989412,0.21593563147925696,0.21953481435775757,250661600
2002-09-25,AAPL,0.22028381600910713,0.2274821554056105,0.21968423176947402,0.22388297319412231,254682400
2002-09-26,AAPL,0.22643253562350213,0.22778201349028473,0.21818450848223747,0.22043418884277344,208644800
2002-09-27,AAPL,0.21728506270957357,0.22268382335883166,0.21713475371716925,0.2207339107990265,206152800
2002-09-30,AAPL,0.21593557834906563,0.21848507504957826,0.21203662928099035,0.21743538975715637,237697600
2002-10-01,AAPL,0.21878490262039005,0.2189343857757503,0.2099373167453936,0.21758490800857544,342423200
2002-10-02,AAPL,0.21488596704416013,0.2193845018643531,0.21143711787780697,0.21248680353164673,229348000
2002-10-03,AAPL,0.21263628145615057,0.2189343952239553,0.21083670239766034,0.2144358605146408,217896000
2002-10-04,AAPL,0.21533599849021962,0.2159355827055406,0.20978695394098854,0.21038736402988434,190825600
2002-10-07,AAPL,0.20948717767700792,0.21308633498829063,0.20633810898480795,0.20648843050003052,244697600
2002-10-08,AAPL,0.20843752110573288,0.20933772349484775,0.20033981645921783,0.20513898134231567,453644800
2002-10-09,AAPL,0.20303956448154714,0.2076875683935427,0.20108966448075422,0.20378945767879486,356686400
2002-10-10,AAPL,0.2043891186581418,0.21323670548593185,0.20363922517922523,0.2115866094827652,321574400
2002-10-11,AAPL,0.21368595786241112,0.2216341922103649,0.21143710354171522,0.21758490800857544,294677600
2002-10-14,AAPL,0.21818444665043837,0.22463289285060353,0.21653517704441083,0.22148381173610687,194404000
2002-10-15,AAPL,0.22823212398848716,0.2286813743532464,0.2216342175535238,0.22733192145824432,405518400
2002-10-16,AAPL,0.222833297991618,0.22688258150414545,0.208437494469204,0.21833476424217224,307624800
2002-10-17,AAPL,0.21308639644059835,0.21563586909413965,0.20963754713668242,0.2115866094827652,469296800
2002-10-18,AAPL,0.20993733413234172,0.21518576248035418,0.20888764846273924,0.21503545343875885,288299200
2002-10-21,AAPL,0.2138362304927265,0.21938444964616444,0.20993728101023457,0.21833476424217224,238520800
2002-10-22,AAPL,0.21698533965569627,0.22313314457633865,0.2138362826752544,0.22043418884277344,218148000
2002-10-23,AAPL,0.2193845199832234,0.22463297371236982,0.217435482580392,0.2231331616640091,209036800
2002-10-24,AAPL,0.22523247123925091,0.22808176047460232,0.21818446522228022,0.22028383612632751,174748000
2002-10-25,AAPL,0.22028388667300222,0.2316809711501743,0.2187849255930744,0.23123086988925934,279070400
2002-10-28,AAPL,0.23318069979459358,0.23917819436231239,0.22868131503182965,0.23408007621765137,349300000
2002-10-29,AAPL,0.23348049449517483,0.2381285115424281,0.2243331176623075,0.23153060674667358,259179200
2002-10-30,AAPL,0.23228058858358275,0.24547640320499242,0.23213110539128864,0.2396283894777298,270676000
2002-10-31,AAPL,0.23977861043712045,0.24652599846078482,0.23872892498080744,0.24097777903079987,295836800
2002-11-01,AAPL,0.23902869010859612,0.2474261978362923,0.2382787968854735,0.24532680213451385,189828800
2002-11-04,AAPL,0.24742616246321006,0.26062196885757827,0.24517645808899674,0.25327417254447937,376818400
2002-11-05,AAPL,0.2511749091116701,0.25432399135544276,0.24517658690627245,0.25342461466789246,210694400
2002-11-06,AAPL,0.25612350702224995,0.25972266462678606,0.2504249534342094,0.25822287797927856,216389600
2002-11-07,AAPL,0.2540241022714037,0.2564232650640229,0.23707880282876562,0.23992806673049927,336179200
2002-11-08,AAPL,0.24007843731806416,0.24292770195079094,0.23273063806085537,0.2375289648771286,190064000
2002-11-11,AAPL,0.23602919929859972,0.23827887975032586,0.22673233702066972,0.22733192145824432,152975200
2002-11-12,AAPL,0.22973108713225626,0.24052856234822778,0.22913150268933175,0.2345302402973175,223792800
2002-11-13,AAPL,0.23243089109998788,0.24097786078759728,0.22913152460061598,0.2337803691625595,231739200
2002-11-14,AAPL,0.23842909931188155,0.24607671360579755,0.23662952080067629,0.24442659318447113,141713600
2002-11-15,AAPL,0.24337701315274274,0.24352732220768325,0.23632983092303164,0.23917827010154724,160994400
2002-11-18,AAPL,0.24277737615748424,0.24292768517990634,0.23273062199394065,0.2346796840429306,164578400
2002-11-19,AAPL,0.23318080475932856,0.23617955339305405,0.22508310981201976,0.22898206114768982,210952000
2002-11-20,AAPL,0.22943131061874372,0.23542963308032747,0.22868139205031948,0.23288016021251678,208740000
2002-11-21,AAPL,0.2384292082711481,0.24652607646138625,0.2361795276356719,0.24517659842967987,418482400
2002-11-22,AAPL,0.24127764802720994,0.2444267053991376,0.23842920877313742,0.24007847905158997,227858400
2002-11-25,AAPL,0.2403782179561338,0.24202748786861722,0.23557989137049098,0.23947884142398834,199427200
2002-11-26,AAPL,0.23767927233614097,0.23842916574755701,0.22898199533655703,0.23108136653900146,240262400
2002-11-27,AAPL,0.23392984681339932,0.2378287977207423,0.23168099205366727,0.2357294261455536,286798400
2002-11-29,AAPL,0.23677905590387316,0.23812853361517364,0.23108135288657705,0.2324308305978775,143432800
2002-12-02,AAPL,0.23842912580689227,0.24142787307641747,0.22508300741649637,0.22763162851333618,398742400
2002-12-03,AAPL,0.22793233176969988,0.2300317031750919,0.22643254480188243,0.22733192145824432,227869600
2002-12-04,AAPL,0.22763156186777045,0.22778189585685507,0.21743535363888947,0.22448250651359558,325757600
2002-12-05,AAPL,0.22538282259481426,0.22613271595726567,0.21788468981756998,0.21938447654247284,243398400
2002-12-06,AAPL,0.21968430903532862,0.22778202763935554,0.21773524663420607,0.2241828441619873,245358400
2002-12-09,AAPL,0.22403330904832688,0.22418276714617955,0.21998402568721503,0.22118404507637024,236084800
2002-12-10,AAPL,0.22118407723654798,0.23168093241020266,0.22088428507069144,0.22913146018981934,308610400
2002-12-11,AAPL,0.22943122869024948,0.2322804927825928,0.2261326893323309,0.23228049278259277,253500800
2002-12-12,AAPL,0.23258024674381786,0.23318065678878874,0.22508296698006883,0.22778192162513733,149340800
2002-12-13,AAPL,0.22703209064831228,0.22718239966909673,0.21968426695194948,0.22178363800048828,164780000
2002-12-16,AAPL,0.22208348606932615,0.2264325633083788,0.21908473776248238,0.22268392145633698,251624800
2002-12-17,AAPL,0.22268388654199686,0.22778200562648782,0.21983462186655645,0.22613273561000824,222661600
2002-12-18,AAPL,0.2219339958718023,0.22283334744535338,0.21743546112399006,0.21848514676094055,150701600
2002-12-19,AAPL,0.21788464849157482,0.22373351028632568,0.21143705337014734,0.21293601393699646,347519200
2002-12-20,AAPL,0.21428636431010376,0.21833479753992874,0.20663793479535333,0.21203668415546417,318096800
2002-12-23,AAPL,0.21233649047689437,0.21818450304517142,0.21173690607856516,0.2172851264476776,125826400
2002-12-24,AAPL,0.21653526825885616,0.21698536956778067,0.2144358966491569,0.21533609926700592,39340000
2002-12-26,AAPL,0.21623542476339142,0.22208343689759377,0.21413605365124028,0.2159356325864792,85422400
2002-12-27,AAPL,0.21458620613995305,0.2156358919469053,0.21008767066358103,0.2108367383480072,80035200
2002-12-30,AAPL,0.21113732559793194,0.21218701125139863,0.20753816739351974,0.21098701655864716,155041600
2002-12-31,AAPL,0.20993729985660953,0.21533603636478438,0.20918740651877524,0.21488593518733978,200726400
2003-01-02,AAPL,0.21533605982199164,0.22373356974902606,0.21518575078856314,0.2219339907169342,181428800
2003-01-03,AAPL,0.22193394797021654,0.22388298476004362,0.21878486671257402,0.22343288362026215,147453600
2003-01-06,AAPL,0.22538279633668876,0.23063122338863581,0.22313309148495816,0.22343288362026215,390532800
2003-01-07,AAPL,0.22178369382603663,0.22493275119149939,0.2169853661855072,0.22268392145633698,342344800
2003-01-08,AAPL,0.21863458723209456,0.22058450021183368,0.21653521612782065,0.2181844860315323,229644800
2003-01-09,AAPL,0.21923416022391207,0.22373354527534886,0.21743543228886789,0.22013436257839203,215252800
2003-01-10,AAPL,0.21863454014687386,0.22223372225520335,0.21728506270957357,0.2207339107990265,175100800
2003-01-13,AAPL,0.2234329096512139,0.2234329096512139,0.21533604343373175,0.21938447654247284,178942400
2003-01-14,AAPL,0.22028386372057013,0.22223377675859643,0.21728511599929512,0.219084694981575,186860800
2003-01-15,AAPL,0.21878490038685058,0.22043417032169532,0.21383626470853825,0.21638573706150055,371128800
2003-01-16,AAPL,0.21308637881040912,0.22133355464839166,0.21308637881040912,0.2192341834306717,559070400
2003-01-17,AAPL,0.21833480408204758,0.21833480408204758,0.21113731394432686,0.21143710613250732,266761600
2003-01-21,AAPL,0.21308635006953083,0.21608509745874532,0.2099372936676925,0.21023708581924438,253456000
2003-01-22,AAPL,0.20963753751460534,0.21218701005112933,0.2069385818134844,0.20813775062561035,215140800
2003-01-23,AAPL,0.21068722442880106,0.21533606828833218,0.20918743753078922,0.21248680353164673,228256000
2003-01-24,AAPL,0.21353643956988871,0.21353643956988871,0.2033393776056316,0.20693853497505188,305468800
2003-01-27,AAPL,0.20513894411392267,0.2174354011946608,0.20468884300104911,0.21188633143901825,391406400
2003-01-28,AAPL,0.21353644258689783,0.22028383040782998,0.2123364481555864,0.21863456070423126,286255200
2003-01-29,AAPL,0.21818444529678296,0.22643247004944841,0.21443580498866366,0.22388297319412231,373044000
2003-01-30,AAPL,0.22463292290859357,0.22598240057351734,0.21428635186855213,0.21473562717437744,407058400
2003-01-31,AAPL,0.21278662634838216,0.21818453855963094,0.21068725473868288,0.21533609926700592,341224800
2003-02-03,AAPL,0.2160851481376492,0.22358328220625784,0.21518577147206086,0.21983464062213898,264784800
2003-02-04,AAPL,0.21668550313946555,0.21968425046645806,0.2145861322484672,0.21893435716629028,317413600
2003-02-05,AAPL,0.220584432886981,0.22388294666118308,0.21653515003885468,0.2166854590177536,221614400
2003-02-06,AAPL,0.2153360514895488,0.21878490038685058,0.21323668034564527,0.21638573706150055,179149600
2003-02-07,AAPL,0.21818447214892966,0.2189343654775652,0.2109869827667065,0.21218697726726532,269701600
2003-02-10,AAPL,0.21383626877152107,0.21848513738319558,0.21083669515250678,0.21518574655056,167888000
2003-02-11,AAPL,0.21743545179129933,0.219384488918145,0.21293606633629927,0.21518574655056,164780000
2003-02-12,AAPL,0.21398574562983502,0.21893438125651768,0.21398574562983502,0.21578532457351685,228687200
2003-02-13,AAPL,0.21608510967655492,0.2195348093251682,0.2135364633074114,0.2180349975824356,208493600
2003-02-14,AAPL,0.21908472260128375,0.22073399276221686,0.21518577196043984,0.21998409926891327,243297600
2003-02-18,AAPL,0.2211841584763497,0.22943133662462362,0.2207340320988914,0.22898206114768982,290897600
2003-02-19,AAPL,0.22598246200647026,0.22718245685357685,0.22013442355097,0.22268392145633698,240368800
2003-02-20,AAPL,0.2226838311228995,0.224333100728927,0.22058446039755047,0.22148381173610687,224352800
2003-02-21,AAPL,0.2222337258009111,0.2258328829401924,0.21968422897798107,0.22493265569210052,157444000
2003-02-24,AAPL,0.2228333759723243,0.22538287383601988,0.20693860622013913,0.22103379666805267,180252800
2003-02-25,AAPL,0.22013433433647003,0.22613267941962206,0.21863454785389688,0.22523245215415955,188641600
2003-02-26,AAPL,0.2247831868041095,0.2252324369932773,0.21713474675551453,0.21743538975715637,217095200
2003-02-27,AAPL,0.21848509111909223,0.22493266143539595,0.21758486384801448,0.2228332906961441,154341600
2003-02-28,AAPL,0.2228333477714375,0.22628219688734613,0.221483869932502,0.22508305311203003,195098400
2003-03-03,AAPL,0.22508300428716582,0.2273318582396282,0.21818445665146702,0.21968424320220947,203761600
2003-03-04,AAPL,0.2210337193171105,0.22208340472110272,0.21653518556766474,0.21833476424217224,126414400
2003-03-05,AAPL,0.2190847002715815,0.2219339899326529,0.21773522247073396,0.2192341834306717,126683200
2003-03-06,AAPL,0.21863455637564916,0.21893434850912608,0.21593560130071088,0.21833476424217224,99859200
2003-03-07,AAPL,0.21698531305980395,0.22058449587245088,0.21458614982693952,0.21788468956947327,200984000
2003-03-10,AAPL,0.21758489919172397,0.21998406244434915,0.21443584257132475,0.21548552811145782,134573600
2003-03-11,AAPL,0.21533606613938758,0.2172851283882783,0.21173690796961397,0.2133861780166626,161190400
2003-03-12,AAPL,0.21248675159835573,0.21578529091918397,0.21083665606430094,0.21323664486408234,222560800
2003-03-13,AAPL,0.21698527059834957,0.22193393014397936,0.21248673718282035,0.2207339107990265,335445600
2003-03-14,AAPL,0.22013438241823985,0.2250830432192003,0.21953482307017344,0.22163419425487518,153098400
2003-03-17,AAPL,0.22328347403550586,0.2259824297133769,0.22058451835763482,0.22508305311203003,399912800
2003-03-18,AAPL,0.22493265569210052,0.22628213315093154,0.2222337258009111,0.22493265569210052,229980800
2003-03-19,AAPL,0.22598244841391232,0.22718244318884073,0.22178368048602926,0.2241828441619873,141316000
2003-03-20,AAPL,0.22388303331286974,0.22478326081413652,0.21893439732303116,0.22358326613903046,163178400
2003-03-21,AAPL,0.22628213315093154,0.22718236039902343,0.2222337258009111,0.22493265569210052,297948000
2003-03-24,AAPL,0.21998406244434915,0.22193397540178966,0.21518573593909882,0.21548552811145782,161100800
2003-03-25,AAPL,0.21608511492725838,0.22238322824008008,0.2154855305756837,0.2181844860315323,167697600
2003-03-26,AAPL,0.21818444706139553,0.21833475605932362,0.21443580672295828,0.21608507633209229,178343200
2003-03-27,AAPL,0.21473565394403812,0.22043418334964632,0.21473565394403812,0.2172851264476776,122393600
2003-03-28,AAPL,0.2159356492236299,0.2192341892975719,0.2154855479866999,0.21848514676094055,145303200
2003-03-31,AAPL,0.2148859486684989,0.21788469633424645,0.21053689738570444,0.21203668415546417,256659200
2003-04-01,AAPL,0.2129360948744886,0.2145861909356137,0.2109870324599465,0.21233651041984558,154341600
2003-04-02,AAPL,0.21533602554863499,0.22028383475712082,0.21398572208412583,0.21893435716629028,171371200
2003-04-03,AAPL,0.21833485383258544,0.22043422550201533,0.21518579632844057,0.21683506667613983,145712000
2003-04-04,AAPL,0.21773517181484126,0.2199840256684576,0.2157852842098511,0.21608507633209229,146020000
2003-04-07,AAPL,0.2226838886806008,0.22418282464994424,0.2160851317771923,0.2172851264476776,196862400
2003-04-08,AAPL,0.2175848352706159,0.21968420573413827,0.21533598170170498,0.2166854590177536,128934400
2003-04-09,AAPL,0.2177352361570782,0.21923419721123724,0.21203670652969672,0.21278659999370575,146725600
2003-04-10,AAPL,0.21293605583577663,0.21578532028381683,0.21293605583577663,0.21548552811145782,107100000
2003-04-11,AAPL,0.21068716351301753,0.21653517450105414,0.1938921853942575,0.1979406177997589,1392708800
2003-04-14,AAPL,0.20558824390727384,0.20618866663713104,0.20243918729659088,0.2036391943693161,502958400
2003-04-15,AAPL,0.2037895145759779,0.20393898521978404,0.19944045065389093,0.2007899284362793,303968000
2003-04-16,AAPL,0.19479155180496052,0.20498861266971566,0.19374185399496408,0.19854103028774261,1016176000
2003-04-17,AAPL,0.19794057033426485,0.19869046338663296,0.1907430836036613,0.19674140214920044,616257600
2003-04-21,AAPL,0.1968909492072316,0.19779115151191926,0.19464209519286055,0.19704125821590424,152320000
2003-04-22,AAPL,0.1976408905155811,0.20423879690018018,0.19629141260439883,0.20258952677249908,300568800
2003-04-23,AAPL,0.20288928849061716,0.2043890877347764,0.20033981622280225,0.2036391943693161,209680800
2003-04-24,AAPL,0.20273980657700855,0.20408928421026817,0.19494189454526548,0.2015397995710373,325108000
2003-04-25,AAPL,0.2018395152684635,0.20363910590225953,0.19839066798463126,0.2001902461051941,205318400
2003-04-28,AAPL,0.20213941228797527,0.20933774102181263,0.20138951885884465,0.20783795416355133,636798400
2003-04-29,AAPL,0.2096375693537549,0.21233652546478554,0.20363924676060455,0.2108367383480072,458236800
2003-04-30,AAPL,0.2088875942723243,0.21518570665605896,0.20768758735919665,0.21323664486408234,458175200
2003-05-01,AAPL,0.21368600309226984,0.2157853747019691,0.20993736118179582,0.21533609926700592,342759200
2003-05-02,AAPL,0.2168349421231421,0.218784829481276,0.21503536374390714,0.2166854590177536,321182400
2003-05-05,AAPL,0.22148380809618776,0.2531247275070197,0.22118404100591083,0.2412775456905365,1555708000
2003-05-06,AAPL,0.2417276664693418,0.26841992841500545,0.24142787432820115,0.2624216079711914,1514492000
2003-05-07,AAPL,0.2598722609039433,0.27351817806544443,0.25657371989183675,0.2646714150905609,1054379200
2003-05-08,AAPL,0.2654203680924622,0.2709694385562364,0.2592725642175928,0.269919753074646,687736000
2003-05-09,AAPL,0.2748675148607033,0.27591720025611666,0.26812012722850265,0.27441826462745667,588386400
2003-05-12,AAPL,0.27216847137897116,0.28101607782748156,0.27186867934534825,0.2783171236515045,419372800
2003-05-13,AAPL,0.27636737962147045,0.28446509797246544,0.2691698888184986,0.2799665629863739,446796000
2003-05-14,AAPL,0.282365722257127,0.2825160312997033,0.27636737538322104,0.2781669795513153,355488000
2003-05-15,AAPL,0.2789167567641383,0.28266539665365065,0.27696684436619007,0.2808658182621002,284995200
2003-05-16,AAPL,0.2787664642515237,0.28506460164912645,0.2741184724376208,0.281915545463562,341628000
2003-05-19,AAPL,0.2778671681665978,0.27966674718403667,0.270819136102568,0.2714187204837799,445888800
2003-05-20,AAPL,0.2714186475917334,0.27231887482206885,0.2639213672186409,0.2667706310749054,416220000
2003-05-21,AAPL,0.26677065893802565,0.2712691928064512,0.26497108021592186,0.26767003536224365,305009600
2003-05-22,AAPL,0.2682695991179102,0.27591718869643095,0.26602074529260655,0.27351802587509155,178460800
2003-05-23,AAPL,0.27306883584115366,0.2768174769585433,0.269319343823499,0.27471810579299927,206718400
2003-05-27,AAPL,0.2693193486977792,0.2834153877691099,0.268569455285972,0.28311559557914734,290130400
2003-05-28,AAPL,0.27741702764314974,0.279816215944832,0.2721685998930893,0.2741185128688812,339679200
2003-05-29,AAPL,0.27426798510524114,0.27741704191730837,0.2684199727039173,0.2714187204837799,333765600
2003-05-30,AAPL,0.27171854368901005,0.2726187462373825,0.2628717824980325,0.2691698968410492,382748800
2003-06-02,AAPL,0.27141859048676836,0.2742678537435637,0.25897267823172326,0.26167163252830505,418588800
2003-06-03,AAPL,0.2615221847133926,0.2649710325293779,0.25522407325632746,0.259572297334671,360858400
2003-06-04,AAPL,0.2594229050145516,0.26677070428587435,0.2570229157279984,0.26392143964767456,271202400
2003-06-05,AAPL,0.2616717678416116,0.2660208194558531,0.259872188755506,0.2645210325717926,205497600
2003-06-06,AAPL,0.2660207343395208,0.270519267678511,0.25702284178796986,0.2571731507778168,241388000
2003-06-09,AAPL,0.254024165334237,0.255523952154552,0.24937529668906164,0.25177446007728577,259952000
2003-06-10,AAPL,0.2532743221699467,0.2592726447673851,0.25117492552805776,0.2576233744621277,176646400
2003-06-11,AAPL,0.25717310007619953,0.26257183454277083,0.2520749835300553,0.26167163252830505,225114400
2003-06-12,AAPL,0.26317150537354167,0.2681201404638638,0.26167171877073375,0.2664700448513031,252588000
2003-06-13,AAPL,0.2661701614469276,0.26916973362411634,0.25687330461911556,0.2612215280532837,191245600
2003-06-16,AAPL,0.26392146395532073,0.2739682197570801,0.26167178349465553,0.2739682197570801,238526400
2003-06-17,AAPL,0.27606759032866457,0.2774170431025796,0.2697694516511423,0.27276819944381714,177464000
2003-06-18,AAPL,0.27666718520117145,0.2921127041460821,0.2745678137146649,0.2867147922515869,454983200
2003-06-19,AAPL,0.2903130839530253,0.2940625509887283,0.2814663238458776,0.28701454401016235,381528000
2003-06-20,AAPL,0.29016359870035313,0.29361244764925565,0.2834153839586188,0.2879139184951782,356546400
2003-06-23,AAPL,0.2894136512005756,0.2952616624175963,0.28116562617065805,0.285814493894577,307361600
2003-06-24,AAPL,0.29196310421691324,0.2949618511953848,0.2807163577688751,0.2816157341003418,514382400
2003-06-25,AAPL,0.28281580891162683,0.29091350169394325,0.2805661286322765,0.28626465797424316,329812000
2003-06-26,AAPL,0.2804166373756718,0.2897134986728547,0.2804166373756718,0.28926339745521545,161705600
2003-06-27,AAPL,0.2894136091535858,0.2895630922599973,0.2771171783725878,0.2808658182621002,365792000
2003-06-30,AAPL,0.2801159407792114,0.2880641736792352,0.27876646325787097,0.285814493894577,222152000
2003-07-01,AAPL,0.2829652920726262,0.2876141357923263,0.2775673808002937,0.28626465797424316,180992000
2003-07-02,AAPL,0.2853644283373147,0.29091347398983847,0.2852149451905508,0.28896358609199524,325298400
2003-07-03,AAPL,0.28491518863067217,0.29316236481929187,0.28461539642593864,0.2868642508983612,137771200
2003-07-07,AAPL,0.2889635709581779,0.30260948203345034,0.28686420002352053,0.29796063899993896,286272000
2003-07-08,AAPL,0.29271225558913416,0.30740785433702905,0.29226298023121267,0.3059089183807373,256737600
2003-07-09,AAPL,0.30305961104530005,0.3066587686449873,0.29826128482818604,0.29826128482818604,213645600
2003-07-10,AAPL,0.2981109244214951,0.29901030080502056,0.29046333460382234,0.29361239075660706,170934400
2003-07-11,AAPL,0.29481168163839255,0.29991065257554894,0.2928626190615887,0.2976609468460083,136858400
2003-07-14,AAPL,0.30006007319778966,0.30590893697088195,0.2979607018205112,0.2984108030796051,188406400
2003-07-15,AAPL,0.30021038988257354,0.30350978110326415,0.2913628028891915,0.2940625846385956,206645600
2003-07-16,AAPL,0.2994604256314644,0.29991055182213683,0.29061284072863836,0.29796063899993896,250930400
2003-07-17,AAPL,0.30275977349486854,0.31415600302017926,0.30185954626660005,0.3134061098098755,751212000
2003-07-18,AAPL,0.3134061608067767,0.31760490276882625,0.30590887923095345,0.3128065764904022,298838400
2003-07-21,AAPL,0.3102570897475548,0.3119071853505714,0.3044090782535805,0.30905792117118835,183808800
2003-07-22,AAPL,0.3129568575999758,0.3143063351283425,0.30740778758384735,0.31190717220306396,198424800
2003-07-23,AAPL,0.31415601210716076,0.31430632110300105,0.30680821465665953,0.31175684928894043,143035200
2003-07-24,AAPL,0.3155054707060562,0.322404017530139,0.3056090279069687,0.3075580894947052,229236000
2003-07-25,AAPL,0.3060583722979636,0.3234537759268195,0.3059088891508796,0.3230036497116089,216686400
2003-07-28,AAPL,0.3224041206340588,0.3224041206340588,0.3128066159658388,0.3147556781768799,170357600
2003-07-29,AAPL,0.3147556747091673,0.3161059783871095,0.30770849349578466,0.3107072412967682,197120000
2003-07-30,AAPL,0.3114570731689572,0.3134061349733743,0.30246000567009285,0.30410927534103394,173594400
2003-07-31,AAPL,0.31100698784796577,0.3201543648155746,0.30845751577329905,0.3161059319972992,301464800
2003-08-01,AAPL,0.31490596761361633,0.31895440081866333,0.30950723079978687,0.31085753440856934,149604000
2003-08-04,AAPL,0.30785796998332937,0.32240411009492825,0.30410932884488834,0.31805503368377686,230115200
2003-08-05,AAPL,0.32015433337650523,0.32090422661151424,0.30141030599570734,0.3056090474128723,249440800
2003-08-06,AAPL,0.30080999388744917,0.30246011505527926,0.29241250761857246,0.2943623960018158,245464800
2003-08-07,AAPL,0.29586121561405987,0.30125995100622893,0.29121319927825945,0.2988607883453369,174378400
2003-08-08,AAPL,0.3015597402426523,0.30185953233822493,0.29391215124815534,0.29451173543930054,137659200
2003-08-11,AAPL,0.2972116506323255,0.2988608956762258,0.29256278172694106,0.2948116362094879,137228000
2003-08-12,AAPL,0.29631141037589753,0.29691099476228894,0.2918128757303411,0.2954120337963104,164438400
2003-08-13,AAPL,0.29781114743026255,0.30500863648517845,0.29361240567981023,0.30260947346687317,284099200
2003-08-14,AAPL,0.3030596236499577,0.30485920252464827,0.29901033968699264,0.29946044087409973,192780000
2003-08-15,AAPL,0.3002103660076629,0.3009602844674571,0.29481162881209244,0.2955615222454071,125865600
2003-08-18,AAPL,0.2978112186544355,0.3060584201458302,0.2957118472771262,0.3050087094306946,192774400
2003-08-19,AAPL,0.30545873168130405,0.30665872600558086,0.2999105129128994,0.3047088384628296,133688800
2003-08-20,AAPL,0.3026095249424123,0.3189544185995978,0.3020099655807406,0.31505629420280457,273212800
2003-08-21,AAPL,0.3153560240913607,0.3255531110708093,0.31415602967833145,0.3251029849052429,255326400
2003-08-22,AAPL,0.32705206111414675,0.3299013253310614,0.3095072005274409,0.31310635805130005,250264000
2003-08-25,AAPL,0.3116065819839392,0.31355646982272734,0.3072583568796531,0.3128065764904022,137782400
2003-08-26,AAPL,0.3111571760809289,0.31595550034534325,0.3051588578137273,0.3156557083129883,164959200
2003-08-27,AAPL,0.31355647359247424,0.32210344076156616,0.3098078327594944,0.32210344076156616,225702400
2003-08-28,AAPL,0.319854604320262,0.333200749464586,0.319854604320262,0.3327506482601166,319625600
2003-08-29,AAPL,0.33290099776370385,0.34264796117846924,0.33065131734158715,0.3390488028526306,263155200
2003-09-02,AAPL,0.33979864569089213,0.34339780348039506,0.3358996957312218,0.342647910118103,242132800
2003-09-03,AAPL,0.3418980824864058,0.3496960089313907,0.3412984980307997,0.3441469371318817,268828000
2003-09-04,AAPL,0.3472959080958766,0.34864623662302424,0.34144789642110157,0.3423480987548828,199780000
2003-09-05,AAPL,0.3408483314973691,0.3471464446971889,0.33605000502333904,0.3373994827270508,240133600
2003-09-08,AAPL,0.33709969103752324,0.34174770849610575,0.3369493820152308,0.3409978151321411,167244000
2003-09-09,AAPL,0.3378487694985354,0.3399481406363086,0.331700965112389,0.33544960618019104,180370400
2003-09-10,AAPL,0.33364995114963797,0.3390487122217375,0.33155058033305856,0.33260026574134827,224890400
2003-09-11,AAPL,0.33365001828051566,0.34174773606787595,0.3314011889074152,0.33829888701438904,213684800
2003-09-12,AAPL,0.33754897961818764,0.34699614980254495,0.3345502319182662,0.3463965654373169,179989600
2003-09-15,AAPL,0.34204737595133766,0.3433976790383826,0.3317008333981277,0.33305031061172485,226844800
2003-09-16,AAPL,0.3330503783969487,0.34024869283245884,0.3329008952724848,0.3353000581264496,269007200
2003-09-17,AAPL,0.3354495314894675,0.33559984048317326,0.32765245890937755,0.3317008912563324,289396800
2003-09-18,AAPL,0.3314011563037939,0.3447472758491086,0.32915145122524797,0.34309718012809753,252907200
2003-09-19,AAPL,0.34309717290871117,0.34564664507266385,0.33634978464194953,0.3385986387729645,205956800
2003-09-22,AAPL,0.332600293709953,0.3373994709162103,0.328702194783828,0.33110135793685913,179821600
2003-09-23,AAPL,0.33020118898189843,0.33679912031506154,0.3281018176173238,0.33634984493255615,132451200
2003-09-24,AAPL,0.33305034616426965,0.33455013250545396,0.31610587380185273,0.31970420479774475,301285600
2003-09-25,AAPL,0.320004127416787,0.32045422867743995,0.3036592325745599,0.3063581883907318,574380800
2003-09-26,AAPL,0.30440912444047485,0.3254028364489389,0.3021594191814604,0.3102571368217468,347250400
2003-09-29,AAPL,0.32225374716599076,0.32495270247395097,0.3096575212305533,0.3194044828414917,365702400
2003-09-30,AAPL,0.3162554615465637,0.31820534960994074,0.30650849885110576,0.3107072412967682,285426400
2003-10-01,AAPL,0.31055685494302854,0.31640569180314426,0.3027597822522134,0.31175684928894043,236112800
2003-10-02,AAPL,0.3119071679306213,0.3119071679306213,0.3041092691250499,0.30845749378204346,204058400
2003-10-03,AAPL,0.31475564793539046,0.32780197538861044,0.31310637807883035,0.325252503156662,299600000
2003-10-06,AAPL,0.32495270881528077,0.3348500046623763,0.3236032311349661,0.33425042033195496,268329600
2003-10-07,AAPL,0.33065128603730287,0.3510454384809007,0.3285519148582992,0.3481961488723755,418174400
2003-10-08,AAPL,0.3486462019188851,0.35299440149386435,0.34084827818644514,0.3457969129085541,428668800
2003-10-09,AAPL,0.3493952238162433,0.3549442933607258,0.34174763455641616,0.351644903421402,347748800
2003-10-10,AAPL,0.35239484718329744,0.3570436898466608,0.35044493451635467,0.355093777179718,174837600
2003-10-13,AAPL,0.3558437849061604,0.3660408491790812,0.3556934508412362,0.3651406466960907,279865600
2003-10-14,AAPL,0.36469131244842484,0.3709894253171672,0.36274142463264974,0.36814016103744507,275419200
2003-10-15,AAPL,0.37263869909119773,0.37503786222776125,0.368590266149568,0.37218859791755676,610103200
2003-10-16,AAPL,0.3568934285183665,0.3574929878273716,0.3360500020333544,0.34864625334739685,975682400
2003-10-17,AAPL,0.3505952163613174,0.35224448587271473,0.33634972322056017,0.3411480486392975,359811200
2003-10-20,AAPL,0.3388984617231923,0.34999572786492034,0.3355999217983533,0.3481961488723755,279132000
2003-10-21,AAPL,0.3495456480186186,0.3508951258770827,0.3411481627892041,0.34759658575057983,176461600
2003-10-22,AAPL,0.3439973264773834,0.3478962757417733,0.34009837721299346,0.341298371553421,161599200
2003-10-23,AAPL,0.3408483252230266,0.34714643830691067,0.33874895419506523,0.34474727511405945,165211200
2003-10-24,AAPL,0.33829880628457565,0.34264785675911275,0.3333501715630742,0.3388983905315399,219856000
2003-10-27,AAPL,0.34114807026808364,0.34324744100607707,0.3372491209155789,0.3388983905315399,162013600
2003-10-28,AAPL,0.3382989043191768,0.3564433529736271,0.335899740762455,0.3556934595108032,251714400
2003-10-29,AAPL,0.35254435340695883,0.3583932162795929,0.34999570703683164,0.35524415969848633,267080800
2003-10-30,AAPL,0.35974269634250694,0.35989215446445116,0.3429477027729432,0.34624624252319336,260556800
2003-10-31,AAPL,0.34939542871317386,0.3501453223546556,0.34159835176468345,0.3432476222515106,218153600
2003-11-03,AAPL,0.3423480073439909,0.3493951857505282,0.3415981142239703,0.34714633226394653,302842400
2003-11-04,AAPL,0.34594641781361324,0.3463965189640384,0.3387489287751631,0.3435472548007965,249233600
2003-11-05,AAPL,0.34219778188729877,0.34684662484193385,0.3369493546397049,0.3453468382358551,322470400
2003-11-06,AAPL,0.3435472903665731,0.3471464481952367,0.3396483403644803,0.3466963469982147,397073600
2003-11-07,AAPL,0.3477460290380058,0.34849592240090066,0.3366495893641559,0.3373994827270508,210145600
2003-11-10,AAPL,0.33664962230573303,0.339648370176996,0.32750221875484986,0.3284015953540802,234276000
2003-11-11,AAPL,0.3284015604814493,0.330201139362643,0.3221034473341416,0.3230036497116089,215073600
2003-11-12,AAPL,0.3221033380303326,0.34069790402087086,0.3221033380303326,0.33484989404678345,300003200
2003-11-13,AAPL,0.3309509471381486,0.3382987433542895,0.32870209369355474,0.3361993730068207,212772000
2003-11-14,AAPL,0.3370996919721872,0.33904875402490026,0.31910470378191147,0.32180365920066833,237048000
2003-11-17,AAPL,0.3201544090116156,0.3204542012017225,0.3141560875880726,0.3168550431728363,228256000
2003-11-18,AAPL,0.3180549882012035,0.32000405006981103,0.30515897079514104,0.3060583472251892,267192800
2003-11-19,AAPL,0.30830798109847357,0.30965745847898435,0.3038094478722544,0.30620861053466797,344584800
2003-11-20,AAPL,0.30141030599570734,0.3161059009557848,0.30141030599570734,0.3056090474128723,239590400
2003-11-21,AAPL,0.30500862671498785,0.3086078090904661,0.29766082888706463,0.30410927534103394,241836000
2003-11-24,AAPL,0.3074079035232257,0.31895447227053714,0.30665886087538036,0.31715571880340576,381824800
2003-11-25,AAPL,0.3183548545985312,0.31865464681180494,0.3090579924915815,0.31010767817497253,268654400
2003-11-26,AAPL,0.3132567137455802,0.31715566399852513,0.30365920918309736,0.3107072412967682,245128800
2003-11-28,AAPL,0.3116065747329068,0.31595562560970525,0.30770845089346727,0.3135564625263214,76098400
2003-12-01,AAPL,0.31550565949602033,0.3276526400249927,0.3149060749369501,0.3255532681941986,361536000
2003-12-02,AAPL,0.32390302621533534,0.3284015604814493,0.32105376180959033,0.3230036497116089,205296000
2003-12-03,AAPL,0.32300363648806063,0.3275021705700077,0.31430636047980215,0.31535604596138,191296000
2003-12-04,AAPL,0.31400666142499817,0.3174555110479277,0.3114571885356343,0.31715571880340576,177940000
2003-12-05,AAPL,0.31340614687526963,0.31715561337022424,0.31085750070711327,0.3126562535762787,186177600
2003-12-08,AAPL,0.3116064511927777,0.3161058092982044,0.30605823391079223,0.3156557083129883,148237600
2003-12-09,AAPL,0.31745542174985736,0.3186545903906269,0.3059088812769934,0.3066587746143341,135144800
2003-12-10,AAPL,0.30665873276716354,0.3090578955950283,0.2993109352871248,0.3056090474128723,271336800
2003-12-11,AAPL,0.3036592026021837,0.3200040958311046,0.3030596432562216,0.31805503368377686,183136800
2003-12-12,AAPL,0.31970427711867483,0.31970427711867483,0.3104074166220501,0.3132566809654236,192673600
2003-12-15,AAPL,0.3222536655858113,0.3222536655858113,0.3009601689246138,0.3024599552154541,388908800
2003-12-16,AAPL,0.3027597843391645,0.3072583178885368,0.30005997848418076,0.3017100989818573,373956800
2003-12-17,AAPL,0.301109709443255,0.3018596027939867,0.29676148423223914,0.2981109619140625,274260000
2003-12-18,AAPL,0.2984108263369858,0.3026095694187821,0.2984108263369858,0.3005101978778839,330915200
2003-12-19,AAPL,0.3027598581144208,0.3062087071468871,0.29421203914971716,0.2954120337963104,453560800
2003-12-22,AAPL,0.29466219844923935,0.29826138225102466,0.2886638757817283,0.2976609468460083,377064800
2003-12-23,AAPL,0.29871059423188606,0.299160695489379,0.29391226706485113,0.29706132411956787,308498400
2003-12-24,AAPL,0.2957117768216313,0.30875812826267995,0.29466209138307187,0.3060583472251892,177475200
2003-12-26,AAPL,0.3051589606258089,0.3135564438544406,0.3050086265958325,0.3116065561771393,103695200
2003-12-29,AAPL,0.3135565601212394,0.3173052019886908,0.31280666657295875,0.31715571880340576,233458400
2003-12-30,AAPL,0.31760497388476633,0.3224041521379798,0.31715569848374375,0.31910476088523865,204853600
2003-12-31,AAPL,0.3201542987468089,0.3228532534020217,0.3176048271982649,0.32045409083366394,174451200
2004-01-02,AAPL,0.3231531947378352,0.3261527937652617,0.31760497388476633,0.31910476088523865,144642400
2004-01-05,AAPL,0.32120397714175103,0.3357492862485504,0.32120397714175103,0.3324507474899292,395018400
2004-01-06,AAPL,0.3336498896859858,0.33619938619826245,0.3255530509460634,0.33125072717666626,509348000
2004-01-07,AAPL,0.33140119208259455,0.3423481496118003,0.32885169456327024,0.3387489914894104,586874400
2004-01-08,AAPL,0.3424976719406657,0.35584381947955496,0.3396484069240937,0.3502955734729767,460303200
2004-01-09,AAPL,0.34834555212235063,0.3618420035600931,0.3417476479123621,0.34489670395851135,427459200
2004-01-12,AAPL,0.34864626278085326,0.35989216078078123,0.3463965576248369,0.35584375262260437,487547200
2004-01-13,AAPL,0.370389049729769,0.37248842088210493,0.35779279778927525,0.36169177293777466,679016800
2004-01-14,AAPL,0.3658905411637702,0.367989912464835,0.35659367934784325,0.3628917932510376,620043200
2004-01-15,AAPL,0.34354728662860523,0.35089508535582126,0.33739948245580587,0.342647910118103,1018208800
2004-01-16,AAPL,0.3432474458626969,0.34549712563107143,0.33904870432730194,0.3406979739665985,372820000
2004-01-20,AAPL,0.339948154034399,0.3418980420956238,0.3336500153463779,0.3408483564853668,315946400
2004-01-21,AAPL,0.3403982807563526,0.3444475403413886,0.33634984704518667,0.3390488028526306,226660000
2004-01-22,AAPL,0.33829881894815206,0.3423480774507834,0.33260026574134827,0.33260026574134827,205004800
2004-01-23,AAPL,0.33619951577541307,0.3409978426434109,0.33365001828051566,0.33829888701438904,227169600
2004-01-26,AAPL,0.33679905596216825,0.34579695000100236,0.3363497806655069,0.3450470566749573,271269600
2004-01-27,AAPL,0.34549724515674146,0.34864632742419455,0.34189808663165605,0.3459465205669403,307070400
2004-01-28,AAPL,0.34249756038544965,0.3505952515124322,0.3360499648088711,0.3376992344856262,275402400
2004-01-29,AAPL,0.3393485472786901,0.34189801955661875,0.3327506418597165,0.34009844064712524,212699200
2004-01-30,AAPL,0.3396483648289,0.3429477307217832,0.33619951577541307,0.33829888701438904,185298400
2004-02-02,AAPL,0.33679909132816227,0.3420475192878884,0.3311013880245981,0.33469972014427185,287431200
2004-02-03,AAPL,0.3343998703255903,0.3358996568766895,0.32990131151946994,0.3338002860546112,180812800
2004-02-04,AAPL,0.32990136174334966,0.3312508394953216,0.32540282727885084,0.32675230503082275,305552800
2004-02-05,AAPL,0.32720230748151563,0.34354716922296163,0.3270519734844572,0.3361993730068207,352844800
2004-02-06,AAPL,0.33664974239856627,0.34324765076807506,0.33589984869478434,0.34054869413375854,193340000
2004-02-09,AAPL,0.3391989907956213,0.34279732196290796,0.33739941227519044,0.33994805812835693,188260800
2004-02-10,AAPL,0.3391990710375944,0.34669635312713215,0.3364992896814918,0.3445969820022583,255343200
2004-02-11,AAPL,0.3462462890066094,0.3579431654989289,0.3456467045849333,0.35689347982406616,348544000
2004-02-12,AAPL,0.35404414866724826,0.3597427026562139,0.35389469054268097,0.35584375262260437,183988000
2004-02-13,AAPL,0.3576432621652274,0.3613919024467568,0.34234805802134466,0.34489670395851135,315980000
2004-02-17,AAPL,0.3463965633798327,0.3522445755905239,0.3463965633798327,0.34729593992233276,170956800
2004-02-18,AAPL,0.3475965433213977,0.3514946673816529,0.3456466554175286,0.34879571199417114,141635200
2004-02-19,AAPL,0.34984548952527356,0.35449435906570353,0.33605009091789023,0.3369494676589966,323080800
2004-02-20,AAPL,0.33739943757565327,0.33754892070397957,0.3330503870023598,0.3358996510505676,277603200
2004-02-23,AAPL,0.3350003284086941,0.3367990814790325,0.3282521138367312,0.3327506482601166,194079200
2004-02-24,AAPL,0.33200069303123814,0.34099776020201,0.3299012972733438,0.3353000581264496,259056000
2004-02-25,AAPL,0.33410012917033866,0.3433978161575031,0.3330504435991283,0.3420475125312805,276276000
2004-02-26,AAPL,0.34309723132479814,0.3475965921003275,0.34189806248374294,0.3454972207546234,198408000
2004-02-27,AAPL,0.34429711639805155,0.3601927304974036,0.34414680740385695,0.3586929440498352,468837600
2004-03-01,AAPL,0.36139197423761693,0.36439154775759053,0.3579431253886605,0.36019280552864075,321680800
2004-03-02,AAPL,0.3598921867221876,0.3613919986097991,0.35644333764064173,0.3570437729358673,256687200
2004-03-03,AAPL,0.3538946184659297,0.3627413764099565,0.3538946184659297,0.3586929440498352,225131200
2004-03-04,AAPL,0.3588424814744623,0.37818694798089153,0.35854271431986956,0.3772875964641571,660223200
2004-03-05,AAPL,0.37413837621915136,0.412226884895665,0.37338848310719736,0.4009801149368286,1540599200
2004-03-08,AAPL,0.3991806466689818,0.40173011877764203,0.38688421316530736,0.38988378643989563,522872000
2004-03-09,AAPL,0.388384139918032,0.40832819609558285,0.3861344341239998,0.4063791334629059,618363200
2004-03-10,AAPL,0.40547884001744794,0.42197404370869157,0.40397905308232507,0.415076345205307,1006964000
2004-03-11,AAPL,0.40892758490797376,0.42047414946563855,0.406228629812635,0.4071280062198639,595851200
2004-03-12,AAPL,0.4096774853417236,0.416575181783911,0.40742863148491365,0.41327664256095886,329224000
2004-03-15,AAPL,0.4053293082103917,0.41012763448210404,0.39378274280443015,0.3966311812400818,481717600
2004-03-16,AAPL,0.39813104155072926,0.39903124406426943,0.38073648619276323,0.3871840834617615,605432800
2004-03-17,AAPL,0.3892834517690972,0.3955815658189234,0.3865844959974172,0.3927331268787384,411432000
2004-03-18,AAPL,0.38898354325448187,0.39078312185549174,0.38373509142240175,0.3849351108074188,321081600
2004-03-19,AAPL,0.38328582842357467,0.40397891696116867,0.38298518541228105,0.38778436183929443,408576000
2004-03-22,AAPL,0.3804365645564491,0.3924323783738402,0.3786369860154442,0.38778436183929443,419031200
2004-03-23,AAPL,0.3880842799601878,0.3898838590855099,0.3781869826813622,0.3792366683483124,385515200
2004-03-24,AAPL,0.3789367633512213,0.3861342518363627,0.3789367633512213,0.38238561153411865,428215200
2004-03-25,AAPL,0.39198317551795414,0.4035297412636657,0.38823370875124746,0.40292930603027344,566445600
2004-03-26,AAPL,0.4048791269238586,0.4102770114165566,0.4035296495440662,0.40547868609428406,419893600
2004-03-29,AAPL,0.410427466811805,0.4197243281074225,0.40787796938419185,0.41852515935897827,350728000
2004-03-30,AAPL,0.4159756033855528,0.41912465952824285,0.4099772582005798,0.4186745584011078,359676800
2004-03-31,AAPL,0.4186745186937795,0.419574720862674,0.40412920871449176,0.40547868609428406,390773600
2004-04-01,AAPL,0.40322992858611234,0.40892760618248075,0.3991806448323133,0.40652844309806824,318332000
2004-04-02,AAPL,0.4161259550946182,0.4188249103871787,0.4083280555008739,0.4123764634132385,274478400
2004-04-05,AAPL,0.41207679204876035,0.42542291434494717,0.41147720759411727,0.42467302083969116,385672000
2004-04-06,AAPL,0.4155255898338491,0.42212432151047474,0.4113268223988639,0.4173251688480377,257992000
2004-04-07,AAPL,0.4140266713129371,0.4153761492434225,0.4036792723629235,0.40952813625335693,255119200
2004-04-08,AAPL,0.4180751157800608,0.41987469502462293,0.40787802561699843,0.41282668709754944,240917600
2004-04-12,AAPL,0.41237645502532955,0.42137437396684013,0.41222699691287706,0.42047417163848877,230540800
2004-04-13,AAPL,0.41957488499079776,0.4203248034935156,0.4024800966772837,0.40382957458496094,436396800
2004-04-14,AAPL,0.40098018897045107,0.4059288487507184,0.39453176771584114,0.399480402469635,639732800
2004-04-15,AAPL,0.4321710225599018,0.4435672280475768,0.4222737527228437,0.43936848640441895,1761446400
2004-04-16,AAPL,0.43711965750535337,0.439518795436024,0.42737269667222966,0.43756893277168274,402931200
2004-04-19,AAPL,0.42167418738510604,0.43112133147991205,0.4173251115156664,0.42512303590774536,712353600
2004-04-20,AAPL,0.42302371653654025,0.4260224392379304,0.4132767290522527,0.4158262014389038,354519200
2004-04-21,AAPL,0.4138763134230686,0.4216742387653099,0.41042746448019357,0.4158262014389038,325875200
2004-04-22,AAPL,0.4132766540901795,0.42257351364667384,0.4065284155577879,0.41657519340515137,344584800
2004-04-23,AAPL,0.41537603735923767,0.419874571207109,0.40562907637657236,0.41537603735923767,315828800
2004-04-26,AAPL,0.4135764937695156,0.41447587026600635,0.4048792174751682,0.40682825446128845,231128800
2004-04-27,AAPL,0.40847841884249525,0.41147716669152656,0.40023039195199045,0.40397903323173523,283864000
2004-04-28,AAPL,0.40218025174325933,0.4050286651524348,0.3949819114355018,0.3966311812400818,231168000
2004-04-29,AAPL,0.3966311864131217,0.40487921231749774,0.3895840059293811,0.4014303386211395,460790400
2004-04-30,AAPL,0.40053007281651615,0.40427956395433867,0.3822361468622178,0.3865843713283539,466502400
2004-05-03,AAPL,0.3898837388910401,0.3948323734916335,0.38598478963379684,0.39093342423439026,297634400
2004-05-04,AAPL,0.3894335609319216,0.39813083407862165,0.3823855320089637,0.3919830322265625,279983200
2004-05-05,AAPL,0.3928825410678234,0.4011305668774397,0.3892833834215908,0.39963075518608093,238106400
2004-05-06,AAPL,0.3958821617707986,0.4011306148787055,0.38838405342283916,0.3985811173915863,263558400
2004-05-07,AAPL,0.39813095797154757,0.4134261637786496,0.39813095797154757,0.39993053674697876,419036800
2004-05-10,AAPL,0.39393220742313584,0.39888084247789585,0.38898357236837583,0.39408251643180847,249978400
2004-05-11,AAPL,0.3958819392219092,0.4077282915620952,0.3958819392219092,0.40697839856147766,305172000
2004-05-12,AAPL,0.4017301963831235,0.4099773727340175,0.3934821941583711,0.4093778133392334,245420000
2004-05-13,AAPL,0.406379015494466,0.41567587637873454,0.4033794169820097,0.40772849321365356,229852000
2004-05-14,AAPL,0.4086279414078758,0.4096776522281017,0.3966312963725464,0.4057786762714386,257801600
2004-05-17,AAPL,0.40038060471957415,0.40577851472471377,0.39528166096624917,0.399480402469635,300445600
2004-05-18,AAPL,0.40442919823290574,0.4092275258974565,0.40187972534125893,0.4057786762714386,206063200
2004-05-19,AAPL,0.41087749488796965,0.41237643053021683,0.3961818741925001,0.3969317674636841,375592000
2004-05-20,AAPL,0.39933093133102343,0.4048791755287173,0.3969317683818729,0.4005300998687744,196296800
2004-05-21,AAPL,0.403379386698459,0.40787792071594436,0.40082991460152906,0.40652844309806824,179894400
2004-05-24,AAPL,0.40922742349508046,0.41837482613147026,0.4065284680933836,0.4099773168563843,235603200
2004-05-25,AAPL,0.41237644482680946,0.4275221671848026,0.40922738850285073,0.42602238059043884,319978400
2004-05-26,AAPL,0.42482313835468405,0.43157137601205775,0.41987450415025734,0.42752209305763245,322168000
2004-05-27,AAPL,0.4267722779026124,0.428871648805002,0.41717562570522165,0.4224240779876709,235972800
2004-05-28,AAPL,0.42107462128790074,0.42392303473573856,0.41687585424825696,0.4207739531993866,145717600
2004-06-01,AAPL,0.4167255452304764,0.42287332420597024,0.41402658990021857,0.4207739531993866,182134400
2004-06-02,AAPL,0.4203249602689526,0.4374197049056097,0.416876084664497,0.43367108702659607,318712800
2004-06-03,AAPL,0.43067121785305007,0.4347204511681438,0.42422359750277244,0.42587289214134216,250930400
2004-06-04,AAPL,0.4282721225766678,0.43861866948109096,0.42752222917075977,0.43157151341438293,399112000
2004-06-07,AAPL,0.43546948820998227,0.44956549730412626,0.43202064042599203,0.44701600074768066,295876000
2004-06-08,AAPL,0.44971574088217936,0.45646312648981285,0.4473166037066659,0.45511364936828613,415620800
2004-06-09,AAPL,0.45121474000741646,0.46051247401826506,0.4498652626946413,0.4528648853302002,349204800
2004-06-10,AAPL,0.45286510374030997,0.46441162180391865,0.45286510374030997,0.46096277236938477,257577600
2004-06-14,AAPL,0.45961254373650917,0.4600626200383359,0.4423682946812003,0.45166513323783875,243986400
2004-06-15,AAPL,0.4579630574917997,0.46696012506471,0.45376431584128785,0.46021273732185364,444634400
2004-06-16,AAPL,0.4597627345935823,0.4996508366932169,0.45781367246202076,0.4909535348415375,909641600
2004-06-17,AAPL,0.4882546750288204,0.49680161947425744,0.4830062210725804,0.49200329184532166,551320000
2004-06-18,AAPL,0.48975336918628376,0.5010001650841496,0.48630452129023416,0.4935028851032257,406252000
2004-06-21,AAPL,0.4966521139616186,0.5023497927485042,0.4816558962716481,0.4848049283027649,390213600
2004-06-22,AAPL,0.4843555779848906,0.49620191091066956,0.4842052689642205,0.4948524832725525,360511200
2004-06-23,AAPL,0.4948524828293503,0.5072984000791828,0.49320233704546307,0.505349338054657,390868800
2004-06-24,AAPL,0.5025000971196691,0.5053493616529816,0.4945526887296935,0.49755141139030457,252515200
2004-06-25,AAPL,0.495902143325404,0.505349338054657,0.4948524828293503,0.505349338054657,323428000
2004-06-28,AAPL,0.5125466540756456,0.5126969630526058,0.48300595983550154,0.4872047007083893,521096800
2004-06-29,AAPL,0.4809067758348951,0.4947021721233795,0.47100950397658586,0.4873543977737427,590553600
2004-06-30,AAPL,0.4882544894908472,0.49440229281211834,0.47820691087631406,0.48795387148857117,373044000
2004-07-01,AAPL,0.48135584742987536,0.48705437437529936,0.47835712588549856,0.4843554198741913,341941600
2004-07-02,AAPL,0.45706369037387984,0.46756054413875603,0.44581694335813765,0.4660607576370239,910683200
2004-07-06,AAPL,0.46890995118444145,0.4711587796990424,0.461861946733653,0.4641116261482239,348980800
2004-07-07,AAPL,0.4626119829812466,0.47025957395897583,0.4518153103465775,0.45571428537368774,397992000
2004-07-08,AAPL,0.4518151980433835,0.4600623713178293,0.4491153923806051,0.45196470618247986,233380000
2004-07-09,AAPL,0.45391472302795843,0.45736357214777257,0.45031556487083435,0.45031556487083435,208863200
2004-07-12,AAPL,0.4501652101919869,0.4504658282361276,0.4338203178259844,0.4369693994522095,511621600
2004-07-13,AAPL,0.4386186653033796,0.4438671182474297,0.43516981636808777,0.43816938996315,316176000
2004-07-14,AAPL,0.4327706536169312,0.44941616388467476,0.4309710497097437,0.44356727600097656,835800000
2004-07-15,AAPL,0.4897534426762693,0.5042995805159987,0.4815062682850151,0.4938027262687683,1767724000
2004-07-16,AAPL,0.4918527440096535,0.49365234749182935,0.48165570836949473,0.4828556776046753,488381600
2004-07-19,AAPL,0.48000674608325095,0.48315582911828603,0.4747583410954948,0.4794071614742279,533170400
2004-07-20,AAPL,0.4791070626079964,0.4828556776046753,0.473108718020358,0.4828556776046753,323747200
2004-07-21,AAPL,0.4861551059343816,0.49050330546936016,0.46995967437145153,0.47415846586227417,301257600
2004-07-22,AAPL,0.4686103579727078,0.47580782317063863,0.465761043287023,0.4750579297542572,334118400
2004-07-23,AAPL,0.4728091451253812,0.4761076353679166,0.45706383448706406,0.46036237478256226,273571200
2004-07-26,AAPL,0.46261208872833615,0.4716091594794829,0.46156237791842103,0.4687598943710327,393932000
2004-07-27,AAPL,0.47685732073023296,0.49110278662825296,0.4734084732549787,0.48630446195602417,425006400
2004-07-28,AAPL,0.48450528741361876,0.4860050747483462,0.4672610365605849,0.48390570282936096,285051200
2004-07-29,AAPL,0.4869043542348634,0.4921528082787924,0.48180625930466886,0.48945385217666626,222157600
2004-07-30,AAPL,0.4896040000256483,0.4948524523414207,0.47985703875605223,0.4849551320075989,243023200
2004-08-02,AAPL,0.4675607339594215,0.48285591969104247,0.4668108404041131,0.47355908155441284,365092000
2004-08-03,AAPL,0.47160903805190363,0.47565832198557423,0.467110478808114,0.46920984983444214,211629600
2004-08-04,AAPL,0.467710016888172,0.4816557693978966,0.46741024977963436,0.47670793533325195,276488800
2004-08-05,AAPL,0.47700770391879055,0.48435547600962336,0.468610221499014,0.47070959210395813,244501600
2004-08-06,AAPL,0.46336175462608603,0.4663604764187691,0.44536677106407524,0.44656679034233093,492290400
2004-08-09,AAPL,0.4476164950597404,0.45661356228470906,0.4470160599109472,0.4543638825416565,290847200
2004-08-10,AAPL,0.45571412396137456,0.4729583618724242,0.4551136889271793,0.47265854477882385,351036000
2004-08-11,AAPL,0.46636044811130206,0.4668105741890625,0.45376422566305996,0.46501097083091736,322392000
2004-08-12,AAPL,0.4566136687744835,0.4626120153077221,0.45406422133898194,0.45541369915008545,226200800
2004-08-13,AAPL,0.45886338228633755,0.4690596211253399,0.4558638083787354,0.4624617397785187,328048000
2004-08-16,AAPL,0.46486075566100704,0.4756582778828504,0.459462845450215,0.46156221628189087,435674400
2004-08-17,AAPL,0.4585628512164059,0.4668108801801203,0.45511400126728535,0.4629119038581848,323019200
2004-08-18,AAPL,0.45751313015079714,0.4776074935562484,0.4572133128908855,0.4759581983089447,364655200
2004-08-19,AAPL,0.4725092197923416,0.4777576721555189,0.45526412612421896,0.46051257848739624,388920000
2004-08-20,AAPL,0.46051269868558686,0.46471144165086,0.45721330738328525,0.461862176656723,316780800
2004-08-23,AAPL,0.4627613674814647,0.4689100216408652,0.4588632439747601,0.4660607576370239,254660000
2004-08-24,AAPL,0.4687596867952787,0.4791070818901062,0.4677099764501954,0.4791070818901062,374136000
2004-08-25,AAPL,0.47790714876479945,0.4971013050978569,0.4758077777488652,0.4956023693084717,505618400
2004-08-26,AAPL,0.4954521334565309,0.5275423410557111,0.4909536231691824,0.5197452902793884,955858400
2004-08-27,AAPL,0.520044882134945,0.5212440506815174,0.5098477950943326,0.5150962471961975,388813600
2004-08-30,AAPL,0.5098477401096504,0.5206444102591788,0.5092481559010266,0.5116473436355591,218142400
2004-08-31,AAPL,0.5108974703333241,0.5240932786783118,0.5098477599641001,0.5171955823898315,376560800
2004-09-01,AAPL,0.5143464934542074,0.5396892592964395,0.5126971982919334,0.5377393960952759,515726400
2004-09-02,AAPL,0.5323414288665366,0.5369894465708542,0.5222937982537483,0.5347405672073364,406324800
2004-09-03,AAPL,0.5249935205001197,0.5386394560116712,0.5249935205001197,0.5282920598983765,293468000
2004-09-07,AAPL,0.5308414761836517,0.5426878061618936,0.5282919795563142,0.5362393856048584,301957600
2004-09-08,AAPL,0.5353401368442715,0.5483864898121009,0.535040369692316,0.5450870990753174,343526400
2004-09-09,AAPL,0.5413384162000854,0.5443371384613384,0.529041958133958,0.5353400707244873,461339200
2004-09-10,AAPL,0.5347406960578771,0.5432876910226477,0.5317411217206605,0.5378897786140442,328014400
2004-09-13,AAPL,0.538038829638164,0.5408880927528441,0.5296413492468403,0.5336906313896179,281976800
2004-09-14,AAPL,0.5284424317212879,0.5330904492325905,0.5215438831923386,0.5321910977363586,254822400
2004-09-15,AAPL,0.5302420243689023,0.5320407773759946,0.5218445401741761,0.5278419852256775,232668800
2004-09-16,AAPL,0.5278420038618823,0.5512357543178719,0.5260433008442382,0.5450870990753174,501916800
2004-09-17,AAPL,0.5480866444554752,0.5605325603903238,0.5458369145746217,0.5569334030151367,502308800
2004-09-20,AAPL,0.5530345358703895,0.5695297385503786,0.5528850777368385,0.5654813051223755,245000000
2004-09-21,AAPL,0.5660808026251523,0.5828757698947578,0.5617325526441886,0.569979727268219,386652000
2004-09-22,AAPL,0.5713291390157823,0.5719287232423894,0.5519846768821218,0.5536348223686218,401688000
2004-09-23,AAPL,0.5554344607242174,0.5623321580044203,0.5537843650386516,0.5588833093643188,397404000
2004-09-24,AAPL,0.5615822588225132,0.5698294336696046,0.5570837497620568,0.5591831207275391,369488000
2004-09-27,AAPL,0.554084135510118,0.5695296759021153,0.552285432597696,0.5627822875976562,397516000
2004-09-28,AAPL,0.5617325606130436,0.5741784772310357,0.5615822516001389,0.5704298615455627,353186400
2004-09-29,AAPL,0.568779876392519,0.5827264332542726,0.567130581272177,0.5800266265869141,273509600
2004-09-30,AAPL,0.5848255416439228,0.588873973474146,0.5765775181089997,0.5810760259628296,425012000
2004-10-01,AAPL,0.5866244669045172,0.5876741273884419,0.5785276008589036,0.5798770785331726,465404800
2004-10-04,AAPL,0.5875245787642962,0.5875245787642962,0.5810761076234945,0.5816765427589417,574084000
2004-10-05,AAPL,0.5782270492096143,0.5948725626094565,0.5758279105682909,0.5903740525245667,406162400
2004-10-06,AAPL,0.5923228944881704,0.6112172304488077,0.5918727683558958,0.6094176769256592,446303200
2004-10-07,AAPL,0.6079188962131757,0.613766934091597,0.5917235096820991,0.5941226482391357,426148800
2004-10-08,AAPL,0.5932232017109531,0.5963722332353555,0.5824256784489267,0.5857250690460205,359228800
2004-10-11,AAPL,0.5818262596314779,0.5857251852808255,0.5728291393259228,0.5786771774291992,323870400
2004-10-12,AAPL,0.5773274187217086,0.578527437939447,0.5645808871676521,0.5741783380508423,460191200
2004-10-13,AAPL,0.5828756741249361,0.5962217906907877,0.58092661254725,0.5960714817047119,1163008000
2004-10-14,AAPL,0.6476565730316493,0.686044834990087,0.6380590695787068,0.6744983196258545,2768427200
2004-10-15,AAPL,0.672999213519124,0.6839453417635205,0.6626518686365837,0.682296097278595,1031128000
2004-10-18,AAPL,0.6702995074195406,0.7160364389419556,0.6702995074195406,0.7160364389419556,1200752000
2004-10-19,AAPL,0.7212847993710406,0.7250334645755792,0.7094376178443784,0.7110877633094788,801992800
2004-10-20,AAPL,0.707488726787248,0.7137868902772857,0.6995413684403934,0.7118378281593323,605108000
2004-10-21,AAPL,0.7119871884583979,0.721734149456471,0.7101875847151972,0.7188848853111267,724505600
2004-10-22,AAPL,0.7128874821566308,0.7148365442566786,0.7050895820088966,0.7109376192092896,483067200
2004-10-25,AAPL,0.7077885018249171,0.7173860054629323,0.7058394398230903,0.7130369544029236,392644000
2004-10-26,AAPL,0.711537070299753,0.7205349890112192,0.7043396062519097,0.7193350195884705,594361600
2004-10-27,AAPL,0.7274326252020619,0.7590735448351036,0.7223345324607876,0.7542743682861328,1193494400
2004-10-28,AAPL,0.7494762159876643,0.7830662050992776,0.7422787508760582,0.7826160788536072,864264800
2004-10-29,AAPL,0.7773674503047894,0.7977615719215437,0.7767678661024017,0.7857649326324463,810219200
2004-11-01,AAPL,0.7872649504972044,0.798661208087753,0.7803672525208938,0.7865150570869446,602050400
2004-11-02,AAPL,0.7857651373813125,0.8109575909287462,0.7857651373813125,0.8022603392601013,729988000
2004-11-03,AAPL,0.8153065547889423,0.8413983554482263,0.8096079766686467,0.8294025659561157,1204173600
2004-11-04,AAPL,0.8252040626322787,0.8330011128253872,0.8153067901577994,0.8165059089660645,928625600
2004-11-05,AAPL,0.8226543425082672,0.8247537133215882,0.7803671090811354,0.8205549716949463,1205047200
2004-11-08,AAPL,0.8138068570095278,0.8315020785398781,0.8076590526373761,0.8154561519622803,526920800
2004-11-09,AAPL,0.8132073857059933,0.8180057127035099,0.8004607988406977,0.8105084300041199,475764800
2004-11-10,AAPL,0.8090084739230397,0.830601818158716,0.8084089396580598,0.8210051655769348,508676000
2004-11-11,AAPL,0.8240038503935831,0.8312013645277897,0.8132072288216219,0.829252302646637,407299200
2004-11-12,AAPL,0.824903239345983,0.8351002764727451,0.8223545932129233,0.8322510123252869,395701600
2004-11-15,AAPL,0.8277525430043068,0.8316514677407935,0.8148565000687733,0.8283529281616211,376045600
2004-11-16,AAPL,0.8271529427572446,0.8277525270557771,0.8169558552872686,0.8238535523414612,295103200
2004-11-17,AAPL,0.8276029802606001,0.8315019547929193,0.8130568426210251,0.8232539296150208,397751200
2004-11-18,AAPL,0.8142570950939849,0.8315021927600279,0.8141067860465063,0.8306019902229309,459149600
2004-11-19,AAPL,0.8321018565280325,0.8533953900193034,0.8172558960626608,0.8273035287857056,765279200
2004-11-22,AAPL,0.9267228978191935,0.9597131988875691,0.8682410287350829,0.9199754595756531,2568210400
2004-11-23,AAPL,0.9342208178264572,0.9364704975353544,0.9154767904134133,0.9187753796577454,911450400
2004-11-24,AAPL,0.9250737964665013,0.9777084935570407,0.9229744750022558,0.9604633450508118,1390788000
2004-11-26,AAPL,0.9799573237829796,0.9861059298171448,0.9648123984593473,0.9679614305496216,550144000
2004-11-29,AAPL,1.0339409857032276,1.043237818840655,1.0108478604100892,1.026293396949768,1712916800
2004-11-30,AAPL,1.031541896596636,1.031541896596636,1.0054492950439453,1.0054492950439453,1028518400
2004-12-01,AAPL,1.0165470838546753,1.0189462230337738,0.9937537600640016,1.0165470838546753,800553600
2004-12-02,AAPL,0.9916540857321597,1.0032007034009507,0.9696107613228472,0.9778578877449036,987442400
2004-12-03,AAPL,0.9676604972867289,0.9747085527636065,0.9259737007343087,0.9399193525314331,1238848800
2004-12-06,AAPL,0.9634621696456721,0.9933035488455366,0.9439682404823526,0.9864058494567871,1247920800
2004-12-07,AAPL,0.9886542886753481,1.000650979869434,0.9381199288205804,0.9430685639381409,1056899200
2004-12-08,AAPL,0.9459179008960599,0.9661617192787312,0.9304724592962461,0.9489166736602783,691902400
2004-12-09,AAPL,0.9418685707010961,0.9657115959573924,0.9307721309770886,0.9595637917518616,741501600
2004-12-10,AAPL,0.9751589091107901,0.9904540928422597,0.9702102729920554,0.9769585132598877,775773600
2004-12-13,AAPL,0.9840061509978404,0.9882048922953514,0.9687101713879632,0.9733589887619019,395040800
2004-12-14,AAPL,0.9807069548178086,0.9879052696576688,0.9750083264426311,0.9790576100349426,415721600
2004-12-15,AAPL,0.9783076586095583,0.981607048720499,0.969610458669071,0.9786074757575989,398361600
2004-12-16,AAPL,0.991953809465727,1.0121976278814304,0.990454022657514,0.9987020492553711,1126115200
2004-12-17,AAPL,1.002300296493426,1.005299869930734,0.9732097197434987,0.9745592474937439,783496000
2004-12-20,AAPL,0.9817566204929148,0.9897040282187781,0.92612326482331,0.9405190944671631,1168126400
2004-12-21,AAPL,0.9531153539102447,0.9562643854464014,0.9237241593256653,0.9550644159317017,1064414400
2004-12-22,AAPL,0.9546152162434323,0.9651121223367353,0.9507162910443825,0.9559647440910339,565829600
2004-12-23,AAPL,0.9559645000972322,0.9634617305173776,0.9537148204311495,0.9598634243011475,245929600
2004-12-27,AAPL,0.9717100717348711,0.9769585251521016,0.9429184071172646,0.9471171498298645,559490400
2004-12-28,AAPL,0.9492164181363905,0.9634618890517067,0.9304723879958064,0.9624121785163879,611755200
2004-12-29,AAPL,0.9568637855346604,0.9744086429266765,0.9532654795661673,0.966310977935791,449562400
2004-12-30,AAPL,0.9718592459444237,0.9751586360842424,0.9630124877231087,0.9717097878456116,345340800
2004-12-31,AAPL,0.9730592272233234,0.974708471667271,0.960163186783438,0.9657113552093506,278588800
2005-01-03,AAPL,0.9714102572469151,0.9763588934398989,0.9387196670624113,0.9490671157836914,691992000
2005-01-04,AAPL,0.9565646418534437,0.9817571059218173,0.9442682271502567,0.9588143229484558,1096810400
2005-01-05,AAPL,0.9666109304665597,0.9784581643019247,0.9604631263690221,0.9672113656997681,680433600
2005-01-06,AAPL,0.9697602339202589,0.9733593422504121,0.949666672288313,0.9679614305496216,705555200
2005-01-07,AAPL,0.9747088362793513,1.0441383994764821,0.970960169827456,1.0384398698806763,2227450400
2005-01-10,AAPL,1.0471373356922065,1.0601837420842481,1.0178963913901073,1.034091830253601,1725309600
2005-01-11,AAPL,1.0234443819787578,1.0369399600078721,0.961812676970378,0.9681107401847839,2611627200
2005-01-12,AAPL,0.9814569993431264,0.988205138997527,0.949216488296473,0.9816072583198547,1919702400
2005-01-13,AAPL,1.105319599112369,1.1159667606398955,1.0456378736124117,1.0466874837875366,3164716800
2005-01-14,AAPL,1.0534351541026932,1.075478574361229,1.037540338599356,1.052685260772705,1770742400
2005-01-18,AAPL,1.0474368869587538,1.0601834728311803,1.0159462699240422,1.0594335794448853,1006460000
2005-01-19,AAPL,1.0570343456132183,1.071579634574012,1.0459379055452405,1.0478869676589966,751895200
2005-01-20,AAPL,1.04443797085186,1.0687310695888315,1.0417390157308026,1.056584119796753,914922400
2005-01-21,AAPL,1.0693308833506894,1.0736790838740204,1.0496865991234152,1.0570343732833862,911332800
2005-01-24,AAPL,1.064382111185852,1.0763787023949127,1.0579336893922553,1.0610827207565308,841629600
2005-01-25,AAPL,1.0702302005183766,1.092273622396237,1.0637825789530375,1.0804272890090942,969231200
2005-01-26,AAPL,1.0895747572312795,1.0909241850338143,1.0679814097427207,1.0834269523620605,739496800
2005-01-27,AAPL,1.0820764488292196,1.0934735059882619,1.0729298724957588,1.0892747640609741,496227200
2005-01-28,AAPL,1.0889748326783923,1.1093682050704956,1.0862750768392293,1.1093682050704956,801612000
2005-01-31,AAPL,1.118366570174056,1.1680015946079694,1.1173168593562997,1.1531556844711304,1681097600
2005-02-01,AAPL,1.1554052663582584,1.1662018905657838,1.1483572086128755,1.1626027822494507,678395200
2005-02-02,AAPL,1.1689009075441454,1.1982922088308834,1.1650019817789399,1.1940934658050537,1020062400
2005-02-03,AAPL,1.1861455567981742,1.191094191263572,1.1596035817704387,1.16680109500885,731651200
2005-02-04,AAPL,1.1677015154803432,1.1835963320230587,1.1626026209054394,1.1822468042373657,563556000
2005-02-07,AAPL,1.1835962172455183,1.1898943800230044,1.1621532328788995,1.183746576309204,524456800
2005-02-08,AAPL,1.1856952660261826,1.2203349001644923,1.1814964254219076,1.2131373882293701,890019200
2005-02-09,AAPL,1.215237345531451,1.229482918806483,1.171150497132092,1.180747151374817,1191456000
2005-02-10,AAPL,1.1804475747757164,1.1888450611747512,1.149557386119896,1.1750496625900269,1093019200
2005-02-11,AAPL,1.1975419345051135,1.2260337749499277,1.1837465408778214,1.2177865505218506,1201054400
2005-02-14,AAPL,1.240579257211003,1.2714702404777964,1.230382969338245,1.269071102142334,1271463200
2005-02-15,AAPL,1.2995117673888292,1.3358006549984114,1.2896144977230752,1.325753927230835,2312217600
2005-02-16,AAPL,1.3218555064917503,1.3525961366683397,1.309858811416632,1.3515465259552002,1639243200
2005-02-17,AAPL,1.3593440187273351,1.362792867438663,1.3113582521600828,1.3167569637298584,1518473600
2005-02-18,AAPL,1.3157071404403304,1.317506643935196,1.2933639060144293,1.3017613887786865,1163254400
2005-02-22,AAPL,1.29411337797828,1.3241050115837953,1.2789684534072876,1.2789684534072876,1219293600
2005-02-23,AAPL,1.3004111745123865,1.326353518310051,1.282867115062959,1.3230550289154053,1345181600
2005-02-24,AAPL,1.3268037447443577,1.339249611405514,1.3155569465950074,1.3335518836975098,1519028000
2005-02-25,AAPL,1.3438986320394453,1.3482476332415756,1.322454744609403,1.33445143699646,915510400
2005-02-28,AAPL,1.3399997328658082,1.3537960305136671,1.3184064853866597,1.3453985452651978,651610400
2005-03-01,AAPL,1.349297287949138,1.3528955947748664,1.3244045527004824,1.334601640701294,468188000
2005-03-02,AAPL,1.3271038007165115,1.3462980114441752,1.322005706068434,1.3232048749923706,458161200
2005-03-03,AAPL,1.3307030177304724,1.331902186662016,1.2362312499920598,1.2533259391784668,1411653600
2005-03-04,AAPL,1.282417044421036,1.2899142755982564,1.2551251728730195,1.2839168310165405,756618800
2005-03-07,AAPL,1.2836164720508818,1.2971129524398053,1.270120892615241,1.282117486000061,450632000
2005-03-08,AAPL,1.2566251435242215,1.2644222931202176,1.2026410268629102,1.2155370712280273,1021451200
2005-03-09,AAPL,1.1888449507216794,1.208039060556283,1.1645526463421412,1.180147647857666,1322465200
2005-03-10,AAPL,1.1855456508925617,1.207438803573096,1.172649612936836,1.1945427656173706,777109200
2005-03-11,AAPL,1.2059393727829713,1.2173364288735085,1.1936437661832668,1.2077388763427734,632830800
2005-03-14,AAPL,1.2152370127404812,1.223334778790822,1.1852462876870569,1.2092387676239014,605385200
2005-03-15,AAPL,1.21883659680012,1.2338319639615554,1.2071397198951637,1.2284332513809204,508608800
2005-03-16,AAPL,1.2359309033324564,1.268920397901457,1.2230348625722685,1.2350306510925293,697813200
2005-03-17,AAPL,1.2455281177480848,1.2860166627229277,1.2392299530307176,1.2671222686767578,801920000
2005-03-18,AAPL,1.2995118710481293,1.3028112615175855,1.274619136690386,1.2884154319763184,940150400
2005-03-21,AAPL,1.2983116234640273,1.3187056942610835,1.2854155833297287,1.3106080293655396,541128000
2005-03-22,AAPL,1.3109078293755112,1.3184059600463056,1.2800176572607431,1.2845162153244019,551415200
2005-03-23,AAPL,1.2731194203047826,1.3016112637790587,1.2602233766962485,1.2761189937591553,609823200
2005-03-24,AAPL,1.2869157311488133,1.2896146865897822,1.274619221687317,1.274619221687317,352704800
2005-03-28,AAPL,1.2821172509251464,1.2884154137471029,1.273719767233139,1.2755193710327148,275410800
2005-03-29,AAPL,1.2764185989345964,1.284516364772493,1.2446282710425505,1.2521255016326904,461356000
2005-03-30,AAPL,1.2617232425897205,1.283616304397583,1.2542251099254993,1.283616304397583,394959600
2005-03-31,AAPL,1.2731195035266012,1.275218924785353,1.2473275147294602,1.24972665309906,636134800
2005-04-01,AAPL,1.2623226707476334,1.2650224267330739,1.2167368469638113,1.226333498954773,641284000
2005-04-04,AAPL,1.22933296188153,1.2389296122305615,1.2044402329148414,1.23233163356781,580014400
2005-04-05,AAPL,1.2362310701551924,1.2668214356943925,1.2323320448675874,1.2563245296478271,556239600
2005-04-06,AAPL,1.2716206577446174,1.283917068150284,1.2641225242294243,1.2695212364196777,414825600
2005-04-07,AAPL,1.269520955864106,1.312108006344694,1.2671218179490626,1.306409478187561,506987600
2005-04-08,AAPL,1.310608139975429,1.333101633226768,1.3058097643317113,1.3118081092834473,649950000
2005-04-11,AAPL,1.3241049603061108,1.3271036330315256,1.2569249809829313,1.2572247982025146,821662800
2005-04-12,AAPL,1.2743195401865908,1.2953132516999792,1.2599237092832487,1.279417634010315,981061200
2005-04-13,AAPL,1.2881154754948956,1.2893146439817862,1.2113380599307637,1.2308319807052612,1371946800
2005-04-14,AAPL,1.1639518264828614,1.1864454201722694,1.1048696294241094,1.117465853691101,2753192400
2005-04-15,AAPL,1.098272271531184,1.1171665668475708,1.0580843417433523,1.0601837635040283,1728087200
2005-04-18,AAPL,1.0496860144146438,1.0886747439358366,1.0196951999439237,1.068280577659607,1327177600
2005-04-19,AAPL,1.0976721043379318,1.1228645526064376,1.0757781451714903,1.1123677492141724,1081642800
2005-04-20,AAPL,1.129462211071574,1.1318613481692152,1.062881902112877,1.06498122215271,945131600
2005-04-21,AAPL,1.0916744041921889,1.1159675154871718,1.0766790334213936,1.1150673627853394,759592400
2005-04-22,AAPL,1.1048696810047338,1.1096688577904958,1.0466876334093793,1.0646817684173584,839129200
2005-04-25,AAPL,1.0943727483732564,1.110268363057749,1.0829765933029907,1.1090683937072754,746460400
2005-04-26,AAPL,1.1030702252581333,1.1249641886140573,1.0832764838932076,1.0853759050369263,810507600
2005-04-27,AAPL,1.076378801792389,1.0904740144359637,1.0649817437789162,1.0781784057617188,613888800
2005-04-28,AAPL,1.0883745423418179,1.0898743288983745,1.0568839298431063,1.0658818483352661,575106000
2005-04-29,AAPL,1.0841760016159623,1.086575940847754,1.0562844912813592,1.0814770460128784,671630400
2005-05-02,AAPL,1.0859751869016434,1.099171845626673,1.0802775602546455,1.0925731658935547,465920000
2005-05-03,AAPL,1.091674176986803,1.1018712672429478,1.0805777350636034,1.0859756469726562,496739600
2005-05-04,AAPL,1.082976887584282,1.1156665762341298,1.0826770703505075,1.1141676902770996,448176400
2005-05-05,AAPL,1.1171663368462197,1.117765971299653,1.0937734856420798,1.1000715494155884,387366000
2005-05-06,AAPL,1.1063696824547269,1.1195655441932588,1.103370909635638,1.1168665885925293,326247600
2005-05-09,AAPL,1.1180663177144194,1.1231644106009335,1.1021707029469328,1.1087685823440552,355695200
2005-05-10,AAPL,1.1021708639670502,1.1171662286165,1.0895746375344217,1.0922735929489136,440263600
2005-05-11,AAPL,1.0556847166292833,1.0697807275677231,0.993003311447053,1.0679811239242554,2041981200
2005-05-12,AAPL,1.062282644285244,1.0673807373442115,1.0196955932289102,1.023594617843628,970242000
2005-05-13,AAPL,1.0256938425100923,1.0565840170393739,1.021794918366638,1.0427886247634888,702713200
2005-05-16,AAPL,1.0364906482931522,1.0706802189188833,1.0355904959830848,1.0661816596984863,474294800
2005-05-17,AAPL,1.0538852180522258,1.063482671315328,1.035890280988381,1.0604830980300903,588344400
2005-05-18,AAPL,1.0631818209171997,1.1264636537251835,1.0493864296160942,1.0748786926269531,636722800
2005-05-19,AAPL,1.0730795150343646,1.1300624080812083,1.0730795150343646,1.1261634826660156,793161600
2005-05-20,AAPL,1.117166362900794,1.1291630564860022,1.1153668588630128,1.1261634826660156,452650800
2005-05-23,AAPL,1.135161245446172,1.1966425897213602,1.135161245446172,1.19244384765625,1042574400
2005-05-24,AAPL,1.183147406744496,1.199341945176004,1.1705511763471628,1.1906447410583496,593460000
2005-05-25,AAPL,1.1846459863345247,1.1981423647153957,1.179248075659976,1.1930434703826904,396006800
2005-05-26,AAPL,1.1978424199094424,1.2278331426487423,1.1978424199094424,1.2218348979949951,525520800
2005-05-27,AAPL,1.2188363058983385,1.2233348649201274,1.1999419175408572,1.2164362668991089,316008000
2005-05-31,AAPL,1.2194359039403966,1.2218351422179279,1.1870451360816991,1.19244384765625,404205200
2005-06-01,AAPL,1.1963427372853246,1.2224345381942132,1.1954424849638505,1.208639144897461,453812800
2005-06-02,AAPL,1.2011410055870169,1.2092387716644153,1.1876454295326193,1.2008411884307861,373973600
2005-06-03,AAPL,1.1444582423572232,1.157054470327984,1.132762266936678,1.1468573808670044,956869200
2005-06-06,AAPL,1.1495567037252032,1.158553719223589,1.1264635797833271,1.1372601985931396,811966400
2005-06-07,AAPL,1.1276633175337505,1.1315622431147583,1.0931739231746294,1.0958728790283203,745264800
2005-06-08,AAPL,1.0985716282162667,1.1171662002483218,1.0967721244404822,1.1072689294815063,404006400
2005-06-09,AAPL,1.10966910098751,1.1378603291126252,1.1042703888042114,1.1291630268096924,390255600
2005-06-10,AAPL,1.1216652626516246,1.1216652626516246,1.0652819869878833,1.0739800930023193,678932800
2005-06-13,AAPL,1.0763788164811305,1.097972162395444,1.0742794953844057,1.0766786336898804,435772400
2005-06-14,AAPL,1.0772781050972386,1.0841759026139637,1.0721800115752262,1.0796773433685303,347846800
2005-06-15,AAPL,1.1057700648794901,1.118666008322916,1.088675279212307,1.1135671138763428,563343200
2005-06-16,AAPL,1.1153665570278037,1.1420587926078816,1.1042701189939572,1.1390600204467773,547674400
2005-06-17,AAPL,1.1537558338198746,1.1558551548289888,1.1345608261647973,1.1489566564559937,596125600
2005-06-20,AAPL,1.1351613824378062,1.1423588979271841,1.1231646890728493,1.1279630661010742,323716400
2005-06-21,AAPL,1.1312624685900456,1.145358483331194,1.121065379232129,1.1354612112045288,370526800
2005-06-22,AAPL,1.1474578069275478,1.1576540954589138,1.1438586987682213,1.1561551094055176,424925200
2005-06-23,AAPL,1.1645520726612613,1.1930431058149866,1.1591533627891897,1.1663516759872437,674254000
2005-06-24,AAPL,1.172349653113652,1.1732499056631538,1.1300624093436828,1.1324615478515625,410709600
2005-06-27,AAPL,1.104869967163261,1.1426586515155666,1.1000715899819034,1.1126679182052612,600171600
2005-06-28,AAPL,1.1243649156852364,1.1273635889152032,1.114767359442545,1.1189661026000977,350299600
2005-06-29,AAPL,1.1165667437442104,1.1183663477512458,1.0832765222089331,1.090774655342102,448358400
2005-06-30,AAPL,1.0979720626910816,1.1144672131818956,1.0889749444918646,1.1039704084396362,418390000
2005-07-01,AAPL,1.1045700707428578,1.108768813147677,1.0883747355561415,1.0946727991104126,250000800
2005-07-05,AAPL,1.0961723530153207,1.1441581133112637,1.0946725665111925,1.1390600204467773,454269200
2005-07-06,AAPL,1.1309625048921195,1.1444580825756416,1.115666422359541,1.121364951133728,394626400
2005-07-07,AAPL,1.103970368512058,1.132461308516409,1.1036705513413778,1.1285632848739624,383723200
2005-07-08,AAPL,1.1357606979463186,1.1480572061701502,1.1237641069988222,1.1471569538116455,290735200
2005-07-11,AAPL,1.1507561190150775,1.1591536022317988,1.1330617011034116,1.1426583528518677,388788400
2005-07-12,AAPL,1.146557663738644,1.1516565588398584,1.136961009593598,1.1468573808670044,387038400
2005-07-13,AAPL,1.1483568942368556,1.1546550567749503,1.136660120755156,1.1501564979553223,684835200
2005-07-14,AAPL,1.2233348981526713,1.25992360630902,1.2065399303146223,1.2221348285675049,2096060400
2005-07-15,AAPL,1.228732798574405,1.246727735742778,1.213437617526693,1.2461282014846802,687682800
2005-07-18,AAPL,1.241929122980522,1.2626222089669912,1.2407290537305231,1.244328260421753,586297600
2005-07-19,AAPL,1.2452277052561647,1.2965128507040835,1.231732130684431,1.2953128814697266,671062000
2005-07-20,AAPL,1.2854156086327948,1.3136076278698363,1.2791174469469235,1.3085086345672607,453395600
2005-07-21,AAPL,1.3106084780971432,1.3208055670399341,1.2866159930534309,1.2983120679855347,404264000
2005-07-22,AAPL,1.3028113355921425,1.3196063041687012,1.3013115488624498,1.3196063041687012,301106400
2005-07-25,AAPL,1.3193057728935051,1.3280038757987906,1.311508723335024,1.3139078617095947,294627200
2005-07-26,AAPL,1.3199057895557076,1.3229044613080763,1.3004109695123165,1.3085086345672607,268592800
2005-07-27,AAPL,1.314507163126312,1.3217054779278252,1.2797180611645256,1.3193055391311646,283749200
2005-07-28,AAPL,1.3151072750247057,1.3196066363463845,1.2986129203410477,1.3136082887649536,251311200
2005-07-29,AAPL,1.3064098195449807,1.331002741453354,1.2674219662791373,1.2791179418563843,562080400
2005-08-01,AAPL,1.2767187737173873,1.2920139572825593,1.2620231245089912,1.282117486000061,314249600
2005-08-02,AAPL,1.2863157650179813,1.3046097149388793,1.2779182828128197,1.2953128814697266,296875600
2005-08-03,AAPL,1.2953130833645077,1.2989121907814818,1.2827168580934467,1.2962124347686768,258322400
2005-08-04,AAPL,1.2863159981884258,1.2896145877778766,1.268321061281804,1.2809172868728638,269304000
2005-08-05,AAPL,1.2743195013080741,1.3004113058491458,1.2602233879378675,1.289314866065979,241931200
2005-08-08,AAPL,1.2896148486922823,1.2971129825096583,1.2779187730091126,1.2791179418563843,176383200
2005-08-09,AAPL,1.2875153317357415,1.3163069942206496,1.2869157974095586,1.314207673072815,380839200
2005-08-10,AAPL,1.319606495170606,1.3313024708556485,1.298912498546383,1.3010119199752808,360945200
2005-08-11,AAPL,1.3013115488624498,1.3232046110702367,1.2971128067183102,1.3196063041687012,271983600
2005-08-12,AAPL,1.30341097899332,1.3861859593792938,1.3004114052828328,1.3825875520706177,916036800
2005-08-15,AAPL,1.3939840597291833,1.4494671737832867,1.3930847080056425,1.4299732446670532,1086727600
2005-08-16,AAPL,1.421275606309858,1.4245749970576511,1.3858860642560769,1.387086033821106,537622400
2005-08-17,AAPL,1.3915847352623123,1.4227755382387022,1.3906844827054352,1.4140782356262207,499724400
2005-08-18,AAPL,1.4068792434812045,1.4095781979491522,1.3720901498435594,1.3885844945907593,442559600
2005-08-19,AAPL,1.3879853623075145,1.400581688983313,1.372690180293724,1.3744897842407227,376569200
2005-08-22,AAPL,1.384086274668123,1.4020813109643273,1.3573948387662007,1.3756887912750244,387732800
2005-08-23,AAPL,1.3750889642258393,1.3825869945251255,1.3591933522158117,1.371789574623108,295604400
2005-08-24,AAPL,1.3675908311293905,1.4131774457685915,1.3672910140281211,1.3726897239685059,572070800
2005-08-25,AAPL,1.3831869567224537,1.3942833955106004,1.3738892207602331,1.3813873529434204,276253600
2005-08-26,AAPL,1.3831866287288441,1.389784506981413,1.3603933213643884,1.371789574623108,261058000
2005-08-29,AAPL,1.3576949274427275,1.3804882442191833,1.3573951102170654,1.3747897148132324,256295200
2005-08-30,AAPL,1.37928847071261,1.4032809596975748,1.3771890490930037,1.3966829776763916,518761600
2005-08-31,AAPL,1.4053796692713194,1.410478662836713,1.3876853527438202,1.4062799215316772,402956400
2005-09-01,AAPL,1.4095784828743139,1.4146774767012373,1.3822866129388238,1.387385606765747,356367200
2005-09-02,AAPL,1.3885847839324663,1.4035810474005888,1.3831868738717996,1.386185646057129,222378800
2005-09-06,AAPL,1.4005818263658298,1.4659621038713613,1.396083266533667,1.4635629653930664,818619200
2005-09-07,AAPL,1.471060919720777,1.4815578249989285,1.4371711658063384,1.4599636793136597,963074000
2005-09-08,AAPL,1.4800583084384036,1.5031513440959756,1.4737601441007493,1.4929542541503906,702640400
2005-09-09,AAPL,1.5016513852422781,1.5400405019011185,1.4932539004904795,1.5388405323028564,615641600
2005-09-12,AAPL,1.5325425303916316,1.5484381489974137,1.5169475298594643,1.5415395498275757,452796400
2005-09-13,AAPL,1.5301427748073013,1.538240540040063,1.5091490691777139,1.5241445302963257,492884000
2005-09-14,AAPL,1.5313420733091334,1.5352410977472515,1.4833571142032156,1.4878556728363037,474426400
2005-09-15,AAPL,1.4995522975496887,1.5049510103642931,1.4794587349261792,1.4956532716751099,415156000
2005-09-16,AAPL,1.5064503909293998,1.5358415842056274,1.4980529071361919,1.5358415842056274,591004400
2005-09-19,AAPL,1.5310429528761307,1.5862270488026224,1.5310429528761307,1.5787289142608643,783731200
2005-09-20,AAPL,1.5892256569215006,1.613818478543564,1.5871262355273512,1.5952239036560059,819828800
2005-09-21,AAPL,1.5883259016417572,1.5910248568863414,1.5553356009602664,1.5628328323364258,434747600
2005-09-22,AAPL,1.5559358477744123,1.5736310757813412,1.539140872563378,1.5565354824066162,463727600
2005-09-23,AAPL,1.5625334247923361,1.6045209547045698,1.5547363741933005,1.5955238342285156,558457200
2005-09-26,AAPL,1.6204163704382475,1.6363110877349785,1.599122840965284,1.6147178411483765,546562800
2005-09-27,AAPL,1.6171169260194822,1.6267143802228383,1.6024212778755118,1.602721095085144,341703600
2005-09-28,AAPL,1.5916245658332744,1.5928245353460144,1.5172470778603373,1.5319427251815796,1125544000
2005-09-29,AAPL,1.536441236335576,1.5772286863120666,1.5238450105000803,1.56973135471344,636846000
2005-09-30,AAPL,1.5694316037727014,1.6090190834198628,1.5559351258308076,1.60781991481781,531633200
2005-10-03,AAPL,1.6243148814369381,1.6357111362630785,1.6099190536973698,1.6327123641967773,507553200
2005-10-04,AAPL,1.6480081439801924,1.6600048383126023,1.6087196707830416,1.6120190620422363,539459200
2005-10-05,AAPL,1.6294135740863716,1.630313826694256,1.5820282329935973,1.5829275846481323,610769600
2005-10-06,AAPL,1.5955235425865033,1.6042208442154016,1.5256447117172596,1.550537347793579,757537200
2005-10-07,AAPL,1.551136928035873,1.5574349910827292,1.5160471046956738,1.5385406017303467,677882800
2005-10-10,AAPL,1.5523356396673416,1.55683509884462,1.5079490910352074,1.5106488466262817,507505600
2005-10-11,AAPL,1.536441132603612,1.555635237191482,1.5115483996907932,1.547237753868103,1225884800
2005-10-12,AAPL,1.4590644428917157,1.508550103900417,1.4356715908058255,1.4770594835281372,2697486400
2005-10-13,AAPL,1.4827570694410916,1.6180170756644496,1.4776588755090645,1.611719012260437,1865575600
2005-10-14,AAPL,1.6204161482260473,1.6300128005836982,1.5832270056029567,1.6195158958435059,1035552000
2005-10-17,AAPL,1.6189165300186659,1.6264146631191194,1.5799285803746737,1.602721095085144,616834400
2005-10-18,AAPL,1.5970232944570952,1.618017005064291,1.5655326784933472,1.565832495689392,609588000
2005-10-19,AAPL,1.561633566696215,1.6483074542589946,1.5358414826618811,1.6477078199386597,1008683200
2005-10-20,AAPL,1.6336118215747673,1.6944937256949097,1.6300127142473837,1.6836971044540405,1357762000
2005-10-21,AAPL,1.7046910538785978,1.708889896477579,1.6603044905318047,1.6693015098571777,796726000
2005-10-24,AAPL,1.657004996602882,1.7031911611557007,1.6522066199629175,1.7031911611557007,609753200
2005-10-25,AAPL,1.6914949429577093,1.70499041910752,1.6702014176645144,1.6824970245361328,465127600
2005-10-26,AAPL,1.6878953097407723,1.7262835089105628,1.6770986912904384,1.7103888988494873,631593200
2005-10-27,AAPL,1.709189410589495,1.7097890449634374,1.6618040800094604,1.6618040800094604,411541200
2005-10-28,AAPL,1.6806986761694538,1.6923946511858354,1.6246151365487234,1.6336121559143066,769787200
2005-10-31,AAPL,1.6555058850483384,1.7388803882130472,1.6420094069172744,1.7271844148635864,940844800
2005-11-01,AAPL,1.716688107588982,1.7436800721877062,1.7055907636799934,1.724485158920288,749686000
2005-11-02,AAPL,1.7310838877350656,1.7994630487264893,1.7274846789384515,1.797963261604309,857060400
2005-11-03,AAPL,1.8072599786918384,1.8690411259723023,1.8015613511279283,1.8549460172653198,884382800
2005-11-04,AAPL,1.8099596340178707,1.8366520790006262,1.7880666676703385,1.8339530229568481,878035200
2005-11-07,AAPL,1.8249542350880927,1.8495472468605154,1.8036607131517062,1.8063597679138184,638831200
2005-11-08,AAPL,1.7979630716952868,1.8108599181854692,1.7724706975482514,1.7964640855789185,473765600
2005-11-09,AAPL,1.7994626217142553,1.8357514150612046,1.7994626217142553,1.8027619123458862,552930000
2005-11-10,AAPL,1.8186567645257394,1.8354517338403218,1.7697716433775907,1.8348520994186401,665344400
2005-11-11,AAPL,1.8456486463546753,1.8627435322816772,1.8396503002667317,1.8456486463546753,425448800
2005-11-14,AAPL,1.8456486032922135,1.8588445639541653,1.8267544141914842,1.8429497480392456,369933200
2005-11-15,AAPL,1.8474482603436653,1.8918348179600246,1.8432494182867667,1.867842435836792,536841200
2005-11-16,AAPL,1.8939345339787685,1.9512171435540526,1.8921348297479754,1.9479186534881592,784515200
2005-11-17,AAPL,1.9671118979226832,1.975809296646964,1.9269239935528775,1.9350217580795288,676205600
2005-11-18,AAPL,1.958715078108554,1.9623142859925027,1.9305238524026427,1.9362214803695679,524960800
2005-11-21,AAPL,1.944019941101613,1.9551162831320241,1.9110294308966964,1.948218584060669,511711200
2005-11-22,AAPL,1.9446188356681133,2.0022021537532826,1.93502228335994,1.9950039386749268,540282400
2005-11-23,AAPL,2.0058006289579398,2.0387909309193226,2.000103001174833,2.0126991271972656,485853200
2005-11-25,AAPL,2.029194447110203,2.085576898615386,2.024395169570625,2.0795793533325195,395012800
2005-11-28,AAPL,2.120965928403762,2.1314628318829794,2.0714811841261604,2.0891757011413574,1018519600
2005-11-29,AAPL,2.099073274996249,2.1083701104079946,2.0198965114320013,2.0423901081085205,891433200
2005-11-30,AAPL,2.0522887260277423,2.0648850603426494,2.024996835188728,2.03399395942688,595674800
2005-12-01,AAPL,2.0678823792641943,2.1512575805387373,2.063683537377394,2.1473586559295654,812893200
2005-12-02,AAPL,2.1674529245481913,2.1815490418781076,2.1203674960134773,2.178250551223755,895762000
2005-12-05,AAPL,2.15785533747536,2.1752499371451273,2.1440591441299297,2.153956413269043,583671200
2005-12-06,AAPL,2.2172376701327514,2.244229625584691,2.19984306795632,2.220836877822876,857029600
2005-12-07,AAPL,2.2262350570152525,2.2331335559379926,2.1929456353069026,2.2178375720977783,679464800
2005-12-08,AAPL,2.195343765929697,2.2244353327780595,2.1773487346275244,2.2217354774475098,790479200
2005-12-09,AAPL,2.225635249172018,2.2370323068856615,2.1998431619888406,2.229234457015991,555402400
2005-12-12,AAPL,2.245429969246458,2.2598249998577424,2.2361323319141246,2.246629238128662,524994400
2005-12-13,AAPL,2.2448293503738492,2.2631241055803866,2.2256352436851254,2.2487282752990723,493816400
2005-12-14,AAPL,2.1752504323052047,2.198343464917878,2.10747092104174,2.1596553325653076,1450716400
2005-12-15,AAPL,2.179749141814616,2.1851478540663485,2.1398609370338777,2.1647536754608154,561162000
2005-12-16,AAPL,2.1635546147048426,2.1683530923234735,2.1311639397727538,2.1326637268066406,671171200
2005-12-19,AAPL,2.132662856430591,2.1773491240067893,2.1305634357365615,2.1407604217529297,529295200
2005-12-20,AAPL,2.1482578565124295,2.1707514505435275,2.1329626770626287,2.162653684616089,479108000
2005-12-21,AAPL,2.1773492585656467,2.207640701668294,2.1755497550024128,2.204341411590576,475736800
2005-12-22,AAPL,2.2166385957190724,2.2340332022896274,2.2073409571729,2.2199370861053467,370610800
2005-12-23,AAPL,2.224436910188569,2.227135766374247,2.1983440962972742,2.1998438835144043,229857600
2005-12-27,AAPL,2.219336977563645,2.254726415108415,2.217837190979305,2.2262346744537354,590590000
2005-12-28,AAPL,2.2334328795512257,2.242130280262381,2.1989427935562147,2.2064409255981445,398115200
2005-12-29,AAPL,2.212739346671342,2.2139394163822153,2.141960260208586,2.1428604125976562,490025200
2005-12-30,AAPL,2.1266651068065756,2.1722517395030123,2.1095702196513284,2.1560564041137695,624262800
2006-01-03,AAPL,2.170751788217126,2.241830587387085,2.1668528632751913,2.241830587387085,807234400
2006-01-04,AAPL,2.2532263817510105,2.278718746656889,2.2343319959499035,2.2484281063079834,619603600
2006-01-05,AAPL,2.24422934698105,2.2463287677494406,2.2118394849680136,2.230733871459961,449422400
2006-01-06,AAPL,2.2568262085110096,2.300313419644908,2.235832396254082,2.2883167266845703,704457600
2006-01-09,AAPL,2.301212639021213,2.315308752439988,2.271521626497031,2.280818462371826,675040800
2006-01-10,AAPL,2.2868168892909364,2.4559668526906404,2.274220762384747,2.4250757694244385,2279869200
2006-01-11,AAPL,2.5144491993341016,2.543239856552744,2.4769601402022516,2.5162487030029297,1493794400
2006-01-12,AAPL,2.548338978965966,2.5912259506274546,2.5078513456503426,2.527944803237915,1280809600
2006-01-13,AAPL,2.5489393046779996,2.579530476461276,2.5372433279168995,2.56693434715271,776305600
2006-01-17,AAPL,2.5702321837092987,2.5906263597800083,2.5153487196081485,2.540541172027588,835623600
2006-01-18,AAPL,2.491656198300295,2.5207475772833186,2.454766768898424,2.4739608764648438,1200637200
2006-01-19,AAPL,2.4367734417959346,2.4490698551126666,2.3614957753036294,2.370492696762085,1695848000
2006-01-20,AAPL,2.377690237470351,2.400482750426795,2.2742205734763647,2.2820184230804443,1134758800
2006-01-23,AAPL,2.28231821489741,2.386087799581878,2.2793196425100057,2.329404830932617,1059730000
2006-01-24,AAPL,2.3620939827545504,2.381888721291586,2.272420527702224,2.2805182933807373,1142254400
2006-01-25,AAPL,2.3210074669308742,2.3243061572878325,2.1968438889713138,2.2253358364105225,1275786400
2006-01-26,AAPL,2.235232476257562,2.2622244289167983,2.1572557908681427,2.1692516803741455,1181387200
2006-01-27,AAPL,2.187846547266932,2.2073405719951693,2.132363446003276,2.160254955291748,953864800
2006-01-30,AAPL,2.1344625491238016,2.2973134215231443,2.125464630642365,2.2493276596069336,1398401200
2006-01-31,AAPL,2.264324163297806,2.289516615892782,2.211839837005319,2.2646238803863525,913542000
2006-02-01,AAPL,2.247829191213098,2.2931153077104787,2.23853155353511,2.2619245052337646,521186400
2006-02-02,AAPL,2.2523269200125955,2.2601247679134415,2.160853967697034,2.162353754043579,707322000
2006-02-03,AAPL,2.166552500570588,2.183047748645081,2.130563432641245,2.154855728149414,692123600
2006-02-06,AAPL,2.1599557327694954,2.1746512840618877,2.001602358271667,2.018397331237793,1651767600
2006-02-07,AAPL,2.047488912110397,2.0837787150316576,1.999803650184136,2.027395248413086,1388830800
2006-02-08,AAPL,2.0540866687881785,2.0717819942768814,1.9794094441029242,2.0636842250823975,953114400
2006-02-09,AAPL,2.072381144742969,2.0762802703292076,1.935322325567328,1.9479186534881592,1149764000
2006-02-10,AAPL,1.9548156545631983,2.02949364323084,1.8864365283507443,2.0186970233917236,1760477600
2006-02-13,AAPL,1.9983034044698975,2.001902612430962,1.9386208603541129,1.9407200813293457,883498000
2006-02-14,AAPL,1.952416334703382,2.042389493043192,1.9494175631116384,2.0285933017730713,1160938800
2006-02-15,AAPL,2.014198221160221,2.087976878959742,2.001902612409568,2.0759801864624023,1159771200
2006-02-16,AAPL,2.0966739375699475,2.1296634350542787,2.083777895670117,2.1164674758911133,948175200
2006-02-17,AAPL,2.1083695754951717,2.1260646912245766,2.0876756880317595,2.108069658279419,575999200
2006-02-21,AAPL,2.1170682806461762,2.123366346446366,2.059785653374272,2.071782350540161,779606800
2006-02-22,AAPL,2.0693825346696046,2.149458459949568,2.0393908015616162,2.1389615535736084,978238800
2006-02-23,AAPL,2.153057445722658,2.189346237763657,2.1422598222836715,2.151857376098633,856917600
2006-02-24,AAPL,2.1635548021298843,2.186047605349524,2.1353627676453875,2.143160820007324,534744000
2006-02-27,AAPL,2.1590550541283724,2.1629541797172642,2.118867332282111,2.1290643215179443,791240800
2006-02-28,AAPL,2.1467590065818416,2.1713512221165012,2.042389997026361,2.0540859699249268,1266980400
2006-03-01,AAPL,2.06458245674999,2.084077275928143,2.0399904464014,2.072380304336548,763817600
2006-03-02,AAPL,2.069082651342618,2.0990735840961423,2.059485296590335,2.087676525115967,625273600
2006-03-03,AAPL,2.0813778868925303,2.0966740687028813,2.0252953572591768,2.0309929847717285,737668400
2006-03-06,AAPL,2.0300937061401196,2.030993057595038,1.947618652937159,1.9638131856918335,912665600
2006-03-07,AAPL,1.972211412638958,2.0064017966916756,1.9518180301019594,1.9887064695358276,872877600
2006-03-08,AAPL,1.988106205042142,2.0153980769416626,1.959914981724416,1.9692118167877197,653251200
2006-03-09,AAPL,1.9788092854443653,1.9935048311425452,1.9137286398162368,1.9173270463943481,799304800
2006-03-10,AAPL,1.9209268201049574,1.9341227847296962,1.8729410391698296,1.8951349258422852,1043142800
2006-03-13,AAPL,1.950917405568735,1.9878066369273046,1.9431203557506709,1.9698117971420288,861187600
2006-03-14,AAPL,1.972511678530064,2.0189976692199707,1.9644141098196737,2.0189976692199707,642020400
2006-03-15,AAPL,2.0306929400190077,2.0405902087310057,1.9650126675335566,1.9863061904907227,891996000
2006-03-16,AAPL,2.004901651946721,2.006401438920322,1.9284247292159482,1.9287246465682983,749638400
2006-03-17,AAPL,1.9419199988994253,1.9656126638788713,1.9227258930423505,1.9392211437225342,812042000
2006-03-20,AAPL,1.9560160548785934,1.9632134689695842,1.915527422254405,1.9191266298294067,605441200
2006-03-21,AAPL,1.8537468910217285,1.9296241866706914,1.8411507614164437,1.8537468910217285,1345366400
2006-03-22,AAPL,1.864243891851151,1.8969344876518113,1.8375516439815773,1.84954833984375,1345895600
2006-03-23,AAPL,1.8540457536725534,1.8564450916198603,1.7877660449959853,1.804260492324829,1427826400
2006-03-24,AAPL,1.8069613119186456,1.8276552123279877,1.7703715889183624,1.7982639074325562,1071980000
2006-03-27,AAPL,1.8099588829191349,1.8408499579351423,1.781467946648441,1.784766435623169,1108072000
2006-03-28,AAPL,1.7883658428698694,1.8036610230478114,1.7469780603398064,1.7607742547988892,1370322800
2006-03-29,AAPL,1.773370409697648,1.8750397634791955,1.7295834884731602,1.8693411350250244,2346834000
2006-03-30,AAPL,1.8840368054522523,1.8984326339045372,1.8453486796882959,1.8819373846054077,1390650800
2006-03-31,AAPL,1.8969338052332856,1.9077304272014153,1.866642359290473,1.8810381889343262,815357200
2006-04-03,AAPL,1.9095301577944503,1.9230256351252422,1.8777389247528553,1.8789387941360474,815791200
2006-04-04,AAPL,1.8624431119347151,1.8660423188271607,1.8309526043258162,1.8345518112182617,931924000
2006-04-05,AAPL,1.9407200313882256,2.015697956085205,1.9239250627476079,2.015697956085205,2233408800
2006-04-06,AAPL,2.0483875140914463,2.1608534437536187,2.045387942125664,2.136561155319214,2663768800
2006-04-07,AAPL,2.127264124349241,2.1356616068286582,2.053486285468314,2.0930745601654053,1545238800
2006-04-10,AAPL,2.108070157626871,2.1272644635581566,2.052886978550992,2.0594849586486816,903515200
2006-04-11,AAPL,2.069083127355543,2.078379966275127,2.0114997864415916,2.0390915870666504,939316000
2006-04-12,AAPL,2.0396909851127254,2.0444892607286453,1.9884057355760503,2.000702142715454,739894400
2006-04-13,AAPL,1.989606076254487,2.02259557704097,1.9737104597066177,1.9935050010681152,734678000
2006-04-17,AAPL,1.9947039216608133,2.004601191607491,1.929923192583317,1.9437193870544434,721938000
2006-04-18,AAPL,1.9506178016330575,1.993505586759771,1.9431206679437456,1.9860074520111084,794844400
2006-04-19,AAPL,2.004002331608328,2.009400243399373,1.9635136886206332,1.9689126014709473,1086033200
2006-04-20,AAPL,2.0846780681567387,2.099373619424915,1.9854078174333791,2.028294801712036,1666982800
2006-04-21,AAPL,2.0450893421233376,2.058585621434981,1.993505165115678,2.0105998516082764,788986800
2006-04-24,AAPL,2.004901822287351,2.007001243932173,1.964414177551275,1.9719113111495972,707028000
2006-04-25,AAPL,1.9782098527544096,1.9971040495647274,1.9662139568108783,1.9845079183578491,529062800
2006-04-26,AAPL,1.9989037034585189,2.0477888401557767,1.9914063687904344,2.0438907146453857,710886400
2006-04-27,AAPL,2.031293624039724,2.0951740005274555,2.0198963673390606,2.080178737640381,845947200
2006-04-28,AAPL,2.0807779644636404,2.138361068053668,2.075380055288085,2.1110692024230957,760037600
2006-05-01,AAPL,2.1224655947189563,2.145558821108443,2.0741801217441576,2.0873758792877197,750380400
2006-05-02,AAPL,2.1038723742421985,2.1587558586365616,2.1026731050293073,2.1479592323303223,771663200
2006-05-03,AAPL,2.154255735395189,2.157854941906856,2.1047710004651896,2.133561849594116,686991200
2006-05-04,AAPL,2.1359622053740974,2.186047403893721,2.113169687076397,2.133263349533081,860420400
2006-05-05,AAPL,2.155156852347765,2.1668530274241538,2.133862521993777,2.1560564041137695,563911600
2006-05-08,AAPL,2.1890467093323136,2.213339011674762,2.1509582099963565,2.1560564041137695,594851600
2006-05-09,AAPL,2.153956708694974,2.1761503877785118,2.117967435009211,2.1302640438079834,531666800
2006-05-10,AAPL,2.13806203726876,2.1392619071618992,2.087677111927934,2.1173689365386963,459888800
2006-05-11,AAPL,2.1230665089103664,2.1245662961830085,2.02589566991637,2.0438907146453857,812688800
2006-05-12,AAPL,2.034891921090638,2.0600843722952895,2.0052009108406366,2.030393362045288,641774000
2006-05-15,AAPL,2.0204968833910595,2.0507883407135012,2.0129995489934607,2.033093214035034,529177600
2006-05-16,AAPL,2.042389499153291,2.0468880569778647,1.9419194386713077,1.9488171339035034,936740000
2006-05-17,AAPL,1.940719702760667,1.97041171111182,1.9215255991443094,1.9572149515151978,754194000
2006-05-18,AAPL,1.9698120153575336,1.9872074228269758,1.8930353718614255,1.8948348760604858,658442400
2006-05-19,AAPL,1.8972344182856982,1.945819840722341,1.8840378511407423,1.9347234964370728,985866000
2006-05-22,AAPL,1.9155274845775057,1.9191266922696104,1.88253798415746,1.900831937789917,718975600
2006-05-23,AAPL,1.945218938565758,1.955115406469382,1.889435333938782,1.893933892250061,694414000
2006-05-24,AAPL,1.8891357503799737,1.9089294884327055,1.8462479831871457,1.899632453918457,916031200
2006-05-25,AAPL,1.9272242142780203,1.9329226420645962,1.898132641264857,1.929323434829712,463372000
2006-05-26,AAPL,1.928723827782651,1.9362209575613047,1.8936341130895944,1.905930519104004,432950000
2006-05-30,AAPL,1.8981321994521176,1.8984321166342333,1.836051344871521,1.836051344871521,563402000
2006-05-31,AAPL,1.8522466100548463,1.8531467623835183,1.760174000557446,1.792564868927002,1280977600
2006-06-01,AAPL,1.7949641807266603,1.8678426906003982,1.7850669088140367,1.8645431995391846,942508000
2006-06-02,AAPL,1.8891356476362064,1.8924341366380995,1.8258545115319647,1.8492474555969238,685787200
2006-06-05,AAPL,1.833952402936104,1.833952402936104,1.7985629670629641,1.7994623184204102,605785600
2006-06-06,AAPL,1.80606012101164,1.8183567288441937,1.766772561094645,1.7910648584365845,726037200
2006-06-07,AAPL,1.8024620337278372,1.8114591518247067,1.7499777102958702,1.7562757730484009,750506400
2006-06-08,AAPL,1.752676180100882,1.8273533650731566,1.713987259392226,1.8222553730010986,1397482800
2006-06-09,AAPL,1.83485201948438,1.8462482763890882,1.7724704215880827,1.7766692638397217,775838000
2006-06-12,AAPL,1.7814683797271997,1.791364850116106,1.7082901577359642,1.7094892263412476,717785600
2006-06-13,AAPL,1.7277840426347508,1.772470522148702,1.7202861096171453,1.7493774890899658,1080643200
2006-06-14,AAPL,1.7478784980185385,1.7628739635863069,1.7001924450131178,1.7277840375900269,878136000
2006-06-15,AAPL,1.7184875963193593,1.7916650366360105,1.7019925403609235,1.780868411064148,1190383600
2006-06-16,AAPL,1.7682720119141226,1.7751705112291154,1.725085315990611,1.726284384727478,838101600
2006-06-19,AAPL,1.734382230831053,1.7448791380988202,1.709489490660231,1.7154878377914429,704575200
2006-06-20,AAPL,1.727784128899708,1.7499780117399184,1.7181867741579955,1.7235854864120483,672974400
2006-06-21,AAPL,1.731682936906772,1.7607743124970818,1.7184869769805675,1.7352819442749023,863296000
2006-06-22,AAPL,1.745478635364011,1.7919654215522303,1.7415805108826228,1.7868664264678955,965633200
2006-06-23,AAPL,1.7910646629657636,1.8045611385939833,1.7613736578966543,1.7643722295761108,660203600
2006-06-26,AAPL,1.7745696249512597,1.7754697771755013,1.750577044447653,1.7691717147827148,466536000
2006-06-27,AAPL,1.7721706377659294,1.7760695625670675,1.7214858166219973,1.7223851680755615,550611600
2006-06-28,AAPL,1.718186674362219,1.7184871923159615,1.661804220647861,1.6800981760025024,850704400
2006-06-29,AAPL,1.702291315069463,1.7721702260570578,1.691194778252397,1.7685710191726685,873398400
2006-06-30,AAPL,1.7271849079377415,1.731983185477446,1.694494314735583,1.7175873517990112,739695600
2006-07-03,AAPL,1.7250855110582044,1.7448792570936558,1.7196867980600865,1.7379815578460693,194770800
2006-07-05,AAPL,1.7139877857822416,1.7274842649525137,1.6962934653284534,1.7094892263412476,518240800
2006-07-06,AAPL,1.7121891510401106,1.721485987391165,1.6678016876801518,1.6726008653640747,633208800
2006-07-07,AAPL,1.6639034925009932,1.695993743651246,1.639610390653193,1.661503553390503,799360800
2006-07-10,AAPL,1.6705013526637653,1.6941940189690632,1.6345122770354057,1.6495076417922974,529345600
2006-07-11,AAPL,1.6528064809625371,1.6791989075304152,1.6354118752416336,1.669001817703247,825022800
2006-07-12,AAPL,1.654605449916507,1.656704870694301,1.5871257695733005,1.5883257389068604,927329200
2006-07-13,AAPL,1.5604335043716684,1.6231149078689628,1.541838935300919,1.5670313835144043,1249906000
2006-07-14,AAPL,1.574530120643836,1.5862269979292611,1.5043514596854417,1.5196466445922852,993036800
2006-07-17,AAPL,1.5514368185317666,1.5928247095448955,1.5490376800911654,1.5706310272216797,1024542400
2006-07-18,AAPL,1.594323322630318,1.6150172132433027,1.55503566297541,1.5865262746810913,1000448400
2006-07-19,AAPL,1.5883258712448165,1.6519067326898014,1.5703309346131518,1.6225154399871826,1390743200
2006-07-20,AAPL,1.8282541698200225,1.8471483585996542,1.7910650262099324,1.8144577741622925,1972146400
2006-07-21,AAPL,1.7940643799806633,1.8339523739159556,1.7886656691681553,1.82105553150177,891892400
2006-07-24,AAPL,1.8372510032407778,1.862443453997178,1.8123584697628516,1.842049479484558,722856400
2006-07-25,AAPL,1.8528466650366775,1.8621434988453123,1.8228549410238968,1.8573452234268188,589069600
2006-07-26,AAPL,1.8594449324757094,1.9386206936069428,1.849847379091428,1.9155274629592896,898427600
2006-07-27,AAPL,1.9344217745051606,1.950017673000725,1.8852367429389536,1.9014322757720947,735044800
2006-07-28,AAPL,1.917626173616366,1.9698107611018403,1.904430418527759,1.9671117067337036,691507600
2006-07-31,AAPL,2.0043014678370317,2.0582847745501667,1.9878062181929308,2.038191318511963,892841600
2006-08-01,AAPL,2.015996755568163,2.0372902738756933,1.9776085593080042,2.0147976875305176,711765600
2006-08-02,AAPL,2.028893983406875,2.059785069427649,2.0246953408010264,2.0441901683807373,550768400
2006-08-03,AAPL,2.0366917582649857,2.099373073199913,2.0336929856542842,2.0870766639709473,841044400
2006-08-04,AAPL,2.0108991518988626,2.0576848376739725,1.948217652933486,2.0483880043029785,1852866400
2006-08-07,AAPL,2.0309931379904094,2.0873763900066393,1.9887057990841466,2.015697956085205,1245512800
2006-08-08,AAPL,2.0120979084435673,2.012698343437863,1.9347218788735643,1.9428186416625977,997864000
2006-08-09,AAPL,1.962313325160445,1.9674113162309752,1.9014315433333115,1.907129168510437,955838800
2006-08-10,AAPL,1.8969332309897624,1.943718912374947,1.8804379853187665,1.921525239944458,697760000
2006-08-11,AAPL,1.8963331427986507,1.9233252951201534,1.8768391220070075,1.908929467201233,777529200
2006-08-14,AAPL,1.9209269839780516,1.9560169208812812,1.9074315012383043,1.9176276922225952,717620400
2006-08-15,AAPL,1.9596145597524937,1.99440456913671,1.9434200252114378,1.992904782295227,861352800
2006-08-16,AAPL,2.0124001262952196,2.041490712909893,1.9893068866825392,2.0387916564941406,781284000
2006-08-17,AAPL,2.039390208524475,2.0591847466196658,2.0147981957980896,2.027094602584839,581148400
2006-08-18,AAPL,2.030693557569908,2.051387452564638,2.0171978785847124,2.036691904067993,536354000
2006-08-21,AAPL,2.0183965374427797,2.018697255553957,1.9839072533523294,1.9962036609649658,526226400
2006-08-22,AAPL,1.9998029332113438,2.0489879646219005,1.9944042220722493,2.027994155883789,576968000
2006-08-23,AAPL,2.0393901109578647,2.058884931088314,2.007599685476014,2.0186970233917236,536258800
2006-08-24,AAPL,2.036091258701957,2.0450883735583143,1.9875058774613092,2.0336921215057373,655191600
2006-08-25,AAPL,2.0195968270348423,2.0708810830756774,2.0186974755683758,2.0618841648101807,543958800
2006-08-28,AAPL,2.0543866540335967,2.0576851433744427,1.9998029120612288,2.0088000297546387,738161200
2006-08-29,AAPL,2.009100354851685,2.017198123607712,1.9530170095533044,1.993805170059204,947332400
2006-08-30,AAPL,2.0195966627401907,2.033992491598773,1.9998029236156074,2.0082004070281982,680142400
2006-08-31,AAPL,2.0177981055660466,2.0483892812659734,1.99920342617333,2.0348927974700928,574697200
2006-09-01,AAPL,2.0537857436340916,2.0588847364774683,2.03399200920392,2.0507869720458984,408494800
2006-09-05,AAPL,2.0684818526408453,2.1443591234142816,2.0558857271650615,2.1437594890594482,1012457600
2006-09-06,AAPL,2.131763174960848,2.1500581324807526,2.0903761842334885,2.1002726554870605,974103200
2006-09-07,AAPL,2.1173676726429407,2.2037416358033646,2.1068707694097557,2.183347463607788,1267957600
2006-09-08,AAPL,2.20044273058184,2.206441076456062,2.1566556065472655,2.174950361251831,895921600
2006-09-11,AAPL,2.1722506030863475,2.2112384335799256,2.1419591692246662,2.1743500232696533,949124400
2006-09-12,AAPL,2.1836484636080953,2.2028425759323538,2.142860899839592,2.178250551223755,1684687200
2006-09-13,AAPL,2.1848479960708813,2.228934844534866,2.1683529425913295,2.2253358364105225,1146138000
2006-09-14,AAPL,2.210939329713166,2.2394310682495786,2.2031412809439135,2.224435806274414,801729600
2006-09-15,AAPL,2.2373317936401707,2.2487280493332835,2.1980434318812003,2.222336530685425,981853600
2006-09-18,AAPL,2.2133392856456893,2.2451297252836917,2.198343817915898,2.216038942337036,705278000
2006-09-19,AAPL,2.2223360897985844,2.2301331364714203,2.183347252622776,2.2124388217926025,710049200
2006-09-20,AAPL,2.230733860820413,2.2697217019935105,2.2259345841659153,2.2571253776550293,822791200
2006-09-21,AAPL,2.2568260816725556,2.2811191833400843,2.2199366533164446,2.238831043243408,794124800
2006-09-22,AAPL,2.2283341623549258,2.229534232020452,2.176750186860461,2.1893463134765625,665112000
2006-09-25,AAPL,2.213639240502452,2.2751215056865015,2.210940384368727,2.271822214126587,858992400
2006-09-26,AAPL,2.2847174376586445,2.3327032025361194,2.282318099361819,2.3276050090789795,1102948000
2006-09-27,AAPL,2.314408716592571,2.3234066366725985,2.2739208791980716,2.291616201400757,810373200
2006-09-28,AAPL,2.309909807260603,2.3237060019783167,2.277819659737095,2.309609889984131,723609600
2006-09-29,AAPL,2.312609260938362,2.324904867139484,2.2997124187542735,2.3087103366851807,405812400
2006-10-02,AAPL,2.2523266058278164,2.275419628446773,2.228333231018285,2.2451283931732178,712639200
2006-10-03,AAPL,2.2328328138406652,2.247828072623918,2.1950440489530685,2.2217354774475098,790708800
2006-10-04,AAPL,2.222336807068155,2.2631241596233003,2.1941447802243705,2.2607250213623047,829082800
2006-10-05,AAPL,2.23523311227765,2.284118237894166,2.2232364185109175,2.244230031967163,683883200
2006-10-06,AAPL,2.2319333283966127,2.2505280010848985,2.213638573013167,2.2259349822998047,466958800
2006-10-09,AAPL,2.213338450776795,2.251727458345764,2.20524068502837,2.2382311820983887,438222400
2006-10-10,AAPL,2.2355325070498537,2.2367315756180877,2.1917453819626944,2.2136385440826416,531588400
2006-10-11,AAPL,2.2019423914366567,2.2187373585011407,2.177349374969476,2.1962437629699707,571855200
2006-10-12,AAPL,2.2076406329018283,2.2610245021323707,2.207340115015282,2.2571253776550293,592855200
2006-10-13,AAPL,2.2682233912670084,2.3057122712103175,2.2415319398153235,2.249929428100586,684196800
2006-10-16,AAPL,2.255027294105614,2.2757211944486033,2.2430305980089433,2.2613253593444824,508692800
2006-10-17,AAPL,2.2505280948962105,2.2574257927714263,2.2205371640093,2.228034496307373,480925200
2006-10-18,AAPL,2.241830610362556,2.2604252831413025,2.216638157268861,2.2352328300476074,1133907600
2006-10-19,AAPL,2.377089618075779,2.3977835092288746,2.3441001199433384,2.3689918518066406,1512977200
2006-10-20,AAPL,2.3683924261949048,2.398983587342333,2.3593953085093733,2.3977835178375244,639413600
2006-10-23,AAPL,2.398983808363216,2.4562664105744405,2.3917853927891275,2.443070650100708,832507200
2006-10-24,AAPL,2.435572249280012,2.44966836073099,2.405281606582616,2.430773973464966,463212400
2006-10-25,AAPL,2.439770462386918,2.459264480548098,2.42957347738207,2.4496679306030273,485214800
2006-10-26,AAPL,2.4562665111793107,2.477260322471063,2.433173478927842,2.464963912963867,432756800
2006-10-27,AAPL,2.451767316808443,2.4727611226634703,2.399582919615197,2.4115796089172363,594966400
2006-10-30,AAPL,2.3989842092031064,2.426276087239949,2.38428865957244,2.4118802547454834,499917600
2006-10-31,AAPL,2.442771585430789,2.4496692847019235,2.406181865522041,2.4316742420196533,501474400
2006-11-01,AAPL,2.432273372177958,2.4406708540448,2.3500972559650517,2.3740904331207275,611192400
2006-11-02,AAPL,2.3668933707307818,2.3788898650366943,2.3542970416989806,2.3686928749084473,465483200
2006-11-03,AAPL,2.380088605098458,2.3851867969963108,2.333002206060106,2.3479976654052734,431888800
2006-11-06,AAPL,2.367792825329949,2.4010830421688065,2.3521969268419234,2.3905861377716064,434576800
2006-11-07,AAPL,2.4127789342181893,2.429274183553775,2.403182182389637,2.414578437805176,525932400
2006-11-08,AAPL,2.3998833613939463,2.479959284550052,2.3959844361933196,2.472761869430542,690916800
2006-11-09,AAPL,2.4862574594960622,2.5399416573580518,2.4628645097636768,2.4994540214538574,923053600
2006-11-10,AAPL,2.5057516763578938,2.5072506620401245,2.474261164535348,2.4928548336029053,373864400
2006-11-13,AAPL,2.4958542997750364,2.532742920337598,2.4784596998711246,2.5297441482543945,450674000
2006-11-14,AAPL,2.5432400972441918,2.549238443374634,2.5162489411399425,2.549238443374634,588954800
2006-11-15,AAPL,2.5507376693344304,2.576230034148803,2.519247159920139,2.520746946334839,655323200
2006-11-16,AAPL,2.545339100955194,2.5882268683306373,2.5378417701571605,2.567532777786255,693940800
2006-11-17,AAPL,2.553437817383381,2.577431206901435,2.5492389742177215,2.5747313499450684,466424000
2006-11-20,AAPL,2.5612345182514282,2.6092202746689264,2.5552361735668834,2.593324661254883,570794000
2006-11-21,AAPL,2.6218175663183483,2.6572070121765137,2.612519928412672,2.6572070121765137,622666800
2006-11-22,AAPL,2.6689020991672217,2.7216861288634546,2.6347125368490065,2.7084903717041016,671941200
2006-11-24,AAPL,2.6850973707714387,2.7915657801591034,2.684198019546645,2.7480785846710205,518677600
2006-11-27,AAPL,2.7744719008155996,2.793965724645659,2.6841987948126014,2.6853978633880615,1074836000
2006-11-28,AAPL,2.7099906081593614,2.758276087748511,2.696494130688576,2.7534778118133545,1036173600
2006-11-29,AAPL,2.789168447296917,2.793667008237392,2.7066923607749085,2.753178358078003,1157083200
2006-11-30,AAPL,2.7654743452533337,2.7795702601247965,2.730984851959782,2.748979091644287,870486400
2006-12-01,AAPL,2.7531769947226974,2.7690726095896463,2.7021924617263364,2.7387821674346924,795079600
2006-12-04,AAPL,2.7555785480752477,2.7606765435045193,2.714190545360155,2.732785224914551,709536800
2006-12-05,AAPL,2.748679009846774,2.7690729859868832,2.725286060894403,2.7372827529907227,662838400
2006-12-06,AAPL,2.71838871600693,2.740882116181862,2.6892973345349134,2.6940956115722656,638184400
2006-12-07,AAPL,2.7000929618448217,2.714188871472243,2.6062206705663487,2.610419511795044,1004827600
2006-12-08,AAPL,2.616118765461157,2.6808997064653375,2.6092210674018173,2.64700984954834,784277200
2006-12-11,AAPL,2.666203098471278,2.678199787618907,2.640710934879639,2.6617045402526855,499780400
2006-12-12,AAPL,2.6575068790206364,2.6644045774,2.5651343406460763,2.5834290981292725,1026620000
2006-12-13,AAPL,2.637712388489523,2.6713023303254855,2.6137198017059453,2.6707026958465576,857052000
2006-12-14,AAPL,2.6707018678361933,2.6991938066026235,2.647009205743551,2.6557064056396484,832330800
2006-12-15,AAPL,2.6698032045317515,2.6758015511256175,2.6191183770845967,2.630814552307129,739939200
2006-12-18,AAPL,2.628114221658442,2.6392107570505146,2.5369409993543224,2.563333511352539,721576800
2006-12-19,AAPL,2.5411410654951494,2.5996237433500027,2.50785164347558,2.588527202606201,911405600
2006-12-20,AAPL,2.593325321728584,2.5993236679408,2.541441428899317,2.542041063308716,567691600
2006-12-21,AAPL,2.5402409395213317,2.563633683192889,2.4652630316490924,2.4862568378448486,903599200
2006-12-22,AAPL,2.50305165875633,2.5204470577379063,2.4472686574989586,2.4652628898620605,613303600
2006-12-26,AAPL,2.4637635334457597,2.4763598545845684,2.425974770241066,2.444568634033203,490688800
2006-12-27,AAPL,2.343799245408513,2.459264783601862,2.30241226671155,2.4448697566986084,1935754800
2006-12-28,AAPL,2.4058816748963707,2.436772758331398,2.388786988347924,2.4253756999969482,1119876800
2006-12-29,AAPL,2.5177480285373193,2.5612352388888833,2.500053707586468,2.544440269470215,1076429200
2007-01-03,AAPL,2.587926669490766,2.596624068795385,2.4562658108108963,2.5132486820220947,1238319600
2007-01-04,AAPL,2.520746759551437,2.5777296295577594,2.513848263105604,2.5690324306488037,847260400
2007-01-05,AAPL,2.5723317809748556,2.5852278252601835,2.5312445097801914,2.5507383346557617,834741600
2007-01-08,AAPL,2.5780290529550602,2.595123932031213,2.5576348846409243,2.563333511352539,797106800
2007-01-09,AAPL,2.5927256193220876,2.7885667978080826,2.553736773399594,2.7762703895568848,3349298400
2007-01-10,AAPL,2.841650572000465,2.933122707856804,2.802661939785983,2.909130334854126,2952880000
2007-01-11,AAPL,2.877340607065031,2.90253305525298,2.852148158877082,2.8731417655944824,1440252800
2007-01-12,AAPL,2.8368522281845228,2.8509483400747704,2.7960648803676733,2.8377525806427,1312690400
2007-01-16,AAPL,2.869543027291634,2.9166284379256613,2.8626453303677573,2.9121298789978027,1244076400
2007-01-17,AAPL,2.9259258161175676,2.9271248843984727,2.8437504974748595,2.8476486206054688,1646260000
2007-01-18,AAPL,2.7621751790723157,2.762475096362847,2.670702207366587,2.67130184173584,2364605600
2007-01-19,AAPL,2.658106832541691,2.6886980043947037,2.64281144682705,2.654207706451416,1364473600
2007-01-22,AAPL,2.673400993636817,2.6740014287928613,2.568732872955569,2.6029224395751953,1454026000
2007-01-23,AAPL,2.5711325437485915,2.6245162254594123,2.5645347630771953,2.570232391357422,1207424400
2007-01-24,AAPL,2.5996235828407905,2.613719496214605,2.5816293450681185,2.600224018096924,927813600
2007-01-25,AAPL,2.6125194670168077,2.6542069695449246,2.580129400540505,2.5867273807525635,905973600
2007-01-26,AAPL,2.612519173872975,2.620317022589844,2.5489383167989645,2.5606350898742676,986874000
2007-01-29,AAPL,2.5882266296869463,2.59872353251406,2.5651334034249422,2.577430009841919,901664400
2007-01-30,AAPL,2.5921259528342375,2.5939254564894374,2.5567363149173765,2.5657334327697754,577970400
2007-01-31,AAPL,2.5450395798892753,2.5792299496465825,2.529744399222713,2.571132183074951,856069200
2007-02-01,AAPL,2.5861279187977737,2.5873269874102607,2.5414414405822754,2.5414414405822754,664342000
2007-02-02,AAPL,2.522846270885734,2.5567359167215606,2.5102499474729356,2.541740655899048,621530000
2007-02-05,AAPL,2.5282440910633466,2.5561363923895737,2.5174474716186523,2.5174474716186523,578852400
2007-02-06,AAPL,2.532743610025249,2.533344045325455,2.4850583558767845,2.5237464904785156,864393600
2007-02-07,AAPL,2.5336440676444307,2.5906269661715515,2.50575255322375,2.5837292671203613,1066825200
2007-02-08,AAPL,2.562134507209962,2.594525376356365,2.5615350730158606,2.584628105163574,679030800
2007-02-09,AAPL,2.575630429174287,2.585227180346822,2.4955545271451554,2.497354030609131,860540800
2007-02-12,AAPL,2.532143988361794,2.5546375881895886,2.5081514025002063,2.545640468597412,724071600
2007-02-13,AAPL,2.5540364771623785,2.557934599401597,2.5282436013619645,2.5402402877807617,580986000
2007-02-14,AAPL,2.5381421012439627,2.568432748114657,2.536342397194729,2.5582363605499268,507981600
2007-02-15,AAPL,2.562434528374315,2.567832437830303,2.542639991372922,2.5555360317230225,363661200
2007-02-16,AAPL,2.5567369439969116,2.5615354213796326,2.539041820366935,2.5441408157348633,399868000
2007-02-20,AAPL,2.5387414296384163,2.5840281365740942,2.5240456836160385,2.57623028755188,617702400
2007-02-21,AAPL,2.578630457160288,2.6838988583226633,2.5780308225920114,2.675201654434204,1155313600
2007-02-22,AAPL,2.723186437961653,2.7234861550300313,2.655107217478577,2.6844983100891113,838224800
2007-02-23,AAPL,2.6740016979860486,2.7093911374214916,2.664703861555963,2.67130184173584,517893600
2007-02-26,AAPL,2.6943944370668755,2.6991937135752573,2.6275150944157843,2.6545064449310303,615848800
2007-02-27,AAPL,2.588227010287862,2.6116197567959336,2.501553120493651,2.517148017883301,1145813200
2007-02-28,AAPL,2.489257562106061,2.567234077787,2.489257562106061,2.5375430583953857,919475200
2007-03-01,AAPL,2.520147024123465,2.6485094268887495,2.5117495398897973,2.611020565032959,1415528800
2007-03-02,AAPL,2.6023230319148776,2.6254162625486512,2.5555365358626054,2.561534881591797,860000400
2007-03-05,AAPL,2.575931762072212,2.6587065643642704,2.5720326355456447,2.588827610015869,838899600
2007-03-06,AAPL,2.6332133228980816,2.6485093047875727,2.621217432233403,2.6449100971221924,723186800
2007-03-07,AAPL,2.640711824187008,2.6683034176714493,2.62271678440541,2.630814552307129,626284400
2007-03-08,AAPL,2.65690701456645,2.6608051387920706,2.623016358163387,2.639211893081665,511011200
2007-03-09,AAPL,2.663204633579373,2.664703619260301,2.621217217781877,2.6383121013641357,451836000
2007-03-12,AAPL,2.641310749148274,2.698894064499334,2.638911611185144,2.6952948570251465,729408400
2007-03-13,AAPL,2.6814986048439042,2.7171879585811256,2.6512081623077393,2.6512081623077393,867890800
2007-03-14,AAPL,2.6572065723882923,2.6991941928863525,2.63681259672991,2.6991941928863525,796586000
2007-03-15,AAPL,2.6979953028193875,2.7099919998771753,2.678501270736182,2.6862993240356445,559498800
2007-03-16,AAPL,2.685397729599872,2.6988942077620535,2.6787999496921935,2.6868975162506104,571704000
2007-03-19,AAPL,2.7063912512092134,2.745679811091258,2.6868972302137997,2.733083486557007,712961200
2007-03-20,AAPL,2.7396809409230145,2.7543764832201325,2.7309835423817463,2.743579864501953,488916400
2007-03-21,AAPL,2.7588764345478576,2.8191586206014643,2.748679444863986,2.8152596950531006,686896000
2007-03-22,AAPL,2.8110611329659303,2.829955325914191,2.7891679666447904,2.8179588317871094,561492400
2007-03-23,AAPL,2.799664607878485,2.8212578547887683,2.798164821016814,2.804762601852417,450884000
2007-03-26,AAPL,2.8188585993060995,2.8761412052564226,2.798164704821372,2.8746414184570312,864987200
2007-03-27,AAPL,2.870441933066397,2.904031861913888,2.8491484104131835,2.8629446029663086,932052800
2007-03-28,AAPL,2.8455503042468733,2.861146206421522,2.7936664053926266,2.796365261077881,942337200
2007-03-29,AAPL,2.824856573583266,2.824856573583266,2.7660741885760127,2.811659812927246,725723600
2007-03-30,AAPL,2.8275558633724485,2.839552556337209,2.7816695138413974,2.7864677906036377,600558000
2007-04-02,AAPL,2.8233562892287924,2.826654778069976,2.7897663608607774,2.8086607456207275,501992400
2007-04-03,AAPL,2.8233575046990023,2.8560472950412077,2.8119604450256266,2.8341541290283203,583934400
2007-04-04,AAPL,2.8473499028687064,2.853348249976658,2.823057598140767,2.827256441116333,476784000
2007-04-05,AAPL,2.822757196670836,2.839552164077759,2.8047621597095524,2.839552164077759,355516000
2007-04-09,AAPL,2.855446431259369,2.8581452858620486,2.7903657948875153,2.8086607456207275,413341600
2007-04-10,AAPL,2.809260074849069,2.8269553906836604,2.801462227286464,2.8266546726226807,352466800
2007-04-11,AAPL,2.816158771678472,2.8176585584932363,2.7690731538291313,2.7768712043762207,549018400
2007-04-12,AAPL,2.7603756607719743,2.768473427573612,2.720787379477868,2.764874219894409,656675600
2007-04-13,AAPL,2.726186354354501,2.7411818198275513,2.700993900283519,2.7063918113708496,719941600
2007-04-16,AAPL,2.71628884069954,2.7441803479335123,2.7066912871694635,2.7420809268951416,609033600
2007-04-17,AAPL,2.759175316894069,2.76817323509166,2.6901959489876015,2.709690570831299,751920400
2007-04-18,AAPL,2.703992094981832,2.7246859850717065,2.6871971291915924,2.7111895084381104,464044000
2007-04-19,AAPL,2.7048926170580483,2.7366838597227243,2.694095991671147,2.7072925567626953,425913600
2007-04-20,AAPL,2.725885135671992,2.734583136079787,2.715688750330675,2.728285074234009,522779600
2007-04-23,AAPL,2.7468795826795755,2.813160111921278,2.741781588660263,2.8044629096984863,780290000
2007-04-24,AAPL,2.817958709313915,2.8908372227725496,2.7381824973338875,2.796365261077881,1055252800
2007-04-25,AAPL,2.8260549636056562,2.8611448762850893,2.8131589241708173,2.859644889831543,1187144000
2007-04-26,AAPL,3.0464895465829893,3.0740811326905306,2.9481188910742047,2.9643142223358154,1737778000
2007-04-27,AAPL,2.944521242302374,2.9976052076404995,2.9298256937191085,2.9967050552368164,699403600
2007-04-30,AAPL,3.0018035664320863,3.0290954399455776,2.989207440325438,2.9931063652038574,616509600
2007-05-01,AAPL,2.9868083409868866,3.009601655533466,2.955617542189414,2.9832091331481934,532523600
2007-05-02,AAPL,2.988607958320827,3.0152993979631115,2.983209246463629,3.010800838470459,505145200
2007-05-03,AAPL,3.020998758043132,3.0425920090016585,2.999405306872732,3.011101484298706,576077600
2007-05-04,AAPL,3.0230972899423505,3.047089874517538,3.014100371044397,3.023397207260132,381987200
2007-05-07,AAPL,3.031494312640881,3.1295652584914473,3.029395091948153,3.1166694164276123,861557200
2007-05-08,AAPL,3.103173736882816,3.1535586502759716,3.101673949925008,3.1508595943450928,783997200
2007-05-09,AAPL,3.1463607975358583,3.2078420436744985,3.1457603622853227,3.2054429054260254,717757600
2007-05-10,AAPL,3.197944516337606,3.2642250347225463,3.176650989843792,3.219238042831421,1197257600
2007-05-11,AAPL,3.231235679567457,3.2729233933251645,3.2024440123502087,3.2612264156341553,653696400
2007-05-14,AAPL,3.2876182923065085,3.2990145495194394,3.2465302212253717,3.279820442199707,651946400
2007-05-15,AAPL,3.286118235305156,3.3050126239711517,3.193445995909805,3.2246367931365967,954514400
2007-05-16,AAPL,3.2549273987219234,3.2639253176508407,3.1016732706606636,3.219238042831421,1126767600
2007-05-17,AAPL,3.2135403180091493,3.2951160147481753,3.2135403180091493,3.282219171524048,735291200
2007-05-18,AAPL,3.3059117751289646,3.318208179966048,3.29211558409857,3.2996137142181396,621345200
2007-05-21,AAPL,3.3083127619381214,3.3724930757104272,3.300514910474742,3.358397960662842,639892400
2007-05-22,AAPL,3.3736930323823167,3.411481818127833,3.3592973998182396,3.4051835536956787,572409600
2007-05-23,AAPL,3.419579114035909,3.4489702098095067,3.3766913387780484,3.3856892585754395,911374800
2007-05-24,AAPL,3.3832902149424804,3.43277456783594,3.310111794468601,3.3197083473205566,887362000
2007-05-25,AAPL,3.358995706551736,3.4123793656291497,3.344000247207986,3.407581090927124,632959600
2007-05-29,AAPL,3.432474795104185,3.44477100319114,3.379690554963815,3.429476022720337,645694000
2007-05-30,AAPL,3.427976283087091,3.565335204184691,3.4048834516516653,3.5620365142822266,1478444800
2007-05-31,AAPL,3.6010250033258857,3.6640060428426935,3.585130185200816,3.634614944458008,1297066400
2007-06-01,AAPL,3.631914663269028,3.6346139185590647,3.5476403173104143,3.550938606262207,885262000
2007-06-04,AAPL,3.557838447311035,3.650810428763582,3.53594447946708,3.6388137340545654,886673200
2007-06-05,AAPL,3.6412127852482388,3.6796018048596637,3.613921107789404,3.679001569747925,920785600
2007-06-06,AAPL,3.667904024016734,3.7203883435775142,3.6574073202740105,3.7080917358398438,1112241200
2007-06-07,AAPL,3.748581786375789,3.8271577320274646,3.694597462509816,3.7209889888763428,1915079600
2007-06-08,AAPL,3.7734738863953967,3.773774604647035,3.667605845715405,3.733586072921753,1241682400
2007-06-11,AAPL,3.778871253967857,3.7833696127650445,3.585129495275612,3.604623317718506,1874258400
2007-06-12,AAPL,3.5794316260120516,3.6502109221215653,3.5482410212341056,3.6103227138519287,1426566400
2007-06-13,AAPL,3.6334153712407224,3.634614640073015,3.460966919935468,3.5239479541778564,1721353200
2007-06-14,AAPL,3.5149495613168105,3.582429346188017,3.4915568148212643,3.5614359378814697,973266000
2007-06-15,AAPL,3.6175206509640674,3.619020237905984,3.5947273298706803,3.613921642303467,811218800
2007-06-18,AAPL,3.697295296858331,3.7542783781528857,3.6751026196563092,3.751579523086548,910604800
2007-06-19,AAPL,3.7395823480494066,3.7491796996604454,3.6861986814071983,3.7086920738220215,943026000
2007-06-20,AAPL,3.714990782843843,3.73868344663745,3.643911590192231,3.6454107761383057,897512000
2007-06-21,AAPL,3.6499099699528217,3.7275869429369726,3.6205188776784083,3.7158901691436768,867045200
2007-06-22,AAPL,3.7143897745889376,3.7323848092186016,3.6703031410169302,3.6888976097106934,631876000
2007-06-25,AAPL,3.7245867070695695,3.7515788567511468,3.6307146182661234,3.6691036224365234,965403600
2007-06-26,AAPL,3.718288914797824,3.718888749320331,3.5605360391907253,3.5884275436401367,1345005200
2007-06-27,AAPL,3.6172194891130984,3.660106459625905,3.576731856881894,3.6556077003479004,974696800
2007-06-28,AAPL,3.6697034617096054,3.6736023860442395,3.5989245908674685,3.6157195568084717,838143600
2007-06-29,AAPL,3.658006761261175,3.718888764269622,3.631615243435521,3.6601061820983887,1137841600
2007-07-02,AAPL,3.630415242161303,3.6616058371958147,3.5779309215157653,3.6367135047912598,994862400
2007-07-03,AAPL,3.6589065464655777,3.82085824813668,3.643911085270325,3.813960552215576,1162481600
2007-07-05,AAPL,3.862847702323869,3.9879108583000753,3.8595482104283754,3.9813122749328613,1453051600
2007-07-06,AAPL,3.992708137258232,3.999006401219095,3.9108327078853775,3.967815399169922,874694800
2007-07-09,AAPL,3.970214820456162,3.985810522017188,3.8742432745067195,3.908733367919922,995820000
2007-07-10,AAPL,3.8652450523907143,4.033794543875982,3.863145631625507,3.9693143367767334,1255007600
2007-07-11,AAPL,3.960916792253001,4.009802104796229,3.9381234807142396,3.970513343811035,821772000
2007-07-12,AAPL,4.014301114957224,4.025997890099805,3.9705139883476765,4.020899295806885,704608800
2007-07-13,AAPL,4.049691133727488,4.134265416670912,4.034395750605919,4.130667209625244,907606000
2007-07-16,AAPL,4.15045993330884,4.198145975337446,4.123767698412024,4.141762733459473,936112800
2007-07-17,AAPL,4.14776382353526,4.186751490246496,4.123770427592762,4.166057586669922,709959600
2007-07-18,AAPL,4.144464878049438,4.151962815270854,4.079983819216912,4.142365455627441,756856800
2007-07-19,AAPL,4.2077428453209,4.2230390266937325,4.188249023389654,4.1987457275390625,732891600
2007-07-20,AAPL,4.2482315104653825,4.324108582719631,4.198745958461093,4.311212539672852,1167773600
2007-07-23,AAPL,4.2980156371371905,4.35529903146101,4.226636932806921,4.3097124099731445,1036490000
2007-07-24,AAPL,4.16515637819935,4.228737247411571,4.02329829088694,4.045492172241211,1795292800
2007-07-25,AAPL,4.119268373505594,4.149560011672239,4.048789831374024,4.116569519042969,1496182800
2007-07-26,AAPL,4.375992970735248,4.45366995245244,4.1075737850664185,4.378692626953125,2186629200
2007-07-27,AAPL,4.384390982410098,4.466266820057725,4.3121133011372175,4.314212322235107,1161098400
2007-07-30,AAPL,4.328607837586766,4.362197777065771,4.185850394589164,4.241633415222168,1106988400
2007-07-31,AAPL,4.287818890864005,4.303115072720688,3.9444220107231267,3.9516196250915527,1762392800
2007-08-01,AAPL,4.008002508928794,4.060186910159668,3.8319546836120106,4.048790454864502,1750156800
2007-08-02,AAPL,4.098277434778723,4.107575275199985,4.023299681655563,4.093479156494141,852644800
2007-08-03,AAPL,4.056588228104393,4.077282119985998,3.943822133870222,3.9543192386627197,679187600
2007-08-06,AAPL,3.9858101534504597,4.056888153373559,3.84785099382574,4.056288719177246,925170400
2007-08-07,AAPL,4.046990991253597,4.115970759487309,3.977711706184745,4.049690246582031,949936400
2007-08-08,AAPL,4.101575291683609,4.104574064257062,3.9588178604114175,4.019099235534668,808096800
2007-08-09,AAPL,3.932125716839789,3.9888088865930484,3.7515799026820744,3.7905683517456055,1125395600
2007-08-10,AAPL,3.6924980771562446,3.8313566125837215,3.6079237834859,3.7488813400268555,1410749200
2007-08-13,AAPL,3.8484498682340185,3.879340943030676,3.7938661327077914,3.832555055618286,752911600
2007-08-14,AAPL,3.8475519692760356,3.847851486200696,3.7101922262709373,3.719789981842041,739006800
2007-08-15,AAPL,3.681101126334331,3.744682804754971,3.588428665746122,3.5959270000457764,992852000
2007-08-16,AAPL,3.5092510947750655,3.553937556588215,3.347599526972227,3.5104503631591797,1866690000
2007-08-17,AAPL,3.6592074103678884,3.703893888282065,3.593527121179654,3.6607069969177246,1195062400
2007-08-20,AAPL,3.717689980448009,3.7338851143091407,3.6139205962230516,3.6655051708221436,803317200
2007-08-21,AAPL,3.6652055567241932,3.867644524406804,3.6289163650440988,3.8259568214416504,1303047200
2007-08-22,AAPL,3.93542509570442,3.981310840676676,3.908732856563717,3.9741132259368896,1061765600
2007-08-23,AAPL,3.9915062492587157,3.9990045795534184,3.8916366263386157,3.9309241771698,866838000
2007-08-24,AAPL,3.9147318766811874,4.05988827032782,3.8931378274722737,4.057788848876953,911834000
2007-08-27,AAPL,4.000505199679207,4.038593892424106,3.9618162719659558,3.9663150310516357,707439600
2007-08-28,AAPL,3.928527711918359,3.971115579960224,3.7977669360758735,3.8034653663635254,1179365600
2007-08-29,AAPL,3.895236283719732,4.024198323032257,3.885040296564959,4.021198749542236,1166860800
2007-08-30,AAPL,3.978911404566883,4.14626164919351,3.9678148652194443,4.086279392242432,1435582400
2007-08-31,AAPL,4.183449425394376,4.188248100713453,4.121067847516899,4.153158187866211,876887200
2007-09-04,AAPL,4.196947760766082,4.370595921482696,4.193948987356421,4.323509693145752,1316842800
2007-09-05,AAPL,4.34779995989926,4.373891955553986,4.081779408814627,4.101573944091797,2328222400
2007-09-06,AAPL,4.065585834557857,4.125867201045262,3.9801110180804966,4.049090385437012,1901261600
2007-09-07,AAPL,3.9591182104861424,3.967815412704757,3.8988360279261265,3.9519197940826416,1430576000
2007-09-10,AAPL,4.108473483556596,4.139964002968214,4.017301016015537,4.100076198577881,1487838800
2007-09-11,AAPL,4.135764635724645,4.14776132647357,4.011301772169679,4.063486576080322,971885600
2007-09-12,AAPL,4.078480289836998,4.180749241684134,4.071282277768165,4.104272365570068,1022770000
2007-09-13,AAPL,4.163655320623509,4.16875431410126,4.098274964328533,4.114770412445068,656163200
2007-09-14,AAPL,4.095876036868742,4.168154089402163,4.084779499441282,4.163055896759033,607320000
2007-09-17,AAPL,4.168456666098805,4.216441443650901,4.126768952107309,4.151061058044434,793371600
2007-09-18,AAPL,4.170554820561282,4.284220667404919,4.1336653953213185,4.226337432861328,1064089600
2007-09-19,AAPL,4.28932067369501,4.293519116991362,4.180752573907702,4.221840858459473,1026880400
2007-09-20,AAPL,4.2032468031574455,4.252432867383628,4.178354454212759,4.208045482635498,691840800
2007-09-21,AAPL,4.232936632581925,4.338205231270767,4.208044290688106,4.323209762573242,1138880400
2007-09-24,AAPL,4.400585100864826,4.4941576853882825,4.39818616318026,4.447071075439453,1052161600
2007-09-25,AAPL,4.403883857252456,4.595226634829415,4.403283221978353,4.594026565551758,1192550800
2007-09-26,AAPL,4.632716860434987,4.648611676622128,4.536145491136548,4.58173131942749,975268000
2007-09-27,AAPL,4.611723758682196,4.634216358559482,4.568236543976061,4.633616924285889,658198800
2007-09-28,AAPL,4.6018261542714844,4.636616163781389,4.581132259131216,4.602725505828857,615101200
2007-10-01,AAPL,4.637516067598571,4.720891492742455,4.586531317205736,4.68880033493042,837068400
2007-10-02,AAPL,4.695096491201534,4.756278804876791,4.675302754997263,4.752079963684082,792069600
2007-10-03,AAPL,4.731985679613307,4.773972888227076,4.708892454600448,4.736184120178223,692518400
2007-10-04,AAPL,4.7385847955672284,4.740983733528598,4.603625214800133,4.685800552368164,656958400
2007-10-05,AAPL,4.749681289008309,4.845952338228837,4.729587631076516,4.842053413391113,943471200
2007-10-08,AAPL,4.903235930080085,5.035796165466309,4.887639830977056,5.035796165466309,835928800
2007-10-09,AAPL,5.104474675714412,5.13176674720529,4.998906598307112,5.034296035766602,1104286400
2007-10-10,AAPL,5.024998680974187,5.034895148743613,4.966516022238196,5.0022053718566895,667590000
2007-10-11,AAPL,5.083181380512141,5.154859607257399,4.5949276681547655,4.865447044372559,1643992000
2007-10-12,AAPL,4.888839975110215,5.01690185363921,4.852550383822331,5.0160017013549805,988176000
2007-10-15,AAPL,5.037894822743243,5.08557966128177,4.9035347036074075,5.007903099060059,1077930000
2007-10-16,AAPL,4.964718383112764,5.103876426647623,4.953021206295595,5.085882186889648,1067830400
2007-10-17,AAPL,5.179153998622127,5.1896507050570415,5.073885415239427,5.180953502655029,1127613200
2007-10-18,AAPL,5.143463656341477,5.224139002572851,5.129968179512907,5.203445911407471,823676000
2007-10-19,AAPL,5.22563819798397,5.2373349701981775,5.098476493197369,5.111073017120361,1291780000
2007-10-22,AAPL,5.10897440588856,5.245433566618693,5.097277631821216,5.229238033294678,1649499600
2007-10-23,AAPL,5.655111217028128,5.656310485792845,5.481163188954332,5.583132266998291,1795164000
2007-10-24,AAPL,5.57263485672104,5.614622071728114,5.375594422980985,5.576233863830566,1288481600
2007-10-25,AAPL,5.544444885163504,5.575335970508496,5.448173421925172,5.4817633628845215,973602000
2007-10-26,AAPL,5.557039581947097,5.5594389200297325,5.484761524325583,5.5393452644348145,706876800
2007-10-29,AAPL,5.561840613572165,5.596031198191108,5.539348009173138,5.55104398727417,540554000
2007-10-30,AAPL,5.58373258669088,5.679403803370465,5.540245378801154,5.608325004577637,939414000
2007-10-31,AAPL,5.627218319786326,5.701896517678525,5.546842895116307,5.696798324584961,833310800
2007-11-01,AAPL,5.656309239947982,5.701296424178536,5.3983864276176,5.621520042419434,805036400
2007-11-02,AAPL,5.674605652334114,5.681503350000461,5.503056555821971,5.634417533874512,1002114400
2007-11-05,AAPL,5.557040365471207,5.667107212566136,5.52554984954371,5.583732604980469,804176800
2007-11-06,AAPL,5.609824688427786,5.758280551923779,5.556441009505074,5.751982688903809,954727200
2007-11-07,AAPL,5.716591875654634,5.778673946772848,5.582232148412872,5.587330341339111,994327600
2007-11-08,AAPL,5.598429181788866,5.60532688010037,5.03159822971627,5.262529373168945,1890378000
2007-11-09,AAPL,5.132969134478987,5.252033542969301,4.954821797221667,4.959620475769043,1526380800
2007-11-12,AAPL,4.956918305344663,5.029497074439635,4.5175499701352635,4.611422061920166,1769065200
2007-11-13,AAPL,4.824060304601062,5.127869763272767,4.611423715307281,5.097278594970703,1739446800
2007-11-14,AAPL,5.3132144163330475,5.325510627194812,4.910734144066825,4.981812953948975,1449168000
2007-11-15,AAPL,4.990211828174455,5.08618340040886,4.807566123721125,4.927530288696289,1487410400
2007-11-16,AAPL,4.957520416998876,5.009105403908349,4.778474151364023,4.990211009979248,1383494000
2007-11-19,AAPL,4.981511819006567,5.044492840024697,4.8615477215669705,4.9170308113098145,1154428800
2007-11-20,AAPL,4.968616361041517,5.152160935129132,4.904434862636148,5.0639872550964355,1543642800
2007-11-21,AAPL,4.973712855562194,5.168954553264107,4.938623343081747,5.052289962768555,1217809600
2007-11-23,AAPL,5.158458726951932,5.159958313246092,5.090978945409083,5.144663333892822,465757600
2007-11-26,AAPL,5.206144996493783,5.3165113491512805,5.168955655206141,5.174654483795166,1305754800
2007-11-27,AAPL,5.25502872983296,5.272123610066147,5.098775870521755,5.242732524871826,1317030400
2007-11-28,AAPL,5.303016967010967,5.416382916203105,5.258929919796925,5.40498685836792,1150912000
2007-11-29,AAPL,5.381293935933492,5.553442498766243,5.372896249734959,5.527050971984863,1050926800
2007-11-30,AAPL,5.618522272236067,5.629318895593315,5.389391040150228,5.464968204498291,1187802000
2007-12-03,AAPL,5.454172855443824,5.522552820761448,5.32941042154889,5.364199638366699,961469600
2007-12-04,AAPL,5.3129132344821794,5.425379009984847,5.308114157625876,5.392689228057861,773799600
2007-12-05,AAPL,5.485061870771186,5.578333743490355,5.4706662415725456,5.563338279724121,892402000
2007-12-06,AAPL,5.584031835217756,5.70129708357068,5.581932414357753,5.696798324584961,899810800
2007-12-07,AAPL,5.714492182995855,5.847952952967736,5.639514474289395,5.827259063720703,1066066400
2007-12-10,AAPL,5.805965543370922,5.868046412439579,5.778973391104709,5.824559211730957,722377600
2007-12-11,AAPL,5.840757089532386,5.903138701758505,5.620023108819626,5.654512405395508,1110925200
2007-12-12,AAPL,5.801468363336924,5.832659369926308,5.571137825596042,5.724092483520508,1225660800
2007-12-13,AAPL,5.703995676224253,5.761878904998092,5.632916889212975,5.753180503845215,864617600
2007-12-14,AAPL,5.709395835564045,5.794270033874681,5.684503098635181,5.709995269775391,674312800
2007-12-17,AAPL,5.719892438371847,5.777774477490019,5.487761243885763,5.530348300933838,1024693600
2007-12-18,AAPL,5.593929742708981,5.618222243154107,5.356400046266976,5.4877610206604,1222603200
2007-12-19,AAPL,5.48776311222517,5.537548602137177,5.425381491339946,5.49196195602417,827478400
2007-12-20,AAPL,5.561239389843564,5.633217542710778,5.498258355925884,5.614623069763184,774057200
2007-12-21,AAPL,5.701897344677522,5.815563201904297,5.694999646989232,5.815563201904297,993960800
2007-12-24,AAPL,5.849153289196383,5.978115332913076,5.841956074438558,5.962219715118408,480202800
2007-12-26,AAPL,5.968517223705369,6.026999891827557,5.902836941312262,5.966717720031738,703732400
2007-12-27,AAPL,5.966718723718103,6.086982369413639,5.932229432109406,5.955322265625,795527600
2007-12-28,AAPL,6.015904450509714,6.044995230603437,5.904637522264934,5.9931111335754395,699647200
2007-12-31,AAPL,5.98321223929625,6.013203163682982,5.930727921407687,5.940625190734863,539333200
2008-01-02,AAPL,5.976315318447573,6.006006329434895,5.774775703805508,5.843454360961914,1079178800
2008-01-03,AAPL,5.8605507214259225,5.919932750234315,5.778974810510329,5.846154689788818,842066400
2008-01-04,AAPL,5.7417856951364055,5.788271678001496,5.365098354296271,5.399887561798096,1455832000
2008-01-07,AAPL,5.435879321128824,5.506358721536839,5.105377894922845,5.327611923217773,2072193200
2008-01-08,AAPL,5.402586387539824,5.472166403855742,5.122470422196865,5.1359663009643555,1523816000
2008-01-09,AAPL,5.137464783685441,5.383391323507726,5.047491610528072,5.380392551422119,1813882000
2008-01-10,AAPL,5.32580903427373,5.428378335807054,5.260728589815324,5.339004993438721,1482975200
2008-01-11,AAPL,5.278422696373934,5.333906587032132,5.098476750205062,5.179152488708496,1232285600
2008-01-14,AAPL,5.3240118796133125,5.380994583100952,5.253532492895491,5.361800670623779,1100450400
2008-01-15,AAPL,5.330009630432714,5.374995633052862,4.938325964428065,5.069687366485596,2343278000
2008-01-16,AAPL,4.95541963067959,5.06878556260945,4.699596590723106,4.7877702713012695,2213845200
2008-01-17,AAPL,4.843853126574611,4.959318477711696,4.751180688127396,4.825258255004883,1757859600
2008-01-18,AAPL,4.849849786276651,4.971013934104827,4.786868775154993,4.839353084564209,1724343600
2008-01-22,AAPL,4.440473050759228,4.79796600022901,4.3786916995817435,4.667804718017578,2434754000
2008-01-23,AAPL,4.084480855613283,4.198746556414322,3.783070743430986,4.1708550453186035,3372969600
2008-01-24,AAPL,4.19844622877258,4.219739956891098,3.959117826581812,4.0667853355407715,2005866800
2008-01-25,AAPL,4.168456743226924,4.171455516588102,3.887140648981741,3.899136543273926,1554739200
2008-01-28,AAPL,3.8436534299479557,3.994808184894011,3.792367958649657,3.899136543273926,1474844000
2008-01-29,AAPL,3.933325655596757,3.9825104906144273,3.870344624915914,3.945021629333496,1099982800
2008-01-30,AAPL,3.9399237302717927,4.062287193641171,3.898835858354665,3.9642162322998047,1243051600
2008-01-31,AAPL,3.8823404957976955,4.098276165723218,3.8808417100130184,4.059588432312012,1345674400
2008-02-01,AAPL,4.085978910539309,4.096475613854578,3.9642153101337905,4.011301517486572,1010744000
2008-02-04,AAPL,4.025097043126394,4.075781858726565,3.9414221298183505,3.9483206272125244,899234000
2008-02-05,AAPL,3.9117314043060993,4.01879947116661,3.8658448611238194,3.879641056060791,1141042000
2008-02-06,AAPL,3.9237263406726717,3.956416909283237,3.652007812174141,3.658905506134033,1573272400
2008-02-07,AAPL,3.598025823990191,3.742282844416383,3.5170493528491917,3.6361141204833984,2083331600
2008-02-08,AAPL,3.6613060015842587,3.7698736406401454,3.6469099739691586,3.7632758617401123,1355972800
2008-02-11,AAPL,3.839154881690372,3.898237006827243,3.81486197311218,3.8823413848876953,1201432400
2008-02-12,AAPL,3.9198296196464177,3.928826738689968,3.7074929653042674,3.7446823120117188,1225980000
2008-02-13,AAPL,3.7992651202547916,3.8922374727132474,3.7677746074551264,3.880841016769409,968534000
2008-02-14,AAPL,3.8808403244218486,3.922827934279815,3.80916090985105,3.822657585144043,954097200
2008-02-15,AAPL,3.786968263808751,3.8112603574758865,3.720687759138157,3.7377822399139404,901300400
2008-02-19,AAPL,3.778571536233028,3.8013648503984934,3.642112369384717,3.6643054485321045,1005046000
2008-02-20,AAPL,3.6649057989908167,3.736883950473891,3.6493100990438734,3.713491201400757,967439200
2008-02-21,AAPL,3.780371627606365,3.7929677542898177,3.6247181464528766,3.645111322402954,938114800
2008-02-22,AAPL,3.673304535808525,3.674203887562523,3.4750631435478083,3.5827314853668213,1529878000
2008-02-25,AAPL,3.5566373848044717,3.6040239152563913,3.498755351106211,3.591127872467041,1256774400
2008-02-26,AAPL,3.528146300754451,3.6316153569968392,3.462165702220974,3.573432207107544,1504888000
2008-02-27,AAPL,3.5458419147334252,3.6903988891970765,3.54164347181702,3.687700033187866,1475138000
2008-02-28,AAPL,3.8148617076680784,3.964817191386777,3.7719747244262267,3.8961377143859863,1618254400
2008-02-29,AAPL,3.877541233083472,3.905132819249612,3.7428815911572273,3.7494797706604004,1255480800
2008-03-03,AAPL,3.73208551131432,3.7782719736813206,3.5389431788964134,3.6508095264434814,1593043200
2008-03-04,AAPL,3.6586070244970683,3.7452811118999736,3.6109213806681275,3.737483263015747,1785383600
2008-03-05,AAPL,3.706293989572659,3.7530807041880845,3.666406176099015,3.733586072921753,1221836000
2008-03-06,AAPL,3.737184320501555,3.8238584305112235,3.6232185331259146,3.6268179416656494,1473698800
2008-03-07,AAPL,3.611220675232194,3.6882978058415534,3.570433531427253,3.6664042472839355,1230462800
2008-03-10,AAPL,3.658308325745003,3.7026948895873306,3.580031103403969,3.5896284580230713,999588800
2008-03-11,AAPL,3.7218899077342438,3.8232591822521518,3.6589084573141526,3.8193602561950684,1163943200
2008-03-12,AAPL,3.8100629791833205,3.8592478210389736,3.753979237689698,3.779771327972412,1059629200
2008-03-13,AAPL,3.721889274639165,3.8838406329171122,3.688898767883913,3.83705472946167,1262102800
2008-03-14,AAPL,3.8952353649989595,3.9078318889067725,3.7248863792430416,3.797165632247925,1156640800
2008-03-17,AAPL,3.67540204441143,3.8565476505799436,3.67540204441143,3.8007638454437256,1072598800
2008-03-18,AAPL,3.8742427873571237,3.988808793415433,3.858947405480742,3.983409881591797,1205120000
2008-03-19,AAPL,3.992409853905852,4.027498994777765,3.8889403343200684,3.8889403343200684,1010536800
2008-03-20,AAPL,3.9324243285166025,3.9975047608346115,3.8742415915459474,3.9969053268432617,908787600
2008-03-24,AAPL,4.019098284191482,4.224237263974595,4.008002147576049,4.1846489906311035,1066920400
2008-03-25,AAPL,4.197546326784809,4.291718363554082,4.118670473825393,4.228137493133545,1052391200
2008-03-26,AAPL,4.224838502845886,4.370895038394351,4.217940804716023,4.35050106048584,1182084400
2008-03-27,AAPL,4.347200932523126,4.3579975523515495,4.198445190217741,4.20624303817749,999829600
2008-03-28,AAPL,4.252729370993721,4.3382029776160325,4.246731026461296,4.289018154144287,714610400
2008-03-31,AAPL,4.296817054718637,4.369995274248096,4.274323657634895,4.303714752197266,768065200
2008-04-01,AAPL,4.387691003656188,4.4884608463198274,4.307015626554499,4.484561920166016,1032567200
2008-04-02,AAPL,4.462067074772514,4.534645860001133,4.374194108959596,4.423378944396973,1044968400
2008-04-03,AAPL,4.410482136106665,4.607523363104541,4.408682632621212,4.54694128036499,1051568000
2008-04-04,AAPL,4.564336453544754,4.639913603996196,4.521149567633014,4.591028690338135,854417200
2008-04-07,AAPL,4.682500672877632,4.789269220026909,4.651910312279711,4.6753034591674805,1158326400
2008-04-08,AAPL,4.605125362770281,4.692098979726422,4.568235934234428,4.583830833435059,1014294400
2008-04-09,AAPL,4.597927635404922,4.6153220410617655,4.512452791346093,4.541843891143799,873398400
2008-04-10,AAPL,4.532546778705536,4.661208106483989,4.5166511606358615,4.635116100311279,955763200
2008-04-11,AAPL,4.5802320858324705,4.597626486831185,4.390687972979099,4.412881851196289,1210076000
2008-04-14,AAPL,4.4017864796452955,4.476163981003425,4.334906511681673,4.432076930999756,845087600
2008-04-15,AAPL,4.480661219050007,4.490258972358033,4.37029486426794,4.450070858001709,698037200
2008-04-16,AAPL,4.550240138940327,4.6216188448244235,4.51725044175045,4.609622955322266,795774000
2008-04-17,AAPL,4.623719162734682,4.678603230884296,4.599127144017952,4.633316516876221,704267200
2008-04-18,AAPL,4.772173432049823,4.866345435888019,4.749980358881802,4.829756736755371,1026765600
2008-04-21,AAPL,4.864846691025647,5.053490664065611,4.85135121368938,5.043293476104736,1039152800
2008-04-22,AAPL,5.020499781478012,5.038494817691174,4.741283209681236,4.804564952850342,1439572400
2008-04-23,AAPL,4.9200291160241525,4.943721771899745,4.830955317128285,4.885239124298096,1504190800
2008-04-24,AAPL,4.9587186661631115,5.097876671248971,4.774273555156848,5.066685676574707,1696066400
2008-04-25,AAPL,5.119469930264702,5.13146581800333,4.99110776493921,5.090378761291504,992474000
2008-04-28,AAPL,5.090979318640962,5.210943428003503,5.072384847653762,5.1656575202941895,787214400
2008-04-29,AAPL,5.1317673483647575,5.268226520533832,5.105975260644995,5.249932765960693,923476400
2008-04-30,AAPL,5.284121703476269,5.398387385814698,5.1860507536407505,5.216941833496094,1139524400
2008-05-01,AAPL,5.247232322923438,5.398387432098389,5.244233550478721,5.398387432098389,903576800
2008-05-02,AAPL,5.404086078407173,5.455970569850109,5.3549012430781815,5.426579475402832,1006082000
2008-05-05,AAPL,5.455969831835358,5.55763937987619,5.4298774307820645,5.5402445793151855,854557200
2008-05-06,AAPL,5.5381470776879755,5.611925147115903,5.4637699743829025,5.598129749298096,918870400
2008-05-07,AAPL,5.579833588045971,5.644314605774517,5.414582760841476,5.476064205169678,1157133600
2008-05-08,AAPL,5.511452885727849,5.593328695011654,5.490459478631893,5.55014181137085,899085600
2008-05-09,AAPL,5.4931605553086085,5.52585034343391,5.439476153385838,5.501857757568359,673072400
2008-05-12,AAPL,5.5546404273286205,5.664407337356763,5.483861157926174,5.643113613128662,818563200
2008-05-13,AAPL,5.656611244960048,5.741786168314588,5.6341186456018955,5.697099685668945,823236400
2008-05-14,AAPL,5.735185879299098,5.765476718834816,5.5654367304982255,5.586130619049072,916823600
2008-05-15,AAPL,5.602627819781031,5.695300277820325,5.524350593540214,5.690201282501221,873208000
2008-05-16,AAPL,5.701597556388621,5.7072963858162975,5.608325273230502,5.626919746398926,765769200
2008-05-19,AAPL,5.634119189945077,5.659011530865684,5.437377399003454,5.506357192993164,945820400
2008-05-20,AAPL,5.452971241287314,5.583132551899376,5.401986899875474,5.575335502624512,969850000
2008-05-21,AAPL,5.568436329744624,5.636816267418783,5.285921062883757,5.344103813171387,1157657200
2008-05-22,AAPL,5.376194634674078,5.438275514174731,5.158459478138039,5.3099141120910645,1206735600
2008-05-23,AAPL,5.42147975770242,5.458069262866664,5.33240673434566,5.433476448059082,906917200
2008-05-27,AAPL,5.480864090443151,5.591230869293213,5.453572413178448,5.591230869293213,789905200
2008-05-28,AAPL,5.620621303397234,5.636816837944468,5.509955020713592,5.608625411987305,743979600
2008-05-29,AAPL,5.601126577636873,5.644313861963104,5.563337803957316,5.599027156829834,647186400
2008-05-30,AAPL,5.621821467685393,5.684502984513588,5.619722046505039,5.660809516906738,610184400
2008-06-02,AAPL,5.65631152643587,5.687802047576277,5.534247967029985,5.581334590911865,679840000
2008-06-03,AAPL,5.604126616247717,5.644315137498072,5.468567588742371,5.5594401359558105,750520400
2008-06-04,AAPL,5.518952337225485,5.61102495148031,5.495259670015874,5.554041862487793,726983600
2008-06-05,AAPL,5.588531320714213,5.693499974818792,5.569337013636793,5.681203365325928,755445600
2008-06-06,AAPL,5.638315704486907,5.696798370501891,5.5648379759125,5.5675368309021,966422800
2008-06-09,AAPL,5.542045011972918,5.546543370853786,5.270925790910342,5.4466729164123535,1888392800
2008-06-10,AAPL,5.413682876162658,5.601726198198386,5.368995603634572,5.5675368309021,1140941200
2008-06-11,AAPL,5.52854789199952,5.578333356811554,5.3860911963069125,5.422679901123047,961550800
2008-06-12,AAPL,5.443073379923574,5.476363792668399,5.13446575195954,5.196247100830078,1308333600
2008-06-13,AAPL,5.147662503325339,5.223239656265693,4.957819668916719,5.1695556640625,1345957200
2008-06-16,AAPL,5.137464935547314,5.335405521921022,5.070584988310062,5.303615093231201,1051730400
2008-06-17,AAPL,5.341403723404445,5.458069131779562,5.320709833459786,5.441274166107178,899656800
2008-06-18,AAPL,5.431976883246903,5.464367546914414,5.3189112795768185,5.360898494720459,811468000
2008-06-19,AAPL,5.354900173967026,5.468566004600259,5.302415858404789,5.425378322601318,791949200
2008-06-20,AAPL,5.37889528919377,5.428380859812801,5.248434422353878,5.256532192230225,888367200
2008-06-23,AAPL,5.24063407416497,5.274824241381381,5.145262788026468,5.193248748779297,645780800
2008-06-24,AAPL,5.169554854002762,5.271824228590104,5.147361779461238,5.195947170257568,621947200
2008-06-25,AAPL,5.236734927990506,5.363297603808617,5.214841769784922,5.320110321044922,644450800
2008-06-26,AAPL,5.220539728961629,5.243632954507441,5.038793897645992,5.046291828155518,869610000
2008-06-27,AAPL,4.993809683454313,5.115573324816609,4.923030790416468,5.10117769241333,1042249600
2008-06-30,AAPL,5.104175638150169,5.158459468531836,4.997107563896573,5.021700382232666,684196800
2008-07-01,AAPL,4.925428511675698,5.240034527046472,4.918530814740959,5.238834857940674,1111280800
2008-07-02,AAPL,5.254429045604394,5.321908811709896,5.0438923835754395,5.0438923835754395,837519200
2008-07-03,AAPL,5.08618076262088,5.163557815118934,4.971014935666734,5.102075576782227,523362000
2008-07-07,AAPL,5.193250060390092,5.312313638868631,5.155461276933298,5.253231525421143,820391600
2008-07-08,AAPL,5.260428574578028,5.389389792039469,5.1806521856999765,5.384891033172607,888350400
2008-07-09,AAPL,5.404386650552053,5.425680382509865,5.222641536999904,5.225940227508545,895776000
2008-07-10,AAPL,5.246034740964205,5.318612745595838,5.139566472447269,5.297319412231445,840688800
2008-07-11,AAPL,5.262528625863,5.311713460339009,5.128468398534373,5.175853729248047,930011600
2008-07-14,AAPL,5.375595269132661,5.3773939721233965,5.190850212666083,5.214842796325684,886054400
2008-07-15,AAPL,5.172854769617776,5.210643546412648,4.990209549007376,5.087679862976074,1040043200
2008-07-16,AAPL,5.104476800001219,5.186352648123836,5.056492018344112,5.182754039764404,747790400
2008-07-17,AAPL,5.221442374972532,5.247835107020093,5.140166358657543,5.1527628898620605,757526000
2008-07-18,AAPL,5.054089815356559,5.087980467565001,4.9485217371060815,4.953020095825195,868414400
2008-07-21,AAPL,5.005503546296331,5.023498579733776,4.832155795507768,4.987209796905518,1360469600
2008-07-22,AAPL,4.468665918341967,4.881342536650127,4.3945875422629745,4.85914945602417,1879592400
2008-07-23,AAPL,4.948222735423949,5.049592390988421,4.845353493201096,4.986311435699463,1061768400
2008-07-24,AAPL,4.928128277633523,4.956320506830708,4.752081608901155,4.769476413726807,839619200
2008-07-25,AAPL,4.8105633066043225,4.888540608707341,4.758078976758187,4.862148284912109,633637200
2008-07-28,AAPL,4.868746460995847,4.872645386481228,4.6192208358631435,4.630618095397949,780712800
2008-07-29,AAPL,4.6609083728722895,4.7820725732220355,4.608124523802249,4.710993766784668,684070800
2008-07-30,AAPL,4.731987566791434,4.813263161935119,4.6810028214405035,4.794968605041504,725183200
2008-07-31,AAPL,4.724791245383487,4.864549157062112,4.707996270554931,4.767078399658203,637498400
2008-08-01,AAPL,4.795567971577237,4.798268028384101,4.671105483499686,4.698397159576416,544639200
2008-08-04,AAPL,4.696600304222104,4.735589178534639,4.585933150013609,4.5955305099487305,592527600
2008-08-05,AAPL,4.661206408974627,4.82255826567416,4.643212177050894,4.817759990692139,688371600
2008-08-06,AAPL,4.797665530284335,5.02049881359129,4.738583441135741,4.924228191375732,791408800
2008-08-07,AAPL,4.879842468054564,4.98301242175402,4.843553674550276,4.905635356903076,672372400
2008-08-08,AAPL,4.914332036391121,5.087980537887511,4.911032946307533,5.0849809646606445,713997200
2008-08-11,AAPL,5.100578558591093,5.293420636416844,5.088581862920125,5.205246925354004,891304400
2008-08-12,AAPL,5.204044904043307,5.377092742919094,5.203744986810145,5.300316333770752,836278800
2008-08-13,AAPL,5.337806714956583,5.3983880112784135,5.275425113873378,5.377394199371338,842346400
2008-08-14,AAPL,5.348303048845967,5.411883914360961,5.33360750165985,5.377994060516357,711300800
2008-08-15,AAPL,5.36959588061416,5.390889204383094,5.249931701581807,5.270625591278076,708251600
2008-08-18,AAPL,5.265527562783639,5.332707436980578,5.213043236014326,5.260129451751709,552014400
2008-08-19,AAPL,5.234637586373705,5.3105154788067335,5.152762147459724,5.204347133636475,616204400
2008-08-20,AAPL,5.2415354969258985,5.3066159564271835,5.206745486756328,5.27362585067749,506951200
2008-08-21,AAPL,5.232536229038348,5.261927319226841,5.155159979669631,5.227138519287109,539744800
2008-08-22,AAPL,5.273025768236017,5.323410676491103,5.26552783527083,5.302117347717285,439611200
2008-08-25,AAPL,5.282922811476822,5.285322951133127,5.148263124216623,5.174955368041992,484425200
2008-08-26,AAPL,5.181254515797204,5.24483540337866,5.176755754763487,5.20764684677124,445550000
2008-08-27,AAPL,5.197747852269825,5.271225989807408,5.164157915182411,5.238535404205322,477780800
2008-08-28,AAPL,5.256831193120317,5.285922375275105,5.180953705128999,5.210644721984863,431384800
2008-08-29,AAPL,5.187249346517032,5.2034444748331925,5.069684607519562,5.084380149841309,599289600
2008-09-02,AAPL,5.170455092997333,5.203445188552431,4.948521140465141,4.98421049118042,780763200
2008-09-03,AAPL,5.003705184081088,5.058889165027272,4.918531075593833,5.0073041915893555,734834800
2008-09-04,AAPL,4.9743139020590785,5.035796143818359,4.822859278962855,4.835155487060547,743386000
2008-09-05,AAPL,4.756278899516267,4.870544562712443,4.728086679518545,4.803964138031006,786884000
2008-09-08,AAPL,4.935624662470056,4.945222013300758,4.542442405365634,4.736184120178223,1045979200
2008-09-09,AAPL,4.704393341746888,4.797365268369305,4.492357093321639,4.549039840698242,1245025600
2008-09-10,AAPL,4.568235004519283,4.648310907504114,4.462666936337666,4.54694128036499,973142800
2008-09-11,AAPL,4.444074263773487,4.588331728201383,4.378693873177593,4.578134536743164,971135200
2008-09-12,AAPL,4.52594900448587,4.52594900448587,4.393688268230665,4.466866493225098,793027200
2008-09-15,AAPL,4.259627657418567,4.429376826988105,4.209542274475098,4.209542274475098,920634400
2008-09-16,AAPL,4.014601285748499,4.273724253183206,3.9633170239644775,4.195147514343262,1199836400
2008-09-17,AAPL,4.153459496970838,4.15405973201038,3.8337552547454834,3.8337552547454834,1200455200
2008-09-18,AAPL,3.915929810971248,4.061686390062853,3.619318459997275,4.021498680114746,1676253600
2008-09-19,AAPL,4.276720873817518,4.32470682166699,4.088077372662921,4.226036071777344,1430875600
2008-09-22,AAPL,4.1969456852827465,4.206243119568507,3.9186292983802287,3.9303252696990967,856713200
2008-09-23,AAPL,3.954319642981206,4.072783777220337,3.7986653618224584,3.8040642738342285,1280364400
2008-09-24,AAPL,3.816959478577835,3.9273266220171705,3.753378624435369,3.8601467609405518,1047015200
2008-09-25,AAPL,3.8928372611682325,4.042493190965786,3.854449048022974,3.9567184448242188,1006045600
2008-09-26,AAPL,3.7461795999937926,3.8928359052857697,3.6888970173158517,3.8460500240325928,1126451200
2008-09-29,AAPL,3.587528731888249,3.589328235726437,3.0167991116445396,3.156857490539551,2622057200
2008-09-30,AAPL,3.2465306738566864,3.4489706830976132,3.1880487920203677,3.408782958984375,1626682400
2008-10-01,AAPL,3.3565976244885625,3.3697933845971404,3.220737895248566,3.272622585296631,1296484000
2008-10-02,AAPL,3.23933249372246,3.262725240937739,2.9991045562999177,3.002103328704834,1609364400
2008-10-03,AAPL,3.1190686341057714,3.194045551499134,2.8386519839029773,2.9112305641174316,2294398400
2008-10-06,AAPL,2.7579765105147476,2.962515095381501,2.6254162727723216,2.9433209896087646,2107417200
2008-10-07,AAPL,3.013499925858781,3.0440910917481636,2.6677036684914808,2.674001932144165,1878772000
2008-10-08,AAPL,2.5765299546564497,2.8890367366134715,2.569632258001815,2.6928956508636475,2207741200
2008-10-09,AAPL,2.7996634378359575,2.8731413510632806,2.597223328949215,2.661404609680176,1617383600
2008-10-10,AAPL,2.570232585282978,2.9991051790762056,2.54923877154746,2.9031336307525635,2219299600
2008-10-13,AAPL,3.1355641379357366,3.31491029252065,3.029695324981213,3.3068125247955322,1539076000
2008-10-14,AAPL,3.4867584068844155,3.490957248556227,3.093275567890231,3.1214675903320312,1980994400
2008-10-15,AAPL,3.114269636312049,3.2090421037273624,2.9358230433098216,2.937622547149658,1584175600
2008-10-16,AAPL,2.9922053991698996,3.1019730983933953,2.7513778804492035,3.0557868480682373,1980521200
2008-10-17,AAPL,2.987108613883676,3.0602868475517675,2.5759313259614367,2.9211277961730957,1762227600
2008-10-20,AAPL,2.9925063525402713,3.0000044862693875,2.808361910440262,2.9523184299468994,1549170000
2008-10-21,AAPL,2.9076317522662136,2.9361234953336557,2.733983239433301,2.7438805103302,2193660000
2008-10-22,AAPL,2.920227175209222,3.0365920563733226,2.7870673297184645,2.9052317142486572,2248808800
2008-10-23,AAPL,2.894435715391174,2.9766110512866515,2.756177047158749,2.9460198879241943,1675430400
2008-10-24,AAPL,2.7090906510617465,2.9361236547580094,2.7024928705292015,2.8905370235443115,1590058400
2008-10-27,AAPL,2.8512486308014813,2.9280260669770333,2.754977368724076,2.761875867843628,1208771200
2008-10-28,AAPL,2.862045138570679,3.014100207245006,2.7702730470706816,2.9964048862457275,1634133200
2008-10-29,AAPL,3.024896770849762,3.285218977119516,2.9973051804972197,3.135563850402832,1950978400
2008-10-30,AAPL,3.2459309081005996,3.364695772787058,3.2273364333521353,3.3302056789398193,1638089600
2008-10-31,AAPL,3.2210374025292725,3.322407631616606,3.153257905605427,3.226735830307007,1659756000
2008-11-03,AAPL,3.1769500482794384,3.2720221997562127,3.1448597084662726,3.207840919494629,1057938000
2008-11-04,AAPL,3.2987152069595513,3.352699328153865,3.199145250890348,3.328706741333008,1398681200
2008-11-05,AAPL,3.2663247588728237,3.2906170600328344,3.0887775145798932,3.0980751514434814,1256455200
2008-11-06,AAPL,3.030595086420419,3.0824789747261785,2.939122116565614,2.9721124172210693,1319074400
2008-11-07,AAPL,2.9763108273353596,2.9946047779740574,2.8707417604290844,2.946319103240967,1095253600
2008-11-10,AAPL,3.0042027200730383,3.0111004170870483,2.8341534263960804,2.8755412101745605,1123822000
2008-11-11,AAPL,2.843451323418094,2.9142304264257937,2.766974590811606,2.842252254486084,1224538000
2008-11-12,AAPL,2.772071699774005,2.796364800541823,2.6994939164611,2.7027924060821533,1178976400
2008-11-13,AAPL,2.695295365087544,2.892336845397949,2.5798299966191514,2.892336845397949,1854087200
2008-11-14,AAPL,2.811960104529897,2.818858603266037,2.699194396375914,2.7063918113708496,1405266800
2008-11-17,AAPL,2.653607393222566,2.715689068068558,2.6170186868303285,2.6434102058410645,1162526400
2008-11-18,AAPL,2.688397850162519,2.728885691196472,2.6050226290920575,2.6964948177337646,1209695200
2008-11-19,AAPL,2.6823992896551414,2.746579590288703,2.585528203252373,2.5879273414611816,1171900800
2008-11-20,AAPL,2.556436048706798,2.592725030232445,2.399282833511276,2.4139785766601562,1716814400
2008-11-21,AAPL,2.457166139302414,2.5228472367873604,2.3734918030850802,2.476660966873169,1569271200
2008-11-24,AAPL,2.5555367568173932,2.8428509350975673,2.5444402166825824,2.787667751312256,1442257600
2008-11-25,AAPL,2.838051168629606,2.840450305657432,2.6440087736158002,2.7231853008270264,1235292800
2008-11-26,AAPL,2.6967954608306317,2.8566475992849183,2.6946960394472264,2.849149465560913,899836000
2008-11-28,AAPL,2.840151008412949,2.8419505116085264,2.7549761255162797,2.779269218444824,297774400
2008-12-01,AAPL,2.7381820499108716,2.767273427029294,2.666803335054664,2.6671030521392822,923767600
2008-12-02,AAPL,2.7000940440181207,2.7786709884513865,2.594226022142705,2.7732722759246826,1148722400
2008-12-03,AAPL,2.681198561898121,2.8860376246195547,2.6632043290075367,2.8761403560638428,1338680000
2008-12-04,AAPL,2.83205412416463,2.855447072341834,2.6710019417091875,2.741481304168701,1091370000
2008-12-05,AAPL,2.709691097549405,2.833854064000942,2.665004017887421,2.8191583156585693,1043795200
2008-12-08,AAPL,2.917528709020635,3.0230967842551855,2.873141954472927,2.9907069206237793,1185142000
2008-12-09,AAPL,2.9403220433870287,3.1070718410052613,2.91542931040869,3.0009031295776367,1203496000
2008-12-10,AAPL,2.9352225646610184,2.9838079530912447,2.894135306951938,2.9454195499420166,938047600
2008-12-11,AAPL,2.919628639092339,3.036293481363942,2.8440512711963284,2.849149465560913,1040617200
2008-12-12,AAPL,2.7831686748353226,2.9691125688927924,2.7750709089050165,2.9472196102142334,1041174400
2008-12-15,AAPL,2.878839537796005,2.8854373167004033,2.789166885137393,2.841651201248169,891758000
2008-12-16,AAPL,2.818559348385775,2.893536287623113,2.781669912653901,2.8620457649230957,1093506400
2008-12-17,AAPL,2.7300844682664627,2.732183889484024,2.6398113580295943,2.674001932144165,1293860400
2008-12-18,AAPL,2.678501086938248,2.7240877317821,2.652408472839926,2.682100296020508,857416000
2008-12-19,AAPL,2.697394488902598,2.7273854175877124,2.6632049182947655,2.6991941928863525,801920000
2008-12-22,AAPL,2.699793256626495,2.700093173880668,2.53994116417604,2.571431875228882,844740400
2008-12-23,AAPL,2.6053213067455436,2.635312228816077,2.57622993615077,2.590625762939453,635031600
2008-12-24,AAPL,2.583429430263731,2.5867281209960304,2.53574356824948,2.5504391193389893,271334000
2008-12-26,AAPL,2.598424364472299,2.621817314496964,2.5564369412696344,2.5735316276550293,308324800
2008-12-29,AAPL,2.594824634179711,2.62781513189285,2.551337432937555,2.5975236892700195,686000000
2008-12-30,AAPL,2.621817195805249,2.640711585444041,2.540840925591856,2.5879273414611816,967601600
2008-12-31,AAPL,2.57832997058074,2.6314137310884638,2.559435581067977,2.5597352981567383,607541200
2009-01-02,AAPL,2.5756300160100656,2.7303840856989705,2.5540367787533045,2.7216858863830566,746015200
2009-01-05,AAPL,2.794265014183467,2.8845378996937687,2.7804686211456784,2.836552143096924,1181608400
2009-01-06,AAPL,2.877640546798946,2.9142292526031772,2.7708724008265406,2.789766788482666,1289310400
2009-01-07,AAPL,2.753478181539541,2.7741712748444582,2.7069913984956715,2.729484796524048,753048800
2009-01-08,AAPL,2.7120897972593903,2.793665486479572,2.700392824422897,2.7801690101623535,673500800
2009-01-09,AAPL,2.7954663228681618,2.8005645180708623,2.703393686320992,2.7165894508361816,546845600
2009-01-12,AAPL,2.7129896700857676,2.728885287221071,2.6257161370356443,2.659006357192993,617716400
2009-01-13,AAPL,2.6464104799876305,2.6913966818096586,2.589727501306303,2.6305148601531982,798397600
2009-01-14,AAPL,2.5864273083106077,2.6167179519259314,2.5408406835093267,2.5591354370117188,1021664000
2009-01-15,AAPL,2.4163778138750747,2.522846226001957,2.400782718871701,2.500652551651001,1831634000
2009-01-16,AAPL,2.528244038225652,2.5306431757122434,2.411279528819254,2.4691617488861084,1047625600
2009-01-20,AAPL,2.457165335242226,2.4592647559631136,2.345299005508423,2.345299005508423,919914800
2009-01-21,AAPL,2.3809891146507094,2.485658064429879,2.3785899761322504,2.4841582775115967,1089270000
2009-01-22,AAPL,2.6404109742369553,2.6991935488232177,2.573830752044712,2.650007724761963,1409528400
2009-01-23,AAPL,2.6038214733618323,2.6952944247025803,2.5942249230485896,2.650007724761963,763770000
2009-01-26,AAPL,2.6650038581739643,2.7282856075124755,2.6482086896160957,2.6883974075317383,692238400
2009-01-27,AAPL,2.7048923572197574,2.7456807170513353,2.691396676888493,2.721087694168091,618038400
2009-01-28,AAPL,2.7627748541918606,2.8491490330207494,2.7441803823282815,2.8251564502716064,861406000
2009-01-29,AAPL,2.7918662594330987,2.8293553210465796,2.777170712255149,2.7891674041748047,592729200
2009-01-30,AAPL,2.777171109838325,2.807761477341915,2.6994943204445803,2.7030935287475586,651478800
2009-02-02,AAPL,2.6722025304838315,2.7591761596563846,2.6662041834690213,2.744480609893799,558247200
2009-02-03,AAPL,2.7567771037452116,2.8005642374192177,2.7075922584433836,2.788567543029785,599309200
2009-02-04,AAPL,2.795765408454838,2.8866379479824658,2.792166200636312,2.805661678314209,808421600
2009-02-05,AAPL,2.7822686813818924,2.9166284166508327,2.7777701224868476,2.8929357528686523,749246400
2009-02-06,AAPL,2.909730659850911,2.999104403905141,2.909131225739274,2.9907069206237793,687209600
2009-02-09,AAPL,2.9991047495838146,3.089077137272778,2.9841084840511125,3.0743815898895264,715010800
2009-02-10,AAPL,3.0389922548260255,3.074381089237761,2.9109305908262235,2.93402361869812,849060800
2009-02-11,AAPL,2.8902370609880825,2.9484190132697634,2.8722420235448527,2.9037325382232666,674973600
2009-02-12,AAPL,2.874041611623115,2.991606590281773,2.874041611623115,2.977210760116577,817188400
2009-02-13,AAPL,2.9688132446130258,2.997305187555047,2.942721440889107,2.973912239074707,608977600
2009-02-17,AAPL,2.9052326583018546,2.910330852405568,2.827555872997112,2.8350532054901123,678238400
2009-02-18,AAPL,2.850648249678384,2.8746406274180862,2.7807693358335173,2.830254077911377,684779200
2009-02-19,AAPL,2.8002632479199483,2.8266549644127994,2.7024922281983157,2.7183878421783447,922804400
2009-02-20,AAPL,2.681198893729251,2.771172071435136,2.669202203086075,2.735183000564575,750316000
2009-02-23,AAPL,2.7486787682513603,2.7591754724893964,2.5945250923875363,2.6077208518981934,786982000
2009-02-24,AAPL,2.622716657395644,2.7258858112719615,2.609220978848505,2.7066915035247803,807105600
2009-02-25,AAPL,2.6949954302155676,2.786767522537001,2.6767006748732043,2.733983278274536,833053200
2009-02-26,AAPL,2.759175563629003,2.7867673533013,2.6680033114526407,2.674901008605957,629868400
2009-02-27,AAPL,2.637112857867244,2.738182604700919,2.629315006580081,2.6785006523132324,706658400
2009-03-02,AAPL,2.6428110217448375,2.7351835563493028,2.6293147420288436,2.6374123096466064,770929600
2009-03-03,AAPL,2.6671038204419752,2.7213878656744264,2.635613296092555,2.650308847427368,724340400
2009-03-04,AAPL,2.7045919606080764,2.7822687340847674,2.682698800053924,2.734282970428467,741403600
2009-03-05,AAPL,2.7129888254910615,2.755275950981519,2.652707468183376,2.6644034385681152,706899200
2009-03-06,AAPL,2.649408819103705,2.6512085231529383,2.469162522292518,2.5582363605499268,1011147200
2009-03-09,AAPL,2.5246468132189426,2.627215544623609,2.4763613207246356,2.492555856704712,698297600
2009-03-10,AAPL,2.5453398460373373,2.6743019019005736,2.530044662071306,2.658106565475464,844258800
2009-03-11,AAPL,2.6934956014389253,2.8212575680542757,2.686597903974393,2.7795698642730713,846372800
2009-03-12,AAPL,2.7861669682914516,2.8965342974572548,2.7591748202514856,2.8896358013153076,768457200
2009-03-13,AAPL,2.8881377267135964,2.9151298832656747,2.849448795472044,2.877040386199951,601168400
2009-03-16,AAPL,2.8950355789274314,2.920827667235581,2.8245562109945297,2.8617453575134277,797244000
2009-03-17,AAPL,2.8563469116213187,2.98980668854395,2.8512479177845016,2.9889073371887207,786646000
2009-03-18,AAPL,2.9964056278045472,3.103473728389476,2.9907079985135834,3.044691324234009,796037200
2009-03-19,AAPL,3.0545878506526845,3.095075485200915,3.0066020833335374,3.0476901531219482,500180800
2009-03-20,AAPL,3.061784630899159,3.09237578897843,3.016198812079356,3.0467891693115234,695587200
2009-03-23,AAPL,3.080379049030138,3.2438303278453557,3.051588197581096,3.228834867477417,666397200
2009-03-24,AAPL,3.1898471400815605,3.2822194665803464,3.160756363117426,3.1940457820892334,640612000
2009-03-25,AAPL,3.2264369164776325,3.249829667067901,3.114870273913673,3.193746328353882,646618000
2009-03-26,AAPL,3.2339341275944933,3.298415153011365,3.226436995106043,3.295116662979126,616252000
2009-03-27,AAPL,3.245930181465411,3.2549272992722154,3.1910467217425524,3.204542398452759,492872800
2009-03-30,AAPL,3.1343639013320175,3.149359165097892,3.0773810180897416,3.1337642669677734,502796000
2009-03-31,AAPL,3.1625551707426722,3.2225376281498104,3.149059493223211,3.152658700942993,570080000
2009-04-01,AAPL,3.1217676116452697,3.2690235981727893,3.1157692658151968,3.2597267627716064,589372000
2009-04-02,AAPL,3.3032140231512894,3.441472927135976,3.2924171980749644,3.380290985107422,812366800
2009-04-03,AAPL,3.4246766784471574,3.4828594250987344,3.4045830230530996,3.4786605834960938,636241200
2009-04-06,AAPL,3.447169946600724,3.5614356145115673,3.3973844845465933,3.552438497543335,658064400
2009-04-07,AAPL,3.4948578335990605,3.4990566772660143,3.4246783621512877,3.4489712715148926,536580800
2009-04-08,AAPL,3.461866526736677,3.5026540831755084,3.4363743540153675,3.488558769226074,455630000
2009-04-09,AAPL,3.55154000078971,3.598925335427308,3.5377434037123683,3.586029291152954,530756800
2009-04-13,AAPL,3.599224607755696,3.6283161852554358,3.568934161910498,3.605522871017456,389236400
2009-04-14,AAPL,3.5860299264438495,3.6040249687453025,3.5164506979064725,3.548241138458252,454622000
2009-04-15,AAPL,3.514949981732886,3.5464408988064644,3.471763490859844,3.528146743774414,412882400
2009-04-16,AAPL,3.574632948034274,3.693397006600392,3.5626362549074586,3.6424126625061035,593446000
2009-04-17,AAPL,3.634314113131079,3.7263867109619637,3.606422608456296,3.701493978500366,497495600
2009-04-20,AAPL,3.6508106802271225,3.688599470315928,3.573733513107594,3.613921642303467,466466000
2009-04-21,AAPL,3.565635046638855,3.6631065771154816,3.556937844499547,3.6517093181610107,470685600
2009-04-22,AAPL,3.67780026165206,3.7593761323024637,3.6349125056592353,3.6442103385925293,938767200
2009-04-23,AAPL,3.797466408488381,3.814861213516033,3.7041937188837206,3.7608768939971924,945156800
2009-04-24,AAPL,3.738083647199663,3.753079110613621,3.687998663253019,3.7158901691436768,540764000
2009-04-27,AAPL,3.6858982997232355,3.7488793100404836,3.678699886498453,3.740781545639038,480690000
2009-04-28,AAPL,3.6993947189223624,3.7851694583787947,3.6966958638552025,3.7158901691436768,455856800
2009-04-29,AAPL,3.74438078586511,3.8043622210895816,3.713789633244235,3.753077983856201,458110800
2009-04-30,AAPL,3.785467731952632,3.808860871432502,3.7464801004742765,3.7737717628479004,498489600
2009-05-01,AAPL,3.772874194341621,3.8373552305475043,3.772874194341621,3.816061496734619,397516000
2009-05-04,AAPL,3.8460513125397733,3.9663153453277236,3.8292563443793926,3.9609172344207764,609358400
2009-05-05,AAPL,3.9513194651549353,3.984609480676513,3.932425077909772,3.9801111221313477,398255200
2009-05-06,AAPL,3.998704831070682,4.003803023174716,3.905432181231444,3.9738121032714844,473538800
2009-05-07,AAPL,3.968715222311909,3.9705147265145477,3.835855032073498,3.870645046234131,531776000
2009-05-08,AAPL,3.870043315555019,3.935724392722417,3.786668722260621,3.874542474746704,467964000
2009-05-11,AAPL,3.8199611998125613,3.927628748180514,3.812462864059083,3.8859410285949707,404658800
2009-05-12,AAPL,3.88563940781357,3.8901381670392428,3.6963960077132842,3.73148512840271,609481600
2009-05-13,AAPL,3.6951957911278273,3.7194890899798083,3.580329879344574,3.5836293697357178,595971600
2009-05-14,AAPL,3.592326352218827,3.7047933194450064,3.5899274146297215,3.6873977184295654,447826400
2009-05-15,AAPL,3.6685034939447823,3.7374832635834347,3.6472101689894822,3.6715030670166016,367567200
2009-05-18,AAPL,3.710792072004342,3.7998651029656036,3.646011139818501,3.7983651161193848,458841600
2009-05-19,AAPL,3.8034646936840875,3.8781421068645447,3.771074022411886,3.822359085083008,372422400
2009-05-20,AAPL,3.8277561970919347,3.875142322092705,3.7578770790231553,3.7749719619750977,388584000
2009-05-21,AAPL,3.753379566350111,3.8022644877791794,3.685599853775073,3.724287986755371,407946000
2009-05-22,AAPL,3.720389212026514,3.7242881373412664,3.651409827383291,3.673903226852417,297998400
2009-05-26,AAPL,3.7416827546550016,3.9237285617608304,3.735384491000653,3.9222285747528076,636927200
2009-05-27,AAPL,3.952219120951603,4.048189830598715,3.9261263222102563,3.9903078079223633,646422000
2009-05-28,AAPL,4.0023037727450825,4.060486920853539,3.959716722718414,4.05088996887207,487552800
2009-05-29,AAPL,4.06048775038213,4.075782733055172,4.014301283344421,4.073083877563477,456534400
2009-06-01,AAPL,4.092878436999683,4.198446532471135,4.078782322719729,4.179252624511719,452499600
2009-06-02,AAPL,4.168454684506897,4.238932831102158,4.149259581339804,4.183449745178223,456223600
2009-06-03,AAPL,4.198745485659919,4.232035500255076,4.170853981677028,4.227237224578857,565199600
2009-06-04,AAPL,4.202645725510919,4.324109449342676,4.19994686978356,4.3109130859375,550634000
2009-06-05,AAPL,4.357998628394563,4.390688413180562,4.295017596401489,4.338804721832275,632716000
2009-06-08,AAPL,4.313312970578133,4.325608781500092,4.181652052403653,4.314212322235107,931652400
2009-06-09,AAPL,4.313012820831877,4.335506223301685,4.215242160130338,4.280323028564453,676964400
2009-06-10,AAPL,4.267125034438768,4.269224455043316,4.147760780173518,4.20624303817749,688623600
2009-06-11,AAPL,4.185249633103606,4.245530994061162,4.155257910180601,4.197245121002197,524823600
2009-06-12,AAPL,4.163057586178781,4.171754789221941,4.0799820788969585,4.107874393463135,563085600
2009-06-15,AAPL,4.079081565301919,4.106673153800213,4.045491631293734,4.081480503082275,539750400
2009-06-16,AAPL,4.098575332536302,4.152859157403866,4.081780365756872,4.089278697967529,514805200
2009-06-17,AAPL,4.098877178446688,4.122270736629666,4.0346968542687085,4.066187381744385,571412800
2009-06-18,AAPL,4.0820815673989745,4.13876474827298,4.066486665222347,4.075183868408203,427680400
2009-06-19,AAPL,4.1408633773735115,4.183751156205569,4.10577465058627,4.183151721954346,721856800
2009-06-22,AAPL,4.218840334247537,4.245531771264639,4.088679035898622,4.119869232177734,634914000
2009-06-23,AAPL,4.090778669317735,4.107272919530808,3.985209781938502,4.019099235534668,706532400
2009-06-24,AAPL,4.0613864706673,4.123767249929706,4.044591506873125,4.085378646850586,485525600
2009-06-25,AAPL,4.071285359844291,4.204745798356296,4.055090621276464,4.194548606872559,589447600
2009-06-26,AAPL,4.192447073650714,4.305513472675275,4.190947487423049,4.271923542022705,439384400
2009-06-29,AAPL,4.302515194221173,4.3172107432499285,4.244932667449207,4.257828712463379,567616000
2009-06-30,AAPL,4.276122370119154,4.312711072689343,4.252729625887685,4.271623611450195,434224000
2009-07-01,AAPL,4.303715775070223,4.338505789726608,4.2743246735224085,4.283621311187744,414178800
2009-07-02,AAPL,4.236235016653961,4.28362034899336,4.192447891115435,4.199345588684082,370479200
2009-07-06,AAPL,4.15975613986511,4.168454540091506,4.086278423088254,4.157057285308838,498688400
2009-07-07,AAPL,4.153159245386104,4.189148518596122,4.054188944270359,4.060786724090576,461596800
2009-07-08,AAPL,4.076383574874969,4.139964048647659,4.031396374432301,4.115371227264404,575929200
2009-07-09,AAPL,4.131565286482442,4.138462982392241,4.076681634318239,4.089577674865723,343025200
2009-07-10,AAPL,4.08897803542109,4.167853860903193,4.088377400140413,4.154358386993408,445275600
2009-07-13,AAPL,4.184950806782555,4.268925666809082,4.124669418575543,4.268925666809082,483501200
2009-07-14,AAPL,4.259628937049603,4.2941182319835915,4.233536927724456,4.266826152801514,347247600
2009-07-15,AAPL,4.34990102537115,4.40868361776047,4.328307779567739,4.405084609985352,485587200
2009-07-16,AAPL,4.37149535897805,4.439275481463006,4.365797329528464,4.42427921295166,393570800
2009-07-17,AAPL,4.471065339007735,4.55923902976776,4.457569059485541,4.551141262054443,602154000
2009-07-20,AAPL,4.596727771194972,4.649811934623433,4.525349051994321,4.585930347442627,735526400
2009-07-21,AAPL,4.597328777180948,4.601527220232624,4.4911600228495665,4.543943881988525,874781600
2009-07-22,AAPL,4.7322866435152005,4.760478870201442,4.68190173751709,4.700796127319336,874104000
2009-07-23,AAPL,4.6974983103752335,4.751781350581344,4.665407553181597,4.733187675476074,526962800
2009-07-24,AAPL,4.707095046398403,4.798567835099525,4.693599166209371,4.7982683181762695,438362400
2009-07-27,AAPL,4.803665545179347,4.824959274241837,4.7163920085597475,4.801566123962402,433311200
2009-07-28,AAPL,4.764978303842284,4.801567022053082,4.726589280547208,4.798568248748779,363554800
2009-07-29,AAPL,4.76557762856336,4.812063615101612,4.746083401841207,4.799467086791992,382158000
2009-07-30,AAPL,4.849552092507253,4.940124719586699,4.843553746174712,4.882242679595947,469604800
2009-07-31,AAPL,4.888238963355024,4.948521127166388,4.885839625441311,4.900235652923584,422536800
2009-08-03,AAPL,4.954820342252914,4.997708118752433,4.944623553757776,4.991410255432129,394240000
2009-08-04,AAPL,4.946422370982772,4.9656166764474365,4.924829127705678,4.965016841888428,395810800
2009-08-05,AAPL,4.971016668480399,5.020201515278183,4.92483059494747,4.951822757720947,423183600
2009-08-06,AAPL,4.965915744893638,4.993808049368924,4.891238751581863,4.915831565856934,341616800
2009-08-07,AAPL,4.963216255082325,4.996506264995161,4.942522367736193,4.963815689086914,387354800
2009-08-10,AAPL,4.968315779178704,4.996506799042296,4.908333130803971,4.940123558044434,300294400
2009-08-11,AAPL,4.909232654173153,4.929926944879968,4.854949632842711,4.883440971374512,355342400
2009-08-12,AAPL,4.875043496725129,4.999806678274713,4.8723446417236715,4.95781946182251,445071200
2009-08-13,AAPL,4.998007908200788,5.058590004250335,4.99350914849877,5.05109167098999,439980800
2009-08-14,AAPL,5.036696079154883,5.045393280888777,4.964418008170775,5.001906871795654,305816000
2009-08-17,AAPL,4.905035636820581,4.906235706618989,4.781172576846797,4.786271572113037,524381200
2009-08-18,AAPL,4.847452146360644,4.925728555405488,4.840854366532976,4.9185309410095215,431152400
2009-08-19,AAPL,4.88104319004706,4.957520112758429,4.872046069902541,4.936526298522949,413271600
2009-08-20,AAPL,4.947922910025831,5.000107725859728,4.936826769394995,4.988410949707031,342031200
2009-08-21,AAPL,5.027999738173364,5.07958472447071,5.002507162391811,5.075085163116455,416074400
2009-08-24,AAPL,5.102075270707569,5.119770388240419,5.046592181832705,5.070284843444824,406929600
2009-08-25,AAPL,5.082280078524343,5.126666617003557,5.0723828122288355,5.080480575561523,324354800
2009-08-26,AAPL,5.066087459720094,5.084981851251363,5.0013069175692735,5.020801544189453,303998800
2009-08-27,AAPL,5.060988801674249,5.085580819424173,4.943424021027898,5.081982612609863,449181600
2009-08-28,AAPL,5.166555526840325,5.173153304877323,5.054389295976357,5.099975109100342,453700800
2009-08-31,AAPL,5.043293618873524,5.063987512250435,4.99350894852617,5.044793605804443,311337600
2009-09-01,AAPL,5.038195687853734,5.098477867318714,4.946722908258262,4.95751953125,469028000
2009-09-02,AAPL,4.937124446501925,5.026797294380819,4.9218286680021786,4.953919410705566,364249200
2009-09-03,AAPL,4.99170977851495,5.01150352088747,4.9485224850644345,4.99500846862793,293955200
2009-09-04,AAPL,5.016899382847757,5.119468641901539,5.01120095720363,5.107771873474121,374628800
2009-09-08,AAPL,5.187849931938819,5.192648207762424,5.158458840771949,5.186350345611572,315047600
2009-09-09,AAPL,5.181854304489135,5.232539147663299,5.089481740399653,5.132669448852539,811087200
2009-09-10,AAPL,5.160258405077713,5.1959477592389245,5.122769547302634,5.175253868103027,491134000
2009-09-11,AAPL,5.185749558719695,5.193847323399678,5.124568049498321,5.1632561683654785,348961200
2009-09-14,AAPL,5.123368548193557,5.215441139866373,5.1059741489108506,5.210043430328369,322011200
2009-09-15,AAPL,5.219641584664811,5.267927074449078,5.206146105403543,5.253231525421143,426470800
2009-09-16,AAPL,5.338106466215424,5.4808639129427545,5.334807375561467,5.454471588134766,754023200
2009-09-17,AAPL,5.457771380279185,5.6020276207776565,5.457471462930463,5.534847736358643,810572000
2009-09-18,AAPL,5.573236901885658,5.594830150709286,5.541145744735639,5.548943996429443,601582800
2009-09-21,AAPL,5.527050137301333,5.55314174277818,5.446974215262522,5.518952369689941,437715600
2009-09-22,AAPL,5.554041396409329,5.559739424533862,5.483861951350308,5.532747268676758,356753600
2009-09-23,AAPL,5.560339507309762,5.66530815409701,5.5492421673856684,5.563338279724121,593563600
2009-09-24,AAPL,5.614323975411994,5.629319442808387,5.481464190339265,5.5129547119140625,550880400
2009-09-25,AAPL,5.458669587544721,5.563338317763852,5.441574702675021,5.469466209411621,445239200
2009-09-28,AAPL,5.514453665967639,5.598728431328382,5.498258531003867,5.5828328132629395,337444800
2009-09-29,AAPL,5.600228505201069,5.620321764814955,5.527649713425163,5.55974006652832,345385600
2009-09-30,AAPL,5.582231587057734,5.5918289382804955,5.47666352657208,5.558838844299316,539585200
2009-10-01,AAPL,5.558839682073462,5.58493128337202,5.419380553640978,5.424180030822754,524711600
2009-10-02,AAPL,5.440675467440497,5.57653439701855,5.438875963686979,5.545343399047852,553308000
2009-10-05,AAPL,5.58433119597726,5.604124932694713,5.526447970309848,5.578932285308838,423133200
2009-10-06,AAPL,5.630517738018343,5.698596954345703,5.617322179343074,5.698596954345703,605085600
2009-10-07,AAPL,5.6911016453224255,5.714794315747099,5.669207678197582,5.70579719543457,465668000
2009-10-08,AAPL,5.7180936171898,5.741786286827558,5.665008647032846,5.676405906677246,438211200
2009-10-09,AAPL,5.66740776827259,5.719291458019997,5.656911063405501,5.712393760681152,293272000
2009-10-12,AAPL,5.728890141179761,5.743585690547014,5.687502348738363,5.722591876983643,288024800
2009-10-13,AAPL,5.717192947988695,5.7333880828885615,5.689301438001053,5.698898792266846,348020400
2009-10-14,AAPL,5.765777973586027,5.767876994269998,5.70519668088475,5.736987113952637,375510800
2009-10-15,AAPL,5.687201627753862,5.725889758220615,5.684202855174576,5.71509313583374,373556400
2009-10-16,AAPL,5.678802817290677,5.709093657766491,5.633516114773815,5.639814376831055,431426800
2009-10-19,AAPL,5.633818049959435,5.698298268548118,5.56483867136291,5.694099426269531,942230800
2009-10-20,AAPL,6.016202456920817,6.050691738065563,5.933726417632915,5.961018085479736,1141039200
2009-10-21,AAPL,5.983812148737572,6.259430519602267,5.975114948152404,6.145763874053955,1193726800
2009-10-22,AAPL,6.139165989141487,6.233637933557366,6.073486104621677,6.15416145324707,791392000
2009-10-23,AAPL,6.169159070094468,6.172157843233832,6.095080684357708,6.1163740158081055,420786800
2009-10-26,AAPL,6.108277810424133,6.200649959098314,6.001209710420044,6.0725884437561035,484338400
2009-10-27,AAPL,6.047993815996082,6.0824831024593715,5.8917397136615515,5.919332504272461,756551600
2009-10-28,AAPL,5.929529192487862,5.938827029835928,5.731288648957759,5.770277500152588,818386800
2009-10-29,AAPL,5.848253383715075,5.902537612081265,5.762479041330181,5.8887410163879395,570270400
2009-10-30,AAPL,5.880042513286691,5.902235586871636,5.643413030591893,5.653310298919678,717525200
2009-11-02,AAPL,5.692299267479198,5.784671384437941,5.56543746519058,5.677603721618652,678983200
2009-11-03,AAPL,5.633818160144558,5.683902349043336,5.575934919876382,5.660809516906738,522541600
2009-11-04,AAPL,5.720192938665953,5.813764346613885,5.705197471956027,5.722591876983643,487530400
2009-11-05,AAPL,5.770276105007448,5.848252587272873,5.752880904645035,5.819161415100098,384801200
2009-11-06,AAPL,5.77357599679548,5.853951433358507,5.7702773068081035,5.8284592628479,295097600
2009-11-09,AAPL,5.906436246284528,6.055192040914605,5.886043068794824,6.041996479034424,528855600
2009-11-10,AAPL,6.028799052465062,6.1475630847782385,6.028499135203189,6.087581634521484,401195200
2009-11-11,AAPL,6.134968684732002,6.148165047963902,6.053092850919766,6.0956807136535645,443870000
2009-11-12,AAPL,6.092380656937476,6.144265148329499,6.041096400566342,6.057891368865967,363731200
2009-11-13,AAPL,6.084283858290437,6.143066456907176,6.060291271428509,6.131669998168945,343240800
2009-11-16,AAPL,6.162558105040045,6.238135647912101,6.14846279559106,6.197048187255859,485206400
2009-11-17,AAPL,6.180555928073875,6.221343089469036,6.148165652349797,6.2081475257873535,396513600
2009-11-18,AAPL,6.1943508276456765,6.208146223184111,6.118173031482363,6.176955223083496,374320800
2009-11-19,AAPL,6.136465780447692,6.136465780447692,5.9922087988840556,6.01350212097168,542326400
2009-11-20,AAPL,5.972718147883261,6.009907102589632,5.931030432424406,5.9958109855651855,406666400
2009-11-23,AAPL,6.088182541973413,6.178155740191181,6.086682554877466,6.174556732177734,474896800
2009-11-24,AAPL,6.158059115529621,6.174554563129927,6.085181631400396,6.1313676834106445,318438400
2009-11-25,AAPL,6.1601610785479854,6.167659412793639,6.1109762343707965,6.12387228012085,286454000
2009-11-27,AAPL,5.974814258129261,6.086980501942636,5.949322093799491,6.015902519226074,295257200
2009-11-30,AAPL,6.031498018460785,6.048592902278763,5.961319380008088,5.995509147644043,424858000
2009-12-01,AAPL,6.065390119898156,6.081285740969534,5.903138822255988,5.907337665557861,465763200
2009-12-02,AAPL,5.967017264934856,6.040795314206092,5.870746220484714,5.885141849517822,715260000
2009-12-03,AAPL,5.920830580689025,5.9676172710661515,5.886341298356643,5.89263916015625,448719600
2009-12-04,AAPL,5.989212547359111,5.994610258823218,5.7066964094125,5.797869682312012,826884800
2009-12-07,AAPL,5.797869118460984,5.811364997503554,5.658710284263697,5.666807651519775,714758800
2009-12-08,AAPL,5.679104450200117,5.768778130601975,5.659310707173308,5.694399833679199,690398800
2009-12-09,AAPL,5.73668597745128,5.943024231662651,5.70759440585228,5.932227611541748,684782000
2009-12-10,AAPL,5.983210646623533,5.989208990073605,5.881841044858076,5.891138076782227,489669600
2009-12-11,AAPL,5.931629344084637,5.9382279263639015,5.801168497148523,5.838357448577881,429774800
2009-12-14,AAPL,5.859349258410718,5.921130611134371,5.775074512026435,5.907634735107422,495790400
2009-12-15,AAPL,5.873147353133809,5.923532266920275,5.796370112836128,5.823361873626709,419459600
2009-12-16,AAPL,5.851252939977289,5.893240565140555,5.834757887325362,5.849153518676758,352984800
2009-12-17,AAPL,5.826060278226652,5.848253758572503,5.7282896384596595,5.754081726074219,388838800
2009-12-18,AAPL,5.793370007326261,5.86324873204356,5.776274321797011,5.861149311065674,608770400
2009-12-21,AAPL,5.879745598609482,5.990712216913822,5.868348338703965,5.945125579833984,611906400
2009-12-22,AAPL,5.981412055988979,6.023699182492056,5.958018913388784,6.009003639221191,349515600
2009-12-23,AAPL,6.034197969780245,6.069587813339253,6.022501995073973,6.061190128326416,345525600
2009-12-24,AAPL,6.1046756500984625,6.278624044851587,6.098677305320356,6.269326210021973,500889200
2009-12-28,AAPL,6.349703566057179,6.416582715557259,6.286421822147466,6.346404075622559,644565600
2009-12-29,AAPL,6.376995547797627,6.379694803392695,6.260030207886349,6.271126747131348,445205600
2009-12-30,AAPL,6.263028639187795,6.358100812718665,6.24743374189078,6.34730339050293,412084400
2009-12-31,AAPL,6.3919895940448805,6.398587772924903,6.314912469731459,6.320010662078857,352410800
2010-01-04,AAPL,6.400987843132776,6.433078190699774,6.369497330115575,6.41838264465332,493729600
2010-01-05,AAPL,6.436078733715388,6.465769747557289,6.395590295926477,6.42948055267334,601904800
2010-01-06,AAPL,6.429478364625085,6.454970927733838,6.320610817022503,6.327208995819092,552160000
2010-01-07,AAPL,6.3506030553674595,6.358100987373524,6.26962699139639,6.3155131340026855,477131200
2010-01-08,AAPL,6.307118018190823,6.358103172507271,6.269929864354454,6.3575029373168945,447610800
2010-01-11,AAPL,6.382094134270341,6.388092480406524,6.2516333091974765,6.301418781280518,462229600
2010-01-12,AAPL,6.2738263110810175,6.291221916193658,6.190751615367001,6.229739665985107,594459600
2010-01-13,AAPL,6.2342379752958355,6.326009854509733,6.1211715700547416,6.317612171173096,605892000
2010-01-14,AAPL,6.301418354669319,6.311915059273364,6.268727770863939,6.281023979187012,432894000
2010-01-15,AAPL,6.326011938476013,6.346106401651219,6.174257357712498,6.176056861877441,594067600
2010-01-19,AAPL,6.248033891687862,6.453772345580243,6.215344108660808,6.449273586273193,730007600
2010-01-20,AAPL,6.445373160958718,6.464567462443123,6.2831219506284945,6.350002288818359,612152800
2010-01-21,AAPL,6.360500638690358,6.397389264705099,6.214443718988294,6.240235805511475,608154400
2010-01-22,AAPL,6.201548230112118,6.22314147504131,5.913034592356184,5.930728912353516,881767600
2010-01-25,AAPL,6.073484615431557,6.1391644838469706,6.0039054227710285,6.090279579162598,1065699600
2010-01-26,AAPL,6.176656232951103,6.409386881972416,6.075586492482457,6.176356315612793,1867110000
2010-01-27,AAPL,6.2036460488899285,6.315512378065288,5.98411143111291,6.234537124633789,1722568400
2010-01-28,AAPL,6.146064544889234,6.16315902865188,5.959220087512394,5.976914405822754,1173502400
2010-01-29,AAPL,6.03059925593936,6.064189192320408,5.705796031258827,5.760079860687256,1245952400
2010-02-01,AAPL,5.769376252245287,5.878243816242545,5.737285905930892,5.840155124664307,749876400
2010-02-02,AAPL,5.875545835809236,5.88784204500669,5.799668358622403,5.8740458488464355,698342400
2010-02-03,AAPL,5.8533507466730805,6.0042059179809435,5.830857353652852,5.975114345550537,615328000
2010-02-04,AAPL,5.900136722187099,5.949322350390838,5.745383425262699,5.759779453277588,757652000
2010-02-05,AAPL,5.7771744380537005,5.878244159103058,5.723789962938904,5.862048625946045,850306800
2010-02-08,AAPL,5.868946040104141,5.934626310751738,5.8182608298747125,5.821859836578369,478270800
2010-02-09,AAPL,5.890841733305046,5.923232006738163,5.840756736383124,5.883944034576416,632886800
2010-02-10,AAPL,5.874947163914832,5.896241700311737,5.826062228094158,5.85185432434082,370361600
2010-02-11,AAPL,5.844653825349792,5.990710327679749,5.820061010436771,5.958319664001465,550345600
2010-02-12,AAPL,5.941524911632913,6.047393706175695,5.863248506021545,6.0096049308776855,655468800
2010-02-16,AAPL,6.056390645464636,6.108874965071586,6.0437945208775705,6.100177764892578,543737600
2010-02-17,AAPL,6.123869921978118,6.1274689288267705,6.023999484045746,6.074685096740723,436396800
2010-02-18,AAPL,6.0470945572474255,6.114875077233493,6.025801226328555,6.08608341217041,422825200
2010-02-19,AAPL,6.053992896906755,6.094180616658827,6.03149909782669,6.0482940673828125,415469600
2010-02-22,AAPL,6.068386528481342,6.073184803613826,5.973914605589989,6.01080322265625,390563600
2010-02-23,AAPL,5.998207851969282,6.038096046683881,5.869546550876753,5.9100341796875,575094800
2010-02-24,AAPL,5.945124286816969,6.041395734646007,5.933427512524327,6.018002986907959,460566400
2010-02-25,AAPL,5.919631303605027,6.083981951432909,5.904935758862327,6.058189868927002,665126000
2010-02-26,AAPL,6.069588455548256,6.153263395089882,6.058191996534378,6.136768341064453,507460800
2010-03-01,AAPL,6.1706573341208,6.283123923383319,6.1616602152000945,6.267828941345215,550093600
2010-03-02,AAPL,6.296020260041699,6.323012418905916,6.23033996746918,6.263630390167236,566546400
2010-03-03,AAPL,6.266329651534612,6.294221163757924,6.236338717897377,6.2780256271362305,372052800
2010-03-04,AAPL,6.276527081695683,6.325711926439825,6.257032053110189,6.319413661956787,366041200
2010-03-05,AAPL,6.44627759076877,6.58903507755433,6.436980150862359,6.56654167175293,899620400
2010-03-08,AAPL,6.598327979041252,6.600726916443712,6.545543748139972,6.570436477661133,429889600
2010-03-09,AAPL,6.547344140378251,6.747983988233552,6.5347480155052615,6.688601970672607,920259200
2010-03-10,AAPL,6.712896975122686,6.7623821387566885,6.6940025816735265,6.743187427520752,596218000
2010-03-11,AAPL,6.715294187104064,6.762979030609131,6.697599068287978,6.762979030609131,405700400
2010-03-12,AAPL,6.819062870013782,6.829859892474236,6.770477870636212,6.795970439910889,416323600
2010-03-15,AAPL,6.759382346028512,6.762980553208256,6.605527956259337,6.713196277618408,493502800
2010-03-16,AAPL,6.723393720442433,6.747386308775656,6.673308721798962,6.7314910888671875,446908000
2010-03-17,AAPL,6.744986130667619,6.791472115150352,6.696101207989007,6.721593379974365,450956800
2010-03-18,AAPL,6.720990990167102,6.74798354259145,6.676304921736602,6.737486839294434,342109600
2010-03-19,AAPL,6.741686614075933,6.755182491732861,6.6349180607123674,6.665509223937988,559445600
2010-03-22,AAPL,6.612124763230596,6.777975401481914,6.602527411067792,6.740486145019531,456419600
2010-03-23,AAPL,6.767177560835881,6.861349976980054,6.720991104526582,6.848753452301025,602431200
2010-03-24,AAPL,6.827160050279386,6.903937263870674,6.823260725642107,6.879044532775879,597780400
2010-03-25,AAPL,6.92553246749629,6.927032454580988,6.785473876322407,6.797470569610596,542284400
2010-03-26,AAPL,6.866449809404741,6.95642259413151,6.8544531177689425,6.924932479858398,640875200
2010-03-29,AAPL,6.987912719892327,7.0140043199820035,6.946524939271255,6.9696173667907715,540744400
2010-03-30,AAPL,7.095880542427134,7.1222732640699355,7.025401180220058,7.073387145996094,527310000
2010-03-31,AAPL,7.062591303171668,7.0961812407623945,7.031700220924638,7.0478949546813965,430659600
2010-04-01,AAPL,7.120174082699551,7.159761567028128,6.980415815734162,7.076986789703369,603145200
2010-04-05,AAPL,7.047294467997608,7.153162452746914,7.040995805415412,7.152562618255615,684507600
2010-04-06,AAPL,7.143865785722259,7.205047305284982,7.107876515241747,7.184053897857666,447017200
2010-04-07,AAPL,7.184352293609474,7.2554314721193025,7.157660061963567,7.215843200683594,628502000
2010-04-08,AAPL,7.211046120820424,7.244036220841957,7.139067575164863,7.196350574493408,572989200
2010-04-09,AAPL,7.240737763536199,7.25453395888767,7.211646186805629,7.2515339851379395,334182800
2010-04-12,AAPL,7.26383038082083,7.289922785321371,7.25213400662328,7.2665300369262695,333026400
2010-04-13,AAPL,7.253637356488072,7.281828794721029,7.231143148287195,7.270731449127197,306210800
2010-04-14,AAPL,7.356203546665095,7.372098763552425,7.3199147536977645,7.368499755859375,404076400
2010-04-15,AAPL,7.371199168671845,7.468670298945257,7.363101801173739,7.465371608734131,376784800
2010-04-16,AAPL,7.454871274796588,7.531948798219249,7.334307757069283,7.4197821617126465,750545600
2010-04-19,AAPL,7.4086895516887665,7.434481645148057,7.250936215481496,7.409889221191406,566924400
2010-04-20,AAPL,7.453972374521228,7.4752660977720025,7.286622561710613,7.335507869720459,738326400
2010-04-21,AAPL,7.761683065987367,7.805170680395413,7.669610443600003,7.774279594421387,982391200
2010-04-22,AAPL,7.744888509609536,8.000112163176945,7.683706172238064,7.9917144775390625,793424800
2010-04-23,AAPL,8.037297864935027,8.162960390930973,8.00760725816962,8.122472763061523,796955600
2010-04-26,AAPL,8.153962118302713,8.171356514804108,8.043294675221011,8.0825834274292,479068800
2010-04-27,AAPL,8.015705523534614,8.032800408445098,7.813266560611464,7.858852386474609,709343600
2010-04-28,AAPL,7.895143462626267,7.917636062078021,7.690004805118411,7.845658302307129,758402400
2010-04-29,AAPL,7.888243847056184,8.097581317742483,7.857953400973559,8.056794166564941,558840800
2010-04-30,AAPL,8.0768899176514,8.11467870833577,7.827665371180686,7.830364227294922,542463600
2010-05-03,AAPL,7.912830975732445,8.033995069352986,7.884038937040844,7.988108158111572,454342000
2010-05-04,AAPL,7.88434701604278,7.896342908574822,7.700201776905817,7.758083820343018,723819600
2010-05-05,AAPL,7.588633202786843,7.741887321993499,7.459671180870159,7.677406311035156,883103200
2010-05-06,AAPL,7.612627112617041,7.745187364029553,5.975715627338303,7.385295391082764,1285860800
2010-05-07,AAPL,7.3091187448384725,7.39489270421639,6.754283661213071,7.07368803024292,1676018400
2010-05-10,AAPL,7.505258151875368,7.637218551714693,7.453673180551568,7.617424011230469,984306400
2010-05-11,AAPL,7.552943747785503,7.794371951120765,7.5127564342192406,7.693302631378174,848906800
2010-05-12,AAPL,7.774875874265577,7.891541677508597,7.758681945138481,7.860351085662842,654379600
2010-05-13,AAPL,7.89423989608483,7.947624359198648,7.6897011617215165,7.748484134674072,599712400
2010-05-14,AAPL,7.652517137708592,7.692105434410755,7.482767890331657,7.612329006195068,759362800
2010-05-17,AAPL,7.638715577237409,7.683102516632186,7.429077884402573,7.624319553375244,762834800
2010-05-18,AAPL,7.707100629527197,7.754186456822704,7.505560154803836,7.568542003631592,782678400
2010-05-19,AAPL,7.482764762359822,7.5853340696832285,7.343306830829454,7.447975158691406,1025726800
2010-05-20,AAPL,7.254232460359907,7.313315763020713,7.08418377035523,7.130670547485352,1282915200
2010-05-21,AAPL,6.982516306346753,7.3328126002993805,6.938429652538989,7.26743221282959,1223891200
2010-05-24,AAPL,7.416185165591531,7.524752824929654,7.385594402041691,7.400589466094971,754238800
2010-05-25,AAPL,7.17835611846706,7.400589635884498,7.112676230813973,7.354403972625732,1048006400
2010-05-26,AAPL,7.500158171976199,7.561639998473339,7.310314182729571,7.32111120223999,850654000
2010-05-27,AAPL,7.51575463760116,7.614425417753605,7.471068165442483,7.598229885101318,666282400
2010-05-28,AAPL,7.779377217020826,7.779676733887954,7.598230376798646,7.704099178314209,815614800
2010-06-01,AAPL,7.78837245391577,7.975816320329817,7.7664788962779845,7.822562217712402,876472800
2010-06-02,AAPL,7.933830183609555,7.9416280331360625,7.807567807703352,7.916136264801025,688548000
2010-06-03,AAPL,7.953026419170321,7.964123762555763,7.809969433991112,7.8912458419799805,650106800
2010-06-04,AAPL,7.74398686027731,7.854653535933648,7.636619675193198,7.676507472991943,758304400
2010-06-07,AAPL,7.746387815575597,7.772179906728725,7.514256592655253,7.525953769683838,886942000
2010-06-08,AAPL,7.594931228660874,7.61172659592908,7.367299224228882,7.47766637802124,1000770400
2010-06-09,AAPL,7.541848721716722,7.554745567684045,7.2725293587703135,7.293822288513184,854630000
2010-06-10,AAPL,7.343006777973706,7.5271511896407555,7.263830214811298,7.51305627822876,776356000
2010-06-11,AAPL,7.444675670630661,7.613525477522904,7.418883588137519,7.603028774261475,545759200
2010-06-14,AAPL,7.676506339962889,7.772177137186633,7.6180236790492835,7.6261210441589355,602960400
2010-06-15,AAPL,7.666909308364109,7.793171669541145,7.662710466801191,7.788372993469238,585074000
2010-06-16,AAPL,7.830661612118378,8.030102219571306,7.81656589890396,8.015107154846191,783678000
2010-06-17,AAPL,8.115577394657365,8.184557581762204,8.082587288223243,8.153666496276855,872855200
2010-06-18,AAPL,8.165060254221345,8.247536297920622,8.140167522526701,8.219643592834473,784621600
2010-06-21,AAPL,8.328211427197557,8.367799704842973,8.059491967843405,8.102679252624512,776490400
2010-06-22,AAPL,8.162365051205366,8.276630773303209,8.142571304403967,8.21304988861084,717262000
2010-06-23,AAPL,8.234941852495856,8.237341191137162,8.034601080183545,8.126673698425293,768457200
2010-06-24,AAPL,8.127571767527064,8.193552768904361,8.040598158045494,8.067590713500977,714277200
2010-06-25,AAPL,8.099383032699862,8.105680896683975,7.971920159898305,7.998612403869629,549942400
2010-06-28,AAPL,8.00550920845942,8.090085091642484,7.93323113663685,8.046597480773926,584948000
2010-06-29,AAPL,7.92123279739887,7.929330963759213,7.626721258730349,7.682804584503174,1133344800
2010-06-30,AAPL,7.698997527011274,7.736786291757182,7.498058617485858,7.543644428253174,739452000
2010-07-01,AAPL,7.62672546000876,7.641721331115295,7.294424964763858,7.45217752456665,1022896000
2010-07-02,AAPL,7.512457180071755,7.525654344429008,7.29382263560986,7.405990123748779,693842800
2010-07-06,AAPL,7.527752019848908,7.581735531953661,7.382595250577679,7.456673622131348,615235600
2010-07-07,AAPL,7.5124552568172795,7.760781956026225,7.4902629801087555,7.757781982421875,654556000
2010-07-08,AAPL,7.872050743133663,7.884647272363312,7.644418670420443,7.740389823913574,738144400
2010-07-09,AAPL,7.704399634561427,7.794672747964949,7.652515138206909,7.786275863647461,433322400
2010-07-12,AAPL,7.753586237817294,7.853156400303187,7.643519367996121,7.716397285461426,562878400
2010-07-13,AAPL,7.687303704273786,7.68970224146965,7.390691545060475,7.551743507385254,1190924000
2010-07-14,AAPL,7.479166459483996,7.671707745030055,7.467768802131959,7.579635143280029,812047600
2010-07-15,AAPL,7.444675465485125,7.706796726361777,7.4167835626000125,7.54124641418457,824866000
2010-07-16,AAPL,7.593128067789025,7.646812032465049,7.450071201452428,7.494757652282715,1039858400
2010-07-19,AAPL,7.49416256381062,7.49416256381062,7.185854768411009,7.365200519561768,1024478000
2010-07-20,AAPL,7.284824518405544,7.584734605742564,7.198150422279572,7.554443359375,1074950800
2010-07-21,AAPL,7.950325410644143,7.952124914420987,7.617725538120246,7.624922752380371,1185671200
2010-07-22,AAPL,7.728094284246848,7.7976735167259505,7.657015064400587,7.768282413482666,645318800
2010-07-23,AAPL,7.710394947891906,7.80906570764386,7.6861020543597025,7.79586935043335,533388800
2010-07-26,AAPL,7.797671947812231,7.800671121095603,7.728992881741345,7.776078701019287,420551600
2010-07-27,AAPL,7.823765791635991,7.941630520350409,7.806670901205294,7.920037269592285,584771600
2010-07-28,AAPL,7.907740099125885,7.977319321951501,7.805170768969886,7.82646369934082,519985200
2010-07-29,AAPL,7.818966597908647,7.8771489647588355,7.680708297086682,7.740989685058594,643806800
2010-07-30,AAPL,7.674408980618808,7.788673870727284,7.644716766814057,7.715196132659912,448210000
2010-08-02,AAPL,7.810867995786372,7.875348216664503,7.786275576700168,7.853155136108398,428055600
2010-08-03,AAPL,7.8279629880671635,7.89544238301889,7.780277335408659,7.855554580688477,417653600
2010-08-04,AAPL,7.882847970780382,7.926034470411374,7.806970878208377,7.887046813964844,420375200
2010-08-05,AAPL,7.849551236951041,7.89303882028661,7.814161816531925,7.848651885986328,289097200
2010-08-06,AAPL,7.7910766668407785,7.842362148653957,7.72659561851601,7.800374507904053,444897600
2010-08-09,AAPL,7.842059091593085,7.862153955528808,7.7847768768341785,7.850157260894775,303128000
2010-08-10,AAPL,7.793174639525959,7.811169681653531,7.724194445551044,7.779978275299072,451920000
2010-08-11,AAPL,7.659715030603338,7.6684122338932035,7.49206482490319,7.503460884094238,620054400
2010-08-12,AAPL,7.39848898833987,7.590731533843716,7.38139410614363,7.551443576812744,534920400
2010-08-13,AAPL,7.547245833466843,7.554143530542499,7.470468610821648,7.470768928527832,354869200
2010-08-16,AAPL,7.425182898961482,7.498061603211853,7.396390837520971,7.426982402801514,318430000
2010-08-17,AAPL,7.500162007990654,7.636621604742738,7.47376928013309,7.556845188140869,422640400
2010-08-18,AAPL,7.568540807119278,7.637819708691026,7.545147255223913,7.589833736419678,339696000
2010-08-19,AAPL,7.582932788165764,7.602127489186402,7.458170434919636,7.494159698486328,426706000
2010-08-20,AAPL,7.4794671699222555,7.615326114019161,7.467769993850721,7.486964702606201,384230000
2010-08-23,AAPL,7.551444892088024,7.557742754779223,7.355303788738523,7.371798038482666,414041600
2010-08-24,AAPL,7.277928375372234,7.2878244469485916,7.157363999590548,7.1957526206970215,602565600
2010-08-25,AAPL,7.139068151727455,7.317515344298522,7.1138758989676045,7.284524440765381,596867600
2010-08-26,AAPL,7.361302418807514,7.37029993886925,7.206248760223389,7.206248760223389,466505200
2010-08-27,AAPL,7.250335444452653,7.276127531732357,7.064690237211914,7.24643611907959,548391200
2010-08-30,AAPL,7.2206437650745015,7.370299707776544,7.218244426466603,7.272828578948975,383289200
2010-08-31,AAPL,7.253333246346918,7.334609628015973,7.208347256008199,7.290822505950928,420786800
2010-09-01,AAPL,7.421883729866363,7.541547937449853,7.386194770096378,7.5076584815979,697037600
2010-09-02,AAPL,7.5355507659948975,7.562842845916748,7.454874996542524,7.562842845916748,415427600
2010-09-03,AAPL,7.650418843283309,7.7610855735289235,7.632724115090521,7.760786056518555,520788800
2010-09-07,AAPL,7.69690089284836,7.7835749847101825,7.685204519343889,7.731990814208984,342557600
2010-09-08,AAPL,7.791071480894154,7.929330525730393,7.770677108550391,7.885243892669678,526551200
2010-09-09,AAPL,7.948824390015738,7.993210537905832,7.885243539602734,7.889741897583008,438575200
2010-09-10,AAPL,7.893342310554899,7.932631073857488,7.839658318642593,7.899940490722656,387542400
2010-09-13,AAPL,7.97221712782362,8.045995163905232,7.970418425310303,8.008806228637695,388780000
2010-09-14,AAPL,7.98391091097447,8.072683978766609,7.963217029462243,8.03939437866211,408150400
2010-09-15,AAPL,8.042695499395727,8.108975997193935,8.032797831690495,8.10417652130127,429368800
2010-09-16,AAPL,8.104783706547446,8.297625410289307,8.082589816524736,8.294626235961914,652103200
2010-09-17,AAPL,8.328210097208176,8.336308262393805,8.20794689844179,8.258631706237793,634477200
2010-09-20,AAPL,8.279926382718031,8.510857880927299,8.273028685770559,8.494362831115723,658677600
2010-09-21,AAPL,8.51325778445283,8.617926118112083,8.48116703410615,8.510558128356934,668074400
2010-09-22,AAPL,8.478770562479287,8.636823427581916,8.469773040529581,8.629925727844238,585289600
2010-09-23,AAPL,8.587335778006075,8.780178204771543,8.577438907143495,8.66501235961914,786116800
2010-09-24,AAPL,8.76038565132149,8.803272631441471,8.713899662972885,8.766983032226562,649488000
2010-09-27,AAPL,8.816764229061619,8.83925681829345,8.727690820789833,8.732189178466797,482834800
2010-09-28,AAPL,8.750485293736798,8.750485293736798,8.247536461219532,8.603229522705078,1035042400
2010-09-29,AAPL,8.614325709917443,8.691702758246983,8.57743708966516,8.618524551391602,469644000
2010-09-30,AAPL,8.66741122897292,8.69740215490161,8.4349805519666,8.509958267211914,673391600
2010-10-01,AAPL,8.581935394744614,8.59483143591171,8.43797831991181,8.473068237304688,448142800
2010-10-04,AAPL,8.44547686282287,8.484464504122476,8.330610556735651,8.356703758239746,435302000
2010-10-05,AAPL,8.457475360892017,8.680907756380979,8.452076048322304,8.665613174438477,501967200
2010-10-06,AAPL,8.685108611084338,8.757087182365103,8.555247185306815,8.673111915588379,670868800
2010-10-07,AAPL,8.70760117376594,8.711800016784016,8.604732322789038,8.67401123046875,408399600
2010-10-08,AAPL,8.748685811605245,8.832360725336834,8.697401962073457,8.819464683532715,658403200
2010-10-11,AAPL,8.839560073584824,8.914536990842695,8.835361231676053,8.858153343200684,427753200
2010-10-12,AAPL,8.859653435820936,8.982317602359727,8.772079190943744,8.95352554321289,558544000
2010-10-13,AAPL,9.003312985231345,9.056096836878664,8.991316291289957,9.001513481140137,630092400
2010-10-14,AAPL,9.047998296965334,9.07139104627374,9.009309364439174,9.066593170166016,435296400
2010-10-15,AAPL,9.220443963960037,9.447176586441225,9.144566906324286,9.43937873840332,922194000
2010-10-18,AAPL,9.551246092824575,9.567140505242936,9.425883089290275,9.537150382995605,1093010800
2010-10-19,AAPL,9.099283762968268,9.410290432659393,8.997914105841618,9.281929016113281,1232784000
2010-10-20,AAPL,9.267233735792487,9.424686738101698,9.203353343426986,9.313119888305664,721624400
2010-10-21,AAPL,9.368002444275293,9.439381162179286,9.201252424575577,9.282828330993652,551460000
2010-10-22,AAPL,9.269332024879127,9.298423604622895,9.18625772984085,9.221346855163574,372778000
2010-10-25,AAPL,9.269931384487446,9.345207818810774,9.250436360861624,9.262433052062988,392462000
2010-10-26,AAPL,9.20335243233618,9.289426699710353,9.166762519869014,9.238741874694824,392929600
2010-10-27,AAPL,9.226746796827982,9.294226202462635,9.16526493770173,9.232145309448242,399002800
2010-10-28,AAPL,9.235744300652966,9.237244288042922,9.024308544775241,9.15446949005127,551051200
2010-10-29,AAPL,9.124171094251148,9.173656224143187,9.023400530668825,9.026700019836426,430511200
2010-11-01,AAPL,9.063897493574753,9.165267186215221,9.063297658692012,9.122679710388184,423889200
2010-11-02,AAPL,9.207251354904823,9.302922179655875,9.207251354904823,9.278029441833496,433930000
2010-11-03,AAPL,9.338309209277618,9.383596313713824,9.253135112612556,9.381196975708008,508348400
2010-11-04,AAPL,9.460672969282651,9.602531024775706,9.448076444852978,9.545248031616211,642488000
2010-11-05,AAPL,9.536853606889714,9.584238946619909,9.499664656239018,9.51106071472168,361253200
2010-11-08,AAPL,9.51315672523992,9.590233451394635,9.499960367092115,9.555744171142578,281758400
2010-11-09,AAPL,9.628622799085445,9.636121130853411,9.432182203368697,9.479567527770996,383544000
2010-11-10,AAPL,9.496362551686031,9.5602437285542,9.403690117912284,9.538050651550293,384227200
2010-11-11,AAPL,9.447179993847334,9.549150287888995,9.42468659374093,9.496665954589844,361284000
2010-11-12,AAPL,9.477167993325882,9.492163054856759,9.106179567836067,9.238139152526855,795846800
2010-11-15,AAPL,9.251037773880206,9.313418971676438,9.185357085302652,9.208450317382812,403606000
2010-11-16,AAPL,9.168863135272348,9.225245993736225,8.97692004109688,9.045000076293945,657650000
2010-11-17,AAPL,9.033303440513652,9.11697837420196,8.930134280627392,9.012310028076172,479449600
2010-11-18,AAPL,9.153265101001395,9.28732531542041,9.137970521765236,9.250136375427246,494491200
2010-11-19,AAPL,9.236343805180772,9.249239851087044,9.154468368971758,9.1991548538208,384843200
2010-11-22,AAPL,9.19765141927094,9.397992134094238,9.173359323769503,9.397992134094238,393075200
2010-11-23,AAPL,9.310718309006548,9.349707554473508,9.194053292843659,9.259133338928223,519447600
2010-11-24,AAPL,9.357206878564194,9.459177177892704,9.349710145936537,9.441182136535645,413725200
2010-11-26,AAPL,9.40939101106649,9.528155872814791,9.385398425188518,9.447179794311523,237585600
2010-11-29,AAPL,9.462175197701601,9.521557230270346,9.338612455047866,9.503263473510742,445785200
2010-11-30,AAPL,9.403393833435995,9.42798705788694,9.323317897403387,9.33171558380127,501858000
2010-12-01,AAPL,9.455276955852652,9.529654851385567,9.447179588432995,9.489167213439941,461750800
2010-12-02,AAPL,9.52305494747729,9.567141585378094,9.443878389026775,9.54164981842041,462837200
2010-12-03,AAPL,9.50746204060512,9.556646882025404,9.487367979512303,9.520358085632324,342092800
2010-12-06,AAPL,9.556347859582326,9.6670153601989,9.549749677847442,9.601634979248047,448481600
2010-12-07,AAPL,9.711099555206232,9.716796782175328,9.540750546797014,9.543449401855469,391454000
2010-12-08,AAPL,9.586037404740892,9.627725511528341,9.510460643130317,9.627425193786621,321935600
2010-12-09,AAPL,9.661016416749652,9.672112156802227,9.567743327435801,9.589937210083008,294151200
2010-12-10,AAPL,9.586634818882777,9.628622431963338,9.555143908860577,9.613926887512207,262511200
2010-12-13,AAPL,9.72819653898837,9.748890435059897,9.627126397354813,9.64721965789795,439815600
2010-12-14,AAPL,9.649018435590888,9.673311335903582,9.567142215861573,9.605831146240234,351008000
2010-12-15,AAPL,9.597131408292828,9.687104978235302,9.572839313221575,9.607929229736328,417312000
2010-12-16,AAPL,9.629825803478692,9.675412440994824,9.60013518634198,9.634624481201172,322030800
2010-12-17,AAPL,9.646021602372123,9.650820280224732,9.604033972009233,9.61543083190918,386929200
2010-12-20,AAPL,9.645121350113303,9.694607314532893,9.544052001853894,9.663415908813477,385610400
2010-12-21,AAPL,9.687105669808663,9.728792967705775,9.658614731360364,9.723094940185547,256354000
2010-12-22,AAPL,9.727896641391059,9.768684600614804,9.703603736184148,9.7518892288208,265921600
2010-12-23,AAPL,9.74708575669525,9.75158411399123,9.692202113788355,9.705098152160645,223157200
2010-12-27,AAPL,9.68261063965032,9.760287234625036,9.64272203075586,9.737493515014648,249816000
2010-12-28,AAPL,9.774379296913931,9.79687269032997,9.748887531833079,9.761183738708496,175924000
2010-12-29,AAPL,9.783678960010619,9.79057745906519,9.75008901969881,9.75578784942627,163139200
2010-12-30,AAPL,9.761484897497509,9.762384248978805,9.688606995316363,9.706901550292969,157494400
2010-12-31,AAPL,9.685606513751457,9.701501728167436,9.636420883774324,9.673910140991211,193508000
2011-01-03,AAPL,9.766282012635568,9.904840580449324,9.742289433187933,9.884146690368652,445138400
2011-01-04,AAPL,9.970220214536347,9.972019717927507,9.841558525033182,9.935730934143066,309080800
2011-01-05,AAPL,9.88354635312121,10.02720310651674,9.882046366505515,10.017005920410156,255519600
2011-01-06,AAPL,10.038607482436243,10.054502707558028,9.98402410584286,10.008916854858398,300428800
2011-01-07,AAPL,10.01671000827877,10.087488900324797,9.954028484160752,10.080591201782227,311931200
2011-01-10,AAPL,10.16186481658519,10.293825219830584,10.112080148503978,10.270432472229004,448560000
2011-01-11,AAPL,10.343311279762082,10.345709817242307,10.1810596291799,10.246140480041504,444108000
2011-01-12,AAPL,10.29442428094124,10.329812913795864,10.256935026122378,10.329512596130371,302590400
2011-01-13,AAPL,10.35171180552089,10.396098779350194,10.312423827855252,10.36730670928955,296780400
2011-01-14,AAPL,10.373601160839023,10.451277732849121,10.330114357289071,10.451277732849121,308840000
2011-01-18,AAPL,9.882645662708518,10.3397090981673,9.77707720307277,10.216445922851562,1880998000
2011-01-19,AAPL,10.44737938868206,10.454877721675267,10.103383452133777,10.162165641784668,1135612800
2011-01-20,AAPL,10.08988603051152,10.145969360733503,9.90064263104307,9.97741985321045,764789200
2011-01-21,AAPL,10.01010719457282,10.043397604190178,9.795971113446107,9.798670768737793,754401200
2011-01-24,AAPL,9.803173322189064,10.120478630065918,9.798674162093832,10.120478630065918,574683200
2011-01-25,AAPL,10.086888477298768,10.240142616368763,10.034103832456491,10.23894214630127,546868000
2011-01-26,AAPL,10.285728604890727,10.36490517296097,10.24194227936688,10.312420845031738,506875600
2011-01-27,AAPL,10.310320173211528,10.33761224572136,10.281829232408985,10.293225288391113,285026000
2011-01-28,AAPL,10.322019276509597,10.328916974929486,10.002914433285245,10.07999038696289,592057200
2011-01-31,AAPL,10.070993806312165,10.198156358116412,10.026007806233443,10.176562309265137,377246800
2011-02-01,AAPL,10.235942499995229,10.366402907642247,10.226345147428107,10.347808837890625,426633200
2011-02-02,AAPL,10.330412614621299,10.354404390111895,10.303420065288549,10.326513290405273,258955200
2011-02-03,AAPL,10.310923101243315,10.324119465741708,10.153470083201064,10.300126075744629,393797600
2011-02-04,AAPL,10.306119613004673,10.397892685214762,10.302221089373463,10.391894340515137,321840400
2011-02-07,AAPL,10.433582467592181,10.594334114135988,10.42608493654283,10.553247451782227,485021600
2011-02-08,AAPL,10.607232850011716,10.66241603380798,10.561346702477763,10.65281867980957,381040800
2011-02-09,AAPL,10.652518969167177,10.766785461014164,10.64292241619061,10.741592407226562,482745200
2011-02-10,AAPL,10.718499442669017,10.796775853782728,10.436882310916799,10.633024215698242,928550000
2011-02-11,AAPL,10.6393219088423,10.730793871616948,10.60303232023471,10.702302932739258,367572800
2011-02-14,AAPL,10.700506129708065,10.781181091313249,10.698106790984765,10.772184371948242,310416400
2011-02-15,AAPL,10.772480879999316,10.795874426017436,10.72329605160423,10.793774604797363,284174800
2011-02-16,AAPL,10.8207656649305,10.94372932974751,10.811768948653818,10.890645980834961,481157600
2011-02-17,AAPL,10.714302269613496,10.804874903387761,10.69240790345771,10.745792388916016,530583200
2011-02-18,AAPL,10.758087995628477,10.781781063639992,10.482469983098236,10.51366138458252,816057200
2011-02-22,AAPL,10.261435080433472,10.358906198056918,10.128575324106038,10.155266761779785,872555600
2011-02-23,AAPL,10.16006641256271,10.336112660175779,10.15526693496942,10.275531768798828,671854400
2011-02-24,AAPL,10.317518625619655,10.351408076358645,10.14806896938312,10.28332805633545,499900800
2011-02-25,AAPL,10.354705556796889,10.449777319569069,10.340910164631572,10.441679954528809,380018800
2011-02-28,AAPL,10.53405428008118,10.648319969391009,10.530455272450464,10.59313678741455,403074000
2011-03-01,AAPL,10.660913637103727,10.668411167233433,10.427283326570823,10.476168632507324,456136800
2011-03-02,AAPL,10.49566430459378,10.627325180371653,10.448878012311331,10.560444831848145,602590800
2011-03-03,AAPL,10.712499533276757,10.790475615293715,10.674410443166057,10.783577919006348,500788400
2011-03-04,AAPL,10.798874838485023,10.805473018888746,10.729295628649323,10.796775817871094,453266800
2011-03-07,AAPL,10.838759900949016,10.846858066187568,10.5361510386859,10.657614707946777,546123200
2011-03-08,AAPL,10.644121267565573,10.718799475617159,10.564344865726856,10.6696138381958,356316800
2011-03-09,AAPL,10.637520998656738,10.639620819813791,10.51485844818331,10.570940971374512,453306000
2011-03-10,AAPL,10.470473286168101,10.489968312511895,10.343911379737444,10.396995544433594,507539200
2011-03-11,AAPL,10.3568042341491,10.56644197289011,10.346908166847184,10.556544303894043,471080400
2011-03-14,AAPL,10.592237975350201,10.691209096023494,10.536155434793411,10.60363483428955,435957200
2011-03-15,AAPL,10.259936552107641,10.432085084235082,10.199954691654524,10.359807014465332,721081200
2011-03-16,AAPL,10.256934888420552,10.286925811364743,9.784875566957965,9.89734172821045,1162011200
2011-03-17,AAPL,10.101883270323663,10.185258677194374,9.916838702736293,10.036203384399414,659422400
2011-03-18,AAPL,10.110876949187878,10.14296768989689,9.897041186212288,9.917135238647461,753214000
2011-03-21,AAPL,10.076689776984464,10.189155145692371,10.05479541657697,10.175959587097168,409402000
2011-03-22,AAPL,10.273733244756453,10.275532748707825,10.171163121223,10.23294448852539,325922800
2011-03-23,AAPL,10.175359682535046,10.203551103938874,10.075489237742534,10.172660827636719,372996400
2011-03-24,AAPL,10.252438415238707,10.376901288890842,10.162765146733612,10.346010208129883,404712000
2011-03-25,AAPL,10.438981474319421,10.558645663348827,10.407490561060232,10.543050765991211,448910000
2011-03-28,AAPL,10.591337654607948,10.626427579812987,10.510061264038086,10.510061264038086,309355200
2011-03-29,AAPL,10.42668639184854,10.525656700134277,10.378701224657,10.525656700134277,352900800
2011-03-30,AAPL,10.51605838623807,10.523257201761009,10.420087259769904,10.45577621459961,329406000
2011-03-31,AAPL,10.387697935703494,10.490867086194536,10.378701217390928,10.452178955078125,274019200
2011-04-01,AAPL,10.530156732762084,10.54455196377355,10.295925702386425,10.333714485168457,418661600
2011-04-04,AAPL,10.32621571435385,10.334912914794351,10.148968210901355,10.232643127441406,460084800
2011-04-05,AAPL,10.106683080359824,10.264435592033207,10.076991665051366,10.163665771484375,482731200
2011-04-06,AAPL,10.233547137170769,10.313922593601482,10.111183246948096,10.138175010681152,402539200
2011-04-07,AAPL,10.139973766847962,10.209852510098699,10.077892074164398,10.139374732971191,373447200
2011-04-08,AAPL,10.19455515608565,10.201452853116162,10.015508944218878,10.048798561096191,377535200
2011-04-11,AAPL,10.01880173221857,10.06708718854327,9.897639216773443,9.921031951904297,398946800
2011-04-12,AAPL,9.911739900117174,10.00891150453063,9.903042698759538,9.969023704528809,425639200
2011-04-13,AAPL,10.047598332298774,10.081188265009269,9.972620618016183,10.080888748168945,346220000
2011-04-14,AAPL,10.041002287970047,10.076991566445848,9.958827342724224,9.969623565673828,301800800
2011-04-15,AAPL,9.996015249377848,10.006212438274282,9.801073796147564,9.820867538452148,453605600
2011-04-18,AAPL,9.78007995287203,9.963924857553245,9.601933076604833,9.95252799987793,609898800
2011-04-19,AAPL,9.990016923024047,10.1363725597446,9.948328819158741,10.132774353027344,419378400
2011-04-20,AAPL,10.302223807317615,10.369403683982709,10.241942429300606,10.269233703613281,700666400
2011-04-21,AAPL,10.646821669746865,10.650720995721736,10.452480031972781,10.517860412597656,753810400
2011-04-25,AAPL,10.50706226030642,10.609332055797422,10.505861790279004,10.587138175964355,266546000
2011-04-26,AAPL,10.605430608210483,10.646518068137981,10.477368751820531,10.509459495544434,338800000
2011-04-27,AAPL,10.564046228959866,10.56734572003007,10.409892724804102,10.501364707946777,356213200
2011-04-28,AAPL,10.382599620112366,10.489366976167313,10.362505561314793,10.399394989013672,360959200
2011-04-29,AAPL,10.400297384431417,10.61533294725739,10.396997892722194,10.500767707824707,1006345200
2011-05-02,AAPL,10.489063862546942,10.51095741764798,10.361902173573233,10.385294914245605,442713600
2011-05-03,AAPL,10.436585627096562,10.49356832636466,10.365506410850726,10.442883491516113,313348000
2011-05-04,AAPL,10.444680920717603,10.551749399663487,10.403293132245995,10.483969688415527,389250400
2011-05-05,AAPL,10.448879341693994,10.525357052384399,10.37840077788704,10.399394989013672,335969200
2011-05-06,AAPL,10.48756807564206,10.496865111399371,10.383199259120385,10.396695137023926,280134400
2011-05-09,AAPL,10.432683752449913,10.47287267068066,10.39279595279029,10.424886703491211,204747200
2011-05-10,AAPL,10.463573247929691,10.487566628311242,10.396693702233977,10.480368614196777,282091600
2011-05-11,AAPL,10.467475506044467,10.496866604401212,10.354109154513566,10.413790702819824,336000000
2011-05-12,AAPL,10.38050306554057,10.410494001999213,10.265037679878178,10.393998146057129,322000000
2011-05-13,AAPL,10.366704426815879,10.384398346391437,10.20745194301042,10.211950302124023,326116000
2011-05-16,AAPL,10.172961628588395,10.233543315885855,9.975019432300844,9.996013641357422,449775200
2011-05-17,AAPL,9.95702848459824,10.081191062927246,9.918939381934356,10.081191062927246,452334400
2011-05-18,AAPL,10.091088512591528,10.228447462057645,10.076992796892482,10.193058013916016,334776400
2011-05-19,AAPL,10.25933846785194,10.26923534037119,10.157068649559886,10.212852478027344,261170000
2011-05-20,AAPL,10.183756417364767,10.22544451191935,10.047597198306546,10.053595542907715,337968400
2011-05-23,AAPL,9.896142462392234,10.076388310474977,9.87964741539349,10.02900218963623,383600000
2011-05-24,AAPL,10.061995307240318,10.073991998924848,9.937232116262942,9.962724685668945,321927200
2011-05-25,AAPL,9.999910628878947,10.15376536292984,9.982516230609235,10.100380897521973,294224000
2011-05-26,AAPL,10.076089596790414,10.103681182921626,10.0299031411738,10.046998023986816,222560800
2011-05-27,AAPL,10.041002485823988,10.125877089115136,10.026306936901138,10.119278907775879,203599200
2011-05-31,AAPL,10.229943617402348,10.431782722473145,10.226943644035494,10.431782722473145,417754400
2011-06-01,AAPL,10.462974193732917,10.560744015207284,10.336412315857196,10.362203598022461,554682800
2011-06-02,AAPL,10.39189571595047,10.43628267175551,10.325915517215861,10.379899024963379,338783200
2011-06-03,AAPL,10.292329024843042,10.356809258341535,10.257239092396045,10.300126075744629,313250000
2011-06-06,AAPL,10.367906921915084,10.40839456751467,10.131277311267645,10.138175010681152,461941200
2011-06-07,AAPL,10.142070941408557,10.143570127404008,9.954026408270769,9.95822525024414,529785200
2011-06-08,AAPL,9.950431324180114,10.041003969771653,9.91654186174557,9.964226722717285,333723600
2011-06-09,AAPL,9.994517213073776,10.007113741983314,9.919539476021338,9.941733360290527,275088800
2011-06-10,AAPL,9.913543037972822,9.946833470363638,9.762387865340036,9.77408504486084,433955200
2011-06-13,AAPL,9.813068699459402,9.84635911825541,9.749188318750644,9.795074462890625,329473200
2011-06-14,AAPL,9.897046147036702,9.994517286000828,9.876352249815167,9.970224380493164,334569200
2011-06-15,AAPL,9.889547647814869,9.906042700425175,9.7434907120979,9.799574851989746,399196000
2011-06-16,AAPL,9.804074047476194,9.857457734698038,9.547050881912783,9.7518892288208,510591200
2011-06-17,AAPL,9.86675444550498,9.874552295803914,9.577940073480098,9.604931831359863,615020000
2011-06-20,AAPL,9.517957190139017,9.528154377897396,9.312218736332754,9.456775665283203,640645600
2011-06-21,AAPL,9.497564043218281,9.771081413665977,9.453177083588773,9.756086349487305,493382400
2011-06-22,AAPL,9.751886216407346,9.864053670259036,9.668510819594204,9.675409317016602,390583200
2011-06-23,AAPL,9.565341602058266,9.947727697414027,9.54074998857722,9.933932304382324,559759200
2011-06-24,AAPL,9.9381300111197,9.991513675295288,9.749785998691088,9.787574768066406,439807200
2011-06-27,AAPL,9.82476566276018,10.014009064185998,9.814568475110564,9.95822525024414,339813600
2011-06-28,AAPL,10.006510737421362,10.097983506918649,10.000212874881292,10.05479621887207,294299600
2011-06-29,AAPL,10.078189402984703,10.088086272575099,9.953426219895341,10.018207550048828,352545200
2011-06-30,AAPL,10.037999266123068,10.080887027116301,9.982216266254085,10.067090034484863,322954800
2011-07-01,AAPL,10.07548468419595,10.30191690613678,10.023000389038494,10.294719696044922,435313200
2011-07-05,AAPL,10.286925427259085,10.49176448844601,10.271930366770443,10.479767799377441,355054000
2011-07-06,AAPL,10.46537542426503,10.619830046953233,10.398195543733555,10.549650192260742,444626000
2011-07-07,AAPL,10.63692295732582,10.736792607142425,10.616828099435613,10.712800025939941,399663600
2011-07-08,AAPL,10.597034452847954,10.796775355923893,10.562844683975092,10.788077354431152,489633200
2011-07-11,AAPL,10.687011645454096,10.789881304531159,10.581442329537081,10.61683177947998,442674400
2011-07-12,AAPL,10.602731197137384,10.72719485042389,10.455475435157805,10.609330177307129,451609200
2011-07-13,AAPL,10.746688659103217,10.79677443989732,10.688205996077839,10.73739242553711,391638800
2011-07-14,AAPL,10.827067354978123,10.84506239425774,10.687009569731385,10.729896545410156,430533600
2011-07-15,AAPL,10.8318678190657,10.946733369117805,10.77188594659967,10.944334030151367,484467200
2011-07-18,AAPL,10.959626777939697,11.236144120491403,10.95512841888399,11.210652351379395,572653200
2011-07-19,AAPL,11.336615221314688,11.356109446690763,11.19625711894587,11.302125930786133,819145600
2011-07-20,AAPL,11.880051872540141,11.884550231340915,11.57654199031294,11.603533744812012,941340400
2011-07-21,AAPL,11.605031467368425,11.698302920790344,11.513558716438098,11.615228652954102,526534400
2011-07-22,AAPL,11.646119425967765,11.847959321131514,11.629024543939755,11.795475006103516,516728800
2011-07-25,AAPL,11.70700308042622,11.996417267562691,11.685110318873445,11.951431274414062,589806000
2011-07-26,AAPL,11.99641926542754,12.131379669891299,11.986822711110067,12.098689079284668,476582400
2011-07-27,AAPL,12.014111496741824,12.075593339243712,11.760986912700794,11.77418327331543,659324400
2011-07-28,AAPL,11.745088692103028,11.906139818214957,11.64041959507926,11.751086235046387,594034000
2011-07-29,AAPL,11.625729051821374,11.850961752484,11.516561550440626,11.71090316772461,632584400
2011-08-01,AAPL,11.929837042122767,11.981421215040818,11.767585389741265,11.898946762084961,612836000
2011-08-02,AAPL,11.925939537363188,11.933437069937062,11.647022836633528,11.663817405700684,639539600
2011-08-03,AAPL,11.725896964116945,11.802974505353081,11.463776463761059,11.77358341217041,732508000
2011-08-04,AAPL,11.678812844693683,11.736095048582179,11.317120578590137,11.317720413208008,871407600
2011-08-05,AAPL,11.409794175838122,11.50156727993501,10.873854303842815,11.205254554748535,1204590800
2011-08-08,AAPL,10.847460253207078,11.02980596892707,10.58743795824228,10.59313678741455,1143833600
2011-08-09,AAPL,10.835763932036123,11.234945454806887,10.646820034732073,11.216950416564941,1082583600
2011-08-10,AAPL,11.131174777854913,11.236143423317916,10.871753137844747,10.907442092895508,878656800
2011-08-11,AAPL,11.112280947516465,11.260137371020711,10.938332920611986,11.207653045654297,741969200
2011-08-12,AAPL,11.3387144281977,11.385800246938755,11.223549378818698,11.30632495880127,528976000
2011-08-15,AAPL,11.385501633315585,11.545654294138057,11.339315162461377,11.498867988586426,460544000
2011-08-16,AAPL,11.442181155654213,11.49766464617014,11.27842953895897,11.410989761352539,498750000
2011-08-17,AAPL,11.465876234971818,11.532155957403141,11.336614679200448,11.40979290008545,442061200
2011-08-18,AAPL,11.12187852388901,11.176163154961193,10.837862846118986,10.97822093963623,851435200
2011-08-19,AAPL,10.86185671364019,11.006713973544537,10.676812135296766,10.677711486816406,775888400
2011-08-22,AAPL,10.932035266000945,10.943132606553476,10.649519575443284,10.690007209777832,535315200
2011-08-23,AAPL,10.805770712084481,11.205851501542414,10.70680042527339,11.204651832580566,656835200
2011-08-24,AAPL,11.200752779055362,11.365403744240993,11.11467853107784,11.282029151916504,626267600
2011-08-25,AAPL,10.949129037549096,11.260136439609514,10.946729699387001,11.208251953125,871346000
2011-08-26,AAPL,11.13177560807006,11.510562757710785,11.12067906814067,11.503965377807617,641477200
2011-08-29,AAPL,11.641923189380762,11.74149413231359,11.636525478772331,11.69560718536377,405269200
2011-08-30,AAPL,11.644021287079891,11.75168958823798,11.582839763792895,11.696206092834473,417922400
2011-08-31,AAPL,11.71360188426483,11.758888194449474,11.452379927190357,11.54145336151123,522586400
2011-09-01,AAPL,11.5711449566854,11.616730784463554,11.418190337501649,11.42748737335205,343725200
2011-09-02,AAPL,11.238843231660207,11.336614671542788,11.151570098739338,11.21815013885498,438939200
2011-09-06,AAPL,11.017810485129475,11.4064945425533,10.991118242697997,11.388800621032715,509698000
2011-09-07,AAPL,11.563343961506078,11.564543630376399,11.456575033741537,11.514458656311035,350576800
2011-09-08,AAPL,11.468574773623974,11.654819811479637,11.46587591837125,11.520759582519531,416158400
2011-09-09,AAPL,11.514459479835613,11.57654034619723,11.247238425365357,11.321017265319824,564813200
2011-09-12,AAPL,11.186656720655822,11.422985080807086,11.153665826795372,11.394794464111328,467832400
2011-09-13,AAPL,11.460779452040217,11.582843016031582,11.404096271603887,11.535158157348633,440560400
2011-09-14,AAPL,11.607131827102146,11.762785280047677,11.569343053476327,11.675511360168457,534724400
2011-09-15,AAPL,11.739392182528666,11.806272527723065,11.693506044744835,11.7852783203125,417818800
2011-09-16,AAPL,11.862655757194617,12.0114107131958,11.847360377432539,12.0114107131958,698513200
2011-09-19,AAPL,11.906441170077322,12.393196032249957,11.852458470185136,12.345210075378418,823860800
2011-09-20,AAPL,12.453779038716007,12.682011674766926,12.332015831423481,12.399795532226562,775754000
2011-09-21,AAPL,12.585445172231926,12.643927862583968,12.356313889958312,12.360512733459473,605976000
2011-09-22,AAPL,12.02730832978399,12.290929628790705,11.897446942508916,12.051000595092773,968480800
2011-09-23,AAPL,12.004815208166722,12.198557783190196,11.99191916446006,12.12537956237793,546277200
2011-09-26,AAPL,11.992220107781893,12.115783649744188,11.735497270639083,12.091490745544434,812876400
2011-09-27,AAPL,12.258240915755364,12.27383581681055,11.938236717458569,11.974225997924805,632497600
2011-09-28,AAPL,12.002114494607794,12.108583126511023,11.891747338502038,11.906744003295898,429637600
2011-09-29,AAPL,12.054003536590555,12.062700739963985,11.582843355275681,11.713604927062988,651086800
2011-09-30,AAPL,11.610130012548096,11.663214962227855,11.431983180843618,11.436182022094727,547640800
2011-10-03,AAPL,11.407690506364178,11.475769712499888,11.191754915224463,11.234641075134277,669099200
2011-10-04,AAPL,11.2337440058817,11.450578992295753,10.624026995586581,11.171662330627441,1233677200
2011-10-05,AAPL,11.032501429876287,11.391193578022229,10.80576884044161,11.344108581542969,786469600
2011-10-06,AAPL,11.196556222939858,11.539953933621973,11.150670075943632,11.317720413208008,812582400
2011-10-07,AAPL,11.2700342907725,11.328816479169625,11.05139978721435,11.09068775177002,535458000
2011-10-10,AAPL,11.36930381630422,11.660816192626953,11.342911096769894,11.660816192626953,442514800
2011-10-11,AAPL,11.773583069546003,12.09178849355099,11.741493122146624,12.00511360168457,605687600
2011-10-12,AAPL,12.21655134939715,12.273833549454414,12.000615706489713,12.062097549438477,622286000
2011-10-13,AAPL,12.145771566410112,12.249241828918457,12.081891186542766,12.249241828918457,426185200
2011-10-14,AAPL,12.501168686136861,12.656222343444824,12.454381582200917,12.656222343444824,573367200
2011-10-17,AAPL,12.648421093091004,12.797176846848044,12.474472290139952,12.59593677520752,686044800
2011-10-18,AAPL,12.649024643933124,12.740498237283658,12.475976732211313,12.663420677185059,881602400
2011-10-19,AAPL,12.036904902665759,12.248941213429818,11.930436270729787,11.955029487609863,1104059600
2011-10-20,AAPL,11.99641803996714,12.006914745682755,11.82277031735199,11.855759620666504,549270400
2011-10-21,AAPL,11.93943721567588,11.9706278207989,11.719002356987898,11.782583236694336,621244400
2011-10-24,AAPL,11.881853065580943,12.1913597357516,11.858460315135414,12.169466972351074,502138000
2011-10-25,AAPL,12.147270029580318,12.192856650535068,11.917839340680898,11.929534912109375,430427200
2011-10-26,AAPL,12.049201686591383,12.072895554765276,11.790978886199781,12.014412879943848,456304800
2011-10-27,AAPL,12.223142967693589,12.266331036935648,12.053094349710683,12.137068748474121,494664800
2011-10-28,AAPL,12.086389993675386,12.186860286199597,12.07169444652446,12.144872665405273,322842800
2011-10-31,AAPL,12.068997339106886,12.276235816990253,12.027909063830839,12.139776229858398,385501200
2011-11-01,AAPL,11.918739074244451,11.981419779114423,11.793076545975463,11.891746520996094,531790000
2011-11-02,AAPL,11.999117464242513,12.009614169755165,11.849761045176468,11.918741226196289,327350800
2011-11-03,AAPL,11.968524074631926,12.098385448176042,11.857257571627237,12.088488578796387,441386400
2011-11-04,AAPL,12.057297459128533,12.099584590631162,11.971223209431148,12.003613471984863,302229200
2011-11-07,AAPL,11.993719663438647,11.996418518987142,11.880353315149712,11.988320350646973,270275600
2011-11-08,AAPL,12.062702092238407,12.236350666462346,12.043207861276233,12.183265686035156,400442000
2011-11-09,AAPL,11.905544173706929,12.02310935083066,11.823369237400867,11.854859352111816,558684000
2011-11-10,AAPL,11.9073401746869,11.912738684409986,11.46107378192291,11.553146362304688,744752400
2011-11-11,AAPL,11.594839710572847,11.657521238279811,11.404396589391135,11.535158157348633,653786000
2011-11-14,AAPL,11.502162634769181,11.55404791742943,11.342610665590955,11.374401092529297,432905200
2011-11-15,AAPL,11.42059144543442,11.681513129355531,11.380103805045124,11.661419868469238,430810800
2011-11-16,AAPL,11.674012556875843,11.730695719172152,11.526156146938488,11.539652824401855,349210400
2011-11-17,AAPL,11.51595963260905,11.533954669713367,11.261636181645823,11.31891918182373,479900400
2011-11-18,AAPL,11.364210115818086,11.396300077110523,11.243045885876997,11.244845390319824,371938000
2011-11-21,AAPL,11.108683080578725,11.147072498289413,10.974023805078447,11.066996574401855,447980400
2011-11-22,AAPL,11.127272594183571,11.334510961858047,11.124873256732542,11.291923522949219,409021200
2011-11-23,AAPL,11.231945670281595,11.27183427196676,11.003113968954212,11.006413459777832,428271200
2011-11-25,AAPL,11.049299200891516,11.131174615019368,10.896344593711145,10.90384292602539,254760800
2011-11-28,AAPL,11.167164505945786,11.298225559690296,11.10658281460734,11.280230522155762,346413200
2011-11-29,AAPL,11.271835957798386,11.36150924450938,11.102686574410523,11.192659378051758,375855200
2011-11-30,AAPL,11.435285592315928,11.464976204620664,11.34561151824217,11.462576866149902,405938400
2011-12-01,AAPL,11.472776168848146,11.66651798098101,11.41909216194294,11.634428024291992,387181200
2011-12-02,AAPL,11.691407107173312,11.80537326775957,11.653918649520467,11.687508583068848,379055600
2011-12-05,AAPL,11.801177343621026,11.88875160682364,11.708205369046096,11.786781311035156,357210000
2011-12-06,AAPL,11.771782858370758,11.835364516487932,11.677911559185631,11.724996566772461,283598000
2011-12-07,AAPL,11.69440936627841,11.72470061825958,11.599337568274695,11.669217109680176,304746400
2011-12-08,AAPL,11.739992119439023,11.86145580326622,11.70340301562284,11.716299057006836,376356400
2011-12-09,AAPL,11.781977500695298,11.817666445569635,11.727393372144336,11.805069923400879,296993200
2011-12-12,AAPL,11.746890281002898,11.813470311742554,11.680010733423607,11.751688957214355,301067200
2011-12-13,AAPL,11.786478724717316,11.858458068054663,11.609531541166245,11.660816192626953,338928800
2011-12-14,AAPL,11.597536883272683,11.617931261033002,11.327017867406974,11.402295112609863,406887600
2011-12-15,AAPL,11.496464176093385,11.508760382181956,11.345908929016353,11.364803314208984,256200000
2011-12-16,AAPL,11.40739322520028,11.521059077725283,11.383700159176042,11.427186965942383,421478400
2011-12-19,AAPL,11.47067607797362,11.542054802281076,11.410992928504726,11.462878227233887,235530400
2011-12-20,AAPL,11.629327147661602,11.879453383790507,11.614332082728767,11.874954223632812,337215200
2011-12-21,AAPL,11.897145104631914,11.915440457924948,11.756787030268,11.889947891235352,262948000
2011-12-22,AAPL,11.906443669564231,11.970325653764183,11.879452714375548,11.952930450439453,202358800
2011-12-23,AAPL,11.987122123201141,12.104087485707847,11.98112377627556,12.09628963470459,269399200
2011-12-27,AAPL,12.089388113211907,12.269034142164141,12.086987974353267,12.192256927490234,265076000
2011-12-28,AAPL,12.203055998674339,12.243843150027969,12.036605499974309,12.075593948364258,228662000
2011-12-29,AAPL,12.09838588457655,12.165866070761979,12.011712594320198,12.149970054626465,215978000
2011-12-30,AAPL,12.101685517684741,12.18476140878131,12.101086483930075,12.14637279510498,179662000
2012-01-03,AAPL,12.278330955823252,12.371302893492407,12.266334266763852,12.333213806152344,302220800
2012-01-04,AAPL,12.296327879499,12.436686778810419,12.274734633907324,12.399497032165527,260022000
2012-01-05,AAPL,12.444783976848523,12.552751004188414,12.376403631567426,12.537156105041504,271269600
2012-01-06,AAPL,12.589339510675467,12.678712455818141,12.57284446102311,12.66821575164795,318292800
2012-01-09,AAPL,12.761186720866306,12.828666095988812,12.636723071629847,12.648119926452637,394024400
2012-01-10,AAPL,12.77348008376355,12.776179738845052,12.641219408484682,12.693404197692871,258196400
2012-01-11,AAPL,12.676614665511499,12.681713660411893,12.575545330908962,12.67271614074707,215084800
2012-01-12,AAPL,12.664615474958241,12.683209543242036,12.558746689927462,12.637923240661621,212587200
2012-01-13,AAPL,12.587239182826158,12.609731774777327,12.556047789558546,12.590537071228027,226021600
2012-01-17,AAPL,12.72219629372082,12.775881072848557,12.685007361247415,12.737192153930664,242897200
2012-01-18,AAPL,12.804975276265122,12.880252512599695,12.785181536324002,12.86945629119873,276791200
2012-01-19,AAPL,12.900647142406834,12.937235450164012,12.79147965117476,12.828668594360352,261738400
2012-01-20,AAPL,12.82087123531492,12.821170752193348,12.588740048602716,12.60523509979248,413974400
2012-01-23,AAPL,12.676317139945736,12.849666175996882,12.665220597706286,12.818474769592285,306062400
2012-01-24,AAPL,12.749195155736352,12.749195155736352,12.582744628789232,12.608536720275879,547638000
2012-01-25,AAPL,13.629127753911249,13.629427270750327,13.30792397365082,13.395797729492188,958314000
2012-01-26,AAPL,13.446785332377805,13.459680575769232,13.290232496759266,13.334918975830078,323985200
2012-01-27,AAPL,13.326218398630271,13.450381741640818,13.309124316093119,13.414392471313477,299709200
2012-01-30,AAPL,13.367305033760783,13.612932048802055,13.357708482889308,13.5862398147583,379341200
2012-01-31,AAPL,13.663614432649377,13.743090489982833,13.588036898563596,13.690306663513184,391683600
2012-02-01,AAPL,13.748193804262787,13.765588205787555,13.662419864073618,13.681612968444824,270046000
2012-02-02,AAPL,13.672917438749982,13.711005736983207,13.61533491520992,13.649524688720703,186796400
2012-02-03,AAPL,13.714906523915161,13.795881801384303,13.662721708755297,13.786284446716309,286599600
2012-02-06,AAPL,13.7472962150282,13.945236853150696,13.741898503788109,13.914945602416992,249412800
2012-02-07,AAPL,13.953333378353882,14.088293762103227,13.933238518638008,14.060701370239258,316223600
2012-02-08,AAPL,14.110790011808131,14.299432838644943,14.086796621366743,14.296134948730469,407890000
2012-02-09,AAPL,14.418492910974834,14.898049820503893,14.412494565496834,14.790681838989258,884214800
2012-02-10,AAPL,14.724402378350451,14.9241416802936,14.652122714513489,14.798179626464844,631302000
2012-02-13,AAPL,14.981425318552883,15.110387351522265,14.908247101027111,15.073498725891113,517216000
2012-02-14,AAPL,15.13527685885911,15.282232304086014,15.055501274549394,15.279233932495117,460398400
2012-02-15,AAPL,15.423196293140908,15.783987651369488,14.902251474363993,14.92564582824707,1506120000
2012-02-16,AAPL,14.740599024512806,15.142179103612431,14.594542093597227,15.061802864074707,944552000
2012-02-17,AAPL,15.08879648999803,15.228555574962218,15.004521715315475,15.05910587310791,535805200
2012-02-21,AAPL,15.201864232482123,15.440893173217773,15.11908863924181,15.440893173217773,605595200
2012-02-22,AAPL,15.387803024496142,15.460081084955926,15.26753820049926,15.386603355407715,483302400
2012-02-23,AAPL,15.447786885506913,15.530262944787788,15.280437030150969,15.487074851989746,568027600
2012-02-24,AAPL,15.585450463688915,15.682320979154039,15.55456017332416,15.667625427246094,415072000
2012-02-27,AAPL,15.634630008631511,15.85026613745096,15.483776015043672,15.768091201782227,547582000
2012-02-28,AAPL,15.834075236964804,16.05750846862793,15.770793874151154,16.05750846862793,600387200
2012-02-29,AAPL,16.241946134852512,16.42339245764857,16.06619863992719,16.26833724975586,952011200
2012-03-01,AAPL,16.440190636678707,16.44139190763178,16.158274767717586,16.3292236328125,683270000
2012-03-02,AAPL,16.32232775181645,16.399103385747907,16.270741970491493,16.35051918029785,431712400
2012-03-05,AAPL,16.35771531942228,16.419495880448196,15.775287937721185,15.990025520324707,809124400
2012-03-06,AAPL,15.705110750829693,16.005920213823778,15.481977070513363,15.903051376342773,810238800
2012-03-07,AAPL,16.09919202323202,16.128583117326475,15.694312483865007,15.915946960449219,798520800
2012-03-08,AAPL,16.03591471112141,16.284840522959037,15.958837948942648,16.254850387573242,516457200
2012-03-09,AAPL,16.321429566445797,16.427298395736166,16.288439456655887,16.350221633911133,418919200
2012-03-12,AAPL,16.464485195701247,16.5550594329834,16.405102362278274,16.5550594329834,407282400
2012-03-13,AAPL,16.721203954092864,17.040307892019992,16.667518367198177,17.03790855407715,690855200
2012-03-14,AAPL,17.33632313885675,17.836272854192316,17.256845456470543,17.682119369506836,1418844000
2012-03-15,AAPL,17.982931622701827,17.994928316325133,17.35132091953489,17.56155776977539,1159718000
2012-03-16,AAPL,17.536366554656567,17.670726333957187,17.33482688570564,17.561859130859375,825487600
2012-03-19,AAPL,17.945741079917347,18.04770975872171,17.66622456256526,18.027616500854492,901236000
2012-03-20,AAPL,17.979933005147277,18.20156591046256,17.739105390296256,18.173376083374023,816662000
2012-03-21,AAPL,18.07680479759771,18.284043287310563,18.03691779110309,18.06960678100586,644042000
2012-03-22,AAPL,17.928047338605037,18.129588581206704,17.860567941396038,17.974834442138672,623870800
2012-03-23,AAPL,18.009323572758134,18.048611541410715,17.826677524025627,17.876163482666016,430488800
2012-03-26,AAPL,17.988326200395534,18.209062121222374,17.85246887428604,18.203962326049805,595742000
2012-03-27,AAPL,18.179962685149135,18.482871807790943,18.17636367924501,18.42888832092285,607129600
2012-03-28,AAPL,18.545863405434464,18.637936828459225,18.303836116002394,18.5230712890625,655460400
2012-03-29,AAPL,18.37790702101438,18.49127332799444,18.211457368042815,18.290332794189453,608238400
2012-03-30,AAPL,18.257645208016203,18.311329198089776,17.932842412567638,17.981128692626953,731038000
2012-04-02,AAPL,18.049506419284537,18.55755421116744,18.00601881990557,18.553356170654297,598351600
2012-04-03,AAPL,18.813383713174176,18.960641930787684,18.6697277071511,18.873966217041016,834559600
2012-04-04,AAPL,18.724912590651314,18.770198913334866,18.504477723082296,18.723712921142578,572980800
2012-04-05,AAPL,18.803785812546383,19.03411750601558,18.696417816023214,19.00472640991211,641298000
2012-04-09,AAPL,18.778294164442734,19.189471614911135,18.753402227276357,19.08120346069336,597536800
2012-04-10,AAPL,19.192166960213772,19.31423048846504,18.774392205731186,18.847570419311523,889725200
2012-04-11,AAPL,19.08030839371203,19.10040165725796,18.694621843804008,18.780397415161133,696614800
2012-04-12,AAPL,18.7444030195835,18.93424707703906,18.609442629754493,18.677522659301758,614336800
2012-04-13,AAPL,18.717708834675562,18.735404354927624,18.099893642355937,18.151477813720703,859644800
2012-04-16,AAPL,18.296337781957874,18.302935162367337,17.34232357983922,17.398706436157227,1050786800
2012-04-17,AAPL,17.363020023470153,18.29454016214117,17.152182514298957,18.28554344177246,1025528000
2012-04-18,AAPL,18.406098624127498,18.601940967570204,18.075896567733054,18.244747161865234,954531200
2012-04-19,AAPL,18.00122840947128,18.136488343859927,17.530368537457306,17.617942810058594,834719200
2012-04-20,AAPL,17.73610202412589,17.83327362087217,17.107489822302483,17.184267044067383,1030985200
2012-04-23,AAPL,17.11318885643439,17.294934725537395,16.693613787627246,17.145877838134766,966529200
2012-04-24,AAPL,16.873267351468172,17.025622195576048,16.64503540314648,16.803388595581055,1076149200
2012-04-25,AAPL,18.463692527979422,18.53447143483826,18.174578552361528,18.29454231262207,905777600
2012-04-26,AAPL,18.422599718510572,18.435197047447378,18.058508882579304,18.22555923461914,536068400
2012-04-27,AAPL,18.146679909539703,18.179969525407824,18.00961971857229,18.084596633911133,406722400
2012-04-30,AAPL,17.92864269752539,17.94663773204989,17.484774789419657,17.5141658782959,506144800
2012-05-01,AAPL,17.541758087012155,17.897451123194678,17.43169126324958,17.458683013916016,610999200
2012-05-02,AAPL,17.40200723560725,17.61674327460894,17.360619438013465,17.574155807495117,427389200
2012-05-03,AAPL,17.70970997623202,17.73670172909128,17.403800774336496,17.449386596679688,390549600
2012-05-04,AAPL,17.307238774707155,17.345626602594663,16.95004473718917,16.952444076538086,529992400
2012-05-07,AAPL,16.83996964190542,17.177968799935083,16.83187147512503,17.07929801940918,460118400
2012-05-08,AAPL,17.082294811225523,17.139877320519904,16.75689300958564,17.040307998657227,497252000
2012-05-09,AAPL,16.905954960595015,17.214263603300427,16.82048051416964,17.07030487060547,480704000
2012-05-10,AAPL,17.23225290935256,17.271241356382298,17.048109298387356,17.110488891601562,333200000
2012-05-11,AAPL,16.944942599024646,17.2289583220157,16.925448371774085,16.996227264404297,399546000
2012-05-14,AAPL,16.872057415681464,17.02021252496531,16.723002154272542,16.741596221923828,352626400
2012-05-15,AAPL,16.838469891942527,16.891553245274327,16.54755575331778,16.59014320373535,476336000
2012-05-16,AAPL,16.616535096870436,16.70170999347179,16.226351166742067,16.377506256103516,560896000
2012-05-17,AAPL,16.354414935316196,16.42009561891039,15.89885139465332,15.89885139465332,717220000
2012-05-18,AAPL,16.01401086108532,16.297425787317483,15.66071723444198,15.90664291381836,732292400
2012-05-21,AAPL,16.03021906119529,16.841176491391305,16.016721576908402,16.833377838134766,631106000
2012-05-22,AAPL,17.081398575967143,17.211260770596887,16.57245210892832,16.704113006591797,694870400
2012-05-23,AAPL,16.720007601824655,17.178872309056068,16.59194730611395,17.111692428588867,584897600
2012-05-24,AAPL,17.27094156733948,17.289836756821096,16.83187226987266,16.95453643798828,496230000
2012-05-25,AAPL,16.93265055548258,16.970439349888657,16.749104296212266,16.863670349121094,328507200
2012-05-29,AAPL,17.121894347813555,17.214866347938642,16.954244910245194,17.162981033325195,380508800
2012-05-30,AAPL,17.070900477902992,17.39450360954806,16.991723919005107,17.369911193847656,529429600
2012-05-31,AAPL,17.417002255468226,17.43979597628572,17.13868693606619,17.326730728149414,491674400
2012-06-01,AAPL,17.069705699366477,17.174374856201556,16.810583506329408,16.824678421020508,520987600
2012-06-04,AAPL,16.839974693075334,17.019920305451368,16.45009173207983,16.923648834228516,556995600
2012-06-05,AAPL,16.83306871620733,16.98902247201012,16.744895453359746,16.879854202270508,388214400
2012-06-06,AAPL,17.02801393661685,17.210358839296607,16.959933914759038,17.138681411743164,401455600
2012-06-07,AAPL,17.313534755167623,17.314433306054273,17.10989525476002,17.146484375,379766800
2012-06-08,AAPL,17.142884060021203,17.412204246160314,17.064907147307945,17.40440559387207,347516400
2012-06-11,AAPL,17.62633850766836,17.64973125964393,17.11379137925769,17.129987716674805,591264800
2012-06-12,AAPL,17.228660460791847,17.293439410975935,16.995929380814623,17.279644012451172,435380400
2012-06-13,AAPL,17.23045256311223,17.349216595775356,17.10628921887231,17.1596736907959,293580000
2012-06-14,AAPL,17.132084200920183,17.199864712922786,17.01272111438561,17.14078140258789,345573200
2012-06-15,AAPL,17.12488741300813,17.23345508573424,17.081399799857536,17.218759536743164,335255200
2012-06-18,AAPL,17.1236842218841,17.63143090412925,17.105988703990295,17.56814956665039,440412000
2012-06-19,AAPL,17.49677768688017,17.694718331795478,17.48778096727303,17.617042541503906,361404400
2012-06-20,AAPL,17.64102276321225,17.67221414700728,17.418789359177293,17.566946029663086,358943200
2012-06-21,AAPL,17.55795498702125,17.64132958723696,17.318025971220116,17.32492446899414,326351200
2012-06-22,AAPL,17.366012370690626,17.46048350771463,17.25744472156211,17.45778465270996,284471600
2012-06-25,AAPL,17.31382937859898,17.388807903050502,17.105991894377976,17.11798858642578,304382400
2012-06-26,AAPL,17.134783871097397,17.229556144973802,17.014820143384117,17.155778884887695,276536400
2012-06-27,AAPL,17.24484583032525,17.297030629688415,17.152474522996652,17.22985076904297,202997200
2012-06-28,AAPL,17.14497804951006,17.21485676922394,16.963232193531013,17.0664005279541,282836400
2012-06-29,AAPL,17.33482332491956,17.5147705078125,17.222357136458765,17.5147705078125,421500800
2012-07-02,AAPL,17.53666083930871,17.798781312729137,17.50277058989469,17.77029037475586,400092000
2012-07-03,AAPL,17.841071686899966,17.994626139188192,17.814680566524945,17.976930618286133,241712800
2012-07-05,AAPL,18.011419245832457,18.42469645558809,17.984127974145505,18.292736053466797,484383200
2012-07-06,AAPL,18.20726815023141,18.247755796970054,18.042018071533747,18.170978546142578,418930400
2012-07-09,AAPL,18.15358040345674,18.411502901306704,18.117891442343083,18.411203384399414,379405600
2012-07-10,AAPL,18.53357330751975,18.590556820633413,18.153886635396372,18.240861892700195,511957600
2012-07-11,AAPL,18.178175030281157,18.224361504008492,17.91125578095,18.127490997314453,469322000
2012-07-12,AAPL,18.001823705447098,18.098694186753384,17.775091040222964,17.96163558959961,428041600
2012-07-13,AAPL,18.083101585058692,18.21026172092955,17.994627178825816,18.1436824798584,311427200
2012-07-16,AAPL,18.148176445364125,18.343117037456434,18.145176472239797,18.201860427856445,301260400
2012-07-17,AAPL,18.31823290380206,18.33952743645561,18.089100849399134,18.202768325805664,293624800
2012-07-18,AAPL,18.192269918688634,18.24475425200943,18.101396165780656,18.182373046875,252700000
2012-07-19,AAPL,18.33292760574044,18.45499116075549,18.174574452830438,18.424100875854492,436861600
2012-07-20,AAPL,18.385413429842522,18.427701377995533,18.10559733476144,18.123592376708984,397471200
2012-07-23,AAPL,17.826675349141368,18.171573026247348,17.626035886922228,18.1094913482666,487975600
2012-07-24,AAPL,18.215959673535043,18.284939851489195,17.949939035555346,18.022218704223633,565132400
2012-07-25,AAPL,17.228657215377122,17.418799191061918,17.094896492681304,17.24395179748535,877312800
2012-07-26,AAPL,17.38760582290938,17.40680052929252,17.10569158137926,17.24125099182129,406632800
2012-07-27,AAPL,17.24515018914989,17.56965349897907,17.14258087545373,17.549558639526367,403936400
2012-07-30,AAPL,17.722315884213884,17.97783913268861,17.629342279980197,17.845579147338867,379142400
2012-07-31,AAPL,18.091496884902835,18.345522433840806,18.07620230384375,18.31732940673828,462327600
2012-08-01,AAPL,18.471777299512766,18.486472841476452,18.084591813235786,18.1988582611084,384501600
2012-08-02,AAPL,18.07980156437809,18.315229841431343,18.002124183710063,18.228256225585938,332158400
2012-08-03,AAPL,18.403410548083162,18.533871813955603,18.341328847631164,18.465492248535156,344920800
2012-08-06,AAPL,18.513169144446707,18.740502441112515,18.45228873885909,18.670923233032227,302103200
2012-08-07,AAPL,18.677518733067913,18.74439907929062,18.53566147605319,18.621736526489258,290446800
2012-08-08,AAPL,18.576153500592167,18.710814377092735,18.507474435441612,18.59025001525879,244706000
2012-08-09,AAPL,18.609522657665547,18.726388579085448,18.60801703493735,18.69626808166504,221642400
2012-08-10,AAPL,18.635431170710746,18.727295088674897,18.635130367813492,18.725488662719727,194938800
2012-08-13,AAPL,18.776387865198515,18.975479125976562,18.772170191259484,18.975479125976562,278832400
2012-08-14,AAPL,19.03180494061077,19.23481309052968,18.98180571456461,19.026382446289062,340169200
2012-08-15,AAPL,19.014633872321266,19.095956798091493,18.907708927274214,19.000476837158203,257342400
2012-08-16,AAPL,19.011924523402705,19.179088861069367,18.99053856802046,19.166439056396484,254534000
2012-08-17,AAPL,19.276669679081866,19.523350419443076,19.240827508308826,19.52094078063965,442761200
2012-08-20,AAPL,19.578177249233896,20.034191131591797,19.574863592323045,20.034191131591797,613384800
2012-08-21,AAPL,20.204971613916015,20.327258432682115,19.587815831438146,19.76040267944336,812719600
2012-08-22,AAPL,19.71100900554066,20.150155497748553,19.520953049044245,20.146240234375,565322800
2012-08-23,AAPL,20.063108138310206,20.177262027030277,19.913713664041005,19.95829200744629,420128800
2012-08-24,AAPL,19.864320417893857,20.164615031265008,19.74504642929892,19.976064682006836,437340400
2012-08-27,AAPL,20.481163772113092,20.50766980470765,20.286891829247306,20.351348876953125,427008400
2012-08-28,AAPL,20.33026524495566,20.364000198046774,20.200448731541936,20.324844360351562,267416800
2012-08-29,AAPL,20.338409465591262,20.411298688250483,20.25859212336385,20.2847957611084,202806800
2012-08-30,AAPL,20.19955390890461,20.226962362155803,19.964919597414195,19.995641708374023,302699600
2012-08-31,AAPL,20.097443576854648,20.13810504624634,19.79624500506428,20.036903381347656,338321200
2012-09-04,AAPL,20.052568307957646,20.335091397015653,20.014617277188638,20.329971313476562,367892000
2012-09-05,AAPL,20.34804575521446,20.37153894652782,20.16822994664511,20.187206268310547,336375200
2012-09-06,AAPL,20.27575042766389,20.429964148565908,20.204366863540926,20.369121551513672,391196400
2012-09-07,AAPL,20.42273587882907,20.556168483155385,20.354064358156688,20.49472427368164,329666400
2012-09-10,AAPL,20.495024727181217,20.58056372585891,19.942326045614735,19.96160316467285,487998000
2012-09-11,AAPL,20.032986297117866,20.18328315791418,19.77365403832062,19.8968448638916,503983200
2012-09-12,AAPL,20.085398323391615,20.17726385300836,19.758599288853574,20.1739501953125,712233200
2012-09-13,AAPL,20.402257537874103,20.647131991108846,20.32394584129929,20.571229934692383,598360000
2012-09-14,AAPL,20.781457240565743,20.99289743498972,20.719107428657676,20.82121467590332,600474000
2012-09-17,AAPL,21.064291586509324,21.077845410705354,20.92152442383492,21.07724380493164,398031200
2012-09-18,AAPL,21.08025406444627,21.154047282568186,20.976039541885733,21.14139747619629,373503200
2012-09-19,AAPL,21.091703215765115,21.204049080936773,21.07092046930857,21.147123336791992,326874800
2012-09-20,AAPL,21.058570509891823,21.08567976971474,20.891706927237657,21.044715881347656,336568400
2012-09-21,AAPL,21.156452494879908,21.23657059941993,21.064586995044927,21.08657455444336,571589200
2012-09-24,AAPL,20.688087604150635,20.93687724039539,20.571824916801447,20.80645751953125,639766400
2012-09-25,AAPL,20.73025821381266,20.866401253529464,20.27062987906669,20.286895751953125,518789600
2012-09-26,AAPL,20.142322888104193,20.261296051493524,19.91521994163444,20.035097122192383,576503200
2012-09-27,AAPL,20.008291015554132,20.546832722161355,19.889618650659354,20.521230697631836,594090000
2012-09-28,AAPL,20.443813637913617,20.51489638137008,20.082375823001897,20.092918395996094,535110800
2012-10-01,AAPL,20.215214311094208,20.383585114412384,19.77365817565606,19.86070442199707,543594800
2012-10-02,AAPL,19.933598498719928,20.07034320820569,19.59746163291118,19.91853904724121,627992400
2012-10-03,AAPL,20.025455670474805,20.236294320324284,19.9582881696881,20.22394371032715,424281200
2012-10-04,AAPL,20.217921611006915,20.30828150090127,20.046240393921877,20.08388900756836,370725600
2012-10-05,AAPL,20.035694785140404,20.05978957251383,19.616427147131613,19.6558837890625,594006000
2012-10-08,AAPL,19.483897241541197,19.5043791749982,19.159506396597127,19.221553802490234,637994000
2012-10-09,AAPL,19.236015775302704,19.29143588094739,18.781206728482843,19.15167999267578,838597200
2012-10-10,AAPL,19.26884039257611,19.426668540353344,19.186312664234322,19.304080963134766,510356000
2012-10-11,AAPL,19.472460860033078,19.493544408324315,18.918254852294922,18.918254852294922,546081200
2012-10-12,AAPL,18.962226899626607,19.1375241811159,18.83391759623897,18.966745376586914,460014800
2012-10-15,AAPL,19.046266115229145,19.12999870758726,18.79024744870737,19.118854522705078,432502000
2012-10-16,AAPL,19.1372251007797,19.58691413451625,19.00560051996441,19.571552276611328,549771600
2012-10-17,AAPL,19.543842075730918,19.661911218717616,19.397158055569964,19.415531158447266,389037600
2012-10-18,AAPL,19.264331462446112,19.338726287133845,18.97548188138812,19.05499839782715,476624400
2012-10-19,AAPL,19.00710802595758,19.028793178775064,18.361639744615985,18.368267059326172,744086000
2012-10-22,AAPL,18.445975533205097,19.137526171474974,18.39597630431075,19.096864700317383,546730800
2012-10-23,AAPL,19.005595866067047,19.09294449472544,18.42428561100358,18.47428321838379,707145600
2012-10-24,AAPL,18.717651759566817,18.871563059087404,18.39235686129075,18.578798294067383,558527200
2012-10-25,AAPL,18.67427937187163,18.734520363006496,18.239048264492165,18.35922622680664,656325600
2012-10-26,AAPL,18.35591361568973,18.493562277559267,17.800806925761425,18.192363739013672,1018432800
2012-10-31,AAPL,17.91766663181932,18.130914872047956,17.701407146922143,17.930919647216797,510003200
2012-11-01,AAPL,18.018273180205842,18.16224515092489,17.896288772671923,17.96767234802246,361298000
2012-11-02,AAPL,17.9481028937225,17.98002983497783,17.311370495209495,17.37311553955078,599373600
2012-11-05,AAPL,17.57551464215954,17.703523166992728,17.39720447267062,17.608646392822266,529135600
2012-11-06,AAPL,17.777611674420154,17.79297191912582,17.47219711985629,17.555326461791992,374917200
2012-11-07,AAPL,17.36289589547553,17.384075739593506,16.815539045060184,16.88361930847168,793648800
2012-11-08,AAPL,16.963187069485844,17.011599965268616,16.196466415580343,16.270898818969727,1056146000
2012-11-09,AAPL,16.35169212331711,16.78921331255664,16.14896709387726,16.552600860595703,929913600
2012-11-12,AAPL,16.767123371226592,16.77771409848414,16.298133843810547,16.424610137939453,515802000
2012-11-13,AAPL,16.30600234037975,16.656079699009663,16.228845479923326,16.426729202270508,532949200
2012-11-14,AAPL,16.50539819645649,16.564400215042205,16.223399476289732,16.244579315185547,477170400
2012-11-15,AAPL,16.264253808822623,16.323860207006874,15.813116739820714,15.903887748718262,789910800
2012-11-16,AAPL,15.89117387922706,16.036409375136177,15.302667782500059,15.966212272644043,1266893600
2012-11-19,AAPL,16.36046792619889,17.171062703107985,16.335354937910797,17.117507934570312,823317600
2012-11-20,AAPL,17.30449283410367,17.305703156590074,16.7801323322731,16.971660614013672,642754000
2012-11-21,AAPL,17.072728011415602,17.167129968231656,16.841257386592623,16.99557113647461,373002000
2012-11-23,AAPL,17.161075661321146,17.307219304509022,17.022799923912594,17.292089462280273,272826400
2012-11-26,AAPL,17.425223049977063,17.85185130561759,17.35895909294775,17.837631225585938,630579600
2012-11-27,AAPL,17.838239889629005,17.864564819149066,17.552307945378427,17.693912506103516,533330000
2012-11-28,AAPL,17.466674673449994,17.724770743275215,17.315085387693557,17.638235092163086,520864400
2012-11-29,AAPL,17.858511764320273,17.980447354308946,17.70813277785165,17.832489013671875,514698800
2012-11-30,AAPL,17.754728167222456,17.803443261648173,17.630370312815245,17.70903968811035,391319600
2012-12-03,AAPL,17.96229150938484,17.99073328580238,17.715692695000723,17.736570358276367,364280000
2012-12-04,AAPL,17.603740939998346,17.603740939998346,17.311153082141235,17.423709869384766,557068400
2012-12-05,AAPL,17.213734071894176,17.22402101332157,16.3017755458147,16.30238151550293,1044638000
2012-12-06,AAPL,16.00433215108604,16.74170288960663,15.692377614125688,16.558042526245117,1177212400
2012-12-07,AAPL,16.744430526580775,16.798893428730096,16.036407950885394,16.13474464416504,787040800
2012-12-10,AAPL,15.885124320949439,16.293901584778606,15.781644137918741,16.03096580505371,630484400
2012-12-11,AAPL,16.332021410392187,16.628241795194725,16.259403673216408,16.381038665771484,592345600
2012-12-12,AAPL,16.574083683855815,16.581043444281708,16.226124749091824,16.308727264404297,487144000
2012-12-13,AAPL,16.07120500939176,16.267576237541935,15.909327171267291,16.027029037475586,625259600
2012-12-14,AAPL,15.574978698674167,15.67724851121194,15.297519173448839,15.424901962280273,1009579200
2012-12-17,AAPL,15.398879718472344,15.733828721748559,15.165898343703981,15.698427200317383,757607200
2012-12-18,AAPL,15.885120198970716,16.184667764343825,15.741397221193935,16.15441131591797,625685200
2012-12-19,AAPL,16.080885383496366,16.148359654843222,15.900248375718327,15.92475700378418,449369200
2012-12-20,AAPL,16.036413493839596,16.04246510904992,15.699951767738519,15.786185264587402,481689600
2012-12-21,AAPL,15.505998545501816,15.723851808921324,15.43852425911846,15.7135648727417,596268400
2012-12-24,AAPL,15.744424692088195,15.862427109653577,15.694801463864774,15.738977432250977,175753200
2012-12-26,AAPL,15.703581114583914,15.717500637521333,15.465153939068106,15.522037506103516,302436400
2012-12-27,AAPL,15.538372625635475,15.62037078164379,15.269687433452626,15.584364891052246,455120400
2012-12-28,AAPL,15.440040942991665,15.566819453698809,15.374381321986728,15.418859481811523,354278400
2012-12-31,AAPL,15.44729603952988,16.199798380613583,15.401003218763377,16.102066040039062,659492400
2013-01-02,AAPL,16.75714458982828,16.79284831308343,16.388307919068655,16.612211227416992,560518000
2013-01-03,AAPL,16.577412562543035,16.631573298883104,16.369241877248726,16.402524948120117,352965200
2013-01-04,AAPL,16.247302821671024,16.297530406940872,15.910235213441183,15.945636749267578,594333600
2013-01-07,AAPL,15.79434574339755,16.015223931125075,15.588595778083715,15.851835250854492,484156400
2013-01-08,AAPL,16.012508615462774,16.093598640352816,15.771660802705489,15.89450454711914,458707200
2013-01-09,AAPL,15.809478278676444,15.885424819926904,15.61250269326383,15.646089553833008,407604400
2013-01-10,AAPL,15.992539878976215,15.997683347986907,15.598286434836238,15.840044021606445,601146000
2013-01-11,AAPL,15.7640940407632,15.894805670667775,15.70418387042432,15.742914199829102,350506800
2013-01-14,AAPL,15.209778612094393,15.355620095424676,15.083606087525547,15.181640625,734207600
2013-01-15,AAPL,15.077251349699804,15.09812901411336,14.625810638795812,14.702665328979492,876772400
2013-01-16,AAPL,14.966511296520794,15.414321100634567,14.90176144139876,15.312957763671875,690804800
2013-01-17,AAPL,15.440646338640471,15.4539598929921,15.190115915880195,15.209781646728516,453678400
2013-01-18,AAPL,15.083910673189829,15.195863133720081,15.019765166150252,15.128692626953125,472922800
2013-01-22,AAPL,15.266661232193611,15.367114782698584,15.026720012853447,15.273015022277832,461546400
2013-01-23,AAPL,15.395252625385798,15.582243418142907,15.27301328060195,15.552591323852539,861509600
2013-01-24,AAPL,13.918393404256763,14.091768503812592,13.623383291196983,13.630949020385742,1460852400
2013-01-25,AAPL,13.666959180823959,13.804326817210612,13.161962758869576,13.309618949890137,1208026400
2013-01-28,AAPL,13.24759343800444,13.712951426915703,13.187986228508187,13.610681533813477,785517600
2013-01-29,AAPL,13.873007619297676,13.92444553053223,13.679965171766458,13.866047859191895,571158000
2013-01-30,AAPL,13.827622716505353,13.997064694393886,13.751979957469896,13.822479248046875,417155200
2013-01-31,AAPL,13.827014080861952,13.896605203712426,13.766499569190858,13.781929969787598,319334400
2013-02-01,AAPL,13.89146450108933,13.902659582941508,13.56589574946556,13.725351333618164,539484400
2013-02-04,AAPL,13.734128351248865,13.79555103258024,13.373763155585257,13.383445739746094,477117200
2013-02-05,AAPL,13.435792971612386,13.910532146477681,13.380421897249716,13.853042602539062,573347600
2013-02-06,AAPL,13.811586815294811,14.115067623935774,13.693884926544131,13.838213920593262,593706400
2013-02-07,AAPL,14.098421310445575,14.303847528117334,13.820560368375055,14.249676704406738,704580800
2013-02-08,AAPL,14.42558508483754,14.571970987504288,14.250590014805663,14.45541000366211,633158400
2013-02-11,AAPL,14.501665207907973,14.758526773982046,14.402757024064597,14.60605239868164,517490400
2013-02-12,AAPL,14.593272829349734,14.680618386817898,14.235068275585427,14.239937782287598,609053200
2013-02-13,AAPL,14.218941269964732,14.41463013981835,14.097510766757617,14.212854385375977,475207600
2013-02-14,AAPL,14.137070456253092,14.353758606497117,14.121854062021328,14.200068473815918,355275200
2013-02-15,AAPL,14.268849356697801,14.308718849427885,13.997076919706473,14.00438117980957,391745200
2013-02-19,AAPL,14.032987241373247,14.082594117013914,13.812343023004011,13.999204635620117,435783600
2013-02-20,AAPL,13.929209062984256,13.929209062984256,13.658652383665096,13.660175323486328,476302400
2013-02-21,AAPL,13.573437912140829,13.66991378921464,13.476658909917305,13.575263977050781,447182400
2013-02-22,AAPL,13.672348727987444,13.743866760259966,13.591698745705305,13.71982479095459,330654800
2013-02-25,AAPL,13.812344882670265,13.850995374513946,13.469051961769289,13.476052284240723,372579200
2013-02-26,AAPL,13.50709349099657,13.742042317091093,13.319622356000512,13.663827896118164,501499600
2013-02-27,AAPL,13.647392269062292,13.769432249001314,13.410619007234693,13.529918670654297,587350400
2013-02-28,AAPL,13.514096071997125,13.630352315111958,13.433446884155273,13.433446884155273,322515200
2013-03-01,AAPL,13.329966488290879,13.335445494952458,13.085889012802065,13.100801467895508,552448400
2013-03-04,AAPL,13.019546338979096,13.031720106709962,12.751729950244613,12.783685684204102,582755600
2013-03-05,AAPL,12.82720473097721,13.244450430574332,12.804988012854505,13.121193885803223,638433600
2013-03-06,AAPL,13.223757669320102,13.246279141063598,12.916985204213187,12.954419136047363,460250000
2013-03-07,AAPL,12.91911546931981,13.147673493677328,12.814423502601027,13.10415267944336,468473600
2013-03-08,AAPL,13.080413939528388,13.251755245093104,13.04419738804103,13.138846397399902,391482000
2013-03-11,AAPL,13.07889177749811,13.360708801875731,12.938591953674427,13.326013565063477,474236000
2013-03-12,AAPL,13.256931426060127,13.356753894686067,13.012548293695156,13.038721084594727,465911600
2013-03-13,AAPL,13.039328701219823,13.22345164992328,12.945288380174006,13.036284446716309,405549200
2013-03-14,AAPL,13.172625488740595,13.227710559008683,13.100193208848522,13.162583351135254,303875600
2013-03-15,AAPL,13.327838424676003,13.519571179008937,13.307143022133543,13.50222396850586,643960800
2013-03-18,AAPL,13.434967144565725,13.9222104261823,13.427358945882533,13.869256973266602,606197200
2013-03-19,AAPL,13.98429257724393,14.029031573271473,13.649522141590621,13.83182144165039,526775200
2013-03-20,AAPL,13.920994574998332,13.927385396832987,13.682697537239893,13.758477210998535,308660800
2013-03-21,AAPL,13.701872675690096,13.938037290445292,13.69822054502875,13.778260231018066,383255600
2013-03-22,AAPL,13.834560143995244,14.063420441816024,13.789822773266899,14.057639122009277,395105200
2013-03-25,AAPL,14.142241400675324,14.302323950962272,14.053680116509756,14.108460426330566,501135600
2013-03-26,AAPL,14.165072248434575,14.17724601718302,14.015643706722182,14.034208297729492,294294000
2013-03-27,AAPL,13.891777531941424,13.902124422022657,13.717391963201885,13.758477210998535,331237200
2013-03-28,AAPL,13.689696820978448,13.750564030723844,13.440140285820693,13.47179126739502,442839600
2013-04-01,AAPL,13.448662286863758,13.503443430562555,13.017721461462784,13.053328514099121,389732000
2013-04-02,AAPL,13.013459300873897,13.334229930068053,12.976938000394853,13.080108642578125,529519200
2013-04-03,AAPL,13.128194868287691,13.30805863630929,13.095935195248563,13.147064208984375,363216000
2013-04-04,AAPL,13.200932423046062,13.238669478234613,12.941940793077828,13.017111778259277,358447600
2013-04-05,AAPL,12.919114050126534,12.93280994394599,12.772423412621002,12.87955093383789,383695200
2013-04-08,AAPL,12.929762322427159,13.010411473835399,12.8579395558783,12.971152305603027,300829200
2013-04-09,AAPL,12.975720327628164,13.040847536580088,12.865854123078272,12.994588851928711,306614000
2013-04-10,AAPL,13.028674520536692,13.301361184153214,12.965067813613324,13.259666442871094,375928000
2013-04-11,AAPL,13.199711578874293,13.329663680852224,13.12301848179434,13.218276977539062,328364400
2013-04-12,AAPL,13.21279891656766,13.21279891656766,13.058804835775176,13.080412864685059,238613200
2013-04-15,AAPL,12.995200159663954,13.02228638766388,12.768469008536803,12.777599334716797,317520000
2013-04-16,AAPL,12.829942908955632,12.983328301482349,12.799509305777061,12.972068786621094,305771200
2013-04-17,AAPL,12.790378777141354,12.800422540544606,12.115967573423688,12.25870132446289,945056000
2013-04-18,AAPL,12.32534797856926,12.349694689678305,11.861233464921417,11.931535720825195,666299200
2013-04-19,AAPL,11.807370129729104,12.16131466645346,11.720024575060275,11.88528060913086,609274400
2013-04-22,AAPL,11.949496735984429,12.240444100957575,11.907803612476803,12.133011817932129,429920400
2013-04-23,AAPL,12.294919449507681,12.428523705744162,12.137272408385638,12.360048294067383,664238400
2013-04-24,AAPL,11.976887491451777,12.637602886835445,11.945235695408133,12.339656829833984,969651200
2013-04-25,AAPL,12.515261043074283,12.597736296009355,12.386526280814635,12.4285249710083,384837600
2013-04-26,AAPL,12.472040178025763,12.74472599615722,12.424563310070866,12.696945190429688,764097600
2013-04-29,AAPL,12.795857082720397,13.196669803487724,12.78216200202314,13.0901517868042,640326400
2013-04-30,AAPL,13.241714117351904,13.550616598346739,13.149499848757989,13.475444793701172,691538400
2013-05-01,AAPL,13.526574493141146,13.540878266117378,13.220107563159129,13.369232177734375,506909200
2013-05-02,AAPL,13.44500907153756,13.652262174059391,13.41001071012938,13.558832168579102,421828400
2013-05-03,AAPL,13.735041515029657,13.793475594340649,13.669304801140777,13.694565773010254,361300800
2013-05-06,AAPL,13.868948672761984,14.066464363019573,13.826342118410855,14.021119117736816,496641600
2013-05-07,AAPL,14.150769337974909,14.174507374448128,13.807781122651555,13.958732604980469,483753200
2013-05-08,AAPL,13.970294922411346,14.162941129620059,13.871994597489742,14.116376876831055,472598000
2013-05-09,AAPL,14.086356505305547,14.18408206633185,13.956769639840575,13.99322509765625,398487600
2013-05-10,AAPL,14.029988056348175,14.083293651173852,13.800530711345967,13.876811981201172,334852000
2013-05-13,AAPL,13.83208310241701,14.027841790266374,13.831777152775324,13.931034088134766,316948800
2013-05-14,AAPL,13.90377124414925,13.945128439960241,13.545338941598382,13.597725868225098,447118000
2013-05-15,AAPL,13.453739509454312,13.51010786756516,12.9390684063282,13.137889862060547,741613600
2013-05-16,AAPL,12.966027284198182,13.413607071551658,12.833070894773375,13.313429832458496,603204000
2013-05-17,AAPL,13.450369165897564,13.48222964894841,13.204062526046949,13.272991180419922,427904400
2013-05-20,AAPL,13.231633078134813,13.657155826195238,13.176183390760556,13.569232940673828,451578400
2013-05-21,AAPL,13.422795299141052,13.6473508426082,13.301786511548123,13.469054222106934,456022000
2013-05-22,AAPL,13.603547277537052,13.735279068956455,13.42494383046562,13.520832061767578,443038400
2013-05-23,AAPL,13.355400039147263,13.668185272853556,13.350498300661746,13.545031547546387,353021200
2013-05-24,AAPL,13.505515156455376,13.652870017359767,13.490503988423423,13.637246131896973,276166800
2013-05-28,AAPL,13.78275884020108,13.819826186690218,13.505510435024393,13.523584365844727,386145200
2013-05-29,AAPL,13.479472064337015,13.709236141306022,13.461090545516875,13.631115913391113,330576400
2013-05-30,AAPL,13.652561501850121,13.923683612981336,13.61763743081039,13.834228515625,353519600
2013-05-31,AAPL,13.862410266910036,14.003333605492676,13.770505946917899,13.777552604675293,384302800
2013-06-03,AAPL,13.808187304913158,13.858122537968503,13.555447553125633,13.807881355285645,372352400
2013-06-04,AAPL,13.884470927949177,13.921539922017836,13.705868303219036,13.764687538146973,292728800
2013-06-05,AAPL,13.652564167772617,13.807885183770777,13.593132209078775,13.636021614074707,290589600
2013-06-06,AAPL,13.64704874589478,13.69392039931262,13.297195295529932,13.432295799255371,416934000
2013-06-07,AAPL,13.372251713686087,13.578732575508031,13.25798196021467,13.534924507141113,404535600
2013-06-10,AAPL,13.624375392902458,13.75763771697179,13.381439132421104,13.445466041564941,450153200
2013-06-11,AAPL,13.348968376929065,13.564026450180753,13.274830392271282,13.405948638916016,286112400
2013-06-12,AAPL,13.4641541922375,13.517765725374831,13.21907219671221,13.24021053314209,265227200
2013-06-13,AAPL,13.2497112827605,13.391857631311572,13.134828813772454,13.355708122253418,285832400
2013-06-14,AAPL,13.338549328204465,13.365814836657243,13.127165968342549,13.174651145935059,271866000
2013-06-17,AAPL,13.217235944778015,13.34774146762619,13.184150026055278,13.234391212463379,259414400
2013-06-18,AAPL,13.220910437020644,13.323231765904314,13.179553248796765,13.227343559265137,195025600
2013-06-19,AAPL,13.216007200670312,13.223972524194407,12.958672523498535,12.958672523498535,310940000
2013-06-20,AAPL,12.845326823485703,13.04996871212357,12.718803541468361,12.769964218139648,357310800
2013-06-21,AAPL,12.820509982218232,12.86676973268704,12.502211093318136,12.667640686035156,481118400
2013-06-24,AAPL,12.48076472611242,12.519365094326814,12.194325550715707,12.331877708435059,480746000
2013-06-25,AAPL,12.428688671932957,12.492715595502881,12.218224743017233,12.334638595581055,314162800
2013-06-26,AAPL,12.373542197921147,12.400807707356552,12.121108409529691,12.194939613342285,367724000
2013-06-27,AAPL,12.231089064960097,12.2966473583104,12.05616196665011,12.06351375579834,337246000
2013-06-28,AAPL,11.989377610284926,12.262336203326537,11.91309553649806,12.147761344909668,578516400
2013-07-01,AAPL,12.336475024559517,12.629960075564547,12.291440710700847,12.536521911621094,391053600
2013-07-02,AAPL,12.559193852349285,12.91670585783199,12.544182685405504,12.820510864257812,469865200
2013-07-03,AAPL,12.893115465223143,12.958062684181469,12.788650023582228,12.891277313232422,240928800
2013-07-05,AAPL,12.878718471621717,12.967560034756477,12.724316968957796,12.787731170654297,274024800
2013-07-08,AAPL,12.870141083558302,12.89740578041848,12.580331483610664,12.715126037597656,298138400
2013-07-09,AAPL,12.670705898615106,12.973993640940058,12.572060854040123,12.938763618469238,352584400
2013-07-10,AAPL,12.854515197321916,13.013818432307634,12.81315800426086,12.889132499694824,281405600
2013-07-11,AAPL,12.957142948812187,13.119509766000093,12.90261274356872,13.090099334716797,326292400
2013-07-12,AAPL,13.101127183639202,13.166686295295522,12.971234394863956,13.066203117370605,279563200
2013-07-15,AAPL,13.020252795760308,13.21784882549397,13.013818854507482,13.094695091247559,241917200
2013-07-16,AAPL,13.066510456479879,13.19487187475694,12.994518214870107,13.179248809814453,216538000
2013-07-17,AAPL,13.163928631726105,13.241129366532777,13.118588374799689,13.182615280151367,198990400
2013-07-18,AAPL,13.276667805899109,13.322314020929912,13.191809316969373,13.227039337158203,218878800
2013-07-19,AAPL,13.268091653409241,13.29505040066115,13.00003392925492,13.018415451049805,268721600
2013-07-22,AAPL,13.156575722503156,13.165459713101272,13.034341501218444,13.060074806213379,207796400
2013-07-23,AAPL,13.050578954518674,13.079988564734588,12.827248832202594,12.835826873779297,369395600
2013-07-24,AAPL,13.446693307805665,13.6200882273721,13.334262537406387,13.495097160339355,591936800
2013-07-25,AAPL,13.50092032446898,13.522364616723038,13.35111377424357,13.43352222442627,229493600
2013-07-26,AAPL,13.335488407986997,13.51133420269761,13.306078792314906,13.50980281829834,200152400
2013-07-29,AAPL,13.503981311845001,13.785518801728253,13.485600609202066,13.718121528625488,248057600
2013-07-30,AAPL,13.784600208782733,14.004867613381878,13.762236432852658,13.887535095214844,309422400
2013-07-31,AAPL,13.938692336809225,14.010683749937247,13.768360214875107,13.86332893371582,322957600
2013-08-01,AAPL,13.96197776033206,13.994143375574378,13.885694860501285,13.990467071533203,206250800
2013-08-02,AAPL,14.031209952379973,14.179484251016644,13.989852766100633,14.169986724853516,274783600
2013-08-05,AAPL,14.235851349656253,14.419049696533058,14.158038721813282,14.381674766540527,318855600
2013-08-06,AAPL,14.33787197273029,14.456429927558698,14.158655812789506,14.253012657165527,334857600
2013-08-07,AAPL,14.208592879962492,14.306626041368856,14.146403282368786,14.244742393493652,298858000
2013-08-08,AAPL,14.304256291280458,14.311657446732715,14.12200572033851,14.21636962890625,255777200
2013-08-09,AAPL,14.143288091555096,14.19941271465543,13.989410214875038,14.014079093933105,266865200
2013-08-12,AAPL,14.08839629543664,14.451968641499462,14.081303108681254,14.412189483642578,364434000
2013-08-13,AAPL,14.52258132581924,15.254045513672548,14.433459515865145,15.09708309173584,881941200
2013-08-14,AAPL,15.353343447930415,15.549777061309518,15.215191864682295,15.372462272644043,756372400
2013-08-15,AAPL,15.308325101919765,15.49273312944148,15.081977188632127,15.35427188873291,490294000
2013-08-16,AAPL,15.423347537386631,15.509384743425157,15.383568381254506,15.49057388305664,362306000
2013-08-19,AAPL,15.55254925270664,15.842421149029333,15.542065109715633,15.657397270202637,510518400
2013-08-20,AAPL,15.71814821798287,15.744668192387396,15.444002532127683,15.451711654663086,358688400
2013-08-21,AAPL,15.529420032377162,15.639200491730787,15.455718129903476,15.491490364074707,335879600
2013-08-22,AAPL,15.572294383581553,15.591105245712583,15.36321581764558,15.510002136230469,244207600
2013-08-23,AAPL,15.519563847858906,15.522030900401836,15.398681567050435,15.450180053710938,222731600
2013-08-26,AAPL,15.44185125134973,15.733266441156298,15.434142124920019,15.510311126708984,330965600
2013-08-27,AAPL,15.357042018284995,15.496120801161407,14.996244820968085,15.066862106323242,424188800
2013-08-28,AAPL,14.987001588328509,15.289208936132518,14.987001588328509,15.138104438781738,307608000
2013-08-29,AAPL,15.161229729246463,15.310791046708564,15.14519389173101,15.162771224975586,239657600
2013-08-30,AAPL,15.1720155546094,15.20131054890306,15.002409922310523,15.024613380432129,272297200
2013-09-03,AAPL,15.205943987053567,15.437224356139037,15.028629147214524,15.066558837890625,331928800
2013-09-04,AAPL,15.405151245457668,15.487795826974049,15.304003776983084,15.378321647644043,345032800
2013-09-05,AAPL,15.42642819419671,15.43968900741615,15.222591774404078,15.272856712341309,236367600
2013-09-06,AAPL,15.370611966069204,15.399597347802173,15.108801505566154,15.363826751708984,359525600
2013-09-09,AAPL,15.572904731865595,15.66295046191283,15.526032401723041,15.60898494720459,340687200
2013-09-10,AAPL,15.609914003635017,15.648461279041113,15.094929255301846,15.253433227539062,743195600
2013-09-11,AAPL,14.401392782868442,14.6073866576081,14.333550508515822,14.422980308532715,898696400
2013-09-12,AAPL,14.447336804952103,14.660114183510483,14.370550256485904,14.576545715332031,404051200
2013-09-13,AAPL,14.4732427583138,14.550027678799545,14.330158709825424,14.336324691772461,298835600
2013-09-16,AAPL,14.216064826195996,14.234874041872773,13.791124113911557,13.880552291870117,543706800
2013-09-17,AAPL,13.813942098809527,14.176282555048417,13.799757372612168,14.040905952453613,399380800
2013-09-18,AAPL,14.283286714403005,14.381041586535169,14.205576227073317,14.329543113708496,456862000
2013-09-19,AAPL,14.515189059576487,14.673385103930356,14.470474142389277,14.564528465270996,404541200
2013-09-20,AAPL,14.740300773974695,14.757260524394415,14.370251140981972,14.413732528686523,699302800
2013-09-23,AAPL,15.298459112067343,15.32343760651714,14.882153067100724,15.130086898803711,762106800
2013-09-24,AAPL,15.260840094644795,15.279033374606058,15.04312844039664,15.082599639892578,364344400
2013-09-25,AAPL,15.085674674846722,15.099241810258963,14.84606766694105,14.849150657653809,316957200
2013-09-26,AAPL,14.986997520604634,15.065939886465811,14.922238232617126,14.993781089782715,237221600
2013-09-27,AAPL,14.918538028834416,14.945983569787778,14.824175763007544,14.886775970458984,228040400
2013-09-30,AAPL,14.7171699597511,14.853162488811382,14.629591265105413,14.701751708984375,260156400
2013-10-01,AAPL,14.75417120220672,15.083823945073002,14.752012120515035,15.047435760498047,353883600
2013-10-02,AAPL,14.975585807559234,15.16585180463654,14.917611743427708,15.096776008605957,289184000
2013-10-03,AAPL,15.126069557747266,15.182811737559845,14.824789564406773,14.907124519348145,322753200
2013-10-04,AAPL,14.921004010770254,14.94382341600154,14.758799475505048,14.89540958404541,258868400
2013-10-07,AAPL,15.004267011292825,15.19206598363938,14.966953263253188,15.040963172912598,312292400
2013-10-08,AAPL,15.108496339259304,15.130083867422307,14.818625967580184,14.830961227416992,290917200
2013-10-09,AAPL,14.94505864491296,15.042195936535741,14.748932949196066,15.005191802978516,301725200
2013-10-10,AAPL,15.151050289668145,15.183736250297219,15.019064686970749,15.099242210388184,278602800
2013-10-11,AAPL,15.01752470639565,15.228760650924064,14.96109213523163,15.196998596191406,267738800
2013-10-14,AAPL,15.1051036679486,15.34409312436668,15.090301357820179,15.296603202819824,261898000
2013-10-15,AAPL,15.34193624746332,15.48039748473561,15.280571209972504,15.378016471862793,320073600
2013-10-16,AAPL,15.44307845810375,15.496735998250424,15.394972606604892,15.452946662902832,251101200
2013-10-17,AAPL,15.418103312315996,15.566123122534695,15.408852691763709,15.557488441467285,253593200
2013-10-18,AAPL,15.60344100768167,15.704278891971617,15.594806324323585,15.692869186401367,290542000
2013-10-21,AAPL,15.781672461051453,16.16806567563221,15.773963338442234,16.077404022216797,398106800
2013-10-22,AAPL,16.23313716209302,16.296045331833838,15.666344401172022,16.03145980834961,534063600
2013-10-23,AAPL,16.004634865125237,16.21032247276975,16.004634865125237,16.188426971435547,313723200
2013-10-24,AAPL,16.189655336002666,16.42001174681125,16.111020949474334,16.402742385864258,384764800
2013-10-25,AAPL,16.384550622685744,16.443450254937602,16.193051060594982,16.219263076782227,337792000
2013-10-28,AAPL,16.314233447729254,16.374676193636386,16.134451645756386,16.340137481689453,550440800
2013-10-29,AAPL,16.537189894342696,16.62908507525768,15.867092389251324,15.933083534240723,635807200
2013-10-30,AAPL,16.02344294253342,16.26736650034734,15.94357337995332,16.186573028564453,354163600
2013-10-31,AAPL,16.18965746337639,16.26644239477007,16.074633227718163,16.118730545043945,275696400
2013-11-01,AAPL,16.159433516991797,16.183486444414267,15.907183278407905,16.036392211914062,274890000
2013-11-04,AAPL,16.069390004562628,16.245780908143722,15.998772707941054,16.243621826171875,244627600
2013-11-05,AAPL,16.17670522022959,16.309614750048386,16.12798177203449,16.203533172607422,265213200
2013-11-06,AAPL,16.257812966550503,16.279836296904936,16.073259280343834,16.15762710571289,223375600
2013-11-07,AAPL,16.116062973194147,16.22803491463026,15.892736969368528,15.896147727966309,262620400
2013-11-08,AAPL,15.960978715477818,16.164143352508827,15.899253745197097,16.14646339416504,279316800
2013-11-11,AAPL,16.12878281724322,16.180891730228364,15.955705424121602,16.099626541137695,227452400
2013-11-12,AAPL,16.056826114573983,16.250686159783488,16.036045160561272,16.12940788269043,204276800
2013-11-13,AAPL,16.0670554483148,16.198880691525144,16.03479652916076,16.148632049560547,197220800
2013-11-14,AAPL,16.21625574870431,16.416938973031296,16.18709946522147,16.382200241088867,282419200
2013-11-15,AAPL,16.33319221337617,16.411045006016753,16.268366238075167,16.28387451171875,317920400
2013-11-18,AAPL,16.2838717800248,16.35211016042473,16.0732627669635,16.086599349975586,244944000
2013-11-19,AAPL,16.098998108743118,16.233924302329296,16.066119663888497,16.115127563476562,208938800
2013-11-20,AAPL,16.105204007264934,16.14211606337126,15.953219034516389,15.973999977111816,193916800
2013-11-21,AAPL,16.054651570105904,16.166625194462075,15.932753778883084,16.164453506469727,262026800
2013-11-22,AAPL,16.114205376673507,16.196091765696245,16.08349860198222,16.12289047241211,223725600
2013-11-25,AAPL,16.160726482374717,16.31116097075591,16.16010694685536,16.245094299316406,229311600
2013-11-26,AAPL,16.25688507659646,16.62971635895122,16.253164549381957,16.544727325439453,401382800
2013-11-27,AAPL,16.634990413128726,16.93554973374886,16.544728692672653,16.934309005737305,363448400
2013-11-29,AAPL,17.043492701870196,17.31799675498635,16.99169354585891,17.24789810180664,318127600
2013-12-02,AAPL,17.307746922211614,17.504086599667815,17.08504220833815,17.097759246826172,472544800
2013-12-03,AAPL,17.31706058154206,17.567682613823553,17.297830129955717,17.565820693969727,450968000
2013-12-04,AAPL,17.540395361094756,17.654850480854414,17.395233457026983,17.524887084960938,377809600
2013-12-05,AAPL,17.76215585489317,17.839389058268775,17.56860736665516,17.614822387695312,447580000
2013-12-06,AAPL,17.549380247574437,17.579157711070216,17.356452896467438,17.37040901184082,344352400
2013-12-09,AAPL,17.397704171828234,17.66693543176082,17.397704171828234,17.569231033325195,320493600
2013-12-10,AAPL,17.48083310502345,17.614208849710977,17.40701063418536,17.54193687438965,278269600
2013-12-11,AAPL,17.586911325749377,17.710051470306833,17.360174567117113,17.411972045898438,359718800
2013-12-12,AAPL,17.436170480668075,17.535425395824955,17.37072332884503,17.38654136657715,262290000
2013-12-13,AAPL,17.458190786318706,17.459121746262905,17.173451220894528,17.197023391723633,332822000
2013-12-16,AAPL,17.215325958107687,17.451678817072754,17.21501619027156,17.292247772216797,282592800
2013-12-17,AAPL,17.239823886159073,17.352417006292992,17.164450933985854,17.21438980102539,229902400
2013-12-18,AAPL,17.050317393112472,17.10459801015717,16.71222640868899,17.083505630493164,565863200
2013-12-19,AAPL,17.044109546748434,17.059617817359722,16.86513827296997,16.887781143188477,320308800
2013-12-20,AAPL,16.91787194134492,17.10956030240877,16.89895125087264,17.029224395751953,436413600
2013-12-23,AAPL,17.617923115914312,17.702290914101507,17.455392812426552,17.682750701904297,501306400
2013-12-24,AAPL,17.67654678169698,17.73827172025253,17.556819086351066,17.607688903808594,167554800
2013-12-26,AAPL,17.621030071230976,17.664455536474254,17.474627530006458,17.49075698852539,204008000
2013-12-27,AAPL,17.48828302961553,17.506582526856505,17.354287706738518,17.372587203979492,225884400
2013-12-30,AAPL,17.291006500401537,17.372581447721213,17.13157547583493,17.199813842773438,253629600
2013-12-31,AAPL,17.188957100491855,17.409490216336934,17.183682765882704,17.401426315307617,223084400
2014-01-02,AAPL,17.2357876196959,17.277660919357565,17.12226356825143,17.156692504882812,234684800
2014-01-03,AAPL,17.148324462956417,17.174378085595585,16.762776236328854,16.779836654663086,392467600
2014-01-06,AAPL,16.670348756004643,16.960361032831884,16.550930766831634,16.871341705322266,412610800
2014-01-07,AAPL,16.88343931055025,16.934307497982214,16.684927815914186,16.75068473815918,317209200
2014-01-08,AAPL,16.71253129741604,16.921899567251256,16.708810770368622,16.85676383972168,258529600
2014-01-09,AAPL,16.96035533748994,16.962217256962226,16.6052057937355,16.641496658325195,279148800
2014-01-10,AAPL,16.744170363762095,16.774257602474176,16.47369829623849,16.530460357666016,304976000
2014-01-13,AAPL,16.436469363440356,16.82697875353331,16.43553840384371,16.61699104309082,378492800
2014-01-14,AAPL,16.69423754195179,16.958196271545198,16.67686734603525,16.947650909423828,332561600
2014-01-15,AAPL,17.168796292975056,17.37599283695365,17.111103286629625,17.28790283203125,391638800
2014-01-16,AAPL,17.211601993737542,17.272086228123992,17.11172423983902,17.19144058227539,229278000
2014-01-17,AAPL,17.1055252112826,17.12382470605538,16.746341926130373,16.770225524902344,426739600
2014-01-21,AAPL,16.780151091755037,17.061789704426307,16.762471132967843,17.030773162841797,328526800
2014-01-22,AAPL,17.087847742085692,17.28573808001277,16.99169379727215,17.10645866394043,379985200
2014-01-23,AAPL,17.057759830993465,17.261234265762468,16.898640182522726,17.25130844116211,403239200
2014-01-24,AAPL,17.18368466799854,17.23393331239048,16.896773422993842,16.93771743774414,429354800
2014-01-27,AAPL,17.061784347293486,17.208496651074057,16.92778908661162,17.07512092590332,554878800
2014-01-28,AAPL,15.780455346397686,15.9740039084834,15.572947354551046,15.710356712341309,1065523200
2014-01-29,AAPL,15.631261876906173,15.737341618353549,15.465938625775111,15.532005310058594,502810000
2014-01-30,AAPL,15.587527357822514,15.710357758403198,15.40638606134378,15.50191879272461,678501600
2014-01-31,AAPL,15.359236913383832,15.556197884967762,15.308678500807714,15.527351379394531,464797200
2014-02-03,AAPL,15.58969203494087,15.748501815225035,15.487024750467604,15.556192398071289,401464000
2014-02-04,AAPL,15.690195359363921,15.802168981921895,15.594351199538163,15.781386375427246,376681200
2014-02-05,AAPL,15.712219612068724,15.982691684566639,15.702603556134363,15.89925479888916,328344800
2014-02-06,AAPL,15.915482605684591,16.022822257371303,15.845274311315242,15.99193000793457,257765200
2014-02-07,AAPL,16.268702028699398,16.317066779562712,16.143889875918486,16.215656280517578,370280400
2014-02-10,AAPL,16.18382429435596,16.59976302631733,16.163230578637634,16.506153106689453,345559200
2014-02-11,AAPL,16.55670458299209,16.77949435293334,16.52206787524951,16.723642349243164,282256800
2014-02-12,AAPL,16.754523880263275,16.835963843223116,16.63876051657327,16.722383499145508,308100800
2014-02-13,AAPL,16.683072116593312,17.001033177526136,16.66871917526182,16.98792839050293,307398000
2014-02-14,AAPL,16.926771091418527,17.03629539678647,16.887456725095106,16.974199295043945,272924400
2014-02-18,AAPL,17.03692317910165,17.19886668270596,17.024753253120764,17.036611557006836,260251600
2014-02-19,AAPL,16.9979178777287,17.064693323261533,16.673405976707105,16.76763916015625,313768000
2014-02-20,AAPL,16.63097035743962,16.75609579973719,16.50646982578933,16.573556900024414,305858000
2014-02-21,AAPL,16.624723250748712,16.680265287922897,16.369169888348186,16.38945198059082,278784800
2014-02-24,AAPL,16.323929683420083,16.53517444098037,16.301151277779002,16.46122169494629,288909600
2014-02-25,AAPL,16.518326214266146,16.524253699371606,16.256843632633363,16.289918899536133,231952000
2014-02-26,AAPL,16.33828401761201,16.381656145347907,16.088346444847538,16.14295196533203,276217200
2014-02-27,AAPL,16.136398101966723,16.499602768998216,16.10238630473376,16.464967727661133,301882000
2014-02-28,AAPL,16.508962858797492,16.623479795217353,16.291788954474935,16.420347213745117,371968800
2014-03-03,AAPL,16.33235117736869,16.557950514774912,16.31331723833934,16.4677734375,238781200
2014-03-04,AAPL,16.568873441611206,16.620046111947918,16.468086211096857,16.57636070251465,259140000
2014-03-05,AAPL,16.566377153895115,16.68588337003639,16.51052182086916,16.611309051513672,200062800
2014-03-06,AAPL,16.62472369773699,16.6762096511325,16.478381340950136,16.56106948852539,185488800
2014-03-07,AAPL,16.571688964558774,16.59945999952823,16.414424751409232,16.551406860351562,220729600
2014-03-10,AAPL,16.486493615913943,16.64157303897796,16.485868705547098,16.566373825073242,178584000
2014-03-11,AAPL,16.707724753832288,16.810381703434317,16.61848254773782,16.727693557739258,279224400
2014-03-12,AAPL,16.67839756693588,16.767013215361796,16.600077111468867,16.74392318725586,199326400
2014-03-13,AAPL,16.76982254939367,16.839092632621874,16.511459536891255,16.557952880859375,257742800
2014-03-14,AAPL,16.499918102087165,16.56544540201833,16.31925226052169,16.371986389160156,237199200
2014-03-17,AAPL,16.465901216598994,16.53673106286898,16.40817449194629,16.435945510864258,199544800
2014-03-18,AAPL,16.40974459789839,16.599147565498683,16.387902715265074,16.581361770629883,209647200
2014-03-19,AAPL,16.60819782182031,16.732385096395355,16.506474007670526,16.576993942260742,224756000
2014-03-20,AAPL,16.53423599130008,16.620981895767486,16.45498068025465,16.49710464477539,208398400
2014-03-21,AAPL,16.597889357791693,16.654679551386373,16.42315273612564,16.627220153808594,374046400
2014-03-24,AAPL,16.80039628343669,16.865298638445143,16.695552992159914,16.82442283630371,355700800
2014-03-25,AAPL,16.896507683006103,17.02912036421642,16.836907882261094,17.00540542602539,282293200
2014-03-26,AAPL,17.053153987550743,17.130537940954863,16.814138107180508,16.842844009399414,299768000
2014-03-27,AAPL,16.8503174307977,16.896499129158656,16.697422730670755,16.770437240600586,222031600
2014-03-28,AAPL,16.79728105663271,16.81662662132499,16.670284231786994,16.751724243164062,200564000
2014-03-31,AAPL,16.825675658904757,16.874976932575994,16.722703737231846,16.74798011779785,168669200
2014-04-01,AAPL,16.779806934518696,16.9080535808305,16.748916355344306,16.901187896728516,200760000
2014-04-02,AAPL,16.923961736486294,16.958285148449292,16.857811221300434,16.92926597595215,180420800
2014-04-03,AAPL,16.893073339614922,16.927708378020682,16.7760617686114,16.81194496154785,162344000
2014-04-04,AAPL,16.843773844807107,16.84970132963191,16.555768405588445,16.594459533691406,275251200
2014-04-07,AAPL,16.475882710565436,16.56574815002488,16.284608487883027,16.333908081054688,289850400
2014-04-08,AAPL,16.387578979658862,16.41659814979888,16.185069699026883,16.33297348022461,243888400
2014-04-09,AAPL,16.308023824682568,16.552968885737094,16.288678250800466,16.547664642333984,206169600
2014-04-10,AAPL,16.558889712921015,16.60756774990634,16.324554899360585,16.334228515625,239652000
2014-04-11,AAPL,16.19443866110971,16.313948246263212,16.136401956299892,16.21347427368164,271717600
2014-04-14,AAPL,16.28492683842322,16.293039011176013,16.13858444179119,16.27806282043457,205674000
2014-04-15,AAPL,16.23406699789585,16.276814218735094,15.955110219709058,16.1619873046875,266490000
2014-04-16,AAPL,16.164790310001845,16.259648383845633,16.042786126098587,16.194746017456055,214765600
2014-04-17,AAPL,16.225633122059097,16.467770039597063,16.2006700378508,16.379776000976562,284334400
2014-04-21,AAPL,16.39225552871903,16.604436719133155,16.349195046964955,16.57417106628418,182548800
2014-04-22,AAPL,16.48493745417052,16.594773401860937,16.428460536764078,16.590717315673828,202563200
2014-04-23,AAPL,16.508339425819614,16.572930176763272,16.364491690726542,16.37385368347168,394940000
2014-04-24,AAPL,17.72993910938404,17.78579276637163,17.496539246696997,17.716209411621094,759911600
2014-04-25,AAPL,17.615115641158592,17.84789066038982,17.59733151970507,17.846332550048828,390275200
2014-04-28,AAPL,17.873160889520634,18.589273154980525,17.865358675504627,18.5374755859375,669485600
2014-04-29,AAPL,18.526560055061815,18.59645505134916,18.394570612701013,18.482563018798828,337377600
2014-04-30,AAPL,18.49223492519933,18.704104581797132,18.403617616731832,18.41266632080078,456640800
2014-05-01,AAPL,18.47226758922357,18.55963675795343,18.29628276340416,18.456043243408203,244048000
2014-05-02,AAPL,18.482871093053447,18.540909436613752,18.400806195069908,18.490358352661133,191514400
2014-05-05,AAPL,18.414229631776724,18.753096134607343,18.409860257103517,18.751846313476562,287067200
2014-05-06,AAPL,18.778058529503408,18.85949854500824,18.547468185424805,18.547468185424805,374564400
2014-05-07,AAPL,18.573676644839093,18.637330867669696,18.33902856215009,18.482563018798828,282864400
2014-05-08,AAPL,18.45776723459724,18.651053215932542,18.399719773147538,18.449609756469727,230297200
2014-05-09,AAPL,18.34136355003853,18.395018928335006,18.209263636659298,18.37274169921875,291597600
2014-05-12,AAPL,18.433931049537495,18.627528817616298,18.43110575881664,18.601486206054688,213208800
2014-05-13,AAPL,18.575446656942308,18.655144676491,18.534657559090444,18.63067054748535,159737200
2014-05-14,AAPL,18.588930455710333,18.744876076284577,18.567279953160185,18.634113311767578,166404000
2014-05-15,AAPL,18.66016243264835,18.719778413956412,18.451188108244157,18.475662231445312,230846000
2014-05-16,AAPL,18.469694348826906,18.748953980294893,18.36834587082113,18.748327255249023,276256400
2014-05-19,AAPL,18.758999219651272,19.056457404863107,18.74268258021661,18.970483779907227,317755200
2014-05-20,AAPL,18.967973255646612,19.027275868840793,18.849366353522473,18.9742488861084,234836000
2014-05-21,AAPL,18.946634168117697,19.036686523467225,18.89109693889881,19.024450302124023,196859600
2014-05-22,AAPL,19.033552859682995,19.135529767305908,18.955109986907775,19.054574966430664,200760000
2014-05-23,AAPL,19.053950190841704,19.288653783695462,19.029476065655146,19.269826889038086,232209600
2014-05-27,AAPL,19.324732245649173,19.6378786356464,19.316888127238197,19.63066291809082,348866000
2014-05-28,AAPL,19.642892411613573,19.7624410251331,19.572607056812693,19.579824447631836,315481600
2014-05-29,AAPL,19.700320081144653,19.98334512613147,19.697809829170716,19.93659210205078,376474000
2014-05-30,AAPL,20.01817074733195,20.212396857714367,19.733263892052992,19.86191177368164,564020800
2014-06-02,AAPL,19.89203886533627,19.91933660042837,19.532452788786053,19.72542381286621,369350800
2014-06-03,AAPL,19.71945528319086,20.04201587628886,19.712866292380678,20.004362106323242,292709200
2014-06-04,AAPL,20.001234600173024,20.329129213666597,19.959502070968828,20.232799530029297,335482000
2014-06-05,AAPL,20.276095950444656,20.375562589309023,20.163451326708593,20.312179565429688,303805600
2014-06-06,AAPL,20.3921900432463,20.434864321074205,20.221811321661647,20.256324768066406,349938400
2014-06-09,AAPL,20.360813768819867,20.619991409076416,20.152154528465132,20.580455780029297,301660000
2014-06-10,AAPL,20.806688516029276,20.876973892778867,20.55190297797729,20.70125961303711,251108000
2014-06-11,AAPL,20.67490702099233,20.813282594719933,20.529944129153854,20.615604400634766,182724000
2014-06-12,AAPL,20.65513695440853,20.67270871919958,20.18510313853007,20.270763397216797,218996000
2014-06-13,AAPL,20.25099182384585,20.303707110620447,19.961064449527495,20.048921585083008,218100000
2014-06-16,AAPL,20.099436193954496,20.371791754676398,20.086256536877432,20.250988006591797,142244000
2014-06-17,AAPL,20.27514897603201,20.360809207153395,20.16313278194108,20.224632263183594,118904000
2014-06-18,AAPL,20.2663699910368,20.270763770183265,20.064299719428927,20.24660301208496,134056000
2014-06-19,AAPL,20.27076335585536,20.272960245383693,20.06210241979275,20.17631721496582,142112000
2014-06-20,AAPL,20.174111742802566,20.32786210539724,19.965452571245155,19.967649459838867,403592000
2014-06-23,AAPL,20.057710722394077,20.12360400369174,19.899568187868287,19.95008659362793,174776000
2014-06-24,AAPL,19.932510951198243,20.149956056005394,19.809511970820125,19.82927894592285,156144000
2014-06-25,AAPL,19.813908521937158,19.92153265393147,19.69090951394366,19.84685516357422,147476000
2014-06-26,AAPL,19.849046029425978,19.998402640549553,19.72385016978822,19.965456008911133,130516000
2014-06-27,AAPL,19.947889303933735,20.207066969044384,19.936906532025834,20.202674865722656,256116000
2014-06-30,AAPL,20.229026023823952,20.587043523711742,20.226829134817955,20.41132926940918,197929200
2014-07-01,AAPL,20.540925979614258,20.6617297903526,20.45526570499472,20.540925979614258,152892000
2014-07-02,AAPL,20.61779908678811,20.65952993526976,20.446476886401875,20.53213882446289,113860000
2014-07-03,AAPL,20.573873281766964,20.668319443427514,20.470641235796585,20.652944564819336,91567200
2014-07-07,AAPL,20.67710092540701,21.083438352741403,20.668315042967773,21.07904624938965,225872000
2014-07-08,AAPL,21.144933693490376,21.261345356102726,20.62877535083115,20.94286346435547,260888000
2014-07-09,AAPL,20.962633389996846,21.074649605464543,20.813276760304415,20.951650619506836,145744000
2014-07-10,AAPL,20.59364474371249,20.9868043224818,20.540929430677632,20.874786376953125,158744000
2014-07-11,AAPL,20.945058289562574,21.061468264968607,20.835237305106286,20.914308547973633,136072000
2014-07-14,AAPL,21.05488125353349,21.281112234665347,21.008756636813583,21.18446922302246,171240000
2014-07-15,AAPL,21.26134638119697,21.272327475812965,20.87257910075723,20.936275482177734,181911600
2014-07-16,AAPL,21.298685440802164,21.327238298117447,20.80888303352818,20.817668914794922,213585200
2014-07-17,AAPL,20.87257622027411,20.927486712982706,20.33225717310975,20.446470260620117,229192000
2014-07-18,AAPL,20.56287997011942,20.80887788174293,20.431093459481005,20.74078941345215,199952000
2014-07-21,AAPL,20.863794188008946,20.865991077328307,20.584849570930412,20.63317108154297,156316000
2014-07-22,AAPL,20.795707068319786,20.84183169264628,20.6727080701158,20.804492950439453,220788000
2014-07-23,AAPL,20.958240450557234,21.498559600734165,20.903329947379877,21.347007751464844,371672000
2014-07-24,AAPL,21.314059834757796,21.37555932650644,21.177881191789037,21.31186294555664,182916000
2014-07-25,AAPL,21.27232626875603,21.489771368345828,21.226201652220944,21.45243263244629,173876000
2014-07-28,AAPL,21.485383102411635,21.797274379856887,21.42608049220161,21.748952865600586,221272000
2014-07-29,AAPL,21.81704219529215,21.84120295149177,21.57982841209713,21.608381271362305,172572000
2014-07-30,AAPL,21.62155770535144,21.67866341535966,21.452432437193394,21.557861328125,132040000
2014-07-31,AAPL,21.340420648504402,21.404115363181834,20.938475327484717,20.997777938842773,227372000
2014-08-01,AAPL,20.844028488510585,21.221813039281454,20.82425983489619,21.114187240600586,194044000
2014-08-04,AAPL,21.166900939935086,21.213025560582846,20.90332952457362,20.99557876586914,159832000
2014-08-05,AAPL,20.945066682316998,21.01535207350319,20.72542462539315,20.892353057861328,223732000
2014-08-06,AAPL,20.811085527032006,20.97142497079101,20.802299643399298,20.857210159301758,154232000
2014-08-07,AAPL,20.95433707477818,21.17948564114546,20.771126940103244,20.85500717163086,186844000
2014-08-08,AAPL,20.806440017284086,20.93005083150693,20.590119408323073,20.912391662597656,167460000
2014-08-11,AAPL,21.029372000204706,21.208168064238585,20.93445611171547,21.18830108642578,146340000
2014-08-12,AAPL,21.1993445535383,21.384760751173662,21.10442863787139,21.18389320373535,135180000
2014-08-13,AAPL,21.22362970554302,21.464229583740234,21.19934876758737,21.464229583740234,127664000
2014-08-14,AAPL,21.484087709294787,21.537063513859323,21.36709870234914,21.5216121673584,112464000
2014-08-15,AAPL,21.609913844260426,21.673927068996136,21.380349698885443,21.627573013305664,195804000
2014-08-18,AAPL,21.740143313419892,21.934390776957414,21.627569916037896,21.888036727905273,190288000
2014-08-19,AAPL,21.943217659723295,22.223549736368675,21.923350678819748,22.190439224243164,277596000
2014-08-20,AAPL,22.17057727242788,22.314053373167923,22.06241613756087,22.19927215576172,210796000
2014-08-21,AAPL,22.19926923417818,22.28094160778546,22.09773156335516,22.20147705078125,133912000
2014-08-22,AAPL,22.13746609251271,22.397932903825094,22.11539297644979,22.364822387695312,176736000
2014-08-25,AAPL,22.46857285031868,22.552451383519873,22.35599774423118,22.413389205932617,161080000
2014-08-26,AAPL,22.38688836176081,22.40454752260574,22.263277603986854,22.269899368286133,132608000
2014-08-27,AAPL,22.29859989556621,22.640739066389735,22.227964918346792,22.543615341186523,209476000
2014-08-28,AAPL,22.424420902940437,22.68709554201479,22.417799136252995,22.570106506347656,273840000
2014-08-29,AAPL,22.704752570549424,22.7135821533246,22.559066980865094,22.625288009643555,178380000
2014-09-02,AAPL,22.74890428074737,22.89900385594412,22.67385533518456,22.801881790161133,214256000
2014-09-03,AAPL,22.75773241754675,22.77980553636238,21.760012964069407,21.8394775390625,501684000
2014-09-04,AAPL,21.81960732030009,22.09331765801492,21.585629264194733,21.658472061157227,342872000
2014-09-05,AAPL,21.80857157403715,21.938804134420444,21.70041044509729,21.84609603881836,233828000
2014-09-08,AAPL,21.918939668102684,21.92114580088835,21.643021503519673,21.711448669433594,185426800
2014-09-09,AAPL,21.87037751303426,22.753315628046664,21.221417459597486,21.629776000976562,759385200
2014-09-10,AAPL,21.634193623032754,22.31847038824517,21.579009985772544,22.294189453125,403478400
2014-09-11,AAPL,22.16395634947353,22.391312660117322,21.989575857797483,22.38910484313965,249412400
2014-09-12,AAPL,22.34054689118429,22.556867523010595,22.31185200172692,22.439878463745117,250504400
2014-09-15,AAPL,22.6937153192181,22.74669281621502,22.39131010652998,22.43324851989746,245266000
2014-09-16,AAPL,22.029304734575067,22.351576916544527,21.82843552245901,22.263282775878906,267632400
2014-09-17,AAPL,22.353783755393,22.470774463811978,22.20368421674014,22.422212600708008,243706000
2014-09-18,AAPL,22.499471502442265,22.59217960412941,22.417799117201184,22.468568801879883,149197600
2014-09-19,AAPL,22.578937696860123,22.592181231177527,22.183822643704627,22.28536033630371,283609600
2014-09-22,AAPL,22.47077502623951,22.545823955409002,22.20147863979226,22.307430267333984,211153600
2014-09-23,AAPL,22.20589412124534,22.7224138143763,22.19265058790663,22.656192779541016,253608800
2014-09-24,AAPL,22.550235910676946,22.70254156093387,22.338329322016865,22.459733963012695,240687200
2014-09-25,AAPL,22.18603158160937,22.23017782094496,21.57018194367273,21.60329246520996,400368000
2014-09-26,AAPL,21.748971338523667,22.239002227783203,21.72027645804359,22.239002227783203,249482000
2014-09-29,AAPL,21.775462232024044,22.170577252079354,21.771046598240826,22.097734451293945,199065200
2014-09-30,AAPL,22.25224575968621,22.413382695479118,22.190440365377924,22.239002227783203,221056400
2014-10-01,AAPL,22.203683203787584,22.225758001697383,21.78649512116611,21.89244842529297,205965200
2014-10-02,AAPL,21.912316324039605,22.12201514058445,21.64081379184993,22.051380157470703,191031200
2014-10-03,AAPL,21.949840245802758,22.119805077763324,21.86154610485789,21.989572525024414,173878400
2014-10-06,AAPL,22.06241363353856,22.216928801209743,21.945424612516646,21.989572525024414,148204800
2014-10-07,AAPL,21.94762872966534,22.099936055020528,21.793115272109628,21.797529220581055,168376800
2014-10-08,AAPL,21.79974704243751,22.31847295553832,21.700415473500446,22.250045776367188,229618800
2014-10-09,AAPL,22.4133859646651,22.598802174634514,22.208102769872717,22.298603057861328,309506000
2014-10-10,AAPL,22.225759040284487,22.521542484506288,22.13967271343959,22.234588623046875,265326400
2014-10-13,AAPL,22.367034520359734,22.466364403844498,22.031517028808594,22.031517028808594,214333600
2014-10-14,AAPL,22.15953362177191,22.188228497012147,21.757796948056676,21.797529220581055,254754400
2014-10-15,AAPL,21.625362924785662,21.88582974659674,21.009513362603425,21.530447006225586,403734400
2014-10-16,AAPL,21.09118442140145,21.570177933840558,21.06028172279704,21.247905731201172,288618000
2014-10-17,AAPL,21.521612885045403,21.85271462173841,21.369305547264055,21.55913734436035,272718800
2014-10-20,AAPL,21.702622790856378,22.06462734986014,21.68054967073588,22.02048110961914,310069200
2014-10-21,AAPL,22.740066748660475,22.740066748660475,22.35378138555729,22.618663787841797,378495600
2014-10-22,AAPL,22.70033751333477,22.980671300332567,22.647361699409732,22.733448028564453,273052400
2014-10-23,AAPL,22.9740422845522,23.188154973526537,22.874710770207596,23.13959312438965,284298800
2014-10-24,AAPL,23.216855537251444,23.28528269558848,23.073377770741295,23.225685119628906,188215600
2014-10-27,AAPL,23.144016932430198,23.28308077494351,23.1109064135427,23.20140838623047,136750800
2014-10-28,AAPL,23.265415777511002,23.561199188232422,23.25437837929043,23.561199188232422,192243600
2014-10-29,AAPL,23.541335994788664,23.70026511256385,23.47732278434751,23.693641662597656,210751600
2014-10-30,AAPL,23.609760163757333,23.69584647763566,23.37578215004398,23.61417579650879,162619200
2014-10-31,AAPL,23.841544212766166,23.848165981202328,23.664955862135685,23.839336395263672,178557200
2014-11-03,AAPL,23.887890584283795,24.347018800832352,23.841536536084774,24.148357391357422,209130400
2014-11-04,AAPL,24.139524203814798,24.168219081537902,23.77751977130099,23.971765518188477,166297600
2014-11-05,AAPL,24.08213344664368,24.126281356780723,23.8680207136731,24.029157638549805,149743600
2014-11-06,AAPL,24.07571439633964,24.11783635378142,23.89836207978517,24.097883224487305,139874000
2014-11-07,AAPL,24.10896660129552,24.235330772378422,24.064628948463042,24.166606903076172,134766000
2014-11-10,AAPL,24.168823526720026,24.237549090025507,24.091231785607164,24.1267032623291,108782000
2014-11-11,AAPL,24.097880806749796,24.330657707378702,24.031374328979396,24.31957244873047,109769200
2014-11-12,AAPL,24.24863443618936,24.703103039621276,24.246418737261582,24.663198471069336,187769600
2014-11-13,AAPL,24.785132385042118,25.150922331755662,24.74079303084688,25.01125717163086,238091600
2014-11-14,AAPL,25.084411539352338,25.314971067541336,24.654329179906213,25.312753677368164,176254400
2014-11-17,AAPL,25.332709008262377,26.000001477601934,25.117669486862418,25.2706356048584,186986800
2014-11-18,AAPL,25.259553492223482,25.647513977252636,25.24846823038754,25.59874153137207,176896000
2014-11-19,AAPL,25.592092194307874,25.65859869417466,25.228517915974027,25.421388626098633,167476800
2014-11-20,AAPL,25.47459278174911,25.90689089852746,25.461290130282066,25.78495979309082,173582000
2014-11-21,AAPL,26.050984537242147,26.064285494120575,25.72288017279966,25.820425033569336,228717200
2014-11-24,AAPL,25.904673052662968,26.330320681911804,25.853684912284614,26.299283981323242,189803200
2014-11-25,AAPL,26.396834767531637,26.54758521469382,26.037693548634564,26.070947647094727,275361600
2014-11-26,AAPL,26.146318763734172,26.403480247608968,26.121932542240863,26.381311416625977,163073200
2014-11-28,AAPL,26.44115994102499,26.46998093537654,26.170697573432633,26.365785598754883,99257600
2014-12-01,AAPL,26.339187664361035,26.43673254370724,24.66763221293039,25.510061264038086,335256000
2014-12-02,AAPL,25.162004660899264,25.660810920696825,24.995735907633406,25.41251564025879,237395600
2014-12-03,AAPL,25.660811449415824,25.793826116494518,25.518928912348787,25.700716018676758,172253600
2014-12-04,AAPL,25.665241879662855,25.98226101056499,25.558830833573975,25.603168487548828,168178000
2014-12-05,AAPL,25.71401928787413,25.733972419983626,25.414735837219,25.494544982910156,153275600
2014-12-08,AAPL,25.295021327440697,25.416952432702953,24.745226886958818,24.91814613342285,230659600
2014-12-09,AAPL,24.42820725500621,25.339360213563022,24.241985360521902,25.299455642700195,240832000
2014-12-10,AAPL,25.363747219671666,25.461290413733533,24.72749145659124,24.818384170532227,178261200
2014-12-11,AAPL,24.887106527839034,25.228511891355673,24.683148912715097,24.745223999023438,165606800
2014-12-12,AAPL,24.488063076718035,24.800649161294523,24.29297500476759,24.326229095458984,224112400
2014-12-15,AAPL,24.541273354403625,24.74079624577553,23.576914686041984,23.993696212768555,268872400
2014-12-16,AAPL,23.581342342804486,24.421553932170685,23.55695612503971,23.665584564208984,243162800
2014-12-17,AAPL,23.747613027576232,24.350612967715282,23.6811048479873,24.255287170410156,213647200
2014-12-18,AAPL,24.800654406175855,24.973573684692383,24.532407616249746,24.973573684692383,236024800
2014-12-19,AAPL,24.887109624435244,25.104366533740713,24.75409494854182,24.780696868896484,353719200
2014-12-22,AAPL,24.864939722662147,25.159788372590835,24.822817762083776,25.037858963012695,180670000
2014-12-23,AAPL,25.10214455761191,25.124313382821743,24.931441051613035,24.949176788330078,104113600
2014-12-24,AAPL,24.958052129286603,24.986871441550772,24.831687927246094,24.831687927246094,57918400
2014-12-26,AAPL,24.85163844050815,25.388131931497842,24.83168700000261,25.2706356048584,134884000
2014-12-29,AAPL,25.226297465726205,25.443554373531256,25.20634433422464,25.252901077270508,110395600
2014-12-30,AAPL,25.193045149948595,25.255118556554045,24.853857112873477,24.94474983215332,119526000
2014-12-31,AAPL,25.01125562544738,25.079979505984745,24.43264019711325,24.470327377319336,165613600
2015-01-02,AAPL,24.694236978633914,24.705322239577697,23.798602356597982,24.237552642822266,212818400
2015-01-05,AAPL,24.006990190147395,24.0867993234754,23.368518814896508,23.554738998413086,257142000
2015-01-06,AAPL,23.61903255400942,23.816338020280458,23.19560061965636,23.55695915222168,263188400
2015-01-07,AAPL,23.765342712054718,23.987034348142444,23.654496894010858,23.88727378845215,160423600
2015-01-08,AAPL,24.215390770835434,24.862730279560683,24.0978927217365,24.805089950561523,237458000
2015-01-09,AAPL,24.978003570537155,25.10658516317443,24.432642188500562,24.831687927246094,214798000
2015-01-12,AAPL,24.962479071089444,24.969129549868345,24.120051828758882,24.219812393188477,198603200
2015-01-13,AAPL,24.703103135568583,25.006821335803178,24.144440865044796,24.434856414794922,268367600
2015-01-14,AAPL,24.17326681499819,24.4947191519066,24.053553075986958,24.341753005981445,195826400
2015-01-15,AAPL,24.386080326054127,24.39938128317444,23.645631062558422,23.681100845336914,240056000
2015-01-16,AAPL,23.72765845555715,23.849589546937747,23.321962305734257,23.497098922729492,314053200
2015-01-20,AAPL,23.907228064640975,24.15774072566621,23.610162048843282,24.102317810058594,199599600
2015-01-21,AAPL,24.153307189951693,24.62107675709558,24.00255678407537,24.28632354736328,194303600
2015-01-22,AAPL,24.4437260551952,24.933664483967743,24.324012340403172,24.91814613342285,215185600
2015-01-23,AAPL,24.895975819904326,25.217428072632536,24.725272282705173,25.04672622680664,185859200
2015-01-26,AAPL,25.215214390675268,25.352663858509775,25.006825335319498,25.073331832885742,222460000
2015-01-27,AAPL,24.92258118818741,24.935883840684372,24.171046439988512,24.195432662963867,382274800
2015-01-28,AAPL,26.077591377548313,26.186221517154262,25.56326675415039,25.56326675415039,585908400
2015-01-29,AAPL,25.78717547085102,26.423431184589887,25.61868932490351,26.359140396118164,337745600
2015-01-30,AAPL,26.248291564940033,26.602997864863603,25.90466883263632,25.9733943939209,334982000
2015-02-02,AAPL,26.17070408947349,26.41899769418198,25.73397119942588,26.299283981323242,250956400
2015-02-03,AAPL,26.270462571181156,26.40125984300976,26.07315712262307,26.3037166595459,207662800
2015-02-04,AAPL,26.2704623926231,26.71606311438626,26.22834043488918,26.505455017089844,280598800
2015-02-05,AAPL,26.7124451524758,26.759185637251118,26.541069601144372,26.69464111328125,168984800
2015-02-06,AAPL,26.712449287316844,26.763640365302567,26.363019705562916,26.469852447509766,174826400
2015-02-09,AAPL,26.385276902235912,26.672386384989608,26.35856829307448,26.645679473876953,155559200
2015-02-10,AAPL,26.745827739601534,27.186510351861603,26.743603296210924,27.157575607299805,248034000
2015-02-11,AAPL,27.32449755203773,27.80301602590847,27.26440532417871,27.794113159179688,294247200
2015-02-12,AAPL,28.05674214886694,28.37278797867428,27.94768500160746,28.145769119262695,297898000
2015-02-13,AAPL,28.328265064097575,28.328265064097575,27.965482264824907,28.28375244140625,217088800
2015-02-17,AAPL,28.37501768994175,28.684386851565183,28.248154785440164,28.45069122314453,252609600
2015-02-18,AAPL,28.406174714937425,28.662126646062973,28.36611265877822,28.648773193359375,179566800
2015-02-19,AAPL,28.59535317833285,28.717765476256087,28.56196954985219,28.58867645263672,149449600
2015-02-20,AAPL,28.6265127571537,28.822372436523438,28.49965157108669,28.822372436523438,195793600
2015-02-23,AAPL,28.93811461207815,29.601362228393555,28.857990488247626,29.601362228393555,283896400
2015-02-24,AAPL,29.58799744745857,29.73489218426597,29.19405370641909,29.4166202545166,276912400
2015-02-25,AAPL,29.2808589853591,29.2897635504534,28.52190612565482,28.664348602294922,298846800
2015-02-26,AAPL,28.664353084202308,29.127292054691086,28.179159489691134,29.027137756347656,365150000
2015-02-27,AAPL,28.93365720347011,29.06052179210405,28.541941220848713,28.590906143188477,248059200
2015-03-02,AAPL,28.766740172507415,28.99598355557924,28.555302529375826,28.731128692626953,192386800
2015-03-03,AAPL,28.702184909502673,28.826821639022164,28.508549694052736,28.791210174560547,151265200
2015-03-04,AAPL,28.733349484334305,28.835728218754888,28.55974780762392,28.60870933532715,126665200
2015-03-05,AAPL,28.617614589224313,28.65545050468917,27.989976828616363,28.134645462036133,226068400
2015-03-06,AAPL,28.577552179150562,28.7934420686846,28.101261454083147,28.17693328857422,291368400
2015-03-09,AAPL,28.47961793705506,28.837951946679503,27.834174547989498,28.2971134185791,354114000
2015-03-10,AAPL,28.134640193516542,28.314918567129887,27.5537413251534,27.711763381958008,275426400
2015-03-11,AAPL,27.765177870561303,27.76962845454169,27.17760229836281,27.20653533935547,275756000
2015-03-12,AAPL,27.222115817155036,27.798564099157097,27.070770486170723,27.698408126831055,193450800
2015-03-13,AAPL,27.687287714754685,27.90985433352595,27.282216536512934,27.507007598876953,207309200
2015-03-16,AAPL,27.57155378369179,27.80970001220703,27.346762707780687,27.80970001220703,143497200
2015-03-17,AAPL,28.021136490309935,28.33718066843354,27.965494837905844,28.27486228942871,204092400
2015-03-18,AAPL,28.26595883797083,28.74670351988461,28.125742488103533,28.59313201904297,261083600
2015-03-19,AAPL,28.655453233157886,28.76673654668471,28.354988626245177,28.37724494934082,183238000
2015-03-20,AAPL,28.544170387435678,28.57755402360196,27.856440313632152,28.02113914489746,274780400
2015-03-23,AAPL,28.292668184343317,28.455140859366967,28.15912685938606,28.312698364257812,150838800
2015-03-24,AAPL,28.317148521175586,28.497425221015355,28.168027612576598,28.196962356567383,131369200
2015-03-25,AAPL,28.16357541832474,28.22589378943832,27.460264205932617,27.460264205932617,206620800
2015-03-26,AAPL,27.322280418478798,27.794120594999193,27.28666894203646,27.65167808532715,190291600
2015-03-27,AAPL,27.725125242484534,27.75405829330754,27.355665516853993,27.431337356567383,158184800
2015-03-30,AAPL,27.60938938493857,28.132420592756837,27.59826037492282,28.125743865966797,188398800
2015-03-31,AAPL,28.0634275684486,28.152454566424634,27.67838822192172,27.693967819213867,168362400
2015-04-01,AAPL,27.780764957103703,27.84753562116134,27.397950105676763,27.653902053833008,162485600
2015-04-02,AAPL,27.827509069328407,27.94546912676751,27.640553891058623,27.892053604125977,128880400
2015-04-06,AAPL,27.702863736107464,28.37946637364715,27.67170454934332,28.343854904174805,148776000
2015-04-07,AAPL,28.408399076017474,28.51523008704785,28.038939423968984,28.045616149902344,140049200
2015-04-08,AAPL,28.010004515777172,28.132416817328334,27.814146531343606,27.954362869262695,149316800
2015-04-09,AAPL,28.010003901588693,28.17247825298956,27.74515082466019,28.168025970458984,129936000
2015-04-10,AAPL,28.032258027219594,28.312692373019342,27.87868825289317,28.288209915161133,160752000
2015-04-13,AAPL,28.57088075744273,28.615396805853468,28.179164662551088,28.232580184936523,145460400
2015-04-14,AAPL,28.265960596322643,28.330505119560385,28.02336379681908,28.110164642333984,102098400
2015-04-15,AAPL,28.134640972933457,28.294887477224574,28.045614005184056,28.216989517211914,115881600
2015-04-16,AAPL,28.105710718716157,28.288215267615023,28.067874803248348,28.081228256225586,113476000
2015-04-17,AAPL,27.94324028801466,28.07455378094966,27.70064178516809,27.765186309814453,207828000
2015-04-20,AAPL,27.947682425882032,28.515226126008358,27.858655463691218,28.399492263793945,188217200
2015-04-21,AAPL,28.51078645653832,28.533041081720025,28.192514411955095,28.24593162536621,129740400
2015-04-22,AAPL,28.263740911225288,28.682165638985524,28.114621650050243,28.626523971557617,150618000
2015-04-23,AAPL,28.555295265520478,29.02713536756887,28.519683794698807,28.860210418701172,183083600
2015-04-24,AAPL,29.042719794092143,29.073878985399837,28.762283676225756,28.99597930908203,178103600
2015-04-27,AAPL,29.44779045592275,29.630296723789787,29.189612348446236,29.523462295532227,387816800
2015-04-28,AAPL,29.92630998893822,29.944112330430492,28.837959324998785,29.058298110961914,475696000
2015-04-29,AAPL,28.969270286299476,29.28753890312954,28.55529626280579,28.63096809387207,253544400
2015-04-30,AAPL,28.63096684646575,28.63096684646575,27.727347007781397,27.854209899902344,332781600
2015-05-01,AAPL,28.065651870985942,28.962596821602947,27.887599584751868,28.699966430664062,234050400
2015-05-04,AAPL,28.822375405226378,29.06052330317985,28.546391591878752,28.64432144165039,203953200
2015-05-05,AAPL,28.52190599939661,28.588676652922196,27.99442428912783,27.998876571655273,197085600
2015-05-06,AAPL,28.168030598663822,28.21031879941125,27.455818101093367,27.82305335998535,288564000
2015-05-07,AAPL,27.885637087453006,28.17841844705683,27.71801483548309,27.99515151977539,175763600
2015-05-08,AAPL,28.312505520185685,28.522592544555664,28.185112723632656,28.522592544555664,222201600
2015-05-11,AAPL,28.471187045728733,28.509180998854276,28.07783316974487,28.232046127319336,168143200
2015-05-12,AAPL,28.071134308781183,28.357209293536233,27.896807471517413,28.131479263305664,192640000
2015-05-13,AAPL,28.19405484436593,28.426491170136035,28.131476161493442,28.162765502929688,138776800
2015-05-14,AAPL,28.47566430660467,28.819847106933594,28.41979023179081,28.819847106933594,180814000
2015-05-15,AAPL,28.846668788302317,28.940536824125893,28.654461835820847,28.779619216918945,152832000
2015-05-18,AAPL,28.69245333007435,29.21543380338683,28.68798244962446,29.096981048583984,203531600
2015-05-19,AAPL,29.208732250086047,29.25119709310559,28.97406045096111,29.070165634155273,178532800
2015-05-20,AAPL,29.054522894754008,29.273548343235124,28.907014498512638,29.06793212890625,145819600
2015-05-21,AAPL,29.070161939434502,29.418815580549495,29.01652160607739,29.365175247192383,158921600
2015-05-22,AAPL,29.412108766007478,29.718297546606184,29.367406786411024,29.6221923828125,182384000
2015-05-26,AAPL,29.63560675853421,29.704890056571298,28.85783728372975,28.969585418701172,282790400
2015-05-27,AAPL,29.130497915956493,29.559610270034735,29.065685509521913,29.510440826416016,183332800
2015-05-28,AAPL,29.47022310080802,29.4903369499178,29.300367135631532,29.452342987060547,122933200
2015-05-29,AAPL,29.329420580006403,29.37859004232593,29.03217007063223,29.11709976196289,203538000
2015-06-01,AAPL,29.11709551740421,29.36517652829473,29.065692327120992,29.175203323364258,128451200
2015-06-02,AAPL,29.023232728495053,29.20203046948954,28.90254621423665,29.045583724975586,134670400
2015-06-03,AAPL,29.20202880008843,29.264607494316557,29.03216942122661,29.08133888244629,123934000
2015-06-04,AAPL,28.960649406130152,29.184145694113607,28.81090730241516,28.911479949951172,153800400
2015-06-05,AAPL,28.942767462626342,28.98523230030165,28.687981846856992,28.75279426574707,142507200
2015-06-08,AAPL,28.808666178580967,28.877952882925072,28.346030699690523,28.562822341918945,210699200
2015-06-09,AAPL,28.31697624486264,28.62540218350224,28.075601573279236,28.477893829345703,224301600
2015-06-10,AAPL,28.589643200734034,28.90700750324305,28.573998529628415,28.804201126098633,156349200
2015-06-11,AAPL,28.871243758372724,29.094740006981706,28.71479706640286,28.739381790161133,141563600
2015-06-12,AAPL,28.64999095175799,28.681280297028987,28.408614540974767,28.42202377319336,147544800
2015-06-15,AAPL,28.18288490012055,28.437670562082815,28.095721473930382,28.366151809692383,175955600
2015-06-16,AAPL,28.39072892256269,28.573995782958292,28.243222281337502,28.51812171936035,125976400
2015-06-17,AAPL,28.544952188459913,28.58071071539804,28.325925029825143,28.45108413696289,131672400
2015-06-18,AAPL,28.435428721837624,28.676803376644088,28.433193281891516,28.580699920654297,141628800
2015-06-19,AAPL,28.542716841867158,28.56730157521776,28.24993718759947,28.294635772705078,218867600
2015-06-22,AAPL,28.49353887316094,28.62093167835589,28.40190628949359,28.52035903930664,136157200
2015-06-23,AAPL,28.491313815740263,28.520367725724444,28.35721464931054,28.39073944091797,121075600
2015-06-24,AAPL,28.430969270271493,29.009825678837835,28.41085541809462,28.632116317749023,221123600
2015-06-25,AAPL,28.799736077980338,28.875724008698565,28.49578094482422,28.49578094482422,127752400
2015-06-26,AAPL,28.533765937082507,28.605284669149608,28.274511172767166,28.328149795532227,176267200
2015-06-29,AAPL,28.039844723786928,28.265576457225944,27.820819311458745,27.831993103027344,196645600
2015-06-30,AAPL,28.06442761771925,28.18735125292746,27.905745464631284,28.033138275146484,177482800
2015-07-01,AAPL,28.361685355505212,28.370625413554677,28.158302871448736,28.294635772705078,120955200
2015-07-02,AAPL,28.25663182378577,28.314741328010467,28.10912347578641,28.258867263793945,108844000
2015-07-06,AAPL,27.92362458918554,28.21193498282255,27.903509038161864,28.16053009033203,112241600
2015-07-07,AAPL,28.135946131868533,28.194055641238762,27.662133411506012,28.09124755859375,187787200
2015-07-08,AAPL,27.82082063785364,27.856579159775947,27.387237262983373,27.39394187927246,243046400
2015-07-09,AAPL,27.680017023199202,27.72695104261523,26.64522974527482,26.835201263427734,314380000
2015-07-10,AAPL,27.25314141015077,27.680018488469813,27.089988348660913,27.55262565612793,245418000
2015-07-13,AAPL,27.943743276708435,28.10689633274658,27.78506110173518,28.08454704284668,165762000
2015-07-14,AAPL,28.169471541818215,28.243225723991486,27.945975260183804,28.073368072509766,127072400
2015-07-15,AAPL,28.097950230082454,28.417549951794953,28.06666088992664,28.343795776367188,134596800
2015-07-16,AAPL,28.549412835097545,28.73491685216096,28.462249426872162,28.72150421142578,144889600
2015-07-17,AAPL,28.84889893345631,28.969585418701172,28.676805850721237,28.969585418701172,184658800
2015-07-20,AAPL,29.271305535383036,29.7182980567629,29.21096059011771,29.517152786254883,235600800
2015-07-21,AAPL,29.6914771087067,29.707120072297364,29.1260318893665,29.22213363647461,307025600
2015-07-22,AAPL,27.264302988000672,28.04877518577533,27.264302988000672,27.986196517944336,461802400
2015-07-23,AAPL,28.2052320425101,28.40414361073321,27.950446399951478,27.972797393798828,203998000
2015-07-24,AAPL,28.008551826752115,28.102419848701462,27.691187540080794,27.825284957885742,168649200
2015-07-27,AAPL,27.51015169454383,27.62637069562286,27.29336177145062,27.43863296508789,177822000
2015-07-28,AAPL,27.57496452331543,27.693418958735595,27.3894639464405,27.57496452331543,134472400
2015-07-29,AAPL,27.523570362234157,27.601793728127678,27.3268925221116,27.487810134887695,148046800
2015-07-30,AAPL,27.338061947167738,27.39393601112983,27.20172909468894,27.3492374420166,134513200
2015-07-31,AAPL,27.40063815373822,27.409578207782467,27.02293067492938,27.11009407043457,171540000
2015-08-03,AAPL,27.154795686957268,27.393936617805483,26.26527981871911,26.470897674560547,279904000
2015-08-04,AAPL,26.242933867298618,26.30551255544882,25.310954750615828,25.621614456176758,496554400
2015-08-05,AAPL,25.24390269629094,26.247402163645372,25.053931210213424,25.79146957397461,397250400
2015-08-06,AAPL,26.03618659357803,26.155175530086538,25.62084723889108,25.847599029541016,211612000
2015-08-07,AAPL,25.72412335826767,26.09905125335858,25.706162309759637,25.93515968322754,154681600
2015-08-10,AAPL,26.16191090980499,26.938708204443447,26.16191090980499,26.87809181213379,219806400
2015-08-11,AAPL,26.449274676869475,26.532343215010112,25.443480262096237,25.479400634765625,388331200
2015-08-12,AAPL,25.263875322717194,25.912703058030736,24.612802028659953,25.872291564941406,404870000
2015-08-13,AAPL,26.051900852342207,26.132723845565803,25.71513895153043,25.852088928222656,194143200
2015-08-14,AAPL,25.665748373713377,26.1125187076189,25.59615145841796,26.0339412689209,171718000
2015-08-17,AAPL,26.051897166913488,26.413355026346633,25.930662694228516,26.303346633911133,163538800
2015-08-18,AAPL,26.1394587685389,26.36621226099731,26.045165847545757,26.155174255371094,138242800
2015-08-19,AAPL,26.06537440457706,26.15966733882922,25.746573505233172,25.820661544799805,193146000
2015-08-20,AAPL,25.611865582992174,25.67248197165876,25.06182011566237,25.29081916809082,274006400
2015-08-21,AAPL,24.792411060837015,25.122437995754048,23.719263417269794,23.743959426879883,513102000
2015-08-24,AAPL,21.299068037295623,24.42646358562322,20.6547296584936,23.15125846862793,648825200
2015-08-25,AAPL,24.945077073193595,24.945077073193595,23.23657153175285,23.29045295715332,414406400
2015-08-26,AAPL,24.042550288822852,24.671173096581096,23.58455567823423,24.626272201538086,387098400
2015-08-27,AAPL,25.19653108982604,25.423282914033955,24.700366951814022,25.3514404296875,338464400
2015-08-28,AAPL,25.183052168971024,25.43899105254729,25.04161280052923,25.43450164794922,212657600
2015-08-31,AAPL,25.151625865116365,25.712895751289132,25.144890900539856,25.31551742553711,224917200
2015-09-01,AAPL,24.729556428607676,25.117954307616113,24.10317890595108,24.184001922607422,307383600
2015-09-02,AAPL,24.74750986033989,25.221220016479492,24.500549767224054,25.221220016479492,247555200
2015-09-03,AAPL,25.254892015721502,25.31999950923371,24.704848371471137,24.7789363861084,212935600
2015-09-04,AAPL,24.46462345757272,24.796894153979583,24.361350040426853,24.53197479248047,199985200
2015-09-08,AAPL,25.088757479605587,25.270608327987073,24.767711118511023,25.214481353759766,219374400
2015-09-09,AAPL,25.540021221302467,25.598392046700837,24.644233395573615,24.72954750061035,340043200
2015-09-10,AAPL,24.756488740759696,25.432258091115777,24.67342190271092,25.272857666015625,251571200
2015-09-11,AAPL,25.097739695285533,25.641048431396484,25.091004731981094,25.641048431396484,199662000
2015-09-14,AAPL,26.173132211443438,26.242729114504538,25.786978337312043,25.88800621032715,233453600
2015-09-15,AAPL,26.027202221456314,26.161906625643375,25.688194795845646,26.10577964782715,173364800
2015-09-16,AAPL,26.099045714562475,26.164153216941944,25.917194847376045,26.134967803955078,148694000
2015-09-17,AAPL,25.966591897870483,26.152932205926074,25.531045900275366,25.575946807861328,256450400
2015-09-18,AAPL,25.192029631577217,25.661252003055225,25.115697772663996,25.47041893005371,297141200
2015-09-21,AAPL,25.519818085510373,25.901482625535643,25.517574239285192,25.86556053161621,200888000
2015-09-22,AAPL,25.45470878754108,25.63431581880713,25.261631828430936,25.459199905395508,201384800
2015-09-23,AAPL,25.510837563658463,25.755552118136006,25.4367512424494,25.665748596191406,143026800
2015-09-24,AAPL,25.42552389061969,25.930666749373724,25.227957522492023,25.81841278076172,200878000
2015-09-25,AAPL,26.14170685879038,26.19783384760581,25.598396305283583,25.753307342529297,224607600
2015-09-28,AAPL,25.560222835533658,25.721868789768884,25.243667602539062,25.243667602539062,208436000
2015-09-29,AAPL,25.331228565945214,25.48389401729487,24.215423949694586,24.484832763671875,293461600
2015-09-30,AAPL,24.734040333164888,25.041616839960714,24.410750051311314,24.763227462768555,265892000
2015-10-01,AAPL,24.48707634396447,24.610556372895342,24.09194196424501,24.60157585144043,255716400
2015-10-02,AAPL,24.249102442542068,24.9226262448643,24.145828998395814,24.781185150146484,232079200
2015-10-05,AAPL,24.668933252951508,25.003451336098365,24.48708235918129,24.870990753173828,208258800
2015-10-06,AAPL,24.837311423591746,25.086515360355172,24.644234468750543,24.98997688293457,192787200
2015-10-07,AAPL,25.086518182457723,25.09325314698851,24.56341595386961,24.870990753173828,187062400
2015-10-08,AAPL,24.738523424697668,24.738523424697668,24.29399707619769,24.5836124420166,247918400
2015-10-09,AAPL,24.69587180494445,25.20774960102577,24.581372283339036,25.171829223632812,211064400
2015-10-12,AAPL,25.308779281424307,25.313268686291394,25.019163851000314,25.055084228515625,121868800
2015-10-13,AAPL,24.879965329632665,25.24591258882878,24.84853436076229,25.09773826599121,132197200
2015-10-14,AAPL,24.985480378704942,25.037116228200308,24.597081020504135,24.743011474609375,177849600
2015-10-15,AAPL,24.904664286490533,25.16733814868498,24.80588025098785,25.11345672607422,150694000
2015-10-16,AAPL,25.095498655978954,25.1448906795857,24.81486371535858,24.929363250732422,156930400
2015-10-19,AAPL,24.875479936134393,25.08876178969489,24.72056891253932,25.084272384643555,119036800
2015-10-20,AAPL,24.996712498675528,25.632070361692858,24.879969126890597,25.542266845703125,195871200
2015-10-21,AAPL,25.593899495739684,25.94862237352125,25.526546443501925,25.54001808166504,167180800
2015-10-22,AAPL,25.66799210227932,25.930665969848633,25.616354524611886,25.930665969848633,166616400
2015-10-23,AAPL,26.200073662689697,26.76808014090915,26.11700682825398,26.734403610229492,237467600
2015-10-26,AAPL,26.509900050927037,26.52112442109389,25.80045408256619,25.881277084350586,265335200
2015-10-27,AAPL,25.908217659825137,26.16415658468257,25.591660629530054,25.71738624572754,279537600
2015-10-28,AAPL,26.25171370081057,26.78379813945785,26.056391174832783,26.777061462402344,342205600
2015-10-29,AAPL,26.649092296433416,27.095864338734838,26.552553811894782,27.0599422454834,204909200
2015-10-30,AAPL,27.163217397583754,27.214854981655755,26.817474936227175,26.82870101928711,197461200
2015-11-02,AAPL,27.12056488761948,27.24628880931709,26.85339984115209,27.20587730407715,128813200
2015-11-03,AAPL,27.1183185071268,27.724489354512645,27.098111898688654,27.517942428588867,182076000
2015-11-04,AAPL,27.643652604344766,27.79856357820865,27.30464696386277,27.38995933532715,179544400
2015-11-05,AAPL,27.47338664265119,27.662781423640762,27.09685397164177,27.263700485229492,158210800
2015-11-06,AAPL,27.306539331125386,27.464366877178666,27.19606004888809,27.295265197753906,132169200
2015-11-09,AAPL,27.272724318900785,27.46437258470477,27.06754846639277,27.184791564941406,135485600
2015-11-10,AAPL,26.35732262575856,26.62112090469709,26.167927798695615,26.32801055908203,236511600
2015-11-11,AAPL,26.237812067730065,26.474553340512703,25.976267362342504,26.179189682006836,180872000
2015-11-12,AAPL,26.213021985245653,26.339284053415074,26.075485780907535,26.09126853942871,130102400
2015-11-13,AAPL,25.974023022403507,26.057447155325942,25.313398913042832,25.329181671142578,183249600
2015-11-16,AAPL,25.112729637200466,25.757570936007227,25.02705206022718,25.744043350219727,152426800
2015-11-17,AAPL,25.910893680503573,25.94020574759523,25.550143671693334,25.633567810058594,110467600
2015-11-18,AAPL,26.10028615365863,26.490346474150318,26.041663744960058,26.445253372192383,186698800
2015-11-19,AAPL,26.52416784408029,26.999907478817157,26.325755782085313,26.78120231628418,173183200
2015-11-20,AAPL,26.875893047826228,27.03823093622671,26.79697927435134,26.898441314697266,137148400
2015-11-23,AAPL,26.8916735932794,26.99539079582996,26.45651856936305,26.548961639404297,129930000
2015-11-24,AAPL,26.45426193711134,26.90970828053431,26.406913682611247,26.80373764038086,171212800
2015-11-25,AAPL,26.87815018524687,26.882660527027603,26.58729506727912,26.612096786499023,85553200
2015-11-27,AAPL,26.670716291752743,26.697773178924518,26.51514220084962,26.562490463256836,52185600
2015-11-30,AAPL,26.603080903346495,26.9232481193852,26.548968837052,26.672977447509766,156721200
2015-12-01,AAPL,26.774435917960403,26.787963503541896,26.348299770228813,26.456523895263672,139409600
2015-12-02,AAPL,26.456521984544622,26.63013401452879,26.172432386701793,26.217525482177734,133546400
2015-12-03,AAPL,26.278406365114538,26.332518430543608,25.753063307673987,25.974021911621094,166278000
2015-12-04,AAPL,25.994307519662037,26.887164082780505,25.953723052238878,26.837560653686523,231108000
2015-12-07,AAPL,26.82629586177749,27.024707914321493,26.562495888498777,26.668466567993164,128336800
2015-12-08,AAPL,26.49710208919686,26.740608893072046,26.34829352251161,26.65718650817871,137238000
2015-12-09,AAPL,26.524162491483757,26.535436625084365,25.94696263111112,26.068716049194336,185445600
2015-12-10,AAPL,26.163417697774005,26.366340100948968,26.043919427068637,26.19272804260254,116850800
2015-12-11,AAPL,25.971768736620955,26.01686183825899,25.444170502459794,25.51857566833496,187544800
2015-12-14,AAPL,25.29309930879164,25.405833750046693,24.754228817207764,25.360740661621094,257274800
2015-12-15,AAPL,25.238988808416057,25.432892196896464,24.880492368712538,24.912057876586914,213292400
2015-12-16,AAPL,25.042836222258064,25.250267243532736,24.53102246234467,25.10371208190918,224954000
2015-12-17,AAPL,25.257027781306913,25.308886390037067,24.571603775024414,24.571603775024414,179091200
2015-12-18,AAPL,24.555828773129516,24.693363275833818,23.85687352095859,23.906476974487305,385813200
2015-12-21,AAPL,24.188303198521606,24.208596293921822,23.802751587829373,24.19957733154297,190362400
2015-12-22,AAPL,24.215359862968743,24.287509841144875,24.001163378870952,24.177030563354492,131157600
2015-12-23,AAPL,24.186049021736263,24.54229030947934,24.17026626697252,24.488178253173828,130629600
2015-12-24,AAPL,24.5761136635021,24.5761136635021,24.33937059609821,24.35740852355957,54281600
2015-12-28,AAPL,24.258201230202115,24.2807494992411,23.94029093501106,24.084590911865234,106816800
2015-12-29,AAPL,24.1161559762809,24.673064495446436,24.093609427852176,24.51749038696289,123724800
2015-12-30,AAPL,24.481412218018765,24.50846738359693,24.165755431475095,24.19732093811035,100855200
2015-12-31,AAPL,24.1274331402526,24.131941762427935,23.63365558276081,23.73286247253418,163649200
2016-01-04,AAPL,23.135368423920035,23.75766318946608,22.99783223080675,23.75315284729004,270597600
2016-01-05,AAPL,23.843338950209862,23.865885498795894,23.090273562249713,23.157913208007812,223164000
2016-01-06,AAPL,22.67315784168351,23.081257824955806,22.517585430560796,22.704723358154297,273829600
2016-01-07,AAPL,22.249275538132114,22.576204819963493,21.74197041241282,21.746479034423828,324377600
2016-01-08,AAPL,22.21996191791037,22.346223957897735,21.81637235987501,21.861465454101562,283192000
2016-01-11,AAPL,22.31466098436711,22.334952363018157,21.94714551589993,22.2154541015625,198957600
2016-01-12,AAPL,22.670901786095747,22.70246729894013,22.285348398855252,22.537874221801758,196616800
2016-01-13,AAPL,22.61904189419429,22.815200473070544,21.938126515429893,21.958417892456055,249758400
2016-01-14,AAPL,22.086940069720914,22.65512283678372,21.586398681658064,22.438671112060547,252680400
2016-01-15,AAPL,21.6901131464518,22.030571755861573,21.500720046769526,21.899799346923828,319335600
2016-01-19,AAPL,22.18840155832223,22.24251362799293,21.532286047822236,21.79383087158203,212350800
2016-01-20,AAPL,21.442098000740142,22.13879798972315,21.06331007473765,21.82314109802246,289337600
2016-01-21,AAPL,21.884024605465704,22.0689091505861,21.406031338672236,21.712669372558594,208646000
2016-01-22,AAPL,22.237999297531434,22.876076763652687,22.179378615980323,22.86705780029297,263202000
2016-01-25,AAPL,22.889603538102705,22.891858708910625,22.36877089390849,22.420629501342773,207178000
2016-01-26,AAPL,22.531113907212678,22.745308737463674,22.111741491608417,22.544641494750977,300308000
2016-01-27,AAPL,21.654036018190727,21.78706185981396,21.045268881413524,21.06330680847168,533478800
2016-01-28,AAPL,21.146734883413128,21.311326268055467,20.83107798166302,21.214374542236328,222715200
2016-01-29,AAPL,21.372195133698348,21.947139739990234,21.272988277002373,21.947139739990234,257666000
2016-02-01,AAPL,21.75098902632416,21.80510109054244,21.509737328119584,21.74197006225586,163774000
2016-02-02,AAPL,21.51424869826253,21.654040078890674,21.257214210153034,21.302309036254883,149428800
2016-02-03,AAPL,21.41954953789307,21.834411566408754,21.212118523635226,21.72393226623535,183857200
2016-02-04,AAPL,21.730740865310732,22.063979081411272,21.578857321633695,21.89849281311035,185886800
2016-02-05,AAPL,21.880348680221665,21.971025981954458,21.238810532180526,21.313617706298828,185672400
2016-02-08,AAPL,21.111866794099107,21.694466308951053,21.091465304208224,21.538049697875977,216085600
2016-02-09,AAPL,21.374824329473952,21.748867095584664,21.29321493579432,21.53350830078125,177324800
2016-02-10,AAPL,21.74432966262335,21.841807441702354,21.331749657352415,21.37028694152832,169374400
2016-02-11,AAPL,21.26148445703623,21.472308498410772,20.989452487457992,21.24108123779297,200298800
2016-02-12,AAPL,21.352155614340887,21.42242969799724,21.084658539407094,21.30681610107422,161405600
2016-02-16,AAPL,21.540310419861186,21.95515791409869,21.447367438093213,21.90755271911621,196231600
2016-02-17,AAPL,21.914350378625155,22.263456826183887,21.796471110520166,22.24305534362793,179452800
2016-02-18,AAPL,22.406276216391266,22.417611528318208,21.782872109976353,21.8214111328125,156084000
2016-02-19,AAPL,21.762471783990584,21.934758503214418,21.717133992917617,21.77153968811035,141496800
2016-02-22,AAPL,21.83274523563851,21.96649465555637,21.7443353349834,21.961959838867188,137123200
2016-02-23,AAPL,21.85314942696159,21.87581832284174,21.433768799838198,21.465505599975586,127770400
2016-02-24,AAPL,21.30455603794047,21.848616504337485,21.15493819901306,21.78514289855957,145022800
2016-02-25,AAPL,21.77380772864932,21.93475914001465,21.59245310004071,21.93475914001465,110330800
2016-02-26,AAPL,22.03450263155408,22.220390347611303,21.89395443741686,21.96876335144043,115964400
2016-02-29,AAPL,21.957425383869325,22.26799458575054,21.909820188753347,21.918888092041016,140865200
2016-03-01,AAPL,22.136509552936793,22.84378861732507,22.08436954854961,22.789382934570312,201628400
2016-03-02,AAPL,22.784850602066513,22.870993080071727,22.587627617458562,22.839256286621094,132678400
2016-03-03,AAPL,22.800718872162474,23.05688062631293,22.771247757318044,23.009275436401367,147822800
2016-03-04,AAPL,23.206494803706814,23.519329601316926,22.979802470200145,23.351577758789062,184220400
2016-03-07,AAPL,23.211032274580887,23.310777473616483,22.886862107240784,23.09315299987793,143315600
2016-03-08,AAPL,22.846057846606428,23.06821714064854,22.759915364583282,22.90273094177246,126247600
2016-03-09,AAPL,22.966206136705175,23.027414052296553,22.73044583679451,22.92313575744629,108806800
2016-03-10,AAPL,22.98887855503972,23.17703194439298,22.703245628869972,22.934471130371094,134054400
2016-03-11,AAPL,23.177027607735916,23.186095510150654,23.009275736877065,23.181562423706055,109632800
2016-03-14,AAPL,23.10221875093738,23.328911106160273,23.072747637862136,23.24049949645996,100304400
2016-03-15,AAPL,23.56693722237675,23.843502174596225,23.542000924748738,23.707487106323242,160270800
2016-03-16,AAPL,23.71429075964977,24.09966712601931,23.70975594337211,24.022592544555664,153214000
2016-03-17,AAPL,23.920583050645355,24.135941884238964,23.793635850733928,23.984058380126953,137682800
2016-03-18,AAPL,24.10646755890895,24.142739170934313,23.8457726979607,24.01125717163086,176820800
2016-03-21,AAPL,24.01352623585668,24.403437444391265,23.834439030563434,24.00899314880371,142010800
2016-03-22,AAPL,23.859377372568666,24.321830120159664,23.85030946816187,24.192615509033203,129777600
2016-03-23,AAPL,24.138212147056176,24.27195985856076,24.006730114728015,24.058868408203125,102814000
2016-03-24,AAPL,23.909248239848313,24.086068039081677,23.77776622981937,23.954586029052734,104532000
2016-03-28,AAPL,24.02939398427441,24.072466092977475,23.8163025785128,23.845773696899414,77645600
2016-03-29,AAPL,23.777769963671854,24.435178387524427,23.77550255499784,24.410242080688477,124760400
2016-03-30,AAPL,24.630127081007462,25.031371826883497,24.61879177035917,24.836416244506836,182404400
2016-03-31,AAPL,24.8726891157926,24.913493814859084,24.68226661030712,24.707202911376953,103553600
2016-04-01,AAPL,24.659595644549775,24.936160611694472,24.52811365532926,24.93389320373535,103496000
2016-04-04,AAPL,25.031377737643226,25.432624307792803,24.99737352719438,25.1900634765625,149424800
2016-04-05,AAPL,24.82507881496581,25.10164374846506,24.804675604866937,24.893085479736328,106314800
2016-04-06,AAPL,24.988299345661485,25.158318613905184,24.754804764472112,25.153783798217773,105616400
2016-04-07,AAPL,24.92481982605249,25.031365492893798,24.509974195992385,24.60518455505371,127207600
2016-04-08,AAPL,24.68907170900758,24.884025594437283,24.521318076912685,24.63239860534668,94326800
2016-04-11,AAPL,24.702670934395165,25.07444632946965,24.670934136976054,24.714004516601562,117630000
2016-04-12,AAPL,24.78654284797231,25.04950682673289,24.63239369707538,25.035905838012695,108929200
2016-04-13,AAPL,25.117526243029836,25.466631123112393,25.117526243029836,25.398624420166016,133029200
2016-04-14,AAPL,25.303408607876353,25.47796101073229,25.237667598364762,25.412220001220703,101895600
2016-04-15,AAPL,25.414487916884465,25.45756003110272,24.87496056776389,24.902162551879883,187756000
2016-04-18,AAPL,24.684530185392465,24.698131173127415,24.24248078875262,24.36489486694336,243286000
2016-04-19,AAPL,24.455571674712676,24.482775381098627,24.08153065667739,24.235681533813477,129539600
2016-04-20,AAPL,24.174472302844165,24.503175521759335,24.04299032346794,24.285551071166992,122444000
2016-04-21,AAPL,24.24021702869059,24.24021702869059,23.920579932616203,24.022592544555664,126210000
2016-04-22,AAPL,23.804974158055394,24.13821232927027,23.716564242777093,23.956857681274414,134732400
2016-04-25,AAPL,23.802701214386417,23.950051615428237,23.69162242631981,23.820837020874023,112126400
2016-04-26,AAPL,23.55560246076426,23.870704682776815,23.55560246076426,23.655345916748047,224064800
2016-04-27,AAPL,21.76247063225156,22.376806835264738,21.68992913265842,22.175050735473633,458408400
2016-04-28,AAPL,22.127438753234728,22.188644922128013,21.36575237631137,21.497234344482422,328970800
2016-04-29,AAPL,21.30681614570532,21.472302342805527,20.97131239445713,21.25014305114746,274126000
2016-05-02,AAPL,21.302286940878098,21.327223245389547,20.946379911381666,21.22747802734375,192640400
2016-05-03,AAPL,21.354418874228152,21.703525303976072,21.23653961213716,21.57657814025879,227325200
2016-05-04,AAPL,21.58111759806483,21.739803329088275,21.268282682458565,21.35215950012207,164102000
2016-05-05,AAPL,21.438823325426007,21.45478833702356,21.137767578117998,21.265487670898438,143562000
2016-05-06,AAPL,21.29513624976754,21.31338073272175,20.9484649728036,21.146888732910156,174799600
2016-05-09,AAPL,21.210744446859035,21.386359522353885,21.117233878049593,21.16284942626953,131745600
2016-05-10,AAPL,21.28601383900242,21.34075076977819,21.007765019137445,21.30653953552246,134747200
2016-05-11,AAPL,21.320233602765718,21.340759307497407,21.087598508801815,21.099002838134766,114876400
2016-05-12,AAPL,21.146892206181526,21.160576005658577,20.40565624020589,20.60407829284668,305258800
2016-05-13,AAPL,20.526536968640507,20.907417848111816,20.526536968640507,20.64513397216797,177571200
2016-05-16,AAPL,21.071625589084583,21.527770750428644,20.902852366602875,21.411453247070312,245039200
2016-05-17,AAPL,21.56426407955481,21.598473576008658,21.213032082163878,21.322505950927734,187667600
2016-05-18,AAPL,21.475312136477342,21.7147872698688,21.413731573565634,21.566539764404297,168249600
2016-05-19,AAPL,21.58479044200801,21.58479044200801,21.340752832807443,21.484437942504883,121768400
2016-05-20,AAPL,21.58478712231889,21.764964655054165,21.557417788466694,21.717069625854492,128104000
2016-05-23,AAPL,21.86531999031862,22.166375741727613,21.819704427950118,21.993040084838867,152074400
2016-05-24,AAPL,22.173220560456528,22.371642627703025,22.08655185057322,22.328310012817383,140560800
2016-05-25,AAPL,22.50393004653042,22.747967735077896,22.3762099074944,22.720600128173828,152675200
2016-05-26,AAPL,22.734282107207466,22.97375908873845,22.49708633942089,22.900775909423828,225324800
2016-05-27,AAPL,22.67953413052578,22.914448570348203,22.636199790733347,22.8870792388916,145364800
2016-05-31,AAPL,22.716024520483863,22.898483247578266,22.538128218597283,22.77532386779785,169228800
2016-06-01,AAPL,22.58374616558983,22.70234488193408,22.426377268212295,22.456026077270508,116693200
2016-06-02,AAPL,22.259890710607042,22.31462766042068,22.038659957537593,22.287260055541992,160766400
2016-06-03,AAPL,22.303219764467702,22.41269363804458,22.225674175632886,22.332868576049805,114019600
2016-06-06,AAPL,22.348830448630295,23.238313811742945,22.248479701959216,22.494796752929688,93170000
2016-06-07,AAPL,22.636205302594902,22.777610939469497,22.5700640405111,22.586029052734375,89638000
2016-06-08,AAPL,22.58374474225539,22.70690413682509,22.50620090496461,22.565500259399414,83392400
2016-06-09,AAPL,22.465148443974865,22.80497609058185,22.456025332246774,22.727432250976562,106405600
2016-06-10,AAPL,22.47199233617828,22.6590117930549,22.46058975054841,22.540414810180664,126851600
2016-06-13,AAPL,22.508485724761755,22.606557013557584,22.145849381519177,22.200586318969727,152082000
2016-06-14,AAPL,22.19602674506602,22.46059181277351,22.066025424570018,22.227956771850586,127727600
2016-06-15,AAPL,22.310063433680035,22.444627183192612,22.129885856568336,22.15497398376465,117780800
2016-06-16,AAPL,21.997600510571683,22.294095572260883,21.910933553181433,22.24848175048828,125307200
2016-06-17,AAPL,22.036376585256466,22.043218485265697,21.73532080445854,21.742162704467773,244032800
2016-06-20,AAPL,21.89497251773313,22.024973847454927,21.673741787842893,21.689706802368164,137647600
2016-06-21,AAPL,21.653212362356832,21.974793811075436,21.5939130014374,21.87444305419922,142185600
2016-06-22,AAPL,21.951987540053324,22.097953863452847,21.746721854005294,21.79233741760254,116876400
2016-06-23,AAPL,21.88128539729008,21.9611104578068,21.723914749374387,21.917776107788086,128960800
2016-06-24,AAPL,21.190218297268427,21.589345200277503,21.13091895589162,21.301973342895508,301245600
2016-06-27,AAPL,21.210751701755335,21.22215602772485,20.868642803339924,20.991802215576172,181958400
2016-06-28,AAPL,21.187941326869236,21.36127696095166,21.01460569278681,21.34531021118164,161779600
2016-06-29,AAPL,21.431982803418443,21.56426533090208,21.354437213493046,21.530054092407227,146124000
2016-06-30,AAPL,21.539174360413405,21.84250956019456,21.50724433938381,21.80373764038086,143345600
2016-07-01,AAPL,21.778647492804982,22.00215935928205,21.742156789331357,21.869876861572266,104106000
2016-07-05,AAPL,21.755845018459116,21.75812623165836,21.543737432381075,21.664615631103516,110820800
2016-07-06,AAPL,21.575661787286613,21.81741986125805,21.523206077879163,21.787769317626953,123796400
2016-07-07,AAPL,21.82654413704718,22.009002888100305,21.808299653986353,21.881282806396484,100558400
2016-07-08,AAPL,22.006724015372395,22.09795340060021,21.906373257672016,22.050058364868164,115648400
2016-07-11,AAPL,22.06602322071992,22.271288901016842,22.06146253451589,22.118480682373047,95179600
2016-07-12,AAPL,22.16180625683839,22.282684413517124,22.15040367491987,22.21882438659668,96670000
2016-07-13,AAPL,22.216548902301064,22.27584651505433,22.08654587266252,22.0933895111084,103568800
2016-07-14,AAPL,22.211986218706137,22.57690196241551,22.196021209295587,22.531288146972656,155676000
2016-07-15,AAPL,22.560940796966456,22.647609497152324,22.465150724182323,22.529010772705078,120548000
2016-07-18,AAPL,22.51076289454818,22.836906752747325,22.48795598461548,22.76848602294922,145975600
2016-07-19,AAPL,22.706908992270144,22.807261499686675,22.656732738561878,22.777612686157227,95119600
2016-07-20,AAPL,22.807256961689006,22.912170134906102,22.747957606373042,22.798133850097656,105104000
2016-07-21,AAPL,22.76848692122754,23.035331432084845,22.60883506528855,22.677257537841797,130808000
2016-07-22,AAPL,22.638487350057606,22.6476104631008,22.42181733040751,22.501644134521484,113254800
2016-07-25,AAPL,22.408133222722523,22.54269522313343,22.104796243417297,22.200586318969727,161531600
2016-07-26,AAPL,22.081984592291768,22.344268377208238,21.990755222748366,22.047773361206055,224959200
2016-07-27,AAPL,23.781127765258628,23.79937398974331,23.434458200328418,23.480072021484375,369379200
2016-07-28,AAPL,23.452704090793322,23.82218056103933,23.450422877751294,23.79709243774414,159479200
2016-07-29,AAPL,23.762889645326798,23.844995937442928,23.646572108152913,23.7674503326416,110934800
2016-08-01,AAPL,23.813066172805925,24.209912095774907,23.813066172805925,24.187105178833008,152671600
2016-08-02,AAPL,24.187101105766413,24.19166179236429,23.719551556938992,23.82902717590332,135266400
2016-08-03,AAPL,23.90428241045636,24.139196848737626,23.89515930003068,24.12779426574707,120810400
2016-08-04,AAPL,24.21035018620521,24.30665917059036,24.14155705479753,24.2768497467041,109634800
2016-08-05,AAPL,24.368571798629993,24.68501810644561,24.347934908719594,24.64603614807129,162213600
2016-08-08,AAPL,24.655207251081908,24.850120544433594,24.572657940892707,24.850120544433594,112148800
2016-08-09,AAPL,24.818018095110094,24.980826647077354,24.767570029813914,24.95101547241211,105260800
2016-08-10,AAPL,24.92808642374439,24.971655527966504,24.710244401598175,24.765277862548828,96034000
2016-08-11,AAPL,24.884512732800083,24.978529887848598,24.730876734994904,24.749221801757812,109938000
2016-08-12,AAPL,24.714829287604516,24.86617348896816,24.714829287604516,24.80655288696289,74641600
2016-08-15,AAPL,24.797374862680876,25.118406514627303,24.783616938141463,25.10464859008789,103472800
2016-08-16,AAPL,25.139047379467574,25.27663364456053,25.04273839348813,25.08172035217285,135177600
2016-08-17,AAPL,25.017516802968906,25.079430978199323,24.843242133130595,25.045034408569336,101424000
2016-08-18,AAPL,25.047328393929245,25.132171284339698,24.999172145961616,25.01293182373047,87938800
2016-08-19,AAPL,24.941842391231983,25.152807182345406,24.847826975725802,25.07713508605957,101472400
2016-08-22,AAPL,24.962480616661068,25.017514072372965,24.730878939212225,24.88222312927246,103280800
2016-08-23,AAPL,24.90057111795114,25.067966836881883,24.88681318881356,24.96019172668457,85030800
2016-08-24,AAPL,24.895986189412493,24.937261727077985,24.691902072478214,24.772159576416016,94700400
2016-08-25,AAPL,24.6254000340912,24.73776052836212,24.46259147111189,24.666675567626953,100344800
2016-08-26,AAPL,24.629990003321943,24.75381486865899,24.37774963082915,24.522214889526367,111065200
2016-08-29,AAPL,24.448832831058173,24.63686542291551,24.373160730199427,24.494693756103516,99881200
2016-08-30,AAPL,24.26079877620653,24.421313753667867,24.19200564330479,24.306659698486328,99455600
2016-08-31,AAPL,24.228699265025753,24.4373687657341,24.224112122448872,24.329593658447266,118649600
2016-09-01,AAPL,24.338757853910355,24.490102016404677,24.219518430005913,24.474050521850586,106806000
2016-09-02,AAPL,24.696478892091,24.76527201414522,24.494688416603992,24.703359603881836,107210000
2016-09-06,AAPL,24.74234628535585,24.83406988246435,24.652916259282637,24.696483612060547,107521600
2016-09-07,AAPL,24.7262910922016,24.939547680081855,24.552016458685664,24.847824096679688,169457200
2016-09-08,AAPL,24.593294214247894,24.59787960656705,24.132384434223813,24.196590423583984,212008000
2016-09-09,AAPL,23.994798105717134,24.242451259779802,23.648542404174805,23.648542404174805,186228000
2016-09-12,AAPL,23.538473907178165,24.242449617236453,23.51095630876392,24.17824363708496,181171200
2016-09-13,AAPL,24.652918398875045,24.946432535510258,24.59100422192347,24.753812789916992,248704800
2016-09-14,AAPL,24.932673210851508,25.91869709905094,24.902862034921178,25.62976837158203,443554800
2016-09-15,AAPL,26.109027659185404,26.537834555123748,26.0241830088016,26.501144409179688,359934400
2016-09-16,AAPL,26.397943959583415,26.629543835841528,26.15029083994973,26.352081298828125,319547600
2016-09-19,AAPL,26.4139973848158,26.641011886338042,25.9691391651113,26.044811248779297,188092000
2016-09-20,AAPL,25.923281082326604,26.168640676295237,25.799454499929077,26.04252052307129,138057200
2016-09-21,AAPL,26.106732373909512,26.138835374761932,25.783408794043787,26.037940979003906,144012800
2016-09-22,AAPL,26.22138051190567,26.35667319871073,26.141123027944335,26.283294677734375,124296000
2016-09-23,AAPL,26.237432577205176,26.32227720464952,25.57931944498042,25.84531593322754,209924800
2016-09-26,AAPL,25.599958649955084,26.001247864236245,25.579321758686334,25.884300231933594,119477600
2016-09-27,AAPL,25.91181626549997,25.953091795017215,25.76047207410939,25.932453155517578,98429600
2016-09-28,AAPL,26.070040800957965,26.287882815819597,26.010420199723853,26.12965965270996,118564400
2016-09-29,AAPL,25.948502359475214,26.095259386118155,25.63664324048853,25.723779678344727,143548000
2016-09-30,AAPL,25.787988030806847,25.99665923601324,25.63664559855904,25.923280715942383,145516400
2016-10-03,AAPL,25.84530973507185,25.923275380684643,25.746707205006047,25.801740646362305,86807200
2016-10-04,AAPL,25.925577386381285,26.212212557376947,25.826974817579487,25.911819458007812,118947200
2016-10-05,AAPL,26.003538198913336,26.06315879318401,25.840729662177427,25.923280715942383,85812400
2016-10-06,AAPL,26.072325227219988,26.21908224287525,25.941619705480722,26.115894317626953,115117200
2016-10-07,AAPL,26.212209458451948,26.269536485873623,26.02876402039181,26.154882431030273,97433600
2016-10-10,AAPL,26.375022910276797,26.771726783565686,26.306231514269687,26.6112117767334,144944000
2016-10-11,AAPL,26.989565203085945,27.216581503017665,26.645603020806266,26.668535232543945,256164000
2016-10-12,AAPL,26.909304602909817,27.05376982245271,26.771720095782907,26.907011032104492,150347200
2016-10-13,AAPL,26.780895695094742,26.929946323827988,26.5355360752965,26.824464797973633,140769600
2016-10-14,AAPL,27.03083967767383,27.097339240251408,26.858858593260734,26.973512649536133,142608800
2016-10-17,AAPL,26.9047197086266,27.021665579633385,26.778599554228744,26.955167770385742,94499600
2016-10-18,AAPL,27.099627595174393,27.106506557309743,26.932231935460038,26.936819076538086,98214000
2016-10-19,AAPL,26.886376808308796,27.00332443822551,26.09526450180172,26.8565673828125,80138400
2016-10-20,AAPL,26.79694303772596,26.916182472530696,26.67541003220906,26.842803955078125,96503200
2016-10-21,AAPL,26.785476340635917,26.808408548286152,26.663943337809673,26.737321853637695,92770800
2016-10-24,AAPL,26.851970168995265,26.998727169362034,26.82903971571573,26.978090286254883,94154800
2016-10-25,AAPL,27.04688757019222,27.140904723556837,26.900130537681154,27.115680694580078,192516000
2016-10-26,AAPL,26.21220796217136,26.530946076482664,25.982899865574336,26.505722045898438,264536800
2016-10-27,AAPL,26.459867321974247,26.5676424325276,26.164059598162606,26.251197814941406,138248000
2016-10-28,AAPL,26.11131421352364,26.41858623055785,26.01500348104425,26.07691764831543,151446800
2016-10-31,AAPL,26.060874292362914,26.19387345299218,25.957684564502614,26.0356502532959,105677600
2016-11-01,AAPL,26.01729856178367,26.088383517719134,25.345425713722733,25.565561294555664,175303200
2016-11-02,AAPL,25.54491456757668,25.762756493518374,25.505932622847137,25.588481903076172,113326800
2016-11-03,AAPL,25.57927715209678,25.689909188275905,25.24968287360292,25.314218521118164,107730400
2016-11-04,AAPL,25.01458485015112,25.411020093508455,24.91778138611206,25.086034774780273,123348000
2016-11-07,AAPL,25.37183063915915,25.47093942128336,25.228929072839815,25.447891235351562,130240000
2016-11-08,AAPL,25.424845594318782,25.749830873894304,25.284249350334726,25.59770965576172,97016800
2016-11-09,AAPL,25.325741274327616,25.6576408937037,24.90395422624573,25.55622673034668,236705600
2016-11-10,AAPL,25.604627486259076,25.604627486259076,24.39227530004007,24.844026565551758,228538000
2016-11-11,AAPL,24.689599836882564,25.092949338438874,24.55822321242851,24.991535186767578,136575600
2016-11-14,AAPL,24.82558728809384,24.8486354811035,23.9889257484387,24.36461639404297,204702000
2016-11-15,AAPL,24.562829768129966,24.8186687107279,24.4683316656056,24.687292098999023,129058000
2016-11-16,AAPL,24.59279967706422,25.406414887473378,24.569751481071627,25.351097106933594,235362000
2016-11-17,AAPL,25.309601538507994,25.4340638671328,25.08372682832763,25.341869354248047,110528000
2016-11-18,AAPL,25.28886334695961,25.477861341821512,25.275034782946232,25.36722755432129,113715600
2016-11-21,AAPL,25.38105269121837,25.812059260577815,25.355699156730868,25.752134323120117,117058400
2016-11-22,AAPL,25.80283998865094,25.91116840868547,25.676074072933307,25.768268585205078,103862000
2016-11-23,AAPL,25.6668509691108,25.701424126337557,25.42945131913162,25.63688850402832,109705600
2016-11-25,AAPL,25.613845187632812,25.784405671825745,25.572357739918893,25.765966415405273,45903600
2016-11-28,AAPL,25.68298601736579,25.922691024081974,25.673766391130872,25.715253829956055,108776000
2016-11-29,AAPL,25.533176903566115,25.821283705165236,25.36953245127354,25.68990707397461,114115200
2016-11-30,AAPL,25.722176052588267,25.86046697188614,25.41562997986062,25.473251342773438,144649200
2016-12-01,AAPL,25.43867576277433,25.570052378346286,25.1298243937763,25.23584747314453,148347600
2016-12-02,AAPL,25.162090042454363,25.37413618291569,25.08833478670851,25.330345153808594,106112000
2016-12-05,AAPL,25.353403502878695,25.360317786116035,24.950053901696535,25.148271560668945,137298000
2016-12-06,AAPL,25.238151626292748,25.436369213532537,25.166701714077497,25.341869354248047,104782000
2016-12-07,AAPL,25.18283898036046,25.6276759377741,25.15979078868156,25.590797424316406,119994800
2016-12-08,AAPL,25.551619294880005,25.91348141173336,25.49169258042718,25.842031478881836,108273200
2016-12-09,AAPL,25.88581518914943,26.436675164641304,25.88581518914943,26.263811111450195,137610400
2016-12-12,AAPL,26.11170069527019,26.50583066192302,25.927311604670937,26.11400604248047,105497600
2016-12-13,AAPL,26.238464793923672,26.71787498868015,26.2177219458976,26.54962158203125,174935200
2016-12-14,AAPL,26.5150484101899,26.782410638269567,26.501219844839188,26.54962158203125,136127200
2016-12-15,AAPL,26.59340815995195,26.904564895814616,26.558836752379893,26.694822311401367,186098000
2016-12-16,AAPL,26.844643371479478,26.851557654327973,26.655645353607344,26.729400634765625,177404400
2016-12-19,AAPL,26.690212668950327,27.054378300614168,26.67868769442234,26.883819580078125,111117600
2016-12-20,AAPL,26.90686903715174,27.082038459129734,26.893040473838635,26.955270767211914,85700000
2016-12-21,AAPL,26.92069639781568,27.05898729112849,26.91608570490892,26.980621337890625,95132800
2016-12-22,AAPL,26.816982556403442,26.85386107356734,26.653338093033717,26.80315399169922,104343600
2016-12-23,AAPL,26.64180770848088,26.856159210205078,26.64180770848088,26.856159210205078,56998000
2016-12-27,AAPL,26.856157679805523,27.151180465021366,26.84924339925103,27.026718139648438,73187600
2016-12-28,AAPL,27.086651454420092,27.20189418854256,26.782410706675364,26.911483764648438,83623600
2016-12-29,AAPL,26.840032217290492,26.992153471208763,26.828508998895355,26.904569625854492,60158000
2016-12-30,AAPL,26.886125639466673,27.012891570314178,26.60493313478548,26.694822311401367,122345200
2017-01-03,AAPL,26.690212108223545,26.812369098411278,26.450507062483908,26.77088165283203,115127600
2017-01-04,AAPL,26.70173891620744,26.853860156617486,26.678690722999246,26.740921020507812,84472400
2017-01-05,AAPL,26.717868039905976,26.934524885863468,26.692514504380565,26.876903533935547,88774400
2017-01-06,AAPL,26.91608880060783,27.23415982612011,26.844638878512438,27.176538467407227,127007600
2017-01-09,AAPL,27.185750085249172,27.526869224104104,27.183446497524734,27.42545509338379,134247600
2017-01-10,AAPL,27.37475522048423,27.51535148102723,27.266428539664876,27.453121185302734,97848400
2017-01-11,AAPL,27.367842816048867,27.642121074033053,27.335574992575964,27.60063362121582,110354400
2017-01-12,AAPL,27.404720154261426,27.496914685273296,27.24568463222756,27.485389709472656,108344800
2017-01-13,AAPL,27.45311510823008,27.570663150205,27.38396878742978,27.436981201171875,104447600
2017-01-17,AAPL,27.27565168565343,27.71357446261645,27.247994552632733,27.65825843811035,137759200
2017-01-18,AAPL,27.6582558932925,27.773498626181215,27.591414897201293,27.65595054626465,94852000
2017-01-19,AAPL,27.519960116795648,27.678993864406134,27.513045835394877,27.6075439453125,102389200
2017-01-20,AAPL,27.761976203867377,27.761976203867377,27.596028130349076,27.65825843811035,130391600
2017-01-23,AAPL,27.658251798733932,27.84494443566681,27.605239375728736,27.67669105529785,88200800
2017-01-24,AAPL,27.554533213623724,27.681299142071996,27.54300823900832,27.651336669921875,92844000
2017-01-25,AAPL,27.75505376995729,28.142269344718223,27.72278595193256,28.091562271118164,129510400
2017-01-26,AAPL,28.043152795903854,28.220627504468716,28.027018891349204,28.105384826660156,105350400
2017-01-27,AAPL,28.151491236448933,28.199892967378492,28.027028889002494,28.107698440551758,82251600
2017-01-30,AAPL,27.872602176767842,28.0339412689209,27.810371886498583,28.0339412689209,121510000
2017-01-31,AAPL,27.923313554468756,27.978629571951494,27.801156543231482,27.969409942626953,196804000
2017-02-01,AAPL,29.278564014442228,30.076045153038212,29.273955079547164,29.674999237060547,447940000
2017-02-02,AAPL,29.497526440793255,29.82250998639,29.45142829919011,29.624292373657227,134841600
2017-02-03,AAPL,29.573581923528376,29.776410206516037,29.539010519350114,29.751056671142578,98029200
2017-02-06,AAPL,29.762581164673637,30.078345040834744,29.70956698988467,30.02994155883789,107383600
2017-02-07,AAPL,30.087573945738367,30.444827154214188,30.066831095957497,30.31575584411621,152735200
2017-02-08,AAPL,30.274256613382484,30.474777772166192,30.244292388027546,30.43328857421875,92016400
2017-02-09,AAPL,30.474955961300836,30.660144407191652,30.35226936648553,30.653200149536133,113399600
2017-02-10,AAPL,30.662470619652815,30.77358230731125,30.567561027276486,30.583763122558594,80262000
2017-02-13,AAPL,30.80598918233789,30.977289159070857,30.729598795369544,30.854598999023438,92141600
2017-02-14,AAPL,30.896258261738378,31.271262285606003,30.845331353290227,31.25506019592285,132904800
2017-02-15,AAPL,31.37081304916232,31.544426604690024,31.162474663222973,31.36849594116211,142492400
2017-02-16,AAPL,31.405530409065754,31.45877090374158,31.21339767451446,31.331457138061523,90338400
2017-02-17,AAPL,31.27357583982792,31.442558635657335,31.27357583982792,31.417095184326172,88792800
2017-02-21,AAPL,31.53517045345157,31.655543527538544,31.47729925870287,31.64396858215332,98028800
2017-02-22,AAPL,31.581461069704563,31.741186103869584,31.50738779037076,31.738872528076172,83347600
2017-02-23,AAPL,31.801373879840284,31.82452023392888,31.551369943317066,31.604610443115234,83152800
2017-02-24,AAPL,31.461085348735534,31.63469886779785,31.315248862426834,31.63469886779785,87106400
2017-02-27,AAPL,31.745808389315904,31.815254498690994,31.546731426267762,31.697195053100586,81029600
2017-02-28,AAPL,31.73192858881787,31.81526323652006,31.643963257305327,31.711095809936523,93931600
2017-03-01,AAPL,31.919429537293766,32.442583759753184,31.852300519207052,32.359249114990234,145658400
2017-03-02,AAPL,32.40785293936465,32.47266836266933,32.12081068460419,32.167110443115234,104844000
2017-03-03,AAPL,32.125448875790894,32.368508536083255,32.081466214230424,32.35693359375,84432400
2017-03-06,AAPL,32.26201780499198,32.35461379366759,32.08377714962105,32.25507354736328,87000000
2017-03-07,AAPL,32.19027219390024,32.403237762691944,32.127770315742424,32.296756744384766,69785200
2017-03-08,AAPL,32.1648052135686,32.36156866337355,32.134714598035465,32.1763801574707,74828800
2017-03-09,AAPL,32.11618697021985,32.127758378909846,31.724977281310007,32.102294921875,88623600
2017-03-10,AAPL,32.23423801983818,32.25970147302597,32.09303223982871,32.20877456665039,78451200
2017-03-13,AAPL,32.14165017302251,32.27590818304316,32.134705914993035,32.2226676940918,69686800
2017-03-14,AAPL,32.24583198544783,32.32684954272171,32.139347427783974,32.174072265625,61236400
2017-03-15,AAPL,32.2712911870714,32.581479917246654,32.18332584811714,32.51435089111328,102767200
2017-03-16,AAPL,32.5745178037719,32.643963900033256,32.468033318547796,32.56757354736328,76928000
2017-03-17,AAPL,32.63935023982534,32.63935023982534,32.382402022182184,32.40555191040039,175540000
2017-03-20,AAPL,32.50044997587236,32.75508455489394,32.461098001328324,32.745826721191406,86168000
2017-03-21,AAPL,32.896286464931364,33.05601145174801,32.345351822213246,32.37081527709961,158119600
2017-03-22,AAPL,32.37313927978638,32.778237536969804,32.352302970677094,32.736568450927734,103440800
2017-03-23,AAPL,32.69953832704242,32.77361515112667,32.54907463486518,32.62083435058594,81385200
2017-03-24,AAPL,32.75509204042147,32.81064965186172,32.48888599147964,32.55601501464844,89582400
2017-03-27,AAPL,32.266647398189995,32.69026476011868,32.08840321666056,32.6115608215332,94300400
2017-03-28,AAPL,32.61851535052202,33.34306018016378,32.55138279833644,33.287506103515625,133499200
2017-03-29,AAPL,33.259726043365966,33.44723165146104,33.14630078035101,33.36157989501953,116760000
2017-03-30,AAPL,33.377792370818874,33.44955209043194,33.21806730087878,33.317604064941406,84829200
2017-03-31,AAPL,33.26897350502499,33.39629076637482,33.10461785270515,33.25508499145508,78646800
2017-04-03,AAPL,33.266671813683494,33.36157786770539,33.11389104548733,33.26435470581055,79942800
2017-04-04,AAPL,33.16018901999621,33.53982385248082,33.141669816926616,33.512046813964844,79565600
2017-04-05,AAPL,33.384713272303834,33.67175548208729,33.28980372727361,33.338417053222656,110871600
2017-04-06,AAPL,33.40091791611454,33.4541619276997,33.20647166178501,33.25508499145508,84596000
2017-04-07,AAPL,33.27129772861994,33.37546514590922,33.16481673572033,33.1810188293457,66688800
2017-04-10,AAPL,33.241218155568795,33.306033615946916,33.07917597244581,33.14167785644531,75733600
2017-04-11,AAPL,33.08843892946838,33.18334854820947,32.421761553969,32.785194396972656,121517600
2017-04-12,AAPL,32.778239130379696,32.90555290594225,32.64166045543581,32.82453536987305,81400000
2017-04-13,AAPL,32.85000554679124,32.95880367453886,32.65092849731445,32.65092849731445,71291600
2017-04-17,AAPL,32.75044944381088,32.843045429197204,32.60924365675046,32.83147048950195,66328400
2017-04-18,AAPL,32.73426322925218,32.88009623717541,32.664817089576765,32.68564987182617,58790000
2017-04-19,AAPL,32.84304242469444,32.870819451681434,32.51201754700618,32.56525802612305,69313600
2017-04-20,AAPL,32.69028266765016,33.083806108322904,32.67639414525358,32.972694396972656,93278400
2017-04-21,AAPL,32.9726863318099,33.028240407807615,32.83611118541318,32.93333435058594,69283600
2017-04-24,AAPL,33.21806148418813,33.32222891481116,33.14398466905719,33.25046920776367,68537200
2017-04-25,AAPL,33.312962556216775,33.54213013852181,33.30370119060636,33.45648193359375,75486000
2017-04-26,AAPL,33.442587067472246,33.47268120172792,33.19026965122577,33.25971221923828,80164800
2017-04-27,AAPL,33.31528091186604,33.37083851697221,33.174075089542335,33.285186767578125,56985200
2017-04-28,AAPL,33.354630936915555,33.40324428005763,33.16481531189833,33.252777099609375,83441600
2017-05-01,AAPL,33.58843765714753,34.07455349864762,33.55602993438086,33.931034088134766,134411600
2017-05-02,AAPL,34.15325697324642,34.28057428663632,33.99121836173965,34.14631271362305,181408800
2017-05-03,AAPL,33.701865706818786,34.14168887464234,33.396307657212596,34.04214859008789,182788000
2017-05-04,AAPL,33.917150535140614,34.06066996666887,33.75279478921521,33.919464111328125,93487600
2017-05-05,AAPL,33.972702438004276,34.486598892800345,33.972702438004276,34.481971740722656,109310800
2017-05-08,AAPL,34.49816364804464,35.579196744655825,34.49816364804464,35.419471740722656,195009600
2017-05-09,AAPL,35.61855122001182,35.85235303785309,35.52132806561127,35.646331787109375,156521600
2017-05-10,AAPL,35.56300007932574,35.63475978023358,35.21114230191216,35.47734832763672,103222800
2017-05-11,AAPL,35.43550794182237,35.81206347932915,35.4029664555446,35.7841682434082,109020400
2017-05-12,AAPL,35.95850940827126,36.35830696028792,35.95153648384422,36.28392791748047,130108000
2017-05-15,AAPL,36.26300057857565,36.41176219035875,36.0398599342793,36.19094467163086,104038800
2017-05-16,AAPL,36.246717399121444,36.274609082037145,35.963140133627775,36.13747024536133,80194000
2017-05-17,AAPL,35.702817038502765,35.92828432192558,34.79862477958509,34.92414093017578,203070800
2017-05-18,AAPL,35.161228228070684,35.642377572865925,35.128686743624414,35.456424713134766,134272800
2017-05-19,AAPL,35.651675956065326,35.79113793606161,35.477345821003205,35.577293395996094,107843200
2017-05-22,AAPL,35.795795415506454,35.9306111745003,35.5424364160598,35.79347229003906,91865600
2017-05-23,AAPL,36.00499935911829,36.00499935911829,35.635420150709734,35.74931716918945,79675600
2017-05-24,AAPL,35.7585960347278,35.83530171886918,35.486641452820535,35.64237594604492,76712000
2017-05-25,AAPL,35.733022486424275,35.87713778807206,35.570315094326915,35.76556396484375,76942400
2017-05-26,AAPL,35.79579069602269,35.8515776206928,35.63540639100761,35.70513916015625,87710400
2017-05-30,AAPL,35.660968025425156,35.8957313042936,35.64004926277214,35.719078063964844,80507600
2017-05-31,AAPL,35.78882259905108,35.835309935832555,35.41924348351713,35.507568359375,97804800
2017-06-01,AAPL,35.602859522895166,35.640050800386376,35.38204207626871,35.60518264770508,65616400
2017-06-02,AAPL,35.698158189615405,36.13282012939453,35.53777392075964,36.13282012939453,111082800
2017-06-05,AAPL,35.874815635389034,35.90038419642167,35.67027069388351,35.77951431274414,101326800
2017-06-06,AAPL,35.77254019471844,36.21650176381911,35.74464850970871,35.90038299560547,106499600
2017-06-07,AAPL,36.03288297744737,36.2560235967663,35.90736327566881,36.114234924316406,84278400
2017-06-08,AAPL,36.0863426015944,36.15374870192001,35.888767004396904,36.025909423828125,85003200
2017-06-09,AAPL,36.07239978270524,36.07239978270524,33.940923303853054,34.628944396972656,259530800
2017-06-12,AAPL,33.87583137826169,33.95718330904948,33.125047081578536,33.801448822021484,289229200
2017-06-13,AAPL,34.20589882874218,34.273304922515116,33.73869178214807,34.07340621948242,136661600
2017-06-14,AAPL,34.28492554192561,34.28492554192561,33.43419365691819,33.74101638793945,126124800
2017-06-15,AAPL,33.31334310350896,33.582971136589386,33.05533424718722,33.5388069152832,128661600
2017-06-16,AAPL,33.42024297740818,33.5876001616078,33.05298713134539,33.06925964355469,201444400
2017-06-19,AAPL,33.39235892227018,34.10827514113461,33.39235892227018,34.015296936035156,130165600
2017-06-20,AAPL,34.138477351365765,34.138477351365765,33.68986964767593,33.706138610839844,99600400
2017-06-21,AAPL,33.82469588633968,33.95253869431153,33.61317447194587,33.90604782104492,85063200
2017-06-22,AAPL,33.882814623906064,34.09898234368049,33.731726340538756,33.85027313232422,76425200
2017-06-23,AAPL,33.734041820737275,34.20589506550318,33.72939202440925,34.001346588134766,141757600
2017-06-26,AAPL,34.208224213533896,34.46623298045986,33.79215781117885,33.894432067871094,102769600
2017-06-27,AAPL,33.70614970731368,33.973458046192356,33.383057994360364,33.408626556396484,99047600
2017-06-28,AAPL,33.58529753673948,33.96184965764989,33.27615153686274,33.896766662597656,88329600
2017-06-29,AAPL,33.63641597886493,33.734040417159235,33.07158456481652,33.39699935913086,125997600
2017-06-30,AAPL,33.57598747388138,33.69453425037123,33.42025295949374,33.47603988647461,92096400
2017-07-03,AAPL,33.675935987269554,33.77356044182153,33.26219273127294,33.355167388916016,57111200
2017-07-05,AAPL,33.39933490345308,33.65501701069458,33.17386761222499,33.4923095703125,86278400
2017-07-06,AAPL,33.24359524570328,33.355165538035095,33.10180659527416,33.176185607910156,96515200
2017-07-07,AAPL,33.21570617089974,33.64572199856492,33.21570617089974,33.51322937011719,76806800
2017-07-10,AAPL,33.49694838663608,33.92463738879332,33.32494140790206,33.71776580810547,84362400
2017-07-11,AAPL,33.64105450531535,33.90138982775727,33.55970259879024,33.82700729370117,79127200
2017-07-12,AAPL,33.906046414266775,33.978102299382456,33.66198707352154,33.875831604003906,99538000
2017-07-13,AAPL,33.82005031620915,34.51504781603423,33.8061044711886,34.34769058227539,100797600
2017-07-14,AAPL,34.39416657475594,34.71028529576908,34.245405032323575,34.64287567138672,80528400
2017-07-17,AAPL,34.591763707466306,35.075236362226796,34.53365363824674,34.76376724243164,95174000
2017-07-18,AAPL,34.6800759770434,34.896247200165746,34.5568829588818,34.88462448120117,71475200
2017-07-19,AAPL,34.97760300729341,35.196097379667826,34.854409975508894,35.10312271118164,83692000
2017-07-20,AAPL,35.21469607209489,35.27048300607116,34.91019992766541,34.945064544677734,68974800
2017-07-21,AAPL,34.86370807164886,34.96830545588833,34.60569929892158,34.92879104614258,105010400
2017-07-24,AAPL,35.000842323222585,35.43318119486807,34.84278115834666,35.35182571411133,85972800
2017-07-25,AAPL,35.28442388288951,35.75860034124977,35.28442388288951,35.5029182434082,75415600
2017-07-26,AAPL,35.644711888512425,35.77952410530268,35.57730223336074,35.67028045654297,63124000
2017-07-27,AAPL,35.73768936034904,35.793476298622046,34.23845041848576,34.9962043762207,129905200
2017-07-28,AAPL,34.84046462425895,34.919493448269165,34.67775717872136,34.749813079833984,68854800
2017-07-31,AAPL,34.842793607217075,34.9427447634796,34.43137690006898,34.570838928222656,79383600
2017-08-01,AAPL,34.65684132456898,34.9171732593223,34.49645699092396,34.87765884399414,141474400
2017-08-02,AAPL,37.0230757382192,37.13232291881002,36.29786343025978,36.52565383911133,279747200
2017-08-03,AAPL,36.504727450561546,36.54191872698877,36.03287421450155,36.16071701049805,108389200
2017-08-04,AAPL,36.27693934864346,36.58608165627698,36.188610948316416,36.351318359375,82239600
2017-08-07,AAPL,36.507066974448136,36.93940600354615,36.416415414157754,36.91383743286133,87481200
2017-08-08,AAPL,36.865015845826235,37.615796672404265,36.788310156905624,37.20902633666992,144823600
2017-08-09,AAPL,37.01842788168521,37.485634990292006,36.9835632676502,37.43682098388672,104526000
2017-08-10,AAPL,37.31314215481408,37.33647887838671,36.08337444544976,36.244388580322266,163217200
2017-08-11,AAPL,36.54308771889085,37.00279349544676,36.41941089176514,36.748435974121094,105028400
2017-08-14,AAPL,37.17780253158527,37.38548656397579,37.0447896093712,37.30147933959961,88490800
2017-08-15,AAPL,37.49049031278083,37.849852332322016,37.36914576718812,37.709842681884766,117862000
2017-08-16,AAPL,37.7891834290691,37.922192780612306,37.37147958675794,37.558162689208984,110686400
2017-08-17,AAPL,37.457812996260905,37.50215062228631,36.832425297720626,36.837093353271484,111762400
2017-08-18,AAPL,36.837097109852,37.219795808337985,36.57107488725423,36.753089904785156,109712400
2017-08-21,AAPL,36.753095604496394,36.84410312737541,36.19538210568727,36.6854248046875,105474000
2017-08-22,AAPL,36.9234469170866,37.33648275455047,36.874444777454556,37.2851448059082,86418400
2017-08-23,AAPL,37.119461484744576,37.44615424344615,37.075123847345644,37.331809997558594,77596400
2017-08-24,AAPL,37.43681681619273,37.509159230858835,36.99811563571494,37.16613006591797,79275600
2017-08-25,AAPL,37.25480061403382,37.467152673451416,37.16612890579953,37.30380630493164,101920400
2017-08-28,AAPL,37.36914830006485,37.80318501113862,37.3201426046457,37.679508209228516,103864000
2017-08-29,AAPL,37.35980841806438,38.06453175769056,37.33647169897915,38.01552963256836,118067600
2017-08-30,AAPL,38.22321796533812,38.244218878495545,37.945527355755026,38.11820983886719,109078400
2017-08-31,AAPL,38.185882613875634,38.39123438165889,38.14854528142704,38.26988983154297,107140400
2017-09-01,AAPL,38.4565737342076,38.48924301060967,38.18355116127232,38.281558990478516,66364400
2017-09-05,AAPL,38.211541147798336,38.32821760931833,37.467144753591484,37.821842193603516,117874000
2017-09-06,AAPL,37.96887154412259,38.03421010502825,37.45782785935835,37.782188415527344,86606800
2017-09-07,AAPL,37.824176528155256,37.85918160495268,37.420476946010865,37.6304931640625,87714000
2017-09-08,AAPL,37.53716082075135,37.604831618819254,36.99344794549903,37.01678466796875,114446000
2017-09-11,AAPL,37.4531400225849,37.81483772559374,37.31079461278204,37.686492919921875,126323200
2017-09-12,AAPL,37.94553823291222,38.26056626331219,37.049463407829194,37.53717041015625,286856000
2017-09-13,AAPL,37.30613682555857,37.327141298218734,36.84876701487914,37.254798889160156,179629600
2017-09-14,AAPL,37.100786530102134,37.19645853278068,36.89076674023318,36.93510437011719,95042800
2017-09-15,AAPL,36.979450719846646,37.562833228128845,36.869774523434856,37.30847930908203,196458400
2017-09-18,AAPL,37.36214041553341,37.45314792226297,36.86976555587258,37.0261116027832,113077600
2017-09-19,AAPL,37.22212655192404,37.28280059577159,36.97244075516808,37.04011154174805,83242400
2017-09-20,AAPL,36.84642819817065,36.930435399901846,35.896683573707314,36.419395446777344,211805600
2017-09-21,AAPL,36.35640327080678,36.35640327080678,35.64467580768176,35.79402160644531,150046800
2017-09-22,AAPL,35.36231382169076,35.53266408390223,35.1336288672463,35.44398880004883,186581600
2017-09-25,AAPL,35.00062474348853,35.42999349469401,34.80694128751668,35.13130187988281,177549200
2017-09-26,AAPL,35.41832317287811,35.91769852260745,35.39732225440781,35.73568344116211,146640000
2017-09-27,AAPL,35.88968450704107,36.10436879426694,35.82901046106013,35.99002456665039,102016800
2017-09-28,AAPL,35.91069034092824,36.00169786169218,35.63299972199408,35.76834487915039,88022000
2017-09-29,AAPL,35.75200699064002,35.96669127708443,35.46964835479913,35.96435546875,105199200
2017-10-02,AAPL,35.99702548189776,36.04136311296529,35.63766349864281,35.89201736450195,74795200
2017-10-03,AAPL,35.93867895435729,36.190700514390976,35.915345800697295,36.04835510253906,64921200
2017-10-04,AAPL,35.85001896843151,35.90368915610887,35.57699641283298,35.81501388549805,80655200
2017-10-05,AAPL,35.97836441274606,36.27239147633922,35.94803094352074,36.26072311401367,85135200
2017-10-06,AAPL,36.16271628489837,36.28406084722537,36.06704069612739,36.239723205566406,69630400
2017-10-09,AAPL,36.35872235264648,36.57340663808232,36.28405126064783,36.36572265625,65051600
2017-10-10,AAPL,36.41705992087005,36.86976520256019,36.19304308830553,36.379722595214844,62468000
2017-10-11,AAPL,36.39606886036616,36.63175411606719,36.34473091386742,36.53141403198242,67622400
2017-10-12,AAPL,36.484747341227305,36.72276486602361,36.34006604264477,36.403072357177734,64500400
2017-10-13,AAPL,36.57341255359804,36.701757408227174,36.49874144952181,36.63408660888672,65576800
2017-10-16,AAPL,36.84643779882987,37.33648053006061,36.78809954800165,37.30847930908203,96486000
2017-10-17,AAPL,37.28514141116722,37.53949532220988,37.15679655124711,37.4461555480957,75989200
2017-10-18,AAPL,37.43448945770484,37.50216382462566,37.24314184095446,37.28047561645508,65496800
2017-10-19,AAPL,36.57808599063519,36.65509291473972,36.17438626186099,36.39840316772461,170336800
2017-10-20,AAPL,36.54541010775939,36.811432360839845,36.393732095997784,36.461402893066406,95896400
2017-10-23,AAPL,36.610740527331615,36.79742358082719,36.286380101647744,36.442726135253906,87937200
2017-10-24,AAPL,36.470740591243164,36.73443063358927,36.449739674777824,36.659759521484375,71028800
2017-10-25,AAPL,36.615425295903016,36.764771094731486,36.232726463862264,36.498748779296875,84828400
2017-10-26,AAPL,36.690092232986,36.83010546122834,36.58508409214639,36.73209762573242,68002000
2017-10-27,AAPL,37.17078561413881,38.17653970530351,37.033108243850606,38.048194885253906,177816800
2017-10-30,AAPL,38.244220309822936,39.21963763206263,38.20455072992408,38.90460968017578,178803200
2017-10-31,AAPL,39.179961647361324,39.5883293386976,38.95594479352543,39.44598388671875,144187200
2017-11-01,AAPL,39.63967348374911,39.656009903089014,38.64559097272621,38.94428253173828,134551200
2017-11-02,AAPL,38.87658895418163,39.319957975928126,38.56856146150389,39.22895050048828,165573600
2017-11-03,AAPL,40.603413059400474,40.66408354419493,39.93135542796412,40.25338363647461,237594400
2017-11-06,AAPL,40.22305743668597,40.83444474783587,40.07137940354563,40.66176223754883,140105200
2017-11-07,AAPL,40.58241843039198,40.895110575377075,40.51007957483256,40.79243469238281,97446000
2017-11-08,AAPL,40.757427246103816,41.12612533569336,40.68042034504871,41.12612533569336,97638000
2017-11-09,AAPL,40.86244289963009,41.09346364541121,40.40273721684441,41.0421257019043,117930400
2017-11-10,AAPL,41.00932930372865,41.07256209502651,40.81260903467254,40.90628433227539,100582000
2017-11-13,AAPL,40.63228489422871,40.86647673799948,40.60886428045805,40.74235534667969,67928400
2017-11-14,AAPL,40.524563644787,40.62760864959779,40.08896658030436,40.12643814086914,99130000
2017-11-15,AAPL,39.80560245731422,39.88757106185689,39.43323814784718,39.597171783447266,116632400
2017-11-16,AAPL,40.08896841370907,40.250561399235764,39.882881968147146,40.07023620605469,94550000
2017-11-17,AAPL,40.05617460279103,40.13814318408658,39.7283074245773,39.84774398803711,87598000
2017-11-20,AAPL,39.8805174300579,39.94375021247968,39.7095584278629,39.807918548583984,65049600
2017-11-21,AAPL,39.99528829198253,40.67912814099176,39.99528829198253,40.54798126220703,100525200
2017-11-22,AAPL,40.599489092135045,40.9835634870169,40.52689020857249,40.97419738769531,102355600
2017-11-24,AAPL,41.00699332445372,41.10066863268449,40.901604135839165,40.97654724121094,56106800
2017-11-27,AAPL,40.99529931221896,41.00232478445453,40.59482952736462,40.77047348022461,82867200
2017-11-28,AAPL,40.819640671827266,40.95312816975762,40.24821197904056,40.531585693359375,105715200
2017-11-29,AAPL,40.428528865929565,40.49644291104186,39.14749951997093,39.69082260131836,166665600
2017-11-30,AAPL,39.913324478646445,40.31379420677162,39.44728487677281,40.245880126953125,166108800
2017-12-01,AAPL,39.80090877668901,40.20371909095955,39.461331269776544,40.05852127075195,159037200
2017-12-04,AAPL,40.393425541970345,40.42621227122455,39.72598064497711,39.76579284667969,130169600
2017-12-05,AAPL,39.59247031138055,40.16858378701708,39.437902845541025,39.728302001953125,109400800
2017-12-06,AAPL,39.227136350163626,39.85945365424555,38.98357838933744,39.58076477050781,114240000
2017-12-07,AAPL,39.58544464248466,39.91565597961547,39.55734276646798,39.65336227416992,102693200
2017-12-08,AAPL,39.92737838256734,40.04681496530758,39.53627833774772,39.66508102416992,93420800
2017-12-11,AAPL,39.625258391774615,40.48942684830083,39.529238880275294,40.437904357910156,141095200
2017-12-12,AAPL,40.316128576157915,40.372335910833776,40.1545391892479,40.21074295043945,77636800
2017-12-13,AAPL,40.398086136734584,40.641644040240784,40.280990234888975,40.34422302246094,95273600
2017-12-14,AAPL,40.37466852907948,40.545631131394195,40.19902466325085,40.332515716552734,81906000
2017-12-15,AAPL,40.66273097743377,40.78919300073705,40.38872694904004,40.74235534667969,160677200
2017-12-18,AAPL,40.95546631992535,41.498789480065184,40.95078148298486,41.31612014770508,117684400
2017-12-19,AAPL,40.990598338583446,41.074907545710694,40.77045743255763,40.8758430480957,109745600
2017-12-20,AAPL,40.95312177606957,41.08192798974136,40.57373217714863,40.83134460449219,93902400
2017-12-21,AAPL,40.789203425680576,41.222459876782175,40.772811850638895,40.985923767089844,83799600
2017-12-22,AAPL,40.90864001007516,41.081943305212775,40.86648718269526,40.985923767089844,65397600
2017-12-26,AAPL,39.99997290231888,40.15688102950606,39.73767557275851,39.946109771728516,132742000
2017-12-27,AAPL,39.836032896217475,39.99528163007775,39.7446982227426,39.953128814697266,85992800
2017-12-28,AAPL,40.046812163577286,40.24587669436901,39.925031383322896,40.065547943115234,65920800
2017-12-29,AAPL,39.93439171791527,39.95078328774862,39.62994162524209,39.63228225708008,103999600
2018-01-02,AAPL,39.850091435107856,40.35126191884801,39.63931659755379,40.34189224243164,102223600
2018-01-03,AAPL,40.40512002581769,40.87818856844172,40.27163252810483,40.334861755371094,118071600
2018-01-04,AAPL,40.407461500303675,40.625261785880404,40.299735247059225,40.522216796875,89738400
2018-01-05,AAPL,40.618257882025624,41.07024669148028,40.52692315209258,40.98359680175781,94640000
2018-01-08,AAPL,40.83134460449219,41.1264250065992,40.73298089697299,40.83134460449219,82271200
2018-01-09,AAPL,40.87817882269785,40.997615352543406,40.61120031743826,40.826656341552734,86336000
2018-01-10,AAPL,40.552672089595646,40.81965072469063,40.51520052627022,40.81730651855469,95839600
2018-01-11,AAPL,40.88755560589044,41.09833042205364,40.86413856419507,41.04914855957031,74670800
2018-01-12,AAPL,41.25992225875077,41.53627052568865,41.13580085257462,41.47303771972656,101672400
2018-01-16,AAPL,41.6627380333034,42.011685254549505,41.25056157127931,41.262271881103516,118263600
2018-01-17,AAPL,41.25288362860629,41.97887962898907,40.99995963241068,41.94375228881836,137547200
2018-01-18,AAPL,42.00698912004785,42.1779517358419,41.74469540324496,41.98122787475586,124773600
2018-01-19,AAPL,41.82900781187855,42.056174199536976,41.54797829756957,41.793880462646484,129700400
2018-01-22,AAPL,41.52220450927297,41.634615566347996,41.35827097322957,41.45194625854492,108434400
2018-01-23,AAPL,41.52220731072736,42.02337762529229,41.40979624606809,41.4613151550293,130756400
2018-01-24,AAPL,41.510504321279925,41.52221462816889,40.56202663901651,40.8009033203125,204420400
2018-01-25,AAPL,40.86882172505862,40.9718667190559,39.93673908810159,40.07257080078125,166116000
2018-01-26,AAPL,40.2809998043608,40.2809998043608,39.82666702550764,40.16624450683594,156572000
2018-01-29,AAPL,39.8500908014533,39.8500908014533,39.12643875637216,39.334869384765625,202561600
2018-01-30,AAPL,38.76577904303612,39.19669121606022,38.571399366691885,39.1030158996582,184192800
2018-01-31,AAPL,39.07960367930311,39.447286700813265,38.992953814342,39.210750579833984,129915600
2018-02-01,AAPL,39.149855976180945,39.48943348596959,39.05383644817289,39.2927131652832,188923200
2018-02-02,AAPL,38.8758544921875,39.063208722509444,37.49412374384701,37.587799072265625,346375200
2018-02-05,AAPL,37.259926352819406,38.37936315766333,36.533930157475886,36.648685455322266,290954000
2018-02-06,AAPL,36.25993260007003,38.341898465025935,36.065552892674454,38.18030548095703,272975200
2018-02-07,AAPL,38.194358076650865,38.266956997625066,37.252909163167054,37.36297607421875,206434400
2018-02-08,AAPL,37.538599761668245,37.704877501866164,36.30675225520403,36.33485412597656,217562000
2018-02-09,AAPL,36.93448689935861,37.12730529106897,35.32843481182689,36.77928924560547,282690400
2018-02-12,AAPL,37.27075759307828,38.53819835445637,37.037961033131694,38.26072692871094,243278000
2018-02-13,AAPL,38.08200063663708,38.740411998223614,38.01145592145759,38.64400100708008,130196800
2018-02-14,AAPL,38.338305730378266,39.39646558618695,38.30068499575861,39.35649108886719,162579600
2018-02-15,AAPL,39.925548323114,40.70153298957986,39.73978404743447,40.67802047729492,204588800
2018-02-16,AAPL,40.52988635346286,41.10834882844967,40.3911506581798,40.54634475708008,160704400
2018-02-20,AAPL,40.456986503540875,40.97665865050468,40.30884294882415,40.40995788574219,135722000
2018-02-21,AAPL,40.640407990824755,40.94374568045291,40.212439238762585,40.2265510559082,149886400
2018-02-22,AAPL,40.39819560728738,40.90375947481818,40.377033269700284,40.56279754638672,123967600
2018-02-23,AAPL,40.8379192572101,41.30350863075407,40.80734904379779,41.26823806762695,135249600
2018-02-26,AAPL,41.46811865630413,42.18296298826137,41.43519826446505,42.08420181274414,152648800
2018-02-27,AAPL,42.114782147972065,42.43928220604922,41.893743640494264,41.94782638549805,155712400
2018-02-28,AAPL,42.15238633749347,42.472185918568314,41.867860906039354,41.88431930541992,151128400
2018-03-01,AAPL,41.98309066020018,42.27467386282315,40.600430490213576,41.150672912597656,195208000
2018-03-02,AAPL,40.633348665182034,41.45636207847196,40.55104588863155,41.43519973754883,153816000
2018-03-05,AAPL,41.2000498848644,41.79497067660836,41.03779810746997,41.578636169433594,113605600
2018-03-06,AAPL,41.83494866712595,41.914897680952514,41.41638784408837,41.543365478515625,95154000
2018-03-07,AAPL,41.1365525079349,41.35053680487301,40.97900469455659,41.15771484375,126814000
2018-03-08,AAPL,41.26353775891226,41.64917816458234,41.16713034853489,41.60685348510742,95096400
2018-03-09,AAPL,41.84670731055642,42.32640498834735,41.71267197249416,42.32170104980469,128740800
2018-03-12,AAPL,42.39460377768546,42.8884133622694,42.37579519615007,42.730865478515625,128828400
2018-03-13,AAPL,42.935438262301844,43.1494226362358,42.147698911966,42.31935501098633,126774000
2018-03-14,AAPL,42.40165643034284,42.44868505468864,41.81143589243283,41.95957946777344,117473600
2018-03-15,AAPL,41.97369396206322,42.38285058986366,41.872582584028656,42.00896453857422,90975200
2018-03-16,AAPL,42.008953109968175,42.119472337041785,41.766752315671596,41.86081314086914,157618800
2018-03-19,AAPL,41.696203881980296,41.731474442720966,40.83556631937817,41.22120666503906,133787200
2018-03-20,AAPL,41.20711898803711,41.5739473548653,41.13657424332674,41.20711898803711,78597600
2018-03-21,AAPL,41.16007527202482,41.171833324202176,40.271221065833835,40.27357482910156,148219600
2018-03-22,AAPL,39.974938445224794,40.60512987021308,39.645734505015064,39.70452117919922,165963200
2018-03-23,AAPL,39.59633888573806,39.9561129244541,38.78508377075195,38.78508377075195,164115200
2018-03-26,AAPL,39.5211082074498,40.703895839846645,39.13781793229658,40.62629699707031,150164800
2018-03-27,AAPL,40.84028118261443,41.18594715292786,39.25069062472281,39.584598541259766,163690400
2018-03-28,AAPL,39.32827690592115,39.979634125998444,38.84387538478574,39.147212982177734,166674000
2018-03-29,AAPL,39.459973121370304,40.386451833592076,39.24598873087148,39.452919006347656,153594000
2018-04-02,AAPL,39.18483628313078,39.72567427739345,38.67456850050801,39.19424057006836,150347200
2018-04-03,AAPL,39.41998780548692,39.6810007539685,38.77098428485459,39.59634780883789,121112000
2018-04-04,AAPL,38.77098338437168,40.44757667074519,38.7451171076255,40.353519439697266,138422000
2018-04-05,AAPL,40.58160638188251,40.969596891380746,40.464033065300875,40.633338928222656,107732800
2018-04-06,AAPL,40.20303085074771,40.55810106955422,39.55167349900567,39.59400177001953,140021200
2018-04-09,AAPL,39.94671983021981,40.70153867662767,39.93966571674338,39.9866943359375,116070800
2018-04-10,AAPL,40.680375774873454,40.91552245565307,40.334709867083134,40.73916244506836,113634400
2018-04-11,AAPL,40.49931603844929,40.89671454438979,40.37468857171758,40.54869842529297,89726400
2018-04-12,AAPL,40.77678828777325,41.15067066294944,40.68978157278076,40.94844436645508,91557200
2018-04-13,AAPL,41.09893532790292,41.3481902278494,40.880250643703896,41.08717727661133,100497200
2018-04-16,AAPL,41.157726513426766,41.43049754589345,41.11069789115241,41.3434944152832,86313600
2018-04-17,AAPL,41.50103001861147,42.07713854447609,41.48221785764595,41.91253662109375,106421600
2018-04-18,AAPL,41.81144640277643,42.04894693571354,41.592761629972316,41.81850051879883,83018000
2018-04-19,AAPL,40.859077686749785,41.24236784698282,40.60041854310192,40.633338928222656,139235200
2018-04-20,AAPL,40.11603059413015,40.261820407726134,38.900318932823346,38.96851348876953,261964400
2018-04-23,AAPL,39.22952663936423,39.25068898244387,38.585223352747136,38.85564422607422,146062000
2018-04-24,AAPL,38.95674580970701,39.11194346276698,37.91034391508117,38.314796447753906,134768000
2018-04-25,AAPL,38.23954970914032,38.897961092108815,38.190170918548375,38.48175048828125,113528400
2018-04-26,AAPL,38.59228284035214,38.97086924527777,38.41592278069215,38.61579895019531,111852000
2018-04-27,AAPL,38.56405485568262,38.64165368931231,37.77161170591066,38.169010162353516,142623200
2018-04-30,AAPL,38.124325944661024,39.330625769670974,38.05613140965605,38.86033248901367,169709600
2018-05-01,AAPL,39.13076426459355,39.786821996562225,38.862697162878376,39.763309478759766,214277600
2018-05-02,AAPL,41.204752401329166,41.797323049213546,40.86849436573064,41.51985168457031,266157600
2018-05-03,AAPL,41.35761490180779,41.73855151961202,41.01900298017961,41.59511184692383,136272800
2018-05-04,AAPL,41.91490118724384,43.32578145161109,41.89608901981912,43.227020263671875,224805200
2018-05-07,AAPL,43.544468570068815,44.12998520374865,43.4433572011495,43.53976821899414,169805600
2018-05-08,AAPL,43.49977621410719,43.78900556327997,43.18938094139274,43.74903106689453,113611200
2018-05-09,AAPL,43.86661868696047,44.066491234068835,43.55387313766317,44.05708694458008,92844800
2018-05-10,AAPL,44.14644419035238,44.76487759165738,44.1252782597407,44.687278747558594,111957200
2018-05-11,AAPL,44.72976515621455,44.86431373655376,44.24821414832079,44.51731491088867,104848800
2018-05-14,AAPL,44.61645441353766,44.739203197154275,44.34499442861878,44.413448333740234,83115200
2018-05-15,AAPL,44.090064898484975,44.1585224188313,43.69349681524123,44.00980758666992,94780800
2018-05-16,AAPL,43.92246672462898,44.48663432032754,43.905941254389596,44.420536041259766,76732400
2018-05-17,AAPL,44.378045851766245,44.592855342417124,43.99091836181578,44.13963317871094,69176000
2018-05-18,AAPL,44.18683504071553,44.33318699120385,43.93661902140753,43.97910690307617,73190800
2018-05-21,AAPL,44.37804142960773,44.67783027119842,44.120744075134155,44.29070281982422,73603200
2018-05-22,AAPL,44.46774160693422,44.585768309488444,44.09005471800505,44.17975616455078,60962800
2018-05-23,AAPL,43.98855426864203,44.49606765793709,43.84928001970395,44.46302032470703,80233600
2018-05-24,AAPL,44.55980389947556,44.57632576544726,43.95550773688488,44.413448333740234,92936000
2018-05-25,AAPL,44.43232966932365,44.76752505903052,44.295418267574824,44.514949798583984,69844000
2018-05-29,AAPL,44.28361801587763,44.55507797736827,44.11129644543956,44.35443115234375,90056400
2018-05-30,AAPL,44.31194179856777,44.378036458333334,44.09005103997389,44.260009765625,74762000
2018-05-31,AAPL,44.193917737993985,44.43233037478441,43.938979634333535,44.111297607421875,109931200
2018-06-01,AAPL,44.37568294540412,44.91152160606056,44.319028828916046,44.906803131103516,93770000
2018-06-04,AAPL,45.23728046579235,45.657455294973495,45.16882655397974,45.28213119506836,105064800
2018-06-05,AAPL,45.574845900959104,45.78021127049485,45.40724634978281,45.63149642944336,86264000
2018-06-06,AAPL,45.70702960425292,45.81325293388397,45.30337662938726,45.78964614868164,83734400
2018-06-07,AAPL,45.827411418877574,45.84157404796199,45.402514536898195,45.66689682006836,85388800
2018-06-08,AAPL,45.12633012126618,45.32225488450402,44.79585678682235,45.25143814086914,106627200
2018-06-11,AAPL,45.16882034338992,45.31517230141845,44.899719606624075,45.1404914855957,73234000
2018-06-12,AAPL,45.178264040098995,45.46624950148121,45.12160992245534,45.38835144042969,67644400
2018-06-13,AAPL,45.42140837570327,45.529994556999156,44.954023512495155,45.01539611816406,86553600
2018-06-14,AAPL,45.21603773241758,45.22075980980726,44.9020862209634,45.038997650146484,86440400
2018-06-15,AAPL,44.85723243194056,44.88792053004648,44.43941685773997,44.57632827758789,246876800
2018-06-18,AAPL,44.34972444416655,44.666035210598075,44.18920622118241,44.552730560302734,73939600
2018-06-19,AAPL,43.70293356002438,43.98383772878582,43.304002671742296,43.832763671875,134314000
2018-06-20,AAPL,43.98856878998295,44.18921209301209,43.84221317860187,44.02397537231445,82514800
2018-06-21,AAPL,44.20099542182866,44.46065558068301,43.65571269012325,43.77846145629883,102847600
2018-06-22,AAPL,43.934260540086285,43.941341854400115,43.59906512230429,43.650997161865234,108801600
2018-06-25,AAPL,43.29219866020999,43.651000890949916,42.66193641921112,43.001853942871094,126652400
2018-06-26,AAPL,43.195406462718786,44.03103378814403,43.089179567192375,43.53532028198242,98276800
2018-06-27,AAPL,43.724182544151965,44.20809287033355,43.4409191050352,43.47160720825195,101141200
2018-06-28,AAPL,43.45743710624626,43.95550997848145,43.38662035816796,43.78791046142578,69460800
2018-06-29,AAPL,43.97439552855281,44.186845794265814,43.176537318418475,43.69585418701172,90950800
2018-07-02,AAPL,43.39135394111396,44.21281907173425,43.29693038467518,44.18449020385742,70925200
2018-07-03,AAPL,44.32847315433098,44.36624256853828,43.32524605149568,43.414947509765625,55819200
2018-07-05,AAPL,43.73126158996001,44.002725223185244,43.499930213576576,43.76430892944336,66416800
2018-07-06,AAPL,43.769027076292346,44.47954661231971,43.71709503292668,44.37096405029297,69940800
2018-07-09,AAPL,44.732126217918854,45.010667544089124,44.684916250995535,44.987064361572266,79026400
2018-07-10,AAPL,45.017756794182795,45.152305392959924,44.892645147053265,44.932777404785156,63756400
2018-07-11,AAPL,44.496087285745105,44.798235494812694,44.28599980284825,44.349735260009766,75326000
2018-07-12,AAPL,44.739200691620816,45.18298223699675,44.68726865537942,45.09328079223633,72164400
2018-07-13,AAPL,45.10509491222652,45.2844942425338,45.06260341706248,45.16410827636719,50055600
2018-07-16,AAPL,45.20894938696994,45.47568728682713,44.94928919926209,45.06495666503906,60172400
2018-07-17,AAPL,44.79114603868839,45.291578243669946,44.66131590950257,45.19243621826172,62138000
2018-07-18,AAPL,45.27032734066018,45.27504941787513,44.833627046461345,44.94457244873047,65573600
2018-07-19,AAPL,44.7769800450885,45.45209306427996,44.7769800450885,45.29393768310547,81147200
2018-07-20,AAPL,45.27032458958884,45.42375787179969,44.89027843939604,45.190067291259766,82704800
2018-07-23,AAPL,45.01067013959894,45.31282186948864,44.74629142807148,45.230201721191406,63957600
2018-07-24,AAPL,45.42848896468058,45.714115244336426,45.334069018717855,45.558319091796875,74791600
2018-07-25,AAPL,45.57247018160259,45.99500779721355,45.423755382579955,45.9879264831543,66839600
2018-07-26,AAPL,45.93834920361453,46.257022712765185,45.70229581961813,45.843929290771484,76304000
2018-07-27,AAPL,46.02805457480702,46.0752645352622,44.8737535725159,45.081478118896484,96096000
2018-07-30,AAPL,45.298647170976594,45.36946391315494,44.63061920165413,44.82890319824219,84118000
2018-07-31,AAPL,44.92097627375873,45.3553137961586,44.694363356655685,44.91861343383789,157492000
2018-08-01,AAPL,47.00531668637743,47.626134705399025,46.57569775126629,47.564762115478516,271742800
2018-08-02,AAPL,47.34760420380157,49.18882194191955,47.29331291565383,48.95512771606445,249616000
2018-08-03,AAPL,48.87013929851241,49.27379223190768,48.50425577680465,49.09675216674805,133789600
2018-08-06,AAPL,49.099113301413,49.39418008808014,48.87958534103959,49.35169219970703,101701600
2018-08-07,AAPL,49.41071402429666,49.4532019199507,48.80641411605946,48.889034271240234,102349600
2018-08-08,AAPL,48.638809968654485,49.054262708746734,48.27764850892958,48.92207336425781,90102000
2018-08-09,AAPL,49.46028374954723,49.519297117606335,48.91027872700954,49.30685043334961,93970400
2018-08-10,AAPL,49.11971138267579,49.531886186769725,48.95626269114678,49.15998077392578,98444800
2018-08-13,AAPL,49.58162245038734,49.97010762312092,49.2002434272234,49.477394104003906,103563600
2018-08-14,AAPL,49.78298189435421,49.87773298190438,49.33290519218512,49.68585968017578,82992000
2018-08-15,AAPL,49.56030572186097,49.92036630881333,49.349481510093966,49.80192565917969,115230400
2018-08-16,AAPL,50.15960410625359,50.6475788972756,50.09327764618386,50.53150939941406,114001600
2018-08-17,AAPL,50.55995319318475,51.62828672278983,50.49362670792674,51.54064178466797,141708000
2018-08-20,AAPL,51.66381870520836,51.91964735679999,50.95554223843427,51.0384521484375,121150800
2018-08-21,AAPL,51.35587064881938,51.44825421858862,50.699708383548476,50.93895721435547,104639200
2018-08-22,AAPL,50.71628962107403,51.251640077324424,50.654698167539145,50.94132614135742,76072400
2018-08-23,AAPL,50.8465720660557,51.41508938235087,50.83473089209865,51.045555114746094,75532800
2018-08-24,AAPL,51.308490128285406,51.379551625424924,50.955535696231685,51.204261779785156,73905600
2018-08-27,AAPL,51.438781061033495,51.81542513519865,51.244540243575635,51.625919342041016,82100400
2018-08-28,AAPL,51.87936750162545,52.241795568558736,51.85804905404619,52.042816162109375,91107200
2018-08-29,AAPL,52.14941162490679,52.94059783620013,51.974121793425,52.819786071777344,109019200
2018-08-30,AAPL,52.88375619068258,54.07053033633172,52.682405617160015,53.30540466308594,195175200
2018-08-31,AAPL,53.65598942991082,54.215029520302,53.535181251323905,53.92129898071289,173360400
2018-09-04,AAPL,54.106067812381944,54.288463841980324,53.68441931575539,54.09422302246094,109560400
2018-09-05,AAPL,54.24344365253671,54.40452118215833,53.321975651143546,53.74125289916992,133332000
2018-09-06,AAPL,53.58965298703606,53.85496248853449,52.42182996748417,52.84821701049805,137160000
2018-09-07,AAPL,52.552118477788824,53.38593806128113,52.28207393714789,52.42183303833008,150479200
2018-09-10,AAPL,52.3389123356153,52.552107632875895,51.27768533002034,51.718284606933594,158066000
2018-09-11,AAPL,51.64248940750935,53.13247476524067,51.29901225541865,53.02587890625,142996000
2018-09-12,AAPL,53.28408490192167,53.29829720285223,52.07598871951485,52.36735534667969,197114800
2018-09-13,AAPL,52.94771445011172,54.09185167656089,52.72267791565151,53.632301330566406,166825600
2018-09-14,AAPL,53.475938746329305,53.73413842472914,52.71081337013093,53.023494720458984,127997200
2018-09-17,AAPL,52.6231825758975,52.81268835042182,51.46720421889096,51.61170196533203,148780400
2018-09-18,AAPL,51.59037623243215,52.55211733723163,51.43166619672579,51.69697570800781,126286800
2018-09-19,AAPL,51.75855985278835,52.023865730627165,51.00054047716211,51.72776412963867,108495200
2018-09-20,AAPL,52.17074505190675,52.653981371303495,51.912541656993724,52.12099838256836,106435200
2018-09-21,AAPL,52.29865795357762,52.436049554005606,51.47194083901891,51.55958938598633,384986800
2018-09-24,AAPL,51.360609869503946,52.412359900906736,51.31560184008936,52.301025390625,110773600
2018-09-25,AAPL,52.054657607274386,52.781884820535055,52.0428128212058,52.63264846801758,98217600
2018-09-26,AAPL,52.350770502397125,53.002194117245956,52.057036371201,52.21337890625,95938800
2018-09-27,AAPL,53.01877980814133,53.63940772196027,52.95244971189144,53.28645324707031,120724800
2018-09-28,AAPL,53.24853930771341,53.49726536512103,53.06614333153299,53.47357940673828,91717600
2018-10-01,AAPL,53.99709354812719,54.34530936077399,53.618085623251176,53.83364486694336,94403200
2018-10-02,AAPL,53.83127647394593,54.48270006163944,53.68441122173111,54.3121452331543,99152800
2018-10-03,AAPL,54.49454788973524,55.30468156297177,54.43058892185491,54.97304916381836,114619200
2018-10-04,AAPL,54.66747386831033,55.03937929696,53.708103744514275,54.00657653808594,128168000
2018-10-05,AAPL,53.99946547548334,54.10606134298205,52.25128023622536,53.13010787963867,134322000
2018-10-08,AAPL,52.637397042763254,53.25091876301774,52.16126330037392,53.00693130493164,118655600
2018-10-09,AAPL,52.97612740442457,53.83600757646618,52.64686258167794,53.74125289916992,107564000
2018-10-10,AAPL,53.407261684262664,53.61808590534996,51.17820769212848,51.25164031982422,167962400
2018-10-11,AAPL,50.81577776199736,51.99544563029046,50.294639622092426,50.7991943359375,212497600
2018-10-12,AAPL,52.21337471372891,52.79610429097438,51.36533924220412,52.613704681396484,161351600
2018-10-15,AAPL,52.38866739351679,52.54737742537575,51.46719931244083,51.48851776123047,123164000
2018-10-16,AAPL,51.86041853976065,52.82215960325249,51.34638657960489,52.62317657470703,116736000
2018-10-17,AAPL,52.65872472798235,52.739263519344114,51.95755434292293,52.39578628540039,91541600
2018-10-18,AAPL,51.6069536566275,52.05229160113189,50.455710539180835,51.17109298706055,130325200
2018-10-19,AAPL,51.654334023038835,52.41235343553008,51.5050976522359,51.950435638427734,132314800
2018-10-22,AAPL,52.06414233827179,52.909810362997675,51.86279539037658,52.267860412597656,115168400
2018-10-23,AAPL,51.1260873181373,52.883745989626654,50.85841031392814,52.76056671142578,155071200
2018-10-24,AAPL,52.72978286182504,53.115896952503974,50.82051640148863,50.950801849365234,163702000
2018-10-25,AAPL,51.571428208874636,52.44078212582718,51.344020575796435,52.06650924682617,119423200
2018-10-26,AAPL,51.14267587517956,52.158898768728534,50.37755021866404,51.237430572509766,189033600
2018-10-29,AAPL,51.92201641517613,52.04045707359315,48.81886971884143,50.275691986083984,183742000
2018-10-30,AAPL,50.01748979219112,50.97212123255405,49.57215536383629,50.52678680419922,146640000
2018-10-31,AAPL,51.37481380979864,52.22047811049344,51.313222362929515,51.84383773803711,153435600
2018-11-01,AAPL,51.88884582940752,52.67292229880161,51.358230453591474,52.6397590637207,233292800
2018-11-02,AAPL,49.638478362284054,50.60968954752682,48.66252492433643,49.14813232421875,365314800
2018-11-05,AAPL,48.39485679873955,48.416175251111405,46.94277307848563,47.752906799316406,264654800
2018-11-06,AAPL,47.83107430781383,48.49434270740384,47.77659261786653,48.26930618286133,127531600
2018-11-07,AAPL,48.790447726175756,49.75929149634341,48.354586947381996,49.73323440551758,133697600
2018-11-08,AAPL,49.9138976769945,49.947176633809136,49.146102270184855,49.559715270996094,101450400
2018-11-09,AAPL,48.860839393714286,48.97018295136626,48.076402922214434,48.6041145324707,137463200
2018-11-12,AAPL,47.30384878341077,47.505901849670465,46.06538963892169,46.15571975708008,204542000
2018-11-13,AAPL,45.55194993542723,46.871225412365966,45.50916064244286,45.69457244873047,187531600
2018-11-14,AAPL,46.09154728762127,46.22941826577733,44.19701557173812,44.40382385253906,243204000
2018-11-15,AAPL,44.78176299595961,45.632757178468225,44.42757714175435,45.49964141845703,185915200
2018-11-16,AAPL,45.28333529590603,46.345889437901874,45.03612078314254,46.00358963012695,147713200
2018-11-19,AAPL,45.164480443816814,45.330875172656896,43.97356571261881,44.18037033081055,167701200
2018-11-20,AAPL,42.39994422370587,43.136839943167296,41.72009968887252,42.06953048706055,271300800
2018-11-21,AAPL,42.723225255034755,42.85158950837461,41.96731613231537,42.02198791503906,124496800
2018-11-23,AAPL,41.58460546368542,41.97920130450926,40.90951614402539,40.95467758178711,94496000
2018-11-26,AAPL,41.41820698327493,41.58697748439808,40.472127359592214,41.5085334777832,179994000
2018-11-27,AAPL,40.76926791438119,41.54419774818144,40.61951445051487,41.418212890625,165549600
2018-11-28,AAPL,42.01009758633539,43.09404455097691,41.5822228299945,43.01084899902344,184250000
2018-11-29,AAPL,43.41971044659814,43.45298939568039,42.2406780858648,42.68043899536133,167080000
2018-11-30,AAPL,42.856345630884306,42.86585597584638,42.08141936463273,42.449867248535156,158126000
2018-12-03,AAPL,43.84759534023209,43.96169410234924,43.07504476195522,43.933170318603516,163210000
2018-12-04,AAPL,43.01323300197177,43.355532872545034,41.90076204974247,42.0005989074707,165377200
2018-12-06,AAPL,40.82868999457398,41.546568558651884,40.51016241642234,41.53230667114258,172393600
2018-12-07,AAPL,41.23993069277843,41.47763851102162,40.00622653575494,40.0513916015625,169126400
2018-12-10,AAPL,39.221789190120006,40.431721089169876,38.824817577209345,40.31524658203125,248104000
2018-12-11,AAPL,40.80493319453167,40.83583275069561,39.69721366719825,40.084678649902344,189126800
2018-12-12,AAPL,40.50541315416228,40.86673007468708,40.17737881219227,40.19639587402344,142510800
2018-12-13,AAPL,40.52680299166999,41.02123563706542,40.3033570855926,40.636146545410156,127594400
2018-12-14,AAPL,40.17263211444055,40.1916491802834,39.28835850198743,39.335899353027344,162814800
2018-12-17,AAPL,39.32875944469472,40.018114322657276,38.68219386191158,38.96982192993164,177151600
2018-12-18,AAPL,39.31212769156932,39.82319814808901,39.07679560054539,39.47614669799805,135366000
2018-12-19,AAPL,39.45949914866977,39.804174771228425,37.81693719913778,38.24481201171875,196189200
2018-12-20,AAPL,38.12833149216453,38.53481344553812,36.91602383048075,37.27971649169922,259092000
2018-12-21,AAPL,37.28685063952054,37.59587154627308,35.56822403128292,35.8297004699707,382978400
2018-12-24,AAPL,35.216409898524326,36.02461861269077,34.8455863026589,34.90263748168945,148676800
2018-12-26,AAPL,35.252071232061816,37.37480037184857,34.876492432675754,37.360538482666016,234330000
2018-12-27,AAPL,37.04437986301618,37.26544998630561,35.672808572906234,37.11806869506836,212468400
2018-12-28,AAPL,37.438971007420975,37.68143393049469,36.73773386318466,37.137081146240234,169165600
2018-12-31,AAPL,37.68382412991746,37.88112207522634,37.196522325444576,37.496036529541016,140014000
2019-01-02,AAPL,36.81856021612245,37.75988468009887,36.66167220093753,37.538814544677734,148158800
2019-01-03,AAPL,34.225178108567896,34.63879110815515,33.754517541543954,33.7996826171875,365248800
2019-01-04,AAPL,34.35590843708306,35.31149481961843,34.18238275669409,35.242557525634766,234428400
2019-01-07,AAPL,35.34716344555651,35.37806663275088,34.681580610655786,35.164127349853516,219111200
2019-01-08,AAPL,35.55157691426575,36.088798847410885,35.304362405668385,35.834449768066406,164101200
2019-01-09,AAPL,35.96281471962946,36.73298936707537,35.56822249255178,36.44298553466797,180396400
2019-01-10,AAPL,36.25044639149984,36.59987721410009,35.86060567047333,36.55946731567383,143122800
2019-01-11,AAPL,36.340777580487256,36.53569613305001,36.01511535674199,36.20052719116211,108092800
2019-01-14,AAPL,35.85822297159505,35.95805981203487,35.470758098093015,35.65616989135742,129756800
2019-01-15,AAPL,35.72035413413402,36.462001351236886,35.66805812501693,36.38593673706055,114843600
2019-01-16,AAPL,36.38830771618193,37.0538902314347,36.36929065835952,36.8304443359375,122278800
2019-01-17,AAPL,36.65454885295936,37.477019589891874,36.4311028990532,37.04914474487305,119284800
2019-01-18,AAPL,37.43898716508409,37.529317310673214,37.07767020986163,37.277347564697266,135004000
2019-01-22,AAPL,37.17988432442107,37.25594894751966,36.278969574791795,36.44061279296875,121576000
2019-01-23,AAPL,36.64266159399864,36.87799365821248,36.0602781192315,36.587989807128906,92522400
2019-01-24,AAPL,36.63315783912755,36.72110858517878,36.06979138099998,36.29798889160156,101766000
2019-01-25,AAPL,36.95881226724857,37.5887401908888,36.68307394200685,37.50078582763672,134142000
2019-01-28,AAPL,37.032495190246195,37.16085942867184,36.526180061507155,37.15372848510742,104768400
2019-01-29,AAPL,37.14185313626924,37.58874507388774,36.63315846080026,36.76865005493164,166348800
2019-01-30,AAPL,38.80580381546367,39.49515508169959,38.08792514275934,39.281219482421875,244439200
2019-01-31,AAPL,39.48564290460484,40.17261830328575,39.1171950882309,39.5640869140625,162958400
2019-02-01,AAPL,39.68769901522233,40.16786619757071,39.4428566249422,39.583106994628906,130672400
2019-02-04,AAPL,39.79466892346387,40.80492720687015,39.76376574470043,40.70746612548828,125982000
2019-02-05,AAPL,41.090165918195574,41.617877466125684,40.968936259342954,41.40393829345703,144406400
2019-02-06,AAPL,41.51567034262258,41.734364734328345,41.087799157709014,41.418212890625,112958400
2019-02-07,AAPL,40.980825176670464,41.34689723690451,40.491147666218886,40.63377380371094,126966800
2019-02-08,AAPL,40.34252623841414,40.7412003774685,40.20644993398255,40.6815185546875,95280000
2019-02-11,AAPL,40.834300008718834,40.87249724592725,40.40459019684676,40.44755935668945,83973600
2019-02-12,AAPL,40.60751528119588,40.82236839461806,40.51202217536083,40.79610824584961,89134000
2019-02-13,AAPL,40.91547143544663,41.17568331587446,40.5645420161693,40.626609802246094,89960800
2019-02-14,AAPL,40.51440819581286,40.884432564786806,40.43562775647638,40.774620056152344,87342800
2019-02-15,AAPL,40.882062153690086,40.989488741760205,40.5239710983293,40.68391799926758,98507200
2019-02-19,AAPL,40.51441626019325,40.92741351587097,40.46189595684812,40.805660247802734,75891200
2019-02-20,AAPL,40.867722528007896,41.37621278615762,40.81997780185189,41.06825256347656,104457600
2019-02-21,AAPL,41.01334849852102,41.149421157459315,40.65525756921384,40.83668899536133,68998800
2019-02-22,AAPL,40.96083275523248,41.29982510218546,40.913088021224546,41.29266357421875,75652800
2019-02-25,AAPL,41.5767434384209,41.984965042203186,41.52660910746543,41.59345245361328,87493600
2019-02-26,AAPL,41.46932269171113,41.8488982409956,41.340407904190954,41.617332458496094,68280800
2019-02-27,AAPL,41.34996174511865,41.77728205593581,41.235370005885635,41.746246337890625,111341600
2019-02-28,AAPL,41.61494648285592,41.75579472169711,41.280726062799076,41.33563232421875,112861600
2019-03-01,AAPL,41.60540388204712,41.81309551895052,41.27357299837034,41.77012634277344,103544800
2019-03-04,AAPL,41.94199304111868,42.433770615634195,41.53138186104595,41.98019027709961,109744800
2019-03-05,AAPL,42.00167238038388,42.01599543236018,41.66745204928598,41.90379333496094,78949600
2019-03-06,AAPL,41.69849302875482,41.89425114434941,41.52422313653002,41.66268539428711,83241600
2019-03-07,AAPL,41.507505604819116,41.643581885196596,41.06586237992228,41.180450439453125,99185600
2019-03-08,AAPL,40.66002150699363,41.316521356311874,40.464263439797456,41.278324127197266,95997600
2019-03-11,AAPL,41.89426313863625,42.760840925057714,41.8608414560014,42.70832061767578,128044000
2019-03-12,AAPL,42.97090582263098,43.60830715521068,42.820506486591356,43.188148498535156,129870400
2019-03-13,AAPL,43.50805008474166,43.75871447631922,43.19054234110201,43.3791389465332,124130000
2019-03-14,AAPL,43.90194183982453,43.94969020617458,43.582048184337154,43.861358642578125,94318000
2019-03-15,AAPL,44.12874187114219,44.7207845418945,43.86375442838504,44.431922912597656,156171600
2019-03-18,AAPL,44.35553080588926,44.97383360710313,44.35314120168987,44.88550567626953,104879200
2019-03-19,AAPL,44.96428197260884,45.117067277020425,44.384172822489425,44.5297966003418,126585600
2019-03-20,AAPL,44.45818824186077,45.23644164440341,44.10009725817005,44.9189338684082,124140800
2019-03-21,AAPL,45.36296526328095,46.86933403302084,45.312830924516525,46.57331085205078,204136800
2019-03-22,AAPL,46.63299092298744,47.19400154727684,45.544394994118264,45.60885238647461,169630800
2019-03-25,AAPL,45.718664121662755,45.83086624459337,44.54651584172195,45.05739212036133,175381200
2019-03-26,AAPL,45.754465917207064,46.04571345558248,44.06427653870817,44.591861724853516,199202000
2019-03-27,AAPL,45.05977089349775,45.30088411777176,44.53457164340934,44.99292755126953,119393600
2019-03-28,AAPL,45.107522378153796,45.25314617612432,44.768530050992325,45.052616119384766,83121600
2019-03-29,AAPL,45.31761014175297,45.37729197510996,45.00964984172448,45.346256256103516,94256000
2019-04-01,AAPL,45.74969477506426,45.759242263268476,44.97144517095689,45.654205322265625,111448000
2019-04-02,AAPL,45.618394463613456,46.42290786370757,45.608846975321725,46.317867279052734,91062800
2019-04-03,AAPL,46.13405100118274,46.909914730827474,46.11017681396402,46.635379791259766,93087200
2019-04-04,AAPL,46.50169215026725,46.87888174561078,46.10779353704933,46.716548919677734,76457200
2019-04-05,AAPL,46.89797705880911,47.05315198843795,46.77383784364394,47.02927780151367,74106400
2019-04-08,AAPL,46.89081455147626,47.80036495686794,46.871715930873805,47.76933288574219,103526800
2019-04-09,AAPL,47.821849115932814,48.425828825713914,47.561633619701,47.62609100341797,143072800
2019-04-10,AAPL,47.43033165400483,47.92211288383109,47.31096802051758,47.893463134765625,86781200
2019-04-11,AAPL,47.948365414979065,47.98417304226359,47.37303191868481,47.494781494140625,83603200
2019-04-12,AAPL,47.55448083017114,47.778885091039584,46.840688483477834,47.47570037841797,111042800
2019-04-15,AAPL,47.40647039627106,47.70965510465262,47.270394078957786,47.561641693115234,70146400
2019-04-16,AAPL,47.616544395779556,48.072510727579555,47.401687660312966,47.566410064697266,102785600
2019-04-17,AAPL,47.63564578548703,48.55236142338571,47.413631135907046,48.492679595947266,115627200
2019-04-18,AAPL,48.490286901803195,48.73617572376677,48.34705271069138,48.66694641113281,96783200
2019-04-22,AAPL,48.42106096698539,48.92477573931631,48.30408327313111,48.82689666748047,77758000
2019-04-23,AAPL,48.80302413607264,49.5956005846408,48.676498948258654,49.53114318847656,93292000
2019-04-24,AAPL,49.50249861253667,49.769872052792415,49.42849372408659,49.45475387573242,70162400
2019-04-25,AAPL,49.37597136789553,49.597986024015086,48.9677460534086,49.005943298339844,74172800
2019-04-26,AAPL,48.915225934728035,48.93910012357154,48.25156428300405,48.77199172973633,74596400
2019-04-29,AAPL,48.79585489538242,49.170658475934694,48.66694376611907,48.84598922729492,88818800
2019-04-30,AAPL,48.475965054364224,48.55713146228483,47.53299294597256,47.9054069519043,186139600
2019-05-01,AAPL,50.10408494939952,51.400372389710334,49.948910024794905,50.25687026977539,259309200
2019-05-02,AAPL,50.09453963227768,50.76536281433166,49.68631795761022,49.92981719970703,127985200
2019-05-03,AAPL,50.34519716556769,50.57198735857998,50.18763628266637,50.55050277709961,83569600
2019-05-06,AAPL,48.76959522626785,49.85580509657565,48.581002274765794,49.76986312866211,129772400
2019-05-07,AAPL,49.149172415442294,49.51681081520747,47.943598951274986,48.42821502685547,155054800
2019-05-08,AAPL,48.199032140387494,49.020254494269096,48.16322450860907,48.43775939941406,105358000
2019-05-09,AAPL,47.84094865644529,48.146519303878975,46.948110900817596,47.91734313964844,139634400
2019-05-10,AAPL,47.311052750820956,47.653749445451915,46.19669701904092,47.253536224365234,164834800
2019-05-13,AAPL,44.98407358813538,45.408245519270494,43.81939074079154,44.50717544555664,229722400
2019-05-14,AAPL,44.67252984613877,45.46096566171211,44.432883212543324,45.211734771728516,146118800
2019-05-15,AAPL,44.6389861249825,45.95224884917704,44.57907445764329,45.75334167480469,106178800
2019-05-16,AAPL,45.51128917058567,46.12478391503551,45.25486553934923,45.55202865600586,132125600
2019-05-17,AAPL,44.79714261326525,45.748540023134815,44.75640312513268,45.293212890625,131516400
2019-05-20,AAPL,43.979949669541405,44.178856807213535,43.20349328767014,43.87689971923828,154449200
2019-05-21,AAPL,44.38734225654459,45.05355949267553,44.262725004279886,44.718055725097656,113459200
2019-05-22,AAPL,44.253149155342534,44.50477885718109,43.74749460169806,43.8026123046875,118994400
2019-05-23,AAPL,43.08845912995363,43.2657952724967,42.61156108264993,43.054908752441406,146118800
2019-05-24,AAPL,43.184317369517565,43.64923236699889,42.80567529586491,42.88955307006836,94858800
2019-05-28,AAPL,42.87756451506878,43.27777385422485,42.63552279212045,42.71220779418945,111792800
2019-05-29,AAPL,42.278459651091545,42.980626205477755,42.17780850142833,42.508522033691406,113924800
2019-05-30,AAPL,42.64510706926104,42.95185439113661,42.338359747385475,42.72898483276367,84873600
2019-05-31,AAPL,42.23292429098691,42.65470469718947,41.935764812126756,41.95493698120117,108174400
2019-06-03,AAPL,42.081941968554716,42.637920146638415,40.80462522623916,41.53075408935547,161584400
2019-06-04,AAPL,42.04362107510433,43.09567002796479,41.82314653186073,43.05013656616211,123872000
2019-06-05,AAPL,44.162084603643216,44.332235335001265,43.40959426492165,43.74509811401367,119093600
2019-06-06,AAPL,43.87450077319446,44.4472560114527,43.651627529605385,44.38734436035156,90105200
2019-06-07,AAPL,44.69648461544341,45.99297355745612,44.519148477432275,45.56879806518555,122737600
2019-06-10,AAPL,45.96662081555493,46.8197622574143,45.92108736949208,46.15114974975586,104883600
2019-06-11,AAPL,46.6975490130093,46.970746063230806,46.395595533306974,46.68556594848633,107731600
2019-06-12,AAPL,46.47945554769659,46.963542684924334,46.34525404194238,46.53697204589844,73012800
2019-06-13,AAPL,46.65919972341008,47.16006031960597,46.395590615436326,46.52739334106445,86698400
2019-06-14,AAPL,45.90431499766962,46.393192538300454,45.604756695226875,46.18949508666992,75046000
2019-06-17,AAPL,46.22784019068279,46.72151539195747,46.052899149208905,46.465091705322266,58676400
2019-06-18,AAPL,46.98272609412711,47.998825541831906,46.78142378732344,47.55787658691406,106204000
2019-06-19,AAPL,47.85263645530765,47.90056870581225,47.284675122657916,47.41887664794922,84496800
2019-06-20,AAPL,48.0179947858048,48.07551129426495,47.457222541008775,47.79991912841797,86056000
2019-06-21,AAPL,47.64175303263574,48.133029378756156,47.48598052172473,47.636959075927734,191202400
2019-06-24,AAPL,47.57944711984593,47.967677202569334,47.49077902420712,47.58903503417969,72881600
2019-06-25,AAPL,47.553069119067075,47.75197621929353,46.80057900405834,46.86768341064453,84281200
2019-06-26,AAPL,47.3949186584968,48.1665811585655,47.29426750501623,47.88140106201172,104270000
2019-06-27,AAPL,47.99881855051386,48.3055695796001,47.82627635318371,47.86701583862305,83598800
2019-06-28,AAPL,47.612992556266285,47.80950455578012,47.22237102064913,47.43086242675781,124442400
2019-07-01,AAPL,48.689015329189374,49.00535070066526,48.0851046742833,48.30078887939453,109012000
2019-07-02,AAPL,48.26723307900931,48.679425613175255,48.255250015060284,48.58356475830078,67740800
2019-07-03,AAPL,48.71536604902747,48.993357013988195,48.573975416695106,48.986167907714844,45448000
2019-07-05,AAPL,48.73214855676673,49.146736244332814,48.6243046370855,48.94303512573242,69062000
2019-07-08,AAPL,48.123447067370165,48.264837724616385,47.54829652385314,47.93412780761719,101354400
2019-07-09,AAPL,47.737597510756885,48.29118051975478,47.64413549179252,48.226478576660156,82312000
2019-07-10,AAPL,48.37267831988703,48.82321154048537,48.303178742828166,48.70338821411133,71588400
2019-07-11,AAPL,48.72255343160577,48.98137221844201,48.33912103596176,48.34870529174805,80767200
2019-07-12,AAPL,48.516467933836616,48.88792100615838,48.45655626593691,48.72016906738281,70380800
2019-07-15,AAPL,48.90947645459903,49.33604713394336,48.88790913700364,49.17788314819336,67789600
2019-07-16,AAPL,49.02931879080996,49.393582808464075,48.7681047584142,49.00775146484375,67467200
2019-07-17,AAPL,48.89989913865166,49.149130043019106,48.71297504619667,48.732147216796875,56430000
2019-07-18,AAPL,48.88790659003687,49.33844336993761,48.81601187841402,49.28572082519531,74162400
2019-07-19,AAPL,49.316886928145024,49.4870376738974,48.49490059997273,48.550018310546875,83717200
2019-07-22,AAPL,48.804032417649225,49.66196775108629,48.79444816186031,49.65957260131836,89111600
2019-07-23,AAPL,49.95674254519547,50.064582806950405,49.67635274522786,50.04780578613281,73420800
2019-07-24,AAPL,49.76742197149024,50.12209800817282,49.64759864021876,50.0070686340332,59966400
2019-07-25,AAPL,50.05978275817563,50.14366053862095,49.54214517668298,49.61164474487305,55638400
2019-07-26,AAPL,49.72188447879348,50.26108942568483,49.640405497764334,49.78419494628906,70475600
2019-07-29,AAPL,49.956741814672895,50.479169751708156,49.95194785783544,50.249107360839844,86693600
2019-07-30,AAPL,50.02864186383523,50.36414942504554,49.68115489345745,50.0334358215332,135742800
2019-07-31,AAPL,51.864312644567484,53.050562489708305,50.63732331944432,51.05430603027344,277125600
2019-08-01,AAPL,51.260414211398206,52.25015599273981,49.54454706892121,49.949546813964844,216071600
2019-08-02,AAPL,49.25457677249791,49.47025729958617,48.31995627949175,48.8927116394043,163448400
2019-08-05,AAPL,47.44762986879821,47.605793839754426,46.151140933868255,46.33327102661133,209572000
2019-08-06,AAPL,47.04503141655611,47.46681184418083,46.5010325186815,47.21038818359375,143299200
2019-08-07,AAPL,46.82934223936549,47.82387415087288,46.44830502903327,47.699256896972656,133457600
2019-08-08,AAPL,47.97725090959715,48.77527456500826,47.783137739281464,48.75130844116211,108038000
2019-08-09,AAPL,48.42416626271269,48.775377727645775,47.94064392985273,48.34959411621094,98478800
2019-08-12,AAPL,48.02002648652675,48.604582383905836,47.90696431029729,48.226905822753906,89927600
2019-08-13,AAPL,48.356804875553316,51.03179951623649,48.226901944089214,50.26923370361328,188874000
2019-08-14,AAPL,48.87158997225576,49.6606171063461,48.73447063907869,48.7729606628418,146189600
2019-08-15,AAPL,48.94377274292089,49.347907103580994,48.032058839474224,48.53001403808594,108909600
2019-08-16,AAPL,49.14101168993166,49.833817419611805,49.035165962273794,49.675048828125,110481600
2019-08-19,AAPL,50.66614789415775,51.17372364887826,50.5242200506216,50.601200103759766,97654400
2019-08-20,AAPL,50.728690287504556,51.32286671027369,50.59397887791668,50.603599548339844,107537200
2019-08-21,AAPL,51.2362731993296,51.395038142607625,50.901898878290325,51.152076721191406,86141600
2019-08-22,AAPL,51.28436648124778,51.58506284302571,50.69740659575967,51.108760833740234,89014800
2019-08-23,AAPL,50.37989128106551,51.01015362415457,48.35199590142177,48.74650955200195,187272000
2019-08-26,AAPL,49.5210933948049,49.84103483411144,49.328646947098854,49.672645568847656,104174400
2019-08-27,AAPL,50.00221676728974,50.16820181272342,48.960603712717386,49.11215591430664,103493200
2019-08-28,AAPL,49.09771645844376,49.48741787220754,48.910082172512254,49.44171142578125,63755200
2019-08-29,AAPL,50.156175336347125,50.35343399884403,49.71355097691558,50.27885818481445,83962000
2019-08-30,AAPL,50.55548071517137,50.62524065868654,49.843430088353315,50.213890075683594,84573600
2019-09-03,AAPL,49.65821832852433,49.790525515438006,49.12658900103214,49.48261260986328,80092000
2019-09-04,AAPL,50.1297009283662,50.391907323066086,49.87230670410968,50.322147369384766,76752400
2019-09-05,AAPL,50.99813257260695,51.47203060761457,50.88025820891975,51.30604553222656,95654800
2019-09-06,AAPL,51.491269814674716,51.58027480480596,51.120809668106524,51.30122756958008,77449200
2019-09-09,AAPL,51.681295372324975,52.06618826677123,50.774397592176236,51.52012252807617,109237600
2019-09-10,AAPL,51.445545622135704,52.147971969223995,50.9283492844698,52.128726959228516,127111600
2019-09-11,AAPL,52.45830188762013,53.81504412951995,52.37650966317453,53.78617477416992,177158400
2019-09-12,AAPL,54.077259426858085,54.46696091721893,53.61057787041474,53.6659049987793,128906800
2019-09-13,AAPL,52.922572195870536,53.11261072641425,52.205712927533845,52.62187576293945,159053200
2019-09-16,AAPL,52.376505238879936,52.95384457916928,52.335610965417004,52.89851379394531,84632400
2019-09-17,AAPL,52.91295151722097,53.11983080987123,52.71088072465714,53.09096145629883,73274800
2019-09-18,AAPL,53.17757001208415,53.60816942297296,52.78786855223211,53.588924407958984,101360000
2019-09-19,AAPL,53.40609312582707,53.82706815074794,53.01157953501138,53.15351104736328,88242400
2019-09-20,AAPL,53.254542597972154,53.53839827071438,52.313963268360816,52.37650680541992,221652400
2019-09-23,AAPL,52.66999310798111,52.884088848434445,52.35726804412726,52.61466598510742,76662000
2019-09-24,AAPL,53.170350865473765,53.52156594791052,52.24661221580906,52.36448287963867,124763200
2019-09-25,AAPL,52.573764616354914,53.2834074578566,52.23457816197458,53.170345306396484,87613600
2019-09-26,AAPL,52.92257960068729,53.14870393718803,52.641128140556994,52.8961181640625,75334000
2019-09-27,AAPL,53.052472574971425,53.153509808735585,52.26825758252748,52.63871765136719,101408000
2019-09-30,AAPL,53.139085423326705,54.02433785156031,53.11262398379933,53.87759780883789,103909600
2019-10-01,AAPL,54.14220348174279,54.89995709155197,53.93291624988388,54.0267333984375,139223200
2019-10-02,AAPL,53.65867199949,53.783762732923655,52.424612767106524,52.67238998413086,138449200
2019-10-03,AAPL,52.5449072989882,53.153520390385815,51.75107147751879,53.119842529296875,114426000
2019-10-04,AAPL,54.27931695765273,54.72434916797866,53.85834193135936,54.60887908935547,138478800
2019-10-07,AAPL,54.43087209456384,55.311308550510645,54.327430602345274,54.62091064453125,122306000
2019-10-08,AAPL,54.32262393488646,54.86146966676648,53.96419241668242,53.98102951049805,111820000
2019-10-09,AAPL,54.61369705200195,54.79651918996035,54.27932271391052,54.61369705200195,74770400
2019-10-10,AAPL,54.830195725330384,55.43399659026294,54.67864719946671,55.34980010986328,113013600
2019-10-11,AAPL,56.037780040411484,57.16599351387597,55.883823631341066,56.821998596191406,166795600
2019-10-14,AAPL,56.506874566173074,57.283876824130715,56.45154744797599,56.74021530151367,96427600
2019-10-15,AAPL,56.86530439737924,57.168405084190226,56.50206442322086,56.60791015625,87360000
2019-10-16,AAPL,56.13881831891331,56.58866266457872,56.09792404578203,56.37937545776367,73903200
2019-10-17,AAPL,56.552586852713226,56.80757687751156,56.174913986911356,56.59829330444336,67585200
2019-10-18,AAPL,56.4323014089496,57.15156861487775,56.3601335292246,56.8701171875,97433600
2019-10-21,AAPL,57.13713976525744,57.971873434702374,57.089029065616195,57.85640335083008,87247200
2019-10-22,AAPL,58.01277373337686,58.26295159984093,57.642313599410386,57.72410583496094,82293600
2019-10-23,AAPL,58.23889683993331,58.513131888167614,58.027205339327395,58.498695373535156,75828800
2019-10-24,AAPL,58.81863370887046,58.8883973453656,58.169130068603984,58.59491729736328,69275200
2019-10-25,AAPL,58.49387672410792,59.35266382986674,58.42652101662137,59.31658172607422,73477200
2019-10-28,AAPL,59.51866480179455,59.95888493911281,59.35027548794346,59.91077423095703,96572800
2019-10-29,AAPL,59.891524694792075,60.07915901187092,58.35196012629603,58.5251579284668,142839600
2019-10-30,AAPL,58.87877630502709,59.00867924273275,58.02480121988732,58.517940521240234,124522000
2019-10-31,AAPL,59.47535156050555,59.93962510180534,57.07458854156934,59.84099578857422,139162000
2019-11-01,AAPL,60.02862358638774,61.56578347417623,59.93721437455418,61.53932571411133,151125200
2019-11-04,AAPL,61.902568240845305,62.027662657351385,61.43348620261237,61.94346618652344,103272000
2019-11-05,AAPL,61.8352168001874,62.109455494173645,61.65961476677508,61.85446548461914,79897600
2019-11-06,AAPL,61.76785444555144,61.94105588070297,61.4310759164294,61.880916595458984,75864400
2019-11-07,AAPL,62.428620865759896,62.81708447430913,62.2766136869042,62.5951042175293,94940400
2019-11-08,AAPL,62.4165566339612,62.83879550318141,61.97260350648676,62.766414642333984,69986400
2019-11-11,AAPL,62.32246650947536,63.32860485433019,62.317643572216376,63.26346206665039,81821200
2019-11-12,AAPL,63.106629516115106,63.40582100469488,62.954629666270094,63.2055549621582,87388800
2019-11-13,AAPL,63.005288756272336,63.885957063653684,62.99081258182594,63.811161041259766,102734400
2019-11-14,AAPL,63.63743019848044,63.91007704911143,63.23932073339819,63.36961364746094,89182800
2019-11-15,AAPL,63.62056351535216,64.12725183226068,63.45891040751774,64.12242889404297,100206400
2019-11-18,AAPL,64.1320492800849,64.5253358048109,63.7532462907842,64.44571685791016,86703200
2019-11-19,AAPL,64.63874619503746,64.66287560634905,64.03313994171292,64.25028991699219,76167200
2019-11-20,AAPL,64.06933118896113,64.1996167578222,62.82915159180207,63.502323150634766,106234400
2019-11-21,AAPL,63.62296081470307,63.700171984109126,63.01734720977178,63.217613220214844,121395200
2019-11-22,AAPL,63.357545063853046,63.49989899997677,62.935306191816686,63.162109375,65325200
2019-11-25,AAPL,63.386508801889065,64.28648361025664,63.340665127052524,64.26959228515625,84020400
2019-11-26,AAPL,64.40712731627637,64.46020908184904,63.3358461298195,63.767738342285156,105207600
2019-11-27,AAPL,64.0789738287976,64.65805022533677,64.01383104765496,64.624267578125,65235600
2019-11-29,AAPL,64.3250882008119,64.66287788127046,64.15618967895124,64.48191833496094,46617600
2019-12-02,AAPL,64.48673394161051,64.7231903726839,63.56505235325846,63.736358642578125,94487200
2019-12-03,AAPL,62.324875414243316,62.61923654932985,61.83749372245772,62.599937438964844,114430400
2019-12-04,AAPL,62.99080514094122,63.53126855846393,62.896702654892984,63.15245819091797,67181600
2019-12-05,AAPL,63.64708709192012,64.15377524171508,63.391331548709125,64.07897186279297,74424400
2019-12-06,AAPL,64.53740668374826,65.38670739096737,64.49397080231735,65.31673431396484,106075600
2019-12-09,AAPL,65.14542753704795,65.33844808074191,63.917316471885385,64.40229034423828,128042400
2019-12-10,AAPL,64.80764650190102,65.16232750452161,64.14653595735392,64.77869415283203,90420400
2019-12-11,AAPL,64.85830180873923,65.41083358471516,64.78350579892616,65.33120727539062,78756800
2019-12-12,AAPL,64.60980465760038,65.7631200239526,64.4988181829113,65.49771118164062,137310400
2019-12-13,AAPL,65.49768677488672,66.42419854558163,65.36980902077869,66.38800811767578,133587600
2019-12-16,AAPL,66.83438907918607,67.7488400023079,66.82956614230139,67.52444458007812,128186000
2019-12-17,AAPL,67.45447647762181,67.98528668341874,67.26868664682006,67.65715026855469,114158400
2019-12-18,AAPL,67.50995957045932,68.0166476810069,67.34589137870454,67.4954833984375,116028400
2019-12-19,AAPL,67.43758668961861,67.84293428071314,67.30488597596364,67.56304931640625,98369200
2019-12-20,AAPL,68.09629020364594,68.19762343192532,67.21079153341988,67.4231185913086,275978000
2019-12-23,AAPL,67.68610617936537,68.58366579405019,67.64750059383174,68.52334594726562,98572000
2019-12-24,AAPL,68.68984157708908,68.7381004084377,68.26277963638277,68.5885009765625,48478800
2019-12-26,AAPL,68.72119157007391,69.96619399633411,68.69223922394772,69.94930267333984,93121200
2019-12-27,AAPL,70.24125055231326,70.92889824450315,69.51741242648437,69.92276000976562,146266000
2019-12-30,AAPL,69.84072600060978,70.62006103458498,68.81770380429288,70.33776092529297,144114400
2019-12-31,AAPL,69.95411749876797,70.85891502661026,69.85519208546589,70.85167694091797,100805600
2020-01-02,AAPL,71.4765996590847,72.52858156247073,71.22325926076245,72.46826171875,135480400
2020-01-03,AAPL,71.69619021453627,72.52377699686326,71.53936003786507,71.76374816894531,146322800
2020-01-06,AAPL,70.88547194642054,72.3741616151194,70.63453932655295,72.33555603027344,118387200
2020-01-07,AAPL,72.34521202863968,72.60096759515153,71.7757961977681,71.995361328125,108872000
2020-01-08,AAPL,71.69858889981313,73.4551026743299,71.69858889981313,73.15350341796875,132079200
2020-01-09,AAPL,74.13067516689924,74.90035698659045,73.87974991049977,74.70733642578125,170108400
2020-01-10,AAPL,74.94138611501243,75.4408362602049,74.37437802964394,74.87623596191406,140644800
2020-01-13,AAPL,75.19231323252647,76.50245856347271,75.07408132346671,76.47591400146484,121532000
2020-01-14,AAPL,76.41320061231343,76.62311254429632,75.32020505767588,75.44325256347656,161954400
2020-01-15,AAPL,75.2429736592525,76.12364189473249,74.6880266854858,75.11991882324219,121923600
2020-01-16,AAPL,75.66278838334783,76.1718916266167,75.30086936839069,76.06089782714844,108829200
2020-01-17,AAPL,76.30941686178534,76.90537714681764,76.00299474011516,76.90296936035156,137816400
2020-01-21,AAPL,76.53142037146344,76.97295847341564,76.24429727052916,76.38182830810547,110843200
2020-01-22,AAPL,76.8667843985574,77.20698922015548,76.56036222573736,76.65446472167969,101832400
2020-01-23,AAPL,76.70756039684032,77.10325483712239,76.15985137274346,77.02363586425781,104472000
2020-01-24,AAPL,77.26969528177395,78.01283228071516,76.6110001466312,76.8016128540039,146537600
2020-01-27,AAPL,74.81109052667422,75.22367624090043,73.56126499598109,74.54327392578125,161940000
2020-01-28,AAPL,75.42393505290065,76.82335250031947,75.32500962430629,76.65204620361328,162234000
2020-01-29,AAPL,78.28309821074268,79.103446634538,77.54236874294361,78.25655364990234,216229200
2020-01-30,AAPL,77.33967814541826,78.19621681768791,76.90778608498486,78.14313507080078,126743200
2020-01-31,AAPL,77.43378925544725,77.85602816826189,74.38402173692818,74.67838287353516,199588400
2020-02-03,AAPL,73.42131515382538,75.63867332859459,72.91945726436026,74.47329711914062,173788400
2020-02-04,AAPL,76.07779194419663,77.1225356625265,75.67244439973094,76.93192291259766,136616400
2020-02-05,AAPL,78.05868485702287,78.35787622812788,76.95604393384211,77.55924224853516,118826800
2020-02-06,AAPL,77.82951018159336,78.46889922045179,77.27215526816731,78.46648406982422,105425600
2020-02-07,AAPL,77.96582750464246,78.2149347676415,76.90893545307632,77.39989471435547,117684000
2020-02-10,AAPL,75.98506881434587,77.76751708984375,75.90526089218041,77.76751708984375,109348800
2020-02-11,AAPL,78.26333466307278,78.33588733486859,77.08067444762283,77.29833984375,94323200
2020-02-12,AAPL,77.74816513747918,79.13881418044723,77.74816513747918,79.13397979736328,113730400
2020-02-13,AAPL,78.40599987113015,78.8969591321478,78.20284507837152,78.5704574584961,94747600
2020-02-14,AAPL,78.53901899642953,78.83892050632156,78.08192253766144,78.58981323242188,80113600
2020-02-18,AAPL,76.27044253813855,77.33217635199567,76.08905353965851,77.15078735351562,152531200
2020-02-19,AAPL,77.39265473323287,78.49792035501915,77.39265473323287,78.26815795898438,93984000
2020-02-20,AAPL,78.02873706498966,78.51727560522625,76.95974763326684,77.46521759033203,100566000
2020-02-21,AAPL,77.0588632814514,77.50145646107003,75.09502672640008,75.71174621582031,129554000
2020-02-24,AAPL,71.8929178048686,73.56652927707171,69.95084681231108,72.11541748046875,222195200
2020-02-25,AAPL,72.78537131530702,73.16749427483839,69.20112246255476,69.6727294921875,230673600
2020-02-26,AAPL,69.29785906555418,72.04288097148186,69.29060380017634,70.77799224853516,198054800
2020-02-27,AAPL,67.9846176209649,69.16969127505396,66.01593824961232,66.15137481689453,320605600
2020-02-28,AAPL,62.21885173263986,67.3340203730767,62.00359989656375,66.11266326904297,426510000
2020-03-02,AAPL,68.26999310714803,72.90387904877242,67.16714840245746,72.26780700683594,341397200
2020-03-03,AAPL,73.44321158109558,73.52301950606079,69.12130946491573,69.9726333618164,319475600
2020-03-04,AAPL,71.69461969933852,73.37790783984885,70.89409003325196,73.2182846069336,219178400
2020-03-05,AAPL,71.47210923904862,72.44677262458974,70.4781009386349,70.84329986572266,187572800
2020-03-06,AAPL,68.20227675514613,70.33541356546097,68.01605333738418,69.90249633789062,226176800
2020-03-09,AAPL,63.78845614363864,67.25661245643286,63.60706716882261,64.37374114990234,286744800
2020-03-10,AAPL,67.02686596637837,69.27608658534605,65.14767122671621,69.01004791259766,285290000
2020-03-11,AAPL,67.08733944027128,68.0136294855381,65.74989060302927,66.6133041381836,255598800
2020-03-12,AAPL,61.8996002456348,65.30003870789042,59.97929481317342,60.03491973876953,418474000
2020-03-13,AAPL,64.06419375596272,67.69922981131083,61.176475967090425,67.22761535644531,370732000
2020-03-16,AAPL,58.51609179443726,62.65901412516802,58.044481123383505,58.578975677490234,322423600
2020-03-17,AAPL,59.86079146440188,62.303494624543745,57.65751943951495,61.154701232910156,324056000
2020-03-18,AAPL,57.98886105384675,60.46300623570861,57.347950973526814,59.65763854980469,300233600
2020-03-19,AAPL,59.83176871542281,61.149861434253346,58.67571640074359,59.20053482055664,271857200
2020-03-20,AAPL,59.780992173231766,60.905606499446584,55.142271297721905,55.442169189453125,401693200
2020-03-23,AAPL,55.16160435739665,55.26318175410043,51.42015363881515,54.26433181762695,336752800
2020-03-24,AAPL,57.1641431646422,59.904326973466,56.66592859765041,59.70842742919922,287531200
2020-03-25,AAPL,60.64438621130527,62.458276127894656,59.084441621112084,59.37950134277344,303602000
2020-03-26,AAPL,59.62135150815354,62.56226879829015,59.58265430542807,62.50422668457031,252087200
2020-03-27,AAPL,61.128089475112816,61.88266649068296,59.74953389267951,59.916412353515625,204216800
2020-03-30,AAPL,60.6419727055928,61.79802498746447,60.31788821611853,61.62630844116211,167976400
2020-03-31,AAPL,61.8173747321562,63.483731229594824,60.94670602705082,61.500545501708984,197002000
2020-04-01,AAPL,59.61651236600977,60.15342405049904,57.83406447537594,58.26456069946289,176218400
2020-04-02,AAPL,58.126720208645594,59.29002796662515,57.29474857481248,59.236820220947266,165934000
2020-04-03,AAPL,58.721672212892855,59.423041606914005,57.795378517377415,58.385498046875,129880000
2020-04-06,AAPL,60.68067122588063,63.63368236649505,60.31305880719071,63.47890090942383,201820400
2020-04-07,AAPL,65.49352388136515,65.71119660334946,62.63967300560569,62.74366760253906,202887200
2020-04-08,AAPL,63.54418476916798,64.66396058058191,63.17899331030437,64.34955596923828,168895200
2020-04-09,AAPL,64.98564696158498,65.31698307985819,64.0182387887634,64.81392669677734,161834800
2020-04-13,AAPL,64.89131758100808,66.19490356550595,64.29152188952229,66.08606719970703,131022800
2020-04-14,AAPL,67.71855339125206,69.71383219653002,67.24693908498263,69.4236068725586,194994800
2020-04-15,AAPL,68.29899592755704,69.24947241325025,67.87092059097999,68.78995513916016,131154400
2020-04-16,AAPL,69.5034110202046,69.70173138044676,68.2868960690995,69.33653259277344,157125200
2020-04-17,AAPL,68.85284815768563,69.3994360529156,66.95914281806782,68.39574432373047,215250000
2020-04-20,AAPL,67.22276798842614,68.12487124671051,66.95672930580358,66.97607421875,130015200
2020-04-21,AAPL,66.81887303902265,67.05346978399236,64.19477725392538,64.90582275390625,180991600
2020-04-22,AAPL,66.17312073347611,67.21066785744529,65.832115915965,66.77533721923828,116862400
2020-04-23,AAPL,66.7197182347329,68.14180934991,66.47786620509702,66.51656341552734,124814400
2020-04-24,AAPL,67.04138325446418,68.44654290771221,66.99300989791057,68.4368667602539,126161200
2020-04-27,AAPL,68.1538860746012,68.81656552903699,67.7064658092128,68.4852294921875,117087600
2020-04-28,AAPL,68.94715995733218,69.12854894429597,67.2832245167364,67.3751220703125,112004800
2020-04-29,AAPL,68.86251023157146,70.05725948714488,68.65935547379901,69.58806610107422,137280800
2020-04-30,AAPL,70.12742599739215,71.23269175777668,69.73804769719284,71.05613708496094,183064000
2020-05-01,AAPL,69.23013078154854,72.31374359365245,69.13339146359068,69.91215515136719,240616800
2020-05-04,AAPL,69.9363419790523,71.02951029776773,69.24706234339718,70.90132904052734,133568000
2020-05-05,AAPL,71.36083945419138,72.79744070168688,71.21572680056569,71.96546936035156,147751200
2020-05-06,AAPL,72.66683632686777,73.33918446648443,72.28229260413691,72.70795440673828,142333600
2020-05-07,AAPL,73.33438362592382,73.80599810613609,73.03206854392603,73.46014404296875,115215200
2020-05-08,AAPL,74.11972765033629,75.26193177006634,73.79234222983116,75.20858001708984,133838400
2020-05-11,AAPL,74.71632920982042,76.8867601253796,74.50776956187678,76.39205169677734,145946400
2020-05-12,AAPL,77.07587796312045,77.52694413747827,75.39773624955116,75.51898956298828,162301200
2020-05-13,AAPL,75.69847326337334,76.62000326531418,73.53046253450013,74.60719299316406,200622400
2020-05-14,AAPL,73.84572792328466,75.1261631825109,73.12305519185568,75.06553649902344,158929200
2020-05-15,AAPL,72.83689630557373,74.66781911832467,72.80294181174233,74.62174224853516,166348400
2020-05-18,AAPL,75.9458316362108,76.7533757455592,75.2546860142826,76.37991333007812,135178400
2020-05-19,AAPL,76.39690202959888,77.24324822854166,75.90704105325906,75.93856811523438,101729600
2020-05-20,AAPL,76.79702397462873,77.48574215036817,76.75822201252429,77.41542053222656,111504800
2020-05-21,AAPL,77.27720108647698,77.81799379794089,76.6006051884002,76.83826446533203,102688800
2020-05-22,AAPL,76.57632739090906,77.41540578523484,76.47447873541405,77.33295440673828,81803200
2020-05-26,AAPL,78.4509106181763,78.63036319231934,76.75336386600556,76.80914306640625,125522000
2020-05-27,AAPL,76.66607534046294,77.28931196459057,75.92642542981746,77.14380645751953,112945200
2020-05-28,AAPL,76.81886746472323,78.43639088949102,76.5424135931521,77.17778015136719,133560800
2020-05-29,AAPL,77.42026037966232,77.88102160812149,76.74609208099886,77.10257720947266,153532400
2020-06-01,AAPL,77.05650985276371,78.17204223872224,76.92555415248881,78.05078887939453,80791200
2020-06-02,AAPL,77.7840255273494,78.43636915500637,77.34266154865261,78.41211700439453,87642800
2020-06-03,AAPL,78.73222188437157,79.1056842545279,78.15990225471617,78.8437728881836,104491200
2020-06-04,AAPL,78.66674739088378,78.96502587807994,77.79129440641832,78.16475677490234,87560400
2020-06-05,AAPL,78.41451793947422,80.4515720902525,78.38541832886114,80.39094543457031,137250400
2020-06-08,AAPL,80.08783519139197,80.90023409134206,79.37729235859877,80.86627960205078,95654400
2020-06-09,AAPL,80.54618503439575,83.81274342787988,80.51465797687612,83.41988372802734,147712400
2020-06-10,AAPL,84.36807171758845,86.0340914097843,83.92913522287401,85.56605529785156,166651600
2020-06-11,AAPL,84.71000802945393,85.13439472060976,81.35614389223483,81.45799255371094,201662400
2020-06-12,AAPL,83.59691311681682,84.34383052506377,81.05059266944424,82.16127014160156,200146000
2020-06-15,AAPL,80.81534793256503,83.82970407027696,80.65286520703812,83.17736053466797,138808800
2020-06-16,AAPL,85.2314142826488,85.65338103043176,83.59692127094438,85.38176727294922,165428800
2020-06-17,AAPL,86.12625510451949,86.18688178098341,85.1416784708026,85.26293182373047,114406400
2020-06-18,AAPL,85.21927871070163,85.71399444147255,84.6881884557675,85.29688262939453,96820400
2020-06-19,AAPL,86.00259226707146,86.4682010550296,83.70119831369777,84.80945587158203,264476000
2020-06-22,AAPL,85.2022986582704,87.17145177573371,85.15622179560962,87.02837371826172,135445200
2020-06-23,AAPL,88.27244463261384,90.30465209700697,87.85290534963454,88.885986328125,212155600
2020-06-24,AAPL,88.51495463894143,89.43405719903721,86.94350839643548,87.31697082519531,192623200
2020-06-25,AAPL,87.47217654394532,88.51495247583935,86.71312932901027,88.47615051269531,137522400
2020-06-26,AAPL,88.3718744192934,88.5925564218204,85.60971933565048,85.75765228271484,205256800
2020-06-29,AAPL,85.66548805897895,87.82865098546023,85.18774958467372,87.73406982421875,130646000
2020-06-30,AAPL,87.32182147239291,88.75261712274803,87.30242419000004,88.4664535522461,140223200
2020-07-01,AAPL,88.54404454624031,89.08725718249154,88.25061351334215,88.29911041259766,110737200
2020-07-02,AAPL,89.20609049720933,89.84145686297828,88.18513936902451,88.29911041259766,114041600
2020-07-06,AAPL,89.72747297069945,91.12916130648333,89.69594591770318,90.66112518310547,118655600
2020-07-07,AAPL,91.03945566141076,91.81790022041915,90.26828600853445,90.37983703613281,112424400
2020-07-08,AAPL,91.35713975136794,92.51632167713927,91.26983347624791,92.48479461669922,117092000
2020-07-09,AAPL,93.37721573714495,93.43056751509404,91.83487644851928,92.88250732421875,125642800
2020-07-10,AAPL,92.47751803467382,93.10318955942095,91.86640372278158,93.04498291015625,90257200
2020-07-13,AAPL,94.34965940036575,96.9590339515966,92.40233082748179,92.61573791503906,191649200
2020-07-14,AAPL,91.99734332779671,94.33995906948405,91.063698400921,94.14838409423828,170989200
2020-07-15,AAPL,96.02294350650172,96.27272509234513,93.59787669220981,94.79586029052734,153198000
2020-07-16,AAPL,93.66820411710265,94.48545043557607,93.03041037162107,93.62940216064453,110577600
2020-07-17,AAPL,94.08047543961847,94.23567587629981,92.96736319511449,93.44025421142578,92186800
2020-07-20,AAPL,93.52755414344499,95.54763152313923,93.18319140296002,95.4094009399414,90318000
2020-07-21,AAPL,96.19997393951473,96.2751504170526,93.84280875166303,94.09259033203125,103433200
2020-07-22,AAPL,93.79431625820118,95.03837684731691,93.70701739615949,94.35693359375,89001600
2020-07-23,AAPL,94.09017424204148,94.1677781639269,89.25216991066098,90.06214141845703,197004400
2020-07-24,AAPL,88.26031386604993,90.1833901651154,86.47303332227233,89.83902740478516,185438800
2020-07-27,AAPL,90.90121082733599,92.06039256097253,90.67810880703217,91.9682388305664,121214000
2020-07-28,AAPL,91.53899808495447,91.71603062810593,90.45256547899412,90.4574203491211,103625600
2020-07-29,AAPL,90.94000226618061,92.3756450249379,90.90362774541741,92.19133758544922,90329200
2020-07-30,AAPL,91.36439616603701,93.41115323756709,90.95698669984957,93.30687713623047,158130000
2020-07-31,AAPL,99.80122466182837,103.2254186056853,97.80296411556598,103.07506561279297,374336800
2020-08-03,AAPL,104.95688931304775,108.29135620019736,104.6586108297832,105.67228698730469,308151200
2020-08-04,AAPL,105.86144267124749,107.46926317333123,105.13877008729901,106.37798309326172,173071600
2020-08-05,AAPL,106.09912187925951,107.08369861163986,105.63350570104194,106.76358795166016,121776800
2020-08-06,AAPL,107.095798287908,110.98318005233068,106.506508834704,110.48846435546875,202428800
2020-08-07,AAPL,110.009872310896,110.46660808616394,107.17957700537667,107.97643280029297,198045600
2020-08-10,AAPL,109.4219488794754,110.56378836086954,106.89533339122227,109.54585266113281,212403600
2020-08-11,AAPL,108.80971510575287,109.30774713507189,106.02800448544856,106.28795623779297,187902400
2020-08-12,AAPL,107.37879756886053,110.07790879616837,107.18444536818468,109.82038879394531,165598000
2020-08-13,AAPL,111.20029955907641,112.76729092425326,110.7119798713676,111.76393127441406,210082000
2020-08-14,AAPL,111.58901749702606,111.75421760454509,109.85439412589318,111.6643295288086,165565200
2020-08-17,AAPL,112.78672297104335,112.8110188476026,110.74599537909668,111.37278747558594,119561600
2020-08-18,AAPL,111.12497934318773,112.7259788863913,110.78971554731912,112.30082702636719,105633600
2020-08-19,AAPL,112.70898176363043,113.85567747183467,112.34699766084464,112.44174194335938,145538000
2020-08-20,AAPL,112.48305495531345,115.05097442556867,112.46604709851567,114.9367904663086,126907200
2020-08-21,AAPL,115.89638408872885,121.34318956820582,115.8842398593988,120.85973358154297,338054800
2020-08-24,AAPL,125.06511476676067,125.15015404891105,120.43946714581988,122.3052749633789,345937600
2020-08-25,AAPL,121.17802164994161,121.64690172019864,119.57944621797552,121.30191802978516,211495600
2020-08-26,AAPL,122.61866792136692,123.40823574071352,121.5521404466388,122.95149993896484,163022400
2020-08-27,AAPL,123.55399319873169,123.88682518833696,120.33741060365348,121.48168182373047,155552400
2020-08-28,AAPL,122.45586551384443,122.87372930368065,121.06136994948761,121.28488159179688,187630000
2020-08-31,AAPL,123.97916478082978,127.30263641002203,122.44375715773111,125.39794921875,225702700
2020-09-01,AAPL,129.01293310588505,130.99536378403553,126.84587750534726,130.39285278320312,151948100
2020-09-02,AAPL,133.70660835355852,134.0856002645823,123.41550776119645,127.69131469726562,200119000
2020-09-03,AAPL,123.32806028413174,125.20358030775732,117.0989743551227,117.46824645996094,257599600
2020-09-04,AAPL,116.68111019411374,120.20865338231157,107.76020880398585,117.54598999023438,332607200
2020-09-08,AAPL,110.73384613966655,115.6315969151868,109.49969417268505,109.6357421875,231366600
2020-09-09,AAPL,113.95040860522089,115.77734405892133,112.00685741079339,114.00871276855469,176940500
2020-09-10,AAPL,116.9629291163385,117.09897712734502,109.32477117698187,110.28682708740234,182274400
2020-09-11,AAPL,111.33633798711266,111.97771348674671,106.89532348087856,108.83887481689453,180860300
2020-09-14,AAPL,111.48209862954259,112.65794622230302,109.61629124668603,112.10403442382812,140150100
2020-09-15,AAPL,114.9902161756601,115.4761040079777,110.40343385233226,112.27896118164062,184642000
2020-09-16,AAPL,111.97772065587975,112.72598470596552,108.87775370396636,108.9652099609375,154679000
2020-09-17,AAPL,106.6232270995851,109.03322659577087,105.64173160246284,107.22572326660156,178011000
2020-09-18,AAPL,107.28403508185545,107.7504832499777,103.09567691699868,103.82450866699219,287104900
2020-09-21,AAPL,101.58943734580029,107.07997179185173,100.19007789948417,106.97307586669922,195713800
2020-09-22,AAPL,109.49969103484163,109.67461096517128,106.07904368113599,108.65424346923828,183055400
2020-09-23,AAPL,108.469601478443,108.94576947432667,103.75648361182957,104.09661102294922,150718700
2020-09-24,AAPL,102.2016466950428,107.13826893890365,102.03644660847966,105.16556549072266,167743300
2020-09-25,AAPL,105.3696421159189,109.26646484753799,104.63109048927913,109.11097717285156,149981400
2020-09-28,AAPL,111.76393904662547,112.06518717809003,109.59687570753539,111.71534729003906,137672400
2020-09-29,AAPL,111.31691166111466,112.05545586998878,110.36456819358912,110.86988830566406,99382200
2020-09-30,AAPL,110.57836749432273,113.95043065542163,110.41316739020328,112.54135131835938,142675200
2020-10-01,AAPL,114.31970607857447,114.39744992300979,112.5607942290766,113.49369812011719,116120400
2020-10-02,AAPL,109.70375758314337,112.11376456822066,109.0526696470594,109.83008575439453,144712000
2020-10-05,AAPL,110.69498025864371,113.35764376217921,110.34514039230349,113.21187591552734,106243800
2020-10-06,AAPL,112.43444447771981,112.84259590260606,109.08182130955358,109.96614074707031,161498200
2020-10-07,AAPL,111.38493900127487,112.2886907442599,110.9087635462189,111.83195495605469,96849000
2020-10-08,AAPL,112.96894671554469,113.1147145812158,111.35579518649142,111.7250747680664,83477200
2020-10-09,AAPL,112.02631376339767,113.69776933647424,111.67647388000671,113.66861724853516,100506900
2020-10-12,AAPL,116.67139765020474,121.64689230757452,115.91341372886069,120.88890838623047,240226800
2020-10-13,AAPL,121.7343481891843,121.85096395135838,116.2729730734288,117.68204498291016,262330500
2020-10-14,AAPL,117.58486859235376,119.5575722262898,116.2438206939987,117.7695083618164,150712000
2020-10-15,AAPL,115.36923056556877,117.77923053145645,114.81531862538753,117.30306243896484,112559200
2020-10-16,AAPL,117.85697447987833,118.11935811253977,115.45668693235429,115.66075897216797,115393800
2020-10-19,AAPL,116.57422957130423,117.02124557068035,112.39559788284319,112.7065658569336,120639300
2020-10-20,AAPL,112.92034331318091,115.62188622477068,112.36643141199016,114.19337463378906,124423700
2020-10-21,AAPL,113.37706680716391,115.35949008406753,113.16327497131253,113.57142639160156,89946000
2020-10-22,AAPL,114.13505561823894,114.70840714970598,111.35577645934274,112.48303985595703,101988000
2020-10-23,AAPL,113.10497897085499,113.2604666496336,111.05453154484074,111.79308319091797,82572600
2020-10-26,AAPL,110.79215536953423,113.2604666650257,109.69404402667767,111.80280303955078,111850700
2020-10-27,AAPL,112.23037983284465,113.96985932342135,111.30719583151641,113.30905151367188,92276800
2020-10-28,AAPL,111.80279714568576,112.17206924227749,107.96427868585248,108.06145477294922,143937800
2020-10-29,AAPL,109.19844245324492,113.62973745029149,109.0332349429399,112.06517791748047,146129200
2020-10-30,AAPL,107.92540973464747,108.8291614562022,104.67968236923052,105.78750610351562,190272600
2020-11-02,AAPL,106.03043502111758,107.55612239802188,104.29095582856081,105.70002746582031,122866900
2020-11-03,AAPL,106.56493781497865,108.3432818947634,105.6611860241768,107.32292175292969,107624400
2020-11-04,AAPL,110.91849140042434,112.32756337251364,109.17901179452487,111.70562744140625,138235500
2020-11-05,AAPL,114.62093643763855,116.24380742886032,113.57142435671982,115.67045593261719,126387100
2020-11-06,AAPL,115.1788748490344,116.03551019200556,113.04701195376393,115.53905487060547,114457900
2020-11-09,AAPL,117.30100266982897,118.75144452373826,112.96914288637264,113.23197174072266,154515300
2020-11-10,AAPL,112.48241007857042,114.46824612623837,111.10010224382926,112.8912582397461,138023400
2020-11-11,AAPL,114.07887428608585,116.45409278270938,113.34878508110145,116.31781005859375,112295000
2020-11-12,AAPL,116.44436895423854,117.33020670166636,115.42224104958544,116.04524993896484,103162300
2020-11-13,AAPL,116.269139549406,116.49302940870272,114.74081980829087,116.09391784667969,81581900
2020-11-16,AAPL,115.7629391328116,117.77798498184063,115.01338417236556,117.10630798339844,91183000
2020-11-17,AAPL,116.37622254278644,117.46648433849896,115.80188183810091,116.22046661376953,74271000
2020-11-18,AAPL,115.46119538850039,116.6390719587161,114.8673888013958,114.89659118652344,76322100
2020-11-19,AAPL,114.46827414172893,115.89925048291876,113.70898239175547,115.49040222167969,74113000
2020-11-20,AAPL,115.49038264932382,115.61692877725572,114.17622350270929,114.22489166259766,73604300
2020-11-23,AAPL,114.06914317462709,114.49746457209459,110.73020141936897,110.82754516601562,127959300
2020-11-24,AAPL,110.88595091749468,112.77444325872074,109.60098679969664,112.11249542236328,113874200
2020-11-25,AAPL,112.4824235383736,113.65056340347142,112.11250688717266,112.94967651367188,76499200
2020-11-27,AAPL,113.47533860340312,114.3709129708123,113.1346317708944,113.49480438232422,46691300
2020-11-30,AAPL,113.86470584710362,117.7585146753094,113.70894992908693,115.88948822021484,169410200
2020-12-01,AAPL,117.79747164276061,120.19216354656007,116.82401928706074,119.46207427978516,127728200
2020-12-02,AAPL,118.78064316901394,120.0948096799896,117.68064477339988,119.81250762939453,89004200
2020-12-03,AAPL,120.24082808918226,120.49392777356492,118.96560791819012,119.67623138427734,78967600
2020-12-04,AAPL,119.34526159986807,119.5983613009378,118.29393123559595,119.00455474853516,78260400
2020-12-07,AAPL,119.0629479962768,121.26295226566269,119.00454323508524,120.4647216796875,86712000
2020-12-08,AAPL,121.06825849577237,121.66206495991713,119.82223338247024,121.07798767089844,82225500
2020-12-09,AAPL,121.22402938804677,122.60633005014087,117.787743513511,118.54703521728516,115089200
2020-12-10,AAPL,117.30101190387383,120.58154910132534,116.96030505591354,119.96826934814453,81312200
2020-12-11,AAPL,119.17975935630199,119.50100038149354,117.3496717985599,119.16029357910156,86939800
2020-12-14,AAPL,119.34526590931088,120.0753552286095,118.31340871462832,118.54703521728516,79184500
2020-12-15,AAPL,121.03907714077828,124.50457300101239,120.83465301231115,124.48509979248047,157243700
2020-12-16,AAPL,124.02757900581949,124.9620850306005,123.20013848993348,124.41695404052734,98208600
2020-12-17,AAPL,125.47799742873109,126.13995272668132,124.64082784390504,125.28330993652344,94359800
2020-12-18,AAPL,125.53642108894336,125.67270382324948,122.77181256405065,123.29747772216797,192541500
2020-12-21,AAPL,121.70100925990957,124.90366837554562,120.17268937086521,124.82579040527344,121251600
2020-12-22,AAPL,128.11605471749206,130.84172406271304,126.20808171972651,128.37889099121094,168904800
2020-12-23,AAPL,128.65143885689488,128.91426024098962,127.30807014560702,127.4832992553711,88223700
2020-12-24,AAPL,127.83375369258947,129.91694086606563,127.61959301416368,128.46649169921875,54930100
2020-12-28,AAPL,130.43288465030292,133.6939410837403,129.96561683148184,133.0612030029297,124486200
2020-12-29,AAPL,134.38507537843176,135.1054204796811,130.77356128298763,131.28948974609375,121047300
2020-12-30,AAPL,131.98063489209892,132.37975381009915,129.8585016321147,130.17001342773438,96452100
2020-12-31,AAPL,130.52050244643019,131.1629846094566,128.22315413773092,129.1674041748047,99116600
2021-01-04,AAPL,129.97535392263828,130.0629610638514,123.39481436257799,125.9744644165039,143301900
2021-01-05,AAPL,125.46826076163048,128.24260563447913,125.020466187956,127.53197479248047,97664900
2021-01-06,AAPL,124.32933639261917,127.57093452826126,123.02490637051051,123.23906707763672,155088000
2021-01-07,AAPL,124.95233107817177,128.13552408640413,124.46560495444153,127.44436645507812,109578200
2021-01-08,AAPL,128.9142743130051,129.1089766459298,126.77268233415623,128.54437255859375,105158200
2021-01-11,AAPL,125.76030156918269,126.71428063801753,125.08861712398671,125.55587005615234,100384500
2021-01-12,AAPL,125.08862234580894,126.24703297603195,123.49216114503781,125.38066101074219,91951100
2021-01-13,AAPL,125.34173316138947,127.9603226503501,125.07891169236268,127.41519165039062,88636800
2021-01-14,AAPL,127.32754059215881,127.52222804591626,125.34168994421114,125.48771667480469,90221800
2021-01-15,AAPL,125.36119363586094,126.76296740977297,123.62844962469308,123.76473236083984,111598500
2021-01-19,AAPL,124.38771815813641,125.29303640790387,123.57002189323133,124.43639373779297,90757300
2021-01-20,AAPL,125.24437293876636,128.97269692470792,125.13729259464834,128.52490234375,104319500
2021-01-21,AAPL,130.24791374177147,135.9620736838479,130.04348223408022,133.2364044189453,120150900
2021-01-22,AAPL,132.66203609199488,136.13726682824685,131.43549193115814,135.3779754638672,114459400
2021-01-25,AAPL,139.2718354812106,141.23819854253642,132.9151779412319,139.1258087158203,157611700
2021-01-26,AAPL,139.78772681607,140.46914031198884,137.6169179490498,139.35940551757812,98390600
2021-01-27,AAPL,139.62227559520105,140.46918931400648,136.68245993673887,138.2886505126953,140843800
2021-01-28,AAPL,135.81607367562873,138.22050212672593,133.07093096645877,133.45057678222656,142621100
2021-01-29,AAPL,132.22402749273948,133.10987264929705,126.753230328146,128.45677185058594,177523800
2021-02-01,AAPL,130.19924214528973,131.7859741111612,127.45409959233686,130.57888793945312,106239800
2021-02-02,AAPL,132.12665611956461,132.69126014883398,131.03639446508643,131.40631103515625,83305400
2021-02-03,AAPL,132.15589194554707,132.165635975879,130.0629752354402,130.38421630859375,89880900
2021-02-04,AAPL,132.68154013575978,133.75232866214105,131.01693030921246,133.7425994873047,84183100
2021-02-05,AAPL,133.90348403057772,133.97171978594034,132.45086722756864,133.32827758789062,75693800
2021-02-08,AAPL,132.6165797613071,133.52325088194496,131.53443254526087,133.47450256347656,71297200
2021-02-09,AAPL,133.19178552172198,134.4201778248724,132.44111786524098,132.5970916748047,76774200
2021-02-10,AAPL,133.05529021983176,133.5525022619222,131.0274820724659,131.99264526367188,73046600
2021-02-11,AAPL,132.48981847138168,132.96752812373632,130.41327725499468,131.73915100097656,64280000
2021-02-12,AAPL,130.97873504321333,132.12911793128706,130.33529298247856,131.97312927246094,60145100
2021-02-16,AAPL,132.09017454240117,132.5971155475775,129.45791334796667,129.84788513183594,80576300
2021-02-17,AAPL,127.95654680963715,128.90220781232136,126.2212134982147,127.55683135986328,97918500
2021-02-18,AAPL,125.95797287967874,126.7379014019475,124.21289601346298,126.45518493652344,96856700
2021-02-19,AAPL,126.9719012661051,127.43010877587982,125.5680327149572,126.61117553710938,87668800
2021-02-22,AAPL,124.797821900289,126.46491917771368,122.44830023340782,122.83826446533203,103916400
2021-02-23,AAPL,120.65447173544518,123.53044391763328,115.41921936454152,122.70177459716797,158273000
2021-02-24,AAPL,121.80486663626253,122.40930413496974,119.16286991288813,122.20457458496094,111039900
2021-02-25,AAPL,121.55141178976116,123.28674515580227,117.51529718125303,117.9540023803711,148199500
2021-02-26,AAPL,119.51383705660506,121.71712880247114,118.15871701805524,118.21721649169922,164560400
2021-03-01,AAPL,120.64473383419431,124.71984514122286,119.70882406427694,124.58335876464844,116307900
2021-03-02,AAPL,125.18780674062197,125.49002551913253,121.87312157746639,121.98036193847656,102260900
2021-03-03,AAPL,121.6781252666424,122.55554294590044,118.78265064406548,118.99713134765625,112966300
2021-03-04,AAPL,118.6949297486631,120.49850624904042,115.64347345208853,117.1155776977539,178155000
2021-03-05,AAPL,117.94423786319923,118.88014757741405,114.61980182519049,118.3731918334961,153766600
2021-03-08,AAPL,117.89548670485603,117.96372988743823,113.29392514231552,113.4401626586914,154376600
2021-03-09,AAPL,116.04317714685729,118.99714411910483,115.80920155325997,118.05148315429688,129525800
2021-03-10,AAPL,118.63642743151894,119.10437859558475,116.45263053937967,116.9693374633789,111943300
2021-03-11,AAPL,119.46511372045273,120.11829967481488,118.2172338560144,118.89966583251953,103026500
2021-03-12,AAPL,117.37879987716553,118.12947496626138,116.16991732521446,117.99298858642578,88105100
2021-03-15,AAPL,118.36346113570012,120.88846666765528,117.39829786101335,120.87871551513672,92403800
2021-03-16,AAPL,122.54580261068884,124.02766536377307,121.59039794957519,122.4190673828125,115227900
2021-03-17,AAPL,120.93721148152662,122.70179070070945,119.27011403289939,121.62939453125,111932600
2021-03-18,AAPL,119.79656889154106,120.08904396527872,117.30080936399335,117.50553894042969,121229700
2021-03-19,AAPL,116.89134977056929,118.38295627751944,116.67686904236336,116.97908782958984,185549500
2021-03-22,AAPL,117.31054202279068,120.76171313425421,117.24229884140365,120.29375457763672,111912300
2021-03-23,AAPL,120.23528824072892,121.12244978834059,119.07514647128622,119.4651107788086,95467100
2021-03-24,AAPL,119.73808337691133,119.8160777258849,117.05708899403655,117.07658386230469,88530500
2021-03-25,AAPL,116.54036291521213,118.60716806474952,116.01391233642575,117.56401062011719,98844700
2021-03-26,AAPL,117.33005928068575,118.4317089821302,115.93594193373995,118.1684799194336,94071200
2021-03-29,AAPL,118.59743388740822,119.50409766319855,117.70052126390267,118.34395599365234,80819200
2021-03-30,AAPL,117.09607936818357,117.37880328833072,115.87744562855794,116.89134979248047,85671900
2021-03-31,AAPL,118.59743876993915,120.42051011090868,118.10998526692909,119.08489227294922,118323800
2021-04-01,AAPL,120.5570011392304,121.06394949790783,119.41635431579364,119.91355895996094,75089100
2021-04-05,AAPL,120.76171631176526,122.99425393009696,119.9817878428641,122.74077606201172,88651200
2021-04-06,AAPL,123.32573080877205,123.93991951774667,122.49706137788411,123.04300689697266,80171300
2021-04-07,AAPL,122.67254799737614,124.71010003062226,121.99985979599343,124.69060516357422,83466700
2021-04-08,AAPL,125.7142674952822,127.1181360985941,125.2950645829636,127.0888900756836,88844600
2021-04-09,AAPL,126.54294370866688,129.70163317095958,126.22122258271084,129.6626434326172,106686700
2021-04-12,AAPL,129.19468770758402,129.51640882237047,127.35211395991703,127.94680786132812,91420000
2021-04-13,AAPL,129.11669192988782,131.28098676840776,128.6194798143975,131.05674743652344,91266500
2021-04-14,AAPL,131.55394754511985,131.61243958256816,128.35625390681537,128.7169647216797,87222800
2021-04-15,AAPL,130.46205515581354,131.61243821608534,130.286564169391,131.12498474121094,89347100
2021-04-16,AAPL,130.93003499179508,131.29074588188703,129.935625520087,130.79354858398438,84922400
2021-04-19,AAPL,130.1598082608944,132.07063223335706,129.99407588140957,131.45643615722656,94264200
2021-04-20,AAPL,131.6319582978669,132.12915555406386,128.502500021129,129.76988220214844,94812300
2021-04-21,AAPL,129.03863154219164,130.393751051542,128.0052329794214,130.1500244140625,68847100
2021-04-22,AAPL,129.701600029045,130.78374722132708,128.11251198833915,128.62921142578125,84566500
2021-04-23,AAPL,128.8437210981472,131.72943767595572,128.8437210981472,130.94952392578125,78657500
2021-04-26,AAPL,131.44671790843336,131.67094236224486,130.20858180313348,131.3394775390625,66905100
2021-04-27,AAPL,131.6221681983873,132.01213986314156,130.74475798551163,131.01773071289062,66015800
2021-04-28,AAPL,130.93976637575503,131.63195694182536,129.74063484322053,130.22808837890625,107760100
2021-04-29,AAPL,133.04556205861587,133.63051222031285,129.12643167740748,130.13058471679688,151101000
2021-04-30,AAPL,128.47323262027362,130.20856574635297,127.78105703815494,128.16127014160156,109839500
2021-05-03,AAPL,128.72671884393358,130.70579381831388,128.52199669631204,129.21417236328125,75135100
2021-05-04,AAPL,127.89803861753046,128.19051366277054,123.52070128030383,124.641845703125,137564700
2021-05-05,AAPL,125.9579629580567,127.17659652939219,124.75883168911403,124.88557434082031,84000900
2021-05-06,AAPL,124.68088226712398,126.49421026949156,123.93995070623303,126.48446655273438,78128300
2021-05-07,AAPL,127.78326383187955,128.18364330353234,126.44536250089044,127.15826416015625,78973300
2021-05-10,AAPL,126.37701270502987,126.50395575349485,123.83794311938117,123.87700653076172,88071200
2021-05-11,AAPL,120.60553259243801,123.31060887111242,119.89263831181255,122.95905303955078,126142800
2021-05-12,AAPL,120.50787096501224,121.71880695136791,119.38482206893003,119.89263153076172,112172300
2021-05-13,AAPL,121.66021008886267,123.19341357180042,121.34771025318693,122.04106903076172,105861300
2021-05-14,AAPL,123.29105636497444,124.8926187981441,122.90042974578068,124.46292877197266,81918000
2021-05-17,AAPL,123.84769755764366,123.95512006477786,122.23636740121376,123.31058502197266,74244600
2021-05-18,AAPL,123.59377232800956,124.01369458499495,121.85549192253863,121.9238510131836,63342900
2021-05-19,AAPL,120.27349147179841,121.99223682754793,119.9805196188087,121.76763153076172,92612000
2021-05-20,AAPL,122.29497252696002,124.72661200774762,122.16801458440843,124.32621765136719,76857100
2021-05-21,AAPL,124.82425702211704,125.000038624456,122.27542751349361,122.49027252197266,79295400
2021-05-24,AAPL,123.05669713625909,124.94146389287052,122.98833802904868,124.12114715576172,63092900
2021-05-25,AAPL,124.82427074399982,125.31255964913692,123.35942638033971,123.92583465576172,72009500
2021-05-26,AAPL,123.98442904941227,124.40435140852335,123.45708417165065,123.87700653076172,56575900
2021-05-27,AAPL,123.476627687615,124.6485003034277,122.14850141604893,122.34381103515625,94625600
2021-05-28,AAPL,122.62699835536803,122.85161109201668,121.63090751379944,121.68949890136719,71311100
2021-06-01,AAPL,122.14849423744593,122.41216295280358,121.0352130826755,121.36724090576172,67637100
2021-06-02,AAPL,121.3672417498929,122.30474128408406,121.14263644461568,122.12895965576172,59278900
2021-06-03,AAPL,121.75786579428137,121.92387970340114,120.2441902802076,120.64458465576172,76229200
2021-06-04,AAPL,121.16215477898149,123.20317504815017,120.94730975584969,122.93949890136719,75169300
2021-06-07,AAPL,123.21294086384106,123.35942679081123,121.90435013756394,122.94927215576172,71057600
2021-06-08,AAPL,123.63286644051075,125.44928155152503,123.2520074907996,123.76958465576172,74403800
2021-06-09,AAPL,124.22857085419675,124.75591573650723,123.55474004059155,124.15044403076172,56877900
2021-06-10,AAPL,124.04301097808155,125.1855951846905,122.98832875360279,123.15434265136719,71186400
2021-06-11,AAPL,123.56452163585193,124.45319758843415,123.1445992259498,124.36530303955078,53522400
2021-06-14,AAPL,124.82425243468346,127.4804968993435,124.09183036028564,127.42190551757812,96906500
2021-06-15,AAPL,126.89460305506064,127.53913823394846,126.35749040598746,126.60163116455078,62746300
2021-06-16,AAPL,127.31451546549631,127.82233240549729,125.44929143219892,127.09967041015625,91815000
2021-06-17,AAPL,126.75785199451342,129.44339964312107,126.61135863661735,128.70120239257812,96721700
2021-06-18,AAPL,127.64651493849462,128.4277531644962,127.18752928507848,127.40237426757812,108953300
2021-06-21,AAPL,127.24615390753081,129.30670230447237,126.18170388050524,129.19927978515625,79663300
2021-06-22,AAPL,129.03324210427792,130.93753650393603,128.5351855604838,130.83987426757812,74783600
2021-06-23,AAPL,130.63483384623305,131.17194646480604,130.10748149302736,130.56646728515625,60214200
2021-06-24,AAPL,131.2988830515641,131.4844323925828,129.81450322458238,130.28326416015625,68711000
2021-06-25,AAPL,130.33206780671978,130.7519826258196,129.6972930949088,129.99026489257812,70783700
2021-06-28,AAPL,130.28325319231956,132.08012525724726,130.22466180559726,131.6211395263672,62111300
2021-06-29,AAPL,131.64065638724745,133.2910497525751,131.2012061476498,133.13479614257812,64556100
2021-06-30,AAPL,132.9785680012639,134.1895113589195,132.68559615169934,133.75006103515625,63261400
2021-07-01,AAPL,133.39850004575504,134.11138680082388,132.5781758729055,134.05279541015625,52485800
2021-07-02,AAPL,134.66801646633246,136.7188044942125,134.52153799341264,136.67974853515625,78852600
2021-07-06,AAPL,136.78717260963688,139.79497322979873,136.78717260963688,138.69146728515625,108181800
2021-07-07,AAPL,140.17584334226723,141.49420932337944,139.31647805419703,141.1817169189453,104911600
2021-07-08,AAPL,138.2617755637112,140.68364735524526,137.37309975875638,139.88287353515625,105575500
2021-07-09,AAPL,139.4043563311566,142.2363828285555,139.30669407903906,141.70904541015625,99890800
2021-07-12,AAPL,142.78327143895456,142.89069395646402,140.62506082396192,141.11334228515625,76299700
2021-07-13,AAPL,140.65437172290618,144.00399065736747,140.26375247219565,142.2266387939453,100827100
2021-07-14,AAPL,144.62896358307862,146.0645121600824,144.2187940743634,145.6543426513672,127050800
2021-07-15,AAPL,145.74225840567044,146.48444087501676,143.64263914576114,145.00006103515625,106820300
2021-07-16,AAPL,144.9805223346472,146.2500420755194,142.46098847923267,142.9590301513672,93251400
2021-07-19,AAPL,140.38090857655365,140.69341583864048,138.3496560764886,139.1113739013672,121434600
2021-07-20,AAPL,140.09774354697396,143.6524324995489,139.60946201556987,142.7246856689453,96350000
2021-07-21,AAPL,142.11920648842988,142.7051502253578,141.24030578420624,141.99224853515625,74993500
2021-07-22,AAPL,142.51957617960753,144.72660272403846,142.39261824833602,143.3594207763672,77338200
2021-07-23,AAPL,144.09187799846512,145.23445495496276,143.47663852143975,145.0782012939453,71447400
2021-07-26,AAPL,144.79496626398165,146.31840180292855,144.23831833181586,145.4980926513672,72434100
2021-07-27,AAPL,145.62506850801552,145.71297050212902,142.13874637735347,143.3301544189453,104818600
2021-07-28,AAPL,141.41609361273288,143.52547338784896,139.19929130551824,141.5821075439453,118931200
2021-07-29,AAPL,141.29890689763087,143.1153147256564,141.1914843685101,142.2266387939453,56699500
2021-07-30,AAPL,140.9961734481876,142.90046835495775,140.7324972607366,142.4414825439453,70440600
2021-08-02,AAPL,142.9297606339798,143.50592922511103,141.84577511280253,142.1094512939453,62880000
2021-08-03,AAPL,142.39262044590672,144.5703513322944,141.77738110937673,143.9062957763672,64786600
2021-08-04,AAPL,143.8183971180824,144.3261990077798,142.85159465298884,143.50588989257812,56368300
2021-08-05,AAPL,143.53521546251628,144.37506017943633,142.74420187239215,143.61334228515625,46397700
2021-08-06,AAPL,143.13416407505403,143.87745873785474,142.4299839004016,142.92877197265625,54126800
2021-08-09,AAPL,142.9874052395685,143.47641826359128,142.3223546901742,142.87982177734375,48908700
2021-08-10,AAPL,143.22212723273427,144.46422440880676,142.1071782098756,142.4005889892578,69023100
2021-08-11,AAPL,142.84071932029642,143.49599503680233,142.33214155394316,142.65489196777344,48493500
2021-08-12,AAPL,142.97764896165427,145.77480442008488,142.63533383088497,145.61831665039062,72282600
2021-08-13,AAPL,145.69653653501413,146.15620995558572,145.01192130974562,145.8236846923828,59375000
2021-08-16,AAPL,145.27596199320675,147.8677396068058,143.25145612128088,147.7992706298828,103296000
2021-08-17,AAPL,146.92885446726953,148.34698930481986,145.8139053280962,146.88973999023438,92229700
2021-08-18,AAPL,146.50831793002382,147.40810018292743,142.93851358506976,143.14390563964844,86326000
2021-08-19,AAPL,141.8431535530235,144.74789286728046,141.32480080622992,143.47645568847656,86960300
2021-08-20,AAPL,144.20015057068707,145.23685570513334,143.55464985258175,144.9336700439453,60549600
2021-08-23,AAPL,145.05102753102452,146.8897211086949,144.6402584192349,146.42027282714844,60131800
2021-08-24,AAPL,146.16601272730568,147.54503325209566,145.87260188236166,146.332275390625,48606400
2021-08-25,AAPL,146.51807985316438,147.0168826886461,144.5522528692755,145.09994506835938,58991300
2021-08-26,AAPL,145.09017201862116,145.84324134015625,144.26861878609316,144.29795837402344,48597200
2021-08-27,AAPL,144.2392565978135,145.48135367838458,143.60354572760687,145.33465576171875,55802400
2021-08-30,AAPL,145.72586326960624,150.11720505871097,145.34443375463215,149.7553253173828,90956700
2021-08-31,AAPL,149.3054768809692,149.4423999461669,147.96557089636175,148.49371337890625,86453100
2021-09-01,AAPL,149.4717126602179,151.57446255268852,148.99247455645138,149.1587371826172,80313700
2021-09-02,AAPL,150.48886382470346,151.32019193818465,149.05116433458483,150.27369689941406,71115500
2021-09-03,AAPL,150.38128139931968,151.23217421828528,149.72600573087058,150.909423828125,57808700
2021-09-07,AAPL,151.56469648456283,153.8043695479327,150.99743959102315,153.2469024658203,82278300
2021-09-08,AAPL,153.53054912098804,153.58922830539066,150.59647051289338,151.70164489746094,74420200
2021-09-09,AAPL,152.073273942186,152.67964530991367,150.56710548729126,150.68447875976562,57305700
2021-09-10,AAPL,151.59404461667017,152.06349296335642,145.43247723787448,145.69654846191406,140893200
2021-09-13,AAPL,147.32006383534568,148.09269782306362,145.48137014638132,146.2637939453125,102404300
2021-09-14,AAPL,147.04621254489265,147.7503924466826,143.6818007748944,144.86520385742188,109296300
2021-09-15,AAPL,145.29554507646444,146.1562127610325,143.15366567640987,145.75521850585938,83281300
2021-09-16,AAPL,145.1781923829195,145.69654500672686,143.98499938228917,145.52049255371094,68034100
2021-09-17,AAPL,145.54982496459772,145.54982496459772,142.5570531057093,142.8504638671875,129868800
2021-09-20,AAPL,140.64017542374413,141.65731614069242,138.16577024578245,139.799072265625,123478900
2021-09-21,AAPL,140.76728757977574,141.42257819093177,139.64256354879453,140.2782745361328,75834000
2021-09-22,AAPL,141.27586560496235,143.21235308306478,140.54234603803783,142.64511108398438,76404300
2021-09-23,AAPL,143.42749371857937,143.84805262005506,142.4396929220293,143.60354614257812,64838200
2021-09-24,AAPL,142.4592969995775,144.22952199810462,142.36148841215257,143.6916046142578,53477900
2021-09-27,AAPL,142.27345249653945,142.75269063959104,140.65971546291632,142.17564392089844,74150700
2021-09-28,AAPL,140.10223840010562,141.56927754565646,138.5765200764918,138.79168701171875,108972300
2021-09-29,AAPL,139.33937729818666,141.2758647647725,138.90904343372455,139.69146728515625,74602000
2021-09-30,AAPL,140.5032258841864,141.20740583386313,138.17551911033874,138.39068603515625,89056700
2021-10-01,AAPL,138.7818766539813,139.77946730384753,136.0531908135578,139.51539611816406,94639600
2021-10-04,AAPL,138.64495809209728,139.08508172360442,135.23165695964403,136.08253479003906,98322000
2021-10-05,AAPL,136.42483442827913,139.11440557964133,136.29768628924325,138.0092315673828,80861100
2021-10-06,AAPL,136.40527999667046,139.02638237086833,135.32944548577333,138.8796844482422,83221100
2021-10-07,AAPL,139.91641559084152,141.05092948182715,139.58389028870607,140.141357421875,61732700
2021-10-08,AAPL,140.86509243785557,141.01179037767685,139.42739293363346,139.75991821289062,58773200
2021-10-11,AAPL,139.14374758559657,141.6279267805162,138.6938491097419,139.671875,64452200
2021-10-12,AAPL,140.08264210270863,140.10220679881462,137.94076304556515,138.4004364013672,73035900
2021-10-13,AAPL,138.1364253624136,138.29289821199288,136.14124356444967,137.8136749267578,78762700
2021-10-14,AAPL,138.9872611601966,140.7183711807061,138.40043965116223,140.6009979248047,69907100
2021-10-15,AAPL,140.6108377905611,141.7159973023287,140.35654141515744,141.65731811523438,67940300
2021-10-18,AAPL,140.29787018170802,143.61337875196313,140.01424912017458,143.3297576904297,85589200
2021-10-19,AAPL,143.77960431394027,145.8921441646938,143.32972068785898,145.49114990234375,76378900
2021-10-20,AAPL,145.43242576664034,146.4593557869057,144.86516904188912,145.98011779785156,58418800
2021-10-21,AAPL,145.54005210514717,146.35181550626882,144.62070524306984,146.19532775878906,61421000
2021-10-22,AAPL,146.40072504621372,146.879948270264,145.37379468633046,145.42269897460938,58883400
2021-10-25,AAPL,145.41292429505054,146.08776474244283,144.3762189390256,145.37380981445312,50720600
2021-10-26,AAPL,146.04866954388643,147.52548388820998,145.73569396380626,146.0388946533203,60893400
2021-10-27,AAPL,146.07796575011088,146.43983059903536,145.22708789518356,145.5791778564453,56094900
2021-10-28,AAPL,146.5278661763529,149.804244404835,146.43005760449074,149.21743774414062,100077900
2021-10-29,AAPL,143.98497686283406,146.64520855406127,143.19277825689716,146.50828552246094,124953200
2021-11-01,AAPL,145.71612242772915,146.4105126416791,144.55226891374826,145.68678283691406,74588300
2021-11-02,AAPL,145.3933943678412,148.23945450260746,145.3836045537339,146.7235107421875,69122000
2021-11-03,AAPL,147.08534391435344,148.63062693615777,146.52787680010098,148.1611785888672,54511500
2021-11-04,AAPL,148.24919365421385,149.0805068605867,147.32984675958332,147.642822265625,60394600
2021-11-05,AAPL,148.76915899673787,149.07278712412187,146.976757690118,148.17169189453125,65463900
2021-11-08,AAPL,148.29907019202702,148.45578635175377,147.07475321655346,147.3489990234375,55020900
2021-11-09,AAPL,147.1139127718246,148.3186363926463,146.97678987957883,147.7113800048828,56787900
2021-11-10,AAPL,146.93757983621995,147.04532029086099,144.8121680903653,144.88072204589844,65187100
2021-11-11,AAPL,145.89940280376894,146.35973220816493,144.64568854947308,144.831787109375,41000000
2021-11-12,AAPL,145.38028875154347,147.30981351364665,144.44981083290466,146.9082489013672,63804000
2021-11-15,AAPL,147.28039221661786,148.75937630755206,146.3597036966309,146.91799926757812,59222800
2021-11-16,AAPL,146.85924274203003,148.3773984758072,146.27156473370576,147.8974609375,59256200
2021-11-17,AAPL,147.89745943010328,151.81527292494047,147.88767027666427,150.3363037109375,88807000
2021-11-18,AAPL,150.55179723889825,155.40987800940817,149.90535437132496,154.62631225585938,137827700
2021-11-19,AAPL,154.41082730572364,157.71159552855715,153.31384424629613,157.25125122070312,117305600
2021-11-22,AAPL,158.35800620438556,162.2954127503928,157.69198511799027,157.71157836914062,117467900
2021-11-23,AAPL,157.80951705712113,158.47555309859132,155.79184557181551,158.09356689453125,96041900
2021-11-24,AAPL,157.44714936539495,158.8085891260157,156.35995538782916,158.61270141601562,69463600
2021-11-26,AAPL,156.2913900038225,157.15329885394945,153.14733793761846,153.5880889892578,76959800
2021-11-29,AAPL,156.0954516132686,157.87806360999033,155.52736696415738,156.9475860595703,88748200
2021-11-30,AAPL,156.70273111321544,162.11910639926788,156.63416221186944,161.90362548828125,174048100
2021-12-01,AAPL,164.03887803890356,166.8009442517478,161.14949302605055,161.3845672607422,152052500
2021-12-02,AAPL,155.47843376037946,160.82624080588923,154.55774519881157,160.39527893066406,136739200
2021-12-03,AAPL,160.64998717410649,161.5706759695091,156.43833361283723,158.5147705078125,118023100
2021-12-06,AAPL,160.91439750803002,164.43064668165096,160.9046083540242,161.92324829101562,107497000
2021-12-07,AAPL,165.6059532134679,168.0545862779941,164.8811524460709,167.6627960205078,120405400
2021-12-08,AAPL,168.593312102322,172.34462027485748,167.19268602213367,171.48269653320312,116998900
2021-12-09,AAPL,171.31620335113058,173.11839407886248,170.3465390733042,170.973388671875,108923700
2021-12-10,AAPL,171.61005099944745,175.93923359247646,171.1007310045987,175.76292419433594,115402700
2021-12-13,AAPL,177.3986153833375,178.38787299583686,171.92347383588933,172.12916564941406,153237000
2021-12-14,AAPL,171.64921855709608,174.08806304841983,168.67168661995763,170.7481231689453,139380400
2021-12-15,AAPL,171.51205537967098,175.81185445345156,168.76958335178873,175.615966796875,131063300
2021-12-16,AAPL,175.5964093375668,177.41819331105674,167.24167279418768,168.72064208984375,150185800
2021-12-17,AAPL,166.43852716670187,169.90580094866743,166.20346789014454,167.62367248535156,195432700
2021-12-20,AAPL,164.82240940360504,167.07515510943043,164.01926542394992,166.26220703125,107499100
2021-12-21,AAPL,168.03504264727704,169.641345814115,165.64517367936028,169.4356689453125,91185900
2021-12-22,AAPL,169.48464932856695,172.2467157351397,168.6129361968646,172.03123474121094,92135300
2021-12-23,AAPL,172.23687751170715,173.21633086134378,171.6687927754853,172.6580352783203,68356600
2021-12-27,AAPL,173.45138279506557,176.71296410542078,173.4318044894933,176.62481689453125,74919600
2021-12-28,AAPL,176.4583204970068,177.60427913199814,174.86180674158715,175.60618591308594,79144300
2021-12-29,AAPL,175.6453755384828,176.91866791508298,174.4798236309474,175.69435119628906,62348900
2021-12-30,AAPL,175.7824840883525,176.85988869120052,174.43083375846518,174.53857421875,59773000
2021-12-31,AAPL,174.43084429030958,175.54742051646397,173.61789621276182,173.92153930664062,64062300
2022-01-03,AAPL,174.1761864672901,179.12242874444533,174.0586568508519,178.27029418945312,104487900
2022-01-04,AAPL,178.87758836256972,179.18121654083714,175.43969718796814,176.00778198242188,99310400
2022-01-05,AAPL,175.9196433238863,176.46813489136744,171.05175824457976,171.3260040283203,94537600
2022-01-06,AAPL,169.15157192201912,171.69815632959336,168.1133538766339,168.46595764160156,96904000
2022-01-07,AAPL,169.33771503993543,170.56203191509988,167.51593093187975,168.63250732421875,86709100
2022-01-10,AAPL,165.60596867727935,168.9556972289068,164.71466257169936,168.65206909179688,106765600
2022-01-11,AAPL,168.77941063247667,171.58063290230876,167.3102305884416,171.48269653320312,76138300
2022-01-12,AAPL,172.50133585944042,173.53955411934612,171.22805833783443,171.9234619140625,74805200
2022-01-13,AAPL,172.1683029139275,172.99104011356832,168.26027879772633,168.65206909179688,84505800
2022-01-14,AAPL,167.8195575274604,170.20942643626557,167.57469415475944,169.51402282714844,80440800
2022-01-18,AAPL,167.98607548786666,168.99491146380436,165.92923196932753,166.31121826171875,90956700
2022-01-19,AAPL,166.5071040161468,167.56491564685888,162.53052498206404,162.81455993652344,94815000
2022-01-20,AAPL,163.54911855874857,166.19363965286126,160.8066461501134,161.12986755371094,91420500
2022-01-21,AAPL,161.04175539217772,162.91251531175593,158.96531859071325,159.07305908203125,122848900
2022-01-24,AAPL,156.7321237742352,158.9652761385697,151.521424960607,158.2992401123047,162294600
2022-01-25,AAPL,155.71347420233516,159.41580630840494,153.7937541930319,156.49703979492188,115798400
2022-01-26,AAPL,160.14061983418955,161.01233270214277,154.57733208034693,156.40890502929688,108275300
2022-01-27,AAPL,159.112223875077,160.4736636918006,155.02790442490624,155.94859313964844,121954600
2022-01-28,AAPL,162.3052665652414,166.84993078156614,159.45505293330285,166.83033752441406,179935700
2022-01-31,AAPL,166.66381797685227,171.40436952425716,166.0271642085972,171.1888885498047,115541600
2022-02-01,AAPL,170.43469133018758,171.2476394960686,168.76962343591478,171.02236938476562,86213900
2022-02-02,AAPL,171.1595110141142,172.26629832848187,169.76868874093756,172.22711181640625,84914300
2022-02-03,AAPL,170.89501118442868,172.61885859356588,168.58350075012603,169.34747314453125,89418100
2022-02-04,AAPL,168.3667905913057,170.74010088602927,167.3860892995176,169.06309509277344,82465400
2022-02-07,AAPL,169.52402175607514,170.5929825465771,167.65087874308003,168.34718322753906,77251200
2022-02-08,AAPL,168.4157839513578,171.96593186115814,168.1215706490425,171.45596313476562,74829200
2022-02-09,AAPL,172.65244889591918,173.24086063611506,171.5246335396632,172.8780059814453,71285000
2022-02-10,AAPL,170.7792993410732,172.0934353035554,168.23928692904147,168.79827880859375,90865900
2022-02-11,AAPL,169.00424214752385,169.73976805864703,164.7970255558841,165.3854522705078,98670700
2022-02-14,AAPL,164.13996586391173,166.30732224292808,163.34560023389338,165.62083435058594,86185500
2022-02-15,AAPL,167.67048439097334,169.61226856573026,166.96437833391397,169.45535278320312,62527400
2022-02-16,AAPL,168.53352854543166,169.99476394129306,166.7682631690513,169.2200164794922,61177400
2022-02-17,AAPL,167.72933608370406,168.5923579851135,165.2187432406735,165.62083435058594,69589300
2022-02-18,AAPL,166.54270637048876,167.24879755806595,162.98275576839345,164.0713348388672,82772700
2022-02-22,AAPL,161.79610099125685,163.4731068473456,159.02071443579257,161.1488494873047,91162800
2022-02-23,AAPL,162.34531942395103,162.9435479364118,156.66706433380475,156.98089599609375,90009200
2022-02-24,AAPL,149.63543454420616,159.70724299641822,149.0666258865526,159.599365234375,141147500
2022-02-25,AAPL,160.6781069290293,161.9334034703252,157.76542269815738,161.6686248779297,91974200
2022-02-28,AAPL,159.91315308309024,162.22760877136363,159.2953064697166,161.9333953857422,95056600
2022-03-01,AAPL,161.52149747345592,163.3848388800103,158.84418717486,160.05044555664062,83474400
2022-03-02,AAPL,161.21747641613547,164.13016029917193,159.8052642347465,163.34559631347656,79724800
2022-03-03,AAPL,165.21874895199736,165.65025991761865,162.35510295615475,163.02197265625,76678400
2022-03-04,AAPL,161.3155594882437,162.35510045432284,158.9716840195684,160.02102661132812,83737200
2022-03-07,AAPL,160.2073525837716,161.8353202073776,155.9707161123603,156.2257080078125,96418800
2022-03-08,AAPL,155.75499927047608,159.73664445127486,152.7932769334802,154.40162658691406,131148300
2022-03-09,AAPL,158.36362016341366,160.25638119604568,156.33357653036765,159.8052520751953,91454900
2022-03-10,AAPL,157.1083251850628,157.29466080253508,152.96976503092125,155.46075439453125,105342000
2022-03-11,AAPL,155.86286998599314,156.20612146979485,151.51836986465503,151.74392700195312,96970100
2022-03-14,AAPL,148.52724088599334,151.14571212531354,147.20330282439596,147.7132568359375,108732100
2022-03-15,AAPL,147.9878433779772,152.5677323353664,147.4778893963599,152.09698486328125,92964300
2022-03-16,AAPL,154.01914186419623,156.9122077008172,151.47912909347468,156.51011657714844,102300200
2022-03-17,AAPL,155.54901392146604,157.8928891304827,154.58793096024448,157.5202178955078,75615400
2022-03-18,AAPL,157.41237930909367,161.30576513800085,156.6768532451588,160.81541442871094,123511700
2022-03-21,AAPL,160.3544483255179,163.13965111509174,159.86409772398687,162.18836975097656,95811400
2022-03-22,AAPL,162.31586266906788,166.1504082464849,161.72745088254396,165.56199645996094,81532000
2022-03-23,AAPL,164.7479978071537,169.308252341418,164.41454803066404,166.92515563964844,98062700
2022-03-24,AAPL,167.75875768604743,170.77931940838405,166.9251705809909,170.71067810058594,90131400
2022-03-25,AAPL,170.52435897204094,171.89733490405604,169.4161616355689,171.34814453125,80546200
2022-03-28,AAPL,168.84735290472764,172.33864738407132,168.68063546771577,172.21116638183594,90371900
2022-03-29,AAPL,173.28010585750482,175.55532497081904,172.93685443507036,175.5063018798828,100589400
2022-03-30,AAPL,175.1042096873483,176.14375060919454,173.28990640459241,174.33926391601562,92633200
2022-03-31,AAPL,174.40792609212167,174.59426174462104,171.03431102289065,171.24026489257812,103049300
2022-04-01,AAPL,170.67146498333403,171.5050671665747,168.62180263029362,170.94606018066406,78751300
2022-04-04,AAPL,171.20104367313095,175.0453912102986,171.0735477076942,174.99635314941406,76468400
2022-04-05,AAPL,174.07446238611692,174.85902633621265,171.05390090505156,171.68154907226562,73401800
2022-04-06,AAPL,169.0336712319797,170.27916603294383,166.8467115933005,168.51390075683594,89058800
2022-04-07,AAPL,167.85686415452201,170.01440435655695,166.57214764639596,168.8179473876953,77594700
2022-04-08,AAPL,168.4648674430598,168.4648674430598,165.93465630346196,166.80747985839844,76575500
2022-04-11,AAPL,165.45413695115786,165.76795361235142,162.3060789266503,162.55125427246094,72246700
2022-04-12,AAPL,164.77744578641645,166.59173431379904,163.42407312851623,164.4243927001953,79265200
2022-04-13,AAPL,164.1595904381064,167.73914420674996,163.55156041909547,167.1114959716797,70618900
2022-04-14,AAPL,167.32725269207126,167.96471752203973,161.85493758758528,162.10011291503906,75329400
2022-04-18,AAPL,160.75655343597518,163.38484067093813,160.41331696354428,161.88436889648438,69023900
2022-04-19,AAPL,161.83534399523174,164.5813108194766,160.74676487778993,164.16940307617188,67723800
2022-04-20,AAPL,165.5031266456754,165.62082096364503,162.89447286562967,164.00265502929688,67929800
2022-04-21,AAPL,165.65026467883652,168.21969736612456,162.70816069883412,163.20831298828125,87227800
2022-04-22,AAPL,163.2475363117759,164.63031369845396,158.38325153783305,158.6676483154297,84882400
2022-04-25,AAPL,158.01058942731927,160.0210300948507,155.40193532965264,159.73663330078125,96046400
2022-04-26,AAPL,159.11877502482716,159.20703454434567,153.69549840448505,153.77395629882812,95623200
2022-04-27,AAPL,152.90116485569044,156.70627626102967,152.38139429047249,153.54843139648438,88063200
2022-04-28,AAPL,156.17668589618484,161.3449860653006,155.862854289535,160.48196411132812,130216800
2022-04-29,AAPL,158.71668452045293,162.99254251007733,154.2152694364459,154.6075439453125,131747600
2022-05-02,AAPL,153.68569876055605,155.17635387935172,150.31208408187865,154.9115753173828,123055300
2022-05-03,AAPL,155.09793269514185,157.6085410477987,153.303262159751,156.4022674560547,88966500
2022-05-04,AAPL,156.58858056796436,163.26715427373458,156.18648942865437,162.8160400390625,108256500
2022-05-05,AAPL,160.687951761694,160.913508923705,151.95969916146092,153.7445831298828,130525300
2022-05-06,AAPL,153.22401904266582,156.59277501720737,151.4266967858706,154.47134399414062,116124600
2022-05-09,AAPL,152.163286830581,153.047223819661,148.78473018495143,149.34454345703125,131577900
2022-05-10,AAPL,152.74275136095326,153.94096598283207,150.1989918029188,151.7507781982422,115366700
2022-05-11,AAPL,150.7588463480562,152.67402087769284,143.20616949802272,143.88385009765625,142689800
2022-05-12,AAPL,140.22046241259886,143.58920335731457,136.32135622581737,140.0142059326172,182602000
2022-05-13,AAPL,142.0079831081942,145.45531293827213,140.55441637744042,144.4829864501953,113990900
2022-05-16,AAPL,142.95079475797485,144.88561601712348,141.60524980458257,142.9409637451172,86643800
2022-05-17,AAPL,146.20165612892745,147.0954089298026,144.0605788139901,146.5748748779297,78336300
2022-05-18,AAPL,144.22756749777338,144.728454553279,137.40166819210114,138.3052520751953,109742900
2022-05-19,AAPL,137.38205052865445,139.13026237954173,134.160625433561,134.89723205566406,136095600
2022-05-20,AAPL,136.60614779257094,138.1873972505803,130.2418708685785,135.1329345703125,137426100
2022-05-23,AAPL,135.32940758304113,140.70172822129726,135.1919082334057,140.55441284179688,117726300
2022-05-24,AAPL,138.2954308094958,139.43471927603565,134.87758039617586,137.8534698486328,104132700
2022-05-25,AAPL,135.95794665102005,139.25794526331134,135.86955744381711,138.01063537597656,92482700
2022-05-26,AAPL,134.93652895354754,141.7624148884754,134.69099338044722,141.21241760253906,90601500
2022-05-27,AAPL,142.79363900414174,147.0070220098635,142.66595573580807,146.96774291992188,90978500
2022-05-31,AAPL,146.40794084331958,147.9695433008326,144.2177530085784,146.18203735351562,103718400
2022-06-01,AAPL,147.223134407982,149.03028774780992,145.0427771604216,146.0543975830078,74286600
2022-06-02,AAPL,145.19008953159607,148.5686612441736,144.23741035730646,148.50973510742188,72348100
2022-06-03,AAPL,144.27665857578705,145.32755774395642,141.88024460504298,142.7838134765625,88570300
2022-06-06,AAPL,144.40437947478588,145.91688699135824,142.31241160472894,143.5302734375,71598400
2022-06-07,AAPL,141.77225627538414,146.33921227466968,141.52672068431926,146.0543975830078,67808200
2022-06-08,AAPL,145.92668764129223,147.19364446593215,144.82669318974126,145.31776428222656,53950200
2022-06-09,AAPL,144.45347180040457,145.30793069054988,139.98472194082933,140.09275817871094,69473000
2022-06-10,AAPL,137.77492521441144,138.24634933788164,134.61242570462275,134.68118286132812,91437900
2022-06-13,AAPL,130.49721341200203,132.78560625742455,129.0927574306163,129.52490234375,122207100
2022-06-14,AAPL,130.75262407444748,131.49904691232265,129.132080103246,130.38922119140625,84784300
2022-06-15,AAPL,131.8918636674431,134.88740024350506,129.79991106375064,133.01150512695312,91533000
2022-06-16,AAPL,129.72135067721175,130.02581237807436,126.73562983340109,127.73741912841797,108123900
2022-06-17,AAPL,127.74724995941777,130.70349274398822,127.49188338256819,129.21063232421875,134520300
2022-06-21,AAPL,131.0374040187389,134.61240084976376,130.93919879539584,133.4436492919922,81000500
2022-06-22,AAPL,132.38294065988546,135.29990419534238,131.51866571381353,132.93295288085938,73409200
2022-06-23,AAPL,134.37670851634957,136.11508949160935,133.20795685254018,135.80081176757812,72433800
2022-06-24,AAPL,137.40169953003104,139.375815112003,137.27403122380292,139.13027954101562,89116800
2022-06-27,AAPL,140.15170092235036,140.92760171899965,138.45259896728206,139.13027954101562,70207900
2022-06-28,AAPL,139.59189131103963,140.85884829692233,134.86778919791305,134.9856414794922,67083400
2022-06-29,AAPL,135.00525640007206,138.15792407261875,134.2293557674798,136.74363708496094,66242400
2022-06-30,AAPL,134.79899171123657,135.8989859736656,131.38114169133365,134.27845764160156,98964500
2022-07-01,AAPL,133.61062978312276,136.5570566364842,133.23742590571564,136.4490203857422,71051600
2022-07-05,AAPL,135.3097312194843,139.08115356288656,134.4847204054961,139.03204345703125,73353800
2022-07-06,AAPL,138.82581180795694,141.54633502633234,138.56062920663072,140.36776733398438,74064300
2022-07-07,AAPL,140.7311436298687,143.93293666537267,140.72132760332855,143.73651123046875,66253700
2022-07-08,AAPL,142.66598770215515,144.91510200246088,142.41063609457171,144.41419982910156,64547800
2022-07-11,AAPL,143.06862984096085,144.02130882314293,141.2123819760872,142.2829132080078,63141600
2022-07-12,AAPL,143.15702881773996,145.7989934962315,142.45971631070495,143.2552490234375,77588800
2022-07-13,AAPL,140.4365056872071,143.83470899507392,139.58203186092555,142.89186096191406,71185600
2022-07-14,AAPL,141.5070457617974,146.29007333779407,140.69186596170863,145.8186492919922,78140700
2022-07-15,AAPL,147.10527685866828,148.16599237248846,145.5534901802815,147.48831176757812,76259900
2022-07-18,AAPL,148.0481247263253,148.86330457327466,144.08026173602485,144.44366455078125,81420900
2022-07-19,AAPL,145.27849702782842,148.52938586254203,144.28653863291348,148.30349731445312,82982400
2022-07-20,AAPL,148.42132610705224,150.97490184976564,147.6847194489196,150.30703735351562,64823400
2022-07-21,AAPL,151.74096357554814,152.79186287917176,149.22668204614965,152.57579040527344,65086600
2022-07-22,AAPL,152.61505981778862,153.48916568446282,150.67042266234586,151.33827209472656,66675400
2022-07-25,AAPL,151.25971149976874,152.27131674461305,149.56060972730697,150.21864318847656,53623900
2022-07-26,AAPL,149.54097900815464,150.3561589035467,148.10705966352916,148.8927764892578,55138700
2022-07-27,AAPL,149.85527117258624,154.52044701167125,149.44277321253915,153.99008178710938,78620700
2022-07-28,AAPL,154.17665157972678,154.82486891584517,151.65255435703267,154.54005432128906,81378700
2022-07-29,AAPL,158.3606307359644,160.70795024668809,156.6516977293032,159.60794067382812,101786900
2022-08-01,AAPL,158.13470710792794,160.66863573230555,158.01685484186865,158.6257781982422,67829400
2022-08-02,AAPL,157.24097682201486,159.50972297268584,156.77936877558471,157.15257263183594,59907000
2022-08-03,AAPL,157.96775857743674,163.61507661089456,157.87936937014717,163.16329956054688,82507500
2022-08-04,AAPL,163.0454244700845,164.20436008201335,161.49363796486168,162.8489990234375,55474100
2022-08-05,AAPL,160.51808440274291,163.11454067024195,160.31154145785612,162.62278747558594,56697000
2022-08-08,AAPL,163.62595540473944,165.04220702567798,161.49174831186727,162.15069580078125,60276900
2022-08-09,AAPL,161.31472511427808,163.0850396486981,160.5574209787257,162.1998748779297,63135500
2022-08-10,AAPL,164.91438646665537,166.54701109348545,164.14725248674637,166.44866943359375,70170500
2022-08-11,AAPL,167.25511117853088,168.1697800173322,165.41595884571527,165.7110137939453,57149200
2022-08-12,AAPL,167.0190809905204,169.33031226065586,166.60599505436244,169.261474609375,68039400
2022-08-15,AAPL,168.69105712274018,170.53020967215141,168.5238628007137,170.33351135253906,54091700
2022-08-16,AAPL,169.93022509830618,170.84489380290904,168.8287027941199,170.1761016845703,56377100
2022-08-17,AAPL,169.92039567056804,173.24463691658173,169.72369740271,171.67103576660156,79542000
2022-08-18,AAPL,170.88425233332873,172.01527879196829,170.26463844345383,171.27764892578125,62290100
2022-08-19,AAPL,170.1761140668042,170.87441022573427,168.48448182965225,168.69102478027344,70346300
2022-08-22,AAPL,166.89122718275175,167.05842149370653,164.38328250419255,164.8061981201172,69026800
2022-08-23,AAPL,164.32426652803133,165.92738691269662,163.90135093265715,164.47178649902344,54147100
2022-08-24,AAPL,164.56030249873976,165.33726597260625,163.50794341888323,164.76683044433594,53841500
2022-08-25,AAPL,165.9962181286182,167.33378750652878,165.57331755675585,167.22560119628906,51218200
2022-08-26,AAPL,167.75669182805456,168.228770692368,160.86230244265508,160.9213104248047,78961000
2022-08-29,AAPL,158.49204445005722,160.2131805859094,157.18399419307175,158.71826171875,73314000
2022-08-30,AAPL,159.45593989303725,159.87884055422813,155.11867191243329,156.28904724121094,77906200
2022-08-31,AAPL,157.665923552681,157.93147450788678,154.54820976951913,154.62689208984375,87991100
2022-09-01,AAPL,154.05642452911226,155.8070645231953,152.11891593895604,155.3546600341797,74229900
2022-09-02,AAPL,157.11512947985167,157.71506891570877,152.41397062462312,153.2401123046875,76957800
2022-09-06,AAPL,153.88925181756636,154.4990209999667,151.15510515135455,151.9812469482422,73714800
2022-09-07,AAPL,152.26646809885722,154.0859459351541,151.07641875135508,153.38766479492188,87449600
2022-09-08,AAPL,152.08943851032333,153.78107082360773,150.1617592438652,151.91241455078125,84923800
2022-09-09,AAPL,152.90577277832278,155.21701929836195,152.19764682354995,154.77442932128906,68028800
2022-09-12,AAPL,156.9577901423654,161.5507634451195,156.67257987610813,160.7344512939453,104956000
2022-09-13,AAPL,157.26267420589616,157.89211772902357,150.8403783347764,151.30262756347656,122656600
2022-09-14,AAPL,152.23695501832623,154.50886749732993,151.07642462426648,152.74838256835938,87965400
2022-09-15,AAPL,152.09928154477043,152.6795618131171,148.88322594006283,149.8568878173828,90481100
2022-09-16,AAPL,148.71599907903905,148.85368936524756,145.92282969048466,148.2144012451172,162278800
2022-09-19,AAPL,146.8473562182448,152.01076545240036,146.64082825286496,151.9320831298828,81474200
2022-09-20,AAPL,150.86989154639073,155.4727097837978,150.5551772691551,154.31216430664062,107689800
2022-09-21,AAPL,154.74488909740035,156.12180702361462,151.06658486761725,151.18460083007812,101696800
2022-09-22,AAPL,149.8667164993867,151.9222413623521,148.42096082844884,150.2207794189453,86652500
2022-09-23,AAPL,148.69637297479187,148.97175363651883,146.1097456802274,147.9488983154297,96029900
2022-09-26,AAPL,147.19157145564952,151.23378336075643,147.17189712565283,148.28326416015625,93339400
2022-09-27,AAPL,150.22077457787657,152.16811306913462,147.47678328794686,149.25692749023438,84442700
2022-09-28,AAPL,145.20491035922058,148.1554300888231,142.451088943501,147.36862182617188,146691400
2022-09-29,AAPL,143.69030869298015,144.30007793360352,138.35969014393336,140.1300048828125,128138200
2022-09-30,AAPL,138.9498106360333,140.7397998435746,135.72391020279727,135.9206085205078,124925300
2022-10-03,AAPL,135.93043653465315,140.71027860420344,135.41900896557823,140.10049438476562,114311700
2022-10-04,AAPL,142.63790300327412,143.80827778255872,141.88059902718757,143.6902618408203,87830100
2022-10-05,AAPL,141.6937945288243,144.94919877755754,140.65126498965273,143.9853515625,79471000
2022-10-06,AAPL,143.40506352233135,145.1065253655181,142.8247983571862,143.0313262939453,68402200
2022-10-07,AAPL,140.18900681575843,140.73978304959337,137.1499753994762,137.7794189453125,85925600
2022-10-10,AAPL,138.10397338867188,139.5497290653031,136.28449546728626,138.10397338867188,74899000
2022-10-11,AAPL,137.59252233949377,139.0186184488053,135.94023899526678,136.6876983642578,77033700
2022-10-12,AAPL,136.83526713014228,138.04497594951954,135.88126460377657,136.05828857421875,70433700
2022-10-13,AAPL,132.76355465182596,141.22170198168052,132.1537703856876,140.63160705566406,113224000
2022-10-14,AAPL,141.92982762072035,142.1363705990491,135.9107723458466,136.09764099121094,88598000
2022-10-17,AAPL,138.74329241493984,140.5430964053638,137.95648408162927,140.06118774414062,85250900
2022-10-18,AAPL,143.0903655439518,144.2804000004446,138.2908490399077,141.37905883789062,99136600
2022-10-19,AAPL,139.35305140756245,142.55927749459596,139.16618275396215,141.4872589111328,61758300
2022-10-20,AAPL,140.66113173914408,143.48379115188152,140.29722405710444,141.0250244140625,64522000
2022-10-21,AAPL,140.51358070739505,145.4114542957378,140.29720805857093,144.8410186767578,86548600
2022-10-24,AAPL,144.76232705447245,147.75218027161432,143.59195189473937,146.98504638671875,75981900
2022-10-25,AAPL,147.61447265041116,149.97489702549265,146.89651717711538,149.82736206054688,74732300
2022-10-26,AAPL,148.47013415168624,149.48314455270017,145.59828223025528,146.88668823242188,88194300
2022-10-27,AAPL,145.62781359762897,146.5916457586151,141.75279561471663,142.4117431640625,109180200
2022-10-28,AAPL,145.75566287950778,154.90227649289278,145.3819406077306,153.1713104248047,164762400
2022-10-31,AAPL,150.6338586024099,151.69604741946125,149.41430514421359,150.81088256835938,97943200
2022-11-01,AAPL,152.52221012298716,152.88610277414685,146.67034867047332,148.16526794433594,80379300
2022-11-02,AAPL,146.49329861316923,149.66019092618583,142.60845071578376,142.63795471191406,93604600
2022-11-03,AAPL,139.71691380956625,140.44471393264007,136.4615100959827,136.58937072753906,97918500
2022-11-04,AAPL,139.97827949963104,140.54966144424455,132.3828725979919,136.32342529296875,140814800
2022-11-07,AAPL,135.0722797176196,137.08195474161485,133.65367850914586,136.85537719726562,83374600
2022-11-08,AAPL,138.32320632796907,139.32803609159419,135.44660566800263,137.42672729492188,89908500
2022-11-09,AAPL,136.44162616361422,136.49088607476932,132.58973260430815,132.86557006835938,74917800
2022-11-10,AAPL,139.14089348616804,144.6872100830078,137.42674799216064,144.6872100830078,118854000
2022-11-11,AAPL,143.6528333928847,147.7805490726991,142.2243712372686,147.47515869140625,93979700
2022-11-14,AAPL,146.75601106211803,148.04653945457946,145.23889010351994,146.07626342773438,73374100
2022-11-15,AAPL,149.95768214517247,151.3073161661693,146.35207406862938,147.81007385253906,89868300
2022-11-16,AAPL,146.9136479496193,147.64264051462695,145.10098244243153,146.5786895751953,64218300
2022-11-17,AAPL,144.2537602517047,149.22871050736455,143.97792279490108,148.48001098632812,80389400
2022-11-18,AAPL,150.0463641188946,150.4305673318375,147.74114484123723,149.04151916503906,74829600
2022-11-21,AAPL,147.92831248822412,148.13518303183807,145.52457357758468,145.8102569580078,58724100
2022-11-22,AAPL,145.92849249022925,148.1844518302865,144.7463148991296,147.94801330566406,51804100
2022-11-23,AAPL,147.22886486968167,149.57349802080938,147.1204990929822,148.82479858398438,58301400
2022-11-25,AAPL,146.1058381021563,146.66737406871476,144.93352128665245,145.9088134765625,35195900
2022-11-28,AAPL,142.98290889279264,144.46061568789466,141.24907166473017,142.0765838623047,69246000
2022-11-29,AAPL,142.14555568748492,142.65783165746328,138.2641245866872,139.07192993164062,83763800
2022-11-30,AAPL,139.29851639049443,146.50973424229787,138.46115805437884,145.82998657226562,111380900
2022-12-01,AAPL,146.00731491776455,146.91364010696918,144.4310880474874,146.10581970214844,71250400
2022-12-02,AAPL,143.79075438457457,145.80042936443078,143.48534896644694,145.61325073242188,65447400
2022-12-05,AAPL,145.57384712908555,148.6770258303521,143.60357112015112,144.45079040527344,68826400
2022-12-06,AAPL,144.88426506871545,145.11084261882044,139.81079492252832,140.7860870361328,64727200
2022-12-07,AAPL,140.07675927915528,141.23921477643742,137.91930489039092,138.8453369140625,69721100
2022-12-08,AAPL,140.24423909407787,141.38700272319693,139.00297068921475,140.52992248535156,62128300
2022-12-09,AAPL,140.22452830407295,143.40653461732074,138.80592729031733,140.04721069335938,76097000
2022-12-12,AAPL,140.5791698825673,142.352421040337,138.96354439037955,142.3425750732422,70462700
2022-12-13,AAPL,147.27810283544738,147.7411188094641,142.09628335791112,143.30799865722656,93886200
2022-12-14,AAPL,143.1898139764628,144.48034234830936,139.06208336103646,141.0816192626953,82291200
2022-12-15,AAPL,139.01283101163355,139.69257867211073,134.00832790749715,134.47134399414062,98931900
2022-12-16,AAPL,134.65853424660116,135.60425843945495,131.7425187492694,132.51092529296875,160156900
2022-12-19,AAPL,133.1019778704447,133.19063667083125,129.36831196695024,130.40269470214844,79592600
2022-12-20,AAPL,129.43729149310985,131.26964891983806,127.95958437581338,130.33377075195312,77432800
2022-12-21,AAPL,131.0036134680718,134.77669284525507,130.7770359950843,133.43690490722656,85928000
2022-12-22,AAPL,132.35328842388512,132.56015897362735,128.36347675529532,130.26478576660156,77852100
2022-12-23,AAPL,128.97425178436364,130.45195863115794,127.71327647766012,129.90028381347656,63814900
2022-12-27,AAPL,129.42743066905106,129.45698360544398,126.80696007412172,128.0974884033203,69007800
2022-12-28,AAPL,127.7428420402377,129.08263031505834,123.99932216789122,124.16679382324219,85438400
2022-12-29,AAPL,126.0877747484739,128.54076556815752,125.83164435265451,127.68370056152344,75703700
2022-12-30,AAPL,126.50158621125367,128.01869226136404,125.53614757244897,127.99898529052734,77034200
2023-01-03,AAPL,128.34378035287284,128.95456111650307,122.3245864348614,123.21121215820312,112117500
2023-01-04,AAPL,125.00416235162118,126.7478608503369,123.22106494631889,124.48204040527344,89113600
2023-01-05,AAPL,125.24057541769616,125.87106305679183,122.90580346279697,123.16193389892578,80962700
2023-01-06,AAPL,124.13724683818648,128.35362894146016,123.03388952483932,127.69358825683594,87754700
2023-01-09,AAPL,128.530949601707,131.4272575812406,127.95956778658704,128.2156982421875,70790800
2023-01-10,AAPL,128.32404761851848,129.3091854431004,126.21585327519355,128.7870635986328,63896200
2023-01-11,AAPL,129.29934353146365,131.52574967331964,128.52109123972087,131.5060577392578,69458900
2023-01-12,AAPL,131.89027740511193,132.26461961526783,129.48653833184324,131.42726135253906,71379600
2023-01-13,AAPL,130.0677644513709,132.914812571895,129.70326821418658,132.75718688964844,57809700
2023-01-17,AAPL,132.82614355724837,135.24957434953774,132.1365500404185,133.91964721679688,63646600
2023-01-18,AAPL,134.78658853017248,136.5499789381121,133.02318309021993,133.2005157470703,69672800
2023-01-19,AAPL,132.0873116107182,134.22505937639417,131.78192122019502,133.25962829589844,58280400
2023-01-20,AAPL,133.26949480914726,135.9687788950675,132.22525071979607,135.8209991455078,80223600
2023-01-23,AAPL,136.06724948686616,141.18997887668803,135.85051793428082,139.0128173828125,81760300
2023-01-24,AAPL,138.22469014521045,141.03233904710638,138.2148441781761,140.4116973876953,66435100
2023-01-25,AAPL,138.7960782416761,140.3131839948148,136.7469896041819,139.7516632080078,65799300
2023-01-26,AAPL,141.0421976938989,142.10614847767724,139.79106829556534,141.82046508789062,54105100
2023-01-27,AAPL,141.03234821855804,145.04185173584784,140.95353538112576,143.76116943359375,70555800
2023-01-30,AAPL,142.8056023172103,143.38683009380475,140.7269606636837,140.87472534179688,64015300
2023-01-31,AAPL,140.57918779657314,142.19481349464007,140.16543164570373,142.1455535888672,65874500
2023-02-01,AAPL,141.83030751885846,144.43107102589934,139.2196980441436,143.2686004638672,77663600
2023-02-02,AAPL,146.68704352311798,148.93315698101298,145.96789698553212,148.57852172851562,118339000
2023-02-03,AAPL,145.8299825944814,155.0410292646019,145.632957993241,152.20382690429688,154357300
2023-02-06,AAPL,150.3025335672756,150.82465558006805,148.53912787485072,149.47500610351562,69858300
2023-02-07,AAPL,148.4011502696201,152.92292894086404,148.4011502696201,152.35154724121094,83322600
2023-02-08,AAPL,151.59304759782992,152.28264122485135,148.92331687434466,149.66217041015625,64120100
2023-02-09,AAPL,151.49451696275133,152.0363458567265,148.18445275739066,148.6277618408203,56007100
2023-02-10,AAPL,147.46354505272012,149.31842209117474,147.226745512614,148.99282836914062,57450700
2023-02-13,AAPL,148.9336202674222,152.19940317198714,148.90402220916044,151.79489135742188,62199000
2023-02-14,AAPL,150.08798919443248,151.71595766811416,148.8448255867729,151.153564453125,61707600
2023-02-15,AAPL,151.06478017591323,153.4228543120151,150.83785669682248,153.255126953125,65573800
2023-02-16,AAPL,151.45941308943844,154.24175084931028,151.3015618059057,151.65675354003906,68167900
2023-02-17,AAPL,150.314927401964,150.95623873407766,148.83496427712012,150.5122528076172,59144100
2023-02-21,AAPL,148.19362270368532,149.27893490600394,146.42754017987073,146.49659729003906,58867200
2023-02-22,AAPL,146.88140906273446,147.94698436963745,145.19425945136115,146.92088317871094,51011300
2023-02-23,AAPL,148.08508220881998,148.33174268890195,145.2731617688621,147.404296875,48394200
2023-02-24,AAPL,145.1449254913303,145.22385866894857,143.77349352201168,144.75027465820312,55469600
2023-02-27,AAPL,145.73689015780175,147.17737898488724,145.4803536136917,145.94407653808594,44998500
2023-02-28,AAPL,145.08572620470352,147.08860849628215,144.86866373473268,145.44091796875,50547000
2023-03-01,AAPL,144.86867310742886,145.26332395747403,143.07297711330398,143.3689727783203,55479000
2023-03-02,AAPL,142.45142174425123,144.75030013651786,141.97782259518067,143.9609832763672,52238100
2023-03-03,AAPL,146.06246271527925,149.09146062574686,145.3619553852426,149.0125274658203,70732300
2023-03-06,AAPL,151.7356876269036,154.21216902598104,151.41010897005816,151.77516174316406,87558000
2023-03-07,AAPL,151.64690605769943,151.97249979658332,149.11124338331118,149.57496643066406,56182000
2023-03-08,AAPL,150.768776295138,151.41996369175047,149.80187125635692,150.82797241210938,47204800
2023-03-09,AAPL,151.50875841619168,152.47566345847628,148.2232384177023,148.57843017578125,53833600
2023-03-10,AAPL,148.20352210122027,148.92376664622063,145.63824652167983,146.516357421875,68572400
2023-03-13,AAPL,145.83559562377783,151.09440087745867,145.72706436882507,148.46006774902344,84457100
2023-03-14,AAPL,149.25921331444258,151.35088971565344,148.09498288130473,150.5517120361328,73695900
2023-03-15,AAPL,149.17042182051847,151.20290214198522,147.91738213550175,150.94638061523438,77167900
2023-03-16,AAPL,150.127461556798,154.3700254849667,149.6144034630521,153.76817321777344,76161100
2023-03-17,AAPL,153.99512561739482,154.64631312163698,152.21916653990084,152.92955017089844,98944600
2023-03-20,AAPL,152.99857704057916,155.71184244967856,152.0908531826233,155.2974395751953,73641400
2023-03-21,AAPL,155.21854884327422,157.2707512481165,154.44895412275298,157.15235900878906,73938300
2023-03-22,AAPL,157.17210596561782,159.97416620924432,155.7020036632039,155.72174072265625,75701800
2023-03-23,AAPL,156.70836691747317,159.39203464017027,155.57371946683134,156.80702209472656,67622100
2023-03-24,AAPL,156.73798864921076,158.19821496579544,155.7414853951506,158.1094207763672,59196500
2023-03-27,AAPL,157.80355536791788,158.6224701978729,155.76119879412065,156.1657257080078,52390300
2023-03-28,AAPL,155.85984584155918,156.3729039229444,153.8964227422894,155.5441131591797,45992200
2023-03-29,AAPL,157.2411740858945,158.89874093159347,157.2214520800284,158.6224822998047,51305700
2023-03-30,AAPL,159.37230833774987,160.29975438530866,159.1157867936236,160.19122314453125,49501700
2023-03-31,AAPL,160.27017974202465,162.7959816546598,159.747260520501,162.6973114013672,68749800
2023-04-03,AAPL,162.07571848273926,164.06872488806627,162.0263833617239,163.95033264160156,56976200
2023-04-04,AAPL,164.37460092662135,164.61138542575975,162.9044985896194,163.4175567626953,46278300
2023-04-05,AAPL,162.53941454235493,162.84527116493152,159.6386845457234,161.57249450683594,51511700
2023-04-06,AAPL,160.2602872813979,162.75650592852264,159.83603835658786,162.46051025390625,45390100
2023-04-10,AAPL,159.26377877195932,159.86563110351562,157.94168186492254,159.86563110351562,47716900
2023-04-11,AAPL,160.1813521100088,160.19121311129285,158.36591919116847,158.6520538330078,47644200
2023-04-12,AAPL,159.0664602524204,159.8952361057982,157.64569304379242,157.96142578125,50133100
2023-04-13,AAPL,159.47098360495934,163.58527977239888,159.26378211877287,163.34848022460938,68445600
2023-04-14,AAPL,162.39143019016473,164.0983319737809,161.63172656331614,163.00315856933594,49386500
2023-04-17,AAPL,162.8847436304976,163.1807392768596,161.83890539432053,163.0228729248047,41516200
2023-04-18,AAPL,163.88128507276087,165.17378402192244,163.4372840126962,164.246337890625,49923000
2023-04-19,AAPL,163.58526647837797,165.91374248336922,163.32872989204589,165.3908233642578,47720200
2023-04-20,AAPL,163.87138723669895,165.62760901810955,163.34846811386117,164.4239044189453,52456400
2023-04-21,AAPL,162.84528714652217,164.226580111448,162.29276996055185,162.81568908691406,58337300
2023-04-24,AAPL,162.79594256316088,163.38793383083043,161.70076925644653,163.1215362548828,41949600
2023-04-25,AAPL,162.98339679746925,164.08843103621228,161.5428928319972,161.58236694335938,48714100
2023-04-26,AAPL,160.8818480921529,163.07219461797823,160.6253265824028,161.57249450683594,45498800
2023-04-27,AAPL,162.98341161052969,166.3083906842776,162.98341161052969,166.160400390625,64902300
2023-04-28,AAPL,166.23931504498196,167.58114875947356,165.63746282624027,167.4134063720703,55275900
2023-05-01,AAPL,167.01875886308395,168.17312821243692,166.38730857655852,167.32461547851562,52472900
2023-05-02,AAPL,167.81796415576136,168.07450075678005,165.3020235951721,166.28866577148438,48425700
2023-05-03,AAPL,167.23581486172367,168.6368446604595,164.92707625204469,165.21319580078125,65136000
2023-05-04,AAPL,162.68739142131733,164.80866560341155,162.11513728059836,163.5753631591797,81235400
2023-05-05,AAPL,168.6960655683585,171.97172463520235,168.4790030974248,171.25148010253906,113453200
2023-05-08,AAPL,170.1760244116815,171.5277343198539,169.8109716539451,171.18240356445312,55962800
2023-05-09,AAPL,170.73844101187063,171.22188606967399,169.30781278853107,169.4755401611328,45326900
2023-05-10,AAPL,170.70882753380215,171.70533067690712,169.60377809797177,171.24160766601562,53724500
2023-05-11,AAPL,171.5277321199156,172.25783762602444,169.87016559220018,171.42906188964844,49514700
2023-05-12,AAPL,171.5377460938216,171.97247152405595,168.94917294661113,170.50035095214844,45533100
2023-05-15,AAPL,171.0832715155854,171.13267487374878,169.4135375098661,170.00634765625,37266700
2023-05-16,AAPL,169.92730529834625,171.0635071571624,169.73958158279842,170.00634765625,42110300
2023-05-17,AAPL,169.65068438723694,170.85603902755463,168.37614694646877,170.61892700195312,57951600
2023-05-18,AAPL,170.9252052614361,173.13834629441766,170.51024414446266,172.95062255859375,65496700
2023-05-19,AAPL,174.2745399441767,174.2745399441767,172.84193292592303,173.05929565429688,55809500
2023-05-22,AAPL,171.89341610998645,172.61467191708667,171.36977372037438,172.11077880859375,43570900
2023-05-23,AAPL,171.05361929309908,171.300620989034,169.22580071286586,169.50244140625,50747300
2023-05-24,AAPL,169.03806296692736,170.35211368921475,168.47490698639612,169.77906799316406,45143500
2023-05-25,AAPL,170.3422679275043,171.814388514026,169.63090177565675,170.91531372070312,56058300
2023-05-26,AAPL,171.24132441358356,173.66193775593948,171.0338363781654,173.3260040283203,54835000
2023-05-30,AAPL,174.8376957969301,176.84334846181008,174.45237373510062,175.17361450195312,55964400
2023-05-31,AAPL,175.20326416230037,177.19904230758075,174.64009299685546,175.1242218017578,99625300
2023-06-01,AAPL,175.5687945017499,177.95976900098933,174.8080250915144,177.9301300048828,68901800
2023-06-02,AAPL,178.8588732872537,179.5998784017098,177.11009699591673,178.7798309326172,61996900
2023-06-05,AAPL,180.43967788018574,182.7318457046313,175.90471543246178,177.42625427246094,121946500
2023-06-06,AAPL,177.81160982601426,177.95980483638854,175.30206376122024,177.06072998046875,64848400
2023-06-07,AAPL,176.29993732672585,179.03672040758232,175.19337452542106,175.6873779296875,61944600
2023-06-08,AAPL,175.76641213704826,178.67115468077665,175.3317017878174,178.40440368652344,50214900
2023-06-09,AAPL,179.32325097528164,180.0444917855316,178.4636898031236,178.78973388671875,48900000
2023-06-12,AAPL,179.09600328256303,181.68457636718009,178.79959821677159,181.5857696533203,54274900
2023-06-13,AAPL,180.60766365821948,181.94146392274692,180.25198057252106,181.11154174804688,54929100
2023-06-14,AAPL,181.17080494588566,182.1785761189824,179.8370047903456,181.7438507080078,57462900
2023-06-15,AAPL,181.7537423543279,184.28303741690132,181.57589328622848,183.77914428710938,65433200
2023-06-16,AAPL,184.4904993080967,184.74739071591918,182.06001110467366,182.70220947265625,101256200
2023-06-20,AAPL,182.19832743508823,183.8680612460024,182.19832743508823,182.79112243652344,49799100
2023-06-21,AAPL,182.68243679920374,183.18632987573855,180.40014368436258,181.75372314453125,49515700
2023-06-22,AAPL,181.53638158238215,184.8066817993699,181.46721386744264,184.7572784423828,51245300
2023-06-23,AAPL,183.3246636484937,185.31055187722217,182.79113153727351,184.44110107421875,53117000
2023-06-26,AAPL,184.58932295318664,185.79469252512132,183.00850595123646,183.04803466796875,48088700
2023-06-27,AAPL,183.66057729582204,186.13059421306954,183.44321460104132,185.80455017089844,50730800
2023-06-28,AAPL,185.67610944091012,187.6224840299043,185.3500804657921,186.98028564453125,51216800
2023-06-29,AAPL,186.8123450566035,187.7904773075337,186.67402469467498,187.31622314453125,46347300
2023-06-30,AAPL,189.33175958026345,192.14757008838143,188.96618679019105,191.64369201660156,85213200
2023-07-03,AAPL,191.45597092726317,191.5547776450248,189.46019281962833,190.1518096923828,31458200
2023-07-05,AAPL,189.2724969662243,190.6655752957469,188.33387831143204,189.03536987304688,46920300
2023-07-06,AAPL,187.56320791106293,189.7170705815605,186.9308841600135,189.50958251953125,45094300
2023-07-07,AAPL,189.11439856972888,190.3592817984136,187.9584323411384,188.3931427001953,46815000
2023-07-10,AAPL,186.9901751208951,187.71143099184326,184.79679865953796,186.3479766845703,59922200
2023-07-11,AAPL,186.8913900886379,187.02971045254367,184.36209481962464,185.8243408203125,46638100
2023-07-12,AAPL,187.40513225686783,189.4009103170613,186.20965240962747,187.4940643310547,60750200
2023-07-13,AAPL,188.21532339160274,188.897050597116,187.50395718374455,188.2548370361328,41342300
2023-07-14,AAPL,187.94855582890273,188.88715940601534,187.35576071083716,188.40304565429688,41616200
2023-07-17,AAPL,189.59847620828748,191.98946564494966,189.50955922511346,191.66342163085938,50520200
2023-07-18,AAPL,191.03112283932904,191.99936529239264,190.1122686661601,191.40655517578125,48288200
2023-07-19,AAPL,190.7841182449009,195.85258285437448,190.3395031262878,192.7601318359375,80507300
2023-07-20,AAPL,192.7502360363635,194.1136901954007,190.19130213491889,190.81375122070312,59581200
2023-07-21,AAPL,191.77211391982547,192.63167495782974,188.93652432958442,189.6380157470703,71951700
2023-07-24,AAPL,191.09041212625252,192.57242242955687,189.9443205401746,190.43832397460938,45377800
2023-07-25,AAPL,191.01135149007996,192.1080396126164,190.6062650944163,191.29786682128906,37283200
2023-07-26,AAPL,191.34731079257816,193.29368575722708,191.00151739363346,192.1673583984375,47471900
2023-07-27,AAPL,193.66908608151945,194.83492680246852,190.24070147552166,190.9026641845703,47460200
2023-07-28,AAPL,192.33527753863382,194.2717774555962,191.81163515269853,193.4813690185547,48291400
2023-07-31,AAPL,193.70862628447964,194.13347708185938,192.91821776612247,194.0939483642578,38824100
2023-08-01,AAPL,193.88647197429418,194.37058568804014,192.93797875368105,193.26402282714844,35175100
2023-08-02,AAPL,192.70082810591987,192.8391484466102,189.5490992662055,190.2703399658203,50389300
2023-08-03,AAPL,189.27247006657564,190.06286344658966,188.40301925761534,188.87725830078125,61235200
2023-08-04,AAPL,183.295020485719,185.13271368389906,179.73819007769725,179.80735778808594,115956800
2023-08-07,AAPL,179.9456936325003,180.93370048918646,175.2230220636036,176.7050323486328,97576100
2023-08-08,AAPL,177.5349496271552,178.10799539743132,175.45025461361834,177.6436309814453,67823000
2023-08-09,AAPL,178.7007682180696,178.76004620834635,174.88706172714433,176.05291748046875,60378500
2023-08-10,AAPL,177.32747151707323,178.58224448237493,175.4700288246158,175.83558654785156,54686900
2023-08-11,AAPL,175.42996682009903,176.71609814181758,174.66816996475507,175.8949432373047,52036700
2023-08-14,AAPL,176.0730260741773,177.77469387045335,175.42005736478495,177.54714965820312,43675600
2023-08-15,AAPL,176.97334414092546,177.56693975444728,175.1628480821964,175.55857849121094,43622600
2023-08-16,AAPL,175.24198634047178,176.63694575843348,174.61869664349865,174.68795776367188,46964900
2023-08-17,AAPL,175.25185467548476,175.6179059949575,171.6308631878828,172.14532470703125,66062900
2023-08-18,AAPL,170.46345254957686,173.23361029129558,170.12708024206367,172.63011169433594,61172200
2023-08-21,AAPL,173.2039318191006,174.2526308376999,171.88810651020768,173.96571350097656,46311900
2023-08-22,AAPL,175.17271045239184,175.78609702554508,174.37134667878323,175.3408966064453,42038900
2023-08-23,AAPL,176.61716031274474,179.61486234805133,176.42918310654636,179.18943786621094,52722800
2023-08-24,AAPL,178.74425133745834,179.16967585239115,174.13391827576947,174.49998474121094,54945800
2023-08-25,AAPL,175.4893068451812,177.2404295003986,173.9459373407173,176.70619201660156,51449600
2023-08-28,AAPL,178.17043851174256,178.66510907128173,176.64685983066678,178.26937866210938,43820700
2023-08-29,AAPL,177.78459993235006,182.92917084382844,177.58673472347547,182.15748596191406,53003900
2023-08-30,AAPL,182.9687355268348,185.84772159478027,182.77087033679462,185.64984130859375,60813900
2023-08-31,AAPL,185.83782890921285,187.10418431162185,185.4816655087761,185.8675079345703,60794500
2023-09-01,AAPL,187.47023078000296,187.89564016216337,186.27312153245367,187.4405517578125,45766500
2023-09-05,AAPL,186.27313129788112,187.9550080601447,185.6102746073009,187.67799377441406,45280000
2023-09-06,AAPL,186.3918455631262,186.8370611072444,179.53571941437733,180.9603729248047,81755800
2023-09-07,AAPL,173.312752460059,176.31046963604499,171.69023379276553,175.66738891601562,112488800
2023-09-08,AAPL,176.44896296342043,178.31881673909905,175.89491935539235,176.28076171875,65551300
2023-09-11,AAPL,178.1506198206809,178.37816399656032,175.44970834431305,177.44818115234375,58953100
2023-09-12,AAPL,177.57683789873767,178.21001559327632,172.95661681425068,174.42083740234375,90370200
2023-09-13,AAPL,174.6285913393108,175.41017925863045,172.1255595752841,172.35311889648438,84267900
2023-09-14,AAPL,172.14533201670497,174.22295413122683,171.72981061302968,173.86679077148438,60895800
2023-09-15,AAPL,174.59889423512476,174.61868528190746,171.967258666553,173.14456176757812,109259500
2023-09-18,AAPL,174.59890495957814,177.46800307348116,174.2922116482627,176.07302856445312,67257600
2023-09-19,AAPL,175.62781908525017,177.71532920549458,175.24197669791334,177.1613006591797,51826900
2023-09-20,AAPL,177.3492658362857,177.78457830053213,173.5304088946865,173.6194610595703,58436200
2023-09-21,AAPL,172.68945140779596,174.4207979255845,172.00680379397062,172.0760498046875,63149100
2023-09-22,AAPL,172.80817906033587,175.19249433338604,172.19479251227028,172.92689514160156,56725400
2023-09-25,AAPL,172.34318970903263,175.08366835534056,172.2937196425223,174.20315551757812,46172700
2023-09-26,AAPL,172.95660640862047,173.3325457352886,169.83028512536117,170.12709045410156,64588900
2023-09-27,AAPL,170.7800319235512,171.19555331579562,167.24809254140138,168.61337280273438,66921800
2023-09-28,AAPL,167.53498917707262,170.19631868961176,165.83332157268651,168.87060546875,56294400
2023-09-29,AAPL,170.18646521737097,171.22527642192762,168.5243642708508,169.38510131835938,51861100
2023-10-02,AAPL,169.39497856408786,172.44215085955082,169.10806120104496,171.89801025390625,52164500
2023-10-03,AAPL,170.42387079713225,171.77927819729268,168.99923247491208,170.5623779296875,49594600
2023-10-04,AAPL,169.26634637027362,172.3531005247124,169.14763028223018,171.8089599609375,53020300
2023-10-05,AAPL,171.93756684563112,173.57987653919332,170.83939772477277,173.04563903808594,48527900
2023-10-06,AAPL,171.94747372177912,176.092815045354,171.33407201891083,175.59814453125,57266700
2023-10-09,AAPL,174.9253820623563,177.1415113656987,173.92615307401468,177.0821533203125,42390800
2023-10-10,AAPL,176.20163840129018,177.80436599291428,176.05322819338144,176.48854064941406,43698000
2023-10-11,AAPL,176.300562769531,177.9329844734106,175.70696722860302,177.88351440429688,47551100
2023-10-12,AAPL,178.1506510638416,180.39644439001881,177.13161588848607,178.78382873535156,56743100
2023-10-13,AAPL,179.48624788964275,179.9908063804386,176.24121051823693,176.9436492919922,51427100
2023-10-16,AAPL,174.86601479996662,177.17118104988546,174.6285675347915,176.8150177001953,52517000
2023-10-17,AAPL,174.7670787756051,176.51821654411026,172.93680701299223,175.26174926757812,57549400
2023-10-18,AAPL,173.70849028197048,175.68717223288098,173.2434988158149,173.96571350097656,54764400
2023-10-19,AAPL,174.16358722416024,175.9444040866048,173.32265641144056,173.58978271484375,59302900
2023-10-20,AAPL,173.44138408316581,173.55021220691836,170.79984518424126,171.03729248046875,64244000
2023-10-23,AAPL,169.08827156264798,172.15521956196545,168.11870652701532,171.15599060058594,55980100
2023-10-24,AAPL,171.20545097606092,171.81883752196748,169.6224994494151,171.59129333496094,43816600
2023-10-25,AAPL,170.04792986204652,171.21534495437086,168.83102960610762,169.2762451171875,57157000
2023-10-26,AAPL,168.55403244057868,169.55327657792432,163.90413245355498,165.1111297607422,70625300
2023-10-27,AAPL,165.13089150916355,167.1590433521086,165.05174242645685,166.4269256591797,58499100
2023-10-30,AAPL,167.218431744534,169.3455090048735,167.07002152646473,168.47488403320312,51131000
2023-10-31,AAPL,167.54490564738762,169.07837213199355,166.1103491096919,168.94976806640625,44846000
2023-11-01,AAPL,169.1773175299865,172.37288485640974,168.3066925856151,172.11566162109375,56934900
2023-11-02,AAPL,173.64915484595178,175.88506030695757,173.58979679508,175.67730712890625,77334800
2023-11-03,AAPL,172.38278939451087,174.93529110628108,171.5022764668811,174.76708984375,79829200
2023-11-06,AAPL,174.49996733550321,177.51744525540883,174.3317811800047,177.319580078125,63841300
2023-11-07,AAPL,177.2701137835187,180.495375116872,177.06236062659886,179.88198852539062,70530000
2023-11-08,AAPL,180.40632954214095,181.4945955371222,179.65442075331012,180.94056701660156,49340300
2023-11-09,AAPL,181.00982351508927,182.15744752284814,179.87207238589124,180.46568298339844,53763500
2023-11-10,AAPL,182.24883894138773,184.82452025063435,181.8129530168045,184.65609741210938,66133400
2023-11-13,AAPL,184.0815522328342,184.28957909475855,182.4866141219331,183.0710906982422,43627500
2023-11-14,AAPL,185.94394820695575,186.35011603301572,184.55705211313364,185.68638610839844,60108400
2023-11-15,AAPL,186.09256123667055,187.72711849110286,186.02320887124122,186.2510528564453,53790500
2023-11-16,AAPL,187.7964452917508,189.1734402500684,186.88503924293582,187.9351348876953,54412900
2023-11-17,AAPL,188.47010270019993,188.5988913131576,186.80582731444395,187.91534423828125,50922700
2023-11-20,AAPL,188.11345647352806,190.11456230851306,188.10355547172335,189.6588592529297,46505100
2023-11-21,AAPL,189.61923040247643,189.72820188087152,187.96485622395673,188.85643005371094,38134500
2023-11-22,AAPL,189.69849596618437,191.12501116236683,189.04466705374648,189.52017211914062,39617700
2023-11-24,AAPL,189.0843077535022,189.1140258787283,187.47946852715137,188.19273376464844,24048300
2023-11-27,AAPL,188.1432081822833,188.88619158317397,187.1327465245819,188.01441955566406,40552600
2023-11-28,AAPL,188.0045033953615,189.29234420962146,187.62805366546104,188.6186981201172,38415400
2023-11-29,AAPL,189.11401237919708,190.29288164913223,187.2020759179661,187.59832763671875,43014200
2023-11-30,AAPL,188.06392585220516,188.53944603911236,186.42936866830843,188.1728973388672,48794400
2023-12-01,AAPL,188.54933098414946,189.7678192377602,187.45961621033018,189.45082092285156,45704800
2023-12-04,AAPL,188.20260275786183,188.27195511561732,185.6962738498395,187.65774536132812,43389500
2023-12-05,AAPL,188.43048297188668,192.58127042048946,188.40074973234698,191.61044311523438,66628400
2023-12-06,AAPL,192.63079897005184,192.93789631295678,190.3126947209947,190.52073669433594,41089700
2023-12-07,AAPL,191.8184723448333,193.17565028147504,191.77883810543793,192.45248413085938,47477700
2023-12-08,AAPL,192.38313041357762,194.15639227120218,191.8580901155405,193.87901306152344,53406400
2023-12-11,AAPL,191.30334341541183,191.6797931299085,189.62915193698308,191.3726806640625,60943700
2023-12-12,AAPL,191.27361158280868,192.89826770087802,189.92633467152928,192.88836669921875,52696900
2023-12-13,AAPL,193.26482653488247,196.14760557804456,193.02708153571695,196.1079864501953,70404200
2023-12-14,AAPL,196.16742216364264,197.75244424587422,194.32482284497263,196.25657653808594,66831600
2023-12-15,AAPL,195.68199966761293,196.54385551373443,195.15695931123605,195.7216339111328,128538400
2023-12-18,AAPL,194.2554683979516,194.7904248709577,192.57137584033416,194.05734252929688,55751900
2023-12-19,AAPL,194.32481746504553,195.1074199235508,194.0573392330858,195.09751892089844,40714100
2023-12-20,AAPL,195.05787394759355,195.8305753609382,193.0072479248047,193.0072479248047,52242800
2023-12-21,AAPL,194.26535554386368,195.236182736706,191.68967428738756,192.85862731933594,46482500
2023-12-22,AAPL,193.35394675355903,193.58180582555468,191.16463132079943,191.7887420654297,37149600
2023-12-26,AAPL,191.7986702097743,192.0760494430794,191.02596875756228,191.24391174316406,28919300
2023-12-27,AAPL,190.68915794498034,191.6897034098951,189.3022466284661,191.3429718017578,48087700
2023-12-28,AAPL,192.3237251836183,192.83886456296054,191.3627987965534,191.7689666748047,34049900
2023-12-29,AAPL,192.08595308574118,192.58127531145587,189.9362564400636,190.72877502441406,42672100
2024-01-02,AAPL,185.39909638597572,186.67703614744315,182.16960103197144,183.90322875976562,82488700
2024-01-03,AAPL,182.49651173581816,184.1409850600839,181.7138941984477,182.52622985839844,58414500
2024-01-04,AAPL,180.44589014802324,181.37709839926953,179.18778251294714,180.20814514160156,71983600
2024-01-05,AAPL,180.28738953880892,181.05017488447822,178.48440937769652,179.48495483398438,62379700
2024-01-08,AAPL,180.38642231817897,183.86359358874157,179.80194579166277,183.82395935058594,59144500
2024-01-09,AAPL,182.19932576748687,183.41781421075365,181.0204564512382,183.4079132080078,42841800
2024-01-10,AAPL,182.62529236075727,184.65610118978807,182.19930742900604,184.4480743408203,46792900
2024-01-11,AAPL,184.79477725525186,185.3000155120803,181.9020977729046,183.85366821289062,49128400
2024-01-12,AAPL,184.31930790747037,184.99295400827782,183.45745205458948,184.1806182861328,40477800
2024-01-16,AAPL,180.45578462721193,182.5361287641061,179.23728115128065,181.9120330810547,65603000
2024-01-17,AAPL,179.5741044525339,181.21856257523459,178.61317822966134,180.9709014892578,47317400
2024-01-18,AAPL,184.34900450558874,187.37047281337263,184.09144241490495,186.86524963378906,78005800
2024-01-19,AAPL,187.5587047602819,190.15418823308323,187.0534815615711,189.76783752441406,68903000
2024-01-22,AAPL,190.50092877344645,193.50258021639056,190.46129453087994,192.0760498046875,60133900
2024-01-23,AAPL,193.19548176740474,193.91864797179585,192.01661247228014,193.35397338867188,42355600
2024-01-24,AAPL,193.59175002999643,194.54277541900203,192.52185213587853,192.68035888671875,53631300
2024-01-25,AAPL,193.39360373027958,194.43378338829353,191.30334341188293,192.35342407226562,54822100
2024-01-26,AAPL,192.45249496932922,192.93790105900956,190.14429166563914,190.6197967529297,44594000
2024-01-29,AAPL,190.2136280052267,190.4018528619721,187.8063693410428,189.93624877929688,47145600
2024-01-30,AAPL,189.1536549714469,190.0056098088079,185.71611749758625,186.28077697753906,55859400
2024-01-31,AAPL,185.29013601531707,185.34958738130655,182.6253150741395,182.67483520507812,55467800
2024-02-01,AAPL,182.26865674153308,185.20095550981347,182.10024901841177,185.11180114746094,64885400
2024-02-02,AAPL,178.1773017145222,185.5774165638072,177.57300802816712,184.11126708984375,102551700
2024-02-05,AAPL,186.38972207997213,187.4794368744002,184.10133612770585,185.9241180419922,69668800
2024-02-06,AAPL,185.1118319583491,187.53890796123954,185.0226775811573,187.5290069580078,43490800
2024-02-07,AAPL,188.85644306077413,189.26261088240534,186.84543618864265,187.63795471191406,53439000
2024-02-08,AAPL,187.61814818475136,187.7667388029894,185.5972401965417,186.55816650390625,40962000
2024-02-09,AAPL,187.12352087688578,188.45268968737696,186.4787864459619,187.32191467285156,45155200
2024-02-12,AAPL,186.8954092628083,187.14338640307878,185.27859346494134,185.63568115234375,41781900
2024-02-13,AAPL,184.26684396147397,184.70328611762721,182.02512109310902,183.54273986816406,56529500
2024-02-14,AAPL,183.82050423664703,184.02879656144881,180.9638026996327,182.6599578857422,54630500
2024-02-15,AAPL,182.06480997798818,182.99720639873473,179.8826142837668,182.37229919433594,65434500
2024-02-16,AAPL,181.9358579237584,183.35429496994237,180.2000180232841,180.8348388671875,49752500
2024-02-20,AAPL,180.31904659124555,180.95386745060242,178.54353696650966,180.09091186523438,53665600
2024-02-21,AAPL,180.46782702325083,181.41013702999714,179.19818540957374,180.84475708007812,41371400
2024-02-22,AAPL,181.99536064224762,183.46339606563654,180.98362490692526,182.87815856933594,52292200
2024-02-23,AAPL,183.51299444569602,183.54275049121756,180.75548990166286,181.04315185546875,45119700
2024-02-26,AAPL,180.7654158601022,181.28119739799624,179.18826979539264,179.69415283203125,40867400
2024-02-27,AAPL,179.63461828889808,182.43179212202116,178.10707086865912,181.15223693847656,54318900
2024-02-28,AAPL,181.03321827875988,181.6382830805114,178.67248629654023,179.95204162597656,48953900
2024-02-29,AAPL,179.80327228471162,181.09275646398507,178.07734590919267,179.2874755859375,136682600
2024-03-01,AAPL,178.0971730296413,179.06923911535185,175.94473341504965,178.20628356933594,73563100
2024-03-04,AAPL,174.7246735635979,175.46860492728393,172.38376893378626,173.6831817626953,81510100
2024-03-05,AAPL,169.37830538929336,170.64794717373948,168.24753020204216,168.7434844970703,95132400
2024-03-06,AAPL,169.67587669286206,169.85442810491517,167.31512946505867,167.75157165527344,68587700
2024-03-07,AAPL,167.78130279152694,169.34851990765398,167.12665473872153,167.6325225830078,71765100
2024-03-08,AAPL,167.6325286145872,172.29449531822434,167.57301652903823,169.34852600097656,76267000
2024-03-11,AAPL,171.54066841678448,172.96901916174485,170.65787040570808,171.35220336914062,60139500
2024-03-12,AAPL,171.7489536078961,172.62183794587216,169.62626998762764,171.82830810546875,59825400
2024-03-13,AAPL,171.37204497358655,171.78864474969012,169.37829909505535,169.7453155517578,52488700
2024-03-14,AAPL,171.51090581587792,172.89957168966941,170.65786388331372,171.6001739501953,72913500
2024-03-15,AAPL,169.7849566919112,171.2232208251953,168.9120724685351,171.2232208251953,121752700
2024-03-18,AAPL,174.14936767646017,176.2720510790249,172.1159523987632,172.3143310546875,75604200
2024-03-19,AAPL,172.92931675607417,175.18095319129145,171.62991909909198,174.65524291992188,55215200
2024-03-20,AAPL,174.29817691484007,177.22430419921875,173.67326966604173,177.22430419921875,53423100
2024-03-21,AAPL,175.61741650508932,176.05385870042272,169.45765758517675,169.98336791992188,106181300
2024-03-22,AAPL,170.37020490965267,171.64977539848843,168.68396342338923,170.88600158691406,71160100
2024-03-25,AAPL,169.18985713490977,170.54876707334867,168.0789092110998,169.46759033203125,54288300
2024-03-26,AAPL,168.62443878704727,170.0329469889122,168.20783904863555,168.3367919921875,57388400
2024-03-27,AAPL,169.03112531152695,172.19531573949365,168.7335497446837,171.90765380859375,60273300
2024-03-28,AAPL,170.36027251639132,170.83638432396197,169.13030061690222,170.0924530029297,65672700
2024-04-01,AAPL,169.80480748103986,169.86431956551354,168.10863739693175,168.65419006347656,46240500
2024-04-02,AAPL,167.71189467068976,167.96978543762384,166.86876637308836,167.4738311767578,49329500
2024-04-03,AAPL,167.4242255584593,169.29893197888933,167.21593325359058,168.2772674560547,47691700
2024-04-04,AAPL,168.9120862737285,170.5289019190824,167.45399475097656,167.45399475097656,53704400
2024-04-05,AAPL,168.21776886148135,169.01129873561936,167.5829479892356,168.20785522460938,42104800
2024-04-08,AAPL,167.66228381393842,167.83090643391947,166.87868279928273,167.08697509765625,37425500
2024-04-09,AAPL,167.3349666518587,168.70380527202582,166.98780774616682,168.297119140625,42373800
2024-04-10,AAPL,167.43419068161515,167.72183754351633,165.75786256602828,166.4224395751953,49709300
2024-04-11,AAPL,166.97785862713312,174.04025682035402,166.79932237773104,173.62364196777344,91070300
2024-04-12,AAPL,172.8499808741194,176.9168120397123,172.80039755418966,175.1214599609375,101670900
2024-04-15,AAPL,173.94105717912421,175.200785081753,171.10419855705527,171.29266357421875,73531800
2024-04-16,AAPL,170.3602631929335,172.35399357547163,166.9084262901455,168.0094451904297,73711200
2024-04-17,AAPL,168.23761366668208,169.2691919230274,166.64064025878906,166.64064025878906,50901200
2024-04-18,AAPL,166.67037984876308,167.27544462394533,165.20235954360626,165.68838500976562,43122900
2024-04-19,AAPL,164.86513304300607,165.05358296102196,162.75236290762146,163.6649169921875,68149400
2024-04-22,AAPL,164.18068981978783,165.9066008250168,163.4367584871004,164.4980926513672,48116400
2024-04-23,AAPL,164.01206877643943,165.69831011966792,163.58554027123327,165.5495147705078,49537800
2024-04-24,AAPL,165.19243035823263,167.93010742906517,164.86511388137603,167.65237426757812,48251800
2024-04-25,AAPL,168.15824741627387,169.2295104164757,166.78940883790665,168.5153350830078,50558300
2024-04-26,AAPL,168.50540819041237,169.95358601606148,167.81106018420974,167.9300994873047,44838400
2024-04-29,AAPL,171.96716217122307,174.60564226594082,171.69935778865286,172.0961151123047,68169400
2024-04-30,AAPL,171.92750782528833,173.57407962239418,168.6244505944639,168.9517822265625,65934800
2024-05-01,AAPL,168.20783263565716,171.31251085120192,167.74163446478235,167.9300994873047,50383100
2024-05-02,AAPL,171.11413192483198,172.0167723030629,169.50724497899176,171.6299285888672,94214900
2024-05-03,AAPL,185.13972451400554,185.48689856009224,181.18201909229816,181.8961944580078,163224100
2024-05-06,AAPL,180.8745364649345,182.70955826534143,178.9601450261929,180.23971557617188,78569700
2024-05-07,AAPL,181.965609726272,183.40387401178498,179.8528549315395,180.92410278320312,77305800
2024-05-08,AAPL,181.3704630721318,181.58868413827042,179.98178218440233,181.2613525390625,45057100
2024-05-09,AAPL,181.08280763590477,183.16582147443802,180.6364518520254,183.07655334472656,48983000
2024-05-10,AAPL,183.6526350835399,183.84135574437508,180.9013327671207,181.81512451171875,50759500
2024-05-13,AAPL,184.18900107058352,185.8378061410755,183.37452561798457,185.02333068847656,72044800
2024-05-14,AAPL,186.245019986336,187.02969899838186,185.0332491027049,186.16555786132812,52393600
2024-05-15,AAPL,186.64235255391958,189.3638586651008,186.1059869360216,188.4401397705078,70400000
2024-05-16,AAPL,189.1850657006259,189.81082048816586,188.3805324914181,188.55931091308594,52845200
2024-05-17,AAPL,188.23153932133224,189.52277241007562,187.90376371878457,188.589111328125,41282900
2024-05-20,AAPL,188.05276500067424,190.6252889956646,187.73491647398643,189.751220703125,44361300
2024-05-21,AAPL,189.80087387660714,191.42980957851574,189.6320225414164,191.05238342285156,42309400
2024-05-22,AAPL,190.97293553544338,191.51922822288097,188.9864276944718,189.61216735839844,34648500
2024-05-23,AAPL,189.69162509909052,189.7114944206788,185.370979738518,185.61929321289062,51005900
2024-05-24,AAPL,187.54620129756856,189.2943226367172,186.771449342652,188.6983642578125,36327000
2024-05-28,AAPL,190.21803261577213,191.69798625592665,187.82430244055638,188.7082977294922,52280100
2024-05-29,AAPL,188.33088121296123,190.95307102285372,188.23154975607,189.00628662109375,53068000
2024-05-30,AAPL,189.47310363654154,190.88352231957748,189.34399093884022,189.99952697753906,49889100
2024-05-31,AAPL,190.14854591816024,191.27092777465327,188.6288685287447,190.9530792236328,75158300
2024-06-03,AAPL,191.5986571441052,193.67456916074488,191.22123099586668,192.72103881835938,50080500
2024-06-04,AAPL,193.3269468870457,194.00236744942592,191.72780743235197,193.03890991210938,47471400
2024-06-05,AAPL,194.08179923154876,195.5716800296083,193.55537589536917,194.5486297607422,54156800
2024-06-06,AAPL,194.36985841579607,195.17439165110096,192.86010824182844,193.1680145263672,41181800
2024-06-07,AAPL,193.33687329712626,195.61143330627965,192.83031924399432,195.561767578125,53103900
2024-06-10,AAPL,195.57168290202756,195.96899354752293,190.8537269722117,191.8171844482422,97010200
2024-06-11,AAPL,192.34359145933493,205.7624599378956,192.32373729563466,205.7525177001953,172373300
2024-06-12,AAPL,205.97105482418652,218.7145040828182,205.50422428227435,211.6326141357422,198134300
2024-06-13,AAPL,213.29133517221976,215.28776993558532,210.17251871917932,212.79470825195312,97862700
2024-06-14,AAPL,212.40735976944958,213.71844708080008,209.87455920751867,211.05653381347656,70122700
2024-06-17,AAPL,211.93057220447776,217.47293058672338,211.28496325493592,215.20831298828125,93728300
2024-06-18,AAPL,216.12210108008887,217.15509356895643,211.56306955662498,212.8443603515625,79943300
2024-06-20,AAPL,212.48680152632818,212.79472296910444,207.4410850045998,208.26547241210938,86172500
2024-06-21,AAPL,208.97070143703453,210.46058238700795,205.71282963889428,206.09027099609375,241805100
2024-06-24,AAPL,206.3187055335118,211.2651058128792,205.19632375372012,206.73587036132812,80727000
2024-06-25,AAPL,207.73905391104032,209.95402109263304,207.20270345608853,207.65960693359375,55549700
2024-06-26,AAPL,210.07320698316605,213.41054080672134,209.2190079939271,211.8114013671875,66213200
2024-06-27,AAPL,213.24168634094727,214.28460598729217,210.91747580739147,212.65567016601562,49772700
2024-06-28,AAPL,214.31439376890182,214.6123729638464,208.8812938369491,209.19912719726562,82542700
2024-07-01,AAPL,210.65919906394006,216.04263295008636,210.49034773322808,215.2877655029297,60402900
2024-07-02,AAPL,214.69184092859064,218.89331616082157,213.64893637809146,218.7840576171875,58046200
2024-07-03,AAPL,218.51587323834337,220.055419921875,217.5524156756879,220.055419921875,37369800
2024-07-05,AAPL,220.1547017635972,224.92232310094593,220.1547017635972,224.8130645751953,60412400
2024-07-08,AAPL,225.55802531049062,226.31290797690275,221.7439339584199,226.28311157226562,59085900
2024-07-09,AAPL,226.39232772835348,227.85241200340494,224.84285425013968,227.13726806640625,48076100
2024-07-10,AAPL,227.75312751683794,231.50762613234983,227.70346178953022,231.40829467773438,62627700
2024-07-11,AAPL,229.82901193417422,230.82226580227746,224.2469300453064,226.0347900390625,64710600
2024-07-12,AAPL,227.3756899381295,231.07059580434316,227.13730353661973,228.98475646972656,53046500
2024-07-15,AAPL,234.88468027763452,235.62962070976812,231.5175501306247,232.81871032714844,62631300
2024-07-16,AAPL,233.4146487749432,234.67608537579065,230.7626628820321,233.23587036132812,43234300
2024-07-17,AAPL,227.90209958898402,229.8985495862513,225.11105861290636,227.33595275878906,57345900
2024-07-18,AAPL,228.72648739278685,228.88541164065143,220.7705297877149,222.66763305664062,66034600
2024-07-19,AAPL,223.30333735062962,225.2699757257536,221.7737179376491,222.79676818847656,49151500
2024-07-22,AAPL,225.47855462210336,226.24336434241772,221.58500128681854,222.4491424560547,48201800
2024-07-23,AAPL,222.85638350906987,225.40905343076804,221.17778191166562,223.4920654296875,39960300
2024-07-24,AAPL,222.48887740092556,223.2834835656707,215.66522784122517,217.06570434570312,61777600
2024-07-25,AAPL,217.45306951901438,219.36013034825794,213.17214762576046,216.02279663085938,51391200
2024-07-26,AAPL,217.22462220056258,218.0093012590926,214.55276681781487,216.4896240234375,41601300
2024-07-29,AAPL,215.49636696784094,217.82057739339885,214.2945231128628,216.76773071289062,36311800
2024-07-30,AAPL,217.71131248471113,218.84362126060284,214.66201590891492,217.32394409179688,41643800
2024-07-31,AAPL,219.94613576688096,222.31008478832948,219.14160257039833,220.58181762695312,50036300
2024-08-01,AAPL,222.85636745689294,222.96562598955987,215.5559605569344,216.8869171142578,62501000
2024-08-02,AAPL,217.6715836076827,224.0780833133434,216.24131073912352,218.37680053710938,105568600
2024-08-05,AAPL,197.74688433310433,212.05967442716107,194.67773390034458,207.85821533203125,119548600
2024-08-06,AAPL,203.91501287026546,208.5733757245506,199.7135534430835,205.8319854736328,69660500
2024-08-07,AAPL,205.50421123787663,212.1987475040528,204.9976572409954,208.40452575683594,63516400
2024-08-08,AAPL,211.67233918968967,212.7549823030523,207.42121371107248,211.87098693847656,47161100
2024-08-09,AAPL,210.66914912089348,215.317569896599,210.54002126961797,214.78121948242188,42201600
2024-08-12,AAPL,214.86078610016068,218.28152162650582,214.39341520959198,216.31260681152344,38028100
2024-08-13,AAPL,217.7843306202791,220.64821789171992,217.7843306202791,220.0316925048828,44155300
2024-08-14,AAPL,219.33558330044798,221.78180736898403,218.47044195323042,220.47914123535156,41960600
2024-08-15,AAPL,223.34303300242357,224.0888356302054,221.51331902381992,223.4623565673828,46414000
2024-08-16,AAPL,222.66684293368954,225.56056092969672,222.39834972442236,224.78492736816406,44340200
2024-08-19,AAPL,224.4567771868955,224.72527040192085,221.791767703572,224.62582397460938,40687800
2024-08-20,AAPL,224.50649118022673,225.89865006504533,224.18827476461456,225.24234008789062,30299000
2024-08-21,AAPL,225.25230383574092,226.70412456960102,223.7905293550798,225.13296508789062,34765500
2024-08-22,AAPL,226.51515678976367,227.0620817257826,222.64692794903723,223.27340698242188,43695300
2024-08-23,AAPL,224.39710671028325,226.9427773475752,223.07454817990703,225.57049560546875,38677300
2024-08-26,AAPL,225.490936936756,226.00803101617393,222.6370036872603,225.90858459472656,30602200
2024-08-27,AAPL,224.73519205544582,227.569248113113,223.63140355832627,226.7538299560547,35934600
2024-08-28,AAPL,226.64446298605537,228.57360836626125,224.41699349604747,225.22247314453125,38052200
2024-08-29,AAPL,228.8122756660522,231.61648594304322,227.5991020536236,228.50399780273438,51906300
2024-08-30,AAPL,228.90175696593346,229.11057321557684,226.2069166530855,227.71841430664062,52990800
2024-09-03,AAPL,227.2709519194148,227.7184305167556,219.93224829880322,221.52330017089844,50190600
2024-09-04,AAPL,220.4195086889333,220.5388322671096,216.26289369284987,219.61404418945312,43840200
2024-09-05,AAPL,220.38968006999326,224.2181249188319,220.28029506440387,221.13548278808594,36615400
2024-09-06,AAPL,222.69667077468378,223.97945984429646,218.54007124155592,219.58419799804688,48423000
2024-09-09,AAPL,219.58421337102425,220.03169196273555,215.49721390972365,219.6737060546875,67180000
2024-09-10,AAPL,217.69483113354613,220.2405018848782,215.517084853391,218.878173828125,51591000
2024-09-11,AAPL,220.22062862304543,221.84149617822106,216.6706004766808,221.41390991210938,44587100
2024-09-12,AAPL,221.2548069431359,222.29893378586118,218.58981250678085,221.52330017089844,37455600
2024-09-13,AAPL,222.32874892129448,222.78616606005667,220.66809680320824,221.25479125976562,36766600
2024-09-16,AAPL,215.328129813119,216.0043320914465,212.7227974671536,215.109375,59357400
2024-09-17,AAPL,214.54256344637628,215.6861214463737,213.2995590231644,215.5767364501953,45519300
2024-09-18,AAPL,216.3324839032867,221.46360959170417,216.32253015734062,219.4549102783203,59894900
2024-09-19,AAPL,223.7308662842885,228.53383738270648,223.37288038958053,227.58914184570312,66781300
2024-09-20,AAPL,228.68301132766732,231.7855458971276,226.34615665298043,226.92291259765625,318679900
2024-09-23,AAPL,226.06770192621624,228.16589404695566,224.54626569168985,225.20257568359375,54146000
2024-09-24,AAPL,227.37036953161189,228.06646416724695,224.4667129366972,226.0975341796875,43556100
2024-09-25,AAPL,223.6711754067507,226.01796830972677,222.76627973963284,225.10311889648438,42308700
2024-09-26,AAPL,226.02793410267134,227.22121534991766,224.14851196557498,226.2467041015625,36636700
2024-09-27,AAPL,227.18143093581907,228.2354962210898,226.02791923090672,226.51516723632812,34026000
2024-09-30,AAPL,228.75257338192353,231.69601440429688,228.36475662569327,231.69601440429688,54541900
2024-10-01,AAPL,228.2355040411627,228.36476618305377,222.4878528116685,224.94403076171875,63285000
2024-10-02,AAPL,224.62581519597003,226.09752818761766,221.771881889721,225.51083374023438,32880600
2024-10-03,AAPL,223.88001079844628,225.5406628776434,222.0702042586661,224.40704345703125,34044200
2024-10-04,AAPL,226.6245660168141,226.72401244250622,222.87567550784985,225.53073120117188,37245100
2024-10-07,AAPL,223.24362801538143,224.42697083215958,220.0913701443905,220.44935607910156,39505400
2024-10-08,AAPL,223.0447257693685,224.71531649859696,222.00059897690352,224.50650024414062,31855700
2024-10-09,AAPL,223.9695393837496,228.46424832180904,223.57178397616042,228.2554168701172,33591100
2024-10-10,AAPL,226.50523572074002,228.21561101279016,225.89864895817115,227.7581787109375,28183500
2024-10-11,AAPL,228.01675665509578,228.1261416619367,226.06771885321956,226.27655029296875,31759200
2024-10-14,AAPL,227.4200987868959,230.43314046117197,227.32066753158787,230.00555419921875,39882100
2024-10-15,AAPL,232.30261271123658,236.16090332060597,231.0695468532438,232.54127502441406,64751400
2024-10-16,AAPL,230.30387901574463,230.82095796107367,228.5537189749549,230.4828643798828,34082200
2024-10-17,AAPL,232.12361966628396,232.5412825211578,229.22991678936268,230.8507843017578,32993800
2024-10-18,AAPL,234.8582339303053,234.8582339303053,232.70037994861724,233.68484497070312,46431500
2024-10-21,AAPL,233.13791711516282,235.52449481958178,233.13791711516282,235.15655517578125,36254500
2024-10-22,AAPL,232.5810627118631,234.89802497361626,231.29828871484364,234.5400390625,38846600
2024-10-23,AAPL,232.76999409553275,233.82405947286142,226.4853561254601,229.46856689453125,52287000
2024-10-24,AAPL,228.69292294524882,229.52823345451665,227.131717270346,229.27963256835938,31109500
2024-10-25,AAPL,228.45427709115,231.91479719738325,228.28523030841902,230.11492919921875,38802300
2024-10-28,AAPL,232.0142568404043,233.4163543943246,231.24856181455635,232.0937957763672,36087100
2024-10-29,AAPL,231.7954872619061,233.01859945208068,231.01985366097637,232.36228942871094,35417200
2024-10-30,AAPL,231.30820323038637,232.1633908639167,228.26533088908346,228.812255859375,47070900
2024-10-31,AAPL,228.05650301771783,228.5437662121666,224.10871977089283,224.6457061767578,64370100
2024-11-01,AAPL,219.73336072670745,224.08885327131992,219.03728125399175,221.66250610351562,65276700
2024-11-04,AAPL,219.7532516264011,221.5431659237015,218.48041626355018,220.7675323486328,44944500
2024-11-05,AAPL,220.55871830266648,222.6966799421733,219.90240829460964,222.19947814941406,28111300
2024-11-06,AAPL,221.36417152277414,224.80481443000403,219.95212032394844,221.4735565185547,54561100
2024-11-07,AAPL,223.37288331058951,226.6046949785728,223.31322152292373,226.20692443847656,42137700
2024-11-08,AAPL,226.1471868576639,227.63048374280507,225.39061415381417,225.93814086914062,38328800
2024-11-11,AAPL,223.98696589218596,224.68381119249955,220.50272420052974,223.22042846679688,42005600
2024-11-12,AAPL,223.53899499841924,224.5743058460154,222.354350392842,223.22042846679688,40398300
2024-11-13,AAPL,223.00141185159572,225.62952490733255,221.75703985190805,224.10641479492188,48566200
2024-11-14,AAPL,224.0068849307252,227.83954176018094,223.9869707245471,227.19247436523438,44923900
2024-11-15,AAPL,225.38064426033654,225.89830725108274,223.26024476090137,223.98695373535156,47923700
2024-11-18,AAPL,224.23582987715278,228.70561947942855,224.1561882479486,226.9933624267578,44633700
2024-11-19,AAPL,225.95804731142948,229.123737666772,225.63949596937007,227.252197265625,36211800
2024-11-20,AAPL,227.0331781982001,228.89475383274825,224.8729502483013,227.9689483642578,35169600
2024-11-21,AAPL,227.8494838511811,229.12371949855563,224.69375844400457,227.49110412597656,42108300
2024-11-22,AAPL,227.0331737980822,229.68120098473537,227.0331737980822,228.83502197265625,38168300
2024-11-25,AAPL,230.41787789282506,232.19981188776785,228.70562083004268,231.82151794433594,90152800
2024-11-26,AAPL,232.27945661483375,234.50937670519198,232.27945661483375,234.0016632080078,45986200
2024-11-27,AAPL,233.41433300973634,234.62884134649127,232.75730092131053,233.87225341796875,33498400
2024-11-29,AAPL,233.75278591990275,236.73927868022366,232.91657159263394,236.26144409179688,28481400
2024-12-02,AAPL,236.20171450499868,239.70585504150458,236.0922091638524,238.51126098632812,48137100
2024-12-03,AAPL,238.73028547870095,241.66700046466846,237.82437898500294,241.5574951171875,38861000
2024-12-04,AAPL,241.7765092325954,243.01093178619982,240.16380790150487,241.91587829589844,44383900
2024-12-05,AAPL,242.891459337747,243.43897085315564,241.0398332364883,241.9457244873047,40033900
2024-12-06,AAPL,241.81631992920728,243.52857697582414,240.99005511798387,241.7466278076172,36870600
2024-12-09,AAPL,240.74117665680967,246.1268220997756,240.66153502923254,245.63902282714844,44649200
2024-12-10,AAPL,245.77840669680953,247.09247084593116,244.23538234840328,246.65444946289062,36914800
2024-12-11,AAPL,246.8435859006099,249.67079537394437,245.15122786747497,245.3802032470703,45205800
2024-12-12,AAPL,245.77840766369866,247.62008434324935,244.57384885559844,246.84359741210938,32777500
2024-12-13,AAPL,246.70421556592945,248.16758302178013,245.13132757947596,247.0128173828125,33155300
2024-12-16,AAPL,246.8734431082497,250.24817919808956,246.53496239648825,249.90969848632812,51694800
2024-12-17,AAPL,248.95404406138837,252.68716009783537,248.655391740455,252.33872985839844,51356400
2024-12-18,AAPL,251.02467749046986,253.13512753347695,246.62457993830327,246.9331817626953,56774100
2024-12-19,AAPL,246.3856613682502,250.86540066585474,245.97750369773615,248.66534423828125,60882300
2024-12-20,AAPL,246.9232356335886,253.85190610745477,244.58382522076937,253.34420776367188,147495300
2024-12-23,AAPL,253.62294818149482,254.49897581061583,252.30888395267968,254.12069702148438,40858800
2024-12-24,AAPL,254.3397007808045,257.04744042152294,254.14058909817473,257.0375061035156,23234700
2024-12-26,AAPL,257.0275101814573,258.9289141129315,256.47003399402934,257.853759765625,27237100
2024-12-27,AAPL,256.66912911312295,257.53523753189216,251.92061656694878,254.43922424316406,42355300
2024-12-30,AAPL,251.0943626150189,252.3586488565982,249.62103037787767,251.0644989013672,35557500
2024-12-31,AAPL,251.30342042234355,252.1396347735265,248.30696287880588,249.29251098632812,39480700
2025-01-02,AAPL,247.80922035937212,247.97846832553566,240.73124671787497,242.75210571289062,55740700
2025-01-03,AAPL,242.26431274414062,243.080612931882,240.80092995907523,242.26431274414062,40244100
2025-01-06,AAPL,243.2100158477468,246.21642284830082,242.10501290585998,243.89691162109375,45045600
2025-01-07,AAPL,241.8860138278822,244.44445006993732,240.2633629937866,241.11949157714844,40856000
2025-01-08,AAPL,240.83076714912374,242.61271628247306,238.96919157849698,241.6072540283203,37628900
2025-01-10,AAPL,238.9293760168756,239.0787097724967,231.95094323601768,235.7836151123047,61710900
2025-01-13,AAPL,232.47857214721685,233.61343889555542,228.68572841435088,233.3446502685547,49630700
2025-01-14,AAPL,233.69305795736565,235.05688478727922,231.4233246799516,232.22967529296875,39435300
2025-01-15,AAPL,233.58354315722423,237.88409983929475,233.37448198930954,236.7989959716797,39832000
2025-01-16,AAPL,236.28136958651152,236.9383864807084,227.0033243432251,227.23228454589844,71759100
2025-01-17,AAPL,231.07489856287185,231.24413133243607,227.4512878984511,228.9445343017578,68488300
2025-01-21,AAPL,222.9914505136237,223.40955766052627,218.39225670760806,221.6375732421875,98070400
2025-01-22,AAPL,218.80040121474653,223.11090745632038,218.80040121474653,222.8222198486328,64126500
2025-01-23,AAPL,223.72815445577547,226.0078374632505,221.29913768199057,222.65301513671875,60234800
2025-01-24,AAPL,223.76794215782238,224.614121166801,220.4131202139208,221.77694702148438,54697900
2025-01-27,AAPL,223.01137104866308,231.10475600574816,222.9715426392062,228.8250732421875,94863400
2025-01-28,AAPL,229.81063008981926,239.1085741517517,229.77080167884077,237.187255859375,75707600
2025-01-29,AAPL,233.06590496072297,238.78006694024197,232.95639961161774,238.28231811523438,45486100
2025-01-30,AAPL,237.59540286874542,239.70585285329432,236.14198492507634,236.520263671875,55658300
2025-01-31,AAPL,246.07705979363328,246.07705979363328,232.38896748106293,234.93743896484375,100959800
2025-02-03,AAPL,228.9545099800506,230.78622201033428,224.68381655532258,226.98341369628906,73063300
2025-02-04,AAPL,226.2268315478868,232.08036234711574,225.62952690670866,231.75184631347656,45067300
2025-02-05,AAPL,227.50107667347064,231.62243633567465,227.24225275297744,231.42333984375,39620300
2025-02-06,AAPL,230.24863411824003,232.74734282564026,229.39250557129796,232.16995239257812,29925300
2025-02-07,AAPL,231.5527419594936,232.94643248808816,226.23677336593994,226.60511779785156,39707200
2025-02-10,AAPL,228.7876615470872,229.80417456619486,226.42572786906877,226.8741912841797,33115600
2025-02-11,AAPL,227.42233485023965,234.42837673351212,227.3525813044295,231.8272705078125,53718400
2025-02-12,AAPL,230.41209906543347,236.15247950770552,229.89386689621963,236.06277465820312,45243300
2025-02-13,AAPL,236.10265815205582,241.5141464162941,234.76722827404518,240.7069091796875,53614100
2025-02-14,AAPL,240.4278440984732,244.71319316935814,240.1687356269457,243.7664337158203,40896200
2025-02-18,AAPL,243.31796980618805,244.34445851454996,241.01584434943877,243.6368865966797,48822500
2025-02-19,AAPL,243.8262313730556,245.17162160901916,242.33134319523683,244.03550720214844,32204200
2025-02-20,AAPL,244.10528213544586,245.93900803040836,243.45748811790233,244.99224853515625,32316900
2025-02-21,AAPL,245.11182656230832,247.84249441981407,244.38431857946645,244.71319580078125,53197400
2025-02-24,AAPL,244.0953010258401,248.01191597096326,243.58704451830639,246.25791931152344,51326400
2025-02-25,AAPL,247.15485528022737,249.14803959700342,244.0753891604379,246.1981201171875,48013300
2025-02-26,AAPL,243.49735015822236,244.14512894194456,238.31507426807877,239.54087829589844,44433600
2025-02-27,AAPL,238.5941277716784,241.6337368385667,236.25213016109495,236.49131774902344,41153600
2025-02-28,AAPL,236.14250368420718,241.26498665715278,229.41550676334808,241.01583862304688,56833400
2025-03-03,AAPL,240.96599177281342,243.1983635012748,235.3053560708129,237.21881103515625,47184000
2025-03-04,AAPL,236.89992456399492,239.25188262538288,233.88023638606123,235.1259765625,53798100
2025-03-05,AAPL,234.61771347352882,235.7438674276595,228.44880585950324,234.93663024902344,47227600
2025-03-06,AAPL,233.64106399817908,237.04940729600818,232.3654272740836,234.5280303955078,45170400
2025-03-07,AAPL,234.30878315837532,240.54744460053885,233.95996981993864,238.2552947998047,46273600
2025-03-10,AAPL,234.73730306532093,235.35520052510583,223.45588808739058,226.70477294921875,72071200
2025-03-11,AAPL,223.0472976504486,225.07037859810526,216.70897065581676,220.08741760253906,76137400
2025-03-12,AAPL,219.3897895710681,220.99430349899413,214.17761702040198,216.2405548095703,62547500
2025-03-13,AAPL,215.2140760046737,216.1010424274323,207.7097381833997,208.96543884277344,61368300
2025-03-14,AAPL,210.53009451028822,213.22089031000854,208.86578742228792,212.76246643066406,60107600
2025-03-17,AAPL,212.58307041465437,214.48656508270392,209.25445626243933,213.27072143554688,48073400
2025-03-18,AAPL,213.43017106944268,214.41678753127792,210.76927194631702,211.96517944335938,42432400
2025-03-19,AAPL,213.48995680484757,218.0144781615262,213.0215573102422,214.50648498535156,54385400
2025-03-20,AAPL,213.2607660976187,216.74883872802718,211.49679368091097,213.37039184570312,48862900
2025-03-21,AAPL,210.83902892918795,218.09421843072647,210.55998434888178,217.5261688232422,94127800
2025-03-24,AAPL,220.24686734420678,220.7252273230714,217.83511614199446,219.977783203125,44299500
2025-03-25,AAPL,220.01766257627696,223.33631640181736,219.33001153042758,222.9875030517578,34493600
2025-03-26,AAPL,222.74828771017502,224.25315146564492,219.71865451354498,220.77503967285156,34466100
2025-03-27,AAPL,220.63551973925667,224.22325730600966,219.8083464889556,223.08714294433594,37094800
2025-03-28,AAPL,220.91458161653458,223.04728822423488,216.93817343567548,217.1574249267578,39818600
2025-03-31,AAPL,216.27045427307317,224.8511131847691,215.49311362240712,221.37301635742188,65299300
2025-04-01,AAPL,219.06091135294477,222.91771798921508,218.15400887457568,222.4293975830078,36412700
2025-04-02,AAPL,220.56578026164416,224.4225869866718,220.2667995775576,223.12701416015625,35905900
2025-04-03,AAPL,204.83954098981803,206.78290782089874,200.56416741637668,202.49755859375,103419000
2025-04-04,AAPL,193.2292544699453,199.19884701911502,186.70157274086588,187.738037109375,125910900
2025-04-07,AAPL,176.59612158290105,193.48835506739644,174.02491207450518,180.84161376953125,160466300
2025-04-08,AAPL,186.06374707733985,189.6913418115003,168.63336050772435,171.83241271972656,120859500
2025-04-09,AAPL,171.3640110222038,199.926344669284,171.30421792842867,198.17234802246094,184395900
2025-04-10,AAPL,188.42569728108137,194.11623030966024,182.3763752402466,189.77108764648438,121880000
2025-04-11,AAPL,185.46579368960585,198.85997858079665,185.42592149027786,197.47471618652344,87435900
2025-04-14,AAPL,210.7194495182335,212.2143377637297,200.47448329230923,201.82984924316406,101352900
2025-04-15,AAPL,201.1720967653651,202.81646776904176,199.11911932089467,201.45114135742188,51343900
2025-04-16,AAPL,197.68401406478426,200.01603598224625,191.71442177543545,193.6079559326172,59732400
2025-04-17,AAPL,196.5279673080365,198.15241736523095,193.75744237056688,196.3087158203125,52164700
2025-04-21,AAPL,192.61134997705832,193.13954254760668,189.16313478921086,192.50172424316406,46742500
2025-04-22,AAPL,195.45165216386687,200.9030125684292,195.3021694205859,199.059326171875,52976400
2025-04-23,AAPL,205.29799399880645,207.29117840656184,202.10890198775584,203.90277099609375,52929200
2025-04-24,AAPL,204.1917605029567,208.11833592046503,202.248408894664,207.65989685058594,47311000
2025-04-25,AAPL,205.66671618569228,209.0352025034097,205.49729734578435,208.56680297851562,38222300
2025-04-28,AAPL,209.2843516085664,210.77923983434187,206.7530142372406,209.4238739013672,38743100
2025-04-29,AAPL,207.97880282615472,211.51670773820763,207.65988606249564,210.49021911621094,36827600
2025-04-30,AAPL,208.58674127234366,212.8521544830753,205.96569903614,211.7758331298828,52286500
2025-05-01,AAPL,208.3674918385056,213.82881264887993,208.18809734114114,212.59304809570312,57365700
2025-05-02,AAPL,205.38767599056177,206.28461806468735,201.4710760745947,204.65020751953125,101010600
2025-05-05,AAPL,202.40787903175757,203.4044712176219,197.5345438511527,198.21221923828125,69018500
2025-05-06,AAPL,197.5345306234426,199.96620262041338,196.34858356859348,197.83349609375,51216500
2025-05-07,AAPL,198.49125449640593,198.7603386318323,192.59143085844198,195.58120727539062,68536700
2025-05-08,AAPL,197.04619801698016,199.3682595147921,194.0165494128041,196.81698608398438,50478900
2025-05-09,AAPL,198.32183886048443,199.85658408831688,196.86680762308345,197.8534393310547,36453900
2025-05-12,AAPL,210.52676720097676,210.82613996616402,206.31563192374182,210.34713745117188,63775800
2025-05-13,AAPL,209.98788789546765,212.95164926547025,208.56089957562318,212.48263549804688,51909300
2025-05-14,AAPL,211.98367663769176,213.49051386836734,210.13757262915965,211.88389587402344,49325800
2025-05-15,AAPL,210.506803034962,212.51258988469863,209.0997617101353,211.00575256347656,45029500
2025-05-16,AAPL,211.9138418912236,212.12340739052024,209.3292870180407,210.81614685058594,54737900
2025-05-19,AAPL,207.47318710280226,209.0398806327114,203.83084657536088,208.3413543701172,46140500
2025-05-20,AAPL,207.23369558110693,208.03201787298204,204.5992426766309,206.42539978027344,42496600
2025-05-21,AAPL,204.73893602091724,206.60500227852873,200.28831500749223,201.6654052734375,59211800
2025-05-22,AAPL,200.2883071907537,202.32401437172413,199.28041949489233,200.9369354248047,46742400
2025-05-23,AAPL,193.26311186041877,197.28464391104225,193.05356158182016,194.85975646972656,78432900
2025-05-27,AAPL,197.88337691051132,200.31825293342968,197.01519441683536,199.78936767578125,56288500
2025-05-28,AAPL,200.16855762950956,202.30406088976383,199.48000488022652,199.99891662597656,45339700
2025-05-29,AAPL,203.15228556391767,203.38179807643976,198.09293019267844,199.5299072265625,51396800
2025-05-30,AAPL,198.95112277889336,201.53569281345096,196.36656797106642,200.4280242919922,70819900
2025-06-02,AAPL,199.85921507319503,201.70533435611304,199.69954757512772,201.27622985839844,35423300
2025-06-03,AAPL,200.92696184786135,203.34187550579085,200.53778186221837,202.84292602539062,46381600
2025-06-04,AAPL,202.48369763994597,205.80670326672896,201.67540185470463,202.39389038085938,43604000
2025-06-05,AAPL,203.07246156364138,204.3198354061699,199.7294935749724,200.20849609375,55126100
2025-06-06,AAPL,202.57349663849442,205.26782088834017,201.62549563553227,203.49156188964844,46607700
2025-06-09,AAPL,203.96058960802065,205.56720771427428,199.59977555964565,201.02676391601562,72862600
2025-06-10,AAPL,200.1785434107301,203.92066462184746,200.14860765917956,202.2441864013672,54672600
2025-06-11,AAPL,203.0724503091444,204.07034932786254,197.99314795828434,198.36236572265625,60989900
2025-06-12,AAPL,198.66173587371065,199.26046614106752,196.94534836583952,198.78147888183594,43904600
2025-06-13,AAPL,199.3103695725812,199.9490243445518,195.2888376882346,196.03726196289062,51447300
2025-06-16,AAPL,196.8854859861783,198.27256505925683,196.1470352061455,198.0031280517578,43020700
2025-06-17,AAPL,196.78567812068002,197.97318035709665,194.79986887227625,195.2289581298828,38856200
2025-06-18,AAPL,195.52832221137376,197.15490236836843,194.66015499959357,196.16697692871094,45394700
2025-06-20,AAPL,197.8235020126397,201.27622400422058,196.44639652864126,200.57769775390625,96813500
2025-06-23,AAPL,201.20639190632414,201.87498244787415,198.54200324907936,201.07666015625,55814300
2025-06-24,AAPL,202.16436301176623,203.0125832870988,199.77938491343542,199.87918090820312,54064000
2025-06-25,AAPL,201.0267661369261,203.2421033073339,200.19850807531137,201.13653564453125,39525700
2025-06-26,AAPL,201.00678701240994,202.2142514946699,199.04094000321476,200.57769775390625,50799100
2025-06-27,AAPL,201.4658274879402,202.7930349784745,199.57979899649257,200.65753173828125,73188600
2025-06-30,AAPL,201.58557286233471,206.95427439094752,198.84135059390303,204.7389373779297,91912800
2025-07-01,AAPL,206.23578409144605,209.74839282792448,205.70689884063935,207.3833770751953,78788900
2025-07-02,AAPL,208.47108532398713,212.8917706186518,207.7026988246806,211.99366760253906,67941800
2025-07-03,AAPL,211.70428104663077,214.19902871499423,211.36499901814886,213.10134887695312,34955800
2025-07-07,AAPL,212.23315593085263,215.77570049162512,208.36131809352125,209.50889587402344,50229000
2025-07-08,AAPL,209.658593847986,210.98578616820197,208.01205130024096,209.5687713623047,42848900
2025-07-09,AAPL,209.0897778625777,210.8859991217609,206.78463359109693,210.69639587402344,48749400
2025-07-10,AAPL,210.06771262581316,213.03147386855414,209.58872537016995,211.96372985839844,44443600
2025-07-11,AAPL,210.12759762046792,211.68431760849728,209.41908263784933,210.7163543701172,39765800
2025-07-14,AAPL,209.48893166698292,210.46688365912564,207.10395364435493,208.1816864013672,38840100
2025-07-15,AAPL,208.7804390594974,211.44482767792792,208.48106630115817,208.67066955566406,42296300
2025-07-16,AAPL,209.8581806046168,211.95375954691573,208.2016644692293,209.71847534179688,47490500
2025-07-17,AAPL,210.12759810142074,211.3550095983717,209.14964612579556,209.57875061035156,48068100
2025-07-18,AAPL,210.42696659875526,211.34503189230253,209.25942654413325,210.73631286621094,48974600
2025-07-21,AAPL,211.65437808070223,215.3266389893317,211.18536434566,212.0335693359375,51377400
2025-07-22,AAPL,212.69220709721728,214.49840197701596,211.78411528941558,213.94955444335938,46404100
2025-07-23,AAPL,214.54829351654996,214.69797228179937,211.9637386583707,213.7000732421875,46989300
2025-07-24,AAPL,213.45058781785585,215.2368355364858,213.08137006420023,213.31088256835938,46022600
2025-07-25,AAPL,214.24891808809048,214.7877920897316,212.95164630742312,213.43064880371094,40268800
2025-07-28,AAPL,213.5803337758995,214.39861831079742,212.61237047326716,213.6002960205078,37858000
2025-07-29,AAPL,213.73000061776605,214.3586818606333,210.37707459375494,210.8261260986328,51411700
2025-07-30,AAPL,211.454797150492,211.94377315400357,207.28358653790625,208.6107940673828,45512500
2025-07-31,AAPL,208.0519764228089,209.39913099136336,206.72476887181696,207.1339111328125,80698400
2025-08-01,AAPL,210.4269720875647,213.1312852679161,201.07666267114303,201.95481872558594,104434500
2025-08-04,AAPL,204.0803265791815,207.44325668811337,201.25627047720934,202.9227752685547,75109300
2025-08-05,AAPL,202.97265486934364,204.90858140720596,201.73526982787092,202.49366760253906,44155100
2025-08-06,AAPL,205.19798558200998,214.9275012748427,205.15806109322384,212.80197143554688,108483100
2025-08-07,AAPL,218.42014073215765,220.38600300495352,216.12496995802366,219.56771850585938,90224800
2025-08-08,AAPL,220.36604479784603,230.5146761138317,218.78936250198095,228.86814880371094,113854000
2025-08-11,AAPL,227.6992650180531,229.33767612130436,224.54232171734583,226.95997619628906,61806100
2025-08-12,AAPL,227.78917070894937,230.57647717809445,226.8500938879156,229.42758178710938,55626200
2025-08-13,AAPL,230.8462285986664,234.77241529044048,230.2068337695816,233.10403442382812,69878500
2025-08-14,AAPL,233.83332460758467,234.89229562265464,230.6264418350812,232.5545654296875,51916300
2025-08-15,AAPL,233.77337703316005,234.0531046408583,229.11788646444978,231.36570739746094,56038700
2025-08-18,AAPL,231.47561022214762,232.89423321308522,229.88715369469057,230.66639709472656,37476200
2025-08-19,AAPL,231.05601964615855,232.64447617946885,229.1278960385577,230.3367156982422,39402600
2025-08-20,AAPL,229.75726351111018,230.24679444121838,225.55134937034353,225.79110717773438,42263900
2025-08-21,AAPL,226.05087353353895,226.30063142153253,223.56327948127884,224.68218994140625,30621200
2025-08-22,AAPL,225.95095699429655,228.8681272027074,225.1916985271248,227.53941345214844,42477800
2025-08-25,AAPL,226.26065308481304,229.07792927219558,226.01089520624416,226.94000244140625,30983100
2025-08-26,AAPL,226.65028173376106,229.26775474756235,224.4724002828088,229.08792114257812,54575100
2025-08-27,AAPL,228.38860049855515,230.676376013076,228.03893336267103,230.26678466796875,31259500
2025-08-28,AAPL,230.59647266873003,233.18396075811214,229.11789497993007,232.33477783203125,38074700
2025-08-29,AAPL,232.28481317583598,233.15398096397084,231.145917853049,231.91517639160156,39418400
2025-09-02,AAPL,229.02798202980685,230.62643860177437,226.75019132336067,229.49752807617188,44075600
2025-09-03,AAPL,236.98028515930878,238.6186963224971,234.133039090421,238.2390594482422,66427800
2025-09-04,AAPL,238.21906152531412,239.66765417218173,236.51072617258424,239.5477752685547,47549400
2025-09-05,AAPL,239.76756781945676,241.08629675958926,238.25903569310344,239.45787048339844,54870400
2025-09-08,AAPL,239.06825064349684,239.91741830634814,236.11111057683257,237.64962768554688,48999500
2025-09-09,AAPL,236.77047435136637,238.5487492683241,233.13400016518182,234.123046875,66313900
2025-09-10,AAPL,231.96513778704139,232.19491077497392,225.73117543382176,226.5703582763672,83440800
2025-09-11,AAPL,226.66027725307507,230.22681187017153,226.43048902665416,229.80722045898438,50208600
2025-09-12,AAPL,228.9980136278554,234.28288383192944,228.79821036620638,233.84332275390625,55824200
2025-09-15,AAPL,236.77047667310174,237.95932665324483,234.80238330570734,236.47076416015625,42699500
2025-09-16,AAPL,236.9502954777413,240.98639147239973,236.09114297984144,237.9193572998047,63421100
2025-09-17,AAPL,238.73857528095925,239.86748583209587,237.4997706474641,238.75856018066406,46508000
2025-09-18,AAPL,239.737599946219,240.9664044724694,236.4208079152849,237.64962768554688,44249600
2025-09-19,AAPL,240.99636870073516,246.06146581163878,239.9773675285625,245.26223754882812,163741300
2025-09-22,AAPL,248.05953649140056,256.3914711896616,247.8797028858207,255.8319854736328,105517400
2025-09-23,AAPL,255.63220171436936,257.0907792625319,253.33442606621003,254.18359375,60275200
2025-09-24,AAPL,254.9728287261993,255.4923293909784,250.79686899703333,252.06564331054688,42303700
2025-09-25,AAPL,252.96477212582877,256.9209435623003,251.466224879955,256.6212158203125,55202100
2025-09-26,AAPL,253.8539172209246,257.3505275669758,253.5342198150173,255.2126007080078,46076300
2025-09-29,AAPL,254.31347273152574,254.75304905914027,252.76497075706976,254.18359375,40127700
2025-09-30,AAPL,254.61318058017173,255.67215158054225,252.8648753735947,254.38340759277344,37704300
2025-10-01,AAPL,254.7929996074261,258.53938316103813,254.6831055272507,255.20260620117188,48713900
2025-10-02,AAPL,256.33149581258533,257.9299523535748,253.9038565188199,256.8809814453125,42630200
2025-10-03,AAPL,254.42336451804394,258.9889308017334,253.70406057825727,257.7701110839844,49155600
2025-10-06,AAPL,257.7401350456914,258.819106172963,254.80299514816292,256.44140625,44664100
2025-10-07,AAPL,256.56129542181253,257.15072039039774,255.18262697514498,256.23162841796875,31955800
2025-10-08,AAPL,256.2715719294531,258.2696351050741,255.8619653198879,257.8100891113281,36496900
2025-10-09,AAPL,257.5603136690899,257.75013209688524,252.8948383011137,253.79396057128906,38322000
2025-10-10,AAPL,254.69310389004832,256.13171175032437,243.76369637579657,245.032470703125,61999100
2025-10-13,AAPL,249.13848619669534,249.44818352992385,245.32217845998096,247.42015075683594,38142900
2025-10-14,AAPL,246.36117950382103,248.60900042906025,244.46301046499008,247.53004455566406,35478000
2025-10-15,AAPL,249.24838988167792,251.5761352503302,247.2303418581919,249.09852600097656,33893600
2025-10-16,AAPL,248.00958596667436,248.79881419551728,244.8926123625184,247.21035766601562,39777000
2025-10-17,AAPL,247.77980070207627,253.13461023404025,247.03052706557392,252.045654296875,49147000
2025-10-20,AAPL,255.64218177653177,264.1239650925819,255.3824390623343,261.98602294921875,90483000
2025-10-21,AAPL,261.6263807259345,265.03308188579996,261.5764108568555,262.5155029296875,46695900
2025-10-22,AAPL,262.3956210979312,262.5954395959732,255.18261234613632,258.19970703125,45015300
2025-10-23,AAPL,259.68824995662277,260.36758405794774,257.76012648314656,259.3285827636719,32754900
2025-10-24,AAPL,260.93706434715574,263.87421967110856,258.9290010880386,262.56549072265625,38253700
2025-10-27,AAPL,264.6234656652487,268.8593494221352,264.3936774471076,268.5496520996094,44888200
2025-10-28,AAPL,268.7294713644567,269.6286240979669,267.8902885694659,268.7394714355469,41534800
2025-10-29,AAPL,269.01920560410514,271.1471476128123,266.85129379808274,269.4388122558594,51086700
2025-10-30,AAPL,271.72657092903916,273.87451306817263,268.2199910571769,271.13714599609375,69886500
2025-10-31,AAPL,276.721738255342,277.05143573891627,268.89933466249033,270.108154296875,86167100
2025-11-03,AAPL,270.15812755648943,270.5877038096653,265.9921525413924,268.7894287109375,50194600
2025-11-04,AAPL,268.0701070960229,271.22705027239556,267.36080327265466,269.7784729003906,49274800
2025-11-05,AAPL,268.3498399683747,271.43687417180433,266.67147434431234,269.8783874511719,43683100
2025-11-06,AAPL,267.6305743388968,273.1352174017799,267.6305743388968,269.50872802734375,51204000
2025-11-07,AAPL,269.5386899523433,272.02629915101613,266.51162568814635,268.2099914550781,48227400
2025-11-10,AAPL,268.9599914550781,273.7300109863281,267.4599914550781,269.42999267578125,41312400
2025-11-11,AAPL,269.80999755859375,275.9100036621094,269.79998779296875,275.25,46208300
2025-11-12,AAPL,275.0,275.7300109863281,271.70001220703125,273.4700012207031,48398000
2025-11-13,AAPL,274.1099853515625,276.70001220703125,272.0899963378906,272.95001220703125,49602800
2025-11-14,AAPL,271.04998779296875,275.9599914550781,269.6000061035156,272.4100036621094,47431300
2025-11-17,AAPL,268.82000732421875,270.489990234375,265.7300109863281,267.4599914550781,45018300
2025-11-18,AAPL,269.989990234375,270.7099914550781,265.32000732421875,267.44000244140625,45677300
2025-11-19,AAPL,265.5299987792969,272.2099914550781,265.5,268.55999755859375,40424500
2025-11-20,AAPL,270.8299865722656,275.42999267578125,265.9200134277344,266.25,45823600
2025-11-21,AAPL,265.95001220703125,273.3299865722656,265.6700134277344,271.489990234375,59030800
2025-11-24,AAPL,270.8999938964844,277.0,270.8999938964844,275.9200134277344,65585800
2025-11-25,AAPL,275.2699890136719,280.3800048828125,275.25,276.9700012207031,46914200
2025-11-26,AAPL,276.9599914550781,279.5299987792969,276.6300048828125,277.54998779296875,33431400
2025-11-28,AAPL,277.260009765625,279.0,275.989990234375,278.8500061035156,20135600
2025-12-01,AAPL,278.010009765625,283.4200134277344,276.1400146484375,283.1000061035156,46587700
2025-12-02,AAPL,283.0,287.3999938964844,282.6300048828125,286.19000244140625,53669500
2025-12-03,AAPL,286.20001220703125,288.6199951171875,283.29998779296875,284.1499938964844,43538700
2025-12-04,AAPL,284.1000061035156,284.7300109863281,278.5899963378906,280.70001220703125,43989100
2025-12-05,AAPL,280.5400085449219,281.1400146484375,278.04998779296875,278.7799987792969,47265800
2025-12-08,AAPL,278.1300048828125,279.6700134277344,276.1499938964844,277.8900146484375,38211800
2025-12-09,AAPL,278.1600036621094,280.0299987792969,276.9200134277344,277.17999267578125,32193300
2025-12-10,AAPL,277.75,279.75,276.44000244140625,278.7799987792969,33038300
2025-12-11,AAPL,279.1000061035156,279.5899963378906,273.80999755859375,278.0299987792969,33248000
2025-12-12,AAPL,277.8999938964844,279.2200012207031,276.82000732421875,278.2799987792969,39532900
2025-12-15,AAPL,280.1499938964844,280.1499938964844,272.8399963378906,274.1099853515625,50409100
2025-12-16,AAPL,272.82000732421875,275.5,271.7900085449219,274.6099853515625,37648600
2025-12-17,AAPL,275.010009765625,276.1600036621094,271.6400146484375,271.8399963378906,50138700
2025-12-18,AAPL,273.6099853515625,273.6300048828125,266.95001220703125,272.19000244140625,51630700
2025-12-19,AAPL,272.1499938964844,274.6000061035156,269.8999938964844,273.6700134277344,144632000
2025-12-22,AAPL,272.8599853515625,273.8800048828125,270.510009765625,270.9700012207031,36571800
2025-12-23,AAPL,270.8399963378906,272.5,269.55999755859375,272.3599853515625,29642000
2025-12-24,AAPL,272.3399963378906,275.42999267578125,272.20001220703125,273.80999755859375,17910600
2025-12-26,AAPL,274.1600036621094,275.3699951171875,272.8599853515625,273.3999938964844,21455300
