Date,Ticker,Open,High,Low,Close,Volume
,,GOOGL,GOOGL,GOOGL,GOOGL,GOOGL
2004-08-19,GOOGL,2.483736420885526,2.5845756286121926,2.3833927177534813,2.492180585861206,893181924
2004-08-20,GOOGL,2.5088217321393733,2.709259245143919,2.496154420551176,2.690133810043335,456686856
2004-08-23,GOOGL,2.750738233475586,2.818543803647125,2.708514331099461,2.717207431793213,365122512
2004-08-24,GOOGL,2.7629082304989256,2.7718497936549373,2.5724056328047977,2.604693651199341,304946748
2004-08-25,GOOGL,2.606929921423733,2.682435458831031,2.5801057040812174,2.632760763168335,183772044
2004-08-26,GOOGL,2.606680600876557,2.681192758442764,2.5994780366251398,2.680199146270752,141897960
2004-08-27,GOOGL,2.684918428494022,2.6978339665622775,2.6250608099331725,2.6364853382110596,124235640
2004-08-30,GOOGL,2.614877482937533,2.6200930589951295,2.5336592197418213,2.5336592197418213,103935960
2004-08-31,GOOGL,2.540861869671604,2.57588225987394,2.5373850554790387,2.542600631713867,98357544
2004-09-01,GOOGL,2.5507968808201578,2.5575032303646767,2.4755395754995884,2.489945650100708,182765052
2004-09-02,GOOGL,2.463617593692112,2.5426006469681823,2.4574084053057876,2.521240234375,302373324
2004-09-03,GOOGL,2.507331399830005,2.526953050986558,2.466846259800643,2.4839847087860107,103048848
2004-09-07,GOOGL,2.508822119189502,2.5334113596335484,2.4740499507085345,2.522979259490967,116950932
2004-09-08,GOOGL,2.5021154689193663,2.558992722145969,2.4961545061837067,2.5408618450164795,99712188
2004-09-09,GOOGL,2.54657478745778,2.5510449774508652,2.5085740314798244,2.541110038757324,81234684
2004-09-10,GOOGL,2.523476116745485,2.6466693465639235,2.516024380910082,2.616119146347046,173977848
2004-09-13,GOOGL,2.6484076487722934,2.6926187812356024,2.644185683918569,2.6700165271759033,156882960
2004-09-14,GOOGL,2.668774365210475,2.7817844286120326,2.652381067391611,2.7691171169281006,216579204
2004-09-15,GOOGL,2.7460187576362287,2.837171961726561,2.737077195116372,2.7817845344543457,214261524
2004-09-16,GOOGL,2.790228611624603,2.8761662367702,2.7730911103141507,2.8307137489318848,185326488
2004-09-17,GOOGL,2.841890679942553,2.9181416034698486,2.820282986106447,2.9181416034698486,189450360
2004-09-20,GOOGL,2.904729595304946,3.0202228672811917,2.9002584590141556,2.964587450027466,212575212
2004-09-21,GOOGL,2.9757643707866825,2.9909158337875845,2.9186388829532657,2.926835060119629,144575280
2004-09-22,GOOGL,2.9159062762743235,2.9722873194728017,2.901251975517025,2.940246343612671,151624224
2004-09-23,GOOGL,2.9516719617659994,3.045805768945425,2.90646745980472,3.0008504390716553,170713116
2004-09-24,GOOGL,3.0038307401920843,3.0823168699369887,2.974522376844617,2.9762611389160156,182469348
2004-09-27,GOOGL,2.969555077616707,3.0023402583964685,2.9258413454899053,2.9372661113739014,141322536
2004-09-28,GOOGL,3.012772411946521,3.1642796918874967,2.9856990241788686,3.1508679389953613,338581080
2004-09-29,GOOGL,3.1468941086660935,3.353540839313331,3.1352204074781462,3.255681276321411,610329060
2004-09-30,GOOGL,3.2263733975111304,3.2859830272326547,3.2040193722619024,3.218921661376953,275160564
2004-10-01,GOOGL,3.2487266256523477,3.3341670988494236,3.2015360807227546,3.2929375171661377,302497200
2004-10-04,GOOGL,3.359253511299344,3.399489480934348,3.32895153392042,3.354534149169922,260455284
2004-10-05,GOOGL,3.3445990627201807,3.4407198573703504,3.2844922716587877,3.4367458820343018,299464236
2004-10-06,GOOGL,3.4163787459270516,3.438732770652092,3.3778805947584982,3.4047048091888428,267628104
2004-10-07,GOOGL,3.40073112425163,3.47425061864908,3.391541571976796,3.4486680030822754,282301416
2004-10-08,GOOGL,3.4454383310228187,3.4692821834422523,3.403215374782403,3.4208500385284424,221390388
2004-10-11,GOOGL,3.402718172947048,3.4489162904027055,3.324481444637135,3.359501838684082,209442348
2004-10-12,GOOGL,3.3391344232429385,3.417869729103067,3.3133035827151986,3.4126529693603516,233310456
2004-10-13,GOOGL,3.5596907482148925,3.565402538901445,3.4792178692232034,3.4995839595794678,395324280
2004-10-14,GOOGL,3.5023165360408917,3.536343315923257,3.4414643573352937,3.5269057750701904,208842948
2004-10-15,GOOGL,3.599678883672522,3.6138357863329467,3.525662942039867,3.5793116092681885,263895840
2004-10-18,GOOGL,3.556710308905963,3.705734138167865,3.507283609193465,3.7047407627105713,280726992
2004-10-19,GOOGL,3.7380225576998907,3.785213809804792,3.6597846533865988,3.674438953399658,362197440
2004-10-20,GOOGL,3.676673915007202,3.700517766522795,3.4672950643070695,3.489400863647461,454453092
2004-10-21,GOOGL,3.5865156187253087,3.7288331185199075,3.5174672595480363,3.710205078125,582996420
2004-10-22,GOOGL,4.235763468117378,4.474947366096519,4.075313687387716,4.282705783843994,1474200324
2004-10-25,GOOGL,4.381310065006793,4.829128399804525,4.285686665228776,4.654521942138672,1309257432
2004-10-26,GOOGL,4.628193486045653,4.784668813237575,4.470725256665048,4.515432357788086,891391716
2004-10-27,GOOGL,4.538282905844444,4.707176612036169,4.514687044013571,4.619003772735596,533725740
2004-10-28,GOOGL,4.636638349741222,4.828134538766353,4.609814373086554,4.801061153411865,593278128
2004-10-29,GOOGL,4.939902852297154,4.966230854109775,4.73400151274519,4.734994888305664,845653500
2004-11-01,GOOGL,4.80727196562636,4.909601955952334,4.7506429314697955,4.868868350982666,488507004
2004-11-02,GOOGL,4.937170607991496,4.948844546424143,4.802055430846178,4.840057373046875,453398148
2004-11-03,GOOGL,4.9222678959743575,5.007212157900818,4.7377272003806254,4.76057767868042,554992452
2004-11-04,GOOGL,4.6803527301379875,4.729033813019946,4.5539299507971105,4.587460517883301,575807616
2004-11-05,GOOGL,4.519902370350638,4.527850320577937,4.186336922985221,4.206206798553467,792530676
2004-11-08,GOOGL,4.245450761239434,4.357466521926258,4.207449292916572,4.28568696975708,447224328
2004-11-09,GOOGL,4.324183815662932,4.351504714577509,4.104870291349234,4.190062522888184,442125432
2004-11-10,GOOGL,4.238992265097989,4.284941207600749,4.131198005288422,4.1691999435424805,425334240
2004-11-11,GOOGL,4.2007420564738345,4.5638645654315475,4.161995680743978,4.545733451843262,598820580
2004-11-12,GOOGL,4.600623994553181,4.714131464379162,4.406147190886917,4.520400047302246,669174156
2004-11-15,GOOGL,4.4819023682395205,4.677372084496884,4.439678463713265,4.5916829109191895,475583940
2004-11-16,GOOGL,4.408631282063934,4.4575603449431425,4.24296570138232,4.285438060760498,835859304
2004-11-17,GOOGL,4.198011665425945,4.408632386888585,4.197514267706954,4.284445285797119,724590684
2004-11-18,GOOGL,4.2295545171554005,4.332132491304092,4.116295507981716,4.161252021789551,664518816
2004-11-19,GOOGL,4.199997932913205,4.221855034347657,4.135917401810927,4.207448959350586,350421228
2004-11-22,GOOGL,4.08500096424295,4.209932959972341,4.006514834166325,4.100648403167725,494233272
2004-11-23,GOOGL,4.171930742307965,4.242965841434504,4.135420527198963,4.160754203796387,496035468
2004-11-24,GOOGL,4.342067898828115,4.401429544267155,4.284693477832781,4.340577125549316,610628760
2004-11-26,GOOGL,4.366406876971952,4.471469458204366,4.354484952424207,4.455573558807373,258944796
2004-11-29,GOOGL,4.479666021226342,4.543994054160088,4.408878919000857,4.496803283691406,426237336
2004-11-30,GOOGL,4.4883593650747065,4.545237331796889,4.476934363247158,4.51990270614624,307692000
2004-12-01,GOOGL,4.519157328324253,4.532818489974329,4.459548170336525,4.46973180770874,314249436
2004-12-02,GOOGL,4.468241319245229,4.508229538159539,4.434710751636745,4.455822467803955,250185564
2004-12-03,GOOGL,4.46948295216537,4.4970527916358645,4.4111151576115,4.480660438537598,234533232
2004-12-06,GOOGL,4.449116853311715,4.488111223588386,4.371872552887569,4.378579139709473,249909840
2004-12-07,GOOGL,4.3713752908517005,4.376342641768805,4.236011665531278,4.257868766784668,274561164
2004-12-08,GOOGL,4.231044001296419,4.313752091682297,4.190807326020287,4.2218546867370605,301370328
2004-12-09,GOOGL,4.228561634759759,4.309282990179328,4.1843509756568436,4.307543754577637,305853840
2004-12-10,GOOGL,4.307543507499127,4.343557750553782,4.254392470560151,4.263333797454834,172515312
2004-12-13,GOOGL,4.276248969279294,4.301334660217301,4.208690438790456,4.2335286140441895,192551256
2004-12-14,GOOGL,4.2471878810525086,4.441416187367628,4.212415484637763,4.438187599182129,443092464
2004-12-15,GOOGL,4.4208018655876895,4.487862997651911,4.387768223963959,4.465260982513428,458381160
2004-12-16,GOOGL,4.3949704599516215,4.482895311678462,4.370133233353799,4.3830485343933105,342569088
2004-12-17,GOOGL,4.390251928084866,4.483144148038149,4.385036587507402,4.472712993621826,295152552
2004-12-20,GOOGL,4.520400301251583,4.680849151289883,4.517170765777636,4.5954084396362305,392986620
2004-12-21,GOOGL,4.627447828362884,4.666443136678929,4.555171841485715,4.563864231109619,220431348
2004-12-22,GOOGL,4.567590023732251,4.640860810275902,4.545485408550239,4.627199649810791,156123720
2004-12-23,GOOGL,4.65576319593036,4.684326410018731,4.619749428781824,4.666939735412598,144439416
2004-12-27,GOOGL,4.697986712274216,4.801062094922428,4.696745347667166,4.766539096832275,243919836
2004-12-28,GOOGL,4.771506216830948,4.8072719975772324,4.744184365266717,4.787650108337402,165666168
2004-12-29,GOOGL,4.7633088983460015,4.806526652840929,4.7633088983460015,4.791126728057861,107016876
2004-12-30,GOOGL,4.792865368407345,4.923510098226555,4.765047542149816,4.907862186431885,235935828
2004-12-31,GOOGL,4.948347802937155,4.964491694139626,4.782682667048758,4.788395404815674,306433260
2005-01-03,GOOGL,4.902894887128183,5.057879920757812,4.854709786835953,5.034781455993652,633134232
2005-01-04,GOOGL,5.002244189457802,5.040245179022976,4.80553265571074,4.830865859985352,549685764
2005-01-05,GOOGL,4.804787932287531,4.890476162327337,4.77448689993604,4.806278705596924,329134536
2005-01-06,GOOGL,4.845272064253414,4.865637916452502,4.662469219875286,4.683083534240723,415068516
2005-01-07,GOOGL,4.734994098608087,4.824656758051854,4.688796226984116,4.814721584320068,386129484
2005-01-10,GOOGL,4.83086604965637,4.920280730878428,4.764551253528227,4.844775199890137,301282416
2005-01-11,GOOGL,4.858684254678232,4.910595346528475,4.798081244724626,4.807022571563721,278069652
2005-01-12,GOOGL,4.826644056686596,4.866383809601846,4.731517111882213,4.852723121643066,326784888
2005-01-13,GOOGL,4.852722798463013,4.902646658366458,4.8196891606310075,4.851480960845947,273702024
2005-01-14,GOOGL,4.868121845265627,4.967719674883996,4.821675986397739,4.966725826263428,385226388
2005-01-18,GOOGL,4.991564339985599,5.092156034687193,4.934189449730327,5.064338207244873,526377096
2005-01-19,GOOGL,5.082965541535263,5.099110852417328,4.885758011145523,4.900411128997803,449857692
2005-01-20,GOOGL,4.78119175835655,4.874331955885332,4.768773380860271,4.816461086273193,359703936
2005-01-21,GOOGL,4.831860225914957,4.852227028258594,4.672404751374716,4.6763787269592285,369965664
2005-01-24,GOOGL,4.6865617467714396,4.7024576486186,4.478673658266722,4.488608360290527,560347092
2005-01-25,GOOGL,4.518909477451634,4.526361450635113,4.378578969105456,4.399193286895752,425941632
2005-01-26,GOOGL,4.452593699574843,4.704444929933788,4.449613099627081,4.700222492218018,491823684
2005-01-27,GOOGL,4.688299357018343,4.690782558652835,4.59987854303378,4.671410083770752,264830904
2005-01-28,GOOGL,4.719595879121306,4.835834555153743,4.6281944339931345,4.727543830871582,487839672
2005-01-31,GOOGL,4.810748368407299,4.87706458685942,4.761819298305323,4.858684062957764,383484132
2005-02-01,GOOGL,4.827886090310381,4.884515122197388,4.734746839263986,4.766289234161377,752806440
2005-02-02,GOOGL,5.353693382392771,5.384739800691579,5.0583778221898,5.115502834320068,1310660028
2005-02-03,GOOGL,5.116248423517898,5.299548706846539,5.111777523298681,5.23720645904541,519004476
2005-02-04,GOOGL,5.128170296736943,5.159962102596736,5.032049492498205,5.07576322555542,592179228
2005-02-07,GOOGL,5.098117571943769,5.1264313791300165,4.855953048558799,4.868868350982666,517897584
2005-02-08,GOOGL,4.891966431703864,4.967969360017056,4.83161141565232,4.9336934089660645,458740800
2005-02-09,GOOGL,4.986348687828534,5.007211940768199,4.705686255651638,4.758341312408447,686173140
2005-02-10,GOOGL,4.768027632404721,4.773988831759605,4.60112114938748,4.66892671585083,758548692
2005-02-11,GOOGL,4.6361418915715955,4.776721332327745,4.621487354253844,4.654521942138672,524115360
2005-02-14,GOOGL,4.541511864263857,4.795597830788489,4.495562921030645,4.793362617492676,1540945512
2005-02-15,GOOGL,4.80851245751586,4.963497478259646,4.7955971574358625,4.848997592926025,1030280688
2005-02-16,GOOGL,4.835834545026631,4.9508313829361,4.825899368728898,4.927981376647949,660630708
2005-02-17,GOOGL,4.913575428342206,4.96126265754174,4.888240803990913,4.915313243865967,416159424
2005-02-18,GOOGL,4.930465032272893,4.938660972153149,4.8845151422824875,4.916555881500244,339096564
2005-02-22,GOOGL,4.880541353230286,4.940150987544185,4.728785839519353,4.75312614440918,538808652
2005-02-23,GOOGL,4.801061545785691,4.8303701466080335,4.685816259860663,4.817206382751465,622816560
2005-02-24,GOOGL,4.554427352036485,4.715373127653079,4.526112125073433,4.691529273986816,1031539428
2005-02-25,GOOGL,4.697985701524437,4.71711113641087,4.60757812576005,4.616519451141357,398541060
2005-02-28,GOOGL,4.619750097814645,4.715870906893278,4.616024110852975,4.669175624847412,312423264
2005-03-01,GOOGL,4.701464562961478,4.712889092384222,4.520400442713399,4.62123966217041,372075552
2005-03-02,GOOGL,4.618506891732643,4.661227247422876,4.579016544767383,4.599382400512695,291128580
2005-03-03,GOOGL,4.6229783693491555,4.66321457711296,4.577773863803626,4.644835472106934,304039656
2005-03-04,GOOGL,4.637136058781069,4.6507967496221125,4.596650910747217,4.6172661781311035,270693036
2005-03-07,GOOGL,4.663959678909005,4.709163708432352,4.6453311663027606,4.689542293548584,346349304
2005-03-08,GOOGL,4.696745467766051,4.715373509530256,4.594167480208161,4.599880218505859,321522156
2005-03-09,GOOGL,4.575289917107771,4.5862184667087575,4.474699177432108,4.5042548179626465,453961584
2005-03-10,GOOGL,4.495811289030726,4.500530651483651,4.406147661777552,4.470228672027588,437981580
2005-03-11,GOOGL,4.481653685762963,4.494320051954008,4.399938491770639,4.416082382202148,320810868
2005-03-14,GOOGL,4.429246667321632,4.430984956199378,4.286184025572976,4.34628963470459,445418136
2005-03-15,GOOGL,4.353989452289051,4.47072550871163,4.326917011867922,4.436201095581055,416467116
2005-03-16,GOOGL,4.388761072325022,4.436200305102836,4.3467861137483945,4.361439228057861,283967748
2005-03-17,GOOGL,4.399441292259732,4.46178210338883,4.3664067106400575,4.453089714050293,330093576
2005-03-18,GOOGL,4.441168350957973,4.480660114031313,4.428749500985447,4.471718788146973,283316400
2005-03-21,GOOGL,4.452593158621907,4.524621633460996,4.402422256323774,4.492581844329834,299048652
2005-03-22,GOOGL,4.500033199639381,4.518909702701235,4.417325569102534,4.435952663421631,225042732
2005-03-23,GOOGL,4.420305487061274,4.4766865313623345,4.420305487061274,4.4453911781311035,193606200
2005-03-24,GOOGL,4.488111185812635,4.492085161472046,4.450855104847979,4.452097415924072,148059792
2005-03-28,GOOGL,4.512452444476048,4.58994520658573,4.494320381873244,4.5059943199157715,349170480
2005-03-29,GOOGL,4.496804013200349,4.552191677189423,4.422788310844014,4.460044860839844,258661080
2005-03-30,GOOGL,4.4866214844367125,4.506739350127796,4.460789461500007,4.481902122497559,249194556
2005-03-31,GOOGL,4.41980815881643,4.505248388667786,4.412108197370275,4.483391761779785,270473256
2005-04-01,GOOGL,4.5144391398607056,4.543994781781146,4.470476003953236,4.471718788146973,247032720
2005-04-04,GOOGL,4.469482256904198,4.602859587089532,4.466751066125137,4.602114200592041,322732944
2005-04-05,GOOGL,4.662717623746912,4.725555840884824,4.658743648515455,4.6835808753967285,349118532
2005-04-06,GOOGL,4.700221598542113,4.710404760955888,4.658991078047243,4.6997246742248535,209893896
2005-04-07,GOOGL,4.688796497052837,4.833846350453736,4.6853194463401335,4.81248664855957,387300312
2005-04-08,GOOGL,4.810748850863078,4.845769246971976,4.755113188740184,4.770015716552734,204459336
2005-04-11,GOOGL,4.795846037918877,4.838318405300984,4.776721546410688,4.799324035644531,216203580
2005-04-12,GOOGL,4.79361096279921,4.828879343313411,4.704444742945751,4.817454814910889,292491216
2005-04-13,GOOGL,4.8052847245995665,4.826396440386931,4.712392985830618,4.791872024536133,261969768
2005-04-14,GOOGL,4.800317632133926,4.8273900761472195,4.721582556035059,4.755113124847412,245861892
2005-04-15,GOOGL,4.721582351802385,4.7275435518940085,4.586467180020992,4.594912528991699,462632904
2005-04-18,GOOGL,4.584480098513734,4.666443754299816,4.557407657622067,4.64384126663208,261749988
2005-04-19,GOOGL,4.702457747741954,4.768773494237281,4.670168545699942,4.753871440887451,336862800
2005-04-20,GOOGL,4.932202381823769,4.979891029469559,4.865887589393077,4.920280456542969,617441940
2005-04-21,GOOGL,4.97790409668462,5.091658607978833,4.9505827205284945,5.072286128997803,709365924
2005-04-22,GOOGL,5.536247575488987,5.563569425805116,5.321653374075626,5.360151290893555,1326875796
2005-04-25,GOOGL,5.410074336417961,5.581948660641699,5.40262236321195,5.551895618438721,792806400
2005-04-26,GOOGL,5.469683388649204,5.513894039420071,5.4217472249324254,5.433172225952148,690189120
2005-04-27,GOOGL,5.41429590192762,5.485331005438184,5.3832494864403255,5.458755016326904,410181408
2005-04-28,GOOGL,5.45180002674788,5.515881023631528,5.407340915729338,5.450558662414551,346964688
2005-04-29,GOOGL,5.511657862844336,5.520103210699455,5.410073745105042,5.464219570159912,366441192
2005-05-02,GOOGL,5.515135980217698,5.556117096650495,5.469435028761467,5.521096706390381,390305304
2005-05-03,GOOGL,5.510169043963967,5.666643441955426,5.497005279695352,5.61796236038208,710496792
2005-05-04,GOOGL,5.6437934956414955,5.709612790920829,5.638081704428588,5.675336837768555,482856660
2005-05-05,GOOGL,5.678316859445401,5.678316859445401,5.61026330427139,5.6375837326049805,300083616
2005-05-06,GOOGL,5.672853679543434,5.693965395194769,5.6249170371994275,5.66341495513916,270285444
2005-05-09,GOOGL,5.662918923851339,5.675336828349369,5.599085906556858,5.61374044418335,221250528
2005-05-10,GOOGL,5.600079539846977,5.657951354980469,5.58145197392486,5.657951354980469,253578168
2005-05-11,GOOGL,5.687010316867348,5.761770459510803,5.661179714558781,5.744632720947266,458692848
2005-05-12,GOOGL,5.732710579616514,5.767980377429374,5.667885614095999,5.680800914764404,357570072
2005-05-13,GOOGL,5.6922262261405665,5.739665467412942,5.646029295828395,5.693716526031494,296323380
2005-05-16,GOOGL,5.704645239978615,5.752829395947537,5.6770758743591605,5.738672256469727,227028744
2005-05-17,GOOGL,5.726501682984526,5.798281220918207,5.717559884410523,5.790333271026611,312043644
2005-05-18,GOOGL,5.802255755245912,5.960221392885782,5.800020542017558,5.940103054046631,491987520
2005-05-19,GOOGL,5.969412069711452,5.990026387850872,5.917998375792719,5.9405999183654785,388271340
2005-05-20,GOOGL,5.991019928909481,6.002445878140078,5.952274020633421,6.000955104827881,326213460
2005-05-23,GOOGL,6.03945203441224,6.410522488417071,6.028275495754672,6.344703674316406,854676468
2005-05-24,GOOGL,6.382207000945498,6.592828617125688,6.296270326169211,6.358363151550293,1160562276
2005-05-25,GOOGL,6.277146791107302,6.482054755060191,6.224987711902793,6.477832317352295,721593684
2005-05-26,GOOGL,6.481557997739,6.551102802378106,6.415490244027321,6.437843322753906,541322136
2005-05-27,GOOGL,6.469139249316638,6.607980408745534,6.439086679482215,6.606739044189453,486876636
2005-05-31,GOOGL,6.691930061597213,6.91472162492104,6.690440234889343,6.886655807495117,888582528
2005-06-01,GOOGL,7.033940831283797,7.2746150457117675,7.004633176337753,7.153160095214844,1406260332
2005-06-02,GOOGL,7.171290570964217,7.197370582973397,7.06871259787634,7.150676727294922,718245036
2005-06-03,GOOGL,7.123106498131919,7.185448262946023,6.890131790599251,6.96091890335083,750540708
2005-06-06,GOOGL,7.013822058458412,7.295974298997729,6.999913381823044,7.226181507110596,900134964
2005-06-07,GOOGL,7.379180252075113,7.441025097399952,7.210286058059198,7.280326843261719,971947080
2005-06-08,GOOGL,7.2736218509363955,7.282066253219714,6.904786563669676,6.943532943725586,1027007964
2005-06-09,GOOGL,7.071693782636232,7.165579372675856,6.96837041441045,7.111185550689697,656986356
2005-06-10,GOOGL,7.128074130106852,7.13527669414908,6.954957978502783,7.016554832458496,507356136
2005-06-13,GOOGL,6.949990810706897,7.058529984676151,6.868027153649297,7.022764205932617,511615872
2005-06-14,GOOGL,6.919441004884906,6.985259353075767,6.898577751784788,6.913479804992676,403272324
2005-06-15,GOOGL,6.8302747166784865,6.887399726694295,6.642255085311681,6.8253068923950195,834488676
2005-06-16,GOOGL,6.811893249441975,6.912236471109019,6.7823376096054995,6.890876770019531,497997504
2005-06-17,GOOGL,6.9296243793734,6.961913108825684,6.85262806915764,6.961913108825684,416958624
2005-06-20,GOOGL,6.857346404001789,7.144962906158702,6.749055229411891,7.120871067047119,840147012
2005-06-21,GOOGL,7.154898394756047,7.210285585472974,7.077902092693303,7.149185657501221,604686708
2005-06-22,GOOGL,7.194637957554817,7.260456299040712,7.16980073147718,7.185448169708252,418541040
2005-06-23,GOOGL,7.153160088581115,7.322302744493597,7.115904482740885,7.195631980895996,561693744
2005-06-24,GOOGL,7.2251878451601765,7.401532574401966,7.192402669219731,7.38290548324585,710137152
2005-06-27,GOOGL,7.423887021074609,7.562230769566593,7.298707036144148,7.553040981292725,711403884
2005-06-28,GOOGL,7.607188023716931,7.680954326031376,7.500884056091309,7.500884056091309,760698540
2005-06-29,GOOGL,7.513301855099638,7.559996186939678,7.256235277658762,7.270392417907715,731216052
2005-06-30,GOOGL,7.310629949812048,7.424633410859504,7.228666284325671,7.305910587310791,603172224
2005-07-01,GOOGL,7.328014094658318,7.357819145450718,7.183461633338808,7.23388147354126,368734896
2005-07-05,GOOGL,7.254993317375089,7.35136209991018,7.208546978300328,7.344655513763428,299460240
2005-07-06,GOOGL,7.384147265610439,7.391597818537869,7.237110180018745,7.240586757659912,319691988
2005-07-07,GOOGL,7.187683773354131,7.346890775038761,7.165827145731387,7.340433597564697,426457116
2005-07-08,GOOGL,7.3580680494040775,7.389114464480183,7.303426245287418,7.357571125030518,298005696
2005-07-11,GOOGL,7.361793349747645,7.366760700613843,7.228168961183498,7.28603982925415,335276388
2005-07-12,GOOGL,7.287033739123665,7.312118957489695,7.22593427781417,7.247045993804932,234361404
2005-07-13,GOOGL,7.265176813091538,7.432332256106955,7.254994121430691,7.422894477844238,457058484
2005-07-14,GOOGL,7.583839734679273,7.618860127200363,7.452947006741859,7.473313808441162,426281292
2005-07-15,GOOGL,7.48200669997741,7.5356556021038354,7.4457435253431905,7.480764389038086,337198464
2005-07-18,GOOGL,7.451209048890609,7.498399832087354,7.395324454520667,7.439783573150635,248063688
2005-07-19,GOOGL,7.503366368811679,7.7082752638945955,7.495915816038543,7.6970977783203125,504351144
2005-07-20,GOOGL,7.589551744390609,7.764406647807272,7.495915577778895,7.749256134033203,571843584
2005-07-21,GOOGL,7.800172666399423,7.893312858076369,7.729634488259265,7.797440528869629,790784424
2005-07-22,GOOGL,7.609421999939074,7.680953554910455,7.360055406304276,7.510818004608154,934536528
2005-07-25,GOOGL,7.510569641899463,7.532923668636353,7.326028003044482,7.3481340408325195,385965648
2005-07-26,GOOGL,7.327270526052818,7.401533275097586,7.254745119372123,7.354094505310059,392283324
2005-07-27,GOOGL,7.3950759039312715,7.407245818865396,7.262443944755568,7.374958038330078,288427284
2005-07-28,GOOGL,7.3868804850225755,7.3868804850225755,7.284301085920547,7.28976583480835,236786976
2005-07-29,GOOGL,7.255986784495938,7.273372512517796,7.128074186934413,7.147198677062988,334197468
2005-08-01,GOOGL,7.156140576345505,7.264928692490395,7.155644598437567,7.242823600769043,226269504
2005-08-02,GOOGL,7.242574734787332,7.439286295274482,7.230652807689282,7.431090354919434,291316392
2005-08-03,GOOGL,7.401532894747863,7.444254193343821,7.341923266248319,7.3841471672058105,236986776
2005-08-04,GOOGL,7.340682015302968,7.426370715225947,7.3332314618793095,7.3948283195495605,209250540
2005-08-05,GOOGL,7.389113966163131,7.414199653371294,7.235370781226391,7.26120138168335,237350412
2005-08-08,GOOGL,7.292248317664224,7.3431660287649825,7.215004972923494,7.23388147354126,179092728
2005-08-09,GOOGL,7.251515161229923,7.269398286286778,7.165826942009849,7.2418293952941895,230940828
2005-08-10,GOOGL,7.2351237240249775,7.260706338867605,7.075667308427423,7.095537185668945,274884840
2005-08-11,GOOGL,7.1007527563139545,7.117890968531853,6.969860506454366,7.055051803588867,300295404
2005-08-12,GOOGL,7.037914767340138,7.207801862544611,6.995194413022053,7.195879936218262,263172564
2005-08-15,GOOGL,7.197867086443907,7.271634803457012,7.048097385671355,7.0538105964660645,326661012
2005-08-16,GOOGL,7.075666922760454,7.14794386349646,7.037417943574331,7.094791412353516,284083632
2005-08-17,GOOGL,7.091314144090575,7.1176411950174385,7.053809608600072,7.0811309814453125,155176668
2005-08-18,GOOGL,6.8528765306775234,6.966879978206232,6.830274516276384,6.954212665557861,474437088
2005-08-19,GOOGL,6.979050336319571,6.990474864676852,6.945022373874799,6.954461097717285,221494284
2005-08-22,GOOGL,6.985258841383218,6.990972051912549,6.789292691354807,6.805685043334961,272247480
2005-08-23,GOOGL,6.859085076419416,6.948003299036442,6.808416777097365,6.944028377532959,232635132
2005-08-24,GOOGL,6.8941062892099785,7.0724387335942165,6.8662884610167465,7.0182929039001465,343380276
2005-08-25,GOOGL,7.017796873023745,7.053811116488588,6.953716337482382,7.0187907218933105,174888936
2005-08-26,GOOGL,7.040894684850682,7.079145084709964,7.020528830364403,7.043379306793213,150061788
2005-08-29,GOOGL,7.01009655729503,7.18097749199546,7.01009655729503,7.164336204528809,235883880
2005-08-30,GOOGL,7.138009916002415,7.1906649750688,7.100504899636309,7.135029315948486,191488320
2005-08-31,GOOGL,7.158872774530214,7.165578887650548,7.062751977559206,7.103485107421875,201158640
2005-09-01,GOOGL,7.10125007867189,7.1407418450784785,7.0786480632362085,7.109694480895996,109574316
2005-09-02,GOOGL,7.116152050706832,7.202586130178773,7.114413288651476,7.164336204528809,137242620
2005-09-06,GOOGL,7.17799719636645,7.187683909283378,7.123354916384246,7.131054878234863,168323508
2005-09-07,GOOGL,7.100752910836545,7.339440370239112,7.085602395837211,7.323792457580566,299680020
2005-09-08,GOOGL,7.322798915061694,7.433324837117584,7.286287750706109,7.336707592010498,264267468
2005-09-09,GOOGL,7.38364999700702,7.428854499097258,7.365767344536971,7.4286065101623535,175444380
2005-09-12,GOOGL,7.494674439411625,7.734851758802923,7.476047344088484,7.693125247955322,415044540
2005-09-13,GOOGL,7.674744011170069,7.836931603412296,7.60445429714739,7.741308212280273,411584004
2005-09-14,GOOGL,7.668038806787101,7.781048884750941,7.458659939738532,7.525721073150635,450580968
2005-09-15,GOOGL,7.4392862473433,7.618860539310211,7.3992985016510895,7.516282558441162,618029352
2005-09-16,GOOGL,7.5510547739014795,7.562976700622737,7.447979397932428,7.4561767578125,302888808
2005-09-19,GOOGL,7.47604656871828,7.600233185970365,7.468843057742182,7.545341968536377,230245524
2005-09-20,GOOGL,7.603957493258963,7.731870092737323,7.581107489640427,7.647671222686768,373665960
2005-09-21,GOOGL,7.66009022070531,7.792970165468985,7.599239227782779,7.746772289276123,404383212
2005-09-22,GOOGL,7.736837788472864,7.928582465136064,7.703804619307371,7.733609199523926,519735744
2005-09-23,GOOGL,7.774094483766267,7.878659688533951,7.763911792313236,7.8327107429504395,339012648
2005-09-26,GOOGL,7.935536691508952,7.9715518810215835,7.763166385412875,7.805886268615723,395380224
2005-09-27,GOOGL,7.8225266910109355,7.908463372322216,7.783531379034079,7.797440528869629,274649076
2005-09-28,GOOGL,7.804394201717958,7.82625130075538,7.590296950240345,7.600232124328613,319576104
2005-09-29,GOOGL,7.617122201310431,7.717464961877133,7.602219675240341,7.690143585205078,224327448
2005-09-30,GOOGL,7.80439452220796,7.885861249336606,7.756458831531203,7.860030174255371,365685948
2005-10-03,GOOGL,7.789741275323094,7.95068750268079,7.768878024470096,7.915169715881348,366045588
2005-10-04,GOOGL,7.946713755713754,7.979747396900302,7.7179614696329315,7.724419593811035,365406228
2005-10-05,GOOGL,7.766393540243802,7.821283802449808,7.649906430334594,7.7172160148620605,332802864
2005-10-06,GOOGL,7.802408202175734,7.810853550562209,7.701816980309836,7.767885208129883,319432248
2005-10-07,GOOGL,7.818553255229436,7.8652475853827495,7.712994206292368,7.77384614944458,270541188
2005-10-10,GOOGL,7.781793651315029,7.819297244072933,7.678469348390218,7.715725898742676,222665112
2005-10-11,GOOGL,7.714732664600957,7.765400494972875,7.5719175420477125,7.602715969085693,341362296
2005-10-12,GOOGL,7.580362909537124,7.629788429064551,7.426370300695812,7.4753007888793945,371875752
2005-10-13,GOOGL,7.500883264874509,7.500883264874509,7.219723450677149,7.3876237869262695,422285292
2005-10-14,GOOGL,7.44872437346845,7.45692078637346,7.265921507164692,7.3553361892700195,340423236
2005-10-17,GOOGL,7.389114255767789,7.580362457819348,7.31609193102769,7.575395107269287,302365332
2005-10-18,GOOGL,7.574401770927071,7.64891392726359,7.519262567003063,7.532675266265869,282828888
2005-10-19,GOOGL,7.550557958995242,7.696353683673766,7.549564583464997,7.667293071746826,280147572
2005-10-20,GOOGL,7.699334018571162,7.72764829814781,7.481261817778797,7.530688285827637,555911532
2005-10-21,GOOGL,8.58875941093774,8.60440637619724,8.270840450298582,8.442218780517578,914780304
2005-10-24,GOOGL,8.528405178849223,8.675690736070248,8.499096103554736,8.6595458984375,376890732
2005-10-25,GOOGL,8.588261945636683,8.628498619236995,8.515736548288373,8.616327285766602,274856868
2005-10-26,GOOGL,8.600680843511956,8.842099953244235,8.59844515711317,8.828190803527832,355943700
2005-10-27,GOOGL,8.857003585565614,8.86917302760046,8.734803722108603,8.769078254699707,205170624
2005-10-28,GOOGL,8.823971406820501,8.91537238409987,8.817761270519254,8.89599895477295,235903860
2005-10-31,GOOGL,8.94741029178941,9.307800677013903,8.929279650771175,9.242975234985352,573142284
2005-11-01,GOOGL,9.236021779201232,9.535063320940777,9.165234186161875,9.422798156738281,653589756
2005-11-02,GOOGL,9.480419644924844,9.562383770026457,9.367907449224125,9.430249214172363,422193384
2005-11-03,GOOGL,9.498055078192694,9.601626419434838,9.472471519138072,9.585978507995605,297638064
2005-11-04,GOOGL,9.686073833984482,9.731029873474963,9.573560687314583,9.697251319885254,352643004
2005-11-07,GOOGL,9.813240272102343,9.872105457212017,9.739970906532488,9.811502456665039,383276340
2005-11-08,GOOGL,9.792129534475173,9.825412112503374,9.651302099690097,9.684087753295898,315584100
2005-11-09,GOOGL,9.603862992856588,9.644099675791608,9.389268297059248,9.417086601257324,418257324
2005-11-10,GOOGL,9.397462835562338,9.72010116432256,9.374364843862539,9.71389102935791,364782852
2005-11-11,GOOGL,9.813737090983492,9.85794726667699,9.658006680846574,9.696504592895508,282273444
2005-11-14,GOOGL,9.739225754910558,9.890732794033164,9.724571691426542,9.859686851501465,312003684
2005-11-15,GOOGL,9.795355882069325,9.86043024996825,9.710165071632023,9.75611400604248,344651004
2005-11-16,GOOGL,9.840562552780222,9.906380898748784,9.788652410727016,9.888995170593262,347460192
2005-11-17,GOOGL,9.979652102415553,10.029575497839003,9.923271528856603,10.020633697509766,368119512
2005-11-18,GOOGL,10.021626051264212,10.046712686235013,9.931217998673242,9.940159797668457,280742976
2005-11-21,GOOGL,9.914329687055133,10.182822219539759,9.773254259268882,10.1674222946167,412990596
2005-11-22,GOOGL,10.14978677915473,10.364879320392886,10.089681643899107,10.344015121459961,383456160
2005-11-23,GOOGL,10.358171721984283,10.54892347664616,10.32687779151953,10.502725601196289,402996600
2005-11-25,GOOGL,10.575250491844525,10.649016781208765,10.563328093650771,10.645788192749023,193410396
2005-11-28,GOOGL,10.67559473583484,10.71086406448456,10.49229588339371,10.518126487731934,439895664
2005-11-29,GOOGL,10.542467551006158,10.590653133979508,9.988098609156928,10.022871017456055,858972168
2005-11-30,GOOGL,10.04075327106948,10.144820609782343,9.824667802397173,10.056897163391113,623240136
2005-12-01,GOOGL,10.163447628556126,10.318432190211253,10.140845614718645,10.284902572631836,389406204
2005-12-02,GOOGL,10.355689576751525,10.420018096382154,10.279190668741768,10.374566078186035,301438260
2005-12-05,GOOGL,10.357179554510827,10.36959887853105,10.041248269487221,10.080243110656738,411164424
2005-12-06,GOOGL,10.15102900442388,10.34252567179538,9.977167946230427,10.04770565032959,604406988
2005-12-07,GOOGL,10.087940450197204,10.101353620797987,9.91035389539381,10.039756774902344,466169364
2005-12-08,GOOGL,10.066583412163599,10.199463844299316,10.000515179526158,10.199463844299316,356043600
2005-12-09,GOOGL,10.307503387934396,10.32687775913621,10.147551479437492,10.163447380065918,305430264
2005-12-12,GOOGL,10.298314573438073,10.312720647523927,10.182075918103813,10.248143196105957,277725996
2005-12-13,GOOGL,10.2454108596113,10.38201584554768,10.224050683356467,10.369349479675293,326225448
2005-12-14,GOOGL,10.358173192075974,10.424986339409969,10.319676219100847,10.405860900878906,264950784
2005-12-15,GOOGL,10.409585878552692,10.509680644297845,10.344760438208919,10.495025634765625,241590168
2005-12-16,GOOGL,10.56432202125815,10.742157521144636,10.499992561358717,10.68379020690918,652566780
2005-12-19,GOOGL,10.734707324237688,11.082678389774095,10.434423015946425,10.545943260192871,876594528
2005-12-20,GOOGL,10.626914921833166,10.734709676580778,10.547683387123474,10.673609733581543,402984612
2005-12-21,GOOGL,10.76823733405732,10.850448500447268,10.44932547659479,10.588911056518555,448427124
2005-12-22,GOOGL,10.724026811985343,10.751099252726668,10.57897694898959,10.730733871459961,301562136
2005-12-23,GOOGL,10.733465121815788,10.74215798546792,10.64976318087267,10.703163146972656,183620196
2005-12-27,GOOGL,10.726263296932311,10.726263296932311,10.50024408382131,10.546937942504883,267843888
2005-12-28,GOOGL,10.539485393892136,10.624926101862423,10.462986485542928,10.597853660583496,284431284
2005-12-29,GOOGL,10.629892537825189,10.648521048801618,10.411076393370145,10.435416221618652,277554168
2005-12-30,GOOGL,10.363885651252732,10.387233526042898,10.27621020251805,10.304027557373047,303180516
2006-01-03,GOOGL,10.494282773400345,10.820893684844556,10.38748188373116,10.809965133666992,524323152
2006-01-04,GOOGL,11.025304492743683,11.15098092476133,10.92222912750505,11.058586120605469,610844544
2006-01-05,GOOGL,11.07746326446492,11.215310092154787,10.965695029122436,11.207610130310059,431899668
2006-01-06,GOOGL,11.347442386345657,11.685975613469445,11.25728328137663,11.565763473510742,709565724
2006-01-09,GOOGL,11.58439199861015,11.758005057790978,11.448531937861823,11.596562385559082,511164324
2006-01-10,GOOGL,11.534967239616341,11.679769120261602,11.475855004596385,11.66759967803955,363520116
2006-01-11,GOOGL,11.70510372476381,11.800479136895552,11.653193580986855,11.714045524597168,359935704
2006-01-12,GOOGL,11.765953513055653,11.797497324914607,11.462441579109415,11.515344619750977,404606988
2006-01-13,GOOGL,11.532233966083997,11.59631544154363,11.465173783890862,11.580419540405273,305957736
2006-01-17,GOOGL,11.501189181070135,11.671076759898359,11.48802588945539,11.60177993774414,330481188
2006-01-18,GOOGL,11.10975236787832,11.359615428301682,11.00916066870985,11.05039119720459,818608572
2006-01-19,GOOGL,11.205871944454781,11.263495295611127,10.754577526929259,10.840265274047852,580910508
2006-01-20,GOOGL,10.896152039927593,10.929185686293627,9.804301054385228,9.921533584594727,1643023332
2006-01-23,GOOGL,10.118244394558726,10.640076509411873,10.077261858424372,10.617971420288086,908746344
2006-01-24,GOOGL,10.82983630520199,11.051385105972138,10.79133838421507,11.003697395324707,617965416
2006-01-25,GOOGL,11.208107745324877,11.281874040679002,10.660692056148324,10.75457763671875,748842408
2006-01-26,GOOGL,10.917012171120444,10.928189655884912,10.520111603853035,10.78611946105957,516526956
2006-01-27,GOOGL,10.80425153210575,10.884227011832666,10.654730305072102,10.766746520996094,337749912
2006-01-30,GOOGL,10.660941857364087,10.761533567932275,10.555880666134378,10.601083755493164,343212444
2006-01-31,GOOGL,10.694223651072825,10.918505051581432,10.530297272460675,10.746132850646973,881757360
2006-02-01,GOOGL,9.662478392242988,9.98461886940457,9.624974323892207,9.979155540466309,1083815100
2006-02-02,GOOGL,10.02982334189181,10.096387546372096,9.83509713272977,9.836587905883789,471835692
2006-02-03,GOOGL,9.776481478781802,9.783435580352792,9.253655520668271,9.476694107055664,730540728
2006-02-06,GOOGL,9.570084267371131,9.684088200359444,9.427269128303434,9.564868927001953,357258384
2006-02-07,GOOGL,9.512461217254325,9.53009588148329,9.024655604832843,9.138161659240723,664542792
2006-02-08,GOOGL,9.152069156134008,9.206960836548522,8.809065486317772,9.166971206665039,831331836
2006-02-09,GOOGL,9.219628343451726,9.299106902655952,8.844832828837328,8.91089916229248,476019504
2006-02-10,GOOGL,8.989883296889134,9.053218916814595,8.771065232657616,9.006275177001953,608331060
2006-02-13,GOOGL,8.609622974766674,8.707978982268928,8.49164555285504,8.586275100708008,787923288
2006-02-14,GOOGL,8.577085940359161,8.73505109854411,8.504312549580508,8.527162551879883,585573840
2006-02-15,GOOGL,8.476245333178476,8.593726773118494,8.390804630139412,8.503814697265625,517362120
2006-02-16,GOOGL,8.585531241693129,9.115312335371563,8.556223110946373,9.101901054382324,851767380
2006-02-17,GOOGL,9.186347550783399,9.24297611219215,9.031362027246068,9.158777236938477,572235192
2006-02-21,GOOGL,9.10140373528482,9.27774945490739,9.068370088950893,9.105130195617676,347092560
2006-02-22,GOOGL,9.119037958381595,9.163745068450478,9.037323700990436,9.077807426452637,258788952
2006-02-23,GOOGL,9.08078660596359,9.468995287799343,9.075323277380914,9.390260696411133,501561936
2006-02-24,GOOGL,9.37113539728863,9.439934334755142,9.276504913136394,9.373618125915527,259112628
2006-02-27,GOOGL,9.469741479200648,9.72879529098205,9.445152711169454,9.696009635925293,408079512
2006-02-28,GOOGL,9.766050820118135,9.873844611015663,8.407695150218645,9.006525039672852,1575926496
2006-03-01,GOOGL,9.154056650664044,9.176161739356777,8.973738417106706,9.0606689453125,481965552
2006-03-02,GOOGL,9.04775317038182,9.4655179770764,8.996091964428082,9.350025177001953,732478788
2006-03-03,GOOGL,9.544996929072774,9.618019253832573,9.332885949305997,9.392992973327637,478001520
2006-03-06,GOOGL,9.460797508413373,9.522643290790342,9.118787681605639,9.142631530761719,357230412
2006-03-07,GOOGL,9.066133335405805,9.1513251026859,8.895500865399868,9.05197525024414,414736848
2006-03-08,GOOGL,8.790687714874128,8.942195712434732,8.706488840452,8.789445877075195,469354176
2006-03-09,GOOGL,8.826950942906016,8.904939682251356,8.48195950310011,8.51921558380127,555859584
2006-03-10,GOOGL,8.531632714716725,8.556470413727657,8.234825950300271,8.382608413696289,772250976
2006-03-13,GOOGL,8.46780248987436,8.59621154980897,8.331693467513698,8.371681213378906,545150304
2006-03-14,GOOGL,8.373668524241374,8.751940637532657,8.261403361213148,8.721888542175293,737289972
2006-03-15,GOOGL,8.712201317299218,8.75020231209063,8.457867818658265,8.556471824645996,510241248
2006-03-16,GOOGL,8.658551845297815,8.662028422699665,8.392543981621285,8.414152145385742,400267332
2006-03-17,GOOGL,8.414898689171611,8.488913928967253,8.318778356978724,8.43948745727539,341725932
2006-03-20,GOOGL,8.5028220752361,8.69531165234106,8.482951725411084,8.648119926452637,415887696
2006-03-21,GOOGL,8.69332650532102,8.734307157193506,8.421853349736212,8.442717552185059,392850756
2006-03-22,GOOGL,8.43849324479982,8.546535972947105,8.382609597287896,8.450167655944824,303536160
2006-03-23,GOOGL,8.503069386693534,8.587516237045676,8.449669423050358,8.491644859313965,297090612
2006-03-24,GOOGL,9.155547209431328,9.192058371171212,9.0037912452649,9.085505485534668,606616776
2006-03-27,GOOGL,9.11754573898555,9.232294569427754,9.065636545380631,9.182124137878418,280667052
2006-03-28,GOOGL,9.23229439725163,9.385045161573261,9.218883118478583,9.368651390075684,357474168
2006-03-29,GOOGL,9.43670708012062,9.9101075566967,9.42602651825044,9.810260772705078,760338900
2006-03-30,GOOGL,9.666451860943873,9.773501683209307,9.527860116830368,9.647825241088867,587879532
2006-03-31,GOOGL,9.65527529534854,9.73301698908745,9.538291717849901,9.68657112121582,1459395144
2006-04-03,GOOGL,9.674897618974489,9.747919950347478,9.635157864441707,9.679119110107422,324583092
2006-04-04,GOOGL,9.684087279626093,10.056648065023037,9.640373076956514,10.042738914489746,627999372
2006-04-05,GOOGL,10.138610535000508,10.29682558785363,10.004986141498188,10.133395195007324,535883580
2006-04-06,GOOGL,10.096139802667308,10.279936536629823,10.069812272398293,10.212627410888672,343596060
2006-04-07,GOOGL,10.243176574704547,10.254105125508556,10.034791089128639,10.087942123413086,280754964
2006-04-10,GOOGL,10.110792227664446,10.361401122270182,10.065339266098615,10.341779708862305,372431196
2006-04-11,GOOGL,10.34277513500737,10.409339346698621,10.089433591029813,10.174874305725098,443843712
2006-04-12,GOOGL,10.158480798017834,10.216352140988842,10.063850300377746,10.157238960266113,240439320
2006-04-13,GOOGL,10.149289910902908,10.177356198272353,9.947362571018646,9.988592147827148,261853884
2006-04-17,GOOGL,10.020632892649736,10.245411201957271,9.955807448407093,10.10433578491211,330049620
2006-04-18,GOOGL,10.131903529674197,10.179095253537191,9.972200557222283,10.040253639221191,325178496
2006-04-19,GOOGL,10.247149133415324,10.273723699133416,10.102097399813655,10.195734977722168,270996732
2006-04-20,GOOGL,10.208404671537687,10.332342356659192,10.138610925640297,10.307504653930664,490369140
2006-04-21,GOOGL,11.149491291255979,11.194694372119399,10.833311088480672,10.856410026550293,901149948
2006-04-24,GOOGL,10.913537462927012,11.045175108777961,10.842005902187168,10.940858840942383,353102544
2006-04-25,GOOGL,10.919248713031072,10.954269103513552,10.580715432132571,10.609526634216309,382377240
2006-04-26,GOOGL,10.623931602309087,10.681058027764093,10.519367356809772,10.579970359802246,290820888
2006-04-27,GOOGL,10.503966582928953,10.603315480811283,10.41653913632259,10.432435035705566,333182484
2006-04-28,GOOGL,10.39766428231807,10.574009976413365,10.3397938856277,10.380526542663574,296555148
2006-05-01,GOOGL,10.393690097578304,10.417781937784936,9.898930420136361,9.907622337341309,414033552
2006-05-02,GOOGL,9.961768359385287,9.996788750432021,9.6468309358503,9.805789947509766,523647828
2006-05-03,GOOGL,9.84428788690935,9.972200956389132,9.708427813349711,9.790142059326172,322565112
2006-05-04,GOOGL,9.811504266346438,9.906879684114674,9.741462529819186,9.804549217224121,185893920
2006-05-05,GOOGL,9.87533437148299,9.951833274583121,9.730780493402355,9.793370246887207,242357400
2006-05-08,GOOGL,9.813489969277638,9.863412413027275,9.68781258581084,9.805293083190918,204539256
2006-05-09,GOOGL,9.828142960832716,10.158480305477951,9.77971129086384,10.153512954711914,365258376
2006-05-10,GOOGL,10.141344247672212,10.225791117737348,9.981143372823363,10.00896167755127,247240512
2006-05-11,GOOGL,10.01988775153103,10.051927539967581,9.561886311380329,9.61205768585205,355356288
2006-05-12,GOOGL,9.526121436133959,9.55915507801105,9.277996192115959,9.292402267456055,403100496
2006-05-15,GOOGL,9.33710873705289,9.441921919971357,9.146356978888122,9.343814849853516,343260396
2006-05-16,GOOGL,9.338599311423893,9.360208424690983,9.187092262220066,9.222112655639648,259384356
2006-05-17,GOOGL,9.204973681209319,9.434222395206149,9.19528696918483,9.301590919494629,425326248
2006-05-18,GOOGL,9.407896127073707,9.483153200484105,9.2074585869269,9.214412689208984,233166600
2006-05-19,GOOGL,9.271290307609473,9.30159228575119,8.955607945334547,9.19032096862793,455472072
2006-05-22,GOOGL,9.136421239638176,9.265079205920726,9.071844740858486,9.213418006896973,343831824
2006-05-23,GOOGL,9.294390279012827,9.534567580115567,9.278244494423411,9.32841682434082,358960680
2006-05-24,GOOGL,9.37237970754143,9.523639728747789,9.229813498174305,9.469244956970215,381769848
2006-05-25,GOOGL,9.415347483278726,9.512710597771479,9.247198666136452,9.51246166229248,327456216
2006-05-26,GOOGL,9.551205917748858,9.58424050196628,9.438940768760007,9.471726417541504,146533320
2006-05-30,GOOGL,9.395475777389562,9.46303477430241,9.225837157913674,9.238007545471191,172467360
2006-05-31,GOOGL,9.28420484326009,9.39473218440242,9.109847801699217,9.235027313232422,318932748
2006-06-01,GOOGL,9.277746950963422,9.512459936786744,9.229562326892722,9.503270149230957,250868880
2006-06-02,GOOGL,9.608085462970285,9.614046662805746,9.374862274742616,9.424287796020508,255200544
2006-06-05,GOOGL,9.343317601590961,9.474211264391002,9.292898236131434,9.300100326538086,222117660
2006-06-06,GOOGL,9.353253217816572,9.686570201137652,9.346298169829943,9.686322212219238,409981608
2006-06-07,GOOGL,9.767043740411555,9.807279469940191,9.599638912454578,9.59988784790039,356095548
2006-06-08,GOOGL,9.630686878422882,9.79262744949109,9.403176892893402,9.768534660339355,413965620
2006-06-09,GOOGL,9.740964987772307,9.821438346358034,9.571076470805984,9.60137939453125,246053700
2006-06-12,GOOGL,9.645341801027365,9.698742724232726,9.463036777560234,9.476448059082031,200563236
2006-06-13,GOOGL,9.46055116857127,9.612059163966082,9.391503284196778,9.600137710571289,306057636
2006-06-14,GOOGL,9.682348741137725,9.713891609611924,9.40143784566857,9.547232627868652,310569120
2006-06-15,GOOGL,9.602620033297784,9.742454558328177,9.512709845917426,9.711408615112305,271156572
2006-06-16,GOOGL,9.664216850321425,9.709669814751257,9.636896420399044,9.703956604003906,211971816
2006-06-19,GOOGL,9.70768235066258,9.805790372766044,9.61156202618304,9.640373229980469,305018676
2006-06-20,GOOGL,9.637640740421565,9.73301709927768,9.599888682931603,9.616281509399414,161434404
2006-06-21,GOOGL,9.712897655217098,10.034293184151203,9.680360941448125,9.987846374511719,349426224
2006-06-22,GOOGL,9.974188083249915,10.083968622664626,9.636896621058442,9.93370246887207,236239524
2006-06-23,GOOGL,10.003494497554552,10.17710756633234,9.953324067014231,10.05565357208252,212379408
2006-06-26,GOOGL,10.102595458341437,10.1410933687109,10.015663990732396,10.039756774902344,141905952
2006-06-27,GOOGL,10.076764974680481,10.133642465298495,9.960029393721433,9.992566108703613,164119716
2006-06-28,GOOGL,10.034542313774017,10.09589023540166,9.963010754524998,10.086701393127441,148271580
2006-06-29,GOOGL,10.133394610512223,10.386983167502986,10.079497718903779,10.377297401428223,266061672
2006-06-30,GOOGL,10.322406763672806,10.415050506591797,10.241189442059095,10.415050506591797,250069680
2006-07-03,GOOGL,10.432683793821969,10.52532657799876,10.418029732248513,10.511170387268066,86181732
2006-07-05,GOOGL,10.46944445512197,10.501236257941766,10.32339979608055,10.4679536819458,199224576
2006-07-06,GOOGL,10.515642748171933,10.56531815640386,10.480870341018694,10.510923385620117,147336516
2006-07-07,GOOGL,10.581957853776654,10.627658808045071,10.329361240813421,10.442869186401367,241434324
2006-07-10,GOOGL,10.51713360060116,10.561591775636282,10.341781736670313,10.386984825134277,177278544
2006-07-11,GOOGL,10.394684328365505,10.557120881764224,10.25857625148583,10.544951438903809,238613148
2006-07-12,GOOGL,10.483601173203482,10.499745062899441,10.350473714136463,10.363389015197754,196071732
2006-07-13,GOOGL,10.282666819343014,10.390461548148627,10.10458332062824,10.154257774353027,276703020
2006-07-14,GOOGL,10.191515924298796,10.220327129574216,9.900421378433053,10.021876335144043,301781916
2006-07-17,GOOGL,10.049942480986942,10.208155645486839,10.027339518603858,10.130910873413086,232243524
2006-07-18,GOOGL,10.177107393758819,10.197474666771939,9.878810800670037,10.010697364807129,341130528
2006-07-19,GOOGL,9.811004797267216,9.963258634962376,9.802311933803047,9.910106658935547,340399260
2006-07-20,GOOGL,10.041248587807058,10.045223036645874,9.57877664756074,9.615039825439453,501046452
2006-07-21,GOOGL,9.59069845489662,9.730036053707556,9.380823148890608,9.689303398132324,469713816
2006-07-24,GOOGL,9.756611999600253,9.783188463642484,9.468251023040043,9.708924293518066,323120556
2006-07-25,GOOGL,9.562879598686894,9.719107885049787,9.532578570960771,9.670674324035645,230213556
2006-07-26,GOOGL,9.641864487464588,9.734011314369745,9.512710515033993,9.574803352355957,221054724
2006-07-27,GOOGL,9.62124824430349,9.62422884406336,9.387280155118722,9.497806549072266,225418356
2006-07-28,GOOGL,9.48787146320176,9.675641668285946,9.481165350644375,9.639876365661621,163180656
2006-07-31,GOOGL,9.636895660543797,9.665954850292676,9.520408073064406,9.602123260498047,183628188
2006-08-01,GOOGL,9.56511584233946,9.581508668059142,9.326677322387695,9.326677322387695,218309472
2006-08-02,GOOGL,9.328912708325603,9.367908497550738,9.070604767086303,9.121025085449219,283628088
2006-08-03,GOOGL,9.065139293918598,9.38628588908149,9.024902618733064,9.32369613647461,252826920
2006-08-04,GOOGL,9.427268407146265,9.455087655252388,9.233288995502534,9.28544807434082,203604192
2006-08-07,GOOGL,9.227080548232065,9.431492549288725,9.21838768323466,9.38728141784668,157718124
2006-08-08,GOOGL,9.508238667046038,9.549965172798403,9.41559586685721,9.463035583496094,229498272
2006-08-09,GOOGL,9.507742754729843,9.554436611820199,9.347788939689785,9.362195014953613,172267560
2006-08-10,GOOGL,9.286191911222593,9.380326430061105,9.250923530113509,9.294139862060547,170305524
2006-08-11,GOOGL,9.299107561801062,9.320964664055897,9.14014948560261,9.152567863464355,150509340
2006-08-14,GOOGL,9.227079070270191,9.317239134494027,9.1567893550947,9.175665855407715,198533268
2006-08-15,GOOGL,9.291904378267894,9.479674583469055,9.254399367097907,9.462288856506348,267660072
2006-08-16,GOOGL,9.524631830537475,9.648073536527647,9.490853274519262,9.629942893981934,233893872
2006-08-17,GOOGL,9.596908481836977,9.686571633462835,9.535560557658757,9.582255363464355,203004792
2006-08-18,GOOGL,9.594919683883484,9.614294055408354,9.456824873078657,9.521650314331055,197889912
2006-08-21,GOOGL,9.39100606922838,9.413359148598039,9.319474511504666,9.371136665344238,160771068
2006-08-22,GOOGL,9.381817046402261,9.419817091294048,9.310035608076648,9.39572525024414,166397436
2006-08-23,GOOGL,9.379580070380259,9.395227982283469,9.255890387844117,9.275014877319336,145546308
2006-08-24,GOOGL,9.300101560340494,9.348783116778476,9.245956674773565,9.28246784210205,139160700
2006-08-25,GOOGL,9.266323494912037,9.32195915670687,9.251918364902075,9.270794868469238,98569332
2006-08-28,GOOGL,9.3291614535025,9.461792945861816,9.314010464755341,9.461792945861816,166393440
2006-08-29,GOOGL,9.457570933506265,9.49582086377425,9.368652694679334,9.412118911743164,178221600
2006-08-30,GOOGL,9.41857532587443,9.553690475319309,9.401188652901919,9.45682430267334,161614224
2006-08-31,GOOGL,9.47520401636399,9.491595894361744,9.393488829200225,9.40168571472168,118277604
2006-09-01,GOOGL,9.462785431076732,9.469989414975773,9.368403871425059,9.403424263000488,106809084
2006-09-05,GOOGL,9.434968511466316,9.572319366245612,9.374613491826166,9.546488761901855,162809028
2006-09-06,GOOGL,9.490355785704297,9.517428226698971,9.42975277963598,9.44167423248291,148815036
2006-09-07,GOOGL,9.423046975444505,9.481663238267682,9.373620502308547,9.400693893432617,153526320
2006-09-08,GOOGL,9.356731756225013,9.457819443431697,9.356731756225013,9.384798049926758,123212664
2006-09-11,GOOGL,9.39497970536636,9.554683622058828,9.382809317930848,9.53978157043457,180986832
2006-09-12,GOOGL,9.56238345624815,9.754376095431263,9.559402856658386,9.733760833740234,217470312
2006-09-13,GOOGL,9.81448292898136,10.102843865558881,9.813240144863933,10.098124504089355,390337272
2006-09-14,GOOGL,10.04174521501881,10.090922747230714,9.982880023206691,10.033797264099121,214429356
2006-09-15,GOOGL,10.120727800719429,10.184560343546753,10.10234916989634,10.180337905883789,313214472
2006-09-18,GOOGL,10.183317100539487,10.399154549942603,10.170153810260715,10.299805641174316,283983732
2006-09-19,GOOGL,10.31892916905173,10.319674082295682,9.754623785206766,10.029573440551758,571144284
2006-09-20,GOOGL,10.111289510073998,10.118492547281978,9.801318493383055,9.860431671142578,365546088
2006-09-21,GOOGL,9.942397007871582,10.144820361973899,9.931468456265552,10.105080604553223,427256316
2006-09-22,GOOGL,10.05863462615845,10.11998254488194,9.968722547049275,10.028829574584961,185798016
2006-09-25,GOOGL,10.073537018697566,10.169657343080718,9.997038109410894,10.033797264099121,229262508
2006-09-26,GOOGL,10.071549979602995,10.1256948612761,9.97890623566201,10.10557746887207,211364424
2006-09-27,GOOGL,10.091420054883743,10.21361896524581,9.9938080162099,10.007469177246094,234832932
2006-09-28,GOOGL,10.036281216611549,10.108309701282263,9.948357776185423,10.023862838745117,204091704
2006-09-29,GOOGL,10.062359246446343,10.074530581205403,9.969964437946018,9.982135772705078,132303564
2006-10-02,GOOGL,9.982136229828445,10.08396882033736,9.954814852278952,9.970710754394531,145929924
2006-10-03,GOOGL,9.966982988048002,10.095392972436908,9.889988109633409,10.035285949707031,218369412
2006-10-04,GOOGL,10.058385337071547,10.326629845279392,10.010697634839621,10.32489013671875,266205528
2006-10-05,GOOGL,10.300053891209117,10.387977327484519,10.204678482042947,10.22827434539795,231360408
2006-10-06,GOOGL,10.188781659383986,10.479129351690332,10.177107249968866,10.444108963012695,293166540
2006-10-09,GOOGL,10.550911402252773,10.728497977800119,10.516634978309185,10.655227661132812,303028668
2006-10-10,GOOGL,10.718811806598332,10.875038213880305,10.49105289458195,10.5968599319458,391152456
2006-10-11,GOOGL,10.556374773445347,10.67782971804841,10.525079895655102,10.593133926391602,225190584
2006-10-12,GOOGL,10.64429817842187,10.672116476034745,10.531040130192418,10.616480827331543,193566240
2006-10-13,GOOGL,10.624430159581896,10.66764649158856,10.56978740591891,10.613004684448242,144755100
2006-10-16,GOOGL,10.622939259600514,10.66019533791786,10.464973146786807,10.475156784057617,172603224
2006-10-17,GOOGL,10.439142145569017,10.524830838476012,10.349727939624554,10.447587966918945,208231560
2006-10-18,GOOGL,10.505954601493306,10.549668803332823,10.369598549245758,10.41455364227295,240451308
2006-10-19,GOOGL,10.437404835751272,10.667647441942465,10.421012954714733,10.582206726074219,459679860
2006-10-20,GOOGL,11.400099576319498,11.427669888053929,11.265978263408993,11.41698932647705,465450084
2006-10-23,GOOGL,11.481815753151396,12.037178454301324,11.43437603780621,11.941307067871094,603575820
2006-10-24,GOOGL,11.829537933656894,11.868780762985985,11.708579910366415,11.75577163696289,346061592
2006-10-25,GOOGL,11.859591168136193,12.133051033224627,11.800478934241546,12.085860252380371,367132500
2006-10-26,GOOGL,12.112683595550125,12.218987555382714,12.02624998589798,12.048604011535645,280986732
2006-10-27,GOOGL,12.018799814272747,12.052081446375503,11.735405230877094,11.802715301513672,263895840
2006-10-30,GOOGL,11.793276178800715,11.933359644521605,11.673807977363134,11.83674144744873,262261476
2006-10-31,GOOGL,11.873747234828917,11.975580760310283,11.768934056246199,11.832269668579102,251164584
2006-11-01,GOOGL,11.891134496481218,11.900324284725249,11.555829800255033,11.611465454101562,216834948
2006-11-02,GOOGL,11.61146474208062,11.766202252638832,11.583647390124447,11.671323776245117,209258532
2006-11-03,GOOGL,11.728947048650914,11.766700050880525,11.55086259903219,11.718266487121582,196111692
2006-11-06,GOOGL,11.767197378117324,11.91349004190211,11.731432069341512,11.84618091583252,199460340
2006-11-07,GOOGL,11.84618005668306,11.89759232937356,11.717522067655658,11.737391471862793,195688116
2006-11-08,GOOGL,11.682252907348271,11.965150535162207,11.638786695496492,11.797745704650879,318281400
2006-11-09,GOOGL,11.835004311511538,11.909268492316222,11.719758531977561,11.738883972167969,194972832
2006-11-10,GOOGL,11.767445327066188,11.790793203755255,11.68076372008892,11.761734008789062,111756132
2006-11-13,GOOGL,11.795262591192676,11.95099301910178,11.776386089641026,11.947516441345215,173502324
2006-11-14,GOOGL,11.9393199001581,12.169065567713876,11.934352549057136,12.152921676635742,288647064
2006-11-15,GOOGL,12.255497774245736,12.414953701683828,12.218242645263672,12.218242645263672,334493172
2006-11-16,GOOGL,12.294493775181287,12.361057982335602,12.233890767837252,12.316847801208496,203500296
2006-11-17,GOOGL,12.251029157771718,12.410236173287478,12.244819022168105,12.388628005981445,220219560
2006-11-20,GOOGL,12.37894134711486,12.37894134711486,12.236127158055112,12.295737266540527,204775020
2006-11-21,GOOGL,12.33274343660785,12.66705429184884,12.315108773021613,12.658360481262207,336762900
2006-11-22,GOOGL,12.691146406783284,12.741566723182896,12.562240430133702,12.61762809753418,179847972
2006-11-24,GOOGL,12.53044928951481,12.60496145151571,12.518030911355568,12.542868614196777,69238692
2006-11-27,GOOGL,12.45270778987025,12.462891427262248,12.039911270141602,12.039911270141602,292695012
2006-11-28,GOOGL,11.949999848347256,12.166830219771427,11.848167254897596,12.157889366149902,311592096
2006-11-29,GOOGL,12.275617491011994,12.288036815257282,11.977817788956207,12.037426948547363,252359388
2006-11-30,GOOGL,12.026001932367226,12.180241584913892,11.960431575517008,12.041400909423828,222876900
2006-12-01,GOOGL,12.070460962382837,12.13031905459235,11.884676550665956,11.941802978515625,225030744
2006-12-04,GOOGL,11.99644569267393,12.106476119174529,11.905789639705901,12.042394638061523,195800004
2006-12-05,GOOGL,12.105728425012023,12.156396724998647,12.043386662102327,12.095793724060059,163955880
2006-12-06,GOOGL,12.09480130225188,12.229916469315695,12.034198294163593,12.138267517089844,177833988
2006-12-07,GOOGL,12.176019136149007,12.215013976409262,11.982039730156085,11.987504005432129,186385428
2006-12-08,GOOGL,11.970118532576675,12.135534727995706,11.92193295632788,12.024015426635742,158837004
2006-12-11,GOOGL,12.044134324191763,12.142987271488142,12.016316965873015,12.019545555114746,130405464
2006-12-12,GOOGL,12.017555866841729,12.079897628744124,11.928886579928477,11.966142654418945,167072760
2006-12-13,GOOGL,12.038420061870674,12.058538400465737,11.847917237327072,11.89684772491455,186297516
2006-12-14,GOOGL,11.928141582258469,12.015073060034247,11.853878363343474,11.974588394165039,189766044
2006-12-15,GOOGL,11.98750451819281,12.02401568457322,11.917959709808041,11.9293851852417,207424368
2006-12-18,GOOGL,11.984275300375849,11.989987564531564,11.443068796977157,11.494730949401855,320343336
2006-12-19,GOOGL,11.467907646878494,11.656422794657338,11.3879312080708,11.639533042907715,263216520
2006-12-20,GOOGL,11.673559046076846,11.710815122842343,11.483057171373261,11.497213363647461,174537288
2006-12-21,GOOGL,11.529007657549128,11.555584125361188,11.234934374851164,11.330805778503418,277853868
2006-12-22,GOOGL,11.363091639085146,11.391405915641903,11.244618246901563,11.315403938293457,159372468
2006-12-26,GOOGL,11.338752511283557,11.4120228350991,11.290816814612398,11.363839149475098,82889028
2006-12-27,GOOGL,11.425187229763852,11.625872765866243,11.402833202360679,11.62463092803955,169090740
2006-12-28,GOOGL,11.60202662601655,11.638288851325708,11.481068616653493,11.488768577575684,124523352
2006-12-29,GOOGL,11.477344726180094,11.536208971716151,11.421709069509182,11.437108993530273,102265632
2007-01-03,GOOGL,11.574210050335413,11.83897514109207,11.452755108497666,11.613700866699219,307951740
2007-01-04,GOOGL,11.64872365202273,12.020041678814254,11.632578813844047,12.002903938293457,315188496
2007-01-05,GOOGL,11.984026814348828,12.108213419640387,11.874990249866524,12.100513458251953,274609116
2007-01-08,GOOGL,12.112932427752654,12.167078255999336,11.976575428136448,12.01085090637207,189985824
2007-01-09,GOOGL,12.05729659918951,12.126840456919929,11.951737555109784,12.058538436889648,215040744
2007-01-10,GOOGL,12.031963158472719,12.258479281370215,11.97260104357915,12.15689468383789,238501260
2007-01-11,GOOGL,12.349136243288473,12.462146324174492,12.323802562523666,12.411726951599121,288039672
2007-01-12,GOOGL,12.468107516719058,12.542868614196777,12.418681993036188,12.542868614196777,178769052
2007-01-16,GOOGL,12.606202638209284,12.74156673924423,12.50064358973978,12.524985313415527,302453244
2007-01-17,GOOGL,12.50287882425101,12.61166645763731,12.279094368943996,12.35112190246582,267696036
2007-01-18,GOOGL,12.282570397689769,12.331251948060164,12.106474600546745,12.116409301757812,237042720
2007-01-19,GOOGL,12.120135594435395,12.18918347603505,12.089337640090722,12.164097785949707,198932868
2007-01-22,GOOGL,12.232401429316193,12.236126942715627,11.884677380141968,11.942797660827637,215955828
2007-01-23,GOOGL,11.941555597620553,12.039911610468087,11.854624113706548,11.898338317871094,186433380
2007-01-24,GOOGL,12.032458259507948,12.407254701336381,12.003647058481572,12.395580291748047,242129628
2007-01-25,GOOGL,12.443517256246098,12.530447785975367,12.062512562724043,12.1228666305542,254485260
2007-01-26,GOOGL,12.193405334202593,12.366521481111064,12.096539156198217,12.315356254577637,219640140
2007-01-29,GOOGL,12.369005973257986,12.387633539572027,12.18272557750418,12.23165512084961,190836972
2007-01-30,GOOGL,12.269656152131395,12.369006012355019,12.200609215557623,12.277604103088379,167052780
2007-01-31,GOOGL,12.331501828719405,12.542867913712751,12.307161051668476,12.455936431884766,487755756
2007-02-01,GOOGL,12.567705221011986,12.567953209944454,11.959933566711431,11.965398788452148,625721652
2007-02-02,GOOGL,11.986758788924636,12.046120906819203,11.86753952176139,11.959190368652344,251208540
2007-02-05,GOOGL,11.859838770279744,11.872258093850421,11.578928834403742,11.603021621704102,287987724
2007-02-06,GOOGL,11.626367685346182,11.75552163661778,11.605504434846525,11.710317611694336,212663124
2007-02-07,GOOGL,11.76843667542064,11.781600911038884,11.643256228683526,11.673806190490723,164627208
2007-02-08,GOOGL,11.625128169498858,11.766701471693358,11.553099680541052,11.699143409729004,162904932
2007-02-09,GOOGL,11.71454088795999,11.740123501828723,11.462442155422377,11.472128868103027,194149656
2007-02-12,GOOGL,11.442076388238316,11.484546861100277,11.301495999540368,11.38271427154541,229949820
2007-02-13,GOOGL,11.40407386894915,11.494233936170819,11.35713107878959,11.40283203125,162341496
2007-02-14,GOOGL,11.425186070564,11.651951124542043,11.405812645215061,11.572471618652344,227724048
2007-02-15,GOOGL,11.574210720527905,11.577439309339965,11.443069058698589,11.46169662475586,161534304
2007-02-16,GOOGL,11.494729074477153,11.67728392049958,11.47634855425405,11.672066688537598,246832920
2007-02-20,GOOGL,11.635557476262555,11.74186238135911,11.542169765740462,11.725717544555664,162541296
2007-02-21,GOOGL,11.66958581362294,11.889147830813656,11.617426737033115,11.819106101989746,225398376
2007-02-22,GOOGL,11.889395853555243,12.02724362511981,11.782595917710285,11.81885814666748,229526244
2007-02-23,GOOGL,11.816374311832208,11.846179362920084,11.6189173864743,11.688958168029785,155148696
2007-02-26,GOOGL,11.743850164112558,11.803955299206237,11.51832599727691,11.54763412475586,158637204
2007-02-27,GOOGL,11.300998746352697,11.420218954156832,11.106522415123784,11.146262168884277,372139488
2007-02-28,GOOGL,11.186995585736657,11.26796491857595,11.003943786018121,11.163150787353516,320970708
2007-03-01,GOOGL,10.994755822127928,11.236919873186032,10.928439601005518,11.132850646972656,347060592
2007-03-02,GOOGL,11.05535763875362,11.144523855162456,10.895652770996094,10.895652770996094,263080656
2007-03-05,GOOGL,10.854421961438987,11.065044061219844,10.853925983601806,10.952033996582031,253949796
2007-03-06,GOOGL,11.113974136677067,11.400348346212848,11.111738450211432,11.364334106445312,301046652
2007-03-07,GOOGL,11.491999349881077,11.503175890243405,11.283365863837334,11.316895484924316,261102636
2007-03-08,GOOGL,11.40581176495914,11.561790164914541,11.278644565349888,11.29404354095459,214297488
2007-03-09,GOOGL,11.375510427052527,11.38544512844635,11.179296288434083,11.250329971313477,198908892
2007-03-12,GOOGL,11.240643484254802,11.30720768306387,11.20438031205753,11.294788360595703,138477384
2007-03-13,GOOGL,11.17954618328315,11.224750218158702,10.998730043780947,11.003697395324707,254836908
2007-03-14,GOOGL,11.008662841457378,11.143530009313825,10.903600724227527,11.127137184143066,320355324
2007-03-15,GOOGL,11.123661401217916,11.172342009312246,11.026298291983892,11.082182884216309,157610232
2007-03-16,GOOGL,11.068770859200853,11.094851347904932,10.925707726963541,10.949551582336426,226137636
2007-03-19,GOOGL,11.00916022012216,11.13955696704834,10.944086787649416,11.108013153076172,207700092
2007-03-20,GOOGL,11.072245252688619,11.117201285975321,11.017851443422849,11.059577941894531,136723140
2007-03-21,GOOGL,11.06007744624993,11.339994483464302,11.057840813220912,11.339496612548828,231700068
2007-03-22,GOOGL,11.316150001204347,11.479082508572489,11.23965109812658,11.47585391998291,227000772
2007-03-23,GOOGL,11.461199544881795,11.509383223059462,11.35265990821835,11.470637321472168,164287548
2007-03-26,GOOGL,11.43884533362582,11.549371719360352,11.316397496260945,11.549371719360352,188223588
2007-03-27,GOOGL,11.513359809485078,11.555086318408474,11.433631358660643,11.515098571777344,149498352
2007-03-28,GOOGL,11.471631030803511,11.560301271821874,11.42891162444269,11.471880912780762,183480336
2007-03-29,GOOGL,11.538195322814104,11.574210509580425,11.30099864020526,11.448037147521973,159380460
2007-03-30,GOOGL,11.477346129422603,11.5096348615898,11.329315643140056,11.379486083984375,135072792
2007-04-02,GOOGL,11.369549299891109,11.38867473602295,11.229466791170726,11.38867473602295,137802060
2007-04-03,GOOGL,11.525776373723396,11.779117880572015,11.524535482593102,11.738136291503906,259811928
2007-04-04,GOOGL,11.726710892815154,11.748071068496257,11.663127290140729,11.698892593383789,151000848
2007-04-05,GOOGL,11.705848052411616,11.7254694667517,11.664120601799816,11.711064338684082,108523368
2007-04-09,GOOGL,11.747575151441847,11.74807207585334,11.564026418199566,11.629100799560547,122361516
2007-04-10,GOOGL,11.601282022673644,11.693180845767271,11.553346333508287,11.586627960205078,119052828
2007-04-11,GOOGL,11.575700691851674,11.658657725384403,11.490011993872145,11.537699699401855,152327520
2007-04-12,GOOGL,11.524536207564886,11.623885119091344,11.480822004996927,11.608734130859375,108207684
2007-04-13,GOOGL,11.635062175843709,11.643010126980016,11.508640817552704,11.581413269042969,111680208
2007-04-16,GOOGL,11.635310447625749,11.847174415458165,11.627610485250433,11.779616355895996,202912884
2007-04-17,GOOGL,11.767942637006783,11.832271159639056,11.713299881219646,11.743104934692383,128275596
2007-04-18,GOOGL,11.704854681235092,11.919450303073006,11.66188633768819,11.822832107543945,226593180
2007-04-19,GOOGL,11.785327121141716,11.970365664857185,11.663376202127507,11.714540481567383,439943616
2007-04-20,GOOGL,12.183221699843832,12.232400175416121,11.972104562903258,11.983529090881348,485973540
2007-04-23,GOOGL,11.924416808073046,12.046119739012747,11.878714910270975,11.89908218383789,226757016
2007-04-24,GOOGL,11.887409665666995,11.921437156277198,11.811407679963606,11.86058521270752,147640212
2007-04-25,GOOGL,11.921932675195011,11.955960164495224,11.825316375603375,11.872010231018066,158513328
2007-04-26,GOOGL,11.874742588740832,12.032459774225579,11.850153821879784,11.951242446899414,164831004
2007-04-27,GOOGL,11.923673064794743,11.981543462976388,11.880454838085978,11.897344589233398,116910972
2007-04-30,GOOGL,11.900821705139807,11.95546445902183,11.70783519744873,11.70783519744873,145502352
2007-05-01,GOOGL,11.727954166346429,11.743352196766025,11.528757528785896,11.648722648620605,146181672
2007-05-02,GOOGL,11.640029182265653,11.700384200629054,11.567504721871384,11.568745613098145,122385492
2007-05-03,GOOGL,11.579674180120067,11.77464838619063,11.556576187252745,11.753785133361816,143624232
2007-05-04,GOOGL,11.67654016752469,11.793772678132772,11.571230056345135,11.701377868652344,157842000
2007-05-07,GOOGL,11.726712889939078,11.7436016956991,11.58588449981383,11.605754852294922,120683196
2007-05-08,GOOGL,11.577439130128111,11.628107434151303,11.542666727503462,11.594328880310059,116087796
2007-05-09,GOOGL,11.577934295742631,11.716526972126498,11.52155467799948,11.65493106842041,155440404
2007-05-10,GOOGL,11.60004132406972,11.660892319712802,11.450520085121497,11.46169662475586,147304548
2007-05-11,GOOGL,11.470638451323255,11.59904844904156,11.45002413414265,11.592589378356934,117646236
2007-05-14,GOOGL,11.56129638465581,11.611714811691876,11.42518736050654,11.46939754486084,154753092
2007-05-15,GOOGL,11.473868127132755,11.488273255789371,11.360858051834995,11.375511169433594,164595240
2007-05-16,GOOGL,11.474860050587155,11.751547536604651,11.400844822945839,11.738384246826172,261905832
2007-05-17,GOOGL,11.734659987759583,11.80321094776415,11.693678394429778,11.697403907775879,186237576
2007-05-18,GOOGL,11.723979473923611,11.740619341709861,11.66734997166061,11.681507110595703,147688164
2007-05-21,GOOGL,11.661887697846423,11.902065016148775,11.592094893429651,11.688464164733887,246125628
2007-05-22,GOOGL,11.748071470916667,11.89734377035184,11.748071470916667,11.819106101989746,153406440
2007-05-23,GOOGL,11.942299890246147,12.00662840885024,11.76670006239938,11.772163391113281,202205592
2007-05-24,GOOGL,11.80147231554729,11.902063061977557,11.710815324163276,11.781105041503906,166777056
2007-05-25,GOOGL,11.914483720647425,12.044879532919685,11.854128698112051,12.009361267089844,213726060
2007-05-29,GOOGL,12.046119890007866,12.215013600935492,12.021282189832721,12.098526954650879,208511280
2007-05-30,GOOGL,12.033702445962179,12.389869471737281,11.996445419550211,12.38390827178955,289542168
2007-05-31,GOOGL,12.432590028553623,12.63675212256165,12.345658549673622,12.366769790649414,356615028
2007-06-01,GOOGL,12.443517622509967,12.543363456218549,12.367266705167266,12.42861557006836,191768040
2007-06-04,GOOGL,12.36677120263458,12.679722858593308,12.358823251114055,12.594281196594238,283755960
2007-06-05,GOOGL,12.660845490599408,12.890591155598301,12.582855807527762,12.886616706848145,417466116
2007-06-06,GOOGL,12.83470646821293,12.934801241305461,12.79769837806499,12.871962547302246,315152532
2007-06-07,GOOGL,12.909218886780316,13.076871719325258,12.729396611931746,12.792731285095215,424794780
2007-06-08,GOOGL,12.821046147614929,12.906485909397622,12.65364225529093,12.803411483764648,254073672
2007-06-11,GOOGL,12.766900664818456,12.871962790908205,12.667054825300362,12.700336456298828,185722092
2007-06-12,GOOGL,12.635014240952225,12.70853349913827,12.497415395532585,12.537155151367188,256523220
2007-06-13,GOOGL,12.594778021692576,12.630791316243176,12.386143601711712,12.548829078674316,281078640
2007-06-14,GOOGL,12.552305393011494,12.564724716704767,12.4609034867723,12.489218711853027,184663152
2007-06-15,GOOGL,12.62209835979131,12.642216698996487,12.449230193207583,12.564972877502441,246717036
2007-06-18,GOOGL,12.572175922660497,12.816079687102716,12.523992236313283,12.796209335327148,193242564
2007-06-19,GOOGL,12.766652138332237,12.847124547942597,12.705303272444665,12.774103164672852,174037788
2007-06-20,GOOGL,12.839921460829025,12.884380573010226,12.643705436614352,12.66630744934082,173354472
2007-06-21,GOOGL,12.69139378546978,12.79844360187269,12.574659149517146,12.769135475158691,176211612
2007-06-22,GOOGL,12.826509891422988,13.039366755732027,12.818561940312398,13.039118766784668,287859852
2007-06-25,GOOGL,13.138466859185426,13.287739158734047,12.999378196726349,13.09972095489502,316683000
2007-06-26,GOOGL,13.231608344446512,13.243280862371115,13.07041363575401,13.170259475708008,227352420
2007-06-27,GOOGL,13.039613575571773,13.113877739943153,12.904498418805904,13.071653366088867,244679076
2007-06-28,GOOGL,13.03663309040908,13.1513819210767,13.009808639264824,13.039861679077148,166569264
2007-06-29,GOOGL,13.064948739301204,13.099224217650026,12.902015276153966,12.982488632202148,155068776
2007-07-02,GOOGL,13.051784758164118,13.209750873520445,13.01974496569591,13.173239707946777,139364496
2007-07-03,GOOGL,13.190129693533702,13.27308578160827,13.101708383450045,13.27159595489502,74797128
2007-07-05,GOOGL,13.301897474563834,13.521460457866754,13.217202621196364,13.45266056060791,197518284
2007-07-06,GOOGL,13.443221042535928,13.508294471406721,13.380631288972149,13.397271156311035,109770120
2007-07-09,GOOGL,13.48668805760408,13.629254256909473,13.418633073703708,13.475759506225586,149042808
2007-07-10,GOOGL,13.506306122825604,13.586034551708448,13.453154152411207,13.495129585266113,154085760
2007-07-11,GOOGL,13.501837944013074,13.57361748897181,13.412423735612313,13.523197174072266,132239628
2007-07-12,GOOGL,13.557720861161934,13.593984034882554,13.417638356434153,13.544557571411133,137526336
2007-07-13,GOOGL,13.608637165488634,13.726863517062647,13.59224528714365,13.71419620513916,209274516
2007-07-16,GOOGL,13.667999593218846,13.873653416567947,13.643410826906589,13.73481273651123,263716020
2007-07-17,GOOGL,13.785728581890714,13.852540776482323,13.719661300627957,13.784735679626465,172970856
2007-07-18,GOOGL,13.75716604591761,13.77231703479017,13.506806058928413,13.648130416870117,242956800
2007-07-19,GOOGL,13.746486363975269,13.747977137221921,13.467811151734285,13.625528335571289,444642912
2007-07-20,GOOGL,12.714244407209446,12.994410365844951,12.654634306555897,12.918407440185547,710181108
2007-07-23,GOOGL,12.890838554074532,12.915427319233439,12.720455013530428,12.729395866394043,254013732
2007-07-24,GOOGL,12.649667612713605,12.882890794835234,12.595273795315133,12.766403198242188,222661116
2007-07-25,GOOGL,12.840420030469424,12.84141387938073,12.556778390751186,12.661094665527344,221578200
2007-07-26,GOOGL,12.635758773050483,12.73138311963998,12.390862121005584,12.617380142211914,275060664
2007-07-27,GOOGL,12.63054387282841,12.831477393044135,12.555286798603863,12.713996887207031,220143636
2007-07-30,GOOGL,12.739578942087597,12.899033925195981,12.6794719174869,12.818809509277344,158373468
2007-07-31,GOOGL,12.921140608580325,12.926355948362088,12.667054176330566,12.667054176330566,170649180
2007-08-01,GOOGL,12.679472108035865,12.828745349790719,12.62085585564761,12.74007511138916,176950872
2007-08-02,GOOGL,12.759447783974231,12.790991594720927,12.64221528610942,12.692138671875,126069804
2007-08-03,GOOGL,12.66829653713076,12.746534209268905,12.493193626403809,12.493193626403809,126920952
2007-08-06,GOOGL,12.493193110545908,12.670779689466867,12.480773786902258,12.667054176330566,145913940
2007-08-07,GOOGL,12.660845565280702,12.912447387060157,12.643210901050901,12.816575050354004,170401428
2007-08-08,GOOGL,12.899035695222569,13.058988571166992,12.843152046789912,13.058988571166992,162589248
2007-08-09,GOOGL,12.93529849031828,13.084819734833154,12.78205173245325,12.78453540802002,193666140
2007-08-10,GOOGL,12.67152412129477,12.883635105683997,12.558514054219861,12.809868812561035,234772992
2007-08-13,GOOGL,12.90400410770409,12.909219447986272,12.742312468069859,12.80366039276123,127044828
2007-08-14,GOOGL,12.809122962417886,12.850850411731173,12.617379251415553,12.632281303405762,145202652
2007-08-15,GOOGL,12.642216557505892,12.709028751981645,12.33696489510288,12.357829093933105,216163620
2007-08-16,GOOGL,12.220477680388814,12.330010223201587,11.933358565713267,12.20805835723877,345478176
2007-08-17,GOOGL,12.355096465277475,12.443517771783926,12.211288439313845,12.419673919677734,218956824
2007-08-20,GOOGL,12.479780789776905,12.482265411893309,12.319330992419825,12.367018699645996,107784108
2007-08-21,GOOGL,12.392352398914827,12.621353139952625,12.36329320733926,12.582855224609375,144279576
2007-08-22,GOOGL,12.66606236475928,12.822289738768756,12.648427698497509,12.735359191894531,129977892
2007-08-23,GOOGL,12.816078438900451,12.819307027635046,12.592541972440658,12.721447944641113,122944932
2007-08-24,GOOGL,12.731880474057832,12.804902808085844,12.629798946311329,12.791241645812988,98809092
2007-08-27,GOOGL,12.777084126194596,12.852092262640562,12.701827054283303,12.748023986816406,92910996
2007-08-28,GOOGL,12.705055738700192,12.790744437732593,12.562488598242243,12.577640533447266,130825044
2007-08-29,GOOGL,12.613405959409654,12.749017105912626,12.598254970583616,12.73858642578125,101870028
2007-08-30,GOOGL,12.725668991195336,12.801174040681296,12.681457869905149,12.701825141906738,105961932
2007-08-31,GOOGL,12.744049150571863,12.828496008633504,12.703565430177385,12.797450065612793,118984896
2007-09-04,GOOGL,12.791737910772552,13.114127339110594,12.781803208185865,13.043341636657715,147600252
2007-09-05,GOOGL,12.999874905902818,13.15088597603729,12.971311690572481,13.109159469604492,132383484
2007-09-06,GOOGL,13.14790613313871,13.15958054471607,12.871715527802625,13.002856254577637,144890964
2007-09-07,GOOGL,12.862276271387202,12.946226210031456,12.835948742231688,12.899284362792969,146397456
2007-09-10,GOOGL,12.947218790458482,12.966840204297263,12.688910875387059,12.778325080871582,128902968
2007-09-11,GOOGL,12.840667743412748,12.956409483558183,12.809371917436769,12.948461532592773,108035856
2007-09-12,GOOGL,12.928590938727824,13.113630440550475,12.890590893306102,12.981245994567871,119320560
2007-09-13,GOOGL,13.016267472000724,13.094504191046225,12.995403274196303,13.034150123596191,75568356
2007-09-14,GOOGL,12.994906557414843,13.170506380610734,12.970566728212315,13.1327543258667,110485404
2007-09-17,GOOGL,13.077613796791738,13.145916757718995,13.016514819063634,13.047064781188965,87812100
2007-09-18,GOOGL,13.077367611774209,13.343873379912125,13.021483965639487,13.294694900512695,168459372
2007-09-19,GOOGL,13.394042590993344,13.646887174040089,13.383859900825945,13.58230972290039,220854924
2007-09-20,GOOGL,13.586035956927233,13.82944181253349,13.561943170980065,13.73083782196045,220779000
2007-09-21,GOOGL,13.818017855659459,13.928544256883402,13.730839329669871,13.911406517028809,320147532
2007-09-24,GOOGL,13.933759118216562,14.1935587646434,13.908922363641551,14.108118057250977,211668120
2007-09-25,GOOGL,14.00827112206693,14.146366883478061,13.979956843551442,14.132457733154297,109114776
2007-09-26,GOOGL,14.167231768668083,14.201756186261598,14.003553374239676,14.11159610748291,133710156
2007-09-27,GOOGL,14.200264565792077,14.200512554723316,14.052482093225974,14.095202445983887,82169748
2007-09-28,GOOGL,14.082783823602234,14.14611944257611,14.01125226469509,14.089489936828613,105474420
2007-10-01,GOOGL,14.156550871284136,14.513711736419422,14.14761001812235,14.46900463104248,188263548
2007-10-02,GOOGL,14.489620919477533,14.823186891027865,14.405918967131509,14.5147066116333,282417300
2007-10-03,GOOGL,14.560904677748326,14.628957770509121,14.414612960901817,14.50551700592041,155024820
2007-10-04,GOOGL,14.532091620271682,14.532091620271682,14.332646997222835,14.381576538085938,119348532
2007-10-05,GOOGL,14.582262660071697,14.803067468526763,14.579779931108316,14.754633903503418,202545252
2007-10-08,GOOGL,14.778230576693922,15.157249509768308,14.752151982661797,15.141353607177734,200918880
2007-10-09,GOOGL,15.277707839836003,15.493048358910402,15.110800882634589,15.279446601867676,350361288
2007-10-10,GOOGL,15.43294335935198,15.540240223222701,15.31968434915391,15.533037185668945,215208576
2007-10-11,GOOGL,15.737946018500589,15.930930632662275,15.125952855692963,15.44883918762207,471488040
2007-10-12,GOOGL,15.498016193566299,15.856170894552582,15.355449060788064,15.831085205078125,272675052
2007-10-15,GOOGL,15.857911252645533,15.892434722817903,15.288638406053737,15.401896476745605,277474248
2007-10-16,GOOGL,15.361659059184563,15.54620068322541,15.200216373395598,15.299813270568848,240770988
2007-10-17,GOOGL,15.658713575550099,15.746885943161859,15.438653693385502,15.733970642089844,240978780
2007-10-18,GOOGL,15.781907515727065,15.929938931079578,15.61028118287778,15.886474609375,491076432
2007-10-19,GOOGL,16.257543296727214,16.355154392837903,15.976136429978924,16.012895584106445,630928440
2007-10-22,GOOGL,15.862874182583646,16.268468525957424,15.803513025913588,16.16290855407715,266309424
2007-10-23,GOOGL,16.42370533404113,16.829795737699314,16.392659390735965,16.784343719482422,271476252
2007-10-24,GOOGL,16.708339684199093,16.8265660292696,16.381728828552376,16.78558349609375,295871832
2007-10-25,GOOGL,16.856619580294883,16.863822617490243,16.480829273675283,16.604022979736328,231588180
2007-10-26,GOOGL,16.74112716297397,16.80346703768451,16.592846817821933,16.75528335571289,134021844
2007-10-29,GOOGL,16.834016138266218,16.88940474779802,16.69294073076293,16.87027931213379,122529348
2007-10-30,GOOGL,16.827560811964695,17.383917392464014,16.827560811964695,17.256254196166992,275747976
2007-10-31,GOOGL,17.403289507130008,17.560014724731445,17.28779670847502,17.560014724731445,274796928
2007-11-01,GOOGL,17.455446868869434,17.726918998626758,17.430360235463738,17.465879440307617,260826912
2007-11-02,GOOGL,17.64719354331581,17.723443514886785,17.320084780992865,17.665573120117188,233426340
2007-11-05,GOOGL,17.559764792977766,18.13698458177702,17.536913843632387,18.023229598999023,354992652
2007-11-06,GOOGL,18.31904257137844,18.424104690551758,18.007085749080918,18.424104690551758,337114548
2007-11-07,GOOGL,18.407713296389815,18.559469274071226,17.96089023849605,18.204296112060547,330609060
2007-11-08,GOOGL,18.245524636571044,18.25272767395164,16.81936298916486,17.233154296875,659827512
2007-11-09,GOOGL,16.784591701715353,16.936099691074688,16.422711478686406,16.491262435913086,455068476
2007-11-12,GOOGL,16.33652752080575,16.639293630821275,15.5534049251696,15.698951721191406,408682908
2007-11-13,GOOGL,16.019849653249686,16.4155094001295,15.698951949667583,16.40631866455078,337478184
2007-11-14,GOOGL,16.722499696631818,16.777390444634545,15.803269918661275,15.937639236450195,323464212
2007-11-15,GOOGL,15.860394216713741,16.082192878843887,15.498513982439126,15.63884449005127,278429292
2007-11-16,GOOGL,15.745395669984822,15.783894532020934,15.300311380411557,15.73769760131836,361350288
2007-11-19,GOOGL,15.637353936535034,15.81568637537062,15.361907327616596,15.544462203979492,220874904
2007-11-20,GOOGL,15.808481422398376,16.37030217611243,15.718819235978696,16.108020782470703,393230376
2007-11-21,GOOGL,15.989545914348364,16.640285889530297,15.947571422577504,16.40557289123535,280259460
2007-11-23,GOOGL,16.641031678596597,16.84668453877032,16.594087943310065,16.80744171142578,109438452
2007-11-26,GOOGL,16.894372674325297,17.222225397747227,16.516844550094333,16.541683197021484,271332396
2007-11-27,GOOGL,16.760253873991847,16.800738548387187,16.150746178096565,16.729703903198242,355823820
2007-11-28,GOOGL,16.941813754739208,17.244579866717054,16.694184483606865,17.193912506103516,316343340
2007-11-29,GOOGL,17.156406286291276,17.455448756945867,17.082390108686024,17.3116397857666,248071680
2007-11-30,GOOGL,17.659364672203004,17.660854498915267,16.94181339396122,17.212291717529297,315504180
2007-12-03,GOOGL,17.162865174145207,17.261964200724414,16.917719598413985,16.927406311035156,172830996
2007-12-04,GOOGL,16.84743227133455,17.1874535187942,16.81787426003358,16.99272918701172,169102728
2007-12-05,GOOGL,17.20558679105848,17.3595784625045,17.075686015425678,17.349145889282227,168215616
2007-12-06,GOOGL,17.331508455068526,17.797458815738562,17.311888934563836,17.765169143676758,196163640
2007-12-07,GOOGL,17.758467095692467,17.833227250055415,17.646945890038772,17.7554874420166,153929916
2007-12-10,GOOGL,17.78330436769596,18.00212150769526,17.733878840329908,17.843658447265625,154093752
2007-12-11,GOOGL,17.881411353638242,17.907489946806596,17.355850843653478,17.366283416748047,245318436
2007-12-12,GOOGL,17.733876390775784,17.74182339507402,17.1005240005776,17.37000846862793,246117636
2007-12-13,GOOGL,17.294503493179587,17.32704115826246,16.919459009049742,17.238372802734375,201430368
2007-12-14,GOOGL,17.07593166367842,17.378699624979898,17.069724368649084,17.136783599853516,146793060
2007-12-17,GOOGL,17.08810470187467,17.272398354433122,16.48381241618494,16.62190818786621,219220560
2007-12-18,GOOGL,16.74435292479128,16.807688534215917,16.20637601413134,16.72423553466797,286381332
2007-12-19,GOOGL,16.745597665397067,16.876988268422398,16.61619476005607,16.82408332824707,176667156
2007-12-20,GOOGL,17.034205993382002,17.162615037897265,16.90455511119128,17.13007926940918,176711112
2007-12-21,GOOGL,17.333497844355147,17.367773324182433,17.21825302711635,17.30394172668457,215064720
2007-12-24,GOOGL,17.261714498407176,17.404281616210938,17.213778810964083,17.404281616210938,65070864
2007-12-26,GOOGL,17.361064810143546,17.714500102362095,17.341691387359834,17.65538787841797,101098800
2007-12-27,GOOGL,17.561752675554043,17.7835494328495,17.404531478881836,17.404531478881836,117582300
2007-12-28,GOOGL,17.50859807225772,17.583608091281064,17.300213560747757,17.448989868164062,102405492
2007-12-31,GOOGL,17.3506363349521,17.447999449651526,17.152186485110445,17.17453956604004,94952952
2008-01-02,GOOGL,17.209059433500016,17.320828600839466,16.833023066685286,17.018308639526367,172103724
2008-01-03,GOOGL,17.020049827902326,17.05954064465329,16.802970544144774,17.021787643432617,129969900
2008-01-04,GOOGL,16.881705358957312,16.9132491739775,16.26847224141302,16.318145751953125,214177608
2008-01-07,GOOGL,16.24214277468832,16.449287358738054,15.830092132603605,16.125656127929688,255879864
2008-01-08,GOOGL,16.218795413773687,16.391664515801928,15.672373594492216,15.689263343811035,213350436
2008-01-09,GOOGL,15.648529500369893,16.22724003619452,15.461504209205971,16.22376251220703,269318412
2008-01-10,GOOGL,16.0203480322443,16.32311415626764,15.898644137477268,16.063068389892578,253114632
2008-01-11,GOOGL,15.962972959241027,16.13112082529288,15.650271198682592,15.852446556091309,198880920
2008-01-14,GOOGL,16.172597297517935,16.328078777020796,16.026304659303072,16.23916244506836,177722100
2008-01-15,GOOGL,16.042451435639162,16.12068910459726,15.781161965881601,15.837542533874512,222505272
2008-01-16,GOOGL,15.621954832339533,15.895662676926227,14.950351586828903,15.298571586608887,421977600
2008-01-17,GOOGL,15.4180415302689,15.541730275614706,14.852990201867124,14.922039031982422,328343328
2008-01-18,GOOGL,15.110056019054195,15.15054068419484,14.86391754653714,14.908624649047852,341242416
2008-01-22,GOOGL,13.959342111538277,14.840322833029008,13.93872684746334,14.513711929321289,379679940
2008-01-23,GOOGL,13.926556503853703,14.10762060259969,12.890590331965488,13.626272201538086,677949372
2008-01-24,GOOGL,13.879117466788516,14.397969959064595,13.763374781693457,14.268815994262695,375659964
2008-01-25,GOOGL,14.69899829287575,14.778229812779873,14.062417308776759,14.06788158416748,278361360
2008-01-28,GOOGL,14.181389123742457,14.212931993019765,13.625777453993384,13.809076309204102,232435332
2008-01-29,GOOGL,13.920596168291109,13.941955399139305,13.428816110875395,13.67346477508545,251068680
2008-01-30,GOOGL,13.640429463004088,13.919601580710722,13.499353104266625,13.617579460144043,317266416
2008-01-31,GOOGL,13.387586183151592,14.231807725570974,13.270353672847524,14.01572322845459,594257148
2008-02-01,GOOGL,13.130767924082965,13.329465744086598,12.667054174862107,12.813593864440918,703315980
2008-02-04,GOOGL,12.643955176268566,12.736102001915924,12.233642312936139,12.305173873901367,525757716
2008-02-05,GOOGL,12.156149926655663,12.642216765911261,12.13354791186276,12.58757495880127,447683868
2008-02-06,GOOGL,12.695369117809669,12.696114031171305,12.367267437042369,12.461152076721191,305150544
2008-02-07,GOOGL,12.340691512500399,12.771122694249762,12.288532434542223,12.541625022888184,316838844
2008-02-08,GOOGL,12.652399599493265,12.859046308322238,12.634764936783172,12.83321475982666,272882844
2008-02-11,GOOGL,12.928342761319644,13.007574279385503,12.751501094874401,12.944238662719727,232806960
2008-02-12,GOOGL,12.999625252381884,13.178702590501972,12.742310251457122,12.867986679077148,266225508
2008-02-13,GOOGL,12.977520923821734,13.287738982531055,12.882890431043561,13.278549194335938,264723012
2008-02-14,GOOGL,13.371193545424893,13.438006687733763,13.188638664369057,13.219685554504395,258808932
2008-02-15,GOOGL,13.121825903048375,13.22986862173196,13.022972972582602,13.15485954284668,209394396
2008-02-19,GOOGL,13.286495777861656,13.289476377310526,12.58012115763301,12.640973091125488,253761984
2008-02-20,GOOGL,12.5058596812372,12.692140073713666,12.389372083759055,12.642216682434082,266221512
2008-02-21,GOOGL,12.737838882155678,12.746780680901221,12.406260666621803,12.489713668823242,226884888
2008-02-22,GOOGL,12.469845317719555,12.642216557982463,12.357829094398957,12.612412452697754,220415364
2008-02-25,GOOGL,12.566461341624903,12.580121555218287,12.064498657763691,12.081884384155273,334577088
2008-02-26,GOOGL,11.454990742482364,11.58588251414983,11.098573868962287,11.529253959655762,930560508
2008-02-27,GOOGL,11.428415294915807,11.809916944405018,11.416245852685737,11.74459457397461,404471124
2008-02-28,GOOGL,11.685977240955843,11.899330061381796,11.607988511062821,11.807433128356934,263212524
2008-02-29,GOOGL,11.72000523839836,11.915474453476081,11.540678965717243,11.702866554260254,376638984
2008-03-03,GOOGL,11.711064977229043,11.741118019230058,11.179545159406942,11.351171493530273,301877820
2008-03-04,GOOGL,11.200407446658986,11.26026459003084,10.82362424453407,11.04269027709961,544323132
2008-03-05,GOOGL,11.058834187956673,11.280383896277362,11.027787299746773,11.119686126708984,297166536
2008-03-06,GOOGL,11.119437464795592,11.258776008519831,10.709372623762766,10.747125625610352,298505196
2008-03-07,GOOGL,10.65224800374015,10.928439545061174,10.586677642854415,10.76327133178711,322549128
2008-03-10,GOOGL,10.651005770581746,10.70490361617005,10.2588244762486,10.27323055267334,319184496
2008-03-11,GOOGL,10.562335101156037,10.932163233072558,10.547184114632111,10.924463272094727,352722924
2008-03-12,GOOGL,10.928686581541506,11.124156755887197,10.880502900555026,10.932909965515137,265809924
2008-03-13,GOOGL,10.74637960279821,11.101802601899385,10.64976236821149,11.00319766998291,308754936
2008-03-14,GOOGL,11.002455044607007,11.160421170340452,10.695464593415767,10.876777648925781,262713024
2008-03-17,GOOGL,10.630141405396312,10.772212563958224,10.235724465504328,10.428462982177734,315212472
2008-03-18,GOOGL,10.654731942623552,10.949303069248618,10.569043239373162,10.907576560974121,289198512
2008-03-19,GOOGL,10.956008277098176,11.114719303231052,10.721544203132595,10.729740142822266,246912840
2008-03-20,GOOGL,10.613502429976483,10.821638994831634,10.36959961027276,10.76823902130127,396139464
2008-03-24,GOOGL,10.889444108987718,11.568745438566385,10.871809445298167,11.439095497131348,270269460
2008-03-25,GOOGL,11.362100136695314,11.36234812564269,11.077463723424358,11.196186065673828,233030736
2008-03-26,GOOGL,11.241141284396367,11.496469571583212,11.15917809682303,11.380230903625488,208818972
2008-03-27,GOOGL,11.077462366658507,11.142286858867417,10.940608452331443,11.02977466583252,233054712
2008-03-28,GOOGL,11.113724891632897,11.265481808117404,10.787114013949793,10.88075065612793,174872952
2008-03-31,GOOGL,10.820148885405288,10.995251801993941,10.729988810502396,10.940113067626953,177678144
2008-04-01,GOOGL,11.12068183176387,11.586630382047126,11.099072716915295,11.567008018493652,243480276
2008-04-02,GOOGL,11.67107535997456,11.8161252184301,11.434871587403046,11.566758155822754,239720040
2008-04-03,GOOGL,11.468154215198203,11.506901065230391,11.130365847709015,11.30397891998291,270864864
2008-04-04,GOOGL,11.350923205035324,11.868036933835103,11.330803919220216,11.700632095336914,235652112
2008-04-07,GOOGL,11.84816519938408,12.057046636759814,11.761233728210952,11.842948913574219,237502260
2008-04-08,GOOGL,11.749067168892008,11.776387602667725,11.475111292040525,11.61916732788086,181698120
2008-04-09,GOOGL,11.651950738597252,11.723234302605789,11.36408576484372,11.529253959655762,241682076
2008-04-10,GOOGL,11.548378699218976,11.76943052190724,11.471133940492384,11.650708198547363,202693104
2008-04-11,GOOGL,11.52627402959855,11.605505548535831,11.301247732086372,11.36185073852539,166621212
2008-04-14,GOOGL,11.354647359604847,11.361850396841195,11.180537360851309,11.218042373657227,153550296
2008-04-15,GOOGL,11.378740651129588,11.418232416692653,11.020833925131203,11.098326683044434,182920896
2008-04-16,GOOGL,11.037723327509923,11.382464858747397,10.953275523646106,11.30174446105957,304922772
2008-04-17,GOOGL,11.316648133915038,11.409539879595222,11.090379970186293,11.165389060974121,533585880
2008-04-18,GOOGL,13.293204755822693,13.603422827405357,13.033902031557531,13.397521018981934,728694576
2008-04-21,GOOGL,13.397024300694941,13.47650381028795,13.171005096024167,13.357284545898438,297290412
2008-04-22,GOOGL,13.351820827187028,13.929537554833061,13.351570945206321,13.784735679626465,317222460
2008-04-23,GOOGL,13.857757451908977,13.891784942282637,13.435770191664224,13.573369979858398,196663140
2008-04-24,GOOGL,13.692588384868516,13.772067889385175,13.412671357004747,13.487680435180664,165238596
2008-04-25,GOOGL,13.636207558337114,13.735060492844351,13.479981152247156,13.513014793395996,166409424
2008-04-28,GOOGL,13.558218868459834,13.829691036071575,13.387337451312757,13.713204383850098,160183656
2008-04-29,GOOGL,13.6811641685378,13.993368983175051,13.66079689430706,13.87092113494873,173666160
2008-04-30,GOOGL,13.963811983849949,14.526378665750828,13.870921197773926,14.263848304748535,315803880
2008-05-01,GOOGL,14.363694602612167,14.776491126314228,14.330412972216765,14.730542182922363,263847888
2008-05-02,GOOGL,14.864913388268786,14.963269405588322,14.388284291145318,14.437710762023926,279672048
2008-05-05,GOOGL,14.874102357416458,14.877579881765744,14.582759835020228,14.77574634552002,250988760
2008-05-06,GOOGL,14.678880631413685,14.703717385896473,14.48018186293811,14.563634872436523,184986828
2008-05-07,GOOGL,14.66074971578911,14.889749524540523,14.317000120669453,14.380831718444824,264255480
2008-05-08,GOOGL,14.559660207806907,14.636655087078518,14.378595170862253,14.480428695678711,204711084
2008-05-09,GOOGL,14.380831417413676,14.529856680638702,14.189584617038033,14.236775398254395,179216604
2008-05-12,GOOGL,14.2752725564116,14.57332022745149,14.130222696149005,14.528365135192871,194361444
2008-05-13,GOOGL,14.56040324937673,14.603123596788809,14.369652458991183,14.480179786682129,206333460
2008-05-14,GOOGL,14.566863840376122,14.683600375574382,14.287692654978043,14.31377124786377,174856968
2008-05-15,GOOGL,14.380831310509478,14.47893933200086,14.29663433273074,14.43050765991211,173534292
2008-05-16,GOOGL,14.441186315189658,14.521908608163406,14.363942493032818,14.407407760620117,170793036
2008-05-19,GOOGL,14.36965400165828,14.62622504909789,14.244722480847726,14.344071388244629,223955820
2008-05-20,GOOGL,14.272291394760682,14.46726558340748,14.229571044110724,14.370895385742188,132411456
2008-05-21,GOOGL,14.368908710478163,14.440689198113828,13.608141173461885,13.660299301147461,258465276
2008-05-22,GOOGL,13.708981524054732,13.765113156355287,13.418383928277324,13.647135734558105,202848948
2008-05-23,GOOGL,13.585044423331802,13.73506165338869,13.357782418251963,13.526925086975098,177082740
2008-05-27,GOOGL,13.53536861157857,13.973498803982952,13.507799246221023,13.931276321411133,154465380
2008-05-28,GOOGL,14.106130624245672,14.194302991769698,13.936243066465897,14.113580703735352,161853984
2008-05-29,GOOGL,14.276264761090149,14.55171133307671,14.236773001993367,14.480179786682129,193606200
2008-05-30,GOOGL,14.49185419872295,14.652055995742643,14.43795730634352,14.549726486206055,128878992
2008-06-02,GOOGL,14.467763094922956,14.502287510111932,14.188839895012947,14.281482696533203,146821032
2008-06-03,GOOGL,14.318738589801644,14.418088449823683,13.924072707212257,14.090235710144043,172039788
2008-06-04,GOOGL,14.041305366612418,14.355994818667329,14.02193288672645,14.212435722351074,134393472
2008-06-05,GOOGL,14.333144470551092,14.605363460973964,14.311537249686719,14.562145233154297,156511332
2008-06-06,GOOGL,14.399458922939187,14.423551709529857,14.082782745361328,14.082782745361328,189190620
2008-06-09,GOOGL,14.109111594199357,14.157295275618974,13.546296928738245,13.85601806640625,211320468
2008-06-10,GOOGL,13.649622097069903,13.879614823863953,13.580573261454722,13.764122009277344,146149704
2008-06-11,GOOGL,13.815534175098309,13.842854606059499,13.522949813382391,13.541330337524414,152363484
2008-06-12,GOOGL,13.629749791436527,13.859247453936256,13.58305593714708,13.733819007873535,219444336
2008-06-13,GOOGL,13.945928341060242,14.298867680692393,13.942203774707924,14.194798469543457,247128624
2008-06-16,GOOGL,14.070364657274302,14.383315328266375,14.070364657274302,14.227088928222656,141570288
2008-06-17,GOOGL,14.315013113006977,14.357733467738257,14.117060198852773,14.14388370513916,138377484
2008-06-18,GOOGL,14.020938742985702,14.132210054977296,13.888059264970053,13.968035697937012,135112752
2008-06-19,GOOGL,13.793428784216754,14.002808117679631,13.68066669888825,13.91388988494873,227096676
2008-06-20,GOOGL,13.833912810716745,13.833912810716745,13.524190730242552,13.571878433227539,239084676
2008-06-23,GOOGL,13.545301898276943,13.738785306482741,13.462344875412725,13.541576385498047,145290564
2008-06-24,GOOGL,13.539839882457635,13.69010604236604,13.29047279444314,13.469301223754883,186717096
2008-06-25,GOOGL,13.535617422476195,13.854280384348964,13.503328693202564,13.685386657714844,164723112
2008-06-26,GOOGL,13.514006792049022,13.534622054401845,13.12058372445429,13.134492874145508,226153620
2008-06-27,GOOGL,13.106178994057315,13.163801403156535,12.793476288743253,13.115865707397461,217682100
2008-06-30,GOOGL,13.225148647060786,13.362498539582475,12.991429503920923,13.074882507324219,150461388
2008-07-01,GOOGL,12.90499614257004,13.330706988597994,12.84091466922122,13.281281471252441,198197604
2008-07-02,GOOGL,13.32549334440319,13.421613673610251,13.06594356199647,13.090283393859863,168751080
2008-07-03,GOOGL,13.185656841934762,13.39304845865187,13.101706914448942,13.337661743164062,95923980
2008-07-07,GOOGL,13.469300092447813,13.635711076303705,13.302890055114554,13.50928783416748,170037792
2008-07-08,GOOGL,13.560949811700256,13.789454570455561,13.412174439474349,13.77306079864502,197098704
2008-07-09,GOOGL,13.679423947341386,13.801623802056334,13.430305822713247,13.450672149658203,165993840
2008-07-10,GOOGL,13.536361934826074,13.648129218575152,13.181683819070892,13.426331520080566,173094732
2008-07-11,GOOGL,13.325243652101182,13.39975580450329,12.901269675307264,13.258182525634766,199056744
2008-07-14,GOOGL,13.387337664504727,13.413665193051045,12.802417879022705,12.95566463470459,176815008
2008-07-15,GOOGL,12.823032960684369,13.101708166303927,12.446001744462453,12.818313598632812,242597160
2008-07-16,GOOGL,12.767397461350964,13.325244803849703,12.681956751582524,13.30289077758789,189498312
2008-07-17,GOOGL,13.267123526994947,13.338904015968328,13.027195188647347,13.24924087524414,351144504
2008-07-18,GOOGL,12.37769874828168,12.39334666109078,11.87697784318522,11.954718589782715,451244304
2008-07-21,GOOGL,11.943789378126725,12.023516871400611,11.566758183589412,11.643754959106445,235823940
2008-07-22,GOOGL,11.592093037313697,11.92814170212511,11.564275683503107,11.850152969360352,187472340
2008-07-23,GOOGL,11.96192027454586,12.349879996839146,11.874740813724928,12.150932312011719,195568236
2008-07-24,GOOGL,12.336716511934162,12.340938949352267,11.81314468383789,11.81314468383789,141494364
2008-07-25,GOOGL,12.083126394164745,12.248047540939922,11.959188728322188,12.219484329223633,127212660
2008-07-28,GOOGL,12.222216793263435,12.222216793263435,11.800974466306647,11.850401878356934,126273600
2008-07-29,GOOGL,11.904546487647496,12.102252345247848,11.872257761703294,11.999176979064941,111999888
2008-07-30,GOOGL,12.058539415436874,12.071455664393634,11.743353030774157,11.988995552062988,139488372
2008-07-31,GOOGL,11.78681812933559,11.944037430288807,11.709325375555737,11.76669979095459,114489396
2008-08-01,GOOGL,11.735902757846496,11.753536475720928,11.48727964061208,11.620408058166504,120195684
2008-08-04,GOOGL,11.626865852909548,11.74831985605646,11.47237726199626,11.499698638916016,99380520
2008-08-05,GOOGL,11.613701366387811,11.923920379303128,11.582406487963608,11.918207168579102,143236620
2008-08-06,GOOGL,11.881447182972817,12.164593735186596,11.73590135157603,12.079401969909668,134896968
2008-08-07,GOOGL,11.971608424523849,12.021282881208421,11.832766798921574,11.900076866149902,110841048
2008-08-08,GOOGL,11.925659322030956,12.313121214829666,11.81488398836587,12.294742584228516,149422428
2008-08-11,GOOGL,12.231655168420549,12.639236354097319,12.214517428735908,12.439544677734375,169402428
2008-08-12,GOOGL,12.468355214933311,12.570933658613187,12.36900535994991,12.483506202697754,110117772
2008-08-13,GOOGL,12.458420797470716,12.50660447965498,12.266675184906259,12.419425010681152,144874980
2008-08-14,GOOGL,12.361555956677423,12.607694466732937,12.326535561232234,12.555039405822754,116627256
2008-08-15,GOOGL,12.592293574470949,12.683446548431379,12.555286430603106,12.670780181884766,141686172
2008-08-18,GOOGL,12.663079401517678,12.667053850007598,12.307160392999409,12.376456260681152,133222644
2008-08-19,GOOGL,12.18098714416462,12.37596040946154,12.086605579246992,12.18272590637207,121738140
2008-08-20,GOOGL,12.287537853351974,12.336468339584554,11.98576467582746,12.046119689941406,159124716
2008-08-21,GOOGL,11.994456656049733,12.167821724204975,11.903800620355408,12.084118843078613,140423436
2008-08-22,GOOGL,12.207562378669573,12.291512308406773,12.157391001270566,12.18496036529541,91796112
2008-08-25,GOOGL,12.073687514919188,12.344165780969862,11.959187636119202,11.99669075012207,80491428
2008-08-26,GOOGL,12.007869627905546,12.007869627905546,11.688212881062839,11.776881217956543,132195672
2008-08-27,GOOGL,11.766202515237081,11.793523889973722,11.545398670539733,11.638289451599121,175308516
2008-08-28,GOOGL,11.735404817438637,11.833760830033327,11.681755911201044,11.767444610595703,121066812
2008-08-29,GOOGL,11.667349619133477,11.69864449581116,11.483056936572053,11.506900787353516,153774072
2008-09-02,GOOGL,11.841709249402404,11.976080455778755,11.460455572732037,11.555583000183105,244215540
2008-09-03,GOOGL,11.642017281286419,11.780112104744004,11.414755286167855,11.534719467163086,172411416
2008-09-04,GOOGL,11.425185531151026,11.505658882010978,11.16190932537537,11.183269500732422,193746060
2008-09-05,GOOGL,11.064794525242647,11.237910657997384,10.93042429260828,11.033995628356934,181190628
2008-09-08,GOOGL,11.226984255044894,11.249834258092708,10.37083938296843,10.430449485778809,360355284
2008-09-09,GOOGL,10.510426066859285,10.739177875637965,10.307503914768738,10.398409843444824,288894816
2008-09-10,GOOGL,10.542713340077317,10.542963222045781,10.175368862506764,10.286640167236328,248822928
2008-09-11,GOOGL,10.142336129600475,10.806486431270178,10.093406590107044,10.773204803466797,258597144
2008-09-12,GOOGL,10.68528080923001,10.977865154479895,10.655227768950407,10.870318412780762,240878880
2008-09-15,GOOGL,10.531041380069993,10.9773684602477,10.523837396121024,10.7759370803833,262433304
2008-09-16,GOOGL,10.579723665453471,11.158930262077233,10.568049254183643,11.001213073730469,279348372
2008-09-17,GOOGL,10.890685288779899,10.907077167225806,10.268757467845713,10.294837951660156,364710924
2008-09-18,GOOGL,10.497263008104392,10.908071832673372,10.19573685193993,10.90558910369873,343232424
2008-09-19,GOOGL,11.450023791360131,11.476598360983896,11.009904961879212,11.15570068359375,399839760
2008-09-22,GOOGL,11.279391514936364,11.279391514936364,10.655227972851517,10.683542251586914,176115708
2008-09-23,GOOGL,10.760787801645295,10.948062071866264,10.573763413445697,10.661934852600098,207959832
2008-09-24,GOOGL,10.688510550252335,11.052626490079412,10.68279828551609,10.806985855102539,169510320
2008-09-25,GOOGL,10.899627260712206,11.176811676905595,10.828591684721843,10.918503761291504,200611188
2008-09-26,GOOGL,10.630390371530728,10.857901291904561,10.457274215669381,10.705896377563477,211488300
2008-09-29,GOOGL,10.419521359558049,10.518870272922985,9.455831599391175,9.463035583496094,430085484
2008-09-30,GOOGL,9.835097676494641,10.557866188520125,9.744193637365816,9.947859764099121,123328548
2008-10-01,GOOGL,10.211880839352716,10.356682719003222,10.011941173835277,10.226037979125977,249142608
2008-10-02,GOOGL,10.178100662920112,10.182820024266936,9.587220720719245,9.698740005493164,239156604
2008-10-03,GOOGL,9.869125953149998,10.245411309746355,9.51444781616496,9.609823226928711,319396284
2008-10-06,GOOGL,9.288675226288388,9.338597664309592,8.8709104684145,9.219876289367676,448375176
2008-10-07,GOOGL,9.272532418356244,9.313514009294481,8.578079165847202,8.593975067138672,441733824
2008-10-08,GOOGL,8.200303453047844,8.91636490637883,8.099711754036386,8.397760391235352,472582944
2008-10-09,GOOGL,8.556968753634413,8.657559510897816,7.989434667551475,8.170995712280273,322677000
2008-10-10,GOOGL,7.778067906134377,8.491645657037937,7.7070328006173074,8.246003150939941,423488088
2008-10-13,GOOGL,8.83688521286892,9.486629486896279,8.58751718937073,9.463531494140625,355863780
2008-10-14,GOOGL,9.774246455100133,9.798338296571139,8.866938221144945,9.008759498596191,311080608
2008-10-15,GOOGL,8.808568758958193,8.916611467291599,8.415641696640991,8.424086570739746,268587144
2008-10-16,GOOGL,8.264879943484841,8.854519092121263,7.685673367925795,8.768085479736328,648938412
2008-10-17,GOOGL,9.412365590799602,9.587221444024745,9.02962213851961,9.252909660339355,569398032
2008-10-20,GOOGL,9.431987171358529,9.462537135461746,8.931266293300297,9.421306610107422,269865864
2008-10-21,GOOGL,9.249184651639046,9.53208228942872,8.991124714851573,9.009753227233887,231048720
2008-10-22,GOOGL,8.866689917370733,9.182124264448852,8.544052533044178,8.833904266357422,262137600
2008-10-23,GOOGL,8.783732693197651,8.89177542160767,8.394780006748842,8.750699996948242,258896844
2008-10-24,GOOGL,8.10865465482347,8.704752010154339,8.0656863048981,8.427069664001465,294065640
2008-10-27,GOOGL,8.31579697137907,8.51921510375366,8.087044213363454,8.183661460876465,247779972
2008-10-28,GOOGL,8.421107593155885,9.172686388337514,8.159322124810187,9.158777236938477,323891784
2008-10-29,GOOGL,9.085259540228833,9.214661509890473,8.75194154108942,8.891776084899902,389873736
2008-10-30,GOOGL,9.15157435427905,9.239497788841511,8.900964501379761,8.93375015258789,319236444
2008-10-31,GOOGL,8.84607476886642,9.238504004725092,8.799131978201633,8.925554275512695,296635068
2008-11-03,GOOGL,8.881343579157722,9.01571383363836,8.48022051337018,8.605897903442383,237941820
2008-11-04,GOOGL,8.778516342795186,9.248439260865151,8.581307411186023,9.113821029663086,293702004
2008-11-05,GOOGL,8.994850264247003,9.16200521935359,8.4772396154052,8.500338554382324,277582140
2008-11-06,GOOGL,8.44395747955778,8.554482923857655,8.092259969173126,8.226630210876465,342649008
2008-11-07,GOOGL,8.273822196469068,8.473265896221848,8.080338750414905,8.224644660949707,187064748
2008-11-10,GOOGL,8.146653816670176,8.182419119875464,7.68641713779736,7.9176530838012695,322880796
2008-11-11,GOOGL,7.667045188371175,7.856056773938961,7.4641244521431505,7.735844135284424,405458136
2008-11-12,GOOGL,7.502124364830331,7.761426122825472,7.147198268611795,7.227671146392822,401641956
2008-11-13,GOOGL,7.246796730194005,7.774093593746295,6.954460854385612,7.751243591308594,528858612
2008-11-14,GOOGL,7.5319301516958195,8.071894369178784,7.514792411910841,7.70007848739624,380303316
2008-11-17,GOOGL,7.525720377217151,7.703555885526628,7.400290986483883,7.454188823699951,301450248
2008-11-18,GOOGL,7.490202288194015,7.543851187805287,7.087340509802201,7.38712739944458,333510156
2008-11-19,GOOGL,7.336707564740101,7.455926823549514,6.919191223453489,6.958931922912598,313070616
2008-11-20,GOOGL,6.827542182454498,7.027483742478855,6.433869671037276,6.446784973144531,390784824
2008-11-21,GOOGL,6.520055064655218,6.690440027886488,6.142279888403136,6.518068313598633,409370220
2008-11-24,GOOGL,6.687706983841207,6.704845668477553,6.184750432713528,6.394129276275635,401785812
2008-11-25,GOOGL,6.673302131134591,7.11987813572107,6.6395235778793875,7.005377292633057,430417152
2008-11-26,GOOGL,6.961415268827613,7.3384469516489315,6.860079133377357,7.254745006561279,254009736
2008-11-28,GOOGL,7.217240174952832,7.363035893509168,7.1601137488120115,7.276352405548096,102517380
2008-12-01,GOOGL,7.120373290616633,7.1377599628791,6.606240238942678,6.606488227844238,228219552
2008-12-02,GOOGL,6.699381519457581,6.899321657579984,6.521794460949253,6.833006858825684,233354412
2008-12-03,GOOGL,6.702361738794244,6.988239494381054,6.590345045312983,6.940303802490234,235955808
2008-12-04,GOOGL,6.86827521591264,7.041143384982572,6.675537642812177,6.8138813972473145,195268536
2008-12-05,GOOGL,6.7314207649181474,7.0597708757463655,6.557559707075011,7.053561687469482,260587152
2008-12-08,GOOGL,7.2025866138874255,7.685673335058492,7.004135828207156,7.503614902496338,325446228
2008-12-09,GOOGL,7.39383396565874,7.898280837223387,7.376944689036252,7.5994873046875,275320404
2008-12-10,GOOGL,7.680706357939213,7.821285333725823,7.563224903094909,7.670274257659912,209270520
2008-12-11,GOOGL,7.554780692389384,7.77111413362857,7.396566110973127,7.456672668457031,246920832
2008-12-12,GOOGL,7.344655921661945,7.8602803093769404,7.302184028782552,7.842645645141602,228655116
2008-12-15,GOOGL,7.799179321822338,7.910450627902474,7.578126536264853,7.716223239898682,269246484
2008-12-16,GOOGL,7.811846599847199,8.183909968766615,7.731125258181002,8.079095840454102,282101616
2008-12-17,GOOGL,7.914176888272252,8.000858486227393,7.759687827305838,7.8297295570373535,231356412
2008-12-18,GOOGL,7.865991757772135,7.956648277275207,7.677476154671142,7.706536293029785,190349460
2008-12-19,GOOGL,7.724171768196346,7.893065490929803,7.6747448265798575,7.7038044929504395,224279496
2008-12-22,GOOGL,7.663816810351363,7.687163265951726,7.218482613692336,7.379428386688232,156547296
2008-12-23,GOOGL,7.461888086833892,7.53341964273031,7.368499430005128,7.4020304679870605,150956892
2008-12-24,GOOGL,7.487968213371695,7.608676828432893,7.41097190780019,7.524477958679199,76783140
2008-12-26,GOOGL,7.5522956408223685,7.58185270336022,7.409233002854745,7.460150241851807,78285636
2008-12-29,GOOGL,7.456671725936971,7.485482926629763,7.242077074014462,7.38712739944458,147927924
2008-12-30,GOOGL,7.471078448623045,7.6203507509722925,7.419167833212781,7.528451919555664,153586260
2008-12-31,GOOGL,7.555526143614199,7.7244198687888215,7.5160343768437,7.641214370727539,115356528
2009-01-02,GOOGL,7.66481020740472,7.993159878683251,7.587813898559664,7.980741500854492,144275580
2009-01-05,GOOGL,7.972793846665052,8.227128291815328,7.823769521079128,8.147896766662598,195364440
2009-01-06,GOOGL,8.270343330961094,8.464571636690941,8.106664984762519,8.297167778015137,256750992
2009-01-07,GOOGL,8.15460186636307,8.218930383045448,7.916908740241943,7.997877597808838,179600220
2009-01-08,GOOGL,7.905235988821017,8.076862335205078,7.881888585165207,8.076862335205078,143883972
2009-01-09,GOOGL,8.134235387039448,8.134235387039448,7.784028650614405,7.825507164001465,173446380
2009-01-12,GOOGL,7.856306706370332,7.921877068821473,7.705295629697039,7.766395092010498,132039828
2009-01-13,GOOGL,7.743543430976049,7.962856974485389,7.709268428199718,7.806879043579102,177122700
2009-01-14,GOOGL,7.699582169410674,7.793963728531242,7.395323884646569,7.4753007888793945,218497284
2009-01-15,GOOGL,7.390854283414136,7.540126117667198,7.123107150445294,7.426122665405273,237142620
2009-01-16,GOOGL,7.575891226395883,7.656116116277497,7.344407291267165,7.443011283874512,208767024
2009-01-20,GOOGL,7.429848460497986,7.438789786868536,7.022764205932617,7.022764205932617,201726072
2009-01-21,GOOGL,7.1618533781899005,7.538139206684358,7.1618533781899005,7.527708053588867,196783020
2009-01-22,GOOGL,7.4025266249588055,7.683437042302543,7.330747078392519,7.6126508712768555,330349320
2009-01-23,GOOGL,7.681449741261773,8.245009771004097,7.556021298824616,8.064690589904785,428882688
2009-01-26,GOOGL,8.068416743013204,8.146654414352644,7.96186479234874,8.044075965881348,184243572
2009-01-27,GOOGL,8.108156958264653,8.292450612858003,8.054012072039482,8.233088493347168,196894908
2009-01-28,GOOGL,8.394530865546836,8.750946784726795,8.353052352800146,8.660041809082031,307348344
2009-01-29,GOOGL,8.557463580155842,8.570130892229598,8.447434112971663,8.527162551879883,291060648
2009-01-30,GOOGL,8.561191413185451,8.663272946400918,8.345353935024418,8.40819263458252,186693120
2009-02-02,GOOGL,8.302880102996719,8.56888794289997,8.24600167376688,8.458858489990234,208067724
2009-02-03,GOOGL,8.508534265547324,8.519214826947781,8.29145592513034,8.455879211425781,261997740
2009-02-04,GOOGL,8.446441238109106,8.803355078070286,8.424088157602041,8.51921558380127,272423304
2009-02-05,GOOGL,8.467305867759485,8.826701508512146,8.37019073892784,8.785472869873047,290285424
2009-02-06,GOOGL,8.853524499635133,9.284453527163581,8.828190821993882,9.221614837646484,281242476
2009-02-09,GOOGL,9.221614741587226,9.463034795832282,9.122762760856453,9.407647132873535,198892908
2009-02-10,GOOGL,9.338351519053099,9.3761045243056,8.889043809021361,8.90444278717041,283863852
2009-02-11,GOOGL,8.915370874743932,9.065637028033123,8.767588396945625,8.892768859863281,209054736
2009-02-12,GOOGL,8.77156178962153,9.031360461740068,8.729835289180057,9.017202377319336,221789988
2009-02-13,GOOGL,8.995843417776273,9.015712819904277,8.82297526525874,8.88382625579834,165702132
2009-02-17,GOOGL,8.606393238450435,8.620799312755029,8.437002603521108,8.510769844055176,226988784
2009-02-18,GOOGL,8.624525167544979,8.777026058852881,8.457618201361637,8.770320892333984,240739020
2009-02-19,GOOGL,8.878612316518947,8.936482716561075,8.479723972754575,8.510274887084961,199348452
2009-02-20,GOOGL,8.396269762923056,8.66625208350604,8.32051482656208,8.604903221130371,248435316
2009-02-23,GOOGL,8.618564130822614,8.688107983851264,8.185151444504935,8.197818756103516,208635156
2009-02-24,GOOGL,8.221663042776346,8.683638018794692,8.21843445410737,8.580065727233887,243592164
2009-02-25,GOOGL,8.498102805647948,8.750201541920934,8.417877438679817,8.48543643951416,257306436
2009-02-26,GOOGL,8.592732669360224,8.754920260443969,8.374163567587393,8.37466049194336,223999776
2009-02-27,GOOGL,8.269600627482246,8.539583016337474,8.223899665187526,8.394781112670898,216583200
2009-03-02,GOOGL,8.279038310834466,8.462089179426783,8.09698034457653,8.125791549682617,231308460
2009-03-03,GOOGL,8.198067458382175,8.287979538489642,8.00632373836438,8.084064483642578,260731008
2009-03-04,GOOGL,8.026441729392902,8.171492551099762,7.833207221783574,7.921131610870361,312423264
2009-03-05,GOOGL,7.860528393814034,7.925105378377619,7.516779744350753,7.591291904449463,260934804
2009-03-06,GOOGL,7.630533842497053,7.704301558431854,7.308393850771741,7.664064407348633,289078632
2009-03-09,GOOGL,7.450711505815223,7.614389879915069,7.18917357571673,7.224940299987793,258593148
2009-03-10,GOOGL,7.407743040338137,7.711999898420249,7.3083936593626,7.654129505157471,268938792
2009-03-11,GOOGL,7.702065334677918,7.947955352777579,7.593029239213376,7.896045684814453,236707056
2009-03-12,GOOGL,7.886855324185023,8.072142345912841,7.790238547714489,8.03563117980957,200763036
2009-03-13,GOOGL,8.099463857259288,8.133243359448631,7.923864019059637,8.057737350463867,156099744
2009-03-16,GOOGL,8.096731930395432,8.189623665360894,7.912935211551653,7.940255641937256,197674128
2009-03-17,GOOGL,7.9524261662464495,8.328960418701172,7.925352781038101,8.328960418701172,188311500
2009-03-18,GOOGL,8.315796381903866,8.444702347937158,8.147895577898053,8.273324966430664,200287512
2009-03-19,GOOGL,8.238054853454067,8.345352657174015,8.131254920629996,8.194838523864746,164283552
2009-03-20,GOOGL,8.203779647827448,8.270591834205694,8.10542365135327,8.200302124023438,189326484
2009-03-23,GOOGL,8.284750513839894,8.679416410765178,8.271586275933416,8.658305168151855,170689140
2009-03-24,GOOGL,8.606144754978768,8.788450680607216,8.54405192803074,8.622785568237305,152647200
2009-03-25,GOOGL,8.70301284515567,8.726358829424878,8.3515642058255,8.545791625976562,173278548
2009-03-26,GOOGL,8.770817268702073,8.920587448942406,8.655820439501161,8.774791717529297,239891868
2009-03-27,GOOGL,8.6930755668962,8.74275096591759,8.580562425596842,8.635950088500977,132779088
2009-03-30,GOOGL,8.508037139621871,8.539332963246414,8.346595403447395,8.511514663696289,123640236
2009-03-31,GOOGL,8.666499895754729,8.780254872654028,8.598196933222841,8.644890785217285,146065788
2009-04-01,GOOGL,8.538587385943947,8.823223782027698,8.459853739474369,8.794660568237305,131915952
2009-04-02,GOOGL,9.0236612458661,9.183862095060663,8.949398026365259,9.003543853759766,179340480
2009-04-03,GOOGL,9.05321695155651,9.232542263739505,8.89177334233388,9.184357643127441,151440408
2009-04-06,GOOGL,9.115311625819713,9.185353358099396,8.976222010081187,9.146109580993652,131080788
2009-04-07,GOOGL,9.006025994876229,9.03458920659981,8.824961905554872,8.907918930053711,147056796
2009-04-08,GOOGL,9.028381186677642,9.065637266543762,8.847316127406048,8.991125106811523,110497392
2009-04-09,GOOGL,9.177405677923348,9.297866784223276,9.096683381266896,9.251917839050293,135168696
2009-04-13,GOOGL,9.222858570288663,9.415844138447818,9.197275008047571,9.391254425048828,121881996
2009-04-14,GOOGL,9.362194882979294,9.363436720724348,9.08053907813348,9.162751197814941,137006856
2009-04-15,GOOGL,9.117795083331313,9.464523336526678,9.044772760438319,9.425777435302734,197030772
2009-04-16,GOOGL,9.475453072274242,9.758598707569803,9.463531619067757,9.655275344848633,406996596
2009-04-17,GOOGL,9.587717984584044,9.930473716535273,9.557664943624852,9.742206573486328,428802768
2009-04-20,GOOGL,9.590946248688336,9.702714480096688,9.336115854765353,9.42081069946289,176978844
2009-04-21,GOOGL,9.343070909302464,9.544998281128471,9.341332147058658,9.474708557128906,147668184
2009-04-22,GOOGL,9.481661994776891,9.686570898816043,9.413607962222772,9.534069061279297,139931928
2009-04-23,GOOGL,9.624725424892707,9.680362028532295,9.465766404558707,9.55468463897705,104255640
2009-04-24,GOOGL,9.5884627590877,9.765553360010175,9.450615933579163,9.673903465270996,135280584
2009-04-27,GOOGL,9.545990768183529,9.673902884321105,9.50649900620802,9.585978507995605,91532376
2009-04-28,GOOGL,9.531335957941556,9.662974536259958,9.476446165344251,9.530343055725098,117626256
2009-04-29,GOOGL,9.586474719117959,9.810011156210328,9.582997195385172,9.7230806350708,144255600
2009-04-30,GOOGL,9.829634017759124,10.028084797813872,9.805790165480186,9.83484935760498,174053772
2009-05-01,GOOGL,9.811503707720542,9.87508731594585,9.725069148712583,9.778221130371094,97010892
2009-05-04,GOOGL,9.889492728286603,9.994554856846328,9.805542788933211,9.984123229980469,127991880
2009-05-05,GOOGL,9.934447584165753,10.059130167230888,9.866640597856035,10.009207725524902,95935968
2009-05-06,GOOGL,10.10358971443934,10.140597803325102,9.959781689459653,10.021129608154297,105210684
2009-05-07,GOOGL,10.03677565942726,10.058880745173084,9.748661791980865,9.850743293762207,119872008
2009-05-08,GOOGL,10.0057292857296,10.186545375279854,9.810756058886101,10.117000579833984,154449396
2009-05-11,GOOGL,10.004489250282944,10.232993078466617,9.964749495230249,10.133147239685059,102269628
2009-05-12,GOOGL,10.18356646581479,10.207906294127433,9.81348938579741,9.910354614257812,151480368
2009-05-13,GOOGL,9.788155218720078,9.845281645571674,9.645588087042952,9.675145149230957,113598288
2009-05-14,GOOGL,9.656766114786981,9.74146191105583,9.554684589862147,9.62447738647461,117362520
2009-05-15,GOOGL,9.713891551830182,9.78865264565208,9.663969106157605,9.68657112121582,120227652
2009-05-18,GOOGL,9.804050647774131,9.86813117330819,9.57231825587629,9.856457710266113,133933932
2009-05-19,GOOGL,9.83807760121466,9.975677381278228,9.761082718297008,9.907126426696777,113386500
2009-05-20,GOOGL,9.986853404391782,10.075771628219972,9.810756665229968,9.864901542663574,91268640
2009-05-21,GOOGL,9.843045580293706,10.005483070925129,9.78194659443729,9.848013877868652,108683208
2009-05-22,GOOGL,9.851986093315745,9.901412554961817,9.736244367956326,9.773500442504883,68675256
2009-05-26,GOOGL,9.735004454593803,10.059130726630867,9.686570890250557,10.043234825134277,124055820
2009-05-27,GOOGL,10.075025805764849,10.229514381613198,10.05441054398466,10.073039054870605,121250628
2009-05-28,GOOGL,10.150533161341935,10.223555495058166,10.049444536349798,10.193253517150879,106645248
2009-05-29,GOOGL,10.235724932357039,10.362892150878906,10.200704538778302,10.362892150878906,105822072
2009-06-01,GOOGL,10.400148196542087,10.670129574961594,10.395180845852495,10.594624519348145,132763104
2009-06-02,GOOGL,10.586925581815777,10.679072406978788,10.516139881120207,10.640326499938965,104839056
2009-06-03,GOOGL,10.580715002399636,10.741163831587988,10.53104055070459,10.72104549407959,141170688
2009-06-04,GOOGL,10.811703638369949,10.95923814214649,10.791834232433738,10.935394287109375,145378476
2009-06-05,GOOGL,11.054364596926932,11.110746113640987,10.915026046101932,11.035736083984375,147084768
2009-06-08,GOOGL,10.916018823825555,10.95128814861373,10.782394443554885,10.89788818359375,123824052
2009-06-09,GOOGL,10.893169906560145,10.94085855901389,10.723779260275194,10.819650650024414,130065804
2009-06-10,GOOGL,10.834802327411616,10.876031908079987,10.597356705702015,10.74464225769043,134221644
2009-06-11,GOOGL,10.724026604903383,10.772708156729154,10.639579749039493,10.655227661132812,114493392
2009-06-12,GOOGL,10.60207510035646,10.622938350986047,10.461743663175504,10.55190372467041,116619264
2009-06-15,GOOGL,10.468948596667786,10.468948596667786,10.282668187265331,10.351468086242676,149326524
2009-06-16,GOOGL,10.414553308903324,10.4587644337163,10.31793606647875,10.332341194152832,121866012
2009-06-17,GOOGL,10.33706122970649,10.424737625226987,10.222064403652654,10.311478614807129,139464396
2009-06-18,GOOGL,10.324392526351541,10.399153609883736,10.257828328093623,10.284156799316406,123284592
2009-06-19,GOOGL,10.387232729382674,10.443116370269774,10.297072665544666,10.433926582336426,170193636
2009-06-22,GOOGL,10.355937882404296,10.36935010892525,9.981887259577475,10.117499351501465,164811024
2009-06-23,GOOGL,10.100111125445475,10.158231395794347,9.998278550926651,10.076019287109375,115868016
2009-06-24,GOOGL,10.152024476439749,10.238706083951485,10.097878642157776,10.16568374633789,98213688
2009-06-25,GOOGL,10.108806381392569,10.329859181208894,10.096635992768515,10.326630592346191,121658220
2009-06-26,GOOGL,10.274719727774597,10.636103041582844,10.260562587734027,10.563827514648438,130137732
2009-06-29,GOOGL,10.580714205299891,10.625421303109674,10.487326508174906,10.534516334533691,86685228
2009-06-30,GOOGL,10.531040906219134,10.610768399148569,10.387480874638499,10.471181869506836,103652244
2009-07-01,GOOGL,10.536008617776279,10.59065137022741,10.385742468319641,10.40660572052002,92339568
2009-07-02,GOOGL,10.317688246622042,10.317688246622042,10.104086484648285,10.14581298828125,100603296
2009-07-06,GOOGL,10.096386899963052,10.19921238010165,9.976173800087297,10.173630714416504,90413496
2009-07-07,GOOGL,10.139604964789413,10.163200830150478,9.835098187896094,9.85124397277832,130241628
2009-07-08,GOOGL,9.934943186811212,10.083967486056991,9.886758562426003,9.996788024902344,137510352
2009-07-09,GOOGL,10.086949578248737,10.293845244459405,10.079001627066491,10.193004608154297,130892976
2009-07-10,GOOGL,10.172887292511714,10.366370733428221,10.151030189962272,10.2926025390625,116946936
2009-07-13,GOOGL,10.336564848924253,10.543956477957005,10.311975137270958,10.538492202758789,161666172
2009-07-14,GOOGL,10.523838853575882,10.598848891554132,10.453301135775392,10.54818058013916,115716168
2009-07-15,GOOGL,10.671619049652508,10.89565242680558,10.642559859772131,10.88298511505127,150928920
2009-07-16,GOOGL,10.845978675376525,11.071253904707618,10.781898145715369,10.99301528930664,261917820
2009-07-17,GOOGL,10.75457749428013,10.81617340072515,10.598101213227652,10.686274528503418,273889836
2009-07-20,GOOGL,10.677085933432169,10.750852236052305,10.586925857088358,10.684288024902344,126013860
2009-07-21,GOOGL,10.703411859560081,10.727255712245874,10.573761916261422,10.627906799316406,118609272
2009-07-22,GOOGL,10.630390169690946,10.685032922104158,10.518621935961358,10.62269115447998,103364532
2009-07-23,GOOGL,10.647279846626434,10.958491758218683,10.568296318364974,10.862370491027832,138988872
2009-07-24,GOOGL,10.824369320949026,11.188983087364068,10.804251929080129,11.095345497131348,144930924
2009-07-27,GOOGL,11.078456876595078,11.096091541416381,10.869078478452687,11.047658920288086,100075824
2009-07-28,GOOGL,10.953276357950886,10.99823240092185,10.831573413510016,10.924714088439941,101198700
2009-07-29,GOOGL,10.8596402957472,10.873797435562773,10.727007857838714,10.835050582885742,79400520
2009-07-30,GOOGL,10.993264429168601,11.21332337628896,10.993264429168601,11.068521499633789,127816056
2009-07-31,GOOGL,11.176314619965893,11.243871718810809,10.98879241647641,11.004190444946289,114301584
2009-08-03,GOOGL,11.14551719166423,11.273678251753164,11.118195815322174,11.231703758239746,103508388
2009-08-04,GOOGL,11.161163307716993,11.276160122008925,11.13781732828994,11.269454956054688,95496408
2009-08-05,GOOGL,11.32583584390199,11.348437857227754,11.12415648599864,11.205126762390137,93586320
2009-08-06,GOOGL,11.283612905829777,11.298018034005523,11.140300858260199,11.18575382232666,84351564
2009-08-07,GOOGL,11.317641631093293,11.410781362847281,11.300751879122622,11.353158950805664,101622276
2009-08-10,GOOGL,11.304475090665038,11.385693351829872,11.270944529035287,11.340986251831055,69610320
2009-08-11,GOOGL,11.267965448487086,11.356386758240719,11.23592565556759,11.274672508239746,68431500
2009-08-12,GOOGL,11.311182776171787,11.468650063794033,11.299011441919578,11.38991641998291,93562344
2009-08-13,GOOGL,11.478586756367113,11.542419300526237,11.398113396673038,11.481816291809082,79728192
2009-08-14,GOOGL,11.494234037649647,11.504168739330556,11.347942337221257,11.425186157226562,66936996
2009-08-17,GOOGL,11.214067719728781,11.226238107519665,11.005931182657378,11.04989242553711,104703192
2009-08-18,GOOGL,11.055108462587226,11.119684961049945,10.986059645249659,11.059577941894531,93949956
2009-08-19,GOOGL,10.928191351945985,11.05262595797698,10.892673087835286,11.027043342590332,90109800
2009-08-20,GOOGL,11.226487083471474,11.479331691996244,11.207362592342648,11.435370445251465,159796044
2009-08-21,GOOGL,11.562786071816268,11.576446287901218,11.491006520347154,11.55533504486084,142277580
2009-08-24,GOOGL,11.60774093744989,11.675795920606307,11.53496753856281,11.642017364501953,98037864
2009-08-25,GOOGL,11.651950636658901,11.781601516055147,11.641767000026029,11.707586288452148,93546360
2009-08-26,GOOGL,11.742110568038012,11.748071767774217,11.59159642709611,11.623885154724121,79432488
2009-08-27,GOOGL,11.638290518817307,11.638290518817307,11.443318204411584,11.575700759887695,79876044
2009-08-28,GOOGL,11.65518047496536,11.732424299432903,11.50913675503325,11.543163299560547,70793136
2009-08-31,GOOGL,11.419970456756309,11.471383676419606,11.375511339321855,11.46666431427002,78237684
2009-09-01,GOOGL,11.417238827806138,11.59457742715927,11.286594086112078,11.319875717163086,103692204
2009-09-02,GOOGL,11.32136539976642,11.383707164636776,11.241140036792995,11.251572608947754,72119808
2009-09-03,GOOGL,11.321365851073004,11.381720867400947,11.300998576841927,11.363588333129883,65782152
2009-09-04,GOOGL,11.364831905408805,11.48976438423785,11.320372787263787,11.457474708557129,59908032
2009-09-08,GOOGL,11.53173853272495,11.598798718084511,11.321862272784555,11.390911102294922,106161732
2009-09-09,GOOGL,11.401838489645776,11.580914883302976,11.39537941953617,11.523789405822754,87728184
2009-09-10,GOOGL,11.590353199582811,11.696905136108398,11.47485946452511,11.696905136108398,101282616
2009-09-11,GOOGL,11.683494942583074,11.755522475774429,11.614694105064995,11.72671127319336,76039884
2009-09-14,GOOGL,11.686226045383371,11.842453385385166,11.674800571167893,11.800725936889648,78948972
2009-09-15,GOOGL,11.799734182211905,11.89486065854353,11.740869936452523,11.860833168029785,95828076
2009-09-16,GOOGL,11.91696423001992,12.154657815857615,11.884179527970884,12.127833366394043,103308588
2009-09-17,GOOGL,12.184464726239971,12.353358439149675,12.099519998879078,12.21302604675293,179144676
2009-09-18,GOOGL,12.338455287245047,12.343671573422176,12.200856453924793,12.206568717956543,131208660
2009-09-21,GOOGL,12.114173131303836,12.3913584775883,12.076421078905799,12.34416675567627,84571344
2009-09-22,GOOGL,12.441530210978382,12.468105725726238,12.364286395487301,12.395332336425781,121526352
2009-09-23,GOOGL,12.438054539698339,12.592543140214985,12.361803615045757,12.38043212890625,108059832
2009-09-24,GOOGL,12.43035212026797,12.453699991848119,12.244816664339096,12.338454246520996,101002896
2009-09-25,GOOGL,12.276861020891268,12.41694354828664,12.219982575813036,12.231904029846191,81902016
2009-09-28,GOOGL,12.290517936059064,12.455935059683526,12.252268959069287,12.382168769836426,73498428
2009-09-29,GOOGL,12.407005522031717,12.412469796819195,12.245066868846193,12.382168769836426,83884032
2009-09-30,GOOGL,12.418680529718523,12.422157107279824,12.10175541634316,12.315605163574219,125542332
2009-10-01,GOOGL,12.244818386009106,12.331004954846863,12.095795016241896,12.100762367248535,112415472
2009-10-02,GOOGL,12.014826100376638,12.213524880201128,11.986510873517286,12.035689353942871,103927968
2009-10-05,GOOGL,12.11193867061362,12.23066195414124,12.004890744073613,12.13354778289795,85698216
2009-10-06,GOOGL,12.212530450419274,12.403033281038843,12.212530450419274,12.387385368347168,109182708
2009-10-07,GOOGL,12.393842970361243,12.89034239761733,12.364287799146105,12.854328155517578,194773032
2009-10-08,GOOGL,12.904747352331764,12.996149261860413,12.750010770430949,12.7708740234375,171979848
2009-10-09,GOOGL,12.832221306702266,12.95293132972126,12.778820396495368,12.822286605834961,109414476
2009-10-12,GOOGL,13.000372880864713,13.058491267773519,12.898539342993672,13.01577091217041,132755112
2009-10-13,GOOGL,13.024464094700505,13.100715013319824,12.94970394926389,13.067184448242188,121374504
2009-10-14,GOOGL,13.224900994769621,13.302392800895849,13.163800120690397,13.295934677124023,130205664
2009-10-15,GOOGL,13.256941187867112,13.335178856187223,13.095995424801426,13.161565780639648,243771984
2009-10-16,GOOGL,13.594233398711665,13.778527046042944,13.524688590415987,13.65682315826416,353322324
2009-10-19,GOOGL,13.727360655391625,13.74996266885166,13.629004651175672,13.712457656860352,128587284
2009-10-20,GOOGL,13.701282253693776,13.733819917712914,13.429561145276113,13.703269004821777,161586252
2009-10-21,GOOGL,13.658312004864863,13.892777000951769,13.63570999268314,13.687868118286133,146677176
2009-10-22,GOOGL,13.660548994383388,13.784735605513955,13.610873592713041,13.76213264465332,93366540
2009-10-23,GOOGL,13.790945071241769,13.856515429076275,13.690353374686559,13.752198219299316,95612292
2009-10-26,GOOGL,13.80336280264366,13.949654499814864,13.682652772426694,13.76511287689209,118697184
2009-10-27,GOOGL,13.684641486603233,13.773807710482844,13.515498827681506,13.618077278137207,128531340
2009-10-28,GOOGL,13.607643479847962,13.660548414551467,13.368708991585452,13.419625282287598,102609288
2009-10-29,GOOGL,13.486936654520132,13.70600272335001,13.437014204204962,13.686629295349121,100803096
2009-10-30,GOOGL,13.660550814235659,13.664772305813054,13.269112534460323,13.315807342529297,138601260
2009-11-02,GOOGL,13.339649154251358,13.398762332075385,13.120087139291208,13.26290225982666,127955916
2009-11-03,GOOGL,13.164050623752622,13.350082092829734,13.121579202636733,13.344866752624512,95112792
2009-11-04,GOOGL,13.432046427871418,13.548781077069007,13.323258783576636,13.42037296295166,93214692
2009-11-05,GOOGL,13.498857864100717,13.654836283680995,13.478242600048322,13.627018928527832,73834092
2009-11-06,GOOGL,13.60391819297797,13.704756920302906,13.548778521314736,13.687868118286133,72994932
2009-11-09,GOOGL,13.795912047288814,13.973002647592144,13.765611017937516,13.971263885498047,105890004
2009-11-10,GOOGL,13.976727509335808,14.126994607649216,13.958596867737684,14.076822280883789,89142768
2009-11-11,GOOGL,14.169218776476672,14.244228813350892,14.054470873939087,14.1712064743042,92695212
2009-11-12,GOOGL,14.146366597139806,14.229323626489993,14.045527862270886,14.103894233703613,75376548
2009-11-13,GOOGL,14.139660948776157,14.219637380992788,14.073096742661777,14.208212852478027,66605328
2009-11-16,GOOGL,14.281483531183927,14.33091000252363,14.226344795064447,14.313275337219238,87880032
2009-11-17,GOOGL,14.278253145070343,14.343575511206405,14.24968993172086,14.343327522277832,76591332
2009-11-18,GOOGL,14.322464942932129,14.37536798814806,14.208709008573255,14.322464942932129,61922016
2009-11-19,GOOGL,14.250933179200597,14.256644496924478,14.157295585599659,14.231559753417969,86633280
2009-11-20,GOOGL,14.144878875921746,14.197037013190316,14.142395200171947,14.156303405761719,80167752
2009-11-23,GOOGL,14.318490153627655,14.569595987031644,14.302842241176762,14.46403694152832,101798100
2009-11-24,GOOGL,14.468259966776312,14.512222159567042,14.31973257301735,14.482417106628418,64143792
2009-11-25,GOOGL,14.564876708055106,14.581020598466583,14.472481899042652,14.548235893249512,58389552
2009-11-27,GOOGL,14.206970229323314,14.466768932612785,14.181388561082244,14.39970874786377,55328616
2009-11-30,GOOGL,14.421314604648527,14.496819652581548,14.333887159055152,14.480179786682129,68934996
2009-12-01,GOOGL,14.607596779306105,14.684343674295466,14.48018158102659,14.650814056396484,92719188
2009-12-02,GOOGL,14.678879951847474,14.728802393960285,14.560156674130015,14.592196464538574,66461472
2009-12-03,GOOGL,14.630199076076172,14.690057168807286,14.529856316325844,14.548235893249512,57090852
2009-12-04,GOOGL,14.72905139907275,14.77400838666587,14.385302758438746,14.530104637145996,100443456
2009-12-07,GOOGL,14.510235243730644,14.621506556683899,14.430507745536744,14.560903549194336,65382552
2009-12-08,GOOGL,14.492600029723544,14.670435543242057,14.455343952017726,14.580772399902344,60899040
2009-12-09,GOOGL,14.591949564344155,14.63740253007549,14.494587401664864,14.6297025680542,71168760
2009-12-10,GOOGL,14.664970958075667,14.771026924807991,14.664226044772278,14.691298484802246,66665268
2009-12-11,GOOGL,14.770281246021804,14.772020008099444,14.597662020315157,14.666709899902344,68731200
2009-12-14,GOOGL,14.786923192247118,14.835603798417813,14.71886821404967,14.796360969543457,76459464
2009-12-15,GOOGL,14.736006270877944,14.812505179244019,14.678632799495388,14.73203182220459,91124784
2009-12-16,GOOGL,14.867643066236129,14.911604306150045,14.818961518356863,14.846778869628906,112263624
2009-12-17,GOOGL,14.813996361893969,14.843801414938591,14.74743215358748,14.75190258026123,105446448
2009-12-18,GOOGL,14.803813683350068,14.87584217182331,14.778231066376499,14.813499450683594,141118740
2009-12-21,GOOGL,14.8430553035806,14.898442971002966,14.794871620244084,14.86963176727295,102745152
2009-12-22,GOOGL,14.935698230491111,14.939672678988893,14.87385244224508,14.9302339553833,75156768
2009-12-23,GOOGL,14.989348079569844,15.22207339789953,14.973203242154138,15.192517280578613,82825092
2009-12-24,GOOGL,15.22356331767978,15.387241690103664,15.207170492239943,15.361410140991211,34313652
2009-12-28,GOOGL,15.440394491484524,15.547939345031779,15.361410959838928,15.470446586608887,67848084
2009-12-29,GOOGL,15.516893577152484,15.519377252695824,15.356692718516241,15.384262084960938,56935008
2009-12-30,GOOGL,15.361907369020194,15.46696949005127,15.349737927317673,15.46696949005127,58565376
2009-12-31,GOOGL,15.517140727724874,15.533285564406993,15.398666381835938,15.398666381835938,48743208
2010-01-04,GOOGL,15.571781773183265,15.635366321512796,15.504473604967039,15.566814422607422,78169752
2010-01-05,GOOGL,15.577496788940026,15.593889615653733,15.437414268289375,15.498265266418457,120067812
2010-01-06,GOOGL,15.544709831970051,15.544709831970051,15.060381777036955,15.107572555541992,158988852
2010-01-07,GOOGL,15.13588739809554,15.150790397379204,14.719862293290957,14.755875587463379,256315428
2010-01-08,GOOGL,14.70371793092847,14.983138054875857,14.63193743615811,14.95258903503418,188783028
2010-01-11,GOOGL,15.013191018025417,15.013191018025417,14.75438522943346,14.929986000061035,288227484
2010-01-12,GOOGL,14.844048582268174,14.856715894752476,14.604368226451106,14.66596508026123,193937868
2010-01-13,GOOGL,14.318489911356181,14.613805919702656,14.254161393578189,14.581766128540039,259604136
2010-01-14,GOOGL,14.502534719085673,14.758359911985238,14.475462278506445,14.650317192077637,169434396
2010-01-15,GOOGL,14.736998510045005,14.742463731670952,14.356986714265911,14.405669212341309,217162620
2010-01-19,GOOGL,14.43547375983272,14.664473542241721,14.313521896276185,14.594928741455078,172495332
2010-01-20,GOOGL,14.554196299468392,14.554196299468392,14.288686280071236,14.415852546691895,129897972
2010-01-21,GOOGL,14.491110304601714,14.575060237863331,14.21318001976065,14.479684829711914,252055692
2010-01-22,GOOGL,14.02069156881911,14.172198621776683,13.284511749743531,13.660798072814941,271743984
2010-01-25,GOOGL,13.575850681306143,13.657566811700763,13.300653039063734,13.4121732711792,176619204
2010-01-26,GOOGL,13.361755055902147,13.650612936237033,13.320028552691946,13.472280502319336,174045780
2010-01-27,GOOGL,13.443718270058136,13.602181312684024,13.295687800518586,13.464333534240723,158417424
2010-01-28,GOOGL,13.523693860564176,13.586035622746621,13.17870247671952,13.270352363586426,129034836
2010-01-29,GOOGL,13.374671494140621,13.436764329859034,13.054765751604542,13.162311553955078,165454380
2010-02-01,GOOGL,13.278052414153766,13.308106400963965,13.171252478787746,13.238809585571289,89941968
2010-02-02,GOOGL,13.28699336674216,13.28699336674216,13.104438503656738,13.191617965698242,163684152
2010-02-03,GOOGL,13.130767708837524,13.464332695677747,13.119839158542394,13.432540893554688,119844036
2010-02-04,GOOGL,13.337663579902115,13.362500335909727,13.053524086906931,13.083826065063477,134972892
2010-02-05,GOOGL,13.12406034699688,13.250731574711105,12.976527760980792,13.195840835571289,126113760
2010-02-08,GOOGL,13.22589480689563,13.461850605146473,13.201802965231689,13.24998664855957,107664228
2010-02-09,GOOGL,13.400749187409495,13.45017565302085,13.289725868112894,13.323753356933594,112671216
2010-02-10,GOOGL,13.264889507789528,13.357284317798253,13.106426469194837,13.274328231811523,106873020
2010-02-11,GOOGL,13.246260721514927,13.424345171289273,13.151382237991863,13.322759628295898,96303600
2010-02-12,GOOGL,13.237568386996127,13.341387720163407,13.17621952362158,13.241292953491211,91096812
2010-02-16,GOOGL,13.334433310671422,13.5147524905694,13.270600773425336,13.444462776184082,146029824
2010-02-17,GOOGL,13.461850353475278,13.496622756361452,13.352813782844068,13.367715835571289,81106812
2010-02-18,GOOGL,13.351074899057757,13.53661037573877,13.316302496488449,13.492151260375977,93382524
2010-02-19,GOOGL,13.425338990115952,13.512268576263077,13.404723726929747,13.431051254272461,102021876
2010-02-22,GOOGL,13.594730060388676,13.59845652041578,13.437013815802317,13.481720924377441,85698216
2010-02-23,GOOGL,13.486687212222186,13.50233417840213,13.220679321936492,13.289726257324219,114789096
2010-02-24,GOOGL,13.262653427768255,13.373427811612304,13.176467809003292,13.200311660766602,92970936
2010-02-25,GOOGL,13.092269162638301,13.126296652034736,12.915427495700774,13.075132369995117,132235632
2010-02-26,GOOGL,13.099720945384057,13.207266740769136,13.001860916172568,13.084321022033691,81890028
2010-03-01,GOOGL,13.143931164874616,13.245516707505923,13.107668935908874,13.230613708496094,89426484
2010-03-02,GOOGL,13.299909626283327,13.552754220760313,13.2882371090105,13.438502311706543,174097728
2010-03-03,GOOGL,13.47079226325687,13.613855388142758,13.393548436124908,13.5443115234375,123452424
2010-03-04,GOOGL,13.573616946403918,13.812800370250452,13.566165920422131,13.774551391601562,127224648
2010-03-05,GOOGL,13.94245317493071,14.099425442010585,13.906438933638617,14.013486862182617,156331512
2010-03-08,GOOGL,14.027645497670076,14.037581146587174,13.934008845253024,13.970519065856934,95360544
2010-03-09,GOOGL,13.905196107815403,14.024665253077142,13.821991085723813,13.913641929626465,126936936
2010-03-10,GOOGL,14.002309010834068,14.368412589274467,13.963811097646724,14.317496299743652,225969804
2010-03-11,GOOGL,14.263102390804116,14.559909175304615,14.26161161764039,14.43398380279541,169162668
2010-03-12,GOOGL,14.607844046814257,14.611321570811466,14.384804517084762,14.394243240356445,110025864
2010-03-15,GOOGL,14.074836999429875,14.143636899374876,13.809573995597189,13.987906455993652,185969844
2010-03-16,GOOGL,13.954374455049416,14.118052833258428,13.92779893820999,14.038076400756836,137122740
2010-03-17,GOOGL,14.115071125154751,14.193309735902242,14.014479436927338,14.047017097473145,132731136
2010-03-18,GOOGL,14.026154132132152,14.118549889371137,13.982440875529054,14.06788158416748,71016912
2010-03-19,GOOGL,13.90892219543457,14.10762096224501,13.841364141457698,13.90892219543457,191576232
2010-03-22,GOOGL,13.812304993532857,14.079057793035005,13.76685202932508,13.84682846069336,160031808
2010-03-23,GOOGL,13.835404291328802,13.866947159480883,13.461850598844688,13.635711669921875,219831948
2010-03-24,GOOGL,13.549028335493007,13.905196303650051,13.404724326305123,13.842606544494629,262345392
2010-03-25,GOOGL,13.884581161148475,14.206970577022519,13.875640307775214,13.980454444885254,157078764
2010-03-26,GOOGL,14.039814283888102,14.092469336394354,13.90941849028,13.975733757019043,107740152
2010-03-29,GOOGL,13.983434454015553,14.026153860986266,13.923079436944066,13.969773292541504,124055820
2010-03-30,GOOGL,13.979211344002627,14.098430599229706,13.91587573013843,14.075580596923828,79036884
2010-03-31,GOOGL,14.034349763649782,14.150837352067088,13.978714112433142,14.085762977600098,121110768
2010-04-01,GOOGL,14.190826616591885,14.242985695946013,14.046769649267437,14.127490997314453,84023892
2010-04-05,GOOGL,14.17964901914167,14.278501001942843,14.132457294384153,14.182381629943848,75983940
2010-04-06,GOOGL,14.143883701786116,14.179401965421318,14.04304401483332,14.113085746765137,82321596
2010-04-07,GOOGL,14.09023581358126,14.126249108760211,13.95512064659482,13.996847152709961,103136760
2010-04-08,GOOGL,13.991382190140056,14.153570737565822,13.910163921961322,14.094953536987305,77822100
2010-04-09,GOOGL,14.094954581966231,14.12674638675878,14.008272032159706,14.063411712646484,82181736
2010-04-12,GOOGL,14.09147803438588,14.256645301160836,14.063411742920536,14.225103378295898,94001904
2010-04-13,GOOGL,14.2201357940504,14.626227186300223,14.18536433394647,14.573820114135742,156335508
2010-04-14,GOOGL,14.655534194809375,14.712163704326393,14.505268975879186,14.629207611083984,135971892
2010-04-15,GOOGL,14.707940024539305,14.848768399777164,14.611571712087834,14.785680770874023,270201528
2010-04-16,GOOGL,13.983435049928502,14.127739060432658,13.651359867199952,13.664275169372559,488930580
2010-04-19,GOOGL,13.629501013575814,13.75964976948971,13.536362239371195,13.663031578063965,155604240
2010-04-20,GOOGL,13.764120289116779,13.9004772879435,13.68687552254394,13.785728454589844,118976904
2010-04-21,GOOGL,13.820997201609236,13.915131720765325,13.714197262598265,13.767349243164062,95564340
2010-04-22,GOOGL,13.710224065075007,13.722642442788812,13.495380451490007,13.58752727508545,131096772
2010-04-23,GOOGL,13.592246312222553,13.643659530555603,13.468555676364371,13.536112785339355,83492424
2010-04-26,GOOGL,13.535615824249176,13.536111802091687,13.144178563362653,13.204533576965332,174577248
2010-04-27,GOOGL,13.137721681489122,13.37069591997484,13.095001329490785,13.140454292297363,153634212
2010-04-28,GOOGL,13.215958945029751,13.283764983996228,12.941009276239345,13.143682479858398,136107756
2010-04-29,GOOGL,13.247504619541408,13.325245370570173,13.081093619570385,13.213476181030273,122233644
2010-04-30,GOOGL,13.19186732713596,13.354550900473509,13.050542036459426,13.057000160217285,97318584
2010-05-03,GOOGL,13.076871671371672,13.236326670261048,13.041601396276608,13.178704261779785,74237688
2010-05-04,GOOGL,13.077368680470265,13.082832956405637,12.52324774988082,12.576895713806152,242808948
2010-05-05,GOOGL,12.443022444363173,12.809125148036577,12.430355130096506,12.661094665527344,183104712
2010-05-06,GOOGL,12.636005828847717,12.853830023170797,11.425185712896738,12.385645866394043,199803996
2010-05-07,GOOGL,12.417935369683237,12.550815793908633,11.954966523487897,12.248296737670898,203356440
2010-05-10,GOOGL,12.76565863160596,12.985469593679968,12.73163208776753,12.956409454345703,164954880
2010-05-11,GOOGL,12.80788260208467,12.912446852319048,12.622843103068451,12.643458366394043,132771096
2010-05-12,GOOGL,12.717722323164098,12.717722323164098,12.468355255906866,12.552553176879883,153917928
2010-05-13,GOOGL,12.828497045111288,12.9651029915301,12.6762450779731,12.688912391662598,132898968
2010-05-14,GOOGL,12.661341873527991,12.691643851703246,12.325541170611466,12.605706214904785,164475360
2010-05-17,GOOGL,12.587076348670323,12.626319173236466,12.377697043811375,12.616632461547852,111640248
2010-05-18,GOOGL,12.667053631240988,12.691145471123544,12.345906083312151,12.378194808959961,112906980
2010-05-19,GOOGL,12.325787440732455,12.404770017612202,12.114173387008382,12.280335426330566,137690172
2010-05-20,GOOGL,12.047860549133539,12.060527863404504,11.767943476430796,11.797996520996094,196335468
2010-05-21,GOOGL,11.650212639198436,12.046120351419637,11.53447090178553,11.724475860595703,387244368
2010-05-24,GOOGL,11.940063946382933,12.165090235441395,11.842453800596974,11.851394653320312,173650176
2010-05-25,GOOGL,11.627610467009422,11.85859892615658,11.524784970840976,11.849161148071289,120575304
2010-05-26,GOOGL,11.973346952044855,12.164345759574154,11.797746175145846,11.809420585632324,138884976
2010-05-27,GOOGL,12.044878255321109,12.22768111928855,11.948012074875898,12.181732177734375,112251636
2010-05-28,GOOGL,12.23836126117821,12.255996871764246,11.996445208364689,12.061767578125,115676208
2010-06-01,GOOGL,11.932613132319464,12.196634265207518,11.924913170621723,11.980796813964844,106565328
2010-06-02,GOOGL,12.087847189250823,12.266427624470083,11.958196297775794,12.254009246826172,101530368
2010-06-03,GOOGL,12.297226149748683,12.617380837564674,12.287043458217669,12.557770729064941,145881972
2010-06-04,GOOGL,12.411726205391366,12.64842596885163,12.336717123423558,12.38688850402832,156655188
2010-06-07,GOOGL,12.395332899521195,12.441281840720103,12.000171058687945,12.059035301208496,145162692
2010-06-08,GOOGL,12.116905102616736,12.141494812886604,11.860831935592582,12.040655136108398,107296596
2010-06-09,GOOGL,12.101258745416583,12.14248832482424,11.723234642866286,11.773405075073242,109050840
2010-06-10,GOOGL,11.931122420010096,12.133050722049322,11.818610219430258,12.09604263305664,103012884
2010-06-11,GOOGL,11.98402755098263,12.138267204973696,11.962170449653655,12.133050918579102,71196732
2010-06-14,GOOGL,12.281578403010736,12.282075327412528,12.001164436340332,12.001164436340332,81534384
2010-06-15,GOOGL,11.998434008336265,12.42861724794615,11.976080926656161,12.368758201599121,170213616
2010-06-16,GOOGL,12.32355552344513,12.518031883836095,12.322064750036573,12.450225830078125,91480428
2010-06-17,GOOGL,12.504369592073378,12.564474726365352,12.336468780170412,12.42066764831543,79012908
2010-06-18,GOOGL,12.481021865384044,12.504865717541035,12.372235177282755,12.419425010681152,114801084
2010-06-21,GOOGL,12.416196355753366,12.442772818668564,12.04338758727502,12.134540557861328,119220660
2010-06-22,GOOGL,12.167823553155566,12.334233598710927,12.064251255332607,12.077166557312012,88699212
2010-06-23,GOOGL,12.093062963977886,12.093062963977886,11.876233539211643,11.97284984588623,81082836
2010-06-24,GOOGL,11.91348903636216,11.990235934332377,11.754529071979785,11.800230026245117,75668256
2010-06-25,GOOGL,11.848911383981232,11.863565447776073,11.687468693301513,11.740123748779297,89718192
2010-06-28,GOOGL,11.737888946579204,11.861081709464013,11.648970715490217,11.725221633911133,70421508
2010-06-29,GOOGL,11.510627332698187,11.538195752377794,11.20463074696305,11.282620429992676,139943916
2010-06-30,GOOGL,11.300004216824734,11.371287780363163,11.045670754601865,11.051383018493652,143983872
2010-07-01,GOOGL,11.059826532432831,11.137071292414163,10.770223755929157,10.915770530700684,140403456
2010-07-02,GOOGL,10.968674962772164,10.985066841214426,10.829088434910068,10.84274959564209,77362560
2010-07-06,GOOGL,11.02778772513463,11.118941642317056,10.770224714521406,10.830828666687012,102301596
2010-07-07,GOOGL,10.886463835956024,11.208853249923981,10.813690439011399,11.181779861450195,125062812
2010-07-08,GOOGL,11.264984422868842,11.358870951063391,11.16836812335116,11.339744567871094,106649244
2010-07-09,GOOGL,11.722240817863847,11.754528598015023,11.49423392665734,11.611217498779297,173086740
2010-07-12,GOOGL,11.732424598370084,11.908025387116297,11.70038480417285,11.81836223602295,133242624
2010-07-13,GOOGL,11.977818113923355,12.24457093238716,11.928888568541598,12.150437355041504,158892948
2010-07-14,GOOGL,12.16732626353407,12.265433336453357,12.082382481141446,12.20358943939209,124595280
2010-07-15,GOOGL,12.213275548609372,12.287041841354338,11.988496306753682,12.27015209197998,194133672
2010-07-16,GOOGL,11.651703471730075,11.68746877715085,11.413264000660027,11.415499687194824,312679008
2010-07-19,GOOGL,11.450272886048852,11.66486757305423,11.363589387838998,11.578681945800781,181829988
2010-07-20,GOOGL,11.450769181631996,11.996198187776255,11.440090511886801,11.96142578125,162017820
2010-07-21,GOOGL,12.021283082738142,12.063507460128974,11.8084271662081,11.85983943939209,131052816
2010-07-22,GOOGL,12.002158080192359,12.144973204306227,11.983529567840586,12.041400909423828,85822092
2010-07-23,GOOGL,11.941058244077649,12.184961043032306,11.92218174264157,12.171797752380371,90485424
2010-07-26,GOOGL,12.14770449934234,12.188935028106044,12.043140243750424,12.14472484588623,79728192
2010-07-27,GOOGL,12.184712789308449,12.356587103041731,12.174529152215868,12.235629081726074,97949952
2010-07-28,GOOGL,12.293003160346526,12.300703121818023,11.98824843448758,12.029974937438965,99740160
2010-07-29,GOOGL,12.069716543145242,12.14248994556196,11.905293234905463,12.045872688293457,106912980
2010-07-30,GOOGL,11.913240666548853,12.104736410417244,11.900573353002203,12.042394638061523,85678236
2010-08-02,GOOGL,12.145222117634006,12.251774073940783,12.094305820636437,12.18049144744873,74273652
2010-08-03,GOOGL,12.18272510411591,12.231406656627922,12.089833372051654,12.166084289550781,72019908
2010-08-04,GOOGL,12.224452477809304,12.59254187956281,12.196386188611969,12.575653076171875,152347500
2010-08-05,GOOGL,12.564972761207036,12.632281880205715,12.507101419595235,12.61986255645752,96719184
2010-08-06,GOOGL,12.552802733410562,12.561246662252833,12.320573393487814,12.424144744873047,132647220
2010-08-09,GOOGL,12.474563615958411,12.555284953933358,12.452458527814759,12.551558494567871,74813112
2010-08-10,GOOGL,12.477048514768084,12.567706462470536,12.383163871056889,12.510828018188477,82877040
2010-08-11,GOOGL,12.362300203694252,12.369006317058242,12.207563618425153,12.21352481842041,88831080
2010-08-12,GOOGL,12.019794451176294,12.288286051848912,11.984277130065392,12.220232009887695,88095816
2010-08-13,GOOGL,12.145470183794043,12.19986400563256,12.071206010243136,12.079651832580566,77310612
2010-08-16,GOOGL,12.013335085906165,12.1670787665487,11.934352499984744,12.060774803161621,52147800
2010-08-17,GOOGL,12.133794402238166,12.287041135899523,12.071701576353119,12.183220863342285,75552372
2010-08-18,GOOGL,12.181234042130052,12.19191365601419,11.960430209170934,11.975332260131836,107348544
2010-08-19,GOOGL,11.947017642954455,11.98427466528782,11.605255783523253,11.623139381408691,156843000
2010-08-20,GOOGL,11.623140489021276,11.713051625287756,11.450520307590121,11.475358009338379,156547296
2010-08-23,GOOGL,11.462442133853527,11.630094009329301,11.368805488987826,11.526273727416992,119328552
2010-08-24,GOOGL,11.368059458627586,11.38470121937373,11.199661725840203,11.211336135864258,110397492
2010-08-25,GOOGL,11.176811346351169,11.370791686034721,11.176811346351169,11.291560173034668,103580316
2010-08-26,GOOGL,11.327327110048651,11.35713121518619,11.18774057559272,11.201152801513672,71008920
2010-08-27,GOOGL,11.240395372295517,11.424936995675091,11.118443504094214,11.396125793457031,92403504
2010-08-30,GOOGL,11.40407448778751,11.419225476452883,11.236919527625298,11.24362564086914,49206744
2010-08-31,GOOGL,11.179544722766613,11.29777013502214,11.127137656390055,11.177309036254883,77794128
2010-09-01,GOOGL,11.300501617887459,11.54788096828223,11.23890476919969,11.433381080627441,129002868
2010-09-02,GOOGL,11.495724582089832,11.535214452572147,11.432884944944965,11.504168510437012,67300632
2010-09-03,GOOGL,11.686475475552239,11.720254978003451,11.60997656366002,11.681011199951172,101514384
2010-09-07,GOOGL,11.536952333150678,11.613700167899086,11.500193183253176,11.534469604492188,68327604
2010-09-08,GOOGL,11.554091116833693,11.735652143013752,11.537202313377671,11.68796443939209,95975928
2010-09-09,GOOGL,11.868037517880486,11.931869116655882,11.68796535766482,11.827054977416992,97126776
2010-09-10,GOOGL,11.89759377000158,11.916719209693987,11.799735617300461,11.826062202453613,78893028
2010-09-13,GOOGL,11.944288807310999,12.029976564698066,11.910260368182959,11.978315353393555,89570340
2010-09-14,GOOGL,11.971856202356774,12.039911181732931,11.923920508677691,11.932613372802734,88571340
2010-09-15,GOOGL,11.920693176716627,11.968876864413241,11.884677985641781,11.937829971313477,96015888
2010-09-16,GOOGL,11.920692846949272,11.98278568490834,11.907279673267196,11.948262214660645,78701220
2010-09-17,GOOGL,12.015072257998217,12.200109847350951,11.951240669233613,12.174031257629395,225438336
2010-09-20,GOOGL,12.232401061567089,12.677237381226817,12.221472510648217,12.624334335327148,175963860
2010-09-21,GOOGL,12.659105142241469,12.91493031469795,12.639979707284793,12.752989768981934,178473348
2010-09-22,GOOGL,12.73808945576859,12.86028837520424,12.708781327054265,12.816079139709473,101382516
2010-09-23,GOOGL,12.781554831824307,12.9077282011146,12.699342709452198,12.753488540649414,92603304
2010-09-24,GOOGL,12.95864404112135,13.109903085228616,12.872209490326398,13.096490859985352,134141724
2010-09-27,GOOGL,13.135236731998367,13.333936434881487,13.135236731998367,13.17398452758789,124171704
2010-09-28,GOOGL,13.250234897744745,13.252966562045259,12.876929213361668,13.093510627746582,146041812
2010-09-29,GOOGL,13.110400687616991,13.236822985236026,13.032411953949337,13.106426239013672,86801112
2010-09-30,GOOGL,13.142936565330526,13.210245679655623,12.888602159666071,13.059235572814941,129634236
2010-10-01,GOOGL,13.163801303262437,13.17920122751964,12.98994022844622,13.055014610290527,88911000
2010-10-04,GOOGL,13.038373357913079,13.120336547418603,12.886865357153557,12.973796844482422,77542380
2010-10-05,GOOGL,13.123564989581743,13.412174891065066,13.078112025227197,13.368212699890137,140143716
2010-10-06,GOOGL,13.393795786267013,13.41093352603942,13.162311358344832,13.271843910217285,110381508
2010-10-07,GOOGL,13.31803984136701,13.342628604135328,13.142440031622574,13.164048194885254,95736168
2010-10-08,GOOGL,13.232602553243343,13.352565789906139,13.104689472215023,13.321518898010254,114253632
2010-10-11,GOOGL,13.374420964037167,13.52642586606006,13.341884250064348,13.38336181640625,104946948
2010-10-12,GOOGL,13.415156273181294,13.560951059081669,13.357284928235213,13.446699142456055,149993856
2010-10-13,GOOGL,13.58603755300942,13.598206995349065,13.470046875396488,13.494138717651367,122101776
2010-10-14,GOOGL,13.5159964302725,13.54257194928957,13.340395638197675,13.435275077819824,265098636
2010-10-15,GOOGL,14.884284002288776,14.943148240266002,14.693781192822241,14.93842887878418,592399008
2010-10-18,GOOGL,14.916076441178197,15.391463630982862,14.916076441178197,15.34228515625,283644072
2010-10-19,GOOGL,15.12222603394572,15.270505423045302,14.97345066700992,15.096892356872559,183332484
2010-10-20,GOOGL,15.104592818306914,15.334090493113182,15.088697862960876,15.100619316101074,140862996
2010-10-21,GOOGL,15.188293894355768,15.299813189983626,15.051439974158438,15.200216293334961,116703180
2010-10-22,GOOGL,15.198477787222172,15.270507218128799,15.152032864882099,15.213629722595215,90153756
2010-10-25,GOOGL,15.28963095676327,15.51689293876521,15.274231979723556,15.312232971191406,126209664
2010-10-26,GOOGL,15.227785390877603,15.429712737974924,15.176372175857013,15.36439037322998,100415484
2010-10-27,GOOGL,15.294102423355803,15.39916454542309,15.208661716002789,15.311488151550293,89586324
2010-10-28,GOOGL,15.400405635243589,15.424001498905934,15.232753753686787,15.363895416259766,87284628
2010-10-29,GOOGL,15.326391082716821,15.374326778990033,15.225054468025983,15.24268913269043,91040868
2010-11-01,GOOGL,15.293109272898468,15.415557128751622,15.180844108272286,15.274977684020996,123360516
2010-11-02,GOOGL,15.366130721537449,15.399165310488998,15.264546118671166,15.28987979888916,79824096
2010-11-03,GOOGL,15.33706986214992,15.44461470681325,15.237720010182441,15.403633117675781,135084780
2010-11-04,GOOGL,15.514410195045114,15.645551863000115,15.451322563396575,15.505219459533691,142689168
2010-11-05,GOOGL,15.478146445393921,15.535520863847772,15.426733226745773,15.525338172912598,70557372
2010-11-08,GOOGL,15.49901022270666,15.634871252472893,15.476906077934714,15.567313194274902,83967948
2010-11-09,GOOGL,15.647536915162616,15.668648155388052,15.411830069489234,15.518878936767578,89398512
2010-11-10,GOOGL,15.450826098660634,15.473677049198793,15.337319098886969,15.470696449279785,99780120
2010-11-11,GOOGL,15.3917132233584,15.395438736700463,15.255356216861681,15.329371452331543,90373536
2010-11-12,GOOGL,15.249890749328243,15.322167216951177,14.932468707995648,14.984130859375,135584280
2010-11-15,GOOGL,14.978914745854377,15.001765695323556,14.754633367775897,14.78990364074707,139016844
2010-11-16,GOOGL,14.722594373982242,14.850009578955037,14.491358881575406,14.498064994812012,132163704
2010-11-17,GOOGL,14.529856358409106,14.641623646934518,14.439696289125054,14.493841171264648,97602300
2010-11-18,GOOGL,14.629206327402867,14.901920330801731,14.618277776708219,14.816976547241211,103496400
2010-11-19,GOOGL,14.827905531955933,14.850009676407897,14.66248838654171,14.67465877532959,91808100
2010-11-22,GOOGL,14.591204567228582,14.739483970233444,14.473972054550755,14.684344291687012,87376536
2010-11-23,GOOGL,14.579778545245201,14.629452996767156,14.360960508673926,14.480428695678711,86417496
2010-11-24,GOOGL,14.587229109129291,14.817968605262159,14.580771931873867,14.777483940124512,95760144
2010-11-26,GOOGL,14.665467726293187,14.728058431081024,14.579531039779397,14.654043197631836,52391556
2010-11-29,GOOGL,14.633427360355007,14.649075272569418,14.404426620381502,14.458075523376465,114273612
2010-11-30,GOOGL,14.264591110079134,14.264591110079134,13.742759019313526,13.802369117736816,284411304
2010-12-01,GOOGL,13.983434347629936,14.19629025362553,13.968531348546414,14.01696491241455,150013836
2010-12-02,GOOGL,14.124013732015296,14.240004402890786,14.041801614733075,14.202499389648438,101814084
2010-12-03,GOOGL,14.143635337180113,14.31824131818004,14.107621096616198,14.231807708740234,105142752
2010-12-06,GOOGL,14.41982660872804,14.45534392427261,14.321470601634367,14.364934921264648,83668248
2010-12-07,GOOGL,14.685587215743787,14.728555559596147,14.554694486546166,14.583008766174316,121566312
2010-12-08,GOOGL,14.702973946581311,14.716635109439071,14.497321055537803,14.66745662689209,70205724
2010-12-09,GOOGL,14.75041166210424,14.792634143219436,14.629205654286688,14.691298484802246,74681244
2010-12-10,GOOGL,14.73203182287382,14.753144957456307,14.66124612531481,14.70893383026123,68119812
2010-12-13,GOOGL,14.83088402189758,14.976927729372173,14.755626954995883,14.768790245056152,95844060
2010-12-14,GOOGL,14.830139180994985,14.85994423188528,14.715639285757028,14.775994300842285,65666268
2010-12-15,GOOGL,14.758360439087662,14.814244084333636,14.632931040306891,14.661494255065918,86621292
2010-12-16,GOOGL,14.724829361624574,14.747679364724124,14.606106080120918,14.696515083312988,63812124
2010-12-17,GOOGL,14.67888130681359,14.717627213503096,14.596172260316893,14.673913955688477,123360516
2010-12-20,GOOGL,14.769535708987268,14.849760124442271,14.62075939469997,14.779718399047852,78853068
2010-12-21,GOOGL,14.866899023086166,15.019648851145094,14.843055170572642,14.978667259216309,75104820
2010-12-22,GOOGL,15.001765441626107,15.076277595287435,14.983882789773723,15.038772583007812,48251700
2010-12-23,GOOGL,15.035048071279537,15.051439950065753,14.952835955808105,15.007477760314941,44387568
2010-12-27,GOOGL,14.970470584427419,14.996301186751518,14.889998177721935,14.961529731750488,48275676
2010-12-28,GOOGL,14.953332986978268,14.998537964117409,14.85299022359389,14.875593185424805,42549408
2010-12-29,GOOGL,14.9520923791911,14.962275070480331,14.875593467433628,14.927254676818848,40727232
2010-12-30,GOOGL,14.852742414670077,14.935450514824424,14.837592372314527,14.874102592468262,39540420
2010-12-31,GOOGL,14.821446347847312,14.863173800453781,14.704463716055571,14.752647399902344,61510428
2011-01-03,GOOGL,14.814989706870692,15.041258802693713,14.814989706870692,15.010459899902344,94513392
2011-01-04,GOOGL,15.04200293093013,15.055912081576906,14.905396992995781,14.955071449279785,72907020
2011-01-05,GOOGL,14.904154801169494,15.158987093763308,14.903657876779151,15.127691268920898,101190708
2011-01-06,GOOGL,15.167678761207219,15.36016833639957,15.152031795566597,15.237720489501953,82229688
2011-01-07,GOOGL,15.297577181837504,15.355696505736187,15.154018107269273,15.31074047088623,83963952
2011-01-10,GOOGL,15.270009907082954,15.284664918576123,15.115025328067066,15.255356788635254,63104832
2011-01-11,GOOGL,15.342285607474645,15.369358047678627,15.262558113479061,15.30006217956543,57514428
2011-01-12,GOOGL,15.383020388359585,15.383020388359585,15.26926539716711,15.321423530578613,65242692
2011-01-13,GOOGL,15.323907761590315,15.390968897352083,15.254114014693132,15.316953659057617,53306640
2011-01-14,GOOGL,15.334586305908244,15.505218786956755,15.326638355059451,15.502984046936035,94529376
2011-01-18,GOOGL,15.549678142004243,15.945338821422542,15.530056726781485,15.886722564697266,144535320
2011-01-19,GOOGL,15.948566825214893,15.969430078670836,15.639093654747239,15.691003799438477,136107756
2011-01-20,GOOGL,15.702428364148174,15.748875179893654,15.480879580257868,15.567313194274902,219212568
2011-01-21,GOOGL,15.88547925588916,15.938878274639707,15.184567915613263,15.19624137878418,355819824
2011-01-24,GOOGL,15.0904356871732,15.212635551173722,14.932967441615764,15.177614212036133,183784032
2011-01-25,GOOGL,15.106083181194197,15.41630221410994,15.064356673938402,15.396928787231445,145726128
2011-01-26,GOOGL,15.407360390851213,15.461009294816487,15.281930994982087,15.312232971191406,81442476
2011-01-27,GOOGL,15.346756494418909,15.391711585208835,15.231510742459566,15.319435119628906,80687232
2011-01-28,GOOGL,15.376064508348906,15.408105246551733,14.89645580279215,14.927005767822266,169074756
2011-01-31,GOOGL,14.991831235416505,15.01343940101345,14.791890630212526,14.911357879638672,112083804
2011-02-01,GOOGL,15.01393690059304,15.233996813567906,14.979662365408183,15.17662239074707,109702188
2011-02-02,GOOGL,15.175625596404565,15.258582619925026,15.089439984421364,15.20046329498291,70357572
2011-02-03,GOOGL,15.137874458342562,15.186804948257086,15.054669435682225,15.154516220092773,59744196
2011-02-04,GOOGL,15.154517485784504,15.186557281160056,15.066593093701028,15.175132751464844,61969968
2011-02-07,GOOGL,15.154763898949092,15.359175879144754,15.131168035555714,15.257343292236328,71912016
2011-02-08,GOOGL,15.273238075774126,15.389972706897916,15.262805503778289,15.358925819396973,67728204
2011-02-09,GOOGL,15.321422759628224,15.385503289750895,15.208909611880307,15.312232971191406,73626300
2011-02-10,GOOGL,15.247653796665572,15.337068942028777,15.18953447276689,15.31074047088623,93282624
2011-02-11,GOOGL,15.244924077953929,15.523351292601241,15.225301716546612,15.510931968688965,103492404
2011-02-14,GOOGL,15.48212099597901,15.638596339510887,15.400157810940664,15.601588249206543,85034880
2011-02-15,GOOGL,15.580974774248538,15.649773725559736,15.476160632977914,15.502239227294922,83596320
2011-02-16,GOOGL,15.538998167520294,15.560606333355805,15.451321773401258,15.50397777557373,67292640
2011-02-17,GOOGL,15.430210199540799,15.579234510220783,15.40611835876098,15.529808044433594,59092848
2011-02-18,GOOGL,15.548188078753547,15.676845119032972,15.502984049136955,15.649524688720703,128587284
2011-02-22,GOOGL,15.39990866723619,15.521612551913227,15.095402859649868,15.156006813049316,145450404
2011-02-23,GOOGL,15.158987810191826,15.267526513921275,15.001766604793108,15.183575630187988,115468416
2011-02-24,GOOGL,15.185315404420347,15.22753978456935,14.935948305192916,15.12148380279541,108359532
2011-02-25,GOOGL,15.19698796430153,15.268021648921886,15.138371710205169,15.151782989501953,77218704
2011-02-28,GOOGL,15.15079026363648,15.31198496427809,15.101362850761088,15.235237121582031,91168740
2011-03-01,GOOGL,15.344024457407848,15.379790708154154,14.885029129863863,14.921292304992676,132795072
2011-03-02,GOOGL,14.897449319061717,15.051440988275123,14.782949415974434,14.922039031982422,80986932
2011-03-03,GOOGL,15.060878527358273,15.187797744651947,15.02660210394224,15.139861106872559,77734188
2011-03-04,GOOGL,15.109310947733182,15.12545673128336,14.907383589340583,14.917816162109375,120319560
2011-03-07,GOOGL,14.916077249797752,14.994065983660013,14.579530709342631,14.695272445678711,138369492
2011-03-08,GOOGL,14.726815220435942,14.852243660736244,14.659009182041853,14.711416244506836,91304604
2011-03-09,GOOGL,14.678881185291631,14.76606065777466,14.548484433246118,14.698005676269531,85953960
2011-03-10,GOOGL,14.540784401892802,14.570091581936483,14.392008082620583,14.41312026977539,124998876
2011-03-11,GOOGL,14.361459605750678,14.405670735629398,14.240005595998431,14.323955535888672,121158720
2011-03-14,GOOGL,14.226841023280059,14.363198030101575,14.108118680899937,14.157048225402832,112531356
2011-03-15,GOOGL,13.84682955204887,14.182134280953193,13.797154146381228,14.146368026733398,160063776
2011-03-16,GOOGL,14.107869270507077,14.152080397857429,13.692341086164848,13.836893081665039,151788060
2011-03-17,GOOGL,14.020193139715927,14.132457348463438,13.922334058768028,13.942700386047363,115856028
2011-03-18,GOOGL,14.024166610141583,14.107372574175482,13.902464624593781,13.935249328613281,131812056
2011-03-21,GOOGL,14.162759571407062,14.400702111676743,14.13295546653244,14.318737983703613,120715164
2011-03-22,GOOGL,14.337861861080416,14.386543411398701,14.21963645583649,14.339103698730469,75400524
2011-03-23,GOOGL,14.286202950242785,14.466522159971909,14.206971423800159,14.459320068359375,72575352
2011-03-24,GOOGL,14.540535264712796,14.614053569036395,14.375863046757775,14.576798439025879,83864052
2011-03-25,GOOGL,14.576550460063972,14.577294426837557,14.386791606669332,14.399210929870605,114221664
2011-03-28,GOOGL,14.45708238164344,14.529607789110305,14.274279509536068,14.290424346923828,88647264
2011-03-29,GOOGL,14.30631976322162,14.452612410948333,14.232056542631355,14.448637962341309,64127808
2011-03-30,GOOGL,14.51445597241722,14.542274272455556,14.420074415084029,14.451370239257812,56835108
2011-03-31,GOOGL,14.480181595376276,14.608341707098246,14.448885770869994,14.573570251464844,81094824
2011-04-01,GOOGL,14.623244486008183,14.782948408764652,14.623244486008183,14.698749542236328,104423472
2011-04-04,GOOGL,14.728553886362121,14.771770214248626,14.482663411366728,14.596419334411621,82097820
2011-04-05,GOOGL,14.432494748642128,14.442677439787374,14.049998302217888,14.13469409942627,241658100
2011-04-06,GOOGL,14.211440621267268,14.285454902973434,14.107620342695185,14.261115074157715,106625268
2011-04-07,GOOGL,14.299613245464945,14.421565113274138,14.261363319741678,14.405669212341309,101158740
2011-04-08,GOOGL,14.527122161262112,14.527122161262112,14.357483549414809,14.359966278076172,75995928
2011-04-11,GOOGL,14.311287151565045,14.358477931445805,14.231807644442926,14.340347290039062,74253672
2011-04-12,GOOGL,14.281480911636145,14.328920623027807,14.10886075031069,14.172445297241211,83340576
2011-04-13,GOOGL,14.294150845110643,14.346060992139185,14.200762178251228,14.313275337219238,82693224
2011-04-14,GOOGL,14.286200823547787,14.392007853520072,14.209453930751414,14.368660926818848,218033748
2011-04-15,GOOGL,13.543564780634364,13.554989309267649,13.165291727970844,13.181187629699707,561186252
2011-04-18,GOOGL,13.074883124753367,13.105682024648699,12.890590435853262,13.085314750671387,201390408
2011-04-19,GOOGL,13.162559628191225,13.185658568339864,12.937782255232769,12.953429222106934,107256636
2011-04-20,GOOGL,13.061967417184675,13.08481836583542,12.949951199884028,13.057744979858398,122277600
2011-04-21,GOOGL,13.101458263932804,13.121079677512542,12.974787983414922,13.042098045349121,98705196
2011-04-25,GOOGL,13.045824666471312,13.08928993781262,12.96535130200978,13.040857315063477,65166768
2011-04-26,GOOGL,13.07736750599271,13.34859074102322,13.044829842267704,13.233842849731445,139860000
2011-04-27,GOOGL,13.362499972471786,13.36523258347193,13.271843922464264,13.356538772583008,91844064
2011-04-28,GOOGL,13.3639901110539,13.393547173627201,13.265137179263128,13.36175537109375,79920000
2011-04-29,GOOGL,13.41217498144943,13.514007568359375,13.375166891962026,13.514007568359375,168970860
2011-05-02,GOOGL,13.55374620117459,13.55449206096906,13.340641374491998,13.376407623291016,85262652
2011-05-03,GOOGL,13.340892247792432,13.462098259490698,13.154610910713629,13.260418891906738,83176740
2011-05-04,GOOGL,13.292210581209194,13.387337053460262,13.238809666676394,13.307609558105469,84595320
2011-05-05,GOOGL,13.259673762416078,13.397768575545372,13.201057508569386,13.269856452941895,79832088
2011-05-06,GOOGL,13.36622636554214,13.448437539717105,13.292459120224304,13.295439720153809,82161756
2011-05-09,GOOGL,13.28798805971734,13.374671555610133,13.191122819081437,13.354552268981934,77870052
2011-05-10,GOOGL,13.412175589475167,13.522205067609672,13.35107565595024,13.478242874145508,81634284
2011-05-11,GOOGL,13.415652368095184,13.500347214852551,13.255451516470487,13.299164772033691,93458448
2011-05-12,GOOGL,13.293949716202963,13.33617409554541,13.186403909665252,13.289231300354004,57874068
2011-05-13,GOOGL,13.278301514674947,13.31083823076979,13.140204806557957,13.152624130249023,84263652
2011-05-16,GOOGL,13.072152525015781,13.095996378559153,12.82601402735051,12.876184463500977,118209672
2011-05-17,GOOGL,12.801921462569279,13.19410271285334,12.79198676078407,13.175226211547852,132011856
2011-05-18,GOOGL,13.152375346475207,13.171996759824582,13.056999943931238,13.15908145904541,78049872
2011-05-19,GOOGL,13.231607213004668,13.326236758272415,13.15684612401358,13.19484806060791,98649252
2011-05-20,GOOGL,13.208507556589206,13.213226918444573,12.993167978116022,13.015522003173828,92607300
2011-05-23,GOOGL,12.83098052867565,12.915427386066492,12.751501022128663,12.875439643859863,91908000
2011-05-24,GOOGL,12.924617570067657,13.013783792098689,12.86947883818583,12.872210502624512,75924000
2011-05-25,GOOGL,12.849110105484694,12.984225255421146,12.84712335461627,12.907230377197266,52011936
2011-05-26,GOOGL,12.858300799988266,12.968082281158173,12.7912406178993,12.86898136138916,84655260
2011-05-27,GOOGL,12.877674306722746,12.959886423655206,12.823528479108143,12.93778133392334,69762168
2011-05-31,GOOGL,13.039613784451163,13.14020453044696,13.002358653728741,13.139460563659668,107384508
2011-06-01,GOOGL,13.1151188386779,13.243278940048054,13.04731280192888,13.054515838623047,118117764
2011-06-02,GOOGL,13.103445463819769,13.171252452444195,12.977024114415364,13.115616798400879,88091820
2011-06-03,GOOGL,12.965101741667938,13.104191350320557,12.952684311176107,12.991926193237305,69870060
2011-06-06,GOOGL,13.003352158005102,13.084819364553313,12.896799261028782,12.941756248474121,77606316
2011-06-07,GOOGL,12.987206872658499,13.030424149937966,12.89034163859235,12.891335487365723,76227696
2011-06-08,GOOGL,12.829242225308152,12.946225802822795,12.810613712454952,12.89481258392334,66069864
2011-06-09,GOOGL,12.915428672549865,12.915428672549865,12.807137952408276,12.834210395812988,67496436
2011-06-10,GOOGL,12.768390376844437,12.833214871263063,12.64941910964102,12.65488338470459,97498404
2011-06-13,GOOGL,12.667054146145441,12.672021496982007,12.472577817585229,12.536161422729492,96994908
2011-06-14,GOOGL,12.621104526061274,12.768391024803966,12.59229332268337,12.626569747924805,93566340
2011-06-15,GOOGL,12.543611239932371,12.626071344443334,12.4338307063921,12.491950035095215,82849068
2011-06-16,GOOGL,12.488474714269744,12.581862431876898,12.335972866732346,12.427871704101562,110169720
2011-06-17,GOOGL,12.572176166944656,12.584843480953111,12.041153239230884,12.046618461608887,209606184
2011-06-20,GOOGL,12.046120980725988,12.076670947702837,11.902808923779716,12.035689353942871,121022856
2011-06-21,GOOGL,12.100513733749453,12.26816560738393,12.039412858663491,12.244817733764648,110505384
2011-06-22,GOOGL,12.206321040188495,12.228674119030694,12.08908853116582,12.09604263305664,96187716
2011-06-23,GOOGL,11.974835538567683,11.992967124761844,11.766202088969486,11.927396774291992,191875932
2011-06-24,GOOGL,11.938822441131759,11.940561203243774,11.7485676019572,11.794766426086426,152071776
2011-06-27,GOOGL,11.772909786472656,12.130567582450029,11.762975084326179,11.991477966308594,137650212
2011-06-28,GOOGL,12.021780001926194,12.324548002097531,12.021780001926194,12.260964393615723,108495396
2011-06-29,GOOGL,12.332742392422967,12.424889204658188,12.229419041623208,12.358325004577637,93626280
2011-06-30,GOOGL,12.468106141910035,12.584344798926985,12.45593575404687,12.577141761779785,97038864
2011-07-01,GOOGL,12.58608434702397,12.944736934951017,12.577142547263215,12.941010475158691,145322532
2011-07-05,GOOGL,13.047066682034705,13.297923592484892,13.047066682034705,13.224404335021973,153814032
2011-07-06,GOOGL,13.250732427486586,13.375167030284018,13.239306952338312,13.296929359436035,107716176
2011-07-07,GOOGL,13.43701170139998,13.677436958214427,13.309843551732877,13.576101303100586,157262580
2011-07-08,GOOGL,13.23707112435619,13.353807657032075,13.095995708006742,13.213227272033691,190617192
2011-07-11,GOOGL,13.118598839571037,13.312330274501752,13.052034627854516,13.096244812011719,113458428
2011-07-12,GOOGL,13.118101272113316,13.39776938597902,13.06445236581889,13.263400077819824,113534352
2011-07-13,GOOGL,13.337661689808542,13.511523689837245,13.3247454426877,13.368956565856934,111496392
2011-07-14,GOOGL,13.390316736458743,13.461849233863548,13.082581422445399,13.137473106384277,265714020
2011-07-15,GOOGL,14.84032403391861,14.908627009426253,14.608343609897089,14.843304634094238,548734716
2011-07-18,GOOGL,14.71588622453723,14.953330872915302,14.703715837513212,14.776737213134766,178553268
2011-07-19,GOOGL,14.806543699023077,15.01865469177947,14.791393657522558,14.965751647949219,118581300
2011-07-20,GOOGL,14.956561074433775,14.972705910389616,14.786922454833984,14.786922454833984,89022888
2011-07-21,GOOGL,14.75413730791622,15.102605293419508,14.75364038353528,15.076029777526855,138641220
2011-07-22,GOOGL,15.03629078181255,15.386745535958731,15.008472480305867,15.355201721191406,140986872
2011-07-25,GOOGL,15.234242361267148,15.533532805848752,15.225300562310911,15.373828887939453,125138736
2011-07-26,GOOGL,15.350732420381473,15.585445452151529,15.330117154942547,15.461755752563477,93622284
2011-07-27,GOOGL,15.329122605805438,15.422759251580802,15.020394367920979,15.081742286682129,157218624
2011-07-28,GOOGL,15.031321992403186,15.299317575116925,14.976928175445988,15.174137115478516,124211664
2011-07-29,GOOGL,15.007478464601554,15.273983279903396,14.99406623840332,14.99406623840332,165330504
2011-08-01,GOOGL,15.181092569184287,15.287395583988229,14.882050089141481,15.070565223693848,158485356
2011-08-02,GOOGL,15.051440034205022,15.14259300288347,14.693037347933243,14.713652610778809,127895976
2011-08-03,GOOGL,14.760100140280034,14.976929568429979,14.495830046125624,14.931477546691895,152874972
2011-08-04,GOOGL,14.76580968661174,14.873852404287035,14.342830497087855,14.344071388244629,196387416
2011-08-05,GOOGL,14.468757890039367,14.654044451720736,13.958598216597007,14.381826400756836,236926836
2011-08-08,GOOGL,13.982937431165826,14.13245772081716,13.520216583398497,13.561695098876953,299564136
2011-08-09,GOOGL,13.9337587860676,14.27179609439301,13.437260337067519,14.24199104309082,258529212
2011-08-10,GOOGL,13.94319804529872,14.011252078957394,13.604167821706852,13.63595962524414,214569216
2011-08-11,GOOGL,13.755426640294974,14.120039472403711,13.621057337444373,13.961825370788574,193030776
2011-08-12,GOOGL,14.144877868984029,14.169715571236665,13.91885771270541,14.002559661865234,126045828
2011-08-15,GOOGL,13.745739724094886,14.032859775768753,13.562439947845785,13.84012222290039,285510204
2011-08-16,GOOGL,13.720903607483852,13.721151596410621,13.171252242181257,13.387336730957031,277298424
2011-08-17,GOOGL,13.412919178977447,13.503824156925177,13.182925543118147,13.242037773132324,163000836
2011-08-18,GOOGL,13.001613497031999,13.036881878661088,12.43085085496236,12.539887428283691,251376372
2011-08-19,GOOGL,12.402287572137716,12.788011624117168,12.191666415792044,12.193156242370605,216183600
2011-08-22,GOOGL,12.5180289832658,12.592541133789963,12.282819068717085,12.3732271194458,196039764
2011-08-23,GOOGL,12.505610170610634,12.950447405567477,12.39533271338921,12.88611888885498,173698128
2011-08-24,GOOGL,12.89878772183153,13.163801781427301,12.8466295867966,12.997142791748047,143636220
2011-08-25,GOOGL,13.173239999662727,13.344369409616776,12.873204610592577,12.916421890258789,131588280
2011-08-26,GOOGL,12.9151800827251,13.17497879269943,12.745043574678249,13.08581256866455,143708148
2011-08-29,GOOGL,13.277059027247732,13.398514923369692,13.252222272355665,13.389324188232422,93338568
2011-08-30,GOOGL,13.367217943808063,13.48643719656607,13.183919111742227,13.429559707641602,119440440
2011-08-31,GOOGL,13.529903580688346,13.568650432619599,13.31282523247481,13.436018943786621,107624268
2011-09-01,GOOGL,13.430801922848284,13.507300827203235,13.194102172674992,13.2258939743042,96523380
2011-09-02,GOOGL,13.026449975028646,13.112138665320115,12.933558247808886,13.035639762878418,95951952
2011-09-06,GOOGL,12.686923379250654,12.983978148863272,12.67947235309579,12.969573020935059,108523368
2011-09-07,GOOGL,13.17497775323942,13.311334748560567,13.099223761780712,13.263895034790039,110121768
2011-09-08,GOOGL,13.25818277832703,13.38982041193429,13.210991999978964,13.286993980407715,95124780
2011-09-09,GOOGL,13.198574166027441,13.279296463879357,12.944985582707274,13.035889625549316,130621248
2011-09-12,GOOGL,12.864759295590805,13.21322729246325,12.853333820546943,13.166781425476074,106709184
2011-09-13,GOOGL,13.213475219020143,13.260170021246783,12.999874397588579,13.15187931060791,94073832
2011-09-14,GOOGL,13.228129076160565,13.336419777359259,13.059980287365569,13.215213775634766,107668224
2011-09-15,GOOGL,13.300407652784711,13.535865592284576,13.277059776736444,13.475759506225586,118313568
2011-09-16,GOOGL,13.531393958965584,13.582062262419656,13.490163432757228,13.578088760375977,141230628
2011-09-19,GOOGL,13.420868532544347,13.658065230262652,13.297426826985522,13.577840805053711,98637264
2011-09-20,GOOGL,13.645645056127831,13.872162108308707,13.478489167800136,13.576845169067383,111052836
2011-09-21,GOOGL,13.603174521461014,13.784735548741999,13.383860491953298,13.392304420471191,100471428
2011-09-22,GOOGL,13.070660586856363,13.133499277333604,12.766402782453104,12.931819915771484,175835988
2011-09-23,GOOGL,12.82998674910223,13.074883394074753,12.7788215206983,13.052281379699707,110980908
2011-09-26,GOOGL,13.09549814903342,13.236575461788767,12.74777600427263,13.210744857788086,105262632
2011-09-27,GOOGL,13.367467244659856,13.587279153710654,13.314068221010947,13.395782470703125,120315564
2011-09-28,GOOGL,13.44943119496795,13.512020953018673,13.1066754593256,13.134989738464355,90441468
2011-09-29,GOOGL,13.313820383849501,13.345115265878515,12.900774888595437,13.101709365844727,116147736
2011-09-30,GOOGL,12.920642520398104,13.014777035569379,12.77584064881608,12.792234420776367,108835056
2011-10-03,GOOGL,12.663329267699398,12.716729238391503,12.294493984372115,12.307409286499023,178797024
2011-10-04,GOOGL,12.171052698901457,12.504122687239397,11.936836597345751,12.465871810913086,166185648
2011-10-05,GOOGL,12.32802401794269,12.612412427480239,11.941058109181254,12.535415649414062,181182636
2011-10-06,GOOGL,12.60496118754223,12.796954799695172,12.483258244562196,12.784039497375488,136835028
2011-10-07,GOOGL,12.836693287032025,12.927846254154606,12.674504744386537,12.794220924377441,114121764
2011-10-10,GOOGL,13.044084935591366,13.349335639054917,12.994906460133127,13.34188461303711,92795112
2011-10-11,GOOGL,13.249737472558165,13.581068652016292,13.249737472558165,13.491156578063965,114021864
2011-10-12,GOOGL,13.614101227868534,13.790446903748558,13.527170700818457,13.623291015625,126984888
2011-10-13,GOOGL,13.661293185145015,13.884083781462452,13.611369797181116,13.883835792541504,227276496
2011-10-14,GOOGL,14.889252736992963,14.892481325743699,14.593687788983798,14.695769309997559,340854804
2011-10-17,GOOGL,14.498063294356154,14.699494656772668,14.355993095285465,14.465526580810547,160167672
2011-10-18,GOOGL,14.410387784674878,14.717626191923255,14.341090969635097,14.666709899902344,151879968
2011-10-19,GOOGL,14.587975865718613,14.705207430968416,14.386296494405089,14.423055648803711,117142740
2011-10-20,GOOGL,14.452860159758156,14.626473234367767,14.393498046231882,14.496821403503418,135024840
2011-10-21,GOOGL,14.641874158056387,14.72234657139156,14.572080413809859,14.666213989257812,135504360
2011-10-24,GOOGL,14.57257817474258,14.901672777758218,14.567113898888339,14.813499450683594,136938924
2011-10-25,GOOGL,14.731040997011343,14.778231784210016,14.476458545807336,14.48415756225586,101518380
2011-10-26,GOOGL,14.642866545504884,14.658513511689724,14.228331264974473,14.562393188476562,114809076
2011-10-27,GOOGL,14.863173676660429,14.969478585147499,14.736006461827913,14.869383811950684,151060788
2011-10-28,GOOGL,14.766308691872037,14.959543192939051,14.759602578583605,14.905895233154297,100219680
2011-10-31,GOOGL,14.78046597352445,14.89471788946911,14.695522186564112,14.719614028930664,102209688
2011-11-01,GOOGL,14.408154173225789,14.542523483316483,14.324948201570598,14.372139930725098,124878996
2011-11-02,GOOGL,14.527372600525041,14.60337458345652,14.417592063682088,14.525384902954102,84751164
2011-11-03,GOOGL,14.579529954288397,14.84032154083252,14.498063700423913,14.84032154083252,106685208
2011-11-04,GOOGL,14.740972995338772,14.895958503082072,14.714397479582836,14.806543350219727,113278608
2011-11-07,GOOGL,14.73650327298552,15.120488590039217,14.709430831557867,15.1093111038208,134161704
2011-11-08,GOOGL,15.125952006488008,15.259329348011939,14.991830698187146,15.208909034729004,121054824
2011-11-09,GOOGL,15.008224157600093,15.135639358544028,14.869133599682566,14.92601203918457,148291560
2011-11-10,GOOGL,15.049701634726858,15.050198559118716,14.692789712995713,14.780217170715332,114621264
2011-11-11,GOOGL,14.934706014436676,15.202700656392048,14.867644883451787,15.109808921813965,158920920
2011-11-14,GOOGL,15.101115128877487,15.351476053833801,15.09565180003486,15.225301742553711,127420452
2011-11-15,GOOGL,15.220334901928302,15.351476568569911,15.16320941740043,15.31372356414795,106932960
2011-11-16,GOOGL,15.202451670354447,15.356940260044595,15.165941451626509,15.187300682067871,104235660
2011-11-17,GOOGL,15.152032435676384,15.207668091852298,14.822439989740934,14.924025535583496,139592268
2011-11-18,GOOGL,14.95209113639479,15.014184913902922,14.747183185054162,14.775248527526855,131376492
2011-11-21,GOOGL,14.598407713002908,14.616787290480387,14.209207050578097,14.429017066955566,119931948
2011-11-22,GOOGL,14.405669212341309,14.529110906759305,14.287442857576751,14.405669212341309,96115788
2011-11-23,GOOGL,14.2901743632025,14.411878240733147,14.160027503967285,14.160027503967285,92938968
2011-11-25,GOOGL,14.037828495384614,14.263351719284584,13.941955214169043,13.983434677124023,62433504
2011-11-28,GOOGL,14.390020953027117,14.62473394831003,14.318737389477102,14.609086036682129,113042844
2011-11-29,GOOGL,14.601388882163775,14.662985741270322,14.438704342990226,14.47844409942627,73198728
2011-11-30,GOOGL,14.851499907359424,14.890246758909354,14.705953118155968,14.887266159057617,135744120
2011-12-01,GOOGL,14.902416847818222,15.299814403261259,14.877580092179718,15.244427680969238,144679176
2011-12-02,GOOGL,15.325894675767683,15.4985139111362,15.306272313955429,15.408105850219727,163264572
2011-12-05,GOOGL,15.58892193618831,15.694728027924109,15.458774120581749,15.539495468139648,127772100
2011-12-06,GOOGL,15.473426340885213,15.61326086153274,15.405124321428442,15.49280071258545,92966940
2011-12-07,GOOGL,15.4408907804011,15.539742765576907,15.351972550354416,15.483362197875977,90201708
2011-12-08,GOOGL,15.42499548805267,15.584202495788412,15.282428349022378,15.301056861877441,96427476
2011-12-09,GOOGL,15.349487953853272,15.625928410648278,15.324900135138,15.583456993103027,110537352
2011-12-12,GOOGL,15.445858661246985,15.552658600713539,15.406366895694378,15.533037185668945,87268644
2011-12-13,GOOGL,15.616738393301143,15.810469805603942,15.469949770824055,15.538997650146484,160966872
2011-12-14,GOOGL,15.445114301448298,15.506462224278929,15.212636019438243,15.351228713989258,155991852
2011-12-15,GOOGL,15.461755365468681,15.498514521967403,15.366627938688511,15.387739181518555,96247656
2011-12-16,GOOGL,15.506461830842255,15.630648446618535,15.435675185358198,15.547195434570312,178193628
2011-12-19,GOOGL,15.598110084920489,15.61027952579233,15.399163342404357,15.44461441040039,85654260
2011-12-20,GOOGL,15.59786354581691,15.693238956409495,15.597613663831316,15.65672779083252,95432472
2011-12-21,GOOGL,15.647785656934383,15.69274075031441,15.373331948618292,15.543717384338379,99816084
2011-12-22,GOOGL,15.596619954931475,15.690505533981703,15.573273027893942,15.640085220336914,72819108
2011-12-23,GOOGL,15.697212530331637,15.763776737593936,15.661447224457294,15.725526809692383,58089852
2011-12-27,GOOGL,15.698453523507794,16.007429743916582,15.697211685822339,15.902119636535645,64191744
2011-12-28,GOOGL,15.964213196453871,16.02009778458359,15.848718507188796,15.888459205627441,85002912
2011-12-29,GOOGL,15.932916717134914,15.970421727617811,15.77669032668383,15.955519676208496,62952984
2011-12-30,GOOGL,15.946082599195622,16.06381108913639,15.946082599195622,16.042451858520508,71220708
2012-01-03,GOOGL,16.21730599632677,16.595082106962824,16.203149803926806,16.527027130126953,146912940
2012-01-04,GOOGL,16.517589138684226,16.647241920746097,16.408057535505616,16.598312377929688,114445440
2012-01-05,GOOGL,16.445562398255795,16.491262405306994,16.299021760095265,16.36806869506836,131184684
2012-01-06,GOOGL,16.37154521140848,16.392658344553876,16.139067902249238,16.1447811126709,107608284
2012-01-09,GOOGL,16.057353397705366,16.0697717747644,15.429713287474963,15.4602632522583,232671096
2012-01-10,GOOGL,15.64132812123962,15.741918867307021,15.322415304715962,15.477152824401855,175648176
2012-01-11,GOOGL,15.486094555716885,15.632387208789988,15.426982321023623,15.547195434570312,95904000
2012-01-12,GOOGL,15.677837453438203,15.719315965823787,15.56060495309525,15.638594627380371,74932992
2012-01-13,GOOGL,15.554645629008332,15.57178336886017,15.42549166123393,15.523102760314941,92199708
2012-01-17,GOOGL,15.696714347631623,15.696714347631623,15.540239017298868,15.61226749420166,76295628
2012-01-18,GOOGL,15.563835882184126,15.74688769704072,15.451820597442156,15.719815254211426,110357532
2012-01-19,GOOGL,15.920500346672211,15.920500346672211,15.683800577136504,15.885231018066406,251959788
2012-01-20,GOOGL,14.66720544408278,14.678879853898502,14.447892370307661,14.554444313049316,422628948
2012-01-23,GOOGL,14.554693738556288,14.620760072119152,14.48415508553205,14.542771339416504,136379484
2012-01-24,GOOGL,14.562642440799003,14.596420995900827,14.355994768383413,14.4287691116333,122109768
2012-01-25,GOOGL,14.343825196253297,14.373630250815273,14.067385657834766,14.144630432128906,199308492
2012-01-26,GOOGL,14.206473817176438,14.268566649047656,14.021932190611789,14.11010456085205,128918952
2012-01-27,GOOGL,14.176669473076245,14.413618177134625,14.140654284731696,14.405173301696777,144555300
2012-01-30,GOOGL,14.357237011271177,14.405669628774136,14.241742317458302,14.348295211791992,93126780
2012-01-31,GOOGL,14.480182940382816,14.505020643236389,14.285208724049319,14.408402442932129,85610304
2012-02-01,GOOGL,14.528365356924708,14.542274507168369,14.384309343223853,14.426283836364746,92735172
2012-02-02,GOOGL,14.526625852088735,14.564875776672439,14.457330932913928,14.532587051391602,96491412
2012-02-03,GOOGL,14.67043565855978,14.829643607738168,14.605610215355263,14.811263084411621,126613260
2012-02-06,GOOGL,14.778477351308256,15.171404456970764,14.753640597128008,15.12818717956543,147036816
2012-02-07,GOOGL,15.080003947782076,15.135639603937513,14.995805076944482,15.070565223693848,83600316
2012-02-08,GOOGL,15.11701117460189,15.184321241768789,15.020145936829245,15.147065162658691,73382544
2012-02-09,GOOGL,15.200960922779736,15.262557774469188,15.125951845750459,15.187051773071289,90497412
2012-02-10,GOOGL,15.098134375836128,15.104343564478553,15.001766064364924,15.049205780029297,92914992
2012-02-13,GOOGL,15.163208509564127,15.246164593615015,15.151287056868295,15.205431938171387,72579348
2012-02-14,GOOGL,15.189038965688754,15.200463493174347,15.020641241246597,15.144827842712402,72075852
2012-02-15,GOOGL,15.223562924182685,15.223562924182685,14.965998978684349,15.040511131286621,96938964
2012-02-16,GOOGL,14.972457017236037,15.12123238614866,14.846034726063348,15.06435489654541,101134764
2012-02-17,GOOGL,15.025857988088305,15.091926216565296,14.962026392666585,15.017662048339844,97866036
2012-02-21,GOOGL,14.998538361638293,15.346509453811544,14.973948648029895,15.250140190124512,99132768
2012-02-22,GOOGL,15.199470466102111,15.31918664791555,15.069074669492647,15.099624633789062,78601320
2012-02-23,GOOGL,15.076279515291402,15.099626445200117,14.911111297133987,15.054174423217773,82117800
2012-02-24,GOOGL,15.08497027913073,15.19177115764133,15.039269328032866,15.148305892944336,77346576
2012-02-27,GOOGL,15.066094632076998,15.20940573527556,15.02809364024555,15.133652687072754,72483444
2012-02-28,GOOGL,15.15079020241899,15.393451160195248,15.09316685013476,15.359175682067871,113790096
2012-02-29,GOOGL,15.364390495536881,15.53825250216882,15.287394666854725,15.355697631835938,125350524
2012-03-01,GOOGL,15.455296088748343,15.540736795604357,15.353214567127011,15.458773612976074,89418492
2012-03-02,GOOGL,15.448838625517865,15.498513079960071,15.407112121647318,15.43021011352539,62869068
2012-03-05,GOOGL,15.40984239523443,15.461008567875481,15.185065045764814,15.256348609924316,63668268
2012-03-06,GOOGL,15.102355908572312,15.121232408827906,14.749417507188088,15.025609016418457,126849024
2012-03-07,GOOGL,15.12719368457344,15.180345661568188,15.047963116711285,15.071310043334961,50529420
2012-03-08,GOOGL,15.151784276265447,15.188047454757504,15.060135320746278,15.079756736755371,53766180
2012-03-09,GOOGL,15.099873328799283,15.19798039748506,14.902415460716172,14.908624649047852,106717176
2012-03-12,GOOGL,14.902415682979514,15.076277691472708,14.884036106634571,15.030328750610352,66693240
2012-03-13,GOOGL,15.119743277728515,15.345763420303339,15.04026377116623,15.344024658203125,89742168
2012-03-14,GOOGL,15.27497750246337,15.468212002803554,15.236728520534479,15.299566268920898,117358524
2012-03-15,GOOGL,15.314716732904882,15.486094125400866,15.270754541521537,15.427229881286621,97306596
2012-03-16,GOOGL,15.421270017239937,15.545952610584488,15.400405817758479,15.524344444274902,121897980
2012-03-19,GOOGL,15.476656931071147,15.828105539919902,15.429963073536973,15.746390342712402,86825088
2012-03-20,GOOGL,15.670387955291195,15.798051146881658,15.579730960515676,15.734219551086426,61558380
2012-03-21,GOOGL,15.76203795626488,16.079459068234975,15.709879824210454,15.895415306091309,98685216
2012-03-22,GOOGL,15.858654683587504,16.114479877491917,15.672374294484548,16.04617691040039,96311592
2012-03-23,GOOGL,16.05983630408081,16.107028027690617,15.918264919341775,15.96023941040039,77530392
2012-03-26,GOOGL,16.020099673212567,16.131618980649264,15.884487576338646,16.127643585205078,72695232
2012-03-27,GOOGL,16.070516619897912,16.231213437767718,16.01512801144851,16.070268630981445,80207712
2012-03-28,GOOGL,16.194704046176653,16.35763846124293,16.171109128674782,16.2873477935791,101454444
2012-03-29,GOOGL,16.229723153299375,16.307960814669084,16.002711076699548,16.10479164123535,76895028
2012-03-30,GOOGL,16.18774969354199,16.230966023116796,15.920747022003637,15.926708221435547,92335572
2012-04-02,GOOGL,15.915037335084152,16.082193246092782,15.76775082885408,16.067787170410156,91276632
2012-04-03,GOOGL,16.030280088255005,16.093367711949845,15.862131296594365,15.960983276367188,81714204
2012-04-04,GOOGL,15.857411976540678,15.871072190601042,15.674857110575562,15.7754487991333,65038896
2012-04-05,GOOGL,15.70317243638149,15.80724070310175,15.612019470525256,15.705159187316895,92655252
2012-04-09,GOOGL,15.60978451022492,15.779920062272554,15.530552992818308,15.668400764465332,87220692
2012-04-10,GOOGL,15.734966715576459,15.759306548044348,15.512175137646873,15.569549560546875,99180720
2012-04-11,GOOGL,15.746141048059378,15.796561361258362,15.679824834057607,15.795567512512207,87872040
2012-04-12,GOOGL,15.954277176949029,16.222271781423668,15.902367988083615,16.169368743896484,230033736
2012-04-13,GOOGL,16.08343111750743,16.11919831315254,15.487086864235001,15.513415336608887,326045628
2012-04-16,GOOGL,15.473675216924228,15.493792607580685,14.943645295486371,15.053177833557129,227456316
2012-04-17,GOOGL,15.115024332649101,15.341790341322366,15.07652641601749,15.140110969543457,120835044
2012-04-18,GOOGL,15.10235684861395,15.220334272662928,14.972209036188394,15.087454795837402,106673220
2012-04-19,GOOGL,15.04374082196848,15.306272137336435,14.877579712806767,14.885029792785645,131652216
2012-04-20,GOOGL,15.007974973984945,15.122226882449393,14.798844582478354,14.804556846618652,122213664
2012-04-23,GOOGL,14.726069339191003,14.86391710212327,14.659009160691264,14.842805862426758,87824088
2012-04-24,GOOGL,14.858703840019885,15.067089334556165,14.835853835143407,14.933960914611816,77086836
2012-04-25,GOOGL,15.001765805192267,15.184320680738978,14.97394750472761,15.143835067749023,72771156
2012-04-26,GOOGL,15.173392594350021,15.349488404769414,15.143339553007195,15.286650657653809,83616300
2012-04-27,GOOGL,15.275472761070311,15.318193111531103,15.165691285290533,15.274478912353516,65390544
2012-04-30,GOOGL,15.225053025301136,15.301799919160446,14.917566632441448,15.022876739501953,96195708
2012-05-01,GOOGL,14.996550502205391,15.190528960000744,14.907135347512002,15.012446403503418,80011908
2012-05-02,GOOGL,14.93222187607274,15.103848211251472,14.917567811661511,15.08273696899414,64395540
2012-05-03,GOOGL,15.141353115174272,15.270755071840336,15.124711353219647,15.176124572753906,74645280
2012-05-04,GOOGL,15.049453557326085,15.098383098967483,14.823185425851273,14.82715892791748,88207704
2012-05-07,GOOGL,14.778230261327282,15.164948201968572,14.778230261327282,15.08993911743164,79700220
2012-05-08,GOOGL,15.039766907320553,15.322167618947985,14.919802733672013,15.220086097717285,106984908
2012-05-09,GOOGL,15.071808328779717,15.30925301140846,14.9473727764937,15.129678726196289,93058848
2012-05-10,GOOGL,15.224308729281672,15.30453315051151,15.156502685372121,15.241695404052734,61374564
2012-05-11,GOOGL,15.159483421662436,15.263800631659633,15.020890732734658,15.032316207885742,83892024
2012-05-14,GOOGL,14.921791667133734,15.113535401791644,14.916823369334777,15.0017671585083,72903024
2012-05-15,GOOGL,15.035295924582167,15.274976274077554,14.995556172611312,15.178359031677246,83999916
2012-05-16,GOOGL,15.34849611583789,15.65002133664334,15.29832473310738,15.620962142944336,193210596
2012-05-17,GOOGL,15.742665975909535,15.842510870063936,15.429714334090217,15.474918365478516,134017848
2012-05-18,GOOGL,15.525834626750818,15.707644600739489,14.820453726117373,14.912352561950684,238701060
2012-05-21,GOOGL,14.915083141079778,15.292114341809915,14.902415828656828,15.2528715133667,122892984
2012-05-22,GOOGL,15.236230578392691,15.245421313675884,14.803067722361899,14.922286987304688,121953924
2012-05-23,GOOGL,14.943396449073582,15.140853362690635,14.830883310766483,15.13737678527832,126996876
2012-05-24,GOOGL,15.12992738013508,15.198478342626254,14.874352044099304,14.99332332611084,75576348
2012-05-25,GOOGL,14.927254196891397,14.945384838774103,14.611322911156519,14.692044258117676,143132724
2012-05-29,GOOGL,14.798348171247156,14.88080828009476,14.612316711828138,14.761837005615234,104123772
2012-05-30,GOOGL,14.608342910439031,14.701234649794415,14.493346079572484,14.610081672668457,76191732
2012-05-31,GOOGL,14.622250842969297,14.654042645306864,14.380830779130429,14.42702865600586,118613268
2012-06-01,GOOGL,14.20175515005348,14.22311532757195,14.116314439979602,14.181636810302734,122193684
2012-06-04,GOOGL,14.16275888704711,14.417839153902996,14.157543547555116,14.370647430419922,97210692
2012-06-05,GOOGL,14.292659016765853,14.359223219645996,14.069619481310758,14.167478561401367,93502404
2012-06-06,GOOGL,14.318240965939552,14.454598909551285,14.246958346418793,14.41982650756836,83748168
2012-06-07,GOOGL,14.594433940844931,14.601636031814113,14.337366903335303,14.361706733703613,70269660
2012-06-08,GOOGL,14.302594364908066,14.430507436845607,14.271050550823482,14.41684627532959,56359584
2012-06-11,GOOGL,14.51023539926945,14.53780476560037,14.075083898295125,14.120039939880371,106337556
2012-06-12,GOOGL,14.151582747170249,14.164746983776286,13.873652470542337,14.035592079162598,128839032
2012-06-13,GOOGL,13.951642060117655,14.082782768359518,13.876136058112095,13.935994148254395,78089832
2012-06-14,GOOGL,13.941210975875208,14.034847622198864,13.822487693201897,13.885326385498047,93702204
2012-06-15,GOOGL,13.917368468883595,14.021187815923938,13.836646169812239,14.020939826965332,119927952
2012-06-18,GOOGL,13.973997577079382,14.261862584053983,13.890294680292895,14.1784086227417,99776124
2012-06-19,GOOGL,14.246461336816933,14.511973238689416,14.234787873249136,14.443670272827148,82964952
2012-06-20,GOOGL,14.400951774298582,14.40567113672794,14.244476419430566,14.343825340270996,93774132
2012-06-21,GOOGL,14.40169727735481,14.40169727735481,14.001566153161976,14.038325309753418,80371548
2012-06-22,GOOGL,14.107620994760897,14.19405460357666,14.053476113099245,14.19405460357666,89026884
2012-06-25,GOOGL,14.090979925137436,14.109856427269753,13.84310361490762,13.926309585571289,63200736
2012-06-26,GOOGL,13.977473085680376,14.072848493299114,13.896006828303365,14.025160789489746,53953992
2012-06-27,GOOGL,14.100170941740252,14.256397355448572,14.058444434364334,14.139910697937012,67624308
2012-06-28,GOOGL,14.055462948533396,14.063658888207602,13.839625494348333,14.015971183776855,76759164
2012-06-29,GOOGL,14.28048853562979,14.408898533827363,14.211937577685877,14.407407760620117,100679220
2012-07-02,GOOGL,14.450872750960489,14.480181824913995,14.318738188586542,14.417342185974121,66153780
2012-07-03,GOOGL,14.405917941200999,14.614551415029785,14.35599454940246,14.60014533996582,47532420
2012-07-05,GOOGL,14.623245185094476,14.903907140417065,14.617779963203018,14.801080703735352,93742164
2012-07-06,GOOGL,14.714894136935818,14.741470600441616,14.475710697996988,14.55419635772705,86385528
2012-07-09,GOOGL,14.528613656632569,14.619270650826802,14.436716717749057,14.55494213104248,68535396
2012-07-10,GOOGL,14.65876326717854,14.714398926051478,14.374374837257516,14.447894096374512,76847076
2012-07-11,GOOGL,14.31377168520926,14.352269603358572,14.031619891270218,14.18685245513916,139832028
2012-07-12,GOOGL,14.085763151412419,14.20523134093441,13.960830686920845,14.16921615600586,92299608
2012-07-13,GOOGL,14.210695204353573,14.384557214672741,14.121280997059506,14.319234848022461,78960960
2012-07-16,GOOGL,14.315508523303384,14.385549301321104,14.201505557445303,14.279494285583496,58445496
2012-07-17,GOOGL,14.366674875704886,14.422310530915324,14.117555791721564,14.324451446533203,67136796
2012-07-18,GOOGL,14.330660659330617,14.49731963630711,14.309549417970493,14.424546241760254,61866072
2012-07-19,GOOGL,14.558170997461334,14.864664506997087,14.554694419651739,14.730045318603516,186801012
2012-07-20,GOOGL,15.119992604249939,15.223812896354367,14.857213284958652,15.171157836914062,258289452
2012-07-23,GOOGL,14.91433682638039,15.358180178636108,14.858949166557931,15.287642478942871,142325532
2012-07-24,GOOGL,15.274976653772194,15.34775004679894,15.010210608842668,15.090435028076172,80295624
2012-07-25,GOOGL,15.109063211281311,15.234740599254724,15.035792890874152,15.10086727142334,72847080
2012-07-26,GOOGL,15.274976995584476,15.321422862473096,15.151535296457798,15.234243392944336,67340592
2012-07-27,GOOGL,15.371593731286602,15.771723867374863,15.337070264961952,15.770730018615723,141846012
2012-07-30,GOOGL,15.797802999476076,15.960488474734035,15.635118470740778,15.704663276672363,87380532
2012-07-31,GOOGL,15.604320365812997,15.808979386459786,15.603326517029435,15.721303939819336,74549376
2012-08-01,GOOGL,15.828849678465982,15.883740419842228,15.681812117783593,15.714101791381836,73710216
2012-08-02,GOOGL,15.536017003180593,15.846980921377021,15.483858873823072,15.61648941040039,79028892
2012-08-03,GOOGL,15.895911898716076,15.988307659818105,15.800039559691088,15.928945541381836,75808116
2012-08-06,GOOGL,15.886223487586763,16.128885382500016,15.876536775182357,15.96595287322998,71224704
2012-08-07,GOOGL,15.940370591981244,16.00172041012068,15.808236963518413,15.909324645996094,79192728
2012-08-08,GOOGL,15.872314227581104,16.041704859451873,15.858654013349181,15.95129680633545,52835112
2012-08-09,GOOGL,16.007927849156093,16.05412383312225,15.933663682824402,15.954278945922852,42769188
2012-08-10,GOOGL,15.860890411531225,15.951545511115825,15.79979048160666,15.945586204528809,57326616
2012-08-13,GOOGL,16.080205390883233,16.39638372767934,16.06182581303402,16.392908096313477,130585284
2012-08-14,GOOGL,16.3740288848309,16.71181629857589,16.36781969656685,16.60774803161621,146321532
2012-08-15,GOOGL,16.64798625481239,16.746591202483046,16.49449245639472,16.579933166503906,96331572
2012-08-16,GOOGL,16.57918809053015,16.756278707963,16.568507528000154,16.712316513061523,68639292
2012-08-17,GOOGL,16.743358879852135,16.821100561465908,16.683252806047893,16.81836700439453,87020892
2012-08-20,GOOGL,16.777637361490758,16.861340257014202,16.707098703697323,16.77863121032715,70253676
2012-08-21,GOOGL,16.71827850917316,16.83973252608613,16.44655832195379,16.628864288330078,88799112
2012-08-22,GOOGL,16.575960532815284,16.904311201450223,16.55907077913522,16.819366455078125,76291632
2012-08-23,GOOGL,16.747089237786632,16.901328897597228,16.665870018074152,16.809926986694336,71296632
2012-08-24,GOOGL,16.780121084419616,16.900583135911653,16.742369972893478,16.855379104614258,57006936
2012-08-27,GOOGL,16.466920808508796,16.69070525672974,16.373781090396573,16.621658325195312,104443452
2012-08-28,GOOGL,16.516848084686178,16.830294800715844,16.51039090590411,16.82110595703125,82261656
2012-08-29,GOOGL,16.824083067715723,17.11269487396633,16.79378298329403,17.08835220336914,119492388
2012-08-30,GOOGL,16.994714965544954,17.072952631172313,16.893876233114018,16.93113136291504,65010924
2012-08-31,GOOGL,16.988754737808932,17.102509724237365,16.890399675072825,17.015827178955078,84998916
2012-09-04,GOOGL,17.00241787223192,17.013594413730505,16.72796600740752,16.915239334106445,75508416
2012-09-05,GOOGL,16.88940779680946,17.050850506773674,16.868046670906736,16.907289505004883,68259672
2012-09-06,GOOGL,17.03743435036897,17.383418632226228,17.0068843884471,17.371248245239258,121618260
2012-09-07,GOOGL,17.386150563410233,17.690408349713525,17.328280173628425,17.53890037536621,129190680
2012-09-10,GOOGL,17.62856572806409,17.7043178276494,17.34616312750338,17.405277252197266,102297600
2012-09-11,GOOGL,17.3354879324942,17.40230108569417,17.162618789752802,17.192174911499023,74877048
2012-09-12,GOOGL,17.1231262832892,17.25973223013161,16.91126420703279,17.159637451171875,105586308
2012-09-13,GOOGL,17.21452740541154,17.609689269767156,17.151191786204542,17.536170959472656,106253640
2012-09-14,GOOGL,17.624589679857895,17.709036533245868,17.5602621108701,17.626577377319336,104635260
2012-09-17,GOOGL,17.587583521817205,17.70605786931887,17.510339701104915,17.634029388427734,60271668
2012-09-18,GOOGL,17.579385959695113,17.849616273852583,17.55454920622051,17.840179443359375,82589328
2012-09-19,GOOGL,17.82080631687095,18.095506115427025,17.793733876521213,18.06917953491211,123808068
2012-09-20,GOOGL,17.99392342297948,18.16554879993588,17.913202079747023,18.084579467773438,116179704
2012-09-21,GOOGL,18.186163205485915,18.253472319827928,18.134252120620168,18.23037338256836,254109636
2012-09-24,GOOGL,18.156107804893658,18.629011276941203,18.137480241796165,18.612619400024414,142409448
2012-09-25,GOOGL,18.7037739991612,18.997849120071486,18.56990162219037,18.60715675354004,242097660
2012-09-26,GOOGL,18.62429463498236,18.907193218650956,18.404485572247935,18.713956832885742,226689084
2012-09-27,GOOGL,18.875155549046127,18.946934156008105,18.6690047850207,18.789464950561523,157086756
2012-09-28,GOOGL,18.731098990594003,18.859010186164095,18.65658682423318,18.739789962768555,111228660
2012-10-01,GOOGL,18.852797718620067,19.000580187756892,18.782259067158787,18.920604705810547,126593280
2012-10-02,GOOGL,19.005548895779178,19.025170311017543,18.63472781084116,18.801633834838867,111496392
2012-10-03,GOOGL,18.770094044118125,18.973759246194483,18.682665626919842,18.93848991394043,88243668
2012-10-04,GOOGL,18.944697315664857,19.122037809130724,18.861492291013864,19.076335906982422,98069832
2012-10-05,GOOGL,19.14240442709612,19.233558355282714,19.00083112435974,19.066402435302734,109326564
2012-10-08,GOOGL,18.901231934919434,18.965311518263984,18.731096381787722,18.82274627685547,78265656
2012-10-09,GOOGL,18.868196602028867,18.909177242968735,18.44248482746128,18.481229782104492,120007872
2012-10-10,GOOGL,18.425843537701496,18.566670954486238,18.33717330162507,18.492904663085938,81514404
2012-10-11,GOOGL,18.700048990876308,18.839138604427365,18.63522354614154,18.664779663085938,95260644
2012-10-12,GOOGL,18.673970079545917,18.748978213902053,18.481479553191654,18.497623443603516,96071832
2012-10-15,GOOGL,18.42783079039586,18.47477452837702,18.148659610157218,18.403987884521484,120643236
2012-10-16,GOOGL,18.382874759256186,18.553258286315533,18.2917208500849,18.496379852294922,82245672
2012-10-17,GOOGL,18.477753504809225,18.78548883469047,18.3861036117791,18.76437759399414,91624284
2012-10-18,GOOGL,18.765622242734718,18.861991512024293,16.790058847957823,17.261966705322266,497198304
2012-10-19,GOOGL,17.52474455587347,17.55256096168,16.690704819474398,16.933862686157227,458828712
2012-10-22,GOOGL,16.914487392058415,17.004399455767516,16.633576556496326,16.856369018554688,162061776
2012-10-23,GOOGL,16.690955293187173,17.07146500225916,16.690707304232284,16.898099899291992,116547336
2012-10-24,GOOGL,17.05830059623738,17.063267947468084,16.771926361432747,16.822345733642578,99760140
2012-10-25,GOOGL,16.889407359008015,16.939080872758282,16.728212642188318,16.833770751953125,95947956
2012-10-26,GOOGL,16.80247149420998,16.964660026808595,16.67083481659536,16.76894187927246,77953968
2012-10-31,GOOGL,16.885927757693306,16.91424203565778,16.76521772664399,16.8968563079834,61418520
2012-11-01,GOOGL,16.876987404639053,17.160132085712696,16.857613978867295,17.07792091369629,81921996
2012-11-02,GOOGL,17.256748313365385,17.275625760149204,17.07245468352732,17.086116790771484,92883024
2012-11-05,GOOGL,17.001173939856546,17.059790198042283,16.77912917807201,16.96292495727539,65370564
2012-11-06,GOOGL,17.025512797361067,17.050847421273193,16.82855280256819,16.932125091552734,63248688
2012-11-07,GOOGL,16.76521813769558,16.84544350476628,16.553852056973717,16.569499969482422,89202708
2012-11-08,GOOGL,16.64599958333688,16.678039374697946,16.174833864505008,16.201162338256836,103776120
2012-11-09,GOOGL,16.259779929109015,16.599803071090832,16.151736253925318,16.46791648864746,124439436
2012-11-12,GOOGL,16.485797006915057,16.636065049699823,16.414266397249214,16.53919792175293,56179764
2012-11-13,GOOGL,16.467169470919156,16.581420420918473,16.348693244290704,16.369060516357422,63704232
2012-11-14,GOOGL,16.409050079452655,16.446803079599345,16.156701477007974,16.207618713378906,66669264
2012-11-15,GOOGL,16.14428408836706,16.392659204162793,15.992776100671593,16.076231002807617,73882044
2012-11-16,GOOGL,16.044687428791207,16.219294357871117,15.796562191266139,16.074243545532227,137390472
2012-11-19,GOOGL,16.285857875775424,16.614208486552453,16.281636384622114,16.596572875976562,94633272
2012-11-20,GOOGL,16.62886287032341,16.839731090097924,16.50616513294171,16.640287399291992,83464452
2012-11-21,GOOGL,16.61594393491464,16.63606321813675,16.402592074077088,16.538450241088867,84403512
2012-11-23,GOOGL,16.640287816998597,16.641033676903586,16.544166541527147,16.590612411499023,36863100
2012-11-26,GOOGL,16.552611398716138,16.566521496624073,16.368319638844998,16.421222686767578,88095816
2012-11-27,GOOGL,16.39688115466722,16.765218561568616,16.342984260365363,16.658666610717773,100247652
2012-11-28,GOOGL,16.59160385528464,17.01135633294854,16.48927529863513,16.98055648803711,121558320
2012-11-29,GOOGL,17.082640430757383,17.234644398892215,16.939079444811966,17.184722900390625,110948940
2012-11-30,GOOGL,17.170315997591484,17.36677812592238,17.03072852053176,17.345666885375977,126417456
2012-12-03,GOOGL,17.441788197843856,17.532444241716167,17.239858954305348,17.26817512512207,87612300
2012-12-04,GOOGL,17.261963641226956,17.274631899729947,17.030978051564915,17.163360595703125,79588332
2012-12-05,GOOGL,17.191179215925402,17.249547479780038,16.947275481239874,17.083633422851562,74421504
2012-12-06,GOOGL,17.077923382825784,17.27711910508199,17.001425410515278,17.165847778320312,58433508
2012-12-07,GOOGL,17.261967461017026,17.308663217389086,16.949514601874135,16.993972778320312,76695228
2012-12-10,GOOGL,17.023277196217723,17.17876057145627,16.983538391179522,17.024023056030273,54613332
2012-12-11,GOOGL,17.137779091700118,17.433840022439963,17.081150533813297,17.30866050720215,107396496
2012-12-12,GOOGL,17.367026687677615,17.473330646786778,17.224213456813853,17.32554817199707,96942960
2012-12-13,GOOGL,17.78156332954285,17.795223544060523,17.37497507093608,17.45321273803711,137658204
2012-12-14,GOOGL,17.36553671077158,17.580380313636383,17.347157134063167,17.434833526611328,85118796
2012-12-17,GOOGL,17.522759230368727,17.930589365969567,17.48600007417804,17.90227508544922,121294584
2012-12-18,GOOGL,17.798455792238588,18.108922832599728,17.75995692513886,17.90947723388672,120075804
2012-12-19,GOOGL,17.90053361344891,17.957412050883907,17.800438846112982,17.885631561279297,76667256
2012-12-20,GOOGL,17.963869955379963,17.998393422912773,17.807642604111646,17.941516876220703,66213720
2012-12-21,GOOGL,17.733130130367158,17.853590281174032,17.64744143540899,17.77436065673828,140898960
2012-12-24,GOOGL,17.746544017029393,17.763183886667534,17.57168908655546,17.622108459472656,33602364
2012-12-26,GOOGL,17.58658735566629,17.706055536212013,17.446007936637212,17.606456756591797,47248704
2012-12-27,GOOGL,17.56349062040084,17.605714995702893,17.351628563180284,17.54237937927246,65830104
2012-12-28,GOOGL,17.428128635039467,17.557777629774208,17.386402130126953,17.386402130126953,56023920
2012-12-31,GOOGL,17.3861524910961,17.64868380563832,17.286803578342536,17.5694522857666,79816104
2013-01-02,GOOGL,17.86849370921428,18.056760843736896,17.797211090961767,17.963619232177734,101550348
2013-01-03,GOOGL,18.005346343411023,18.1792073913032,17.900780211331796,17.974050521850586,92635272
2013-01-04,GOOGL,18.11487982975625,18.416156064126074,18.073649307512472,18.329225540161133,110429460
2013-01-07,GOOGL,18.266636124185776,18.36424531733632,18.14567811236414,18.249248504638672,66161772
2013-01-08,GOOGL,18.268872473650998,18.287749922359176,17.99293081817604,18.213237762451172,66976956
2013-01-09,GOOGL,18.18765559667258,18.338665724845068,18.09650167241738,18.33295440673828,80907012
2013-01-10,GOOGL,18.44993816176872,18.5038369549396,18.218206668735775,18.41640853881836,73354572
2013-01-11,GOOGL,18.429323647700986,18.440002317041163,18.287750351251006,18.3794002532959,51356592
2013-01-14,GOOGL,18.30513405745578,18.434288961529504,17.941266154065246,17.963619232177734,114441444
2013-01-15,GOOGL,17.866258595649647,18.255459242828728,17.686684319079657,18.005348205566406,156950892
2013-01-16,GOOGL,17.942507948557193,17.990693521804644,17.72567854807934,17.763431549072266,80855064
2013-01-17,GOOGL,17.826019813019332,17.873955500288684,17.659857781976466,17.667308807373047,88371540
2013-01-18,GOOGL,17.643469664951155,17.703327762830227,17.41918731636105,17.498170852661133,128942928
2013-01-22,GOOGL,17.501893759936774,17.518783509138256,17.274879780532867,17.457433700561523,151544304
2013-01-23,GOOGL,18.28004861415263,18.603183884335607,18.27508126313702,18.416902542114258,236127636
2013-01-24,GOOGL,18.410444500724076,18.79765933806134,18.392312913149564,18.732585906982422,135172692
2013-01-25,GOOGL,18.64714685297474,18.838643543125855,18.63423060396921,18.719175338745117,88946964
2013-01-28,GOOGL,18.671733201689268,18.767108604460613,18.575611939112992,18.646150588989258,65018916
2013-01-29,GOOGL,18.547300031211062,18.80064251528057,18.54208469104599,18.719423294067383,69814116
2013-01-30,GOOGL,18.72091265934722,18.899990966706273,18.70029928814664,18.723148345947266,69250680
2013-01-31,GOOGL,18.640689193581284,18.81728193245906,18.634230122722613,18.769346237182617,65302632
2013-02-01,GOOGL,18.831687880328232,19.288695536165186,18.82920420479799,19.263856887817383,149694156
2013-02-04,GOOGL,19.067392272433704,19.136441100336125,18.833425122688837,18.852052688598633,121498380
2013-02-05,GOOGL,18.90446200056676,19.15233927673629,18.86323336173174,19.018962860107422,74753172
2013-02-06,GOOGL,18.853296517306788,19.198286990538637,18.839138431314606,19.128990173339844,83040876
2013-02-07,GOOGL,19.117317495562048,19.34358562928471,19.01299934070937,19.222875595092773,113494392
2013-02-08,GOOGL,19.37637055012523,19.53880518986772,19.362212464785813,19.50651741027832,120683196
2013-02-11,GOOGL,19.33339983695992,19.44765268645736,19.217907042861942,19.433246612548828,86625288
2013-02-12,GOOGL,19.41660631774833,19.569356145792245,19.35749408413203,19.390527725219727,74285640
2013-02-13,GOOGL,19.376372526292304,19.50602152877035,19.372397130885822,19.444177627563477,47880072
2013-02-14,GOOGL,19.36643406610876,19.590218517219657,19.317754407520802,19.56736946105957,69342588
2013-02-15,GOOGL,19.55693658490606,19.70248336664427,19.548739699103546,19.693294525146484,109082808
2013-02-19,GOOGL,19.770289467238058,20.043747409188242,19.752653858759178,20.040021896362305,117154728
2013-02-20,GOOGL,20.001527164460377,20.092679190942807,19.665975411555063,19.682615280151367,110457432
2013-02-21,GOOGL,19.82021708362671,20.005254712896445,19.6518193246461,19.758867263793945,140115744
2013-02-22,GOOGL,19.851509617152917,19.90093513964323,19.715897523444283,19.862686157226562,82073844
2013-02-25,GOOGL,19.927014471998852,20.0787704481351,19.633685210372363,19.640640258789062,92063844
2013-02-26,GOOGL,19.745702437858913,19.769297354495066,19.482425269526946,19.624744415283203,88011900
2013-02-27,GOOGL,19.74073596672196,19.987867362691883,19.64908606741759,19.864425659179688,80962956
2013-02-28,GOOGL,19.897210767270977,20.043501524582243,19.895471058609147,19.899694442749023,90541368
2013-03-01,GOOGL,19.815247512993764,20.047228859563408,19.774264974706405,20.023632049560547,86928984
2013-03-04,GOOGL,20.00152761270566,20.437176041119045,19.9940765860546,20.403892517089844,110912976
2013-03-05,GOOGL,20.588433144987178,20.867108343045548,20.587687285140465,20.828611373901367,161602236
2013-03-06,GOOGL,20.88896471239944,20.962731005874062,20.585452770685013,20.64928436279297,114805080
2013-03-07,GOOGL,20.71584960272241,20.779433211993418,20.604578286498153,20.679588317871094,82025892
2013-03-08,GOOGL,20.72677765440226,20.73721022741191,20.492064638661383,20.65276336669922,116359524
2013-03-11,GOOGL,20.65698426036924,20.855931964263924,20.65226489840938,20.734725952148438,63724212
2013-03-12,GOOGL,20.632644618504482,20.661950851884114,20.457787815661664,20.555646896362305,80251668
2013-03-13,GOOGL,20.562849359051604,20.63214617121651,20.42400774580211,20.498519897460938,65586348
2013-03-14,GOOGL,20.540248455469857,20.540248455469857,20.30181181794963,20.40488624572754,65981952
2013-03-15,GOOGL,20.32937958617677,20.37408763743216,20.20121852515965,20.22506332397461,123864012
2013-03-18,GOOGL,19.9940767456115,20.186813377338698,19.90640034772081,20.063373565673828,73458468
2013-03-19,GOOGL,20.149059055385354,20.34800864912034,20.030088731698505,20.151046752929688,83844072
2013-03-20,GOOGL,20.287903627808575,20.304793380257475,20.154031232193077,20.235248565673828,58493448
2013-03-21,GOOGL,20.150302973494842,20.290136550516262,20.114537668681248,20.14955711364746,59044896
2013-03-22,GOOGL,20.23599077067797,20.248409147281098,20.109319543235618,20.125961303710938,59468472
2013-03-25,GOOGL,20.17812052263482,20.347510209583916,20.039278906520522,20.10931968688965,68411520
2013-03-26,GOOGL,20.20519588419477,20.217614262682364,20.063374594384516,20.17837142944336,47628324
2013-03-27,GOOGL,20.03580184167413,20.04374884572097,19.902921421935236,19.935956954956055,86441472
2013-03-28,GOOGL,19.968989912786107,20.003265392537735,19.703478939183746,19.725584030151367,91420488
2013-04-01,GOOGL,19.745948906679285,19.925771159057426,19.702234707945554,19.899444580078125,72219708
2013-04-02,GOOGL,19.982651347236636,20.238227610033743,19.969237228086808,20.193767547607422,81578340
2013-04-03,GOOGL,20.204200144171953,20.22257972122235,19.886530101402393,20.023880004882812,69470460
2013-04-04,GOOGL,19.975444358018546,20.012701379155846,19.653800846642266,19.747438430786133,97806096
2013-04-05,GOOGL,19.52365464135162,19.546753578752497,19.283724414913383,19.448894500732422,137218644
2013-04-08,GOOGL,19.342094961806104,19.361966259506154,19.085028859950498,19.245229721069336,113170716
2013-04-09,GOOGL,19.2613726441997,19.466281548537363,19.202012422168565,19.314773559570312,86205708
2013-04-10,GOOGL,19.445665963520103,19.67988299159594,19.273790702820246,19.625986099243164,79064856
2013-04-11,GOOGL,19.693046577872842,19.69850990638926,19.47397959846293,19.631200790405273,81066852
2013-04-12,GOOGL,19.67094062166638,19.673672285804173,19.445912452765736,19.62275505065918,65402532
2013-04-15,GOOGL,19.520924511588884,19.79537633167408,19.29912585454006,19.421077728271484,98025876
2013-04-16,GOOGL,19.53681961294159,19.770538766910366,19.47050434441621,19.705215454101562,69610320
2013-04-17,GOOGL,19.54079389074502,19.642378489554407,19.325950282540415,19.436725616455078,81398520
2013-04-18,GOOGL,19.50602017072399,19.517198603219672,18.907689128887267,19.023183822631836,132767100
2013-04-19,GOOGL,19.103905711327926,19.95533133923774,19.031879114570255,19.866662979125977,231895872
2013-04-22,GOOGL,19.8847900313762,19.968244932966623,19.24895397951748,19.872621536254883,115220664
2013-04-23,GOOGL,19.894725600339292,20.254866089838426,19.878829699862408,20.066102981567383,91600308
2013-04-24,GOOGL,20.071318455783565,20.31696000154089,20.068586791553233,20.203950881958008,73090836
2013-04-25,GOOGL,20.273497599126117,20.27896092810297,20.059397952340316,20.095909118652344,79608312
2013-04-26,GOOGL,20.05865277182356,20.06213029598268,19.784944928562485,19.9051570892334,99408492
2013-04-29,GOOGL,19.950610247238917,20.43369649706116,19.944401058401514,20.343290328979492,91939968
2013-04-30,GOOGL,20.341798849880366,20.556394476385055,20.30901319660377,20.480144500732422,92175732
2013-05-01,GOOGL,20.44760427381698,20.483867446948075,20.276225002219004,20.3773136138916,58141800
2013-05-02,GOOGL,20.36912283292071,20.72802344642312,20.343042344325788,20.60532569885254,80651268
2013-05-03,GOOGL,20.787875943543398,21.032275653102488,20.7640330390486,21.005451202392578,100403496
2013-05-06,GOOGL,21.06854169600745,21.406081169196415,21.06854169600745,21.398630142211914,85566348
2013-05-07,GOOGL,21.434891320668964,21.4562505507552,21.128397821855497,21.291330337524414,78281640
2013-05-08,GOOGL,21.285618257508798,21.704874807800532,21.184033655384127,21.698665618896484,98633268
2013-05-09,GOOGL,21.629367770427535,21.84843286646206,21.564540433870626,21.645263671875,87935976
2013-05-10,GOOGL,21.740394723385833,21.87029362104411,21.66215704080056,21.862594604492188,75832092
2013-05-13,GOOGL,21.829304106797416,21.918222324402755,21.692450203211312,21.7955265045166,57882060
2013-05-14,GOOGL,21.794781793158116,22.072711105367794,21.78584094106048,22.033220291137695,63108828
2013-05-15,GOOGL,22.241855969661465,22.760459496049215,22.205096817418013,22.748289108276367,159276564
2013-05-16,GOOGL,22.825533597555665,22.84987626686302,22.40354730111116,22.449745178222656,128255616
2013-05-17,GOOGL,22.602492048787642,22.68867671017222,22.3665372362817,22.581628799438477,111568320
2013-05-20,GOOGL,22.47781431920347,22.86527719795775,22.47781431920347,22.56549072265625,90817092
2013-05-21,GOOGL,22.552819619686577,22.64322767643667,22.294263708487584,22.52674102783203,79240680
2013-05-22,GOOGL,22.41720797283352,22.584859838537753,22.027757470634658,22.090843200683594,102321576
2013-05-23,GOOGL,21.782365193526072,22.10425671878744,21.707853038515676,21.92617416381836,90912996
2013-05-24,GOOGL,21.739149339063378,21.827571600379734,21.633591230063796,21.69096565246582,91780128
2013-05-28,GOOGL,21.94380873309315,22.15840435363496,21.866812899692505,21.8884220123291,90209700
2013-05-29,GOOGL,21.75032406027331,21.806952613090925,21.466681532263884,21.566526412963867,80455464
2013-05-30,GOOGL,21.60651521296291,21.829553794503568,21.51933669694602,21.627378463745117,84743172
2013-05-31,GOOGL,21.56181144785155,21.782366378576064,21.54690750160242,21.638805389404297,78697224
2013-06-03,GOOGL,21.68301704367395,21.707107938668013,21.236440075838072,21.549638748168945,98928972
2013-06-04,GOOGL,21.55510153633855,21.623156508619807,21.212842763640168,21.3377742767334,74669256
2013-06-05,GOOGL,21.422469179516526,21.594840403982108,21.288844802806274,21.352676391601562,84187728
2013-06-06,GOOGL,21.466931254024654,21.51735062279821,21.04270926538943,21.47537612915039,103060836
2013-06-07,GOOGL,21.618936544128985,21.85687910278902,21.492267195576407,21.85017204284668,106877016
2013-06-10,GOOGL,21.909034611133723,22.130085489420257,21.859111225313974,22.110713958740234,93418488
2013-06-11,GOOGL,21.955480001938856,22.030738015430448,21.844954555637592,21.852157592773438,70233696
2013-06-12,GOOGL,21.992490203722127,22.005902429955057,21.599812022783624,21.657682418823242,88103808
2013-06-13,GOOGL,21.583168214602946,21.84843116769804,21.496733665626184,21.782363891601562,82713204
2013-06-14,GOOGL,21.859363846031474,21.97361671521886,21.711085376705334,21.733686447143555,89710200
2013-06-17,GOOGL,21.837752722432636,22.09109330165013,21.814157805268184,22.01211166381836,85766148
2013-06-18,GOOGL,22.071719615950244,22.378463000706276,22.064270482610233,22.3690242767334,86589324
2013-06-19,GOOGL,22.387649746357567,22.62286060552626,22.29153037916006,22.370512008666992,116519364
2013-06-20,GOOGL,22.20435313825856,22.37846409718695,21.939090149589585,21.974607467651367,134745120
2013-06-21,GOOGL,22.06402387378204,22.10227475322223,21.68475786649689,21.879980087280273,159132708
2013-06-24,GOOGL,21.655199756554477,21.7654772249426,21.440854008783504,21.603290557861328,120555324
2013-06-25,GOOGL,21.788821801739225,21.848927880648034,21.47214562447926,21.514122009277344,102025872
2013-06-26,GOOGL,21.701647112661885,21.807205226027442,21.62266357284102,21.69916343688965,73182744
2013-06-27,GOOGL,21.827073643307877,21.97336439863167,21.773672728210066,21.78410530090332,76982940
2013-06-28,GOOGL,21.730205907127868,21.902577142841174,21.712572190575568,21.866065979003906,93878028
2013-07-01,GOOGL,22.017079728008547,22.156913312944717,21.981064539177126,22.052597045898438,68923008
2013-07-02,GOOGL,22.11021940167808,22.130088806201773,21.789073714709538,21.91425323486328,75584340
2013-07-03,GOOGL,21.85439394017913,22.08463557438242,21.819620591125233,22.016582489013672,41838120
2013-07-05,GOOGL,22.105501918729068,22.239622292225597,22.039184752300038,22.19193458557129,68007924
2013-07-08,GOOGL,22.33400256791282,22.509353460087926,22.281099524236158,22.48004722595215,78701220
2013-07-09,GOOGL,22.62683538660456,22.675268949357733,22.3034521454697,22.48377227783203,79096824
2013-07-10,GOOGL,22.439313721655502,22.63031253508692,22.36306374686781,22.50240135192871,68267664
2013-07-11,GOOGL,22.676512411932837,22.870490879682492,22.56524109713659,22.856334686279297,103264632
2013-07-12,GOOGL,22.850372639430756,22.924884796142578,22.732146280264992,22.924884796142578,102625272
2013-07-15,GOOGL,22.957171197852492,23.049069077232165,22.759963213829895,22.96685791015625,78341580
2013-07-16,GOOGL,23.02746222835253,23.048325481584314,22.698865516690624,22.840686798095703,79240680
2013-07-17,GOOGL,22.875209700088945,23.02075649121338,22.758473166025347,22.81435775756836,60183756
2013-07-18,GOOGL,22.82528760030828,22.850374238601265,22.43285738564075,22.61888885498047,145234620
2013-07-19,GOOGL,22.0210531441408,22.4268955747636,21.747843153214276,22.26917839050293,294077628
2013-07-22,GOOGL,22.403297436333077,22.66831239563581,22.279109890008392,22.619382858276367,116011872
2013-07-23,GOOGL,22.61938305295832,22.676509476202966,22.34294356394377,22.44800567626953,81746172
2013-07-24,GOOGL,22.533943201706776,22.609447310030173,22.37100880021763,22.42565155029297,83056860
2013-07-25,GOOGL,22.201372008583043,22.275386293267317,22.007887635750414,22.048124313354492,119923956
2013-07-26,GOOGL,22.030492103446296,22.105004264138266,21.906552526894277,21.98975944519043,71036892
2013-07-29,GOOGL,21.978582824219092,22.224968363582384,21.87898402601605,21.913259506225586,75600324
2013-07-30,GOOGL,21.9924892656496,22.244587995851447,21.87848629405507,22.128101348876953,70153776
2013-07-31,GOOGL,22.17951283441996,22.266939336799936,22.01037114676112,22.04936408996582,86853060
2013-08-01,GOOGL,22.229437176807064,22.466635759674215,22.229437176807064,22.458438873291016,85450464
2013-08-02,GOOGL,22.43906586116162,22.527488118237173,22.373992425914192,22.516807556152344,68487444
2013-08-05,GOOGL,22.48749661805128,22.490726153081475,22.333752955989713,22.47780990600586,52335612
2013-08-06,GOOGL,22.47011005373428,22.594793575011654,22.247567459990726,22.268430709838867,60183756
2013-08-07,GOOGL,22.23043075034184,22.315127491480276,22.08264827355962,22.121397018432617,55112832
2013-08-08,GOOGL,22.241608718904686,22.25030158288162,21.988266253681466,22.17131805419922,59460480
2013-08-09,GOOGL,22.119160174244257,22.24235388932252,22.105251969737598,22.115436553955078,52895052
2013-08-12,GOOGL,22.028254010558104,22.03073768587502,21.897857270329652,21.993730545043945,55024920
2013-08-13,GOOGL,22.02651783061948,22.067996347319045,21.762496688472986,21.887924194335938,56735208
2013-08-14,GOOGL,21.81639247379233,21.86259035020536,21.537965270671872,21.603784561157227,83204712
2013-08-15,GOOGL,21.470408814447325,21.48233121382673,21.310455950750452,21.351686477661133,74693232
2013-08-16,GOOGL,21.39192205624173,21.42073231137492,21.274191681250713,21.283382415771484,66936996
2013-08-19,GOOGL,21.303255466630596,21.65818068180349,21.29679828829504,21.500463485717773,72363564
2013-08-20,GOOGL,21.567523429164126,21.660913039595325,21.448055224824184,21.4947509765625,49270680
2013-08-21,GOOGL,21.624651195457577,21.780132705740684,21.521574865177243,21.59186553955078,70221708
2013-08-22,GOOGL,21.675564531509014,21.726481772969986,21.614714480963546,21.700651168823242,34761204
2013-08-23,GOOGL,21.802980931618468,21.807202422670365,21.602295411711022,21.613719940185547,43040916
2013-08-26,GOOGL,21.608504882298096,21.730206874126168,21.510395914535625,21.518840789794922,42057900
2013-08-27,GOOGL,21.350691288308653,21.452771857341453,21.059597728851383,21.115480422973633,69294636
2013-08-28,GOOGL,21.117965185646767,21.246124340380582,21.056367390434303,21.075740814208984,53142804
2013-08-29,GOOGL,21.088658829622084,21.369569737038862,21.076738322421487,21.246625900268555,59080860
2013-08-30,GOOGL,21.25481845767659,21.311447012786044,21.00147789323742,21.034759521484375,74389536
2013-09-03,GOOGL,21.22004758230235,21.51387282012494,21.209862998668985,21.36956787109375,81822096
2013-09-04,GOOGL,21.368821810298353,21.69543458938588,21.240166667848232,21.648988723754883,81566352
2013-09-05,GOOGL,21.69543503374029,21.853896177168146,21.648491296242543,21.845949172973633,51600348
2013-09-06,GOOGL,21.917479729811095,21.95076325230025,21.7013942877926,21.846446990966797,62401536
2013-09-09,GOOGL,21.949520197435646,22.099042385170726,21.916984426838663,22.05681800842285,49334616
2013-09-10,GOOGL,22.10574945375382,22.154926986127577,21.95622726595872,22.07221794128418,51452496
2013-09-11,GOOGL,22.06899009507923,22.27836848219222,22.007888270544438,22.258995056152344,64359576
2013-09-12,GOOGL,22.28904530486978,22.30146557433624,22.105499429709138,22.181251525878906,43776180
2013-09-13,GOOGL,22.217019529109155,22.246325762701392,21.977089294358127,22.082151412963867,52962984
2013-09-16,GOOGL,22.259240288425204,22.279109689884237,21.977833453908314,22.049612045288086,53406540
2013-09-17,GOOGL,22.040920439124378,22.065261214517868,21.881713443373265,22.00863265991211,50325624
2013-09-18,GOOGL,22.014594432794805,22.452228637341147,21.933127229781345,22.436084747314453,77310612
2013-09-19,GOOGL,22.50239987997396,22.50239987997396,22.239372600153658,22.313634872436523,63852084
2013-09-20,GOOGL,22.3136356382688,22.45620277431218,22.244836692228716,22.43086814880371,173638188
2013-09-23,GOOGL,22.25800043926503,22.39311465291107,21.986030410317515,22.018320083618164,71024904
2013-09-24,GOOGL,22.018320948049176,22.10773515915816,21.89164971136833,22.026765823364258,59412528
2013-09-25,GOOGL,22.01956370378721,22.01956370378721,21.74759554586936,21.7880802154541,65894040
2013-09-26,GOOGL,21.81465380503405,21.925181150584894,21.732690620703654,21.811426162719727,50345604
2013-09-27,GOOGL,21.728217091161106,21.795280108920203,21.64104046860072,21.767213821411133,50301648
2013-09-30,GOOGL,21.585655210795768,21.87774265875063,21.566529772598233,21.755294799804688,68827104
2013-10-01,GOOGL,21.86308884470712,22.04738250067097,21.858121493385138,22.03074073791504,67324608
2013-10-02,GOOGL,21.92468173257176,22.08935394947886,21.80272986696533,22.055326461791992,59752188
2013-10-03,GOOGL,22.055574738130492,22.207082720607257,21.66066089215971,21.759761810302734,84595320
2013-10-04,GOOGL,21.732691334624263,21.795033105994985,21.608505662825085,21.666873931884766,54265680
2013-10-07,GOOGL,21.545169356384132,21.707605898520228,21.462212323164373,21.502696990966797,51692256
2013-10-08,GOOGL,21.49226522240885,21.50865710124284,21.152240220398976,21.202909469604492,77670252
2013-10-09,GOOGL,21.267735810738106,21.4259489673813,20.937399400354302,21.25730323791504,105945948
2013-10-10,GOOGL,21.45550711107166,21.579444789712234,21.365347040495607,21.564790725708008,90121788
2013-10-11,GOOGL,21.509901802246034,21.694939428044794,21.491770212412174,21.65793228149414,56299644
2013-10-14,GOOGL,21.52555040265035,21.763740967694222,21.49400658441753,21.760263442993164,49694256
2013-10-15,GOOGL,21.751567721798363,21.996711411011596,21.707853519374275,21.906801223754883,63612324
2013-10-16,GOOGL,22.0026729953538,22.31214615588635,21.956475116668244,22.30469512939453,80223696
2013-10-17,GOOGL,22.179517306442953,22.276630540238777,21.99919715104359,22.0752010345459,170093736
2013-10-18,GOOGL,24.255670364146056,25.221348796362843,24.191590776970244,25.120756149291992,462193344
2013-10-21,GOOGL,25.12199811807298,25.309273315508225,24.826185161409313,24.919326782226562,144986868
2013-10-22,GOOGL,24.961551230942373,25.16024908008043,24.732799390332016,25.0112247467041,88255656
2013-10-23,GOOGL,24.86219983592079,25.700461154606728,24.853009100590775,25.617504119873047,106421472
2013-10-24,GOOGL,25.628927555132638,25.845012997140707,25.453326779938283,25.471954345703125,83600316
2013-10-25,GOOGL,25.553174845668046,25.553174845668046,25.10411608194831,25.214889526367188,81138780
2013-10-28,GOOGL,25.214888234044416,25.419299265476926,25.15999749254213,25.20992088317871,46301652
2013-10-29,GOOGL,25.311753112064693,25.754852539918613,25.17266539674083,25.73746681213379,64135800
2013-10-30,GOOGL,25.76702170424746,25.769009401689434,25.483131183403888,25.592910766601562,52911036
2013-10-31,GOOGL,25.55590695534789,25.86860966460822,25.4327132379369,25.59688949584961,65534400
2013-11-01,GOOGL,25.62693908085416,25.731503320223776,25.4607751537974,25.508960723876953,51280668
2013-11-04,GOOGL,25.6197351005656,25.641344211229566,25.384526130711276,25.485862731933594,45506448
2013-11-05,GOOGL,25.342802271998544,25.623463285756728,25.270027928775495,25.371862411499023,47208744
2013-11-06,GOOGL,25.473197133229316,25.507968588036146,25.219110709251314,25.402408599853516,36479484
2013-11-07,GOOGL,25.398932629023754,25.431718278944444,25.027115834045826,25.03481674194336,67116816
2013-11-08,GOOGL,25.054686137208925,25.29685015901138,25.048476948935416,25.235502243041992,51580368
2013-11-11,GOOGL,25.07356501419779,25.233020007029168,25.03606000045034,25.100387573242188,44459496
2013-11-12,GOOGL,25.028609145643113,25.273504847324286,24.961548014959195,25.129945755004883,48675276
2013-11-13,GOOGL,25.00501736279328,25.653271885580324,24.998808173344788,25.64383316040039,63112824
2013-11-14,GOOGL,25.67984368737571,25.824644609274515,25.591173449285733,25.712379455566406,46621332
2013-11-15,GOOGL,25.703439915094155,25.781181607099427,25.590180906864106,25.670902252197266,51000948
2013-11-18,GOOGL,25.725295565354127,26.047932939552876,25.563604894871077,25.62097930908203,70317612
2013-11-19,GOOGL,25.62519930056521,25.700457308467403,25.409859741443142,25.463260650634766,45218736
2013-11-20,GOOGL,25.581242185202836,25.66593703971152,25.34305163147685,25.391483306884766,38509452
2013-11-21,GOOGL,25.507970082833886,25.78888097419982,25.48313332794497,25.683570861816406,43628328
2013-11-22,GOOGL,25.667424132277375,25.735727098750345,25.563107872542524,25.629423141479492,50117832
2013-11-25,GOOGL,25.760316616685916,26.15846001696541,25.707165583019687,25.978139877319336,64455480
2013-11-26,GOOGL,26.044458760169668,26.36486048912239,25.903879311810073,26.28811264038086,91360548
2013-11-27,GOOGL,26.378023645790474,26.5263021039271,26.327604275271494,26.404848098754883,44899056
2013-11-29,GOOGL,26.381252540620604,26.492025981097054,26.313941527854503,26.317419052124023,47664288
2013-12-02,GOOGL,26.414782594546814,26.485319357715426,26.098106394501254,26.190500259399414,54873072
2013-12-03,GOOGL,26.1028257003634,26.41304472201696,26.054890005854165,26.160200119018555,66976956
2013-12-04,GOOGL,26.113256527695867,26.426455204508194,26.079229037226405,26.282400131225586,47616336
2013-12-05,GOOGL,26.258060041502254,26.31916187281378,26.106305937798158,26.261539459228516,45302652
2013-12-06,GOOGL,26.57076047238374,26.57597581205925,26.32958840003506,26.57274627685547,57094848
2013-12-09,GOOGL,26.60056398710593,26.88172284812697,26.526795801273067,26.77815055847168,59244696
2013-12-10,GOOGL,26.728727901387362,27.13009896243236,26.716307630420317,26.940093994140625,74081844
2013-12-11,GOOGL,27.008146830903915,27.105509941770606,26.704386873430362,26.757041931152344,68403528
2013-12-12,GOOGL,26.813668190923355,26.8973710790236,26.551138784721296,26.574981689453125,63796140
2013-12-13,GOOGL,26.71009731603702,26.732200511803338,26.275194790705893,26.34722137451172,86409504
2013-12-16,GOOGL,26.426949598657405,26.69246053470179,26.377522190631232,26.649988174438477,64015920
2013-12-17,GOOGL,26.646016627120993,26.843224616733924,26.53573916873931,26.572498321533203,61366572
2013-12-18,GOOGL,26.621923909726064,26.94729485015612,26.303757899561703,26.94232749938965,88323588
2013-12-19,GOOGL,26.84347008511267,27.122147144224144,26.80149559657799,26.978836059570312,66561372
2013-12-20,GOOGL,27.030500721318177,27.35015656818817,27.02304780188808,27.336496353149414,130333536
2013-12-23,GOOGL,27.515822047220393,27.713526017161094,27.44826494030164,27.69614028930664,68795136
2013-12-24,GOOGL,27.692913144034502,27.69962020404151,27.522281599921666,27.61517333984375,29338632
2013-12-26,GOOGL,27.66906823169066,27.793005907908448,27.536933669295646,27.754756927490234,53458488
2013-12-27,GOOGL,27.81784548355024,27.824798639193084,27.642492690956548,27.778104782104492,62725212
2013-12-30,GOOGL,27.826291117556355,27.830264619895644,27.545132225495298,27.556058883666992,49394556
2013-12-31,GOOGL,27.625107493396104,27.84268277409825,27.47657915083524,27.835479736328125,54261684
2014-01-02,GOOGL,27.705083414773917,27.761961857932047,27.52625498465424,27.64696502685547,72783144
2014-01-03,GOOGL,27.693657114170968,27.741592807625146,27.44354607417178,27.445283889770508,66601332
2014-01-06,GOOGL,27.644231903289892,27.78952881194028,27.481049502307886,27.751279830932617,70701228
2014-01-07,GOOGL,27.942033139483293,28.306894943886284,27.846657720886903,28.286279678344727,102001896
2014-01-08,GOOGL,28.463614802484507,28.496400453558117,28.14793246589555,28.34514045715332,89610300
2014-01-09,GOOGL,28.40003253438591,28.41940596061591,27.955941129976885,28.072179794311523,83296620
2014-01-10,GOOGL,28.29174103404883,28.29174103404883,27.873726355107376,28.070688247680664,85654260
2014-01-13,GOOGL,27.978541614163127,28.4862166155718,27.747554117017994,27.891860961914062,96659244
2014-01-14,GOOGL,28.263672968530482,28.587802069853026,28.018777276286585,28.54806137084961,99204696
2014-01-15,GOOGL,28.637229989882513,28.68715338349022,28.40872615732504,28.528690338134766,77929992
2014-01-16,GOOGL,28.540614185398027,28.759927293600875,28.513293752625323,28.717456817626953,67288644
2014-01-17,GOOGL,28.733101238116216,28.826986824859688,28.418910599596195,28.576129913330078,107943948
2014-01-21,GOOGL,28.834435552532586,28.910687415270825,28.59525307107154,28.903236389160156,79116804
2014-01-22,GOOGL,28.975512621484356,29.00730442318304,28.783023995765294,28.93602180480957,62793144
2014-01-23,GOOGL,28.811340024450175,28.8731839230341,28.67150455043513,28.813823699951172,77886036
2014-01-24,GOOGL,28.58804841828923,28.65113604078191,27.892354327607485,27.9129695892334,155544300
2014-01-27,GOOGL,27.969354741894673,27.979289444444177,26.880732450178442,27.351648330688477,173969856
2014-01-28,GOOGL,27.57741846204335,27.960659806960713,27.567979738101982,27.89260482788086,88319592
2014-01-29,GOOGL,27.795987395774294,27.861308816983577,27.306691976428013,27.492971420288086,95100804
2014-01-30,GOOGL,28.438776890525283,28.624808334919567,27.997913167156156,28.200088500976562,203452344
2014-01-31,GOOGL,29.093243618907675,29.47052378101869,28.59103192562968,29.33218002319336,222429348
2014-02-03,GOOGL,29.288214983090725,29.350804737064255,28.11613982375236,28.151409149169922,182581236
2014-02-04,GOOGL,28.264666996872332,28.687151160061855,28.24032811389547,28.268890380859375,112363524
2014-02-05,GOOGL,28.398541044512946,28.582088818972945,28.017039421235335,28.39406967163086,95684220
2014-02-06,GOOGL,28.591031617045005,28.815313954469303,28.50211338252559,28.810346603393555,77786136
2014-02-07,GOOGL,29.000847261395066,29.25592564189888,28.825246492135246,29.2445011138916,105342552
2014-02-10,GOOGL,29.104418161165995,29.36769532513186,29.035371227989234,29.13248634338379,77730192
2014-02-11,GOOGL,29.312312823519793,29.60290856558192,29.114606933172876,29.56093406677246,81949968
2014-02-12,GOOGL,29.531623305294122,29.5564600605969,29.34236230796896,29.4742488861084,68911020
2014-02-13,GOOGL,29.326712013828022,29.802349090576172,29.29963957413697,29.802349090576172,73382544
2014-02-14,GOOGL,29.695797768399043,29.91387091706865,29.626004971319684,29.874378204345703,87380532
2014-02-18,GOOGL,29.839852817762274,30.124489209797254,29.804831480478526,30.075061798095703,84271644
2014-02-19,GOOGL,29.93647340726218,30.03383652188247,29.742741026893427,29.86295509338379,84059856
2014-02-20,GOOGL,29.88282097047029,29.97596068964999,29.81029651402645,29.90691375732422,67963968
2014-02-21,GOOGL,29.998814531034768,30.04997976289371,29.875372824691052,29.898967742919922,74417508
2014-02-24,GOOGL,29.93796061446408,30.305554044736954,29.931503436930438,30.115549087524414,66905028
2014-02-25,GOOGL,30.200737898128573,30.41334580209729,30.063635994139343,30.301578521728516,57490452
2014-02-26,GOOGL,30.40093263585381,30.52213866025366,30.146598186478258,30.305805206298828,79208712
2014-02-27,GOOGL,30.261590352921708,30.40664115609507,30.227314876338216,30.281957626342773,50349600
2014-02-28,GOOGL,30.310027229851375,30.40565063303443,29.95932352881819,30.193540573120117,92451456
2014-03-03,GOOGL,29.972485602828996,29.999558043392717,29.609609645957498,29.871644973754883,84107808
2014-03-04,GOOGL,30.177393233520128,30.20222998812004,30.040789190175303,30.17515754699707,58649292
2014-03-05,GOOGL,30.178634321684527,30.378079892522138,30.08822626553199,30.25836181640625,49362588
2014-03-06,GOOGL,30.3582082736281,30.454329539393214,30.266806369678655,30.291893005371094,50673276
2014-03-07,GOOGL,30.470476814660497,30.4751961770005,30.088975148532896,30.17218017578125,60543396
2014-03-10,GOOGL,30.194527879858427,30.24296143941233,29.906413983830834,30.092199325561523,48535416
2014-03-11,GOOGL,30.14684331145167,30.160503526501245,29.721379482099284,29.804584503173828,68451480
2014-03-12,GOOGL,29.71541872513682,29.999807142132994,29.412154752945423,29.986146926879883,78493428
2014-03-13,GOOGL,30.002289592037695,30.065625207760206,29.42631163705874,29.533111572265625,93730176
2014-03-14,GOOGL,29.357511124246543,29.57806793847997,29.122550128366182,29.129255294799805,91664244
2014-03-17,GOOGL,29.289459806188802,29.732061394962518,29.261143632963037,29.608619689941406,86397516
2014-03-18,GOOGL,29.672449667025102,30.091208325996675,29.632460977992938,30.084501266479492,72527400
2014-03-19,GOOGL,30.097916065740876,30.102635428090835,29.665995025832743,29.78620719909668,64451484
2014-03-20,GOOGL,29.80358981344456,30.043520050026736,29.689586841229513,29.734294891357422,67320612
2014-03-21,GOOGL,29.96155828409521,30.044017446880492,29.368938541468115,29.38359260559082,128211660
2014-03-24,GOOGL,29.412153758123456,29.42978747497197,28.462373183678775,28.759923934936523,121362516
2014-03-25,GOOGL,28.96035903575684,29.055734435413488,28.488451280935525,28.779544830322266,96311592
2014-03-26,GOOGL,28.861262095621242,29.09870867179668,28.10347602644355,28.115148544311523,103096800
2014-03-27,GOOGL,28.087329260247703,28.11440170140781,27.373255527112757,27.6757755279541,152735112
2014-03-28,GOOGL,27.793009093542203,28.14545252301632,27.762459124883968,27.82157325744629,90265644
2014-03-31,GOOGL,28.07615392906556,28.19040489834459,27.640257508206133,27.681488037109375,77614308
2014-04-01,GOOGL,27.824547736589146,28.25249520718296,27.76816717224781,28.187671661376953,87152760
2014-04-02,GOOGL,28.361781971536853,28.43381045048212,27.91719272098594,28.192888259887695,83360556
2014-04-03,GOOGL,28.454504884839626,29.194414865714162,28.088272567854258,28.360713958740234,80366000
2014-04-04,GOOGL,28.710570874976657,28.768632468033704,27.020342643093077,27.05805778503418,107274000
2014-04-07,GOOGL,27.035229132529874,27.286332125314548,26.327576620533286,26.82878875732422,79232000
2014-04-08,GOOGL,27.04813274628707,27.78407115782867,27.03076405533485,27.666460037231445,69650000
2014-04-09,GOOGL,28.079837601868196,28.177102274064996,27.560758876481295,28.139387130737305,60632000
2014-04-10,GOOGL,28.187028603712633,28.197449818994837,27.07046495564531,27.129518508911133,65890000
2014-04-11,GOOGL,26.695298423116192,27.17418022527791,26.470001410752335,26.68636703491211,63494000
2014-04-14,GOOGL,26.979155985884162,27.4436449825206,26.823331840447825,27.055578231811523,50824000
2014-04-15,GOOGL,27.343396858203327,27.43718966992444,26.333031370861228,27.229259490966797,79956000
2014-04-16,GOOGL,27.67588960804663,27.98852794175641,27.447614840659654,27.983564376831055,91644000
2014-04-17,GOOGL,27.60740730612007,27.64115273326879,26.767750808815055,26.963274002075195,112294000
2014-04-21,GOOGL,26.996024721978333,26.996024721978333,26.49977428144965,26.766260147094727,48502000
2014-04-22,GOOGL,26.599024848107195,27.194525799969814,26.599024848107195,27.070463180541992,46622000
2014-04-23,GOOGL,26.97964866407468,27.035724450351385,26.208475036125403,26.67395782470703,39114000
2014-04-24,GOOGL,26.881391093815324,26.921588017979126,26.350899219826882,26.521610260009766,41348000
2014-04-25,GOOGL,26.413429849589072,26.49282985348657,25.929088500682543,25.958864212036133,47400000
2014-04-28,GOOGL,26.092850938571445,26.097812610391845,25.358398568160048,25.95290756225586,75056000
2014-04-29,GOOGL,25.99806314383845,26.686362989188503,25.953896508272788,26.615398406982422,50704000
2014-04-30,GOOGL,26.555356628686855,26.6158981129729,26.256117266392103,26.543445587158203,40770000
2014-05-01,GOOGL,26.512182943897056,26.793061669661608,26.443204153749125,26.724578857421875,40086000
2014-05-02,GOOGL,26.868985869338786,26.91662624749628,26.463548570175398,26.493324279785156,35616000
2014-05-05,GOOGL,26.31318400354055,26.585129427125167,26.18118195427978,26.565776824951172,24568000
2014-05-06,GOOGL,26.470495277600403,26.527068934911206,25.91717708133556,25.932559967041016,36700000
2014-05-07,GOOGL,25.966302711303786,26.024860273992495,25.362862418231945,25.70577049255371,61486000
2014-05-08,GOOGL,25.592628092535943,26.16976837853349,25.530100807013074,25.813459396362305,49040000
2014-05-09,GOOGL,25.73803282284482,26.16977022456145,25.5211712196683,26.133543014526367,45224000
2014-05-12,GOOGL,26.392582879571343,26.735492877987,26.177707102003662,26.71961212158203,38968000
2014-05-13,GOOGL,26.776684377643733,26.995529892477805,26.693314657706942,26.87394905090332,40240000
2014-05-14,GOOGL,26.887844730513834,26.887844730513834,26.4556113390926,26.520124435424805,25618000
2014-05-15,GOOGL,26.457095580789176,26.499774284795873,26.068531016330944,26.25760269165039,36658000
2014-05-16,GOOGL,26.28142442133585,26.342959752178004,25.982185070071097,26.2169132232666,38154000
2014-05-19,GOOGL,26.245696990333993,26.765271709039165,26.085905024123715,26.739465713500977,39530000
2014-05-20,GOOGL,26.797524777636596,27.11264298606333,26.627311612326466,26.816879272460938,48506000
2014-05-21,GOOGL,26.94144011806295,27.28137049925023,26.90223514727535,27.27889060974121,31294000
2014-05-22,GOOGL,27.40295198175773,27.688792362896237,27.34340056144676,27.564231872558594,42994000
2014-05-23,GOOGL,27.6972267786087,28.038150980816294,27.500711641946154,27.978601455688477,53450000
2014-05-27,GOOGL,28.17610888832404,28.527950286865234,27.995970484136034,28.527950286865234,43716000
2014-05-28,GOOGL,28.513061645713897,28.66640209138529,28.283793050917367,28.308605194091797,31632000
2014-05-29,GOOGL,28.45450719874271,28.458972892811953,28.209359714099733,28.314067840576172,28222000
2014-05-30,GOOGL,28.367664269901958,28.414310802165435,28.077356289086833,28.368160247802734,37434000
2014-06-02,GOOGL,28.273871405501787,28.30662487736569,27.626264353270972,28.005399703979492,33210000
2014-06-03,GOOGL,27.834687854746058,27.909126179567178,27.41932533400383,27.5175838470459,40626000
2014-06-04,GOOGL,27.36920613251726,27.719559600388404,27.222315281617288,27.480365753173828,34582000
2014-06-05,GOOGL,27.64660701924315,28.038149336015252,27.544380687495593,28.03467559814453,35868000
2014-06-06,GOOGL,28.194967794964818,28.226727416318802,27.769184041317637,28.089265823364258,34804000
2014-06-09,GOOGL,28.124998841882093,28.38553113135895,28.04907257020132,28.322507858276367,30594000
2014-06-10,GOOGL,28.225734037594965,28.385527888865056,28.09422796303086,28.201915740966797,29676000
2014-06-11,GOOGL,28.083806235142568,28.235162780509512,27.97264661406111,28.162214279174805,22580000
2014-06-12,GOOGL,28.13740084961336,28.13740084961336,27.64859385424042,27.765213012695312,30930000
2014-06-13,GOOGL,27.79399886633171,27.822284752248688,27.47838464081059,27.807397842407227,27066000
2014-06-16,GOOGL,27.65355858484289,27.69028177335537,27.293777726574405,27.407915115356445,39436000
2014-06-17,GOOGL,27.410890473405903,27.479373279282036,27.168224785666805,27.324542999267578,29552000
2014-06-18,GOOGL,27.432726183501874,27.85950190315429,27.372184699629145,27.82278060913086,41212000
2014-06-19,GOOGL,27.847095261330843,28.03815085456807,27.62477413251862,28.037654876708984,52548000
2014-06-20,GOOGL,28.11010696572992,28.125985829157464,27.758761556284817,28.11358070373535,63212000
2014-06-23,GOOGL,28.00589381660226,28.506609942241614,27.963711091160125,28.49916648864746,34456000
2014-06-24,GOOGL,28.49569653293638,28.894184486392028,28.244593523515405,28.41232681274414,56886000
2014-06-25,GOOGL,28.462445637049097,29.144790037071672,28.448054706515506,29.07680320739746,42294000
2014-06-26,GOOGL,29.24404045016383,29.25892735854106,28.76267688681664,29.01923942565918,40248000
2014-06-27,GOOGL,29.052978868375707,29.173567731172643,28.91254142821851,29.064889907836914,40426000
2014-06-30,GOOGL,29.11799267367559,29.16513707530981,28.945793695589543,29.0142765045166,29578000
2014-07-01,GOOGL,29.162156837086155,29.46040421509608,29.094667882707313,29.35271644592285,32864000
2014-07-02,GOOGL,29.390932183761088,29.48472311683439,29.234612068926875,29.317485809326172,23916000
2014-07-03,GOOGL,29.363136842961836,29.489681231839285,29.229150893615294,29.43161964416504,17978000
2014-07-07,GOOGL,29.452963629701692,29.559159689600428,29.176550608094615,29.31649398803711,26734000
2014-07-08,GOOGL,29.09863896625863,29.178038964759853,28.484777384731593,28.703126907348633,42504000
2014-07-09,GOOGL,28.730420932485558,28.985989619377044,28.633652243139174,28.94926643371582,27456000
2014-07-10,GOOGL,28.435150072207744,29.043058002140466,28.39048745651083,28.78451156616211,28724000
2014-07-11,GOOGL,28.832150849051303,29.190941611165563,28.81130842068403,29.112533569335938,30232000
2014-07-14,GOOGL,29.308552726990218,29.519954770861894,29.114517480379103,29.49017906188965,39032000
2014-07-15,GOOGL,29.534347808951434,29.541791263464447,29.046036748007356,29.430631637573242,33476000
2014-07-16,GOOGL,29.6206959453478,29.626155488402574,29.2911867765743,29.309547424316406,28816000
2014-07-17,GOOGL,29.22766273876497,29.253964709528418,28.626208186654626,28.823219299316406,58706000
2014-07-18,GOOGL,29.924398102344497,30.107514263192872,29.32443148264661,30.02861213684082,97432000
2014-07-21,GOOGL,29.842019931865952,29.981467322773508,29.499607803389406,29.697612762451172,44758000
2014-07-22,GOOGL,29.76014094033553,30.216194480818277,29.738304662931235,29.95218849182129,37632000
2014-07-23,GOOGL,29.8767609951948,30.124886234680996,29.842021720065013,30.032583236694336,22120000
2014-07-24,GOOGL,30.04945680168422,30.217188196205186,29.824653874478287,29.924400329589844,27100000
2014-07-25,GOOGL,29.737810130024894,29.824653586860304,29.56412321635407,29.67974853515625,27200000
2014-07-28,GOOGL,29.66337519800798,29.829618665678982,29.407308615514033,29.726398468017578,27162000
2014-07-29,GOOGL,29.66089021764266,29.700093292192715,29.386463016656442,29.474796295166016,27332000
2014-07-30,GOOGL,29.56709720276508,29.698107284653215,29.412762911719597,29.548734664916992,24302000
2014-07-31,GOOGL,29.22716742052853,29.377532008472283,28.6673977122849,28.760196685791016,46190000
2014-08-01,GOOGL,28.71056920567768,28.95273890740109,28.301162210836754,28.46492576599121,44266000
2014-08-04,GOOGL,28.609337453239416,28.972096061280347,28.39843137382238,28.895177841186523,30388000
2014-08-05,GOOGL,28.751759178956114,28.7924520803726,28.301659267098515,28.44209861755371,32876000
2014-08-06,GOOGL,28.26146308745241,28.71503482591747,28.159730838047725,28.509092330932617,26456000
2014-08-07,GOOGL,28.586506809253553,28.698660273649274,28.257989633833365,28.376096725463867,23260000
2014-08-08,GOOGL,28.386518054839247,28.760691696533748,28.23764329855042,28.6802978515625,29866000
2014-08-11,GOOGL,28.732902474092956,28.767143877086617,28.54928844037076,28.64605712890625,24068000
2014-08-12,GOOGL,28.53440446831375,28.579067090159885,28.28181351779657,28.3914852142334,27890000
2014-08-13,GOOGL,28.606360019620237,29.086729756843795,28.544328707727498,29.008819580078125,37988000
2014-08-14,GOOGL,29.11451524238172,29.169599069266727,28.82817891675297,29.013280868530273,25458000
2014-08-15,GOOGL,29.154718316514074,29.252478973206998,28.820245568987083,28.966638565063477,34468000
2014-08-18,GOOGL,29.134864558999972,29.52938466594524,29.107570631781638,29.412765502929688,29320000
2014-08-19,GOOGL,29.556182489945627,29.666350161148088,29.499114742745313,29.63161277770996,20864000
2014-08-20,GOOGL,29.62367107804712,29.62565688253964,29.42765191905073,29.54724884033203,19346000
2014-08-21,GOOGL,29.521941129212905,29.53930981984459,29.333365421607965,29.39887046813965,22640000
2014-08-22,GOOGL,29.441054343879042,29.52640987224591,29.268855353385494,29.404829025268555,17544000
2014-08-25,GOOGL,29.51548832041981,29.555683349499844,29.242053083271117,29.30706214904785,25912000
2014-08-26,GOOGL,29.37802936478187,29.380511147282736,29.152234483337846,29.185483932495117,29434000
2014-08-27,GOOGL,29.17009818424526,29.247514272729983,28.82719006138889,28.9314022064209,27292000
2014-08-28,GOOGL,28.78352161303856,29.016263981226018,28.677323655293304,28.798410415649414,28116000
2014-08-29,GOOGL,28.899145059139244,28.926438985144443,28.695186473917545,28.899641036987305,24122000
2014-09-02,GOOGL,28.9289180870703,29.244038172174136,28.901626054853086,29.21078872680664,31660000
2014-09-03,GOOGL,29.364630799360423,29.501596421029802,29.105092380291236,29.254959106445312,31580000
2014-09-04,GOOGL,29.384480560958018,29.675778595844854,29.308554297403504,29.434600830078125,32616000
2014-09-05,GOOGL,29.533355602343004,29.70059101765434,29.45494755558404,29.66486167907715,35982000
2014-09-08,GOOGL,29.732352226853113,29.94970980255716,29.67677052190666,29.85591697692871,31984000
2014-09-09,GOOGL,29.788428041087943,29.80480477654949,29.30259877139483,29.37653923034668,31424000
2014-09-10,GOOGL,29.36512424475263,29.463382758403085,29.13684949035413,29.44849395751953,23202000
2014-09-11,GOOGL,29.278778470835,29.375547163489895,29.082263325175706,29.3338623046875,30028000
2014-09-12,GOOGL,29.298133399018155,29.352223384855602,28.94529813459675,29.025691986083984,37030000
2014-09-15,GOOGL,28.893686398551665,28.97705611265589,28.63414799770236,28.86391258239746,30908000
2014-09-16,GOOGL,28.82967043065526,29.286219934918762,28.82967043065526,29.218233108520508,31592000
2014-09-17,GOOGL,29.254461445333295,29.58000087397111,29.13585837098711,29.44204330444336,34390000
2014-09-18,GOOGL,29.52938540270612,29.653944000841744,29.428645101201734,29.63955307006836,29890000
2014-09-19,GOOGL,29.749719259444216,30.04300308227539,29.663867763906207,30.04300308227539,83832000
2014-09-22,GOOGL,29.89909148100779,29.96360457359212,29.433608666117255,29.63955307006836,35644000
2014-09-23,GOOGL,29.526903252791158,29.608785035470113,29.290687163540156,29.33733558654785,28074000
2014-09-24,GOOGL,29.35669057177657,29.780488529790862,29.29366541257252,29.69662094116211,35160000
2014-09-25,GOOGL,29.62565826432633,29.679252271580854,29.01775028623927,29.043060302734375,33420000
2014-09-26,GOOGL,29.07680372763659,29.257440008485688,29.030653174919472,29.1745662689209,25782000
2014-09-29,GOOGL,28.873339788623788,29.244535677139694,28.860438685115923,29.17009735107422,22874000
2014-09-30,GOOGL,29.154218397969874,29.328401278722033,29.005839617199598,29.199872970581055,31430000
2014-10-01,GOOGL,29.119978917658297,29.21525967813286,28.684269911993788,28.76416778564453,28954000
2014-10-02,GOOGL,28.6832755418505,28.943311806655355,28.487256387546985,28.826196670532227,30726000
2014-10-03,GOOGL,28.98598986538512,29.193918176168733,28.956214155700717,29.092683792114258,24290000
2014-10-06,GOOGL,29.276297414399302,29.397880148633465,29.050504423620175,29.168611526489258,25722000
2014-10-07,GOOGL,29.025687919654683,29.072830422317967,28.489736557006836,28.489736557006836,30914000
2014-10-08,GOOGL,28.52398376059557,29.01527260964601,28.169164562127335,28.968128204345703,44158000
2014-10-09,GOOGL,28.862420806818996,28.90807537673915,28.2381380558733,28.32647132873535,48234000
2014-10-10,GOOGL,28.16072646652394,28.54581542593111,27.54239728551155,27.55133056640625,59574000
2014-10-13,GOOGL,27.54835215876894,27.83369655322949,27.01736431549761,27.03324317932129,55116000
2014-10-14,GOOGL,27.30072394195768,27.722040115869305,27.020839079463705,27.22876739501953,52198000
2014-10-15,GOOGL,26.900744656705836,26.99205380114003,26.222865977324137,26.833751678466797,76720000
2014-10-16,GOOGL,26.152401157548468,26.84665472866012,26.050668898608077,26.644681930541992,76100000
2014-10-17,GOOGL,26.8198561381191,26.96873279575149,25.72612079788999,25.952411651611328,119930000
2014-10-20,GOOGL,25.82735302428568,26.45808917584198,25.762345852782545,26.41938018798828,54964000
2014-10-21,GOOGL,26.662049110659787,26.736485543987875,26.31119967124332,26.699764251708984,49190000
2014-10-22,GOOGL,26.849631118997618,27.33149065256402,26.80893821749789,26.93101692199707,59474000
2014-10-23,GOOGL,27.208421047194218,27.661002759890835,27.070463473475073,27.47490882873535,43026000
2014-10-24,GOOGL,27.540908366084036,27.5419003217995,27.05358929736508,27.239187240600586,43508000
2014-10-27,GOOGL,27.182616714051996,27.492277285452296,27.154826808391356,27.28782081604004,31934000
2014-10-28,GOOGL,27.378637847842523,27.750327862763935,27.31511670673535,27.7374267578125,34774000
2014-10-29,GOOGL,27.83220903081169,28.036665510353373,27.590535277948742,27.713109970092773,41066000
2014-10-30,GOOGL,27.703182408509768,27.91408847616507,27.399477368198887,27.803424835205078,32250000
2014-10-31,GOOGL,28.201916625393565,28.22325503327883,28.02872379368537,28.18057632446289,46810000
2014-11-03,GOOGL,27.965202668519044,28.144845093873375,27.870913868969556,27.97711181640625,30834000
2014-11-04,GOOGL,27.84759262254711,28.027731032697236,27.70566533294261,27.997955322265625,27726000
2014-11-05,GOOGL,28.12698182537781,28.132439475205754,27.49972123901331,27.589046478271484,32906000
2014-11-06,GOOGL,27.5667133653094,27.631226456779,27.322557845127125,27.377641677856445,33014000
2014-11-07,GOOGL,27.571676078972935,27.571676078972935,27.26151954327418,27.384092330932617,31782000
2014-11-10,GOOGL,27.41287440220635,27.821287534116877,27.37416541506739,27.70218849182129,26090000
2014-11-11,GOOGL,27.716582365758004,27.914089465926768,27.603436938424494,27.85404396057129,21966000
2014-11-12,GOOGL,27.84709722499149,27.852058896977482,27.566714485125427,27.703184127807617,21882000
2014-11-13,GOOGL,27.83022294802447,27.830718925890668,27.496742196546137,27.613361358642578,30220000
2014-11-14,GOOGL,27.690776071230438,27.690776071230438,27.418334667008686,27.55133056640625,28502000
2014-11-17,GOOGL,27.551329045686295,27.551329045686295,27.017859436960237,27.12703514099121,33612000
2014-11-18,GOOGL,27.19105280031842,27.432230569325572,26.986102240974304,27.02133560180664,36440000
2014-11-19,GOOGL,27.0332424874147,27.205441454020374,26.757327358564716,27.15482521057129,30346000
2014-11-20,GOOGL,26.90123996049941,27.06450564371883,26.871962123446,26.984113693237305,35016000
2014-11-21,GOOGL,27.345385734319297,27.345385734319297,27.04565040730797,27.08981704711914,50120000
2014-11-24,GOOGL,27.123563555360708,27.35283028036462,27.003470650005877,27.16872215270996,33076000
2014-11-25,GOOGL,27.15532321160096,27.41783938584784,27.14043630277683,27.255565643310547,38072000
2014-11-26,GOOGL,27.255563966500965,27.287819564650622,27.05706302684627,27.18112564086914,29604000
2014-11-28,GOOGL,27.14489917290266,27.2739234530618,27.019844608480625,27.248119354248047,24202000
2014-12-01,GOOGL,27.05011863945784,27.233732692170182,26.729044875736555,26.78015899658203,39888000
2014-12-02,GOOGL,26.770234955060342,26.889335916382276,26.5325309033984,26.727558135986328,41480000
2014-12-03,GOOGL,26.673463455999162,26.867496819328178,26.559822049981445,26.64716148376465,32476000
2014-12-04,GOOGL,26.68041250203738,26.931019540698564,26.54394285399281,26.925559997558594,32598000
2014-12-05,GOOGL,26.63376130699494,26.708199633289787,26.16530264416238,26.20599365234375,61402000
2014-12-08,GOOGL,26.26256912389624,26.49084389716382,26.152401453477786,26.33750343322754,64566000
2014-12-09,GOOGL,26.096820906845775,26.631282508112488,25.97424622028499,26.60448455810547,43322000
2014-12-10,GOOGL,26.59406446314953,26.765767469922277,26.17671798807576,26.204011917114258,46222000
2014-12-11,GOOGL,26.301768927242,26.650632542459924,26.25958809476719,26.405981063842773,41426000
2014-12-12,GOOGL,26.174234897184768,26.412434898940656,25.87747732400802,25.879959106445312,47314000
2014-12-15,GOOGL,25.991613489892206,26.071509464616042,25.57674883753637,25.598583221435547,52352000
2014-12-16,GOOGL,25.487426348716628,25.585682979887682,24.67307984201386,24.721216201782227,86998000
2014-12-17,GOOGL,24.805577233787627,25.262624650738594,24.76835806811292,25.132606506347656,72788000
2014-12-18,GOOGL,25.606027003370993,25.618929999951817,25.138062425792793,25.538042068481445,77534000
2014-12-19,GOOGL,25.655654103459366,25.845221770838073,25.252202601299846,25.807010650634766,97442000
2014-12-22,GOOGL,25.835296726027206,26.448662351444185,25.834302877215926,26.41541290283203,66390000
2014-12-23,GOOGL,26.52508438269855,26.91166317155097,26.48588130675543,26.736486434936523,57544000
2014-12-24,GOOGL,26.73896494637901,26.811913439626597,26.55435897350972,26.645174026489258,14754000
2014-12-26,GOOGL,26.645178432341684,26.958808732515664,26.573717860733005,26.872957229614258,22270000
2014-12-29,GOOGL,26.82233791314687,26.9925529777923,26.65659043550001,26.664033889770508,44300000
2014-12-30,GOOGL,26.547414607106617,26.690335743430015,26.480421625923686,26.563295364379883,20972000
2014-12-31,GOOGL,26.685375638377796,26.718129112923783,26.311203822121783,26.33403205871582,24648000
2015-01-02,GOOGL,26.430298664187116,26.58910055297391,26.196068386511584,26.27894401550293,26480000
2015-01-05,GOOGL,26.159842033382823,26.201526888631296,25.693367301046194,25.77822494506836,41182000
2015-01-06,GOOGL,25.82983657629222,25.86506993560834,25.08794265394188,25.14203453063965,54456000
2015-01-07,GOOGL,25.355918529256122,25.382714585800812,24.993655911052315,25.068092346191406,46918000
2015-01-08,GOOGL,24.887459832181587,25.18471340329742,24.56539222110889,25.15543556213379,73054000
2015-01-09,GOOGL,25.218457197288135,25.239299626508316,24.745530930705662,24.84825325012207,42000000
2015-01-12,GOOGL,24.774809750376154,24.826419847589236,24.36143299477217,24.666627883911133,57138000
2015-01-13,GOOGL,24.940060867856943,25.239300231443412,24.676552735965288,24.9018497467041,60958000
2015-01-14,GOOGL,24.833368599526107,25.222429206723522,24.72121701106165,25.106801986694336,52800000
2015-01-15,GOOGL,25.253688174016048,25.29636498418844,24.912268013501418,25.011518478393555,51068000
2015-01-16,GOOGL,24.968841611236375,25.350954698690078,24.965863850974774,25.331602096557617,49658000
2015-01-20,GOOGL,25.446235019043122,25.58717034639147,25.27750978712287,25.305795669555664,46796000
2015-01-21,GOOGL,25.350458859185682,25.896831490561922,25.288427550358755,25.824378967285156,46356000
2015-01-22,GOOGL,25.953901500106248,26.739962132444344,25.899811511647165,26.66353988647461,56068000
2015-01-23,GOOGL,26.69976350422547,27.065995819308014,26.58661808424548,26.8942928314209,45966000
2015-01-26,GOOGL,26.871966059053122,26.871966059053122,26.40400143114213,26.63475799560547,30932000
2015-01-27,GOOGL,26.370748271898552,26.439231075430026,25.847699880264702,25.864076614379883,39148000
2015-01-28,GOOGL,26.05315204036017,26.08739344705384,25.425395441703532,25.429365158081055,35822000
2015-01-29,GOOGL,25.4526898830718,25.566331298736547,24.985221222142393,25.469066619873047,79018000
2015-01-30,GOOGL,25.75540086186241,26.95136445188612,25.71470795873333,26.675945281982422,121108000
2015-02-02,GOOGL,26.515655994208572,26.623839752841796,25.890381204884132,26.410451889038086,75378000
2015-02-03,GOOGL,26.29829887195368,26.670982726731545,26.142972600970907,26.46504020690918,47062000
2015-02-04,GOOGL,26.457098126884944,26.63624458346728,26.05463857193695,26.107738494873047,33896000
2015-02-05,GOOGL,26.19855215156569,26.335517773497997,26.084910742202876,26.2928409576416,33176000
2015-02-06,GOOGL,26.351398824329213,26.80844435635436,26.23428367532672,26.49382209777832,42938000
2015-02-09,GOOGL,26.35387627632108,26.4938196473041,26.179693395686797,26.265544891357422,30314000
2015-02-10,GOOGL,26.407965951708828,26.847146736738512,26.260083161216997,26.805461883544922,47430000
2015-02-11,GOOGL,26.784126109376253,26.894293773076562,26.59902414091422,26.698274612426758,38306000
2015-02-12,GOOGL,26.780653577630602,27.211399015379424,26.648651523608574,27.095773696899414,48590000
2015-02-13,GOOGL,27.17020899450773,27.419824054184307,27.12505039897322,27.351341247558594,47382000
2015-02-17,GOOGL,27.3513412625548,27.442650409408948,26.959302939823672,27.046146392822266,39174000
2015-02-18,GOOGL,26.98709105317053,27.17219301001995,26.775193041921398,26.92902946472168,31164000
2015-02-19,GOOGL,26.92010002058703,27.137953567668845,26.834744500697806,27.11760711669922,30834000
2015-02-20,GOOGL,27.173684614462704,27.173684614462704,26.703240109300214,26.886852264404297,38234000
2015-02-23,GOOGL,26.74789935457885,26.762786261938356,26.40052366951058,26.54939842224121,32906000
2015-02-24,GOOGL,26.3781943116169,26.767750872338546,26.350900383097613,26.730533599853516,28406000
2015-02-25,GOOGL,26.720113010661454,27.272439306599928,26.6987727094128,27.161279678344727,40836000
2015-02-26,GOOGL,27.082372141289156,27.796476114958686,27.050114651167004,27.754791259765625,54032000
2015-02-27,GOOGL,27.698222510531167,28.257498202864312,27.64264269376177,27.920543670654297,68328000
2015-03-02,GOOGL,28.137398944359244,28.583527204774583,27.946341474239635,28.535390853881836,50406000
2015-03-03,GOOGL,28.60139592710162,28.824709024406257,28.31108984712828,28.722482681274414,50526000
2015-03-04,GOOGL,28.632160870955687,28.86341337856102,28.411329577132125,28.69965171813965,37964000
2015-03-05,GOOGL,28.763671520139305,28.94132814890123,28.694692732976936,28.853492736816406,35918000
2015-03-06,GOOGL,28.88177697278826,28.920484069243443,28.388504276039424,28.43018913269043,37592000
2015-03-09,GOOGL,28.33192852957974,28.556729530815257,28.239129564673625,28.489736557006836,23478000
2015-03-10,GOOGL,28.21084494636263,28.274366078259387,27.78109150276836,27.782581329345703,40080000
2015-03-11,GOOGL,27.78009994390523,27.997457504550045,27.56224640540929,27.576141357421875,40524000
2015-03-12,GOOGL,27.714599233893736,27.881338684120596,27.56820623701654,27.84809112548828,35602000
2015-03-13,GOOGL,27.75181442062875,28.006391146895467,27.31015181762582,27.442649841308594,35428000
2015-03-16,GOOGL,27.63767986274413,27.976122314552086,27.359282919594186,27.871414184570312,36856000
2015-03-17,GOOGL,27.705168400366922,27.821787570533843,27.51262485746634,27.671424865722656,28892000
2015-03-18,GOOGL,27.67737431063525,28.113083258212196,27.467460214668634,28.095714569091797,35324000
2015-03-19,GOOGL,28.014331638642165,28.13541649704707,27.89523258478781,27.972150802612305,24660000
2015-03-20,GOOGL,28.123012563241794,28.142365166464756,28.012348914683837,28.03567123413086,44320000
2015-03-23,GOOGL,28.08777647665566,28.268412757337785,27.941879471256726,28.0565128326416,30234000
2015-03-24,GOOGL,28.213823808722918,28.875821743222122,28.191491553551952,28.660449981689453,79156000
2015-03-25,GOOGL,28.661937925517922,28.786000541047912,28.137401580810547,28.137401580810547,53070000
2015-03-26,GOOGL,28.020783324852605,28.146831748955687,27.706161082042534,27.970661163330078,49842000
2015-03-27,GOOGL,27.880841514688722,27.992003036468276,27.63767982683287,27.668447494506836,34552000
2015-03-30,GOOGL,27.802432925061265,27.897215809325353,27.630729931821506,27.84659767150879,24788000
2015-03-31,GOOGL,27.68779576831481,27.91160481755175,27.525522044802923,27.52701187133789,34932000
2015-04-01,GOOGL,27.533466815645557,27.715589140377404,27.09676585390289,27.268468856811523,38902000
2015-04-02,GOOGL,27.165246649010005,27.194524486830748,26.819358886342425,26.862533569335938,47760000
2015-04-06,GOOGL,26.73995696639396,27.072445730877497,26.584134744020922,26.993541717529297,33718000
2015-04-07,GOOGL,27.04515541706288,27.301716069367334,26.9756806521466,27.03870391845703,27318000
2015-04-08,GOOGL,27.095276438399615,27.36821572678448,27.095276438399615,27.2362117767334,28386000
2015-04-09,GOOGL,27.254573937693575,27.2625133700666,26.894295217870685,27.195518493652344,32366000
2015-04-10,GOOGL,27.272437129158597,27.28633208158112,27.04465834778427,27.221323013305664,26104000
2015-04-13,GOOGL,27.147383803174662,27.45605053087502,27.11016463803623,27.226285934448242,29326000
2015-04-14,GOOGL,27.123562229879163,27.123562229879163,26.586122888939016,26.78660774230957,47206000
2015-04-15,GOOGL,26.69629186913152,26.955830282800797,26.418886893232866,26.849136352539062,46962000
2015-04-16,GOOGL,26.715643577965192,27.05706376476837,26.70323845205174,26.972206115722656,31722000
2015-04-17,GOOGL,26.664033147859083,26.78759978583808,26.251650269776206,26.437246322631836,49234000
2015-04-20,GOOGL,26.487367965852737,27.08535067121427,26.467517493374167,27.02232551574707,38508000
2015-04-21,GOOGL,27.110659754302254,27.183112277676983,26.907197136796636,26.94243049621582,29128000
2015-04-22,GOOGL,26.94937723755585,27.343399464948178,26.86302976391744,27.253082275390625,31806000
2015-04-23,GOOGL,27.314121087883436,27.84808667589863,27.29774435362555,27.663976669311523,78184000
2015-04-24,GOOGL,28.78500906484416,29.015765609295876,28.204395030107936,28.467905044555664,92168000
2015-04-27,GOOGL,28.4237398679935,28.560207618549835,27.904165159557476,28.093732833862305,48062000
2015-04-28,GOOGL,28.00440565355256,28.1785904287922,27.8376662253945,28.006887435913086,37178000
2015-04-29,GOOGL,27.815336216649964,28.079838203503478,27.740403799326955,27.859006881713867,33622000
2015-04-30,GOOGL,27.718565844702574,27.845110245025943,27.13100622521979,27.232736587524414,47240000
2015-05-01,GOOGL,27.319083755715877,27.354319007809096,26.98858076358933,27.351341247558594,36572000
2015-05-04,GOOGL,27.342906337895023,27.62576897686198,27.164255851590532,27.43471336364746,35260000
2015-05-05,GOOGL,27.301718429186153,27.423301171343986,26.915139601670013,26.948389053344727,28528000
2015-05-06,GOOGL,26.928535130080345,26.992552242544452,26.41243419353689,26.553369522094727,39034000
2015-05-07,GOOGL,26.594062839964238,27.055575929843123,26.472482004515168,26.898759841918945,31844000
2015-05-08,GOOGL,27.237700892382342,27.432726212356606,27.19601603336356,27.241670608520508,28226000
2015-05-11,GOOGL,27.2188401329465,27.461011727885403,27.07542492066937,27.0843563079834,21858000
2015-05-12,GOOGL,26.93697156567433,26.944416913070892,26.549400817165026,26.7345027923584,35282000
2015-05-13,GOOGL,26.82085104089104,26.988086458791862,26.746908687047952,26.772218704223633,24238000
2015-05-14,GOOGL,26.99453758837048,27.278394065074853,26.92158908436705,27.25407600402832,31736000
2015-05-15,GOOGL,27.31313195146552,27.323553166515275,26.92158958068065,27.119592666625977,33440000
2015-05-18,GOOGL,26.987093469815747,27.21139851920367,26.909181402723792,27.128524780273438,26706000
2015-05-19,GOOGL,27.194524064190848,27.46249975938141,27.150855297066023,27.258045196533203,47126000
2015-05-20,GOOGL,27.339427134127707,27.594995792538967,27.05060903187526,27.418331146240234,30840000
2015-05-21,GOOGL,27.30370029375701,27.671422441690996,27.25903767703205,27.63172149658203,34170000
2015-05-22,GOOGL,27.515103904681666,27.702687662834755,27.47341904576884,27.518081665039062,24266000
2015-05-26,GOOGL,27.4218090529703,27.459028218009458,26.944913063108935,27.15433120727539,37474000
2015-05-27,GOOGL,27.22827141662871,27.55629263636955,27.124059269911413,27.504682540893555,34844000
2015-05-28,GOOGL,27.481856656061908,27.579617305836308,27.33347786573684,27.501209259033203,23544000
2015-05-29,GOOGL,27.452575539326666,27.489298724900063,27.0476361144687,27.06153106689453,43446000
2015-06-01,GOOGL,27.230751726276477,27.32206087092486,26.97518304517786,27.25457191467285,33210000
2015-06-02,GOOGL,27.166238273544838,27.729979569638008,27.12256761322847,27.48979377746582,31842000
2015-06-03,GOOGL,27.54686422835114,27.69028134877208,27.400471240542377,27.556293487548828,26710000
2015-06-04,GOOGL,27.40195784499536,27.589541598826578,27.2501053215843,27.377641677856445,26866000
2015-06-05,GOOGL,27.39302718714373,27.45902821399386,27.163758569250536,27.27045249938965,24396000
2015-06-08,GOOGL,27.274421591639793,27.287324588591463,26.943918594016772,26.9702205657959,27336000
2015-06-09,GOOGL,26.967241869344562,27.037710479211373,26.74045504699281,26.904714584350586,30016000
2015-06-10,GOOGL,27.080389805754574,27.53098573209508,27.051111965018936,27.422801971435547,30316000
2015-06-11,GOOGL,27.516590488906743,27.53346320024685,27.25258452052318,27.295759201049805,25872000
2015-06-12,GOOGL,27.152343578166626,27.236705246410978,27.076913297382482,27.168224334716797,25468000
2015-06-15,GOOGL,26.933000714235213,26.998505760028007,26.758321854151287,26.946399688720703,27150000
2015-06-16,GOOGL,27.019847226377504,27.129517023268125,26.87543815406977,27.039199829101562,32526000
2015-06-17,GOOGL,27.066492022669436,27.212389019281595,26.887345579469812,27.125049591064453,24440000
2015-06-18,GOOGL,27.194526753732134,27.65355808310509,27.194526753732134,27.600460052490234,41192000
2015-06-19,GOOGL,27.617335465429715,27.68631426070384,27.405933385056287,27.666959762573242,59290000
2015-06-22,GOOGL,27.760748044887578,28.068422801398977,27.73593400734135,27.774145126342773,34752000
2015-06-23,GOOGL,27.779605294519836,28.033190073921567,27.64859519983743,27.958255767822266,31396000
2015-06-24,GOOGL,27.913096143328428,27.921035575124176,27.631721468938157,27.71906089782715,28924000
2015-06-25,GOOGL,27.804914533189983,27.94584987016069,27.66397919621928,27.688295364379883,26684000
2015-06-26,GOOGL,27.77563614573837,27.790027076584188,27.385583614019517,27.445629119873047,43676000
2015-06-29,GOOGL,27.132495499755887,27.338439909999387,26.809435942126374,26.85955810546875,37756000
2015-06-30,GOOGL,27.05011607802913,27.090313001819293,26.77469691808607,26.799510955810547,34510000
2015-07-01,GOOGL,26.979155029034807,27.08584896140911,26.78561763845942,26.96129035949707,30760000
2015-07-02,GOOGL,27.032747499899706,27.19452525842251,26.97468590742082,27.161773681640625,28124000
2015-07-06,GOOGL,26.909180623274132,27.223308771939404,26.90173716920965,27.076417922973633,25614000
2015-07-07,GOOGL,27.16624090180923,27.34340155641525,26.79008331380378,27.295265197753906,33578000
2015-07-08,GOOGL,27.07542671214066,27.208420719320955,26.857075290667094,26.881887435913086,27662000
2015-07-09,GOOGL,27.226783112517296,27.238196282799034,27.026794231899636,27.028282165527344,29766000
2015-07-10,GOOGL,27.477885816892172,27.75479482444031,27.393028162084153,27.596986770629883,43436000
2015-07-13,GOOGL,27.76571128075888,28.42770925289534,27.72551435499295,28.372129440307617,41792000
2015-07-14,GOOGL,28.509591877602684,29.264388849923627,28.493215141470028,28.989961624145508,74832000
2015-07-15,GOOGL,28.968124861045165,29.213768310697166,28.792948129203957,28.979042053222656,41466000
2015-07-16,GOOGL,29.253967334360553,29.99834308387077,29.175559285936878,29.86336326599121,112642000
2015-07-17,GOOGL,33.74503130241583,34.88640887561023,33.645782724786116,34.71867370605469,257162000
2015-07-20,GOOGL,34.19066771581118,34.62835874176487,33.832870777740155,34.38221740722656,102436000
2015-07-21,GOOGL,33.98720213566838,35.01543242682111,33.95097682010599,34.506778717041016,75604000
2015-07-22,GOOGL,34.44077741943887,35.39903701396252,34.32167835952211,34.4943733215332,83100000
2015-07-23,GOOGL,34.33308890215859,34.542508940945176,33.32768492588079,33.4835090637207,76232000
2015-07-24,GOOGL,33.58474576320294,33.63536201134379,32.41409026848371,32.49299240112305,82622000
2015-07-27,GOOGL,32.33419248655619,33.10338227144955,32.333200530759136,32.666683197021484,58382000
2015-07-28,GOOGL,32.83987269847073,32.95599588518795,32.42550400588598,32.735660552978516,34364000
2015-07-29,GOOGL,32.86467901821394,32.91777893340544,32.39721046001831,32.823490142822266,36756000
2015-07-30,GOOGL,32.62548770330144,33.15200788984409,32.34014145365803,32.978816986083984,39606000
2015-07-31,GOOGL,32.98576849476105,33.000655402702066,32.613580651873434,32.62846755981445,34922000
2015-08-03,GOOGL,32.63641328875104,33.08353552156397,32.63641328875104,32.98676681518555,31348000
2015-08-04,GOOGL,32.967907843817805,33.14953799709492,32.77784606543182,32.81605529785156,26188000
2015-08-05,GOOGL,33.03787656998723,33.74056748198688,33.029441159304284,33.412052154541016,36448000
2015-08-06,GOOGL,33.44678326624297,33.484496511330036,32.78875320674871,33.256221771240234,40660000
2015-08-07,GOOGL,33.1386138699598,33.18923011555317,32.69645527607679,32.97038650512695,27544000
2015-08-10,GOOGL,33.10437298600329,33.3291759066055,32.76394664192577,32.908355712890625,34458000
2015-08-11,GOOGL,34.71669721716069,34.93604063387473,33.95941836816915,34.25617599487305,109880000
2015-08-12,GOOGL,34.46409669349137,34.53903099700302,33.77034103934489,34.314231872558594,58498000
2015-08-13,GOOGL,34.2015823326534,34.44127216369703,33.85321655369994,34.068092346191406,36354000
2015-08-14,GOOGL,33.94551807124381,34.353435276018715,33.88894630307991,34.210018157958984,27598000
2015-08-17,GOOGL,34.14401489011477,34.476501768388,33.896881631643765,34.44524002075195,24680000
2015-08-18,GOOGL,34.294380166594706,34.527118714482846,34.009033892865446,34.17825698852539,27710000
2015-08-19,GOOGL,34.246747117611406,34.747461463677666,34.08248755130125,34.4417724609375,50194000
2015-08-20,GOOGL,34.19661871948456,34.546968370689854,33.51079875191918,33.71922302246094,57798000
2015-08-21,GOOGL,33.30038488212459,33.392193780357445,31.913861905245366,31.96001434326172,91880000
2015-08-24,GOOGL,29.804804171606992,31.148650547042262,29.43211844491522,30.673738479614258,129788000
2015-08-25,GOOGL,32.0811045269304,32.10740271142138,30.35415128908793,30.39385223388672,71430000
2015-08-26,GOOGL,31.913870052274763,32.87560532650337,31.282143724558708,32.73963165283203,87740000
2015-08-27,GOOGL,33.34753373754855,33.44629012428268,32.310868061452695,33.147544860839844,58974000
2015-08-28,GOOGL,33.038373505981795,33.09990884431476,32.44237840634722,32.737152099609375,38836000
2015-08-31,GOOGL,32.47164966934492,32.97137572981981,32.07514757517647,32.148094177246094,38936000
2015-09-01,GOOGL,31.452853258368286,31.980367404582257,31.018634070034246,31.241947174072266,51458000
2015-09-02,GOOGL,31.660780679963988,32.01113226667077,31.295540291382007,32.00368881225586,37630000
2015-09-03,GOOGL,32.153557177503835,32.31831270130379,31.452852116514986,31.613637924194336,34572000
2015-09-04,GOOGL,31.248892833359136,31.48709283279749,31.09009283373357,31.212169647216797,40478000
2015-09-08,GOOGL,31.809660244357193,32.010145138086564,31.40769850097231,31.95258140563965,39092000
2015-09-09,GOOGL,32.349578758239254,32.62152230080097,31.804692145149495,31.92925453186035,40978000
2015-09-10,GOOGL,31.953562737813368,32.49943741691731,31.844387044774567,32.309871673583984,27850000
2015-09-11,GOOGL,32.26670568703855,32.519790716672205,32.12775236638235,32.51929473876953,34892000
2015-09-14,GOOGL,32.53566508696284,32.55005601465931,32.2314603359614,32.378849029541016,29942000
2015-09-15,GOOGL,32.58926287221055,33.19171317376884,32.42202746623192,33.00413131713867,35546000
2015-09-16,GOOGL,33.02795048855987,33.153005062962436,32.86170703389917,33.02646255493164,26252000
2015-09-17,GOOGL,33.12422506309319,33.84378677726277,33.00065841537542,33.33165740966797,47752000
2015-09-18,GOOGL,33.003628051239346,33.24083795771648,32.754014913414636,32.79818344116211,72544000
2015-09-21,GOOGL,33.02596468089905,33.19915560197183,32.65328086846901,33.09891128540039,39094000
2015-09-22,GOOGL,32.626977107571385,32.69397197422478,32.00963995089988,32.415077209472656,54362000
2015-09-23,GOOGL,32.400197351888885,32.766429725790395,32.29250956399379,32.419551849365234,29160000
2015-09-24,GOOGL,32.205169086426785,32.59224385638462,31.86771860742162,32.49993896484375,38692000
2015-09-25,GOOGL,32.68206594124722,32.68206594124722,31.74315895993424,31.767475128173828,48480000
2015-09-28,GOOGL,31.71288599202819,31.901463595584158,30.66033953743914,30.978435516357422,47646000
2015-09-29,GOOGL,31.040466075203458,31.496023636672415,30.669768054673835,30.897050857543945,42130000
2015-09-30,GOOGL,31.354592632564238,31.725788527579894,31.221598627910975,31.679141998291016,52954000
2015-10-01,GOOGL,31.657800918681502,31.950590656161918,31.319358501820503,31.859277725219727,42506000
2015-10-02,GOOGL,31.661277985325597,32.60365683606337,31.437468900379354,32.6031608581543,48788000
2015-10-05,GOOGL,32.83193123815367,33.39914437575399,32.54757691649381,33.332149505615234,37960000
2015-10-06,GOOGL,33.216530175188964,33.68548680510734,32.90538161783162,33.33017349243164,42774000
2015-10-07,GOOGL,33.61600356034712,33.68250245164468,32.65873604281736,33.248779296875,44354000
2015-10-08,GOOGL,33.22148582848524,33.342572572435444,32.47909407372532,33.09990310668945,39308000
2015-10-09,GOOGL,33.124227853750675,33.45175124421801,32.869651082217466,33.31032180786133,32124000
2015-10-12,GOOGL,33.208582446323746,33.64478549121892,33.11181376229365,33.567867279052734,26684000
2015-10-13,GOOGL,33.46018516030682,34.16485991332197,33.403113630735085,33.90234375,42446000
2015-10-14,GOOGL,33.93013255751556,34.24326495582343,33.69044274212037,33.765377044677734,31292000
2015-10-15,GOOGL,34.00556459667212,34.44772319493247,33.96288778270124,34.391151428222656,47156000
2015-10-16,GOOGL,34.5092587795464,34.54995168230745,34.196622340628124,34.505287170410156,36316000
2015-10-19,GOOGL,34.439780589871695,34.74944113070617,34.35095133888369,34.735050201416016,30172000
2015-10-20,GOOGL,34.63283003128805,34.63828957479307,33.431404856340926,33.74503707885742,52434000
2015-10-21,GOOGL,33.9043254167443,33.9881911038774,33.2835163975171,33.338104248046875,31952000
2015-10-22,GOOGL,33.51873881283811,34.14451140013563,33.333140877177165,33.80160140991211,88632000
2015-10-23,GOOGL,37.221761723035236,37.342848475277144,35.627806186980585,35.69678497314453,126726000
2015-10-26,GOOGL,35.73102584097521,36.4719297018128,35.73102584097521,36.281864166259766,48776000
2015-10-27,GOOGL,36.056065866924456,36.52204649870805,35.935478891922564,36.3662223815918,38778000
2015-10-28,GOOGL,36.375161366047585,36.592021067079884,36.09080702675448,36.5696907043457,39604000
2015-10-29,GOOGL,36.55530147578001,37.05949140684257,36.48235107747625,36.963218688964844,36520000
2015-10-30,GOOGL,36.998447219477676,37.03566448757477,36.55033313835504,36.59300994873047,39984000
2015-11-02,GOOGL,36.45108581129445,37.12846661643491,36.2982375527312,37.106632232666016,39914000
2015-11-03,GOOGL,36.991997582369684,37.30314607480245,36.780097667248654,37.16022872924805,36306000
2015-11-04,GOOGL,37.21382049785643,37.710070952023145,37.179083117508384,37.48229217529297,41840000
2015-11-05,GOOGL,37.65598230659319,38.030157876822436,37.58948719341855,37.748287200927734,45486000
2015-11-06,GOOGL,37.68476952562128,37.864907948532135,37.46840199808791,37.79444122314453,33544000
2015-11-09,GOOGL,37.64159167947553,37.87880162990481,37.174622805422494,37.45549774169922,35538000
2015-11-10,GOOGL,37.3914826470953,37.74481200531657,37.139885550539496,37.62868881225586,29798000
2015-11-11,GOOGL,37.83314171116004,38.165628607680326,37.70262759905492,37.97556686401367,41866000
2015-11-12,GOOGL,37.72397325595513,38.00286809489343,37.509593411729355,37.542842864990234,35452000
2015-11-13,GOOGL,37.419272931440176,37.48328815650851,36.69623557860425,36.72601318359375,48188000
2015-11-16,GOOGL,36.73295428178053,37.303639237389675,36.441156520099184,37.2396240234375,50704000
2015-11-17,GOOGL,37.341358496521714,37.46442915354146,36.92351419329553,37.019290924072266,38864000
2015-11-18,GOOGL,37.197449321077265,37.769626090524056,37.08926556043931,37.71553421020508,36266000
2015-11-19,GOOGL,37.70411580304644,37.87532281719481,37.57757329898008,37.712059020996094,28078000
2015-11-20,GOOGL,38.176551194648006,38.673793651469516,37.91850259999937,38.55866241455078,55478000
2015-11-23,GOOGL,38.58198284584127,38.85144646479687,38.38546582872933,38.54376983642578,34648000
2015-11-24,GOOGL,38.35817600056143,38.50854059295471,37.62124373334218,38.19292449951172,47880000
2015-11-25,GOOGL,38.29514751944256,38.360158474103706,38.039082881588186,38.174560546875,23612000
2015-11-27,GOOGL,38.16960219213621,38.40978800051288,38.062410392032795,38.30904769897461,14434000
2015-11-30,GOOGL,38.304082542033804,38.46089862651932,37.77061481137449,37.856468200683594,33586000
2015-12-01,GOOGL,38.05943005821888,38.955658200896075,38.010301750967244,38.89561080932617,40398000
2015-12-02,GOOGL,38.96806963136928,39.355144399320814,38.53037483087038,38.60084533691406,46876000
2015-12-03,GOOGL,38.735321401017586,38.92985071123887,37.83661340380981,38.12195587158203,41950000
2015-12-04,GOOGL,38.19689848901477,38.827630951233495,37.98847418265468,38.6683349609375,49800000
2015-12-07,GOOGL,38.71050670922862,38.75715512477061,38.04850886347601,38.35966110229492,36626000
2015-12-08,GOOGL,37.93834621042171,38.640541066723465,37.84008958843105,38.46635818481445,31082000
2015-12-09,GOOGL,38.26587526855723,38.51350453360641,37.31853100110351,37.84157943725586,46550000
2015-12-10,GOOGL,37.89318870314611,38.01625935999546,37.46690899092913,37.717018127441406,32458000
2015-12-11,GOOGL,37.169157311698804,37.587993545638916,37.151786729630395,37.2396240234375,43184000
2015-12-14,GOOGL,37.281313795347444,37.920981399703884,36.536938065215146,37.84108352661133,53864000
2015-12-15,GOOGL,38.101616526371046,38.447006447791104,37.61578913805301,37.719505310058594,49386000
2015-12-16,GOOGL,38.04107237726127,38.781976261495615,37.56864397393786,38.53831481933594,53120000
2015-12-17,GOOGL,38.765103807908034,38.78644221653924,38.17655218261888,38.20285415649414,36510000
2015-12-18,GOOGL,38.07382481057931,38.41673482621627,37.54581282340079,37.5587158203125,67794000
2015-12-21,GOOGL,37.86639345604841,38.03015702496206,37.424730826741204,37.754737854003906,34848000
2015-12-22,GOOGL,37.926937514968174,38.22815889974222,37.77458900689977,38.06886291503906,36338000
2015-12-23,GOOGL,38.24553194077713,38.30557934486654,37.59842083030086,38.13734817504883,30594000
2015-12-24,GOOGL,38.13784249483634,38.171587922918285,37.93289382290414,38.00484848022461,10412000
2015-12-28,GOOGL,38.21128875167561,38.847480745894224,38.09864118984892,38.81869888305664,31156000
2015-12-29,GOOGL,39.05441323113152,39.635029139645496,39.015212050102186,39.40030288696289,38430000
2015-12-30,GOOGL,39.40030382992259,39.5243664463715,39.064837273207026,39.21867370605469,28566000
2015-12-31,GOOGL,39.095603035943086,39.12091305153029,38.57454231863726,38.60878372192383,32752000
2016-01-04,GOOGL,37.824210024536455,37.824210024536455,37.09670516636444,37.6872444152832,67382000
2016-01-05,GOOGL,37.91850046873212,38.17158548404012,37.4991682131678,37.79096221923828,45216000
2016-01-06,GOOGL,37.23714710898058,37.99938557560447,37.11953599204981,37.681785583496094,48206000
2016-01-07,GOOGL,37.04460287523442,37.4822938876151,36.488305000305836,36.772159576416016,63132000
2016-01-08,GOOGL,37.10961490578553,37.224746152152946,36.172693640664434,36.27145004272461,47506000
2016-01-11,GOOGL,36.32304797445957,36.47837610682403,35.708194514709064,36.37862777709961,50896000
2016-01-12,GOOGL,36.759754768498375,37.13641023577878,36.54537494336249,36.98753356933594,46816000
2016-01-13,GOOGL,37.186034736953346,37.367664876802756,35.57024471374164,35.70869827270508,51728000
2016-01-14,GOOGL,35.950367474118316,36.71707350544237,34.985656484787164,36.29526138305664,55558000
2016-01-15,GOOGL,35.23328456634881,35.93647133507565,34.8124644135605,35.25809860229492,76676000
2016-01-19,GOOGL,35.73747186114245,35.995524186522566,35.22633456052304,35.68437194824219,48724000
2016-01-20,GOOGL,35.03032062799834,36.07492958595087,34.13111648772049,35.65857696533203,82440000
2016-01-21,GOOGL,35.738471572568294,36.60690995150858,35.28886949590144,36.06103515625,51938000
2016-01-22,GOOGL,36.82178150989947,37.1473247095841,36.74734697201103,36.99348449707031,47146000
2016-01-25,GOOGL,36.9130952923349,37.340862943566755,36.3503459419092,36.40592575073242,45340000
2016-01-26,GOOGL,36.48483819122566,36.69574240133854,36.07592519761591,36.41436767578125,30940000
2016-01-27,GOOGL,36.518578776715614,36.518578776715614,35.404994735783035,35.609947204589844,42428000
2016-01-28,GOOGL,36.6327123068158,37.27634769042169,36.25605688032963,37.134422302246094,62104000
2016-01-29,GOOGL,37.16717844501767,37.96862192407068,36.93096045614953,37.78203201293945,75808000
2016-02-01,GOOGL,38.273814549313805,38.587942710930236,37.78351958612073,38.2495002746582,111522000
2016-02-02,GOOGL,39.72485147600155,40.213658489846225,38.737310318741926,38.7526969909668,135846000
2016-02-03,GOOGL,39.019176422627666,39.27474508090973,36.53693241681742,37.18801498413086,131114000
2016-02-04,GOOGL,36.95031696053088,36.982574455595035,35.85906331852879,36.22777557373047,104922000
2016-02-05,GOOGL,36.00297606877494,36.06351566279018,34.7444832288079,34.92412567138672,109556000
2016-02-08,GOOGL,34.126147732686995,34.961836286392035,33.84477307843579,34.9439697265625,89410000
2016-02-09,GOOGL,34.38767703291656,35.77767590682536,34.16684571478804,34.788150787353516,84300000
2016-02-10,GOOGL,35.322614437702875,35.88982763328763,35.005014423519896,35.07746505737305,60314000
2016-02-11,GOOGL,34.55591149495455,35.348919647227845,34.30034276929891,35.05315399169922,65004000
2016-02-12,GOOGL,35.34345278202596,35.5315306076555,34.815936809625555,35.07944869995117,46538000
2016-02-16,GOOGL,35.663042941697135,35.87295897353915,35.242718686177405,35.61292266845703,43444000
2016-02-17,GOOGL,36.07740598396101,36.4128725279846,35.5618048286677,36.32404327392578,49154000
2016-02-18,GOOGL,36.422806269133254,36.52403877387243,35.509207334150055,35.60647201538086,47276000
2016-02-19,GOOGL,35.526567072377865,35.93002043559576,35.38860951106208,35.834739685058594,34918000
2016-02-22,GOOGL,36.201960705760456,36.4669605060789,35.901235359804524,36.179134368896484,37516000
2016-02-23,GOOGL,36.03274938142795,36.27094750302534,35.515160469463424,35.595550537109375,41332000
2016-02-24,GOOGL,35.26405492416314,35.79057900104926,34.83777895976725,35.774696350097656,37092000
2016-02-25,GOOGL,35.875432714687015,36.20196408081207,35.394069181854505,36.182613372802734,36146000
2016-02-26,GOOGL,36.40492978892983,36.53196825623458,35.826301638539846,35.97120666503906,42474000
2016-02-29,GOOGL,35.77965720290548,36.25605718743341,35.573216831001,35.59207534790039,45068000
2016-03-01,GOOGL,35.79453813634412,36.83815488460494,35.66253611226202,36.83021545410156,60112000
2016-03-02,GOOGL,36.864958898642634,36.87736213117078,36.387563173386724,36.69672775268555,36292000
2016-03-03,GOOGL,36.696729581586425,36.77215986668217,36.207922555156095,36.3051872253418,40534000
2016-03-04,GOOGL,36.46448832473148,36.47441166882942,36.00892694411916,36.237205505371094,48516000
2016-03-07,GOOGL,35.98559984271134,36.08782806796287,34.99260299897056,35.37273025512695,61690000
2016-03-08,GOOGL,35.153889509370174,35.84169352675015,34.93603783013441,35.40896224975586,52530000
2016-03-09,GOOGL,35.49034690094924,36.039697336594756,35.36578829544877,35.99850845336914,39544000
2016-03-10,GOOGL,36.11661725512179,36.55083647206295,35.89330602941707,36.33397674560547,44616000
2016-03-11,GOOGL,36.72005687114784,36.96569844394858,36.5587731880446,36.964210510253906,35380000
2016-03-14,GOOGL,36.96917720060816,37.43019437511861,36.904166229536436,37.2307014465332,32824000
2016-03-15,GOOGL,37.02127923653466,37.36816088720215,36.86347118063561,37.247074127197266,29832000
2016-03-16,GOOGL,37.171641552241276,37.66541214221778,37.04509904299183,37.58402633666992,29306000
2016-03-17,GOOGL,37.598413784293754,37.9800289743035,37.584022854900866,37.63960266113281,44564000
2016-03-18,GOOGL,37.79591984531687,37.82122607121699,37.30909681439384,37.48725128173828,56222000
2016-03-21,GOOGL,37.412814795647435,37.88077933492188,37.28180471520703,37.82222366333008,28774000
2016-03-22,GOOGL,37.63762376372678,37.96316321303674,37.60983385690874,37.7175178527832,22096000
2016-03-23,GOOGL,37.88127856302047,37.982514838530285,37.518022104148095,37.59394836425781,24678000
2016-03-24,GOOGL,37.27833474197719,37.5939470259952,37.243597362316855,37.45896911621094,31116000
2016-03-28,GOOGL,37.524970793595514,37.630674659384916,37.32002213272256,37.38155746459961,21676000
2016-03-29,GOOGL,37.40140208535203,38.07134322257798,37.13392615162235,38.00732421875,40062000
2016-03-30,GOOGL,38.1224547519491,38.574044471150266,38.091193003471254,38.12890625,40396000
2016-03-31,GOOGL,38.12890736598787,38.16562865790518,37.62818932303009,37.85894775390625,32554000
2016-04-01,GOOGL,37.57410288152156,38.213270710505526,37.476834425802885,38.19491195678711,31674000
2016-04-04,GOOGL,38.18696786380617,38.33237267312875,37.80386471471298,37.9691162109375,26924000
2016-04-05,GOOGL,37.62223910144288,37.857461342495476,37.49668476269407,37.644073486328125,24478000
2016-04-06,GOOGL,37.60784726949187,38.13288343321991,37.5314250234861,38.11551284790039,25312000
2016-04-07,GOOGL,37.97903779204242,38.17952263804612,37.59097109618595,37.72098922729492,25498000
2016-04-08,GOOGL,38.006335978479505,38.068863268773214,37.505125700328605,37.68873596191406,23434000
2016-04-11,GOOGL,37.9854869870237,38.07332427943917,37.583029385882654,37.592952728271484,31774000
2016-04-12,GOOGL,37.63712288040206,37.959186656338254,37.29669278016015,37.929412841796875,27388000
2016-04-13,GOOGL,38.22666653316887,38.496626134826585,37.94281197985296,38.306068420410156,35426000
2016-04-14,GOOGL,38.477279461348076,38.68818364752694,38.37107961533215,38.47876739501953,26992000
2016-04-15,GOOGL,38.48423118914257,38.75369487098233,38.455941515806046,38.707542419433594,31712000
2016-04-18,GOOGL,38.71696171203582,39.131830139325714,38.58893127921475,39.088653564453125,33540000
2016-04-19,GOOGL,39.22860084163421,39.250931203936716,38.22468484675957,38.52144241333008,43952000
2016-04-20,GOOGL,38.66585251141412,38.690666549805485,38.27431015647353,38.455440521240234,34262000
2016-04-21,GOOGL,38.57405241642249,38.79091214733377,38.28821010411514,38.707542419433594,77628000
2016-04-22,GOOGL,36.91657064850062,37.413317130149366,36.2446493140442,36.611873626708984,140798000
2016-04-25,GOOGL,36.49178416484708,36.96470858283177,36.479377144506714,36.832210540771484,49442000
2016-04-26,GOOGL,36.94187751942796,36.99993721811807,35.74591208995123,35.99652099609375,55864000
2016-04-27,GOOGL,35.99403609268807,36.084849257687694,35.18812509815023,35.802486419677734,66262000
2016-04-28,GOOGL,35.893303492597134,36.18956510082308,34.8963349082586,34.9886360168457,62590000
2016-04-29,GOOGL,34.94199587654074,35.33849807689551,34.925121267494454,35.12858581542969,58278000
2016-05-02,GOOGL,35.32906245557149,35.50225337679018,35.05314732845683,35.45262908935547,33476000
2016-05-03,GOOGL,35.357845062793025,35.40101785302601,35.101284424597104,35.156368255615234,38620000
2016-05-04,GOOGL,35.073494500818576,35.484387546774165,34.93851280156946,35.3017692565918,34172000
2016-05-05,GOOGL,35.48190878330955,35.60845129080285,35.206489619631846,35.4675178527832,29668000
2016-05-06,GOOGL,35.34295592366291,36.0272841703002,35.330548905802516,35.98708724975586,39952000
2016-05-09,GOOGL,36.062518518497015,36.439173934663245,35.90371852935042,36.183109283447266,38074000
2016-05-10,GOOGL,36.472425274308534,36.722534418331186,36.30618182282669,36.691768646240234,32634000
2016-05-11,GOOGL,36.74834072172119,36.76223567428409,36.12207211455834,36.253578186035156,29834000
2016-05-12,GOOGL,36.32553757674062,36.492776793272625,35.94193839760929,36.13051223754883,27094000
2016-05-13,GOOGL,36.05854817959171,36.290294756073784,35.90421200178227,35.96971893310547,25244000
2016-05-16,GOOGL,35.94441899207555,36.35928371973176,35.73003915092349,36.24117660522461,22538000
2016-05-17,GOOGL,36.278887020581564,36.516589140023775,35.630784049934775,35.73945999145508,33404000
2016-05-18,GOOGL,35.655595396902456,36.00644484152183,35.48290044592236,35.81836700439453,32536000
2016-05-19,GOOGL,35.645672242814435,35.75484795221574,35.24916632942593,35.497291564941406,30598000
2016-05-20,GOOGL,35.55436334493607,36.11214536480229,35.48240490592018,35.81489181518555,34798000
2016-05-23,GOOGL,35.72904458549902,35.90372346173018,35.578184007171274,35.59356689453125,24816000
2016-05-24,GOOGL,35.72259319919181,36.43471146817612,35.712666068799244,36.376651763916016,37884000
2016-05-25,GOOGL,36.474409871843534,36.71707556634119,36.35531081808167,36.62824630737305,32216000
2016-05-26,GOOGL,36.524030360002214,36.777119135729535,36.37515750481988,36.57018280029297,27202000
2016-05-27,GOOGL,36.598967619142456,37.11506855492321,36.5741535815596,37.09968566894531,34802000
2016-05-31,GOOGL,37.15725268861202,37.39148298848767,36.998948655728036,37.161720275878906,42484000
2016-06-01,GOOGL,37.142860479844515,37.286773576253076,36.93790802797835,37.142364501953125,20788000
2016-06-02,GOOGL,37.025249972912654,37.08480139568827,36.57366020223531,36.9344367980957,33916000
2016-06-03,GOOGL,36.79647679788827,36.79647679788827,36.420317339719354,36.517086029052734,24608000
2016-06-06,GOOGL,36.648095758086136,36.648095758086136,36.14142597629198,36.2292594909668,29992000
2016-06-07,GOOGL,36.38855636242383,36.55926359960229,36.2659816905898,36.280372619628906,24314000
2016-06-08,GOOGL,36.69772012136151,36.911603949159,36.512621940075825,36.86793518066406,32314000
2016-06-09,GOOGL,36.57712821423832,36.91755450093546,36.54884233548712,36.84758377075195,19180000
2016-06-10,GOOGL,36.521555770108435,36.70467005218769,36.25159613700398,36.38459014892578,29050000
2016-06-13,GOOGL,36.21735184827314,36.672909402759835,36.21735184827314,36.319580078125,23354000
2016-06-14,GOOGL,36.19204051909414,36.52403142556194,36.052595024595355,36.3875617980957,26584000
2016-06-15,GOOGL,36.47043482056211,36.58109845389793,36.29128838590642,36.3349609375,23234000
2016-06-16,GOOGL,36.125047080754804,36.24563784997621,35.50870561856141,35.940940856933594,45002000
2016-06-17,GOOGL,35.799012305008986,35.799012305008986,34.79311239929035,34.94844055175781,82262000
2016-06-20,GOOGL,35.24916511436183,35.525080245589145,35.006003452044006,35.04173278808594,45654000
2016-06-21,GOOGL,35.23626328248936,35.50076714569355,34.96878733814499,35.17820358276367,30318000
2016-06-22,GOOGL,35.43476913677589,35.44270856991521,35.02933178000072,35.257110595703125,29058000
2016-06-23,GOOGL,35.261076433756514,35.4759522156523,34.749939067948674,35.47545623779297,42500000
2016-06-24,GOOGL,34.24971574700766,34.98565599713085,33.98868753111872,34.00307846069336,95436000
2016-06-27,GOOGL,33.86859627887684,33.91028113376816,33.38078125220872,33.80160140991211,58146000
2016-06-28,GOOGL,34.30926584706551,34.3772526696022,33.98571036078369,34.30380630493164,38246000
2016-06-29,GOOGL,34.45269166634873,34.712724196313545,34.37428171751905,34.49884033203125,43124000
2016-06-30,GOOGL,34.62091049089605,34.92461550775341,34.484440867222176,34.91270446777344,42250000
2016-07-01,GOOGL,34.9906242245258,35.35933647243899,34.92263739032194,35.246192932128906,30984000
2016-07-05,GOOGL,34.9861534269257,35.140485835922306,34.69435942841312,34.98019790649414,28440000
2016-07-06,GOOGL,34.729592921749656,35.3826594689489,34.68790806465761,35.18267059326172,28902000
2016-07-07,GOOGL,35.23924203564414,35.24221790279893,34.770781482468266,35.097808837890625,21174000
2016-07-08,GOOGL,35.26157252518358,35.62582093790213,35.13998979962691,35.61986541748047,29946000
2016-07-11,GOOGL,35.70125465982379,36.173187105195424,35.67396073048072,36.087337493896484,28822000
2016-07-12,GOOGL,36.321567496176115,36.50418580345068,36.10222410741208,36.35084533691406,26468000
2016-07-13,GOOGL,36.500214816525784,36.500214816525784,36.17765126018955,36.200477600097656,20436000
2016-07-14,GOOGL,36.421805675635575,36.530981385031104,36.25556222217988,36.51411056518555,21408000
2016-07-15,GOOGL,36.77216410917429,36.77216410917429,36.45654797949425,36.505680084228516,32342000
2016-07-18,GOOGL,36.618815969382744,37.473855255432206,36.549341211486535,37.37758255004883,38698000
2016-07-19,GOOGL,37.21233351393926,37.54581237379083,37.143850707206795,37.38800811767578,30436000
2016-07-20,GOOGL,37.419764810599816,37.74679594911789,37.419764810599816,37.57012939453125,22502000
2016-07-21,GOOGL,37.56615610793469,37.623227633478145,37.29421259823522,37.43762969970703,19062000
2016-07-22,GOOGL,37.58203755825552,37.687737624548944,37.350783168643005,37.67930221557617,20920000
2016-07-25,GOOGL,37.59990415364283,37.706103994637665,37.42075770528802,37.59196472167969,21466000
2016-07-26,GOOGL,37.59196387653886,37.67831324263924,37.35525371220503,37.59841537475586,23792000
2016-07-27,GOOGL,37.66392467239359,37.93586821198578,37.51306410076188,37.81279754638672,32172000
2016-07-28,GOOGL,38.15372514611018,38.160176644982805,37.66987787502751,38.00484848022461,73464000
2016-07-29,GOOGL,39.58639478325421,39.89555555934584,39.20378385523221,39.27028274536133,101810000
2016-08-01,GOOGL,39.038534655865156,40.07172847201896,38.957644831751125,39.74668502807617,60594000
2016-08-02,GOOGL,39.567540102535375,39.81516936298048,39.428590574848876,39.70599365234375,39928000
2016-08-03,GOOGL,39.524863469094136,39.67721197236737,39.35365644809422,39.64644241333008,29206000
2016-08-04,GOOGL,39.612700246767346,39.70996492459635,39.398320415988366,39.56357192993164,21520000
2016-08-05,GOOGL,39.70549527226197,40.05832861288158,39.59135600365888,40.04393768310547,36146000
2016-08-08,GOOGL,39.997792514175806,40.0771944173981,39.7839086539415,39.9595832824707,24426000
2016-08-09,GOOGL,39.92285497117527,40.36154174300593,39.90151656327975,40.07123565673828,32154000
2016-08-10,GOOGL,40.04989447611076,40.23995622241922,40.022104571371635,40.12135314941406,18370000
2016-08-11,GOOGL,40.21960784377915,40.388830939512026,39.997784594363246,40.10696029663086,25646000
2016-08-12,GOOGL,39.95262776393017,40.056839901366175,39.88066933035673,40.04989242553711,17946000
2016-08-15,GOOGL,40.05783514271895,40.26377954529082,39.90002709706038,39.99580383300781,18596000
2016-08-16,GOOGL,39.873721881796804,39.911438914089175,39.551158340317876,39.759090423583984,21158000
2016-08-17,GOOGL,39.70004170771051,39.97943250797475,39.51642765181958,39.96900939941406,21322000
2016-08-18,GOOGL,39.966035699891556,40.0970458143451,39.780933700191135,39.83651351928711,17292000
2016-08-19,GOOGL,39.68961807017925,39.76108053711022,39.54521277475068,39.68267059326172,22416000
2016-08-22,GOOGL,39.626089721255006,39.66529468417514,39.418657417202056,39.548675537109375,17056000
2016-08-23,GOOGL,39.72385653013412,39.74966252422521,39.5010413073855,39.53081512451172,18350000
2016-08-24,GOOGL,39.54421453019754,39.62361642485331,39.2415014324812,39.38243865966797,25672000
2016-08-25,GOOGL,39.303032666853056,39.43801435925692,39.06632251340355,39.26829528808594,24054000
2016-08-26,GOOGL,39.32735348158125,39.67026349279013,39.17450900429268,39.36357879638672,24978000
2016-08-29,GOOGL,39.35514171663045,39.626589256355444,39.21966404264613,39.49260330200195,15474000
2016-08-30,GOOGL,39.346705010586184,39.60078574511991,39.177481918143755,39.29906463623047,23348000
2016-08-31,GOOGL,39.183935449675836,39.281696092613316,39.06483640065046,39.19634246826172,21428000
2016-09-01,GOOGL,39.302047702422755,39.347208195898546,39.021668733245235,39.27326583862305,26070000
2016-09-02,GOOGL,39.465306340879856,39.556119499035155,39.365558009988526,39.54470443725586,26998000
2016-09-06,GOOGL,39.62014215915034,40.240455284688544,39.473253192283245,40.0980339050293,39790000
2016-09-07,GOOGL,40.093562705164736,40.22606072875652,39.88464244456871,40.09654235839844,22906000
2016-09-08,GOOGL,39.95908378895613,40.11788379533845,39.75015972648589,39.840972900390625,23554000
2016-09-09,GOOGL,39.63899833518388,39.786883035206195,39.10701852680097,39.12835693359375,37752000
2016-09-12,GOOGL,38.93184121214883,39.70847057554531,38.88122118363669,39.6414794921875,37274000
2016-09-13,GOOGL,39.402782574057184,39.49111585104216,38.92241098615698,39.14026641845703,36180000
2016-09-14,GOOGL,39.08121487248913,39.51791773630002,39.08121487248913,39.22661590576172,25842000
2016-09-15,GOOGL,39.20428402273063,39.88116889209936,39.13728914761188,39.761077880859375,31144000
2016-09-16,GOOGL,39.65140453409231,39.65140453409231,39.38342883090761,39.59929656982422,42612000
2016-09-19,GOOGL,39.75512612056534,39.89804727230718,39.38045833452542,39.47127151489258,22990000
2016-09-20,GOOGL,39.70004033244312,39.83650997830407,39.61369095768516,39.68912124633789,20984000
2016-09-21,GOOGL,39.76256393328359,39.9933223650681,39.503023641281096,39.949649810791016,26970000
2016-09-22,GOOGL,40.196288436832035,40.645890488382086,40.082648925777185,40.49155807495117,35186000
2016-09-23,GOOGL,40.45135997646666,40.543661077902705,40.33176494828004,40.44242858886719,28234000
2016-09-26,GOOGL,40.187355973030996,40.200258969642896,39.72236726150214,39.83154296875,29454000
2016-09-27,GOOGL,39.790850811853275,40.36947904221922,39.790850811853275,40.232513427734375,27346000
2016-09-28,GOOGL,39.9025031664426,40.208691862652444,39.837991973511556,40.19926071166992,29406000
2016-09-29,GOOGL,40.05883351149204,40.39032852019267,39.742721391689386,39.8310546875,27000000
2016-09-30,GOOGL,39.87868580693293,40.101501013469054,39.77447366848317,39.901512145996094,33204000
2016-10-03,GOOGL,39.82658276986311,39.87571108505847,39.512954360042,39.71889877319336,29784000
2016-10-04,GOOGL,39.94815738987062,40.02259570744244,39.68365734898335,39.83848571777344,25174000
2016-10-05,GOOGL,39.997788058157994,40.12185067855309,39.735271886577976,39.761077880859375,24276000
2016-10-06,GOOGL,39.90251049486514,40.044935666611046,39.725351724161364,39.85288619995117,21998000
2016-10-07,GOOGL,39.994315777435084,39.99481175531273,39.54223004891363,39.73527145385742,23262000
2016-10-10,GOOGL,39.89506342743224,40.562520923946174,39.8111977329862,40.40322494506836,29922000
2016-10-11,GOOGL,40.403224407767155,40.685591046230755,40.065773936868496,40.174949645996094,34432000
2016-10-12,GOOGL,40.293557463189714,40.41960400695674,40.12433812299786,40.28413009643555,18158000
2016-10-13,GOOGL,40.001264173264374,40.025578448100006,39.63155619702256,39.90250778198242,27380000
2016-10-14,GOOGL,40.06974741680068,40.20075751665259,39.815170671603966,39.928314208984375,22238000
2016-10-17,GOOGL,39.997289838368275,40.369477678691865,39.89010183027704,40.03947067260742,21128000
2016-10-18,GOOGL,40.40520695133663,41.12973215836576,40.361538183600246,40.7664794921875,45786000
2016-10-19,GOOGL,40.83545394302787,41.17885988641772,40.83545394302787,41.03196716308594,30002000
2016-10-20,GOOGL,41.06769993282552,41.11286041920532,40.719830160100656,40.7734260559082,27878000
2016-10-21,GOOGL,40.692535653018915,40.90542751358719,40.60866996560209,40.894012451171875,32316000
2016-10-24,GOOGL,41.19325010100841,41.58280468976089,41.141142143995644,41.473628997802734,28952000
2016-10-25,GOOGL,41.610599508196984,41.610599508196984,40.95554906512244,41.1168327331543,37814000
2016-10-26,GOOGL,41.045862458159135,41.07514407916489,40.51140283213677,40.79674530029297,35898000
2016-10-27,GOOGL,40.84191387983384,41.019072643956065,40.4250614886426,40.56103515625,59470000
2016-10-28,GOOGL,41.18580900892834,41.63541101124851,40.543657815174015,40.67070007324219,87098000
2016-10-31,GOOGL,40.813127187784964,40.823054317799844,40.097041122760764,40.19132614135742,44854000
2016-11-01,GOOGL,40.23946461851519,40.39280887520307,39.61369192991004,39.97198486328125,47118000
2016-11-02,GOOGL,40.03550466138214,40.03550466138214,38.95566238328915,39.12538146972656,47014000
2016-11-03,GOOGL,38.93085080427274,39.2037900978715,38.639552755858325,38.816219329833984,43504000
2016-11-04,GOOGL,38.275795999079094,39.12835542657127,38.26090909129383,38.762123107910156,39412000
2016-11-07,GOOGL,39.44943201577227,39.94816236931584,39.34769976194644,39.800777435302734,39852000
2016-11-08,GOOGL,39.80077743122523,40.49602103004838,39.68117861597495,40.2945442199707,35382000
2016-11-09,GOOGL,39.79084997995276,40.28114491967384,39.30502262707691,39.977439880371094,61970000
2016-11-10,GOOGL,40.19628812436219,40.19926399159507,38.12344893912965,38.721927642822266,118192000
2016-11-11,GOOGL,38.54923496749436,38.57305326503578,37.989961199218286,38.298133850097656,71852000
2016-11-14,GOOGL,38.298628520048524,38.29962047581752,36.90069024300515,37.378578186035156,73766000
2016-11-15,GOOGL,37.98648243293769,38.71944684458934,37.974079200334565,38.467350006103516,58878000
2016-11-16,GOOGL,38.232126904638434,38.88122182394265,38.02916216767748,38.70654296875,35968000
2016-11-17,GOOGL,38.831599216389655,39.14919921380259,38.70009314493386,39.01322555541992,30674000
2016-11-18,GOOGL,39.06335119699981,39.267803884664836,38.47678351229251,38.50754928588867,36126000
2016-11-21,GOOGL,38.61324904356612,39.032581309353134,38.523923804782555,38.94573974609375,32616000
2016-11-22,GOOGL,39.15366290632493,39.39086903200431,38.89313067868055,38.955657958984375,27884000
2016-11-23,GOOGL,39.179969683000955,39.179969683000955,38.34279309262319,38.65791320800781,26260000
2016-11-25,GOOGL,38.8370554509634,38.85144638016897,38.61771209590004,38.71894836425781,12270000
2016-11-28,GOOGL,38.62565344589951,39.68713313158166,38.61324642739143,38.99486541748047,51508000
2016-11-29,GOOGL,39.123390933103416,39.52336866675731,38.972530375237625,39.175994873046875,31240000
2016-11-30,GOOGL,39.15912852164099,39.27872355867141,38.36760837343348,38.503082275390625,45582000
2016-12-01,GOOGL,38.63557920176285,38.638059090940125,37.38552196581087,37.929908752441406,57342000
2016-12-02,GOOGL,37.80932473476723,38.2361004442691,37.66541164332212,37.936363220214844,34376000
2016-12-05,GOOGL,38.21128448861968,38.70753493652383,38.060919906264076,38.61920166015625,33770000
2016-12-06,GOOGL,38.71696031343343,38.96955311114852,38.3760380299774,38.51796340942383,34682000
2016-12-07,GOOGL,38.705056464199906,39.303035398386605,38.386460726976026,39.276737213134766,40588000
2016-12-08,GOOGL,39.35017856134208,39.650411749756124,39.10006942469935,39.46034622192383,32250000
2016-12-09,GOOGL,39.66530096986102,40.193808941970715,39.60326965993606,40.16899490356445,38090000
2016-12-12,GOOGL,39.9392346718492,40.26328619434512,39.92484374023328,40.092079162597656,32572000
2016-12-13,GOOGL,40.31488785471283,40.90592305519874,40.29255749404697,40.461280822753906,42564000
2016-12-14,GOOGL,40.49006894588856,40.903941647693976,40.33424481733955,40.58782958984375,35994000
2016-12-15,GOOGL,40.56153078021334,40.84141754554619,40.295538968262576,40.4766731262207,35394000
2016-12-16,GOOGL,40.60867490748878,40.652839656835134,40.1029932600866,40.188350677490234,51978000
2016-12-19,GOOGL,40.160562492013334,40.50496047158546,39.92335253407247,40.32035446166992,25272000
2016-12-20,GOOGL,40.36352490087307,40.51835708231239,40.24591377764941,40.45433807373047,25438000
2016-12-21,GOOGL,40.48014456958401,40.48014456958401,39.95312830209719,40.30546569824219,29192000
2016-12-22,GOOGL,40.151634241326214,40.24939490406656,39.99928192853152,40.180416107177734,22632000
2016-12-23,GOOGL,40.097535534257176,40.2444244923585,39.953622443389605,40.08711242675781,15310000
2016-12-27,GOOGL,40.13078256232712,40.49403904001457,39.98786520842909,40.192813873291016,19520000
2016-12-28,GOOGL,40.36153392601731,40.36153392601731,39.82111878444647,39.92681884765625,24296000
2016-12-29,GOOGL,39.81566642926072,39.98538173439257,39.607738109925165,39.842960357666016,21148000
2016-12-30,GOOGL,39.85933838638653,39.863309995928184,39.18493334079483,39.325374603271484,34718000
2017-01-03,GOOGL,39.73080209555945,40.26774545030832,39.545703917091544,40.0975341796875,39180000
2017-01-04,GOOGL,40.19083262034752,40.36650724309658,39.9040021517086,40.085628509521484,30306000
2017-01-05,GOOGL,40.07222584262852,40.38188641152178,39.993819691175254,40.34615707397461,26810000
2017-01-06,GOOGL,40.44391838306494,41.13718188276882,40.27072744913276,40.951087951660156,40342000
2017-01-09,GOOGL,41.00864646371446,41.210123255818615,40.77292827148271,41.04884338378906,28178000
2017-01-10,GOOGL,41.04339145364955,41.159514648926965,40.848366123144025,40.990787506103516,23948000
2017-01-11,GOOGL,41.02106268835721,41.18383053038321,40.76549396763802,41.181846618652344,26508000
2017-01-12,GOOGL,41.10839858849833,41.20765096242631,40.74266220393062,41.165470123291016,26990000
2017-01-13,GOOGL,41.23840753795564,41.419537874092754,41.164964962332476,41.23543167114258,25804000
2017-01-17,GOOGL,41.18879067470525,41.197722062843404,40.85134019002307,41.062744140625,28818000
2017-01-18,GOOGL,41.17886478192362,41.179360759784444,40.89500642973119,41.14015579223633,20554000
2017-01-19,GOOGL,41.13915976444253,41.337660685748496,40.8890506480857,40.909393310546875,21410000
2017-01-20,GOOGL,41.14362936622756,41.15107660663391,40.92081414245824,41.09797668457031,26124000
2017-01-23,GOOGL,41.268681032863334,41.959956718940774,41.124271984822904,41.90487289428711,49148000
2017-01-24,GOOGL,42.03142032387728,42.256719213077204,41.79818200283484,42.15796661376953,33768000
2017-01-25,GOOGL,42.35746240353827,42.61749490502919,42.16838881561796,42.600624084472656,33108000
2017-01-26,GOOGL,42.63039602473197,42.72716471495005,42.20709594878447,42.527671813964844,69866000
2017-01-27,GOOGL,42.62791386592172,43.024911949179725,41.77932606162762,41.93465042114258,75050000
2017-01-30,GOOGL,41.53913719604288,41.54757260487599,40.743645582705376,40.882598876953125,70338000
2017-01-31,GOOGL,40.667720117440844,40.84488263681275,40.365007060490846,40.701961517333984,40404000
2017-02-01,GOOGL,40.891036827172215,40.891036827172215,40.307941048389026,40.456321716308594,45020000
2017-02-02,GOOGL,40.444417658879914,40.918833795334486,40.29802466313232,40.60619354248047,33784000
2017-02-03,GOOGL,40.84786652297752,40.996739391700366,40.660280877807196,40.69898986816406,30562000
2017-02-06,GOOGL,40.738200388612775,40.811147006262615,40.409185284009645,40.7729377746582,27018000
2017-02-07,GOOGL,40.965479353787416,41.284071319426445,40.855807662616314,41.150577545166016,33332000
2017-02-08,GOOGL,41.215088300547556,41.39969428117468,40.946120654169825,41.182830810546875,26044000
2017-02-09,GOOGL,41.27464239144694,41.28704941155029,41.01510585556502,41.191768646240234,23884000
2017-02-10,GOOGL,41.33518126306503,41.54360554813792,41.21409830101388,41.42947006225586,28302000
2017-02-13,GOOGL,41.570903218410955,41.7713918757338,41.498948560926706,41.6334342956543,25914000
2017-02-14,GOOGL,41.67362425540763,41.784287897768046,41.47810296426607,41.686527252197266,27266000
2017-02-15,GOOGL,41.6259862972604,41.7728790491817,41.497459871942795,41.55204772949219,27144000
2017-02-16,GOOGL,41.61059851762846,41.81852681532986,41.54906319064616,41.792724609375,20102000
2017-02-17,GOOGL,41.75004597303008,42.02943673981585,41.674119712939536,42.01008224487305,29224000
2017-02-21,GOOGL,42.081542255291,42.29046250632525,42.01007980012941,42.14506149291992,25206000
2017-02-22,GOOGL,42.082039871822275,42.36936627888974,42.01802086777558,42.248779296875,24488000
2017-02-23,GOOGL,42.234882863664524,42.31130509746699,41.8090991424148,42.23091125488281,27734000
2017-02-24,GOOGL,42.064673329936916,42.09990669139501,41.83193096706205,42.07261276245117,26924000
2017-02-27,GOOGL,41.930686699303536,42.21454128418682,41.83441398266672,42.1649169921875,20206000
2017-02-28,GOOGL,42.04978611561516,42.12323249149809,41.75650037607216,41.929691314697266,27662000
2017-03-01,GOOGL,42.24977427038242,42.578293365415064,42.13265912497911,42.51626205444336,36374000
2017-03-02,GOOGL,42.49441922527507,42.50335439848353,42.11776759972527,42.17384338378906,25018000
2017-03-03,GOOGL,42.1286878993732,42.22198474867026,41.91877566759099,42.13563537597656,20100000
2017-03-06,GOOGL,42.02546424922019,42.12868443399256,41.74309762117766,42.04581069946289,20958000
2017-03-07,GOOGL,42.04531993935258,42.3465451214604,41.95897434913689,42.23836135864258,20774000
2017-03-08,GOOGL,42.33611722477396,42.525190799363294,42.243320146074254,42.36192321777344,20576000
2017-03-09,GOOGL,42.364406227644714,42.71277198330302,42.31378619815778,42.57034683227539,26954000
2017-03-10,GOOGL,42.811528040099496,42.88745430437443,42.55893899446762,42.74751281738281,26732000
2017-03-13,GOOGL,42.71872937663826,43.03136581030742,42.71823339876589,42.904823303222656,23332000
2017-03-14,GOOGL,42.86363339999027,43.0536989311068,42.68399097612587,42.9708251953125,21234000
2017-03-15,GOOGL,43.07156078228258,43.16783349042689,42.74204975761626,43.09389114379883,26658000
2017-03-16,GOOGL,43.200091949022436,43.308275700168785,43.05071931886995,43.173789978027344,22090000
2017-03-17,GOOGL,43.35640808375141,43.393133161851445,43.09289996924788,43.29140090942383,37366000
2017-03-20,GOOGL,43.147986163876745,43.19066297862106,42.909292073603915,43.07007598876953,30844000
2017-03-21,GOOGL,43.17676553963307,43.34598864129953,42.066653511858306,42.188236236572266,50760000
2017-03-22,GOOGL,42.15548499471337,42.44678681434154,42.03241432992479,42.17136764526367,27334000
2017-03-23,GOOGL,41.75402057720973,41.76890748635961,41.337667954548785,41.66767120361328,65754000
2017-03-24,GOOGL,41.784285417085385,41.883537776462944,41.14412568302945,41.4438591003418,42114000
2017-03-27,GOOGL,41.09400631803227,41.753524407412854,40.90592847074578,41.61109924316406,38692000
2017-03-28,GOOGL,41.66965254633351,41.95301111313809,41.30143255257137,41.71630096435547,30384000
2017-03-29,GOOGL,41.82150967990313,42.26019264790651,41.75352284968886,42.17483901977539,29146000
2017-03-30,GOOGL,42.27954586125871,42.28053781698494,42.02100130922451,42.15548324584961,18988000
2017-03-31,GOOGL,42.023976682319145,42.159454359168194,41.94507455601519,42.072113037109375,28820000
2017-04-03,GOOGL,42.11926014978814,42.627917656974276,42.058716772484146,42.51626205444336,39388000
2017-04-04,GOOGL,42.08203962767055,42.3301648523948,42.05772156861287,42.3088264465332,26970000
2017-04-05,GOOGL,42.41502344136857,42.70681744000787,42.05821848190618,42.127197265625,37104000
2017-04-06,GOOGL,42.15647706326983,42.359445600964506,41.8835415689709,41.93812942504883,30672000
2017-04-07,GOOGL,41.93316250320609,41.9768312701363,41.55105132734069,41.789249420166016,22232000
2017-04-10,GOOGL,41.76146211818289,42.01951448525901,41.72424484701357,41.76940155029297,20924000
2017-04-11,GOOGL,41.76939814842842,41.91479916222082,41.417060794388895,41.679080963134766,19486000
2017-04-12,GOOGL,41.60861921761759,41.86964746185861,41.565446424204374,41.75749588012695,22716000
2017-04-13,GOOGL,41.73665035748687,41.870144135285976,41.578350112342136,41.693973541259766,21474000
2017-04-17,GOOGL,41.753519149893044,42.46117350877903,41.73614856742474,42.43586349487305,20982000
2017-04-18,GOOGL,42.30734071824727,42.548022523201205,42.24332549159694,42.37929916381836,18724000
2017-04-19,GOOGL,42.54801370474404,42.68745919351234,42.3564602563244,42.50434494018555,21606000
2017-04-20,GOOGL,42.66463631982733,42.872564625316954,42.553476702041586,42.68151092529297,23776000
2017-04-21,GOOGL,42.708308617818545,42.79862960082511,42.56489528300526,42.62543487548828,23458000
2017-04-24,GOOGL,43.096374823312495,43.66805555194461,42.980747620740054,43.616939544677734,33930000
2017-04-25,GOOGL,43.78219134157877,44.277945815648785,43.634310433362856,44.108726501464844,40760000
2017-04-26,GOOGL,44.23527086405299,44.31467275702346,43.92561029643131,44.12361526489258,26466000
2017-04-27,GOOGL,44.16629233186943,44.33402372050894,44.0263508487108,44.23775100708008,46846000
2017-04-28,GOOGL,46.10166415612093,46.44407436678136,45.814829963354164,45.87934494018555,76918000
2017-05-01,GOOGL,45.86098930958472,46.44011353829957,45.694745850411195,46.291236877441406,46556000
2017-05-02,GOOGL,46.31356990747987,46.795925430806086,46.20091856573446,46.503135681152344,35026000
2017-05-03,GOOGL,46.45152594781824,47.15371701656006,46.40984109093424,47.06687545776367,36496000
2017-05-04,GOOGL,47.158185702399734,47.59736842959079,47.0132806556512,47.37802505493164,38752000
2017-05-05,GOOGL,47.477272040361875,47.56262945078794,47.04950439079089,47.15768814086914,32310000
2017-05-08,GOOGL,47.017249327736685,47.68917057626963,47.01476565243741,47.575035095214844,37534000
2017-05-09,GOOGL,47.70605045305425,47.74922324660206,47.3621484661799,47.47677993774414,33758000
2017-05-10,GOOGL,47.4524664237961,47.47678069939129,47.135858360518014,47.38398361206055,22920000
2017-05-11,GOOGL,47.20780998489091,47.54030067802731,47.074815979290726,47.43608474731445,20622000
2017-05-12,GOOGL,47.53335046365582,47.53979817562925,47.24602027611878,47.39886474609375,24298000
2017-05-15,GOOGL,47.40631211349413,47.77403238912884,47.283737426252316,47.60133743286133,26754000
2017-05-16,GOOGL,47.816220028660226,47.93283541645704,47.65742001533722,47.86882019042969,22030000
2017-05-17,GOOGL,47.6251600544227,47.689175277135526,46.65052185226562,46.75523376464844,48982000
2017-05-18,GOOGL,46.806345103008915,47.351227917804934,46.71056836665466,47.168609619140625,36010000
2017-05-19,GOOGL,47.283740502367316,47.618215137100144,47.24304759660105,47.37455368041992,27206000
2017-05-22,GOOGL,47.49116489337226,47.879235366849606,47.469330510397356,47.84201431274414,27748000
2017-05-23,GOOGL,48.134315451162074,48.36010655528015,47.86336006847492,48.16359329223633,30908000
2017-05-24,GOOGL,48.39732355580964,48.53924894808386,48.21718515109815,48.51394271850586,22660000
2017-05-25,GOOGL,48.58292396167472,49.415632984536856,48.52436449538357,49.221099853515625,39082000
2017-05-26,GOOGL,49.228041984179605,49.44589741082595,48.99778332544321,49.29106903076172,32728000
2017-05-30,GOOGL,49.252859979540474,49.50694073938105,49.19628821251165,49.43498229980469,30324000
2017-05-31,GOOGL,49.43697198540054,49.60519935961232,48.71591855745543,48.98439025878906,34482000
2017-06-01,GOOGL,49.17643953227833,49.28462329148241,48.6965638786128,49.043941497802734,26128000
2017-06-02,GOOGL,49.058830737474516,49.45037312472636,48.98340044640526,49.4325065612793,34710000
2017-06-05,GOOGL,49.52034286470422,49.99227531263532,49.39925610468423,49.817596435546875,27578000
2017-06-06,GOOGL,49.78930788618503,50.052320036613125,49.366999754627315,49.46029281616211,31042000
2017-06-07,GOOGL,49.57988696106635,49.81908081046018,49.42009500491669,49.699485778808594,27482000
2017-06-08,GOOGL,49.83496062990177,49.902947461120334,49.4573170101493,49.83744430541992,33758000
2017-06-09,GOOGL,49.89748920728695,49.89798518514761,47.311029027469736,48.142250061035156,72958000
2017-06-12,GOOGL,47.57652557253585,48.037046702383286,46.48874388291965,47.72986602783203,84042000
2017-06-13,GOOGL,48.23753216399073,48.52883019214543,47.739789971222606,48.161109924316406,40108000
2017-06-14,GOOGL,48.40922895911659,48.61765322243615,47.61572125288898,48.033565521240234,30110000
2017-06-15,GOOGL,47.04553690509626,47.67378940965939,46.66590560748003,47.64897537231445,48552000
2017-06-16,GOOGL,47.5363265484606,47.63756282047895,47.07928106997453,47.57155990600586,51184000
2017-06-19,GOOGL,48.11892885428555,48.59781256489888,48.046974196261225,48.39534378051758,29376000
2017-06-20,GOOGL,48.39980239152941,48.6717497013078,48.04696904390916,48.08617401123047,25946000
2017-06-21,GOOGL,48.1755015253506,48.610216673197506,48.10900262833196,48.56257629394531,23232000
2017-06-22,GOOGL,48.477220280604165,48.65736248122,48.30055749744032,48.46481704711914,20190000
2017-06-23,GOOGL,48.40923276139795,48.96106301777214,48.35762077628013,48.93476104736328,31280000
2017-06-26,GOOGL,49.12880180620966,49.32680679482114,48.15267560331807,48.24001693725586,30358000
2017-06-27,GOOGL,47.719448391080846,47.99833940653162,46.999386939253284,47.04901123046875,48872000
2017-06-28,GOOGL,47.176545420399115,47.80082629514785,46.45698000842025,47.690162658691406,54912000
2017-06-29,GOOGL,47.210793007621085,47.226175894953286,46.13144664128115,46.539363861083984,64134000
2017-06-30,GOOGL,46.84554841383085,46.89566868069941,46.13193849239863,46.135414123535156,45754000
2017-07-03,GOOGL,46.31108669671117,46.36170672945465,45.42230190340284,45.62824630737305,33896000
2017-07-05,GOOGL,45.86346147360881,46.46342803089579,45.58705039206544,46.2634391784668,41882000
2017-07-06,GOOGL,45.903165451668826,46.45598765133131,45.647596779338656,46.03665542602539,40298000
2017-07-07,GOOGL,46.20042880158784,46.87880547441436,46.14087737345635,46.687747955322266,33266000
2017-07-10,GOOGL,46.74431054819273,47.29912045428234,46.74431054819273,47.193416595458984,29030000
2017-07-11,GOOGL,47.16959707594584,47.38645675818733,46.90162138808365,47.318965911865234,29224000
2017-07-12,GOOGL,47.682725437992914,48.117936586972256,47.49315965271021,48.02017593383789,32042000
2017-07-13,GOOGL,48.17599231453892,48.56803060581498,47.8782428158492,48.0792236328125,30492000
2017-07-14,GOOGL,48.33479701526849,48.510467835780986,48.14373952231558,48.47920608520508,21592000
2017-07-17,GOOGL,48.44992680298946,48.79878854424115,48.17599557974904,48.43206024169922,33210000
2017-07-18,GOOGL,48.30303491759887,49.17097726036958,48.237531763888754,48.977439880371094,28266000
2017-07-19,GOOGL,49.129292625079735,49.406695699521066,48.98041596928831,49.266258239746094,28242000
2017-07-20,GOOGL,49.47617043256222,49.559540148205805,48.86181286451785,49.23747634887695,28368000
2017-07-21,GOOGL,49.079173018907035,49.38238209117647,48.83948319000982,49.319358825683594,29266000
2017-07-24,GOOGL,49.33226699455003,49.932233703465144,49.142201436296226,49.54118728637695,79690000
2017-07-25,GOOGL,48.171039031252256,48.47027652729189,47.828624952328425,48.088165283203125,118672000
2017-07-26,GOOGL,48.27425677033935,48.332316474369,47.65146374690554,47.90355682373047,44432000
2017-07-27,GOOGL,48.095601938273454,48.11247654391243,46.501646453008206,47.26835250854492,74358000
2017-07-28,GOOGL,47.04404958365928,47.728873861858474,46.9110517937302,47.55717086791992,36276000
2017-07-31,GOOGL,47.640048163224336,47.699103608517916,46.73339677016054,46.92048645019531,45670000
2017-08-01,GOOGL,47.03511098495856,47.36660590772958,46.89368158160399,46.973079681396484,28052000
2017-08-02,GOOGL,47.062905308119326,47.09913440965353,46.276348759406865,47.02667999267578,40788000
2017-08-03,GOOGL,47.09913263430074,47.143793358053344,46.61975299724924,46.66242980957031,22478000
2017-08-04,GOOGL,46.843562552511514,47.02171705092121,46.63762193437322,46.93487548828125,25092000
2017-08-07,GOOGL,47.02072151411599,47.09218397084506,46.82122862365179,46.932884216308594,28916000
2017-08-08,GOOGL,46.86043994461183,47.26736521233886,46.77061872324248,46.85547637939453,30102000
2017-08-09,GOOGL,46.57062994234074,46.83413808605424,46.34582700636274,46.651519775390625,28018000
2017-08-10,GOOGL,46.399415906369235,46.463927100251865,45.74337352463318,45.833194732666016,54148000
2017-08-11,GOOGL,45.83915367368673,46.3180335642897,45.71558703292893,46.15576171875,32334000
2017-08-14,GOOGL,46.601395566462045,46.699156220448366,46.37411274165074,46.59444808959961,23012000
2017-08-15,GOOGL,46.6986581527084,46.799894433640944,46.480806490160866,46.55226516723633,22130000
2017-08-16,GOOGL,46.70957885726091,47.138834484661764,46.64953145566643,46.85944747924805,26906000
2017-08-17,GOOGL,46.793942038038246,46.836618855977704,46.034183367639976,46.03517532348633,33914000
2017-08-18,GOOGL,46.00142427318592,46.20190912629163,45.82624943543366,45.96172332763672,26748000
2017-08-21,GOOGL,45.941388607986525,46.06445550272678,45.585575542279884,45.69822311401367,26024000
2017-08-22,GOOGL,46.00043500831304,46.74481074349614,45.96123003833307,46.667396545410156,35502000
2017-08-23,GOOGL,46.4986666682668,46.9170069577444,46.41132913140807,46.775577545166016,22690000
2017-08-24,GOOGL,46.83165225161101,46.96067464247233,46.18801308649525,46.49320983886719,25892000
2017-08-25,GOOGL,46.608340792297135,46.68377107831637,46.15625884016076,46.176109313964844,23746000
2017-08-28,GOOGL,46.24459231590403,46.39197725724702,45.958254057354154,46.05849838256836,20988000
2017-08-29,GOOGL,45.652564985174116,46.55772463302447,45.62080346980942,46.43663787841797,23172000
2017-08-30,GOOGL,46.43266452050314,46.938342313979845,46.35227067894128,46.82767868041992,22406000
2017-08-31,GOOGL,46.96017738474658,47.50109232862754,46.95769749555969,47.40382766723633,33866000
2017-09-01,GOOGL,47.5144895553442,47.55716636433171,47.15768462668982,47.2425422668457,20858000
2017-09-05,GOOGL,46.98797302251831,47.212775951268085,46.42919523611651,46.72099304199219,29148000
2017-09-06,GOOGL,46.839584954594976,46.87084669907239,46.28427914588697,46.747779846191406,27830000
2017-09-07,GOOGL,46.85845700417256,47.168613580090856,46.52497432151314,47.13833999633789,22332000
2017-09-08,GOOGL,47.12891069949256,47.17853499238886,46.6480430855102,46.7175178527832,19998000
2017-09-11,GOOGL,47.00483577942643,47.27677925646566,46.697159186201134,46.8108024597168,26748000
2017-09-12,GOOGL,46.990953296891284,47.049013000440326,46.52348465670868,46.97755432128906,25696000
2017-09-13,GOOGL,46.92048475210786,47.28522916054444,46.88276771628767,47.16563034057617,21908000
2017-09-14,GOOGL,46.94529353925096,47.04603383816455,46.566158211796534,46.653995513916016,28548000
2017-09-15,GOOGL,46.65201646012069,46.734394228160234,46.213329667804956,46.413814544677734,39886000
2017-09-18,GOOGL,46.39991755941593,46.4917226900335,45.92302155757706,46.13888931274414,29474000
2017-09-19,GOOGL,46.32051886751881,46.54531800815113,45.985548271000006,46.491722106933594,24854000
2017-09-20,GOOGL,46.53489396639547,47.14379195587361,46.523478903822635,47.02171325683594,40080000
2017-09-21,GOOGL,47.05099481279299,47.28274140618764,46.61677567697785,47.02220916748047,27414000
2017-09-22,GOOGL,46.78501189471896,47.14380081946071,46.68923514772174,46.809326171875,21496000
2017-09-25,GOOGL,46.62024623068184,46.63513313772302,45.87884645687278,46.363685607910156,37468000
2017-09-26,GOOGL,46.48328679251417,46.8500151193324,46.40537661608518,46.5200080871582,33454000
2017-09-27,GOOGL,46.783518515945815,47.90950945539698,46.74431354698791,47.63508224487305,46692000
2017-09-28,GOOGL,47.45395421011204,47.94672908024382,47.41921682644762,47.878746032714844,28018000
2017-09-29,GOOGL,47.9377930383633,48.42461612640098,47.9377930383633,48.320899963378906,40622000
2017-10-02,GOOGL,48.416679288555535,48.5203954571342,47.73681476802177,48.010746002197266,30782000
2017-10-03,GOOGL,48.01521026635215,48.25738377408989,47.77453226445452,48.23951721191406,21666000
2017-10-04,GOOGL,48.22363473292049,48.35464482078487,47.91843798169234,47.97650146484375,21156000
2017-10-05,GOOGL,48.27474905020129,48.95560551159922,48.149694477185655,48.890098571777344,35618000
2017-10-06,GOOGL,48.632551863744006,49.340206360252274,48.55860950507318,49.3094367980957,31060000
2017-10-09,GOOGL,49.37692107258531,49.64787264414547,49.203234167739055,49.243431091308594,25910000
2017-10-10,GOOGL,49.39181451394313,49.49950230223736,48.687635649806694,49.01962661743164,23268000
2017-10-11,GOOGL,49.0811525111357,50.00070677491517,49.02656466059747,49.905426025390625,36300000
2017-10-12,GOOGL,49.81560481813796,50.1977159858152,49.679631169627086,49.905426025390625,30614000
2017-10-13,GOOGL,50.07713362911123,50.35751257519346,49.975401372258496,50.01559829711914,26552000
2017-10-16,GOOGL,50.10293380114631,50.22054491757551,49.70047616319536,50.08903884887695,21420000
2017-10-17,GOOGL,49.99425855270142,50.34758788475635,49.92527976825698,50.170921325683594,20260000
2017-10-18,GOOGL,50.17340512014817,50.434429564257954,49.88905078577245,50.25727081298828,25596000
2017-10-19,GOOGL,49.8607596076791,49.98829784202451,49.49105547221153,49.71635055541992,34284000
2017-10-20,GOOGL,49.974908395415305,50.05430650805293,49.73769844114107,49.876651763916016,32120000
2017-10-23,GOOGL,49.8821012198322,49.912374798986946,48.78638014398963,48.907466888427734,32786000
2017-10-24,GOOGL,48.95511472809701,49.09208035672033,48.487646070254186,49.05386734008789,28902000
2017-10-25,GOOGL,48.94369559147272,49.3486369224814,48.51940355088725,49.20125198364258,30574000
2017-10-26,GOOGL,49.549118183641085,49.94810396498932,49.152116313676444,49.19926071166992,47396000
2017-10-27,GOOGL,51.162927318854706,52.78219286366731,50.95747889494824,51.295921325683594,103682000
2017-10-30,GOOGL,51.07211007918639,51.601609961020664,50.73317169757723,51.26912307739258,46804000
2017-10-31,GOOGL,51.26267978462052,51.65967792551335,50.93018906168293,51.26466369628906,30326000
2017-11-01,GOOGL,51.427434023526644,52.000106771021215,51.31230278610582,51.739078521728516,43262000
2017-11-02,GOOGL,51.60955392842729,51.883981140435175,51.04730052943399,51.7574348449707,26694000
2017-11-03,GOOGL,51.74651958031252,52.13905389188489,51.493430775303956,52.105804443359375,27770000
2017-11-06,GOOGL,52.06164156462021,52.23483250380962,51.70930037926595,51.743045806884766,18294000
2017-11-07,GOOGL,52.08892564155223,52.27551932057107,51.75892243055798,52.22489929199219,26104000
2017-11-08,GOOGL,52.10877584631401,52.736036369261456,51.959902986662186,52.5176887512207,24276000
2017-11-09,GOOGL,52.00704757013572,52.14996491013847,51.404101317421436,51.9931526184082,35892000
2017-11-10,GOOGL,51.802099309849076,51.93906492678788,51.67059323569073,51.81599426269531,19442000
2017-11-13,GOOGL,51.649750966860445,52.04377321267855,51.573328725968764,51.66960144042969,18814000
2017-11-14,GOOGL,51.496911223922865,51.724194055983205,51.08055479071875,51.69144058227539,21012000
2017-11-15,GOOGL,51.36192165694365,51.59168434353382,51.15150967877325,51.43189239501953,18106000
2017-11-16,GOOGL,51.54801332722722,52.19363637737985,51.51079605947761,52.03036880493164,23768000
2017-11-17,GOOGL,52.09637741576298,52.15592505067583,51.29890176821728,51.406089782714844,26712000
2017-11-20,GOOGL,51.41154591875335,51.545535660609886,51.2467904057093,51.34505081176758,17526000
2017-11-21,GOOGL,51.61203562266244,52.125656704610606,51.56737489523608,52.12118911743164,22206000
2017-11-22,GOOGL,52.16386301287419,52.37576293256396,51.96982965480921,52.20158004760742,14538000
2017-11-24,GOOGL,52.32415526773204,52.60602593101643,52.20158058272845,52.42985534667969,16492000
2017-11-27,GOOGL,52.531585840905464,53.249659556822905,52.343008243811624,53.198543548583984,35430000
2017-11-28,GOOGL,53.29680742258889,53.5950529373588,52.331600370669904,52.76581954956055,36424000
2017-11-29,GOOGL,52.412983451889076,52.541513664144034,51.0964309354443,51.48003387451172,55866000
2017-11-30,GOOGL,51.607076405235695,51.815500707675014,51.117277401457855,51.419986724853516,45092000
2017-12-01,GOOGL,51.13415197547027,51.473090427285975,50.46371852703724,50.86915588378906,37762000
2017-12-04,GOOGL,51.00462424291862,51.18029885308843,50.082589993697184,50.21409606933594,38778000
2017-12-05,GOOGL,50.17043408538993,51.44530187497238,49.740186461994035,50.59770584106445,38998000
2017-12-06,GOOGL,50.444852185282436,51.58920562972724,50.38480478897441,51.248779296875,28710000
2017-12-07,GOOGL,51.41502560950752,52.05270552003554,51.379792248779296,51.83683776855469,30866000
2017-12-08,GOOGL,52.196121809743886,52.42489255494484,51.90085216727183,52.07553482055664,31170000
2017-12-11,GOOGL,52.16138278766249,52.404048478148965,51.814504953595645,52.20405960083008,23254000
2017-12-12,GOOGL,52.10629691851809,52.72660997707188,51.85172019697783,52.045257568359375,33882000
2017-12-13,GOOGL,52.209519113266865,52.37824245436875,51.936579842554295,52.17527770996094,27680000
2017-12-14,GOOGL,52.37874075521263,52.95389333302223,52.2849479356192,52.47699737548828,30962000
2017-12-15,GOOGL,52.7901304576841,53.35933130860984,52.60701618899297,53.19804763793945,63760000
2017-12-18,GOOGL,53.4188813914985,53.91711957040014,53.11716403688669,53.8476448059082,30292000
2017-12-19,GOOGL,53.744917023004,53.841685708982446,53.21144551940759,53.584129333496094,26350000
2017-12-20,GOOGL,53.64071113647225,53.65609402379042,53.029329392188195,53.27547073364258,28728000
2017-12-21,GOOGL,53.366286317465715,53.47198640792185,53.049182260006255,53.140987396240234,25640000
2017-12-22,GOOGL,53.098804283755854,53.18415791715682,52.98168913373847,53.042232513427734,17788000
2017-12-26,GOOGL,53.03130632302311,53.042225407735316,52.53505588217745,52.892852783203125,18376000
2017-12-27,GOOGL,52.93007631438394,53.012950051016446,52.522155343473464,52.61247253417969,22324000
2017-12-28,GOOGL,52.71420963929213,52.842739854017275,52.27403492224957,52.401573181152344,19884000
2017-12-29,GOOGL,52.37874054780052,52.505779027442706,52.240283219299755,52.275020599365234,23606000
2018-01-02,GOOGL,52.25617025270984,53.39556020053394,52.25617025270984,53.25809860229492,31766000
2018-01-03,GOOGL,53.29382310488846,54.394011768856736,53.269012854206274,54.16672897338867,31318000
2018-01-04,GOOGL,54.44313914405325,54.7900169585257,54.30270169360927,54.37713623046875,26052000
2018-01-05,GOOGL,54.758755942293035,55.2614578852317,54.67687416456261,55.09819030761719,30250000
2018-01-08,GOOGL,55.13342482258022,55.53836613302585,55.08380053427195,55.292720794677734,24644000
2018-01-09,GOOGL,55.50263459976359,55.50263459976359,54.99447312387298,55.222251892089844,26808000
2018-01-10,GOOGL,54.93492751056001,55.2217617465006,54.78506268002627,55.09075164794922,20734000
2018-01-11,GOOGL,55.19844224357218,55.32448878356856,54.9091281034237,55.18553924560547,22424000
2018-01-12,GOOGL,55.088763822884715,56.14081235967413,54.985047659986655,56.108558654785156,38586000
2018-01-16,GOOGL,56.587934163341046,57.01322191950671,55.910553359462554,56.11103820800781,36462000
2018-01-17,GOOGL,56.39191940730114,56.538808365710146,55.7532437778964,56.52789306640625,27830000
2018-01-18,GOOGL,56.540293788359044,56.60182911673487,55.80137765608824,56.372562408447266,27498000
2018-01-19,GOOGL,56.47479116377378,56.76013366064309,56.20036396582539,56.746238708496094,30552000
2018-01-22,GOOGL,56.762127791221864,57.906481347709565,56.662875417430044,57.77149963378906,29550000
2018-01-23,GOOGL,58.09207350050602,58.48361586672038,57.92483808376147,58.36749267578125,39138000
2018-01-24,GOOGL,58.80468510693005,58.90740931133954,57.932275229255815,58.12531661987305,37128000
2018-01-25,GOOGL,58.59279081058267,58.80568269348987,58.15261611382517,58.663753509521484,29984000
2018-01-26,GOOGL,58.931228436085426,58.932716369628906,57.963541580164076,58.932716369628906,42170000
2018-01-29,GOOGL,58.954565425628935,59.45081596360194,58.75904032085797,58.87913513183594,31494000
2018-01-30,GOOGL,58.44441449933271,58.95108431301713,58.28511472940525,58.42704391479492,37338000
2018-01-31,GOOGL,58.74662673993285,58.871189124546724,58.16551860611946,58.667724609375,36022000
2018-02-01,GOOGL,58.35855649396602,58.92726136028972,58.029541444345845,58.63645553588867,73514000
2018-02-02,GOOGL,55.94826905865259,56.140814483925396,55.14186204237714,55.54035186767578,117842000
2018-02-05,GOOGL,54.6178258240209,55.33143581319407,52.44077811074088,52.72115707397461,83550000
2018-02-06,GOOGL,51.31130902345979,53.96128479980708,51.1142960056207,53.81489181518555,76630000
2018-02-07,GOOGL,53.84168814584848,53.91910234091689,52.335566149712285,52.37477111816406,51942000
2018-02-08,GOOGL,52.59609636260182,52.79757316754465,49.858283469667874,50.00765609741211,66792000
2018-02-09,GOOGL,50.9093405758253,52.19165157410531,49.47616901467817,51.92119598388672,98360000
2018-02-12,GOOGL,52.437296314030576,52.87895891252558,51.882490187723185,52.33258819580078,56240000
2018-02-13,GOOGL,52.106300080249994,52.66309393318882,51.953455599699886,52.31174850463867,31586000
2018-02-14,GOOGL,52.320677213428844,53.370245858338976,52.0963740689642,53.232784271240234,41304000
2018-02-15,GOOGL,53.766260082746875,54.294768067501664,52.96134096810648,54.15879440307617,37396000
2018-02-16,GOOGL,54.25902704890968,54.99993083278105,54.16821388857048,54.364234924316406,39948000
2018-02-20,GOOGL,54.2282657694196,55.39594152717007,54.09130015779495,54.76570510864258,33754000
2018-02-21,GOOGL,55.03914280401336,56.38398115658834,54.960236887413046,55.2698974609375,41486000
2018-02-22,GOOGL,55.53887119428916,55.85101169130668,54.84312773019922,55.0788459777832,28010000
2018-02-23,GOOGL,55.513560774913074,56.02668591580059,55.00639494141923,55.98152542114258,25292000
2018-02-26,GOOGL,56.168601178902755,56.78097480128656,56.04354661241557,56.75616455078125,30912000
2018-02-27,GOOGL,56.75617126300313,56.783465192050166,55.420760223493645,55.45648956298828,42964000
2018-02-28,GOOGL,55.67930179671217,55.959684526717496,54.736428922811236,54.782081604003906,49292000
2018-03-01,GOOGL,55.06097854323342,55.146828152317056,52.964317175280286,53.16877365112305,55338000
2018-03-02,GOOGL,52.50230528478262,53.936968598314685,52.11175868044733,53.800498962402344,50162000
2018-03-05,GOOGL,53.50225291516991,54.64610659754565,53.21144708473962,54.3275146484375,28648000
2018-03-06,GOOGL,54.69176119433916,54.86693981283799,54.31460979530824,54.63220977783203,23382000
2018-03-07,GOOGL,54.231250756650645,55.391487041593216,54.08684166672553,55.333919525146484,30748000
2018-03-08,GOOGL,55.44110560536582,56.14776430734299,55.44110560536582,56.04553985595703,33862000
2018-03-09,GOOGL,56.547735470066755,57.61467466095469,56.289190932292925,57.60673522949219,42662000
2018-03-12,GOOGL,57.81566048237289,58.46624715991599,57.52535440754589,57.85933303833008,44306000
2018-03-13,GOOGL,58.152120769167716,58.45830950368578,56.30309246479134,56.56808853149414,43140000
2018-03-14,GOOGL,56.86038100642698,57.553144739239166,56.68917398475328,57.01372146606445,41870000
2018-03-15,GOOGL,57.04746330353441,57.68911477146329,56.35717950356119,57.09907150268555,33382000
2018-03-16,GOOGL,57.33430005554553,57.40675068592315,56.143794144320694,56.29564666748047,58656000
2018-03-19,GOOGL,55.468891977817584,55.548786060621794,54.03770431650665,54.591026306152344,63656000
2018-03-20,GOOGL,54.508149898872496,54.86297095428456,53.715141858503905,54.379127502441406,54598000
2018-03-21,GOOGL,54.21883604453977,55.019287487041886,53.952844264742374,54.289798736572266,44898000
2018-03-22,GOOGL,53.59555019756746,53.78958356837691,52.0884361507639,52.26262283325195,69312000
2018-03-23,GOOGL,52.17428353085247,52.939005648036364,50.85921909488901,50.942588806152344,49880000
2018-03-26,GOOGL,52.13607800593,52.566329384144204,50.15008398584677,52.309268951416016,65984000
2018-03-27,GOOGL,52.79609052042724,52.827852036652054,49.506943016228995,49.96944808959961,60816000
2018-03-28,GOOGL,49.7198349266751,50.8651804175994,48.831050096900356,49.88210678100586,77698000
2018-03-29,GOOGL,50.18134200018211,52.009527688259304,49.82552900995121,51.468116760253906,69338000
2018-04-02,GOOGL,50.99568784301467,51.58672305151779,49.33970113683525,50.251808166503906,65068000
2018-04-03,GOOGL,50.42649335644149,50.86567610781931,49.488580216950425,50.55204391479492,51322000
2018-04-04,GOOGL,49.53720572466153,51.249767958339014,49.45185210452574,51.099403381347656,50724000
2018-04-05,GOOGL,51.92715645467816,51.943035319833584,50.81605236379516,51.24481201171875,35836000
2018-04-06,GOOGL,50.77138701791852,51.411550611883996,49.93520614397591,50.11882019042969,40134000
2018-04-09,GOOGL,50.61952941671248,51.837825170624825,50.57784456096985,50.622013092041016,33220000
2018-04-10,GOOGL,51.12670643855783,51.67010136246143,50.389774115194186,51.43636703491211,36620000
2018-04-11,GOOGL,51.213050313437314,51.4050997727002,50.57785027638551,50.86865234375,34060000
2018-04-12,GOOGL,51.18674869899539,51.84080342477513,50.91778103567387,51.475563049316406,32896000
2018-04-13,GOOGL,51.951967353092115,52.254180681132055,51.121242272639556,51.41353225708008,25410000
2018-04-16,GOOGL,51.88546776108672,52.17726176373882,51.30832746807676,51.91276168823242,29776000
2018-04-17,GOOGL,52.66210162928209,53.84317639363368,52.45814113987707,53.563289642333984,54584000
2018-04-18,GOOGL,53.5459220284732,53.69429891878459,53.12460586736447,53.36627960205078,31126000
2018-04-19,GOOGL,53.05016746800002,54.463984559405986,53.05016746800002,54.06400680541992,39884000
2018-04-20,GOOGL,53.80694912151603,54.32701787255593,53.20301089344784,53.46205520629883,42434000
2018-04-23,GOOGL,53.74293007635519,53.99205104578485,52.93404319728805,53.28786849975586,69590000
2018-04-24,GOOGL,52.56284888476104,52.825365050270115,50.263226659685515,50.748558044433594,128220000
2018-04-25,GOOGL,51.10139295954509,51.41502514411271,50.469168811542865,50.76593017578125,57860000
2018-04-26,GOOGL,51.273585427559595,52.20653864442341,50.63987342636872,51.7743034362793,50926000
2018-04-27,GOOGL,51.88496800135182,52.19065693422967,50.99419938611895,51.18574905395508,40746000
2018-04-30,GOOGL,51.3331376788393,51.52915493293339,50.53318222748374,50.54707717895508,34492000
2018-05-01,GOOGL,50.43393040958253,51.69589490391238,50.15156379055698,51.64726257324219,35326000
2018-05-02,GOOGL,51.31230005016539,51.80755857112997,50.77436471513222,50.917781829833984,34698000
2018-05-03,GOOGL,50.88403475292571,51.14803884700509,50.01658840256139,50.93018341064453,39282000
2018-05-04,GOOGL,50.598195492643825,52.19959830782419,50.5207812945636,52.15592575073242,36892000
2018-05-07,GOOGL,52.29934493286772,52.85067927939502,52.11970249067856,52.57575607299805,34400000
2018-05-08,GOOGL,52.831818800559255,52.86209238246906,52.187687389366474,52.5325813293457,26030000
2018-05-09,GOOGL,52.806017016910786,54.28980493760383,52.70726062410294,54.0391960144043,47160000
2018-05-10,GOOGL,54.33942457481275,55.054522416158676,54.28384476641588,54.8589973449707,36414000
2018-05-11,GOOGL,54.60789841925767,55.03467412844142,54.449594397395124,54.75528335571289,30504000
2018-05-14,GOOGL,54.86396501263832,55.48824973417262,54.825755784553216,54.91508102416992,39338000
2018-05-15,GOOGL,54.43371794094132,54.54388561127285,53.534510015766045,53.836727142333984,35738000
2018-05-16,GOOGL,53.84764367043649,54.30866078186636,53.67594067435831,53.79801559448242,25628000
2018-05-17,GOOGL,53.66750464416077,54.14092498301683,53.41739171406392,53.65757751464844,25738000
2018-05-18,GOOGL,52.9003020391115,53.28390497437442,52.834798881924954,53.080936431884766,35482000
2018-05-21,GOOGL,53.54542329649362,54.25506157797582,53.495799009653055,53.794044494628906,25180000
2018-05-22,GOOGL,54.08138184480761,54.180630431635564,53.21095576102281,53.36231231689453,22226000
2018-05-23,GOOGL,53.09880341958403,53.992055832667575,52.94794284377033,53.89081954956055,23740000
2018-05-24,GOOGL,53.937463655345056,53.948378954377326,53.212938438795966,53.86550521850586,20604000
2018-05-25,GOOGL,53.9200943680781,54.0699629796909,53.72407709774085,53.79751968383789,22224000
2018-05-29,GOOGL,53.396547482289485,53.661547311615664,52.755391993922906,53.003021240234375,36076000
2018-05-30,GOOGL,53.27148892210886,53.544924140479814,52.92758699344144,53.4694938659668,28686000
2018-05-31,GOOGL,53.69430251832289,55.08380543101918,53.495805347444154,54.587554931640625,79368000
2018-06-01,GOOGL,55.22622753620622,56.48124464641408,55.18354693646333,56.32442855834961,63202000
2018-06-04,GOOGL,56.49811615122291,57.45885937837239,56.4236778223204,57.21966552734375,44754000
2018-06-05,GOOGL,57.30006109053783,57.619645014579035,56.94276012999267,57.119422912597656,32964000
2018-06-06,GOOGL,57.20626810058822,57.30254081706033,56.389937708237184,56.917449951171875,34934000
2018-06-07,GOOGL,56.799836571157144,56.86385179160158,55.88375786737696,56.29564666748047,36108000
2018-06-08,GOOGL,56.136350399231766,56.51201009610915,55.74034046530058,56.21078872680664,27284000
2018-06-11,GOOGL,56.22219622265105,56.95664853332132,56.14577398873393,56.617210388183594,24796000
2018-06-12,GOOGL,56.62317180973507,57.0067747389026,56.62317180973507,56.97898483276367,26092000
2018-06-13,GOOGL,57.18194867586223,57.34869189613274,56.74028605200182,56.782466888427734,34302000
2018-06-14,GOOGL,57.17848013784783,57.86231252034413,57.09858226130343,57.570518493652344,35422000
2018-06-15,GOOGL,57.5610775555466,57.75908250447119,57.251916782394005,57.52882385253906,44438000
2018-06-18,GOOGL,57.20229056835582,58.76250434434158,57.11842488006886,58.73521041870117,33038000
2018-06-19,GOOGL,58.06676234623113,58.69699875352033,57.64495021983217,58.49254608154297,47282000
2018-06-20,GOOGL,58.72131988665136,59.623999626000824,58.6582966212323,58.75952911376953,51686000
2018-06-21,GOOGL,58.83098770064752,59.070177749541266,57.737746517315756,58.033512115478516,44966000
2018-06-22,GOOGL,58.13525299029363,58.30943589237666,57.547689529565346,58.02607727050781,34220000
2018-06-25,GOOGL,57.31692443418572,57.366052741938326,55.575084371794794,56.53681945800781,57682000
2018-06-26,GOOGL,56.77800247453239,56.91347637029559,56.026679286981775,56.206321716308594,34688000
2018-06-27,GOOGL,56.37405615934633,56.88072976850631,55.41629254092233,55.42820358276367,34538000
2018-06-28,GOOGL,55.20240562030966,56.27480443799909,54.88877722932603,55.91651153564453,29726000
2018-06-29,GOOGL,56.19093828539304,56.64004435435744,55.92842212029621,56.03610610961914,31562000
2018-07-02,GOOGL,55.349297647265566,56.720933907593775,54.91507848869472,56.67726135253906,23216000
2018-07-03,GOOGL,57.0400183949824,57.064332667339244,55.30363784335205,55.395442962646484,16448000
2018-07-05,GOOGL,55.80832480232201,56.77799935679493,55.73487843376797,56.636566162109375,28594000
2018-07-06,GOOGL,56.66038996246997,57.37647977280669,56.435587049351156,57.320899963378906,21820000
2018-07-09,GOOGL,57.5650541720491,57.95858042891574,57.427592580668914,57.92632293701172,21584000
2018-07-10,GOOGL,58.0608133999503,58.23499629826715,57.692097364685694,57.91938018798828,21334000
2018-07-11,GOOGL,57.347694207729944,58.57938897670396,57.3352909750362,58.133758544921875,33252000
2018-07-12,GOOGL,58.30248596491433,59.648812292166795,58.2151446355385,59.612586975097656,44148000
2018-07-13,GOOGL,59.68900769963741,60.06814303969566,59.31632385819068,59.76940155029297,32612000
2018-07-16,GOOGL,59.73913378528371,59.98229927247107,59.22253679863087,59.37687301635742,26784000
2018-07-17,GOOGL,58.69353532580341,60.48102840536676,58.65681024288661,60.19915771484375,40162000
2018-07-18,GOOGL,59.97336012864759,60.621463160786206,59.77635089113543,60.19071960449219,38948000
2018-07-19,GOOGL,59.880069390562646,60.36788449932176,59.43741477524738,59.505401611328125,38338000
2018-07-20,GOOGL,59.5123417714929,60.084518489559265,59.38083191678865,59.44485092163086,37938000
2018-07-23,GOOGL,59.33468547129474,60.299396519727274,59.15355132120641,60.09593200683594,65446000
2018-07-24,GOOGL,63.07343659497237,63.271937548420865,61.74050926143322,62.43575668334961,107600000
2018-07-25,GOOGL,62.16132421765145,63.4327161104275,61.98416168678937,63.318580627441406,51104000
2018-07-26,GOOGL,62.883864285097005,63.88728424784716,62.676431965043435,63.79299545288086,54686000
2018-07-27,GOOGL,63.97264053973768,64.08776798099251,61.757872223898254,62.17472457885742,48362000
2018-07-30,GOOGL,61.78566608778071,62.17472856308017,60.7494963335451,61.040794372558594,43896000
2018-07-31,GOOGL,61.123667429745005,61.59510766309867,60.353489492325785,60.90085220336914,39382000
2018-08-01,GOOGL,61.490892233737846,61.8278429337004,60.7877054234707,61.18718719482422,36994000
2018-08-02,GOOGL,60.468125569372106,61.75391237273987,60.44629118238764,61.59114074707031,34704000
2018-08-03,GOOGL,61.79211424069517,61.85861313566656,61.01002529538977,61.443748474121094,21264000
2018-08-06,GOOGL,61.61495485292469,61.65713568765559,61.065108495658905,61.419429779052734,22114000
2018-08-07,GOOGL,62.131055673270545,62.82928274626681,62.1206363514822,62.32112121582031,42506000
2018-08-08,GOOGL,62.36479235131459,63.109168112882486,62.136517572098015,62.59356689453125,34344000
2018-08-09,GOOGL,62.663036504089156,63.12107395854261,62.53252238899547,62.74888610839844,27326000
2018-08-10,GOOGL,62.48686367419553,62.58710799135155,61.89037269412618,62.15586471557617,26602000
2018-08-13,GOOGL,62.090856044117146,62.823816637194554,61.88391970274204,61.96381378173828,27500000
2018-08-14,GOOGL,62.155370213974635,62.55683589780346,61.512230798050766,62.43525695800781,28080000
2018-08-15,GOOGL,61.74745792622604,62.12956914544251,60.8522215999579,61.14897918701172,37052000
2018-08-16,GOOGL,61.63381440833147,61.71867584838752,60.52419826363136,60.74403762817383,32176000
2018-08-17,GOOGL,60.64379337671935,60.88745102381948,59.74855710834635,60.336612701416016,33092000
2018-08-20,GOOGL,60.57530515927085,60.83583738893551,59.98179007655839,60.639320373535156,22218000
2018-08-21,GOOGL,60.692423155818,61.17577060671646,60.29591726151543,60.414024353027344,23082000
2018-08-22,GOOGL,60.255718800495664,60.86660447861088,60.206094514266624,60.629398345947266,22296000
2018-08-23,GOOGL,60.53660130261147,61.29536793158742,60.51029933128536,60.600120544433594,24666000
2018-08-24,GOOGL,60.840311543641825,61.40603682006108,60.6130287200367,61.373783111572266,24454000
2018-08-27,GOOGL,61.740510051677575,62.42186252915623,61.56880704656464,62.34246063232422,28580000
2018-08-28,GOOGL,62.324093441166944,62.35684691047061,61.682441959984544,61.82585906982422,27330000
2018-08-29,GOOGL,62.27943235167429,62.883370581395624,62.170256645363004,62.7583122253418,36926000
2018-08-30,GOOGL,62.69628261755369,62.998499729534956,61.89285525641738,62.251644134521484,30104000
2018-08-31,GOOGL,62.14097923791253,62.15785005739838,60.827898672018804,61.12813186645508,42308000
2018-09-04,GOOGL,60.667610722556915,60.933106536119695,59.87559465480536,60.11131286621094,41458000
2018-09-05,GOOGL,60.00760386588591,60.28798662095611,58.32630686348863,59.505401611328125,53988000
2018-09-06,GOOGL,59.47909898366764,59.49994141439173,57.74420609614024,58.75556564331055,46854000
2018-09-07,GOOGL,58.16055850963374,58.98185628755965,58.02508460349223,58.437965393066406,32658000
2018-09-10,GOOGL,58.7659821220933,58.888060833037734,58.09157713064064,58.312408447265625,27670000
2018-09-11,GOOGL,58.115893279726976,59.1004547950646,57.86032458865066,59.05331039428711,29254000
2018-09-12,GOOGL,58.65680994705495,59.08805328450782,57.87074930514094,58.14071273803711,35716000
2018-09-13,GOOGL,58.542670541225995,58.94761187745826,58.02259797135822,58.663753509521484,40068000
2018-09-14,GOOGL,58.95455976983742,58.95455976983742,58.23598624293688,58.457313537597656,24176000
2018-09-17,GOOGL,58.446894296393765,58.64787513949441,57.4886347193315,57.55662155151367,34096000
2018-09-18,GOOGL,57.697053530585144,58.62355529006376,57.63601418079308,57.917884826660156,32314000
2018-09-19,GOOGL,58.00970048019866,58.372457204043535,57.49657537164375,58.27320861816406,25962000
2018-09-20,GOOGL,58.590802692661576,59.25230463502792,58.37145932686248,59.1317138671875,29244000
2018-09-21,GOOGL,59.29796204904034,59.38033981225615,58.163535668290564,58.16651153564453,91222000
2018-09-24,GOOGL,57.535780184838615,58.81511164217117,57.143245857433044,58.53572463989258,31150000
2018-09-25,GOOGL,58.768461353859074,59.394230175900375,58.26426768349623,59.24684524536133,33152000
2018-09-26,GOOGL,59.2369169750663,59.90933416208791,58.825524202887046,59.25527572631836,37650000
2018-09-27,GOOGL,59.55005428398629,60.386731062528824,59.45328559721843,59.9152946472168,36274000
2018-09-28,GOOGL,59.75302464821123,59.96939216775572,59.44237210838228,59.901405334472656,35612000
2018-10-01,GOOGL,60.19518903885174,60.75098719306057,59.70836588991114,59.97336196899414,33164000
2018-10-02,GOOGL,59.8810514216668,60.76686026949454,59.53318165218405,59.9291877746582,40180000
2018-10-03,GOOGL,60.14555666318422,60.25374041879871,59.6567496374838,60.12223434448242,26246000
2018-10-04,GOOGL,59.79967030122548,59.84284309311647,57.756112718630625,58.41215515136719,46576000
2018-10-05,GOOGL,58.359054395460255,58.65680391963335,57.283183742164695,57.953617095947266,31852000
2018-10-08,GOOGL,57.565055747605335,58.35210828288025,56.34428001970252,57.362586975097656,46190000
2018-10-09,GOOGL,57.133813836283075,57.641975370596384,56.779492529239974,56.82911682128906,33690000
2018-10-10,GOOGL,56.39390010618958,56.424669663036354,54.166232652440264,54.198490142822266,58980000
2018-10-11,GOOGL,53.547412886533635,55.38453393886742,53.391092769622325,54.12802505493164,67696000
2018-10-12,GOOGL,55.5621851600812,55.86936583152559,54.34091350052451,55.606849670410156,49370000
2018-10-15,GOOGL,55.48080283059739,55.669376642024666,54.499217211619204,54.70863723754883,30074000
2018-10-16,GOOGL,55.25650212450962,56.39242028011602,55.17065251188405,56.22915267944336,38378000
2018-10-17,GOOGL,56.57255634610747,56.91993017765602,55.28230581823897,55.95671081542969,35652000
2018-10-18,GOOGL,56.0763047507784,56.19292391752789,53.9096764680673,54.48383712768555,46152000
2018-10-19,GOOGL,54.771665508516314,55.627200893435266,54.44017053506006,54.84461212158203,41286000
2018-10-22,GOOGL,55.208358568020756,55.66391611788438,54.58754952735813,55.15178680419922,27116000
2018-10-23,GOOGL,54.15532157854518,55.48080931426433,53.54592751869151,55.32746505737305,37686000
2018-10-24,GOOGL,55.33192779918826,55.41232164802744,52.357400825226385,52.45962905883789,49286000
2018-10-25,GOOGL,53.6099366056621,55.4718677869976,53.374218394302666,54.76570510864258,72956000
2018-10-26,GOOGL,52.02342416355418,55.43117444083791,51.720711082397315,53.78114318847656,106438000
2018-10-29,GOOGL,54.41584202924143,55.02573572053674,49.982341813050745,51.34851837158203,81290000
2018-10-30,GOOGL,50.61804056902731,52.15095662471598,50.318307152589625,52.08197784423828,59768000
2018-10-31,GOOGL,53.009474823109436,54.98455335098819,53.009474823109436,54.12008285522461,70916000
2018-11-01,GOOGL,54.16077138243281,54.58258348880759,53.486862453455565,53.89180374145508,40132000
2018-11-02,GOOGL,54.04167133177555,54.48829746564283,52.982671605994604,53.17273712158203,43438000
2018-11-05,GOOGL,53.22435654801406,53.265049454381995,51.31230485710096,52.390655517578125,45358000
2018-11-06,GOOGL,52.35541590887822,53.586118725505045,52.28544516893846,53.07746124267578,28660000
2018-11-07,GOOGL,53.76824455416379,55.080329473469874,53.62433145586528,54.996463775634766,43388000
2018-11-08,GOOGL,54.94981242081507,54.995465098387285,53.81141077108752,54.32106018066406,33694000
2018-11-09,GOOGL,53.79454407480447,54.00941986361557,52.813954168357405,53.44717025756836,34860000
2018-11-12,GOOGL,53.254133724314464,53.30227008525491,51.6274245829342,52.07454299926758,34002000
2018-11-13,GOOGL,52.34499617576891,52.93354773730766,51.62989832380508,52.005558013916016,25750000
2018-11-14,GOOGL,52.60254766997012,52.88987786161632,51.66513060074401,52.333580017089844,34666000
2018-11-15,GOOGL,52.178751168531576,53.53897230637955,51.674061527661046,53.15090560913086,41584000
2018-11-16,GOOGL,52.862090329691156,53.21988725316844,52.34946122960992,53.0129508972168,35366000
2018-11-19,GOOGL,52.77077652878864,52.99955105177673,50.759972466189616,50.98576354980469,45684000
2018-11-20,GOOGL,49.986814202643885,51.47854533930505,49.734721132277805,51.136131286621094,54458000
2018-11-21,GOOGL,51.87355504891251,52.340031684705444,51.58324898921918,51.7802619934082,29698000
2018-11-23,GOOGL,51.28748631573186,51.7589265430641,51.04035303166369,51.1187629699707,14178000
2018-11-26,GOOGL,51.808550268407,52.453673613271235,51.598634258168,52.40107345581055,31558000
2018-11-27,GOOGL,52.17279963719587,52.938017791479,51.88298953671863,52.219444274902344,33048000
2018-11-28,GOOGL,52.476506517670025,54.23323374381789,51.7564450423693,54.18013381958008,46042000
2018-11-29,GOOGL,53.77022600281001,54.59499556224132,53.69429974090994,54.31858444213867,31004000
2018-11-30,GOOGL,54.37069711724362,55.066436767578125,53.75286386096738,55.066436767578125,59668000
2018-12-03,GOOGL,56.18349839177899,56.324431837830055,55.169655196071915,55.39942169189453,57532000
2018-12-04,GOOGL,55.23218669201161,55.29421800507931,52.64126247462386,52.725128173828125,45630000
2018-12-06,GOOGL,51.858171497904195,53.56626619579473,51.7331169309723,53.4997673034668,47436000
2018-12-07,GOOGL,53.20946433467188,53.844664335294944,51.57878373321062,51.936580657958984,42682000
2018-12-10,GOOGL,51.755945245640824,52.582698700226054,51.26267443502636,52.26410675048828,33652000
2018-12-11,GOOGL,52.94694915573629,53.11865215603475,52.11126428129302,52.68443298339844,33852000
2018-12-12,GOOGL,53.45014466445555,54.1771497714117,53.1965598917563,53.28390121459961,28960000
2018-12-13,GOOGL,53.38017514737877,54.0128952559157,52.850179249932424,53.274471282958984,24986000
2018-12-14,GOOGL,52.603539236708976,53.18415134992261,52.075031300119655,52.19115447998047,36358000
2018-12-17,GOOGL,51.95791813973228,52.72065637642869,50.45031201389184,50.89793014526367,49932000
2018-12-18,GOOGL,51.312301337555475,52.587168965392074,51.13761868169155,51.779273986816406,43640000
2018-12-19,GOOGL,51.9718101519405,53.382155317002606,50.58925867627678,51.38474655151367,58264000
2018-12-20,GOOGL,50.91529898932836,51.97926242167568,50.015102911737074,50.79520797729492,53674000
2018-12-21,GOOGL,51.21503320586026,51.494420183045044,48.69160009322577,49.190826416015625,104656000
2018-12-24,GOOGL,48.846929189215814,50.22650498380553,48.51642617200051,48.86429977416992,36360000
2018-12-26,GOOGL,49.52529859023944,52.02937708581942,49.260298769950424,51.999603271484375,46318000
2018-12-27,GOOGL,50.92522574682431,52.27204800815776,49.9724219454336,52.250213623046875,45996000
2018-12-28,GOOGL,52.57773552759089,52.812461786743754,51.70929720929407,51.94154357910156,34398000
2018-12-31,GOOGL,52.49485770116994,52.75092613310844,51.26465473543554,51.85618591308594,33110000
2019-01-02,GOOGL,50.97485360458777,52.64175966316369,50.87957283917256,52.33855056762695,31868000
2019-01-03,GOOGL,52.13955335282568,52.91320696419265,50.73516349137448,50.888999938964844,41960000
2019-01-04,GOOGL,51.73708112968544,53.59504430104599,51.45421854731797,53.499267578125,46022000
2019-01-07,GOOGL,53.643187063810046,53.72903666857893,52.73355986232169,53.392581939697266,47446000
2019-01-08,GOOGL,53.89279586635476,54.257540234788266,53.0169141615016,53.861534118652344,35414000
2019-01-09,GOOGL,53.991553586577936,54.17268393766972,53.315656941289234,53.67692947387695,26998000
2019-01-10,GOOGL,53.343953517572885,53.585627271639844,52.834800013892526,53.53699493408203,26598000
2019-01-11,GOOGL,53.09383880488812,53.26603778530063,52.42538933503741,52.82437515258789,30864000
2019-01-14,GOOGL,52.27204561995665,52.525630391786336,52.03434349791982,52.18123245239258,28490000
2019-01-15,GOOGL,52.50379310755253,54.00544739682095,52.32663058295055,53.91810607910156,37518000
2019-01-16,GOOGL,54.091300328946794,54.70466592993807,53.99254772889954,54.06698226928711,38280000
2019-01-17,GOOGL,53.99155800550626,54.62229042996936,53.75682795333171,54.54388427734375,24896000
2019-01-18,GOOGL,55.01383287939406,55.48080552292405,54.551823800800285,54.9498176574707,44892000
2019-01-22,GOOGL,54.38905212286188,54.53644084839105,53.142966373841496,53.52706527709961,39632000
2019-01-23,GOOGL,53.93548276341586,54.237699906875186,52.97821886828759,53.81390380859375,25194000
2019-01-24,GOOGL,53.71961004788179,53.99205334645868,53.09979293026308,53.79355239868164,29114000
2019-01-25,GOOGL,54.301210680536336,54.75428833604682,54.18062370038267,54.66248321533203,23260000
2019-01-28,GOOGL,54.094777834646884,54.25853761526493,53.32757198939038,53.588104248046875,29334000
2019-01-29,GOOGL,53.64665892673506,53.82977698563833,52.9012912664719,53.101776123046875,19704000
2019-01-30,GOOGL,53.46403798777427,54.5637306703706,53.428308652364905,54.4878044128418,29452000
2019-01-31,GOOGL,55.19496034233582,55.96067443398866,54.84808251474567,55.87234115600586,40232000
2019-02-01,GOOGL,55.69369229446657,56.29465467435647,55.29471027760024,55.51156997680664,33116000
2019-02-04,GOOGL,55.53092091301186,56.6886732791878,55.45648258987159,56.64301681518555,78408000
2019-02-05,GOOGL,56.057941442436395,57.20626653202553,55.75870397938561,57.16160202026367,82296000
2019-02-06,GOOGL,57.032577739846545,57.267303996040056,55.49866586767106,55.72346878051758,48256000
2019-02-07,GOOGL,55.17411841965642,55.18255382941808,54.26945479753328,54.880836486816406,38298000
2019-02-08,GOOGL,54.33347011218545,54.84063965977046,54.30171238453501,54.705657958984375,21766000
2019-02-11,GOOGL,54.773646480231115,55.254018093652185,54.58755255107971,54.69275665283203,18498000
2019-02-12,GOOGL,55.13392144104267,56.21823127293412,55.13392144104267,55.95621109008789,35036000
2019-02-13,GOOGL,56.22716343531917,56.713986537578684,55.87780192468007,56.00831604003906,28042000
2019-02-14,GOOGL,55.82817773205907,56.38050398884658,55.43564342956175,56.03660202026367,21106000
2019-02-15,GOOGL,56.5378135213202,56.5378135213202,55.417278407818245,55.56168746948242,27826000
2019-02-19,GOOGL,55.41331154725843,56.05843486725791,55.41331154725843,55.90311050415039,21980000
2019-02-20,GOOGL,56.02072587815568,56.1224581378499,55.17065005604538,55.60933303833008,24090000
2019-02-21,GOOGL,55.519507922867554,55.53787046194015,54.4873060615558,54.796470642089844,33272000
2019-02-22,GOOGL,55.06891736818785,55.44358512437713,54.612367826985526,55.40934371948242,29436000
2019-02-25,GOOGL,55.67582647728541,55.84802544199223,55.28775978091062,55.44755172729492,26208000
2019-02-26,GOOGL,55.30066279110513,55.89963748185123,54.920039522350315,55.6797981262207,35026000
2019-02-27,GOOGL,55.282798128536434,55.86440221537003,55.01234253576699,55.72346878051758,22092000
2019-02-28,GOOGL,55.53043020704029,56.27430995904261,55.501152367281776,55.90509796142578,27422000
2019-03-01,GOOGL,56.12592723769561,57.0688038851908,56.12592723769561,56.995357513427734,34086000
2019-03-04,GOOGL,57.29510097739571,57.83899188337955,56.48571422447852,57.238529205322266,35490000
2019-03-05,GOOGL,57.36655224406928,58.38337122054725,57.21867133389695,58.0211067199707,40094000
2019-03-06,GOOGL,58.148645977068384,58.29652688981277,57.716410729812935,57.810203552246094,23602000
2019-03-07,GOOGL,57.58986847386412,57.74271295204904,56.657411146398836,57.110984802246094,30086000
2019-03-08,GOOGL,56.269838549483914,57.24000909353134,56.08622451892473,57.06731414794922,23694000
2019-03-11,GOOGL,57.16805429945581,58.55308958341536,57.14671589208721,58.520835876464844,30032000
2019-03-12,GOOGL,58.67169364703401,59.833413885860075,58.67169364703401,59.4135856628418,42220000
2019-03-13,GOOGL,59.84433261856899,59.90338427255776,59.4463387821069,59.5034065246582,25888000
2019-03-14,GOOGL,59.50141936604772,59.78329000449667,59.11484061362888,59.179351806640625,27302000
2019-03-15,GOOGL,59.450810064896196,59.63541227841048,58.90542747630522,59.068695068359375,51886000
2019-03-18,GOOGL,59.03842143494167,59.299449659667964,58.631000234216486,58.981849670410156,24442000
2019-03-19,GOOGL,59.139158856692326,59.71927879928031,59.02700728161701,59.67213439941406,29788000
2019-03-20,GOOGL,59.619526910163195,61.03830747817524,59.52970570265518,60.86164093017578,41508000
2019-03-21,GOOGL,60.54255467605238,61.358389019553314,60.37283559921016,61.3430061340332,28150000
2019-03-22,GOOGL,60.98173985576471,61.21894600459302,59.84780571840149,59.9296875,34422000
2019-03-25,GOOGL,59.52822388744899,60.018518852319644,59.05380778714615,59.420040130615234,27576000
2019-03-26,GOOGL,59.80760657703907,59.92968527810612,58.64489440806523,59.04586410522461,30752000
2019-03-27,GOOGL,59.14908121931378,59.14908121931378,57.774961402087385,58.458797454833984,29428000
2019-03-28,GOOGL,58.33424573270985,58.421087295493514,57.73527103686355,58.173954010009766,22402000
2019-03-29,GOOGL,58.566484924810155,58.75456654246122,57.881660661688244,58.403221130371094,30890000
2019-04-01,GOOGL,58.931726317742886,59.559978827615936,58.87317064108429,59.49943923950195,27706000
2019-04-02,GOOGL,59.55253458747691,59.83837684908402,59.115339571492136,59.82497787475586,18288000
2019-04-03,GOOGL,60.18029110939912,60.57232942381467,59.802151533259135,60.08650207519531,22180000
2019-04-04,GOOGL,60.1103212867024,60.56985045761731,59.9986656896631,60.515262603759766,21022000
2019-04-05,GOOGL,60.50782169206307,60.56191357032855,60.04779652395437,60.118263244628906,20012000
2019-04-08,GOOGL,60.1013940407267,60.2423274858661,59.78329804727417,59.96095657348633,21750000
2019-04-09,GOOGL,59.6438470002438,59.90487143626524,59.469660335491206,59.68354415893555,19668000
2019-04-10,GOOGL,59.80264919567973,59.993702900560606,59.58280984381281,59.87013626098633,15510000
2019-04-11,GOOGL,59.99172142462984,60.182282945466525,59.775357695168374,60.025962829589844,16998000
2019-04-12,GOOGL,60.32520617362333,60.69392223173071,60.20958273621853,60.678043365478516,24312000
2019-04-15,GOOGL,60.745520918072685,61.00406925558365,60.272596561487696,60.866607666015625,23796000
2019-04-16,GOOGL,61.03880211367006,61.33555965501465,60.79266081312663,61.13358688354492,22622000
2019-04-17,GOOGL,61.386175700205534,61.78814111665362,61.18271499590858,61.54199981689453,30366000
2019-04-18,GOOGL,61.78318800670789,61.82983643265231,61.505784912760845,61.60801315307617,24750000
2019-04-22,GOOGL,61.369807441901315,62.24668118372701,61.206043876380306,62.217899322509766,19084000
2019-04-23,GOOGL,62.360817611550296,63.24364683367848,62.12906722658227,63.05308532714844,31868000
2019-04-24,GOOGL,63.053089174036955,63.22231228489113,62.51813348565007,62.5300407409668,23396000
2019-04-25,GOOGL,63.038696513815154,63.16275913114883,62.428310556744194,62.891807556152344,31344000
2019-04-26,GOOGL,63.19154014016387,63.465967342647225,62.77568352459379,63.392024993896484,27228000
2019-04-29,GOOGL,63.54537268247443,64.36220667068653,63.10867358862171,64.32398986816406,72368000
2019-04-30,GOOGL,59.08507069125952,59.59868795220461,58.70643134530683,59.49844741821289,133178000
2019-05-01,GOOGL,59.4259960943342,59.51284144439897,58.144676967482674,58.2260627746582,74340000
2019-05-02,GOOGL,58.19032821083705,58.52678670901442,57.48217785694761,57.88811111450195,45098000
2019-05-03,GOOGL,58.42902476029962,59.123280191761495,58.23747507908704,59.03147506713867,41588000
2019-05-06,GOOGL,58.16055052831237,59.32326646969478,58.11886567274445,59.22550582885742,31774000
2019-05-07,GOOGL,58.84588195722359,59.290520472643735,57.81318401696037,58.5009880065918,36604000
2019-05-08,GOOGL,58.42306948603235,58.76945512946755,57.94369362397736,58.100013732910156,25520000
2019-05-09,GOOGL,57.6940720816656,58.26326907462935,57.29905416173878,57.96055603027344,29556000
2019-05-10,GOOGL,58.003734762322544,58.372942920091646,56.88865926350696,57.944183349609375,31650000
2019-05-13,GOOGL,56.83259114889159,57.166565996341326,55.85299318344786,56.4033317565918,45626000
2019-05-14,GOOGL,56.68768627545845,56.81422878558775,55.755228922522,55.821231842041016,40392000
2019-05-15,GOOGL,55.706594780540094,58.473193404251774,55.64952703697073,58.10100555419922,59302000
2019-05-16,GOOGL,58.15261599071827,59.260248195738754,57.98438862075223,58.78086853027344,35308000
2019-05-17,GOOGL,58.35061659974741,58.869693387821954,57.883643988575166,58.00075912475586,25362000
2019-05-20,GOOGL,57.217679002864074,57.217679002864074,56.480250796098304,56.80380630493164,30602000
2019-05-21,GOOGL,57.29112652024029,57.46580917920083,56.73681631931188,57.28914260864258,20562000
2019-05-22,GOOGL,57.130837017392196,57.752638056558965,57.11842999806387,57.35911178588867,18826000
2019-05-23,GOOGL,56.8737764019207,57.07128159719981,56.23311688971048,56.837547302246094,25214000
2019-05-24,GOOGL,57.16804834140334,57.285163473827296,56.409281762864204,56.503570556640625,18554000
2019-05-28,GOOGL,56.64599715202882,57.390868798082145,56.50654786913404,56.550716400146484,20948000
2019-05-29,GOOGL,56.21028824722078,56.324427519527866,55.180570051498236,55.57707595825195,36230000
2019-05-30,GOOGL,55.587497126280056,55.91750414928831,55.37658915817779,55.6500244140625,18088000
2019-05-31,GOOGL,54.86743747559679,55.25252453201234,54.753794181505,54.91011428833008,31582000
2019-06-03,GOOGL,52.946449828100434,52.94992167307215,50.96641158625489,51.54751968383789,96890000
2019-06-04,GOOGL,51.832858772888834,52.525130227612316,51.41303058523407,52.32910919189453,60512000
2019-06-05,GOOGL,52.354422337948215,52.44424354800819,51.26267286524235,51.84030532836914,46988000
2019-06-06,GOOGL,51.91822566714979,52.106303519937086,51.38723777319978,51.99514389038086,29020000
2019-06-07,GOOGL,52.318694793669955,53.269014889801966,52.16336664116216,53.01791000366211,43828000
2019-06-10,GOOGL,53.446175241234826,54.331488188465315,53.36082161243836,53.732017517089844,28510000
2019-06-11,GOOGL,54.43818384060775,54.786553427555084,53.57371705136141,53.646663665771484,33508000
2019-06-12,GOOGL,53.59257298816466,53.72010745580406,53.07895191409723,53.550392150878906,23670000
2019-06-13,GOOGL,53.82878583415128,54.41832937159558,53.722589776777944,54.141422271728516,20814000
2019-06-14,GOOGL,54.07839535714609,54.32751253464041,53.66849427776035,53.907684326171875,24582000
2019-06-17,GOOGL,54.04663778921177,54.651068196180425,53.992049937367526,54.284339904785156,19770000
2019-06-18,GOOGL,55.158240104858095,55.51950886943129,54.62675627931569,54.84758758544922,34526000
2019-06-19,GOOGL,54.94683326342811,55.055512988219405,54.390535429495536,54.81135559082031,26714000
2019-06-20,GOOGL,55.664415452935344,55.71503548558903,54.934926641298766,55.24260330200195,24018000
2019-06-21,GOOGL,55.07685284867732,55.906086175008376,55.06990537261878,55.84653854370117,50774000
2019-06-24,GOOGL,55.580057676501916,55.75722023102869,55.24806671805109,55.41629409790039,24236000
2019-06-25,GOOGL,55.33589927876439,55.3666650513055,53.82332577933562,53.97121047973633,31644000
2019-06-26,GOOGL,54.14091960490137,54.345376048331005,53.281912527986925,53.610923767089844,34698000
2019-06-27,GOOGL,53.9300204660367,54.01487811376861,53.38910549375229,53.42781448364258,24078000
2019-06-28,GOOGL,53.45758624206207,53.7339973449707,53.28737118919637,53.7339973449707,33672000
2019-07-01,GOOGL,54.63916313596366,55.01383468609261,54.35580452486069,54.587554931640625,29196000
2019-07-02,GOOGL,54.827238965933375,55.22721670492879,54.57117431085143,55.212825775146484,20630000
2019-07-03,GOOGL,55.50561270283813,55.9765569294655,55.32448234664557,55.728431701660156,20154000
2019-07-05,GOOGL,55.548783464313665,56.30705407221741,55.4559863892494,56.208797454833984,29794000
2019-07-08,GOOGL,55.87134745630521,55.93784634816845,55.171140324730864,55.420753479003906,29888000
2019-07-09,GOOGL,55.09967859618882,55.97010457775343,54.942366537807125,55.79294204711914,29472000
2019-07-10,GOOGL,56.19143041409027,56.68867280509499,56.10905266009297,56.61771011352539,30710000
2019-07-11,GOOGL,56.87823696317935,57.22958235237633,56.549225720372654,56.77501678466797,26004000
2019-07-12,GOOGL,56.71795227658807,56.94473909553563,56.50109258684386,56.837547302246094,21878000
2019-07-15,GOOGL,56.837547972746464,57.10254780589926,56.57255192568418,57.094112396240234,21164000
2019-07-16,GOOGL,56.906526603224165,57.49458596594316,56.906526603224165,57.24050521850586,25352000
2019-07-17,GOOGL,57.11445670268782,57.487636486009706,56.90106886339431,56.90702438354492,19538000
2019-07-18,GOOGL,56.67180650790624,56.977995252177834,56.21823660268572,56.93184280395508,25450000
2019-07-19,GOOGL,57.03506229909685,57.147213882726206,56.13833803578368,56.15322494506836,23184000
2019-07-22,GOOGL,56.34775013685135,56.57354500725381,55.838600460858665,56.533348083496094,28914000
2019-07-23,GOOGL,56.74375969610451,57.01223137784008,56.217735417813536,56.9720344543457,20648000
2019-07-24,GOOGL,56.20632494474879,56.8435088939679,56.0023644434393,56.55915832519531,27192000
2019-07-25,GOOGL,56.52044734299529,56.75070980948168,55.76416435986441,56.37107849121094,54762000
2019-07-26,GOOGL,60.93955835741268,62.94391091786699,60.93955835741268,61.79410171508789,121216000
2019-07-29,GOOGL,61.65912294737773,61.98119054293162,61.04873318310525,61.62636947631836,41382000
2019-07-30,GOOGL,60.88993186007591,61.38171853493081,60.806562143614634,60.93955993652344,28616000
2019-07-31,GOOGL,60.78423078254611,61.28246516162188,59.95598938818582,60.45323181152344,39960000
2019-08-01,GOOGL,60.42494580862854,61.351443824494446,59.897429805871845,60.134639739990234,35426000
2019-08-02,GOOGL,59.69893422702038,60.02149400997808,59.05380708892359,59.36743927001953,34910000
2019-08-05,GOOGL,58.208687271795505,58.402724407323525,56.709020630907425,57.30451965332031,47840000
2019-08-06,GOOGL,57.83899114512684,58.6270356928859,57.64098615930609,58.114906311035156,36014000
2019-08-07,GOOGL,57.45588321236518,58.55110844702212,57.110493282827946,58.35459518432617,30686000
2019-08-08,GOOGL,58.87664505680203,59.86170257050078,58.25980758304627,59.85723876953125,30116000
2019-08-09,GOOGL,59.54955648267157,59.77137973144634,58.800217262438174,58.99921417236328,20418000
2019-08-12,GOOGL,58.5575538283192,58.83594885008432,57.997784131552514,58.28461456298828,22064000
2019-08-13,GOOGL,58.277167484216875,59.81951465415097,58.20968042495881,59.38777542114258,28434000
2019-08-14,GOOGL,58.362526641457315,58.69600548341399,57.61815098115511,57.77595901489258,35430000
2019-08-15,GOOGL,57.9833926276096,58.379894739111016,57.7139289960398,58.027557373046875,28506000
2019-08-16,GOOGL,58.59675862821934,58.74811516836309,58.21017985714153,58.518348693847656,24916000
2019-08-19,GOOGL,59.144620092536506,60.016038082984736,59.07365739481806,59.57189178466797,24450000
2019-08-20,GOOGL,59.319306171789414,59.45081225325763,58.70891638229714,58.73273468017578,20206000
2019-08-21,GOOGL,59.34262175595248,59.57784398495233,58.95058344558923,59.13220977783203,14152000
2019-08-22,GOOGL,59.24237784247647,59.48951111379449,58.50346170389062,59.129234313964844,17352000
2019-08-23,GOOGL,58.81412126647175,59.33518582013697,57.068809058396305,57.24646759033203,36254000
2019-08-26,GOOGL,57.537761518563784,58.153607029039634,57.30948675302142,58.1198616027832,21166000
2019-08-27,GOOGL,58.70643159354652,58.805680172227966,57.791344856628456,58.10199737548828,23460000
2019-08-28,GOOGL,57.80672393504161,58.483112760177534,57.577457234569145,58.24739456176758,16810000
2019-08-29,GOOGL,58.87614687758333,59.5098589340244,58.81957511202527,59.264217376708984,19636000
2019-08-30,GOOGL,59.56742773091327,59.56742773091327,58.84141077023284,59.080108642578125,18064000
2019-09-03,GOOGL,58.64936457608193,59.00815347828394,57.74916846419295,58.038978576660156,25908000
2019-09-04,GOOGL,58.53026648388856,58.79973014842829,58.13723616926758,58.67020797729492,21312000
2019-09-05,GOOGL,59.235429235615214,60.24480472982278,59.18729288191303,60.15498352050781,26394000
2019-09-06,GOOGL,60.00362708254267,60.192696866650635,59.71182930668091,59.863685607910156,18972000
2019-09-09,GOOGL,59.90140569237248,60.56985517921189,59.211121819506104,59.81158447265625,31854000
2019-09-10,GOOGL,59.356024091289484,60.046307931779786,59.352052482156836,59.83292007446289,27922000
2019-09-11,GOOGL,59.743104761508846,60.665139090253106,59.66320688180725,60.542564392089844,23522000
2019-09-12,GOOGL,60.71475735944428,61.65515035041213,60.66959686972781,61.28544616699219,31644000
2019-09-13,GOOGL,61.143518317793806,61.58716864809238,60.89390513944056,61.53654861450195,23676000
2019-09-16,GOOGL,61.060649751365574,61.486433555404055,60.80011746515447,61.11970520019531,28218000
2019-09-17,GOOGL,61.119701339497205,61.286936758492395,60.70880447158138,61.03285598754883,20806000
2019-09-18,GOOGL,61.050715949239574,61.34846545986885,60.367379629726905,61.170310974121094,17440000
2019-09-19,GOOGL,61.15393834771832,61.750429346275254,61.153442369852456,61.473026275634766,16554000
2019-09-20,GOOGL,61.219442346351414,61.67400795973817,60.7202160078767,61.03086853027344,37692000
2019-09-23,GOOGL,60.86859560962073,61.51918230832186,60.73014205515717,61.27155303955078,20798000
2019-09-24,GOOGL,61.53505712198621,61.887890472586925,60.07806725363248,60.45968246459961,35804000
2019-09-25,GOOGL,60.34455437030646,61.93305417641819,60.00660791020394,61.829833984375,26798000
2019-09-26,GOOGL,61.64125725959552,61.76681160275581,61.12912790123598,61.64870071411133,23166000
2019-09-27,GOOGL,61.6754983898568,61.78269019215181,60.30435804001419,60.83782958984375,34122000
2019-09-30,GOOGL,60.572330773891714,60.91027722067132,60.2160255738023,60.59912872314453,24470000
2019-10-01,GOOGL,60.666123065712306,61.18073606747627,59.82547466104151,59.84780502319336,24504000
2019-10-02,GOOGL,59.37637233927797,59.488523921057975,58.19182189569117,58.45433807373047,33030000
2019-10-03,GOOGL,58.72330321156918,59.10343049789209,57.720878923332165,59.02552032470703,28368000
2019-10-04,GOOGL,59.26669514408734,60.16838287393575,59.10193963198159,60.09394454956055,24282000
2019-10-07,GOOGL,59.897429903730114,60.48846514938345,59.76641981061871,59.9594612121582,17040000
2019-10-08,GOOGL,59.48901657316592,59.89097823911531,59.027999466165745,59.06025695800781,20086000
2019-10-09,GOOGL,59.61606279756548,59.9698881312016,59.45676302534878,59.669158935546875,15948000
2019-10-10,GOOGL,59.48058479713796,60.32520108231695,59.443863502244774,60.0200080871582,12842000
2019-10-11,GOOGL,60.742543056004294,60.97677332622551,60.22693811759214,60.32966232299805,22330000
2019-10-14,GOOGL,60.239346974498716,60.834350033369816,60.13960241921279,60.43189239501953,13296000
2019-10-15,GOOGL,60.61699137149783,61.8888792066184,60.58820951262969,61.64621353149414,27584000
2019-10-16,GOOGL,61.62487781814139,62.239235368386765,61.46210621454887,61.68393325805664,22986000
2019-10-17,GOOGL,62.10078280623721,62.71365243260032,62.024856545768664,62.170257568359375,20958000
2019-10-18,GOOGL,62.26405552353277,62.433770833812865,61.542010129709624,61.753910064697266,31624000
2019-10-21,GOOGL,61.96679897605688,62.20549306480344,61.534563716358846,61.74745559692383,18094000
2019-10-22,GOOGL,61.75737612513315,61.96828408455127,61.527613434843985,61.594608306884766,22862000
2019-10-23,GOOGL,61.54548351305433,62.4302967080527,61.54548351305433,62.409950256347656,21282000
2019-10-24,GOOGL,62.483394622802734,62.67147246098987,62.14792806244017,62.483394622802734,20224000
2019-10-25,GOOGL,62.13055797308663,62.924561762183096,61.989128556438885,62.74094772338867,27104000
2019-10-28,GOOGL,63.2719273926041,64.47483638962434,63.13843742534716,63.96568298339844,65428000
2019-10-29,GOOGL,63.32155686027525,63.55975874289798,62.30970146264001,62.56031036376953,52654000
2019-10-30,GOOGL,62.286878653382274,62.92555429284906,62.0635674519653,62.56229782104492,29204000
2019-10-31,GOOGL,62.52755755183706,62.851113061666055,62.00550110208573,62.4680061340332,31904000
2019-11-01,GOOGL,62.81538003995113,63.17268095362989,62.51316295402967,63.135459899902344,28812000
2019-11-04,GOOGL,63.32702604658295,64.1403806302437,63.32702604658295,63.99696350097656,30632000
2019-11-05,GOOGL,64.07586514170676,64.3756023962413,63.98555172631586,64.08777618408203,25148000
2019-11-06,GOOGL,64.02077645871792,64.16468575930595,63.63270975280702,64.0664291381836,24626000
2019-11-07,GOOGL,64.2287077566494,65.6365732365274,64.202409569136,64.85696411132812,45140000
2019-11-08,GOOGL,64.58800201841015,65.36165952102053,64.58800201841015,64.95919799804688,30392000
2019-11-11,GOOGL,64.71105873497332,64.75572703245952,64.30761291533182,64.42720794677734,17234000
2019-11-12,GOOGL,64.441582941249,64.97654230483882,64.22670719302417,64.37409210205078,28852000
2019-11-13,GOOGL,64.17411376464824,64.63761454266125,64.12300154214594,64.32299041748047,20538000
2019-11-14,GOOGL,64.26443037561577,65.29266435107532,64.21182643700779,64.96662139892578,28948000
2019-11-15,GOOGL,65.25942006575623,66.17698669433594,65.10260019319165,66.17698669433594,39286000
2019-11-18,GOOGL,66.11742915048329,66.19583908399201,65.31449780142827,65.49711608886719,27984000
2019-11-19,GOOGL,65.83408363962602,65.83408363962602,65.09665908135963,65.1373519897461,21864000
2019-11-20,GOOGL,65.07629477510854,65.16809988972264,63.97710193053472,64.6048583984375,28892000
2019-11-21,GOOGL,64.47533983135945,65.06438734597921,64.05352392914187,64.5195083618164,25546000
2019-11-22,GOOGL,64.66144160145485,64.85497899337908,63.984556707621046,64.19844055175781,27776000
2019-11-25,GOOGL,64.32696520886269,65.02915627328088,64.29470771763064,64.79244232177734,23590000
2019-11-26,GOOGL,65.00434770441765,65.20781222608903,64.71305344747026,65.1576919555664,21910000
2019-11-27,GOOGL,65.27778859784624,65.38795627217733,64.98251893719141,65.11451721191406,18808000
2019-11-29,GOOGL,64.84009278572654,65.00633246444156,64.67285357901707,64.71553039550781,12802000
2019-12-02,GOOGL,64.63960041458883,64.78252533740228,63.5389157070264,63.959739685058594,26538000
2019-12-03,GOOGL,63.453569431147564,64.37511157931867,63.373675336560396,64.25154113769531,25270000
2019-12-04,GOOGL,64.81528485986192,65.71697277864506,64.66392450405984,65.45246887207031,35506000
2019-12-05,GOOGL,65.85243251978387,65.90106863745048,65.22319186246219,65.85044860839844,24408000
2019-12-06,GOOGL,66.13777413827592,66.62012962490077,66.06234764572054,66.46728515625,32968000
2019-12-09,GOOGL,66.44099402177967,67.3684878249975,66.3025366818837,66.64594268798828,30842000
2019-12-10,GOOGL,66.49458298125603,66.89456071406927,66.19980555592782,66.64097595214844,17606000
2019-12-11,GOOGL,66.9094463945745,66.98834851678667,66.55214547915192,66.70846557617188,20480000
2019-12-12,GOOGL,66.65687166918497,67.22110528999957,66.40825419498944,66.91889190673828,29114000
2019-12-13,GOOGL,66.88959794149217,67.06080496049667,66.57994115975089,66.83848571777344,33170000
2019-12-16,GOOGL,67.24193676714194,67.66523683096499,67.02408511896854,67.5248031616211,28128000
2019-12-17,GOOGL,67.60965285811099,67.70493360611698,67.03201663615367,67.2364730834961,32948000
2019-12-18,GOOGL,67.34119300214664,67.46177999872991,67.01664928638156,67.0886001586914,23330000
2019-12-19,GOOGL,67.08858973815528,67.36748829817319,66.93177744777162,67.31339263916016,28922000
2019-12-20,GOOGL,67.64389911091128,67.68855983506695,67.03003753311336,67.05435180664062,50090000
2019-12-23,GOOGL,67.42703948197932,67.58186786917857,66.89456370617594,67.02507781982422,19936000
2019-12-24,GOOGL,67.00423382720653,67.09356285074838,66.70450417230641,66.71739959716797,13468000
2019-12-26,GOOGL,66.82259684964178,67.64885800412652,66.7709848696846,67.61262512207031,23662000
2019-12-27,GOOGL,67.6885604829738,67.83992081252498,67.14268951409021,67.22407531738281,23212000
2019-12-30,GOOGL,67.33176120761757,67.34118857344946,66.39037247271645,66.48316955566406,19994000
2019-12-31,GOOGL,66.28863469556742,66.53030841671966,66.10700836784599,66.46728515625,19514000
2020-01-02,GOOGL,66.91491076451707,67.92080688476562,66.81963000871814,67.92080688476562,27278000
2020-01-03,GOOGL,66.89456517269056,68.17240862427808,66.86081596073402,67.56549072265625,23408000
2020-01-06,GOOGL,67.07468878518432,69.39168500985801,67.04343082599817,69.36637878417969,46768000
2020-01-07,GOOGL,69.49789480129157,69.64875536577131,69.05623219302926,69.2323989868164,34330000
2020-01-08,GOOGL,69.21799682818892,70.0631127279086,69.10932089642078,69.72516632080078,35314000
2020-01-09,GOOGL,70.56333795807842,70.8983085315508,69.98173387535881,70.45714569091797,33200000
2020-01-10,GOOGL,70.93750709598153,71.20895460356724,70.44770820676389,70.91219329833984,26258000
2020-01-13,GOOGL,71.22433416806855,71.5334987061148,70.73404308393823,71.4615478515625,30730000
2020-01-14,GOOGL,71.46006422047215,71.5905783300735,70.85314635097474,70.99309539794922,26076000
2020-01-15,GOOGL,71.11368347743128,71.49877431407914,71.04619262822877,71.42036437988281,21550000
2020-01-16,GOOGL,71.73052581710354,71.99106186638656,71.46007021003983,71.96426391601562,26080000
2020-01-17,GOOGL,72.57861703888604,73.47236161437567,72.28136348423534,73.42124938964844,52424000
2020-01-21,GOOGL,73.39544471015016,73.93537154529689,72.95924161824139,73.55673217773438,48930000
2020-01-22,GOOGL,73.92793275973034,74.46636033692931,73.5770832763965,73.63712310791016,28458000
2020-01-23,GOOGL,73.81974363908597,74.1150132847147,73.4609509628069,73.67781066894531,26650000
2020-01-24,GOOGL,74.08126273759932,74.1497455459025,72.61037407881075,72.75875854492188,29786000
2020-01-27,GOOGL,71.04024762156224,71.29035678349074,70.44275705144024,71.04967498779297,34132000
2020-01-28,GOOGL,71.54641358018323,72.19451657572402,70.98168030050765,71.98113250732422,29724000
2020-01-29,GOOGL,72.37613299807809,72.65800740750734,71.72753789963183,72.2887954711914,21566000
2020-01-30,GOOGL,71.36578143499277,72.2168492041988,71.21194499533239,72.16722869873047,27110000
2020-01-31,GOOGL,72.842628440091,72.93244966534068,70.81792535833127,71.1017837524414,43822000
2020-02-03,GOOGL,72.53444375093086,73.75770686602394,72.2843346143234,73.57408905029297,71636000
2020-02-04,GOOGL,72.17912861978445,72.81680464346873,70.56829869425806,71.72853088378906,95880000
2020-02-05,GOOGL,72.63170618173763,72.67984253452366,70.94793336208039,71.76029205322266,36376000
2020-02-06,GOOGL,72.05457315984722,73.52248589418377,71.980138619887,73.24507904052734,37822000
2020-02-07,GOOGL,72.81930526031172,73.70560645975844,72.72104862525042,73.40090942382812,28360000
2020-02-10,GOOGL,73.30761445127459,74.87824391485704,73.206874148299,74.86732482910156,38302000
2020-02-11,GOOGL,75.09610172081878,75.92037918006768,74.70803495822373,74.93680572509766,34852000
2020-02-12,GOOGL,75.22462568128545,75.44496101891976,74.86782448844302,75.36209106445312,31042000
2020-02-13,GOOGL,74.93382724585919,75.7253474175751,74.63607391004925,75.10205841064453,22914000
2020-02-14,GOOGL,75.15861826834625,75.43254947654793,74.71298029109376,75.3670425415039,23198000
2020-02-18,GOOGL,75.14919769716833,75.95411300380982,74.98394241111538,75.40228271484375,25642000
2020-02-19,GOOGL,75.7873725080763,75.9630471132219,75.47870768352672,75.67174530029297,22746000
2020-02-20,GOOGL,75.38094121635825,75.78091896387954,74.64896876279927,75.28070068359375,25962000
2020-02-21,GOOGL,74.66484862101126,74.98096446759392,73.37013437097549,73.61676788330078,42520000
2020-02-24,GOOGL,70.61892109008193,71.28042685845558,69.81202186636781,70.46061706542969,49560000
2020-02-25,GOOGL,71.0134442009436,71.30374648103692,68.50341002838334,68.79619598388672,51580000
2020-02-26,GOOGL,69.22595484103678,70.15344868855172,68.31136399152298,69.00214385986328,49776000
2020-02-27,GOOGL,67.4473896252563,67.95654311110967,65.21922220576265,65.25445556640625,62290000
2020-02-28,GOOGL,63.23769037956694,66.61913861220282,62.93497730501943,66.46034240722656,80198000
2020-03-02,GOOGL,67.06279499656021,68.85325994086891,65.76311339989533,68.79619598388672,55430000
2020-03-03,GOOGL,69.35992539597444,69.881481998235,65.96358314946141,66.38440704345703,56602000
2020-03-04,GOOGL,67.43845113577657,68.62052161924996,66.34868554057559,68.56196594238281,47598000
2020-03-05,GOOGL,66.77297041597613,67.17394765388372,64.5939392228994,65.2450180053711,54380000
2020-03-06,GOOGL,63.021331540993415,64.64902873567758,62.389107394937724,64.30116271972656,64640000
2020-03-09,GOOGL,59.796197886210365,62.16678659987144,59.45279189368406,60.33363723754883,69252000
2020-03-10,GOOGL,62.249166437969265,63.3141180465607,60.27011622097382,63.280372619628906,54872000
2020-03-11,GOOGL,61.9454606818698,62.37521226684703,59.11037916246386,60.09096908569336,54732000
2020-03-12,GOOGL,55.71007122053141,58.99177508979836,55.00787634557328,55.16072082519531,94326000
2020-03-13,GOOGL,58.30893660682994,60.264660727196514,55.19744391380035,60.258209228515625,79400000
2020-03-16,GOOGL,54.071942763433945,56.84399695833139,52.95389135443465,53.24767303466797,96520000
2020-03-17,GOOGL,54.12306272429023,55.87780214419819,52.06163860584557,55.48377990722656,83194000
2020-03-18,GOOGL,52.59957358482276,54.83518057354146,51.461171864578795,54.15035629272461,93044000
2020-03-19,GOOGL,54.002967616874486,57.198325857658745,52.38171818946068,55.16667556762695,74064000
2020-03-20,GOOGL,56.120960417669764,56.49711985632716,52.706758754959296,53.00996780395508,82878000
2020-03-23,GOOGL,52.422408393551905,52.94545678283434,50.06521879688069,52.311248779296875,83672000
2020-03-24,GOOGL,54.78505912386957,56.241553000148,53.91413715081012,56.07679748535156,72468000
2020-03-25,GOOGL,55.807331872007914,56.87873487195251,53.744419951306355,54.66794204711914,90324000
2020-03-26,GOOGL,55.318033766714024,58.13475274319394,54.19204281681304,57.7099609375,76562000
2020-03-27,GOOGL,55.9507538013928,57.12091328372302,54.78605386186068,55.09670639038086,62794000
2020-03-30,GOOGL,56.207312192064094,57.1184273116547,54.51261641318761,56.885684967041016,58736000
2020-03-31,GOOGL,57.00578084729468,58.23002839559108,56.40978203312284,57.66182327270508,65228000
2020-04-01,GOOGL,55.778546811008695,56.04751444221686,54.264485569081124,54.69175720214844,51970000
2020-04-02,GOOGL,54.58755454494788,55.71751713604939,54.24663221103603,55.43267059326172,56410000
2020-04-03,GOOGL,55.317533807276405,55.52000256570381,53.35089456161916,54.225284576416016,51374000
2020-04-06,GOOGL,56.22518244004085,59.09102601174513,55.82818053071941,58.71586227416992,63320000
2020-04-07,GOOGL,60.39417589671466,60.581265562426175,58.42108508282757,58.684593200683594,61620000
2020-04-08,GOOGL,59.703893038845585,60.28946874689685,58.75357293120654,59.897430419921875,40334000
2020-04-09,GOOGL,60.45223548466913,60.64130526356233,59.17389237351014,59.8760871887207,54028000
2020-04-13,GOOGL,59.62449939214522,60.27061852387035,58.673187257600205,60.06665802001953,38702000
2020-04-14,GOOGL,61.533568790759,63.309150595298796,60.96635185248098,62.7870979309082,63358000
2020-04-15,GOOGL,61.858118318287886,63.277394976794355,61.2373092479215,62.39357376098633,42236000
2020-04-16,GOOGL,62.881880136039015,63.19054874433473,61.44573267770072,62.400020599365234,57896000
2020-04-17,GOOGL,63.60442205768856,64.01631085791675,62.825308968458316,63.470436096191406,51050000
2020-04-20,GOOGL,63.01835225673442,63.36225423770926,62.350894746468136,62.58462905883789,35292000
2020-04-21,GOOGL,61.669544964144556,62.03130971478895,59.79818256505655,60.153499603271484,49648000
2020-04-22,GOOGL,61.590139235921335,63.51410167305656,61.396105886699345,62.44865417480469,46296000
2020-04-23,GOOGL,62.81240358554889,63.92450330392023,62.553859038058,63.08186721801758,34202000
2020-04-24,GOOGL,62.27943083977364,63.40641744784095,61.733556107559444,63.35133361816406,37402000
2020-04-27,GOOGL,64.11555906230626,64.21977499252665,62.77866017804189,63.06648635864258,44186000
2020-04-28,GOOGL,63.67885736671715,63.756267767576645,61.05766001984028,61.16733169555664,80700000
2020-04-29,GOOGL,66.74567723736092,67.49749627287224,65.83902983742021,66.6057357788086,108358000
2020-04-30,GOOGL,66.06880110856797,66.99381116559951,65.57949434545334,66.83004760742188,55842000
2020-05-01,GOOGL,65.70802521248906,67.064778326554,64.99193919376505,65.37206268310547,48872000
2020-05-04,GOOGL,64.91601469955403,65.72688930286978,64.31455634139917,65.64897155761719,30806000
2020-05-05,GOOGL,66.37349822196448,68.03643246348844,66.25092732812242,66.94517517089844,39666000
2020-05-06,GOOGL,67.39081754771591,67.92130943867623,66.75214189978065,66.76702880859375,31732000
2020-05-07,GOOGL,67.55507422258476,68.28407086121807,67.11986308544923,67.9505844116211,30652000
2020-05-08,GOOGL,68.57289006017024,69.3083306365863,68.08606692584334,68.69794464111328,33326000
2020-05-11,GOOGL,68.32327341716166,70.24574435202634,68.25925819267765,69.6532211303711,32718000
2020-05-12,GOOGL,69.88297410642825,70.18617933282708,68.21011298494378,68.24336242675781,33918000
2020-05-13,GOOGL,68.29200962513352,68.74707504318368,65.90256218086446,66.91094207763672,40368000
2020-05-14,GOOGL,66.17599535572523,67.35955000420634,65.66882579886473,67.33424377441406,36660000
2020-05-15,GOOGL,66.90746926388243,68.21359483390582,66.44793629114194,68.13816833496094,41544000
2020-05-18,GOOGL,67.56847263256927,69.11577969209408,67.20223652116248,68.7396240234375,47094000
2020-05-19,GOOGL,68.75451250919471,69.1023785172191,68.17290840940507,68.20466613769531,31586000
2020-05-20,GOOGL,68.93712559506159,70.07205161178385,68.85078001844624,69.92962646484375,38262000
2020-05-21,GOOGL,70.02044390375272,70.29189145435492,69.19666631420762,69.8100357055664,30894000
2020-05-22,GOOGL,69.66860976577101,70.31869673137085,69.2740915134913,70.13211059570312,28544000
2020-05-26,GOOGL,71.55732784975878,71.713647949531,70.43778849540769,70.5355453491211,44590000
2020-05-27,GOOGL,70.46756561892757,70.73306143347727,69.20709277694024,70.48146057128906,31684000
2020-05-28,GOOGL,69.47505524188404,71.68138407216635,69.42940256810242,70.38021850585938,35170000
2020-05-29,GOOGL,70.48890171815204,71.29779236800545,70.26807420727738,71.13849639892578,37044000
2020-06-01,GOOGL,70.75042473296631,71.53846911353084,70.58070188273932,71.20548248291016,25162000
2020-06-02,GOOGL,71.21194652362176,71.60894843679606,70.54746486486832,71.57470703125,23442000
2020-06-03,GOOGL,71.5940585831891,71.90719099922431,71.04421220546605,71.4228515625,27732000
2020-06-04,GOOGL,71.30027160879436,71.52557428848117,69.77331097931382,70.18470001220703,26982000
2020-06-05,GOOGL,70.25119166858796,71.77270017081518,69.85319786526418,71.46105194091797,42642000
2020-06-08,GOOGL,70.77922358542683,71.9066987928055,70.68989455246145,71.85906219482422,33878000
2020-06-09,GOOGL,71.72010158033224,72.8396409679758,71.57717666408816,72.05953216552734,33624000
2020-06-10,GOOGL,72.52750225479329,73.08627622015612,72.17268498934844,72.68580627441406,31762000
2020-06-11,GOOGL,71.5111920885016,72.03573231700751,69.39617549615696,69.56936645507812,47144000
2020-06-12,GOOGL,70.75836219306613,71.1876215355899,68.77038463113773,70.11621856689453,36676000
2020-06-15,GOOGL,68.95352001430633,70.71570316794333,68.83987670021038,70.50430297851562,30468000
2020-06-16,GOOGL,71.90668995328939,72.31212725295,70.91369682317725,71.78114318847656,30648000
2020-06-17,GOOGL,72.10222120320456,72.56174660860705,71.21839618065276,72.08236694335938,30610000
2020-06-18,GOOGL,71.94887494859431,72.10370333903218,70.77722376842894,71.16827392578125,34862000
2020-06-19,GOOGL,71.4600764031913,71.68338762751483,70.41794726010522,70.69783782958984,52784000
2020-06-22,GOOGL,70.71619099609049,72.00346179403014,70.42737286211982,71.98906707763672,29442000
2020-06-23,GOOGL,72.05556312633793,73.20686779381253,71.70818932914503,72.65007019042969,37752000
2020-06-24,GOOGL,72.61533435670397,73.23613958578959,70.96381147221909,71.0978012084961,31592000
2020-06-25,GOOGL,71.02434975061476,71.57518802053703,70.44472962264075,71.5146484375,23958000
2020-06-26,GOOGL,71.0943407213624,71.3121924045394,67.24194757133121,67.61611938476562,97640000
2020-06-29,GOOGL,67.50693541130255,69.37581791051717,67.07569211299183,69.33462524414062,45074000
2020-06-30,GOOGL,69.3202318055594,70.66605818577068,68.82645747874786,70.37078857421875,40286000
2020-07-01,GOOGL,70.42637638438264,71.88088628212557,70.17874335966512,71.55931091308594,42182000
2020-07-02,GOOGL,72.04763064781929,73.86787699730431,72.00941384931251,72.94534301757812,57218000
2020-07-06,GOOGL,73.84951154751805,74.93381756362824,73.29519761693808,74.42019653320312,44712000
2020-07-07,GOOGL,74.24552768558216,75.4955812741531,73.9264359557316,73.9373550415039,42364000
2020-07-08,GOOGL,74.47726904554796,74.99188203847628,74.05545313077235,74.61621856689453,31766000
2020-07-09,GOOGL,74.93034396940267,75.88364370968078,74.21872553346911,75.36357116699219,41836000
2020-07-10,GOOGL,75.09510790320913,76.48907845135179,74.47331060985266,76.37345123291016,35918000
2020-07-13,GOOGL,76.91584554850776,78.22693841771529,74.76311232191661,75.04448699951172,42954000
2020-07-14,GOOGL,74.07977692160784,75.56902051449428,73.73934679927795,75.47274780273438,38108000
2020-07-15,GOOGL,75.59036199992138,76.24044892666795,74.32988909406994,75.2752456665039,31026000
2020-07-16,GOOGL,74.51200517404082,75.2271068276227,73.85546677030331,75.177978515625,26484000
2020-07-17,GOOGL,75.2767261723641,75.60028547250893,74.34328068659873,75.27375030517578,34264000
2020-07-20,GOOGL,75.18194791342034,77.86219724741542,74.5715619416608,77.60563659667969,30166000
2020-07-21,GOOGL,78.65718338377883,78.75742390910581,77.04882953115545,77.21259307861328,27486000
2020-07-22,GOOGL,77.20217285392138,77.76144652618308,76.58285179107716,77.65574645996094,24482000
2020-07-23,GOOGL,77.70935851205581,77.92870190735229,74.86385368041677,75.268798828125,33910000
2020-07-24,GOOGL,74.39738681396435,75.20329416614082,73.8217343783056,74.84500122070312,29902000
2020-07-27,GOOGL,75.09560906269758,76.30149420568685,75.04945661282869,75.89804077148438,27124000
2020-07-28,GOOGL,75.67819779262315,75.7283180610167,74.46337759336177,74.61870574951172,30910000
2020-07-29,GOOGL,74.68568199629925,76.09155562396928,74.58692562668294,75.60424041748047,22676000
2020-07-30,GOOGL,74.33681896840072,76.46672935903464,74.19786946357056,76.3416748046875,36042000
2020-07-31,GOOGL,74.29116639861185,74.68667651013513,72.15480450754133,73.8395767211914,91468000
2020-08-03,GOOGL,73.9909441597244,74.32491519567483,73.03416882186066,73.58203125,45482000
2020-08-04,GOOGL,73.77805289203164,74.09565287557423,72.65255421158827,73.11257934570312,37212000
2020-08-05,GOOGL,73.28727382126195,73.94132862440738,73.00936716512784,73.39991760253906,29134000
2020-08-06,GOOGL,73.25400858814031,74.74871158432148,73.0431006448764,74.6832046508789,33306000
2020-08-07,GOOGL,74.88618940652373,75.4345440924859,73.75622301234296,74.356689453125,27718000
2020-08-10,GOOGL,73.98102461614714,74.79239144853135,73.32051078592585,74.27976989746094,20546000
2020-08-11,GOOGL,74.13982012855085,74.95566211247646,73.35525125440243,73.47187042236328,31098000
2020-08-12,GOOGL,73.79840700821114,75.01670289215501,73.6931991158398,74.79685974121094,22512000
2020-08-13,GOOGL,74.84499197246967,76.27221184265196,74.84499197246967,75.26382446289062,22388000
2020-08-14,GOOGL,75.11297363738187,75.41966216296682,74.38795233108324,74.66734313964844,21942000
2020-08-17,GOOGL,75.23008930724868,75.6176638667911,74.68570243226462,75.24348449707031,19990000
2020-08-18,GOOGL,75.73376986800842,77.28455245125708,75.51294236568772,77.20565032958984,28378000
2020-08-19,GOOGL,77.04237922081494,77.85474547284741,76.42256594943116,76.65133666992188,30472000
2020-08-20,GOOGL,76.42108162701231,78.41601066185866,76.14765015883633,78.22148132324219,26382000
2020-08-21,GOOGL,78.00063545114132,78.99711166124003,77.5296988421406,78.18772888183594,34838000
2020-08-24,GOOGL,79.02639966986824,79.83579016442737,78.16143693431773,78.66314697265625,25638000
2020-08-25,GOOGL,78.41253291150737,79.84074471193138,78.30236524817361,79.69038391113281,25150000
2020-08-26,GOOGL,79.7127239652464,82.01979367743536,79.44871983787391,81.59003448486328,52188000
2020-08-27,GOOGL,81.71310399920995,81.78158681274915,80.33352817007399,80.81539154052734,31350000
2020-08-28,GOOGL,80.86252964148268,81.45206939327979,80.67097616967305,81.3567886352539,22418000
2020-08-31,GOOGL,81.5622406146684,81.60839306205602,80.65708473224421,80.86550903320312,26422000
2020-09-01,GOOGL,80.99602062020955,82.33887127868402,80.86550650072458,82.1334228515625,22652000
2020-09-02,GOOGL,82.77506893604762,85.65779065315286,82.38700223432284,85.22555541992188,49522000
2020-09-03,GOOGL,84.33876290318153,84.36258498681123,79.7826871845487,80.86451721191406,63726000
2020-09-04,GOOGL,79.84669677227816,81.13645124591334,76.32183129516275,78.46762084960938,55850000
2020-09-08,GOOGL,75.67820126859465,77.19424291181993,75.25638531461833,75.60872650146484,54032000
2020-09-09,GOOGL,76.8642420294293,77.35155737015681,75.68663901115721,76.7813720703125,39242000
2020-09-10,GOOGL,76.92775032379502,78.0929423126136,75.43006388983795,75.73029327392578,33024000
2020-09-11,GOOGL,75.8345037073497,76.35804422827097,74.09117586455733,75.21965026855469,30706000
2020-09-14,GOOGL,76.00819769874438,77.26619442098949,74.69115310887393,74.8757553100586,42660000
2020-09-15,GOOGL,75.8216195441486,76.96795700532972,75.53429310503509,76.18040466308594,23042000
2020-09-16,GOOGL,76.54564251599456,77.1356820188287,75.01272258332794,75.03753662109375,22128000
2020-09-17,GOOGL,73.73339423552551,74.37107796130607,72.57465352945174,73.79443359375,40008000
2020-09-18,GOOGL,73.85696644381204,74.19938051714477,71.04421883540799,72.01041412353516,63056000
2020-09-21,GOOGL,71.04420674157839,71.46303920509229,69.6080593619409,70.97076416015625,56908000
2020-09-22,GOOGL,71.97220517706418,72.64958987142754,70.93901121787594,72.44364166259766,33950000
2020-09-23,GOOGL,72.0600394464178,72.10916776182562,69.60806854673329,69.94104766845703,37726000
2020-09-24,GOOGL,69.60805341622337,71.36030890518906,69.58174766242739,70.60948181152344,34552000
2020-09-25,GOOGL,70.7181666964046,71.75482846616116,69.85617998146562,71.41341400146484,30326000
2020-09-28,GOOGL,73.04757600974902,73.09719651380165,71.77171646612977,72.38607025146484,30784000
2020-09-29,GOOGL,72.64659651755203,73.04805837164085,72.15480612490222,72.75130462646484,31816000
2020-09-30,GOOGL,72.49920672624663,73.7527357851772,72.24215391271358,72.73046112060547,40924000
2020-10-01,GOOGL,73.62670420280419,74.1929292635369,73.286274040048,73.83711242675781,32884000
2020-10-02,GOOGL,72.4342036548503,73.39693074596006,71.824809673111,72.23421478271484,31222000
2020-10-05,GOOGL,72.58408919867553,73.67832261238615,72.45705068855614,73.58552551269531,21602000
2020-10-06,GOOGL,73.2217474911822,73.66936177459218,71.70868203186365,72.00692749023438,26096000
2020-10-07,GOOGL,72.41833226107926,72.89771194466147,71.12411009707938,72.40989685058594,36108000
2020-10-08,GOOGL,72.72301980086279,73.8435511132823,72.72301980086279,73.61528015136719,26076000
2020-10-09,GOOGL,74.08324039010259,75.02562099842726,73.79243836136804,74.95614624023438,32966000
2020-10-12,GOOGL,76.32331696836458,78.82540773717346,75.89157394902875,77.6428451538086,55344000
2020-10-13,GOOGL,78.2591971477664,78.66364249122451,77.34709005860579,77.76592254638672,39072000
2020-10-14,GOOGL,78.13960670707321,78.59863235974427,76.7153626294545,77.58578491210938,33174000
2020-10-15,GOOGL,76.6458902262155,77.98080531787049,76.47865858893644,77.19027709960938,31210000
2020-10-16,GOOGL,77.50588599458379,78.29393046378365,77.29895342687239,77.79718780517578,34194000
2020-10-19,GOOGL,78.20560677367027,78.60260869103162,75.57498539804158,75.92384338378906,29734000
2020-10-20,GOOGL,75.58440861018742,78.10188630763496,75.45488644834482,76.97241973876953,41670000
2020-10-21,GOOGL,77.90387889868303,80.15140068876588,77.76939696227232,78.70482635498047,60322000
2020-10-22,GOOGL,78.65570442381038,80.0660459854062,78.28252459218282,79.73058319091797,30512000
2020-10-23,GOOGL,80.1469434481856,81.09329204821135,79.9911155131261,81.0367202758789,30548000
2020-10-26,GOOGL,80.14444517053825,80.86797460880413,77.80115055828723,78.6204605102539,35826000
2020-10-27,GOOGL,78.85073087185503,79.49932607502853,78.25820767241161,79.34449768066406,25902000
2020-10-28,GOOGL,76.9193189772867,77.10788899788803,74.85839093339294,74.97351837158203,45174000
2020-10-29,GOOGL,75.28218805257592,78.84129503159711,75.25886573393818,77.26024627685547,55406000
2020-10-30,GOOGL,82.74679062825668,83.4355865281123,79.47798597119375,80.19953155517578,99878000
2020-11-02,GOOGL,80.56826274443867,82.29025273758087,80.10674580106756,80.60697174072266,44228000
2020-11-03,GOOGL,80.92654621228101,82.32795255609419,80.00103633038269,81.66595458984375,31432000
2020-11-04,GOOGL,84.63948898890001,87.83782697800774,84.5114585454135,86.63789367675781,71342000
2020-11-05,GOOGL,87.85866770874907,88.91915931430586,86.39869809059148,87.46414947509766,39758000
2020-11-06,GOOGL,86.91031908711173,87.76188647164766,86.18281430286245,87.32667541503906,28622000
2020-11-09,GOOGL,89.12559909444359,90.16325299322276,87.21850731003066,87.41055297851562,53440000
2020-11-10,GOOGL,85.83992542478141,87.30932243182015,85.16254076469718,86.23444366455078,43022000
2020-11-11,GOOGL,86.7644386706243,87.48400040663131,86.49944259042287,86.70638275146484,31838000
2020-11-12,GOOGL,86.44682541087165,87.58721098528301,86.24683654348757,86.48751831054688,26474000
2020-11-13,GOOGL,86.74458521077995,88.19016006899665,86.14809419488121,87.948486328125,29744000
2020-11-16,GOOGL,87.54553261179751,89.0442111765779,87.40608331966793,88.03632354736328,25468000
2020-11-17,GOOGL,87.73013533866205,88.19066026800272,87.3147784714661,87.4224624633789,21314000
2020-11-18,GOOGL,87.17335262075193,87.588217331153,86.27662453313168,86.37934875488281,20108000
2020-11-19,GOOGL,86.01160718537209,87.5132613817082,85.85231123087452,87.26910400390625,20106000
2020-11-20,GOOGL,87.43933016329416,87.75494624561959,86.099455426142,86.16793823242188,27694000
2020-11-23,GOOGL,86.35850382471271,86.64483829608162,84.86776845214185,85.7302474975586,22530000
2020-11-24,GOOGL,85.72725633537328,87.66163790492705,85.39129384637128,87.53360748291016,27984000
2020-11-25,GOOGL,87.72765454815004,87.85518522073961,86.7624437790224,87.54502868652344,19600000
2020-11-27,GOOGL,87.56537478708843,89.17670461109734,87.56537478708843,88.68094635009766,14790000
2020-11-30,GOOGL,88.11671176448347,88.34945031622777,86.73663636473374,87.06217956542969,32418000
2020-12-01,GOOGL,87.67058926121352,90.40294282397186,87.49044706213408,89.0948257446289,37350000
2020-12-02,GOOGL,89.09481973864247,90.94980721667606,88.58914191662642,90.56421661376953,29424000
2020-12-03,GOOGL,90.34438241647054,91.50014714254405,90.16870781369849,90.40889739990234,24728000
2020-12-04,GOOGL,90.3284910709169,90.78900834852303,89.99947227305998,90.50416564941406,20544000
2020-12-07,GOOGL,90.09675400163334,90.77860623301,89.47594869785405,90.17020416259766,22288000
2020-12-08,GOOGL,89.7478950094271,90.11759919688177,88.89235965969378,89.88733673095703,19936000
2020-12-09,GOOGL,89.8392011100304,90.73295326690491,87.43933447683615,88.22638702392578,31728000
2020-12-10,GOOGL,87.46910240104222,88.08395592677938,86.0265034805042,87.71971130371094,28688000
2020-12-11,GOOGL,87.34009054339363,88.19910157718995,86.97981369971886,88.07453918457031,18628000
2020-12-14,GOOGL,87.87206853297646,88.81890924399337,86.80065786516951,86.95598602294922,33050000
2020-12-15,GOOGL,87.33312959787565,87.53857801501006,86.43045746319423,87.3936767578125,21352000
2020-12-16,GOOGL,87.7921613925864,87.7921613925864,86.79718438631407,87.20063018798828,24676000
2020-12-17,GOOGL,87.53511044992315,87.67306801784623,85.90840149530362,86.37288665771484,34880000
2020-12-18,GOOGL,86.65377457814161,86.7624505284676,85.10695960958034,85.66374969482422,85256000
2020-12-21,GOOGL,84.81565683297735,86.19870821457275,84.06482960264226,86.07762145996094,33974000
2020-12-22,GOOGL,85.81807923743065,85.98085084047112,84.64941153653486,85.36599731445312,20370000
2020-12-23,GOOGL,85.55011232552296,86.55154089513248,85.41463085492951,85.76349639892578,22974000
2020-12-24,GOOGL,85.8017013279546,86.46717488960903,85.57094668185455,86.05776977539062,9312000
2020-12-28,GOOGL,86.5912300604431,88.67994788097882,86.43789340684248,88.0328369140625,27650000
2020-12-29,GOOGL,88.691373155201,88.75290469779057,87.09741391594572,87.22891998291016,19726000
2020-12-30,GOOGL,87.58820379818833,87.72516940602775,85.75207866076447,86.16148376464844,21026000
2020-12-31,GOOGL,86.21211520633824,87.21602750872316,86.15355195162485,86.974853515625,21070000
2021-01-04,GOOGL,87.34008358640446,87.4636464411681,84.71690581732847,85.65928649902344,37324000
2021-01-05,GOOGL,85.6076753306863,86.68652187444044,85.20124606667888,86.35006713867188,20360000
2021-01-06,GOOGL,84.37547823924433,86.54459001427169,84.16903787338767,85.49799346923828,46588000
2021-01-07,GOOGL,85.69053939531456,88.22439556368579,85.69053939531456,88.05170440673828,41936000
2021-01-08,GOOGL,88.19164922097684,89.29332585763812,87.40062131631798,89.21739959716797,35484000
2021-01-11,GOOGL,88.18468618909493,88.54993029849837,86.95001949954259,87.15596008300781,34796000
2021-01-12,GOOGL,86.61355794370071,87.73210525969363,85.17542676202127,86.22003173828125,29528000
2021-01-13,GOOGL,85.71832651379754,87.16093293340856,85.71832651379754,86.70735931396484,23432000
2021-01-14,GOOGL,86.78774893221043,87.7147504644655,85.65629851518884,85.89698028564453,29212000
2021-01-15,GOOGL,85.80269009081528,86.72571621304921,84.94368675719375,85.73321533203125,31444000
2021-01-19,GOOGL,86.49646051814078,89.51564826858593,85.99177462608301,88.55441284179688,41660000
2021-01-20,GOOGL,90.63369100589752,94.27369142216018,90.29326846427877,93.2985610961914,64152000
2021-01-21,GOOGL,93.97248931324928,95.87957377976775,93.2658229480005,93.50104522705078,58634000
2021-01-22,GOOGL,93.86378525576802,94.50543672127229,93.12139349550735,93.91837310791016,32744000
2021-01-25,GOOGL,94.91981325917729,95.37041104765358,92.26090239757879,94.00373077392578,50586000
2021-01-26,GOOGL,93.59234042721772,95.06918077277226,93.10304122733542,94.6821060180664,31462000
2021-01-27,GOOGL,93.0424981499985,93.31841329790922,89.19010540093252,90.26498413085938,82512000
2021-01-28,GOOGL,90.86346464048778,93.69159105835183,90.86346464048778,91.96514129638672,55278000
2021-01-29,GOOGL,91.01331852253465,91.68425159297891,89.40249609555491,90.68281555175781,44530000
2021-02-01,GOOGL,91.537869114529,95.05876695305972,91.537869114529,93.94369506835938,40252000
2021-02-02,GOOGL,94.93916613642043,96.7375742923494,94.60369579708804,95.23641967773438,66332000
2021-02-03,GOOGL,102.50599859407848,104.54112080046828,99.92251415054169,102.1720199584961,97882000
2021-02-04,GOOGL,102.25835779899022,102.68910130885799,100.99192568967557,101.91148376464844,48596000
2021-02-05,GOOGL,102.20576092112387,104.01112041342323,101.73134861128602,103.65828704833984,29866000
2021-02-08,GOOGL,104.2126024166411,104.95697814818854,102.39384771098673,103.44440460205078,28828000
2021-02-09,GOOGL,102.96204375401462,104.13865469002172,102.72384565242261,102.99132537841797,21892000
2021-02-10,GOOGL,103.37591665062041,104.15701742365931,101.84250453722669,103.54166412353516,25102000
2021-02-11,GOOGL,103.76597151325437,103.91484058963358,102.66727078205419,103.65431213378906,20480000
2021-02-12,GOOGL,103.20868656852795,104.1877847485389,102.90100612778934,103.9659652709961,18990000
2021-02-16,GOOGL,103.80320209991204,106.45268581815539,103.80320209991204,104.74359893798828,31004000
2021-02-17,GOOGL,103.91385613661629,105.32618913024353,103.63447293017356,105.1366195678711,20294000
2021-02-18,GOOGL,104.46073001635577,105.30386215822301,103.8816019889264,104.50092315673828,22546000
2021-02-19,GOOGL,104.59918372977481,105.13463539467114,103.39031525447268,103.65729522705078,37938000
2021-02-22,GOOGL,101.9099993387489,103.23647893744953,101.63210028023519,101.9427490234375,29466000
2021-02-23,GOOGL,99.94434439439259,102.84790471803919,98.7652498236748,102.2335433959961,34658000
2021-02-24,GOOGL,100.74082627734853,103.63297538297377,100.61627147183141,103.40916442871094,22608000
2021-02-25,GOOGL,102.02562057484711,103.36897091511271,99.57215821309238,100.04161071777344,41548000
2021-02-26,GOOGL,100.73635761176493,102.0548939056203,99.30021020364278,100.33737182617188,40042000
2021-03-01,GOOGL,101.63210667965502,103.03302091003201,100.95819763423486,102.70698547363281,26060000
2021-03-02,GOOGL,102.4677910613768,103.95158286967977,102.06236128484795,102.4499282836914,25564000
2021-03-03,GOOGL,101.82810665686394,103.0210885249046,98.9523288633774,99.8163070678711,33892000
2021-03-04,GOOGL,99.98801216184687,102.95161985010066,99.51955162533255,100.93386840820312,49216000
2021-03-05,GOOGL,102.28466284780541,104.52026594581169,100.62867233193391,104.06719207763672,53100000
2021-03-08,GOOGL,103.42158052102567,104.89444552557276,99.50764868129858,99.62228393554688,36868000
2021-03-09,GOOGL,101.71895233828384,102.42213544106293,101.0167536191557,101.25296783447266,33920000
2021-03-10,GOOGL,102.2970659351344,102.2970659351344,100.20933995964218,101.0460205078125,27100000
2021-03-11,GOOGL,102.13926584834769,104.77187091897011,102.05142854718905,104.23939514160156,27702000
2021-03-12,GOOGL,103.04196228478388,103.10150992688892,100.8589551147187,101.73136138916016,33818000
2021-03-15,GOOGL,101.48223811183603,101.97898081743861,100.62918638636894,101.95169067382812,26168000
2021-03-16,GOOGL,102.52483922864947,104.89145606968972,102.19235235853246,103.41313171386719,31900000
2021-03-17,GOOGL,102.64792444093051,104.16297408675445,101.43955571786044,103.33026885986328,26382000
2021-03-18,GOOGL,101.64102114164612,102.66181170828624,100.20189786741744,100.30908966064453,31700000
2021-03-19,GOOGL,100.72545519221457,101.08820812478666,99.39549992944659,100.5879898071289,46072000
2021-03-22,GOOGL,100.62123402558689,101.64896832220467,99.94484136557821,100.77308654785156,33536000
2021-03-23,GOOGL,101.23261887288946,102.4315602691178,100.63960345971093,101.30110168457031,28510000
2021-03-24,GOOGL,101.81867153771303,102.6047320051104,100.68920512037937,100.86438751220703,25218000
2021-03-25,GOOGL,100.69170066123667,101.51497849194996,99.05605651294476,100.86092376708984,35616000
2021-03-26,GOOGL,100.82767512282554,101.20482275574092,99.44114815336599,100.47732543945312,27978000
2021-03-29,GOOGL,100.34978722521926,101.6921456617526,99.52055008099022,101.52242279052734,26492000
2021-03-30,GOOGL,101.87922713070152,102.36009090991652,101.04403828817071,101.55616760253906,27312000
2021-03-31,GOOGL,101.94969987021643,103.53075620217572,101.58247178886016,102.35265350341797,42570000
2021-04-01,GOOGL,103.82799880608552,105.98668362413873,103.78730590753311,105.69042205810547,39880000
2021-04-05,GOOGL,106.55241526747184,110.61373186270573,106.45614255746916,110.1159896850586,48510000
2021-04-06,GOOGL,109.7170060552788,110.56460573116816,109.26393216477742,109.63462829589844,35240000
2021-04-07,GOOGL,109.82519037364484,111.38341654754359,109.82519037364484,111.11196899414062,24134000
2021-04-08,GOOGL,112.35109778749995,112.73768033730468,111.30946858743064,111.67768859863281,28664000
2021-04-09,GOOGL,111.43006856726271,112.84586958165409,111.02413150339015,112.6821060180664,26146000
2021-04-12,GOOGL,111.86081020287733,111.99826800652428,110.5556690671648,111.38937377929688,25024000
2021-04-13,GOOGL,111.70549055106234,112.32481171879675,111.31146450496534,111.8761978149414,25682000
2021-04-14,GOOGL,112.52130722555084,112.52130722555084,110.9625890162252,111.25487518310547,21002000
2021-04-15,GOOGL,112.24937512425728,113.93910731506152,111.71441568076216,113.40563201904297,29174000
2021-04-16,GOOGL,113.60363801209377,113.85176324145186,112.69450680826098,113.28157043457031,26282000
2021-04-19,GOOGL,112.65779320044837,114.34057420260662,112.65779320044837,113.62944793701172,30290000
2021-04-20,GOOGL,114.01304464501652,114.08797894990056,112.00968781654448,113.09597778320312,22288000
2021-04-21,GOOGL,112.75059219366896,113.14511042002438,111.39929855085491,113.063232421875,23204000
2021-04-22,GOOGL,112.9168285050062,113.58577771200164,111.17598403868455,111.78141021728516,24146000
2021-04-23,GOOGL,112.49998747236313,114.44132071147847,112.2146449476843,114.13414001464844,29066000
2021-04-26,GOOGL,114.36191465854154,115.35491539207553,114.0046137037265,114.63038635253906,32038000
2021-04-27,GOOGL,115.01249127701054,115.05318417666454,113.45078956312143,113.68998718261719,44386000
2021-04-28,GOOGL,118.72792498547076,120.65734705575763,116.77865622813731,117.06747436523438,81106000
2021-04-29,GOOGL,118.56565462462966,119.30655470794439,117.80241660635883,118.74082946777344,41234000
2021-04-30,GOOGL,117.51310274370631,118.19941495111625,116.44815119189317,116.79254913330078,44856000
2021-05-03,GOOGL,117.35878114469558,118.18454274219685,115.89931120316318,116.27546691894531,28242000
2021-05-04,GOOGL,114.81003375695731,115.37774294284415,111.98785888456881,114.47655487060547,44818000
2021-05-05,GOOGL,115.55837890460862,115.87448718948492,114.54850735953089,114.87057495117188,26636000
2021-05-06,GOOGL,114.45173268147272,115.99110412597656,113.7922184104356,115.99110412597656,25190000
2021-05-07,GOOGL,117.30815282057624,117.67338940045705,116.42829567342216,116.71463012695312,28898000
2021-05-10,GOOGL,115.5340544612841,115.67598742632394,113.37040211218113,113.72820281982422,30914000
2021-05-11,GOOGL,111.31245005100251,113.15899447228237,110.85837666118927,112.65182495117188,34186000
2021-05-12,GOOGL,110.47478602478672,111.5561162328278,108.85849635134446,109.18750762939453,46376000
2021-05-13,GOOGL,110.47130211457284,111.13230806057291,109.5085750545865,110.6162109375,33204000
2021-05-14,GOOGL,112.08015480939481,113.37933665290709,111.65635497248752,113.06471252441406,31996000
2021-05-17,GOOGL,112.3297641754445,113.6304377384808,111.92978642061708,113.58776092529297,21598000
2021-05-18,GOOGL,114.25423490932972,114.5187387900611,112.26128967783525,112.27518463134766,22204000
2021-05-19,GOOGL,110.5859354435944,112.89647277536369,110.43755856445559,112.72328186035156,23684000
2021-05-20,GOOGL,113.69098569300493,114.73310713657823,113.31978979628988,114.48250579833984,32352000
2021-05-21,GOOGL,115.00157839071795,115.07502854849963,113.60661602300084,113.84630584716797,40632000
2021-05-24,GOOGL,114.87651898938388,117.3905209078687,114.73111797181262,117.16671752929688,31832000
2021-05-25,GOOGL,117.71061174116315,118.30611079968943,116.86698744390246,117.25753784179688,22440000
2021-05-26,GOOGL,117.43866520384775,118.5537446380502,117.43568933655425,118.12300109863281,21572000
2021-05-27,GOOGL,118.5567094048752,118.5567094048752,116.92950835001406,117.24810028076172,35224000
2021-05-28,GOOGL,117.83069224238149,117.91257022947067,116.76028124331418,116.95877838134766,21482000
2021-06-01,GOOGL,117.83169739325494,118.3909711309442,116.83125322941245,118.16616821289062,23354000
2021-06-02,GOOGL,118.56166724150444,118.78448622711657,116.7359614995081,117.64063262939453,21158000
2021-06-03,GOOGL,116.4069589139595,116.96722459641707,115.60253582286343,116.49876403808594,18696000
2021-06-04,GOOGL,117.57512855840817,119.05196883289784,117.2346984558086,118.78101348876953,24458000
2021-06-07,GOOGL,118.57608038074805,119.3239317671164,118.1572478636839,119.2142562866211,24120000
2021-06-08,GOOGL,119.69611425817284,120.06879431068795,118.8410711054014,119.02269744873047,24240000
2021-06-09,GOOGL,119.66733155702187,119.73928242428627,118.94627815938065,119.494140625,17942000
2021-06-10,GOOGL,119.44351508642232,120.88661377093757,119.287694745619,120.84343719482422,25904000
2021-06-11,GOOGL,121.08512403715078,121.17047767072789,120.04101102910597,120.59880065917969,21958000
2021-06-14,GOOGL,120.70102898094329,121.52778253607295,119.99337827761873,121.52729034423828,22098000
2021-06-15,GOOGL,121.53173143958783,121.85479096519951,120.14818797993534,120.50896453857422,21562000
2021-06-16,GOOGL,120.66032532200343,120.97197359175446,118.57409090880724,119.8668212890625,26472000
2021-06-17,GOOGL,119.7923822856336,121.603693441412,119.59636123311135,120.83053588867188,25842000
2021-06-18,GOOGL,120.45685158183923,120.6910818510485,119.1149929914567,119.21027374267578,46116000
2021-06-21,GOOGL,119.59686719825068,121.08511889610858,118.99937664421553,120.8990249633789,27414000
2021-06-22,GOOGL,120.83700235678914,121.48212955115913,120.15614960749308,121.41314697265625,22390000
2021-06-23,GOOGL,121.17791693257503,122.17240182650191,120.92086408491839,121.21116638183594,19148000
2021-06-24,GOOGL,121.77985701377752,122.13269035567586,121.382862712785,121.58135986328125,21362000
2021-06-25,GOOGL,121.08511210446201,121.71336839672355,120.65337662784323,121.58979797363281,34594000
2021-06-28,GOOGL,121.758521573653,121.86422922179605,120.49507286854836,121.61709594726562,28526000
2021-06-29,GOOGL,121.75060121190214,122.09847482744516,120.77844661945765,121.35558319091797,23108000
2021-06-30,GOOGL,121.07965376613676,121.34018980324502,120.44445377750469,121.17394256591797,24474000
2021-07-01,GOOGL,120.81218116296395,121.66771652938495,120.62013549310655,121.52629089355469,18110000
2021-07-02,GOOGL,122.22649002373326,124.46358492049245,122.13666881147289,124.31818389892578,25982000
2021-07-06,GOOGL,124.70626257188695,125.47991996172436,123.64825460993833,125.24370574951172,26404000
2021-07-07,GOOGL,126.20840260771347,126.32948178151617,125.20696652930476,125.52555847167969,24060000
2021-07-08,GOOGL,123.09590625465283,124.65363245734625,123.0919384322064,124.10626983642578,23790000
2021-07-09,GOOGL,124.08743338198082,124.7916083872216,123.61748109045698,124.57723236083984,18632000
2021-07-12,GOOGL,125.23178767794647,126.11660464739363,124.66903830023149,126.02330780029297,17668000
2021-07-13,GOOGL,126.0858217415927,127.09717735782496,125.72455299411631,126.38655090332031,19240000
2021-07-14,GOOGL,126.99843013494588,128.3566749442319,126.95525355930435,127.27533721923828,23742000
2021-07-15,GOOGL,127.6842504239584,127.73486288138461,125.58113774435483,126.05257415771484,24218000
2021-07-16,GOOGL,126.70564909050017,126.8530340257524,125.20747031972039,126.0178451538086,20424000
2021-07-19,GOOGL,125.14395396093992,125.25858921852814,122.57883200311225,123.64379119873047,27968000
2021-07-20,GOOGL,124.58616145014766,126.09029957274659,123.41799344616328,125.26305389404297,26312000
2021-07-21,GOOGL,125.18762444582607,126.63915867752108,125.07844872969363,126.59251403808594,20746000
2021-07-22,GOOGL,126.88528161966792,127.51948960821602,126.54286761164278,127.45844268798828,14302000
2021-07-23,GOOGL,129.4523801977889,132.39862482827255,128.82711495157838,132.0175018310547,41506000
2021-07-26,GOOGL,132.32867753093342,133.23035779403736,131.30937099591478,133.02987670898438,30572000
2021-07-27,GOOGL,133.24372548012153,133.3911103876698,129.12832148282303,130.9108428955078,54710000
2021-07-28,GOOGL,135.28979281293505,137.2599079039197,134.26305040717065,135.07342529296875,95130000
2021-07-29,GOOGL,135.12898147854628,135.6361509759325,134.5265388076387,134.75927734375,31716000
2021-07-30,GOOGL,134.0223752606491,134.2898550052644,133.24822569744882,133.7161865234375,25576000
2021-08-02,GOOGL,134.10374439184372,134.32159603083082,132.79066767952273,133.8432159423828,21634000
2021-08-03,GOOGL,134.12158634129304,134.71410942319514,132.31971039791375,134.61288452148438,20762000
2021-08-04,GOOGL,134.33451713154457,134.63227046149845,133.4784819870635,134.11219787597656,19676000
2021-08-05,GOOGL,134.66303433806044,135.3275236015208,133.8347890656251,135.22975158691406,17870000
2021-08-06,GOOGL,135.02181756289275,135.4490854531946,134.19605607043894,134.7205810546875,20488000
2021-08-09,GOOGL,134.92306449777362,136.15525526849018,134.32457443388773,135.8862762451172,17760000
2021-08-10,GOOGL,136.3120586436504,136.739341684584,135.3418956435353,135.7810821533203,19414000
2021-08-11,GOOGL,136.1527934307933,136.6500283663761,135.24961379176287,135.25706481933594,15352000
2021-08-12,GOOGL,134.95580816135285,136.27038427949398,134.4099447510758,136.16517639160156,16506000
2021-08-13,GOOGL,136.22077428380268,136.8227324935351,136.00540627281836,136.69468688964844,15948000
2021-08-16,GOOGL,136.4936912096848,137.3249198670096,134.2843860879526,137.27230834960938,22384000
2021-08-17,GOOGL,136.71701126967452,137.22864843735246,135.06152034652905,135.6366729736328,21716000
2021-08-18,GOOGL,135.47638678008008,136.0763610262698,134.30672701456993,134.4332733154297,19258000
2021-08-19,GOOGL,133.42737741097457,135.32999419006325,133.2432673738552,134.66253662109375,21782000
2021-08-20,GOOGL,134.9801260855952,136.52247337439283,134.23575039027023,136.39891052246094,31194000
2021-08-23,GOOGL,136.93486475189124,139.8180789523817,136.57557987363364,138.9913330078125,28454000
2021-08-24,GOOGL,139.55702905815937,141.01452236958926,139.28608129387433,140.20216369628906,19268000
2021-08-25,GOOGL,140.56294433294897,141.12321001802496,140.31581862814912,141.01353454589844,15848000
2021-08-26,GOOGL,140.687025436798,141.34951565478207,140.29696718889772,140.37985229492188,20610000
2021-08-27,GOOGL,140.5902203658404,143.42877334902713,140.43588418463617,142.92408752441406,28780000
2021-08-30,GOOGL,143.31711771847773,144.8758510974579,143.08189549994657,143.50619506835938,24434000
2021-08-31,GOOGL,144.0585493114056,144.08285601526092,143.19904608984555,143.61241149902344,22448000
2021-09-01,GOOGL,143.91264203896188,145.15723608656572,143.79701482675657,144.12652587890625,21936000
2021-09-02,GOOGL,144.1270137169677,144.4282350739372,142.11123857880438,142.2124786376953,32342000
2021-09-03,GOOGL,142.00753585009178,143.07397156605705,141.33262733689926,142.66159057617188,19850000
2021-09-07,GOOGL,142.75586232811756,143.48088345011595,142.5419785225867,143.19851684570312,20124000
2021-09-08,GOOGL,143.01939373948818,143.3171319106359,141.92763663073742,142.6134490966797,18344000
2021-09-09,GOOGL,142.76182262055423,143.22829924541583,142.10380011064456,142.46456909179688,15314000
2021-09-10,GOOGL,143.13103101123474,143.63324834342055,139.6825992095329,139.81956481933594,36840000
2021-09-13,GOOGL,140.8850133140272,141.87801407207704,140.19076541104684,141.26515197753906,22094000
2021-09-14,GOOGL,141.92317737522325,142.2879293728358,140.6870186953344,141.47555541992188,19674000
2021-09-15,GOOGL,141.70084898830657,143.3672589310745,140.28753163392904,143.34642028808594,27408000
2021-09-16,GOOGL,142.871012257135,143.21789389256512,141.33363224313416,142.53306579589844,26190000
2021-09-17,GOOGL,141.95791332781604,142.37426215695461,139.4166134851855,139.744140625,53384000
2021-09-20,GOOGL,137.12541555299168,137.95762854767855,135.29971724995474,137.67922973632812,46518000
2021-09-21,GOOGL,138.70150564295537,138.961549489437,137.24104391217074,137.99038696289062,25332000
2021-09-22,GOOGL,138.25937452976518,139.8304963856978,137.51251502650064,139.2315216064453,25056000
2021-09-23,GOOGL,139.93024135046866,140.6339242140277,139.34863720343068,140.1570281982422,20952000
2021-09-24,GOOGL,139.48461774511946,141.2631871572942,139.18934805370702,141.14854431152344,22984000
2021-09-27,GOOGL,139.74860330168596,140.87410203574274,139.01713059177794,140.01409912109375,21882000
2021-09-28,GOOGL,137.6151978525683,138.05338477701864,134.3449095186798,134.81138610839844,45772000
2021-09-29,GOOGL,135.952776944704,136.1224998181307,132.86114615387476,133.34597778320312,30848000
2021-09-30,GOOGL,133.25467295688009,134.5260573598816,132.5544581975898,132.67355346679688,37996000
2021-10-01,GOOGL,133.4392677350906,135.88381020641216,133.06757963803923,135.51905822753906,35360000
2021-10-04,GOOGL,134.94092038251742,134.94092038251742,130.06725246602704,132.6571807861328,51202000
2021-10-05,GOOGL,133.03582852986017,136.195457682752,133.03582852986017,135.00296020507812,32404000
2021-10-06,GOOGL,133.739508771599,136.7170117498164,133.54101160192383,136.5334014892578,24364000
2021-10-07,GOOGL,137.850443401675,138.99182860687787,137.61125333266637,138.1809539794922,25110000
2021-10-08,GOOGL,138.53031118041213,139.2786547710328,138.17350997032952,138.7372589111328,26526000
2021-10-11,GOOGL,138.24743994592924,139.6567893779869,137.81767325329827,137.8722686767578,17954000
2021-10-12,GOOGL,138.43402701454784,138.46083253617908,134.74192230236443,135.42576599121094,36332000
2021-10-13,GOOGL,136.37208893538062,136.96511180410653,135.49521531767547,136.5502471923828,19654000
2021-10-14,GOOGL,138.42808787011938,140.27760845343832,137.78395264117304,140.09251403808594,31894000
2021-10-15,GOOGL,140.55251849051083,140.65524269555343,139.69946688773342,140.307861328125,30274000
2021-10-18,GOOGL,140.01857311030093,141.72517625679853,140.0116218475846,141.70730590820312,20396000
2021-10-19,GOOGL,142.3122411781201,142.58518805329703,141.53065568841217,142.16287231445312,20164000
2021-10-20,GOOGL,142.2631058944433,142.4695538565035,140.3163131219319,140.70587158203125,23288000
2021-10-21,GOOGL,140.70586399440023,141.08997046295738,139.44638307898973,140.82199096679688,26292000
2021-10-22,GOOGL,138.10651842470995,139.528771131412,135.0357259164038,136.53489685058594,50588000
2021-10-25,GOOGL,136.51851473554404,136.96513715391242,134.40845059559413,136.41629028320312,34412000
2021-10-26,GOOGL,138.21913322855193,139.03247621069607,137.26732536565436,138.2637939453125,49236000
2021-10-27,GOOGL,138.35958967330268,147.5352558412774,138.35958967330268,145.12100219726562,85782000
2021-10-28,GOOGL,146.03113135042497,146.05445366795587,143.54242804880974,144.75526428222656,36206000
2021-10-29,GOOGL,143.99004609130722,147.13032034071645,143.5647621281139,146.935791015625,43320000
2021-11-01,GOOGL,146.93579626429255,146.93579626429255,142.15143480145554,142.4208984375,46924000
2021-11-02,GOOGL,143.49528827408025,145.50956421119818,143.25311477300548,144.34188842773438,33482000
2021-11-03,GOOGL,144.8063781414798,145.5691239438991,143.50670412146945,145.4986572265625,27494000
2021-11-04,GOOGL,146.02120570689476,148.61064946538178,145.2108308442372,147.1556396484375,38412000
2021-11-05,GOOGL,148.05087231856265,149.20019319950708,147.08567660753985,147.7357635498047,38354000
2021-11-08,GOOGL,148.7014585767388,149.48554284378903,147.31741521200507,147.91342163085938,23052000
2021-11-09,GOOGL,148.11389827574533,148.71088906033273,146.14079981403162,147.8017578125,19530000
2021-11-10,GOOGL,146.3938976345835,146.95963047439804,143.45361947712578,144.7994384765625,29970000
2021-11-11,GOOGL,145.39098629504358,146.4291476158048,144.50864533911016,144.67340087890625,16518000
2021-11-12,GOOGL,145.5160161174187,147.73377171558494,144.3205504253786,147.56304931640625,22360000
2021-11-15,GOOGL,147.78388336285937,148.42801853120432,146.46832288502367,147.3387451171875,23508000
2021-11-16,GOOGL,147.03852213551875,147.64691660374896,146.20779328379493,146.76707458496094,18904000
2021-11-17,GOOGL,146.9174130849966,147.44542122499766,146.13582776741984,146.936767578125,19594000
2021-11-18,GOOGL,147.1298348231303,149.45129909726722,146.77551730421044,148.71485900878906,35608000
2021-11-19,GOOGL,148.85080652363035,149.83438735066673,147.78238698513604,147.80967712402344,33682000
2021-11-22,GOOGL,148.2126562711061,148.70592331969485,145.05154308495818,145.2048797607422,30594000
2021-11-23,GOOGL,145.05698650074015,145.56018822180644,143.03427520363064,144.6887664794922,27218000
2021-11-24,GOOGL,144.38257946964197,145.1527611600918,143.29033776996786,145.02423095703125,18040000
2021-11-26,GOOGL,143.2660178960678,143.47345022970194,140.7788138039504,141.11676025390625,30470000
2021-11-29,GOOGL,142.92010799071076,145.20037906946195,142.81440036078905,144.4391326904297,32596000
2021-11-30,GOOGL,143.9210829537651,144.90514856073972,140.53963428895196,140.8334197998047,42068000
2021-12-01,GOOGL,142.9201188972118,144.8559922423106,139.85527889177976,139.9937286376953,34020000
2021-12-02,GOOGL,140.1907554042833,142.7856510065103,139.16301355015398,141.89389038085938,29194000
2021-12-03,GOOGL,142.603540088609,143.31714251294005,139.24888176478848,140.93663024902344,41230000
2021-12-06,GOOGL,141.9678386286235,142.77374594125564,139.0990115301262,142.08148193359375,30618000
2021-12-07,GOOGL,144.50465719357044,146.4246594362263,144.13842108192705,146.1651153564453,32240000
2021-12-08,GOOGL,146.48966913877248,147.28020490132727,145.30810591665517,147.0752410888672,24270000
2021-12-09,GOOGL,146.48419715632372,147.9818836126796,146.0117688087392,146.53134155273438,23270000
2021-12-10,GOOGL,147.584910934077,147.8603263554127,145.60387655241385,146.8916473388672,24458000
2021-12-13,GOOGL,146.67326661525007,146.86036006274796,144.42625220003177,144.73294067382812,27070000
2021-12-14,GOOGL,142.88836698093175,143.39652088196925,140.15600616019245,142.82781982421875,38446000
2021-12-15,GOOGL,142.33354383149216,145.6207029675227,140.61552216017054,145.34280395507812,36370000
2021-12-16,GOOGL,146.06685680328061,146.56955875627122,142.53007278515918,143.36180114746094,33650000
2021-12-17,GOOGL,141.43138309383306,142.75587874027252,140.24038500191537,140.66220092773438,50416000
2021-12-20,GOOGL,138.95011570676814,140.71131399647618,138.27620679750612,140.54505920410156,27192000
2021-12-21,GOOGL,140.9882260878411,142.79011743592406,139.4488622569165,142.39659118652344,28756000
2021-12-22,GOOGL,141.9946163473408,145.40137057625105,141.9946163473408,145.31700134277344,26322000
2021-12-23,GOOGL,145.40139302599,147.1318182358359,145.3537488598615,145.8147735595703,26384000
2021-12-27,GOOGL,146.15171345394464,147.23155191988448,146.06586006399732,146.79733276367188,15976000
2021-12-28,GOOGL,147.12437040398524,147.18690148034136,144.9592413503814,145.5869903564453,18200000
2021-12-29,GOOGL,145.54480223641073,146.31151586245565,144.5552847534047,145.5552215576172,17788000
2021-12-30,GOOGL,145.59392492050907,146.19538324277852,144.89967709451196,145.1041259765625,15688000
2021-12-31,GOOGL,144.9547612243931,145.59839661195713,143.7657470703125,143.7657470703125,18136000
2022-01-03,GOOGL,143.96723628198907,144.7572723479934,142.6353045632969,143.9042205810547,28646000
2022-01-04,GOOGL,144.3056527999595,145.3864907314866,142.63875836947292,143.31663513183594,28400000
2022-01-05,GOOGL,143.33697877967595,143.41588090539815,136.65546802283728,136.74180603027344,54618000
2022-01-06,GOOGL,135.97113194890792,138.89057101080056,135.53442915294616,136.71450805664062,37348000
2022-01-07,GOOGL,137.109533589017,137.41027034450386,134.74837599268508,135.989501953125,29760000
2022-01-10,GOOGL,134.06506401682157,137.77850766195442,132.16591525668977,137.62962341308594,44408000
2022-01-11,GOOGL,136.97207234315368,139.16450641786577,135.6674310302053,138.68809509277344,28730000
2022-01-12,GOOGL,140.09148951411504,141.53856351346735,139.63941518856805,140.36988830566406,26108000
2022-01-13,GOOGL,140.47857244926956,141.77876136551572,137.37105536435357,137.5477294921875,31436000
2022-01-14,GOOGL,136.05104407819525,139.68658493826246,135.97115755847778,138.43453979492188,29662000
2022-01-18,GOOGL,135.15383930470878,136.10316381315457,134.42286624816973,134.97816467285156,34872000
2022-01-19,GOOGL,135.49970276827796,136.92493874451395,134.00301568869605,134.10325622558594,28648000
2022-01-20,GOOGL,135.22823884786024,136.59392702460264,131.96737020442174,132.30780029296875,29908000
2022-01-21,GOOGL,131.59918447816986,133.85413470989914,129.11098076605415,129.37399291992188,55652000
2022-01-24,GOOGL,125.03327622017262,130.21909952147814,123.56636302838503,129.82308959960938,76622000
2022-01-25,GOOGL,127.77458065092937,128.42863539946603,125.55187278454918,125.98310852050781,46960000
2022-01-26,GOOGL,130.13574398925348,132.0026351291837,126.18856248123481,128.26388549804688,49130000
2022-01-27,GOOGL,130.3193534803954,131.65773660980562,127.9656316406239,128.03759765625,31950000
2022-01-28,GOOGL,128.68666808776362,132.35644978053813,127.52147605383999,132.35098266601562,34362000
2022-01-31,GOOGL,133.15591425848223,134.45708760059057,131.21805677014638,134.28884887695312,39986000
2022-02-01,GOOGL,136.56265758061303,136.75967057677127,133.36085185882231,136.61178588867188,68644000
2022-02-02,GOOGL,150.11578031488366,150.41005044814193,144.43123734697568,146.89015197753906,123200000
2022-02-03,GOOGL,144.61286316505112,148.55259367465578,141.5956515737135,142.0169677734375,71518000
2022-02-04,GOOGL,142.36882848311689,143.78859755772908,139.4612921350316,142.2184600830078,57998000
2022-02-07,GOOGL,143.16825272340563,143.16825272340563,137.85836692860573,138.15711975097656,54974000
2022-02-08,GOOGL,137.98394874402314,138.950144012694,135.98654345271342,138.35365295410156,54284000
2022-02-09,GOOGL,139.90641595810757,141.45571462604343,139.13573444735914,140.5301971435547,40144000
2022-02-10,GOOGL,138.6558762627554,140.42351129626465,136.92246749211452,137.5804901123047,39330000
2022-02-11,GOOGL,137.56065622822797,138.1129712080033,132.39963847863444,133.27552795410156,39958000
2022-02-14,GOOGL,132.25719261759903,135.27787180639476,132.25719261759903,134.50967407226562,34302000
2022-02-15,GOOGL,136.5388523034239,137.07282740423187,134.80297510881232,135.58407592773438,26680000
2022-02-16,GOOGL,135.62177176243202,137.05047569540287,133.91218535408186,136.70509338378906,25022000
2022-02-17,GOOGL,135.22127679608437,136.0852473718121,131.48501181794649,131.54505920410156,38950000
2022-02-18,GOOGL,132.46612837230094,133.06461847926178,129.2201611900481,129.42510986328125,45620000
2022-02-22,GOOGL,128.8643182954154,131.18925024339552,127.26192379084993,128.8400115966797,44990000
2022-02-23,GOOGL,130.6612537057356,131.06073168464098,126.5711553027141,126.6312026977539,32786000
2022-02-24,GOOGL,124.01646653856334,132.0026265987599,124.01646653856334,131.69593811035156,54456000
2022-02-25,GOOGL,132.55047613745694,134.25707905584127,130.76347180550337,133.451171875,36406000
2022-02-28,GOOGL,132.05226662425127,134.73350055558737,131.59819315726125,134.04421997070312,38864000
2022-03-01,GOOGL,133.86704226332247,135.23371506860198,132.21950209052739,133.05616760253906,26496000
2022-03-02,GOOGL,133.6184269882909,134.24815989047295,132.07359595195584,133.56234741210938,23520000
2022-03-03,GOOGL,134.99004795968622,135.41633147676816,132.02793179963612,132.8953857421875,24604000
2022-03-04,GOOGL,131.93068267344398,132.84774960311327,129.3600935631288,130.91732788085938,30430000
2022-03-07,GOOGL,130.50196658252938,130.7471083714347,125.34790098196343,125.43077850341797,45112000
2022-03-08,GOOGL,125.30324479087164,130.26574953506457,124.73206001019544,126.15133666992188,40428000
2022-03-09,GOOGL,130.26575405375206,132.73261936692816,128.92637143258065,132.4194793701172,37026000
2022-03-10,GOOGL,130.2816588873068,132.27261286969292,129.9308093767151,131.43643188476562,27102000
2022-03-11,GOOGL,132.48747149297876,132.79217610039157,128.65940026907458,128.8966064453125,31526000
2022-03-14,GOOGL,129.27325019146025,129.43105445194786,124.33555942411138,125.00648498535156,38812000
2022-03-15,GOOGL,126.02380390981074,128.88072746557518,124.77771812675637,128.22914123535156,30920000
2022-03-16,GOOGL,129.75260945254524,132.33310245925338,127.7690919896178,132.281005859375,35576000
2022-03-17,GOOGL,132.15049913160888,133.0750169543275,131.19372381937578,132.8353271484375,28264000
2022-03-18,GOOGL,132.42392655212842,135.22228639905342,131.26667022049563,135.10467529296875,44566000
2022-03-21,GOOGL,135.1424031283874,136.02226032262783,133.0869344773446,135.08087158203125,26832000
2022-03-22,GOOGL,135.08087260988333,139.99226524903366,135.08087260988333,138.81912231445312,35496000
2022-03-23,GOOGL,137.66237103767637,138.5417285094916,136.80138367889504,137.2385711669922,25154000
2022-03-24,GOOGL,138.1561240851599,140.5569900941861,136.7175005538764,140.51034545898438,26396000
2022-03-25,GOOGL,140.8517544009212,140.9698652761117,138.68959391227574,140.61058044433594,24126000
2022-03-28,GOOGL,139.84388368780657,140.9376247499745,138.76304562317353,140.3947296142578,35050000
2022-03-29,GOOGL,141.57779246166834,142.71519472589625,140.97335063207385,141.4368438720703,34318000
2022-03-30,GOOGL,141.39167328610918,141.65021781088518,140.53812197630958,140.87408447265625,19884000
2022-03-31,GOOGL,140.9877281817403,141.04232360786241,137.98195087256153,138.02462768554688,37524000
2022-04-01,GOOGL,138.453883236437,139.4175947580096,137.2703210012843,139.09950256347656,25942000
2022-04-04,GOOGL,139.305971501773,142.63432431956434,139.25832732948422,141.8993682861328,25942000
2022-04-05,GOOGL,141.79762982217596,141.91820924459833,139.32978006321648,139.53671264648438,21418000
2022-04-06,GOOGL,137.7095002017028,138.31542612185672,134.50074308822178,135.52401733398438,32468000
2022-04-07,GOOGL,134.99004046750798,136.13589316323527,133.2209064212302,134.8694610595703,26234000
2022-04-08,GOOGL,134.56675141890017,134.65260481245758,131.96838763466556,132.28797912597656,25142000
2022-04-11,GOOGL,130.83495535168646,131.10193533045702,127.70361595123991,127.85745239257812,36884000
2022-04-12,GOOGL,130.61313547778892,130.61313547778892,125.83820864259683,126.75676727294922,32710000
2022-04-13,GOOGL,127.04011273465291,129.35660942683415,126.78305234113374,128.91990661621094,27928000
2022-04-14,GOOGL,129.50102631616858,129.50102631616858,125.65160219249142,125.7796401977539,31598000
2022-04-18,GOOGL,126.04762980933042,127.25103124090627,125.23576318572876,126.71905517578125,20808000
2022-04-19,GOOGL,126.73396181178428,129.35564846012684,126.04714966486878,129.03408813476562,26490000
2022-04-20,GOOGL,129.91042868655606,130.41363040865102,126.54386726306718,127.0798110961914,31696000
2022-04-21,GOOGL,128.2807486036101,129.12288118231135,123.59266724701,123.87850952148438,36446000
2022-04-22,GOOGL,124.06261542731319,124.46160122256957,118.03317534641822,118.73834228515625,56884000
2022-04-25,GOOGL,118.20785607828329,122.35303480833002,117.62228414008575,122.15106201171875,46128000
2022-04-26,GOOGL,121.37739334122826,121.59127714602279,117.6222658357599,117.76022338867188,73054000
2022-04-27,GOOGL,113.61108393889343,116.36279188370548,111.89108568755887,113.4374008178711,91820000
2022-04-28,GOOGL,115.54198850620043,118.75222962961512,113.25923349971069,117.63368225097656,48884000
2022-04-29,GOOGL,115.85909136700216,117.0357022536662,112.96099060726237,113.25377655029297,42676000
2022-05-02,GOOGL,112.55457077295934,115.87002012682098,111.75560719290151,115.708740234375,35534000
2022-05-03,GOOGL,115.55738116745341,117.55380196982412,115.16435465778821,116.45410919189453,24968000
2022-05-04,GOOGL,116.15387837554545,121.93320955294836,114.25273835602403,121.34416198730469,49916000
2022-05-05,GOOGL,119.30257916034165,120.13131649355361,114.14306171660925,115.6318130493164,45840000
2022-05-06,GOOGL,114.32073509250367,116.68983605123141,113.1605026751049,114.8785171508789,39710000
2022-05-09,GOOGL,112.40072341287154,114.2140259534267,111.1605970905631,111.66726684570312,40802000
2022-05-10,GOOGL,114.64129249603656,115.37822468562551,112.05384051914055,113.5371322631836,39900000
2022-05-11,GOOGL,112.38733478952014,115.49187605345283,112.38733478952014,112.7505874633789,37534000
2022-05-12,GOOGL,110.54228538807705,113.43790288948209,109.000929902231,111.99778747558594,53836000
2022-05-13,GOOGL,113.67411472444665,116.9910559293026,112.75307997098307,115.18023681640625,35038000
2022-05-16,GOOGL,114.0934388924006,115.2988317009477,113.03543859089471,113.5867691040039,25990000
2022-05-17,GOOGL,115.96430800340062,116.02336344596293,114.00858771379083,115.59956359863281,23054000
2022-05-18,GOOGL,114.13760728159772,114.53460916918733,110.71893406247878,111.06035614013672,35126000
2022-05-19,GOOGL,110.59586629730997,112.16252780264969,109.1750980007813,109.55622100830078,34144000
2022-05-20,GOOGL,111.11147307486713,111.34223530640575,105.00313054945167,108.09129333496094,48962000
2022-05-23,GOOGL,108.76570147382164,111.3065015318097,107.92554522357145,110.65194702148438,37184000
2022-05-24,GOOGL,104.97881024305309,105.66016266842033,101.12045838122785,105.17532348632812,76780000
2022-05-25,GOOGL,104.19820785575082,105.70135403815657,103.07767643363695,105.01156616210938,40258000
2022-05-26,GOOGL,104.88452423587293,107.83472935545615,104.43591035610642,106.98416137695312,37948000
2022-05-27,GOOGL,108.66198784959495,111.47572725445181,108.32006598746688,111.47423553466797,37914000
2022-05-31,GOOGL,111.90099462545551,114.86708588395105,111.23800478802814,112.90888214111328,50012000
2022-06-01,GOOGL,113.99370924094364,116.22336092906039,112.40074175451693,113.03792572021484,36606000
2022-06-02,GOOGL,113.1451007120963,117.01535590801267,112.0995036968005,116.74043273925781,37992000
2022-06-03,GOOGL,115.19213472594434,115.4491951222644,112.66721372995826,113.68204498291016,26136000
2022-06-06,GOOGL,115.82931537143588,118.45200072153771,115.2928718045409,115.94445037841797,33542000
2022-06-07,GOOGL,114.61449812422804,116.80842394302496,114.18921415892557,116.27098083496094,31590000
2022-06-08,GOOGL,115.88591085062366,117.68135097510425,115.72562289754279,116.31517028808594,26108000
2022-06-09,GOOGL,115.45515824119836,117.41187812168785,113.9152945311241,113.97434997558594,25798000
2022-06-10,GOOGL,111.60177178540827,112.42951723475551,109.53835989670536,110.32789611816406,41452000
2022-06-13,GOOGL,105.98570813873417,107.97566993786647,105.32321795495841,105.59466552734375,47252000
2022-06-14,GOOGL,105.73610237348502,107.11517845506856,105.00661350025801,105.91524505615234,33706000
2022-06-15,GOOGL,107.73101553417992,110.58793144263325,106.8620849971601,108.94137573242188,39698000
2022-06-16,GOOGL,106.41694479005933,107.83373777282833,104.34956513406651,105.23834991455078,51684000
2022-06-17,GOOGL,105.23835019470714,107.88435809204175,104.25825247727627,106.34002685546875,51376000
2022-06-21,GOOGL,108.11263143059072,111.64594004037723,107.78560405644993,110.70752716064453,47416000
2022-06-22,GOOGL,109.72743298190343,112.49650392931514,109.55473424500163,110.65145111083984,30774000
2022-06-23,GOOGL,111.38986449241077,111.89703403190568,109.67185020461025,111.40028381347656,28362000
2022-06-24,GOOGL,112.14764357004229,117.19351785635138,112.10545894941258,117.09029388427734,41164000
2022-06-27,GOOGL,117.38606391266642,117.69026114363895,114.31575650129828,114.96485900878906,36420000
2022-06-28,GOOGL,114.93408050890979,116.42978308401227,111.00923749311733,111.16754150390625,35792000
2022-06-29,GOOGL,110.7154765500455,112.3119120901415,110.04106774033188,110.86385345458984,24716000
2022-06-30,GOOGL,109.17510771252034,110.05644906667376,105.94947953010497,108.14588165283203,43170000
2022-07-01,GOOGL,107.12359442814898,108.43071939882303,105.93011274488833,107.92206573486328,35476000
2022-07-05,GOOGL,106.29735689624175,112.52678642393329,104.93861973628887,112.41364288330078,39342000
2022-07-06,GOOGL,112.45233394606342,114.72267814015275,110.64002338455644,113.71280670166016,37432000
2022-07-07,GOOGL,114.21700114130591,118.2956805304421,113.97235155645592,117.89222717285156,40936000
2022-07-08,GOOGL,116.37071692535532,118.78745391132585,116.02482731267783,118.45844268798828,38238000
2022-07-11,GOOGL,117.11313769208462,117.11313769208462,114.4656378613584,114.80904388427734,31196000
2022-07-12,GOOGL,115.34349827319495,116.09680918580032,112.83743934520429,113.16545867919922,29960000
2022-07-13,GOOGL,110.86333799664993,113.33963043551984,110.36758731712142,110.51844787597656,43722000
2022-07-14,GOOGL,109.3840355997886,110.25991744168836,107.56031347226879,109.53985595703125,37004000
2022-07-15,GOOGL,111.16061252157375,112.29206306351027,110.06836316457388,110.93927764892578,46770000
2022-07-18,GOOGL,111.7953006779903,112.82750252180041,107.5573251702464,108.21237182617188,43164600
2022-07-19,GOOGL,110.0187184533275,113.1649443518166,108.73839143949293,112.9565200805664,36530900
2022-07-20,GOOGL,112.32133884210387,114.53461945291772,111.63651828600943,113.04586791992188,35600400
2022-07-21,GOOGL,113.4230039425963,113.69098343145679,110.2767778430608,113.48255157470703,32676200
2022-07-22,GOOGL,110.16760216901068,111.4975497677554,105.70134802702376,107.09085083007812,48901200
2022-07-25,GOOGL,107.59703351304728,109.04608401682407,105.50285586600882,106.70378112792969,34690900
2022-07-26,GOOGL,105.80059805632132,106.39609710232087,103.28957190469941,104.2324447631836,47991000
2022-07-27,GOOGL,108.44065165526703,113.05578240581903,107.20002551652622,112.21215057373047,59858500
2022-07-28,GOOGL,111.52733903733414,113.48255962814197,110.62415950126018,113.36346435546875,32816600
2022-07-29,GOOGL,112.23200722978598,115.83478288766385,112.21215297072065,115.44770812988281,37223400
2022-08-01,GOOGL,114.4353600580981,115.84470955891426,113.48255250344202,113.9986572265625,26034300
2022-08-02,GOOGL,113.14510872831781,115.4774844552109,112.86720967281481,114.26663208007812,20236000
2022-08-03,GOOGL,114.84228896413123,117.73047048772344,114.61401797621708,117.19451904296875,28499000
2022-08-04,GOOGL,116.59902087697859,117.88926763439125,116.01344134911656,117.30369567871094,21602900
2022-08-05,GOOGL,115.35838937548199,117.22428844560957,115.13011082398499,116.5890884399414,19159500
2022-08-08,GOOGL,117.50219448024508,119.24899838566922,116.00351582840237,116.42037200927734,19138300
2022-08-09,GOOGL,116.26155630883628,116.44020677601095,114.84227970077666,115.75537872314453,19086500
2022-08-10,GOOGL,117.88925390839957,120.01320519651877,117.52203342714638,118.80235290527344,30930400
2022-08-11,GOOGL,120.3705036664103,120.57892793934799,117.6709001027172,117.94879913330078,24293700
2022-08-12,GOOGL,119.35816000390892,120.76750946044922,118.56415625736685,120.76750946044922,19096300
2022-08-15,GOOGL,120.22164736866324,121.38287933181624,119.70555016340342,121.1645278930664,19494800
2022-08-16,GOOGL,120.60871067326374,121.511890161635,119.73531257366949,120.78736114501953,19041200
2022-08-17,GOOGL,119.21922104715102,120.38044538230633,118.48476486626201,118.65349578857422,22847000
2022-08-18,GOOGL,118.53438839458119,119.91396410503756,117.82971363092356,119.26883697509766,17987700
2022-08-19,GOOGL,118.16715698490374,118.25648600514175,115.8844094146696,116.3310317993164,21809500
2022-08-22,GOOGL,114.3361161243205,114.76289187196363,112.99624124243041,113.38331604003906,21456600
2022-08-23,GOOGL,112.62900929255083,114.14753450962371,112.57938121699137,113.00615692138672,15870400
2022-08-24,GOOGL,112.64884764537656,113.91924753502663,112.02357482936523,112.8374252319336,17734600
2022-08-25,GOOGL,113.3832996266231,115.84470516717248,113.25427723682488,115.77523040771484,16956800
2022-08-26,GOOGL,113.85970932808003,114.25671121949163,109.36368127038317,109.5125503540039,37245700
2022-08-29,GOOGL,109.16518204997358,110.11798209415639,107.98411101792682,108.59945678710938,21191200
2022-08-30,GOOGL,109.34381870099924,109.67134580443539,106.99159649238482,108.123046875,27513300
2022-08-31,GOOGL,109.82023252604237,110.01872968878591,107.31912587125797,107.40845489501953,28627000
2022-09-01,GOOGL,107.46798767403463,109.62171263803492,106.55488873614239,108.91703796386719,28360900
2022-09-02,GOOGL,109.76067199157715,109.90954864249888,106.4556497164562,107.04122161865234,24160700
2022-09-06,GOOGL,106.49535649820784,107.21987796172488,104.98675079205103,106.00902557373047,25068300
2022-09-07,GOOGL,106.25715000377444,109.15525855226639,106.09835378823291,108.62922668457031,23167000
2022-09-08,GOOGL,107.22980641541218,108.77810551573627,106.35640828203118,107.56725311279297,24238300
2022-09-09,GOOGL,108.25207530196377,110.15767525562512,108.20244722697193,109.82022857666016,23197700
2022-09-12,GOOGL,110.15767840347152,110.78295884863972,109.10562981877511,110.02865600585938,22966800
2022-09-13,GOOGL,106.99161129456695,107.48786179672693,103.30942590501988,103.53770446777344,38172900
2022-09-14,GOOGL,103.78581739454697,104.49049211527398,102.88264552539968,104.21259307861328,26395100
2022-09-15,GOOGL,103.24987906308242,104.48057819770708,101.58247706009536,102.1382827758789,34188300
2022-09-16,GOOGL,101.30456192573307,102.35661040850711,100.18303868602453,102.02909088134766,42797200
2022-09-19,GOOGL,100.98697240353168,102.55512573336215,100.78847524094766,102.29707336425781,23036800
2022-09-20,GOOGL,101.31449934165514,101.60232552737466,99.76619270219214,100.38154602050781,26517100
2022-09-21,GOOGL,100.90756858013354,102.10849380682069,98.52556481376558,98.53549194335938,31487300
2022-09-22,GOOGL,98.07894474855821,100.48079525894666,98.0491709312513,99.38904571533203,34298600
2022-09-23,GOOGL,98.88287517920556,98.9126565708246,96.73907688573331,97.99954986572266,31625400
2022-09-26,GOOGL,97.36434023985667,99.13099069316641,97.06659450257123,97.4338150024414,27072700
2022-09-27,GOOGL,98.68437178006324,99.2500970302484,96.14357171918695,96.76884460449219,30072800
2022-09-28,GOOGL,96.91772447156976,99.94484798785372,96.38177302120951,99.29972839355469,32466300
2022-09-29,GOOGL,97.90029020087542,97.90029020087542,95.24038743081641,96.68943786621094,31047200
2022-09-30,GOOGL,96.32221919924832,98.15834442273268,94.84338734754718,94.9327163696289,32941500
2022-10-03,GOOGL,96.03439989846684,98.54542624354227,95.79619420397032,97.90029907226562,27982000
2022-10-04,GOOGL,99.68679428970093,101.07628951245434,99.62723908573932,100.87779235839844,28850800
2022-10-05,GOOGL,99.0813725388771,101.16562303801653,98.05909776281518,100.66937255859375,22176900
2022-10-06,GOOGL,99.92499054385183,102.15811756055992,99.83566152564943,100.65943908691406,22324000
2022-10-07,GOOGL,99.10121911523618,99.77612006938209,97.56284717405835,97.93999481201172,27502800
2022-10-10,GOOGL,98.25758717787716,98.35683575149946,96.28251254572439,97.12613677978516,18225100
2022-10-11,GOOGL,96.69935812266723,98.50570936685996,95.58775444463303,96.45123291015625,26507100
2022-10-12,GOOGL,96.5703472290624,98.00947060399531,96.01454153781964,96.8283920288086,21876400
2022-10-13,GOOGL,94.43645668554218,99.03173286068407,93.67222679633758,98.31713104248047,34574500
2022-10-14,GOOGL,99.24016247039046,99.93491764089593,95.64731407308213,95.83588409423828,25410700
2022-10-17,GOOGL,98.11864498975567,100.17312166314639,98.08887117266298,99.22032165527344,28419200
2022-10-18,GOOGL,102.35661548288249,102.69406972770851,99.2203165644094,100.01431274414062,24060700
2022-10-19,GOOGL,99.2600211090797,100.26244160630186,98.17819114716923,98.88286590576172,23811100
2022-10-20,GOOGL,99.25009547236613,101.55269738443776,98.64466928421018,99.22032165527344,25323200
2022-10-21,GOOGL,97.11621083244879,100.55026301239435,96.98718844238796,100.37161254882812,32458700
2022-10-24,GOOGL,101.03661104103227,101.97948402013142,99.23025941285736,101.75120544433594,27176400
2022-10-25,GOOGL,102.12834936574457,104.03394937421807,101.94969889168885,103.69650268554688,40611400
2022-10-26,GOOGL,95.70686820538242,97.57276729062485,93.97991864924414,94.2181167602539,88114100
2022-10-27,GOOGL,93.81119011334766,94.71436964764622,91.11159378491239,91.5284423828125,60710900
2022-10-28,GOOGL,91.57805883215646,95.82596923593994,91.43910930567836,95.56791687011719,43697300
2022-10-31,GOOGL,94.70443378065085,95.30985993363518,93.27523763795979,93.80126190185547,31675000
2022-11-01,GOOGL,94.73419948647523,95.30985177481894,89.69230111584282,89.79154968261719,47161400
2022-11-02,GOOGL,90.25804009758635,90.49623820875753,86.22848103429116,86.31781005859375,57038300
2022-11-03,GOOGL,85.67268674461754,85.87118391743043,82.71503040774212,82.80435943603516,61288000
2022-11-04,GOOGL,84.75958132144375,85.99028036002329,83.08225231902676,85.93073272705078,51124900
2022-11-07,GOOGL,86.62548312568902,88.23333741705386,86.19870740729978,87.82640838623047,34078900
2022-11-08,GOOGL,88.23332977294922,89.64267920564933,86.9331484706756,88.23332977294922,30429000
2022-11-09,GOOGL,87.78669965811274,88.769280979615,86.62547544780726,86.66517639160156,31769100
2022-11-10,GOOGL,91.55822824168857,93.6821800308973,90.92302813120646,93.23555755615234,51620100
2022-11-11,GOOGL,93.97991651822383,96.20311650565995,93.21568655329872,95.68701934814453,33090500
2022-11-14,GOOGL,94.37691176596793,96.06416792544084,93.80126696942858,94.98233795166016,30179500
2022-11-15,GOOGL,97.52315462408457,99.3890538592967,95.98477497826687,97.7018051147461,41640800
2022-11-16,GOOGL,97.16584598422887,98.89279554305216,96.90779361312791,98.10871887207031,29105200
2022-11-17,GOOGL,96.24283012214516,98.53550517438434,96.06417962637443,97.62240600585938,26052600
2022-11-18,GOOGL,98.02931128973258,98.15834125388724,95.64731516977584,96.6993637084961,28342300
2022-11-21,GOOGL,96.56040838457461,97.66208493133233,94.6448814455633,94.8830795288086,21647400
2022-11-22,GOOGL,95.23046275016921,96.49094319214763,93.34471701030947,96.32221984863281,23438500
2022-11-23,GOOGL,96.36191252817821,98.01939485108537,96.36191252817821,97.72164154052734,18868100
2022-11-25,GOOGL,97.5032907612572,97.90029265387534,96.66959360172228,96.72914123535156,9701400
2022-11-28,GOOGL,96.31229336649913,96.84824478966246,94.8930167011355,95.32971954345703,26237500
2022-11-29,GOOGL,95.01212485400968,95.39919964146274,93.40427049461734,94.4761734008789,20061700
2022-11-30,GOOGL,94.10893714279987,100.28229409060886,93.71193525947234,100.232666015625,43647500
2022-12-01,GOOGL,100.26243983174288,101.48321929784336,99.49821745338677,100.232666015625,28687100
2022-12-02,GOOGL,98.30722237745412,100.01431765518183,98.15834572013763,99.68679809570312,21480700
2022-12-05,GOOGL,98.65457639389605,100.61972364503804,98.2575745781343,98.73397827148438,24405100
2022-12-06,GOOGL,98.55534850991971,99.03174473103793,95.69694089448478,96.25274658203125,24910700
2022-12-07,GOOGL,95.68701246285406,96.15348151088587,94.00968357030628,94.22803497314453,31045400
2022-12-08,GOOGL,94.66473018862035,94.8632349057904,92.74920320796852,93.00725555419922,32213300
2022-12-09,GOOGL,93.06681881056203,93.5531497701553,92.05447108563907,92.13387298583984,28225400
2022-12-12,GOOGL,92.0147609619929,92.85838524401936,90.92301144571273,92.61026000976562,29420000
2022-12-13,GOOGL,97.0268965895578,98.78361996821883,94.3173656196912,94.9128646850586,40593700
2022-12-14,GOOGL,94.48609332844649,96.14357577360637,92.89809322343211,94.35707092285156,28733600
2022-12-15,GOOGL,92.43161623135528,92.93779386609687,89.33501792983441,90.17864227294922,40107000
2022-12-16,GOOGL,90.0793803135825,90.64510550177309,88.84867379330282,89.5831298828125,58011800
2022-12-19,GOOGL,89.5831382377842,89.88088398070708,87.54850825299513,87.77678680419922,29493000
2022-12-20,GOOGL,87.44926031364805,88.51123603944568,86.78428648684181,88.35243225097656,23453800
2022-12-21,GOOGL,88.41197559905176,89.54342593749791,87.65767284936085,88.9082260131836,24745600
2022-12-22,GOOGL,87.49889248151766,87.87604013849288,85.67268668964738,87.10189056396484,27658300
2022-12-23,GOOGL,86.45674757331894,88.87845201226797,86.41704663161055,88.56085205078125,23003000
2022-12-27,GOOGL,88.13408725969353,88.27303678671537,86.35750965313572,86.73465728759766,20097300
2022-12-28,GOOGL,86.3277389438716,87.37978756410344,85.29553701156534,85.37493133544922,19523200
2022-12-29,GOOGL,85.97043405375527,88.18370690708726,85.96050692415548,87.78670501708984,23333500
2022-12-30,GOOGL,86.32773322681854,87.63783413641092,85.9208042155681,87.568359375,23986300
2023-01-03,GOOGL,88.91815977701387,90.36721788133093,87.8561840239744,88.45169067382812,28131200
2023-01-04,GOOGL,89.67245303705022,89.97020633006692,86.6155485078444,87.41947937011719,34854800
2023-01-05,GOOGL,86.81406946153061,86.91331805370213,85.25584309067294,85.5535888671875,27194400
2023-01-06,GOOGL,86.13914952357796,87.03240180139032,84.22362258367278,86.68502044677734,41381500
2023-01-09,GOOGL,87.69737089501099,89.37469966248176,87.20112049726745,87.35991668701172,29003900
2023-01-10,GOOGL,85.3352304507804,88.00505271446971,85.18635380180301,87.75692749023438,30467800
2023-01-11,GOOGL,88.51123072369855,90.91308108868463,88.34250738771924,90.83367919921875,26862000
2023-01-12,GOOGL,90.79398323111313,91.18105796596775,89.07695338835796,90.44660186767578,30258100
2023-01-13,GOOGL,90.16871112383096,91.49866635399357,89.4541092177354,91.42919158935547,26329200
2023-01-17,GOOGL,91.36963776683697,91.5582153760755,89.37471624963791,90.60541534423828,32602400
2023-01-18,GOOGL,91.4490389437429,92.10409321983435,89.96028748591486,90.43669128417969,29116700
2023-01-19,GOOGL,90.03968954197848,92.90801675008117,89.95036051681471,92.35221862792969,37000400
2023-01-20,GOOGL,94.38684158568209,97.56284926169742,94.30743969004087,97.28494262695312,63191100
2023-01-23,GOOGL,97.21546604814961,99.28979699304459,96.76884364481533,99.04167175292969,40005100
2023-01-24,GOOGL,97.36434811206689,98.86302676577444,96.47109568362592,96.96734619140625,33078500
2023-01-25,GOOGL,94.85330946494906,95.4388889257961,93.05688528262908,94.50593566894531,42330000
2023-01-26,GOOGL,95.77634102925325,96.83831673570589,94.66473724676266,96.78868865966797,30114000
2023-01-27,GOOGL,96.58027483939489,99.56770512279675,96.58027483939489,98.62483215332031,33879800
2023-01-30,GOOGL,96.74899462729292,97.55291796280574,95.67709179848833,96.21304321289062,27226200
2023-01-31,GOOGL,96.14357246377932,98.1384939775665,96.09394438600727,98.09879302978516,29870700
2023-02-01,GOOGL,97.96976938145957,100.43117510729803,96.84824601659454,99.67687225341797,35531100
2023-02-02,GOOGL,105.00659089150652,107.04121305064062,104.81801331062144,106.93203735351562,69883800
2023-02-03,GOOGL,102.15812220922525,107.001524077653,101.81074839414418,103.99424743652344,65309300
2023-02-06,GOOGL,101.6320988290303,103.57739978303069,101.11599409443309,102.12834930419922,31999600
2023-02-07,GOOGL,102.44594211421887,107.36874557367616,102.3466935405881,106.83279418945312,49010200
2023-02-08,GOOGL,101.28473527260346,102.3665577834305,97.30480393830761,98.62483215332031,94743500
2023-02-09,GOOGL,99.25009341009356,99.27986722656759,92.92785973388537,94.29751586914062,119455000
2023-02-10,GOOGL,94.73420738768355,96.02446157990344,93.54320934269664,93.86080932617188,54980700
2023-02-13,GOOGL,94.02952744911616,94.48607692679491,93.13627517879665,93.90050506591797,50076100
2023-02-14,GOOGL,93.7218607357337,94.13870929839328,91.56813558981159,93.96998596191406,54726100
2023-02-15,GOOGL,93.78141137501834,96.39169368435806,93.44396469123609,96.21304321289062,50169000
2023-02-16,GOOGL,94.65481268808418,96.94748732289182,94.02953228064146,94.79376220703125,42462600
2023-02-17,GOOGL,94.13870649225572,94.84338120494091,92.51100566280641,93.6424560546875,34284100
2023-02-21,GOOGL,92.30258690415565,92.40183548316473,91.03218691960443,91.1016616821289,33629300
2023-02-22,GOOGL,91.01233565397179,91.41926468512888,89.93051323448256,90.96271514892578,30884000
2023-02-23,GOOGL,91.23068695357419,91.25054121331061,89.08688880510833,90.20841217041016,41206400
2023-02-24,GOOGL,88.76928933704684,89.21591174546491,87.91573789556128,88.46160888671875,36585100
2023-02-27,GOOGL,89.1960678100586,89.48389400941119,88.67003591816348,89.1960678100586,27502300
2023-02-28,GOOGL,88.66011444958845,90.54586782791486,88.65018731956766,89.38463592529297,30142000
2023-03-01,GOOGL,89.30524826014633,90.34736982458105,88.99756778401425,89.6823959350586,31111200
2023-03-02,GOOGL,88.98764047944798,91.58798817098749,88.91815814235167,91.31008911132812,32204400
2023-03-03,GOOGL,91.78649146163595,93.02711765283779,91.75671007241478,92.94771575927734,35160100
2023-03-06,GOOGL,93.31493408001563,95.25031543626798,93.29508739318105,94.41661071777344,32639300
2023-03-07,GOOGL,94.26773929878661,94.95255977422711,92.8286084430734,93.15613555908203,27835500
2023-03-08,GOOGL,93.41419049538177,95.24038857658361,93.29508765749337,93.543212890625,34103300
2023-03-09,GOOGL,93.34472325975115,94.81362051791201,91.2108445683197,91.62769317626953,28813500
2023-03-10,GOOGL,91.4788000941082,92.09415333745333,89.72207694888773,89.95034790039062,35941000
2023-03-13,GOOGL,89.41440265175312,91.87580822116699,88.74942886454899,90.4267578125,37335600
2023-03-14,GOOGL,91.86587475509965,93.65237928484429,91.74677950123697,93.26530456542969,36050200
2023-03-15,GOOGL,92.52093982631897,96.20311744437676,91.94528745764846,95.38926696777344,50622100
2023-03-16,GOOGL,95.47859626843504,100.43118187106681,94.78384857477023,99.56770324707031,65492000
2023-03-17,GOOGL,99.50814641831961,102.06879309004395,99.34934263318691,100.85794830322266,61028500
2023-03-20,GOOGL,99.36919562318633,100.9869694096106,99.12107039122168,100.46094512939453,32960400
2023-03-21,GOOGL,100.4907247990376,104.31185207942887,100.46095098101657,104.1332015991211,42110300
2023-03-22,GOOGL,103.4880705402918,105.79067243730059,102.55512479803791,102.5948257446289,43427400
2023-03-23,GOOGL,104.27213883225404,105.50284536129094,103.67663982552884,104.80809020996094,40797800
2023-03-24,GOOGL,104.20267726028,104.69892775737729,103.06129960251988,104.64930725097656,30393300
2023-03-27,GOOGL,103.83545616080272,103.97440569344221,101.16562607817814,101.691650390625,31120900
2023-03-28,GOOGL,101.67179935357876,101.6817189110704,98.9920422554838,100.27236938476562,32057900
2023-03-29,GOOGL,101.5129867194246,101.72141099130168,99.89521304408497,100.6296615600586,28779600
2023-03-30,GOOGL,100.15326948059464,100.4013947056614,99.03173861709708,100.13341522216797,33086200
2023-03-31,GOOGL,100.54034796899097,103.11092176173695,100.28229560510373,102.9521255493164,36863400
2023-04-03,GOOGL,101.62217960116656,103.74613119426743,101.16563003717293,103.57740783691406,25035400
2023-04-04,GOOGL,103.54761764904539,104.78824373731965,103.25979148790408,103.9346923828125,24420100
2023-04-05,GOOGL,104.98675068203352,105.30435068738927,102.88265348611964,103.68657684326172,28290500
2023-04-06,GOOGL,104.4706498559581,108.35132454892715,103.54762368954962,107.60694885253906,48711500
2023-04-10,GOOGL,106.17775899818363,106.78317763428655,104.33170655524751,105.64180755615234,27067400
2023-04-11,GOOGL,105.75098036627539,105.92963084204611,103.89500084422305,104.55997467041016,26311800
2023-04-12,GOOGL,105.78074743753035,105.94947077272556,103.5575399759029,103.85529327392578,24370300
2023-04-13,GOOGL,105.04629398559699,106.68392202189075,105.04629398559699,106.62437438964844,24843600
2023-04-14,GOOGL,106.08841104220208,108.12304073286062,106.03878297279861,108.0535659790039,26578000
2023-04-17,GOOGL,103.8751497069163,105.36390108383588,103.73619261199721,105.17532348632812,37571200
2023-04-18,GOOGL,105.69142923743296,105.74105731624348,103.28957863776436,103.71635437011719,26596400
2023-04-19,GOOGL,102.8032512436726,104.19275410196762,102.29707363391327,103.39875030517578,20905700
2023-04-20,GOOGL,103.13077864388401,105.45322726139375,103.09107769672384,104.50042724609375,27820800
2023-04-21,GOOGL,104.67906972482673,105.20509398319376,103.99424168995147,104.61952209472656,25800100
2023-04-24,GOOGL,104.69891971395418,105.83037015463859,103.9148430801148,105.17532348632812,23542800
2023-04-25,GOOGL,105.03637557743666,105.88992698575956,103.06129326840653,103.07122039794922,46664100
2023-04-26,GOOGL,104.13319140174777,105.552467975158,101.86036345847234,102.93226623535156,53347600
2023-04-27,GOOGL,103.6667276651916,107.55733738673939,102.76355568188747,106.7831802368164,50089200
2023-04-28,GOOGL,106.23729608563893,106.54496893818438,104.30191480844489,106.53504180908203,36139800
2023-05-01,GOOGL,106.03879433997653,107.18017190898796,106.01894765339576,106.3960952758789,26681700
2023-05-02,GOOGL,106.3365485246071,106.39609615702363,102.93227004814128,104.53019714355469,30997200
2023-05-03,GOOGL,104.7386173549269,106.68391818406765,104.17289215243281,104.61952209472656,21795400
2023-05-04,GOOGL,104.69893404386158,104.8081097655528,103.19033577386429,103.90493774414062,23419500
2023-05-05,GOOGL,104.03394463322047,105.08599317017097,103.32926989883089,104.7783203125,26639300
2023-05-08,GOOGL,104.39125616696242,107.15040775349405,104.37140947859231,106.96183013916016,26511400
2023-05-09,GOOGL,107.5771848789166,109.3239887931404,106.38618668459873,106.54498291015625,36360100
2023-05-10,GOOGL,107.160334717474,112.09306592369241,107.12063376861364,110.9119873046875,63153400
2023-05-11,GOOGL,114.53461459902141,117.0357137366996,113.55204074909585,115.69583892822266,78900000
2023-05-12,GOOGL,115.80501418168475,117.14488898483823,115.23928892825631,116.62879180908203,41102300
2023-05-15,GOOGL,115.2392819935686,117.59151189110723,115.14003341637807,115.63628387451172,36266800
2023-05-16,GOOGL,115.6164352654177,119.84449149553303,115.55688763062979,118.6137924194336,45035600
2023-05-17,GOOGL,118.71303548354885,120.75758495283628,117.99843361058363,119.93380737304688,33323600
2023-05-18,GOOGL,120.04298319548356,122.38528597148938,119.92388793132871,121.90888977050781,35234200
2023-05-19,GOOGL,122.62349314866378,125.02534358621601,121.233990329754,121.83941650390625,41353400
2023-05-22,GOOGL,122.01806609562544,125.48189220233128,121.81956136739319,124.11224365234375,35253000
2023-05-23,GOOGL,123.22891477759688,123.69538383768969,121.29353348872816,121.64090728759766,34046300
2023-05-24,GOOGL,120.21171384013235,120.99579047353133,118.96116056401159,119.99336242675781,34182600
2023-05-25,GOOGL,123.58621809330694,124.38022190229562,121.0454180200336,122.55402374267578,42317000
2023-05-26,GOOGL,122.24634093896407,124.32067187463625,121.53173903906134,123.67554473876953,35635900
2023-05-30,GOOGL,124.69781220896813,124.71766646734785,121.08510954631166,122.74258422851562,35076700
2023-05-31,GOOGL,121.82949792288854,123.12967181163546,121.58137267253642,121.94860076904297,37325800
2023-06-01,GOOGL,121.89896868299529,123.4869687186112,121.70047151811134,122.79222106933594,30772700
2023-06-02,GOOGL,123.06018362345124,125.2039891873368,122.83191265844434,123.7350845336914,26980100
2023-06-05,GOOGL,123.08004629574243,126.4743977650919,122.91131537751194,125.06504821777344,32305500
2023-06-06,GOOGL,125.06504658476162,127.32793996259925,124.41991945408888,126.35529327392578,26638300
2023-06-07,GOOGL,126.01784008371891,128.072309065116,121.20421224846599,121.58135986328125,52539000
2023-06-08,GOOGL,121.31341198272165,122.30591307615992,120.3308304482464,121.22408294677734,29389200
2023-06-09,GOOGL,121.3332316954614,122.83191013354642,120.99578503336821,121.31338500976562,23778300
2023-06-12,GOOGL,121.86919005532346,123.11974334684123,120.74766673085075,122.71281433105469,28306400
2023-06-13,GOOGL,124.04277534219001,124.2214258208004,122.25627055608605,122.90139770507812,22278300
2023-06-14,GOOGL,122.17685901958812,123.11973941592123,120.53923102358297,122.74258422851562,30592300
2023-06-15,GOOGL,122.21655807060819,124.51915981522143,121.48210953773676,124.15193176269531,35246300
2023-06-16,GOOGL,124.98564920040793,125.16429968039003,122.35552007874196,122.60364532470703,45535600
2023-06-20,GOOGL,122.00813366210225,123.63583450194002,121.22405705707857,122.1768569946289,26097500
2023-06-21,GOOGL,121.48210589822092,121.74015824016175,119.19935090788869,119.64598083496094,30306300
2023-06-22,GOOGL,119.10012918860104,122.31583055648224,117.93890474633594,122.22650909423828,26952200
2023-06-23,GOOGL,120.46976164956806,121.86919161284854,120.15216165092147,121.42256164550781,34913600
2023-06-26,GOOGL,119.85441072671466,121.08510972170825,117.38307803534231,117.45255279541016,33969900
2023-06-27,GOOGL,116.20202354172285,118.18702562106004,115.22936919108754,117.4426498413086,39535900
2023-06-28,GOOGL,116.21193098693968,119.48718710532653,115.97373288245846,119.27876281738281,27091400
2023-06-29,GOOGL,118.34580529426692,119.15965573005691,117.41285959657364,118.20685577392578,24090900
2023-06-30,GOOGL,119.26882953277098,120.17200897276508,118.79243334839367,118.80235290527344,29532200
2023-07-03,GOOGL,118.34580787808842,119.28868829776731,117.928959307964,119.00086212158203,14467900
2023-07-05,GOOGL,118.3458033859375,121.69053409377197,118.33588382905948,120.83698272705078,27584800
2023-07-06,GOOGL,118.90160907008745,119.39785951266347,117.51210631643842,119.20928192138672,24745200
2023-07-07,GOOGL,119.19936829427263,120.1422487852775,118.50462062484308,118.58402252197266,21709500
2023-07-10,GOOGL,117.41286932662906,117.42278888448908,115.2690635685402,115.57673645019531,35315200
2023-07-11,GOOGL,115.41793425521223,116.82728376089246,114.48498095632307,116.26155853271484,23078800
2023-07-12,GOOGL,117.90911694459177,119.42764220013913,117.52204217640053,118.03813934326172,30404400
2023-07-13,GOOGL,120.02314237165878,123.89389766157021,119.54673857522506,123.60607147216797,44297900
2023-07-14,GOOGL,123.86412354678572,125.82927121842717,122.56394213265052,124.4794692993164,33283100
2023-07-17,GOOGL,124.995567566589,126.14686468961106,123.26861052378432,123.71524047851562,25716200
2023-07-18,GOOGL,123.66561395286634,123.74501584432612,122.03791303884648,122.83191680908203,26193600
2023-07-19,GOOGL,123.66561821898068,124.24127059365078,120.88662007165094,121.1148910522461,37224000
2023-07-20,GOOGL,120.50945982007009,123.1594354576292,117.33345990676118,118.30610656738281,37906800
2023-07-21,GOOGL,119.71547124691322,120.08269176427814,117.8396449955782,119.11996459960938,72937900
2023-07-24,GOOGL,120.74767468990552,122.07762238859752,120.07277371039838,120.61864471435547,29686100
2023-07-25,GOOGL,120.44991665621404,122.22649427656242,120.11246239355489,121.29354095458984,52509600
2023-07-26,GOOGL,129.09460190925336,129.99776623656712,127.35772529958219,128.30059814453125,61682100
2023-07-27,GOOGL,130.68260803004364,132.2408419072244,127.82420023434912,128.42962646484375,44952100
2023-07-28,GOOGL,129.7992499729984,132.7370589266702,129.59083329136288,131.58575439453125,36591200
2023-07-31,GOOGL,131.73465100315445,132.52865481704072,130.79177809982338,131.7247314453125,28055500
2023-08-01,GOOGL,129.79926191480814,131.6353945728261,129.7000057705623,130.56349182128906,23166800
2023-08-02,GOOGL,128.47924259709205,129.11444258769157,126.60341644169951,127.41727447509766,26273300
2023-08-03,GOOGL,127.01035151213354,128.4197010851892,126.46447294473376,127.48674774169922,20089500
2023-08-04,GOOGL,128.31051623779516,130.5237890233023,126.95079483936229,127.1492919921875,26147200
2023-08-07,GOOGL,128.1914178864696,130.62304202480823,128.05246836840342,130.54364013671875,22746300
2023-08-08,GOOGL,129.64047749645752,130.52380279242055,128.56857458489054,130.4146270751953,23535200
2023-08-09,GOOGL,130.67268510255067,131.04982518382914,128.0326288117845,128.68768310546875,24912900
2023-08-10,GOOGL,130.33524987803614,131.05977143036745,128.47926254911619,128.71746826171875,20857800
2023-08-11,GOOGL,127.69517985741135,128.955645199412,127.2088489247228,128.5884246826172,19591100
2023-08-14,GOOGL,128.4196995095872,130.3848471837526,127.99293136308722,130.34515380859375,24695600
2023-08-15,GOOGL,130.11690195113533,130.43449443217443,128.31054265647037,128.80679321289062,19770700
2023-08-16,GOOGL,127.73486328125,129.3030165264677,126.91109328601117,127.73486328125,25216100
2023-08-17,GOOGL,128.82662921684016,131.00020876899563,128.32044402863997,128.9457244873047,33446300
2023-08-18,GOOGL,127.54628706629671,128.2807431949733,125.4322628444653,126.50416564941406,30504800
2023-08-21,GOOGL,126.2262700322158,127.76464194810235,125.61091672255242,127.40734100341797,25248700
2023-08-22,GOOGL,127.54629719383558,129.30302819235456,127.35773472637845,128.11203002929688,22054900
2023-08-23,GOOGL,129.20375527825698,132.40954397470435,128.89608243334328,131.37733459472656,27819700
2023-08-24,GOOGL,132.94552103611167,133.24327439883686,128.5983764600386,128.80679321289062,28500700
2023-08-25,GOOGL,128.56854408522898,129.77939624562347,126.29572396771735,128.906005859375,26762900
2023-08-28,GOOGL,130.32528013006436,131.54605189710958,129.1640559890661,130.02752685546875,20543300
2023-08-29,GOOGL,131.24833815410415,135.54586931655962,131.24833815410415,133.5608673095703,43075600
2023-08-30,GOOGL,133.76928107064825,135.25803254284958,133.06461385464962,134.8610382080078,28315800
2023-08-31,GOOGL,134.9900609451091,136.9651434659,134.77170950484623,135.14886474609375,30053800
2023-09-01,GOOGL,136.4291742463203,136.4291742463203,133.838746407961,134.64266967773438,21543700
2023-09-05,GOOGL,134.42433443329878,135.3969811480602,133.57078298930236,134.75186157226562,19403100
2023-09-06,GOOGL,134.99997436969198,135.50614436814033,132.66759123648941,133.45167541503906,18684500
2023-09-07,GOOGL,132.58819181549026,134.56327406172488,131.9529918442149,134.24566650390625,18844300
2023-09-08,GOOGL,133.89829184203546,135.63516831051766,133.83874421478527,135.35726928710938,23558300
2023-09-11,GOOGL,135.51604859621148,136.44900174396227,134.77167301803075,135.89320373535156,20763400
2023-09-12,GOOGL,135.23817228733398,135.84359846496358,134.17620415931236,134.3250732421875,18405500
2023-09-13,GOOGL,134.0769375034417,135.8733616364172,133.14398427221744,135.68479919433594,20749500
2023-09-14,GOOGL,136.56814159733074,137.65988359424148,135.21833965192076,137.06439208984375,24751000
2023-09-15,GOOGL,136.94528129329058,137.48124030456012,135.45652981988454,136.36962890625,38919600
2023-09-18,GOOGL,135.58554599898608,138.11642627515133,135.58554599898608,137.17355346679688,21861300
2023-09-19,GOOGL,136.38947604665375,137.3720574197808,135.59547227341233,137.00482177734375,20353700
2023-09-20,GOOGL,137.0445418305698,137.0445418305698,132.61798064460575,132.73709106445312,29927500
2023-09-21,GOOGL,130.45432343039326,131.23839249416972,129.09460201532931,129.46182250976562,31503900
2023-09-22,GOOGL,129.77942444921084,131.03990495129133,128.62813480654572,129.27325439453125,26397300
2023-09-25,GOOGL,128.85640052897944,130.1863481711838,127.99292954617495,130.12680053710938,20094600
2023-09-26,GOOGL,128.7968636929427,129.38243566958448,126.26598302205768,127.60586547851562,25718700
2023-09-27,GOOGL,127.60586778894698,129.918381917851,127.60586778894698,129.5610809326172,22746500
2023-09-28,GOOGL,128.86634625443162,132.30040691222408,128.8167181678378,131.3178253173828,22513100
2023-09-29,GOOGL,132.28054343603355,133.04477351212972,129.38244208430763,129.87869262695312,30859800
2023-10-02,GOOGL,130.2260545847838,133.41197411116025,130.1863460664677,133.16384887695312,22288000
2023-10-03,GOOGL,132.93559116374053,133.25318362014062,130.8513329307273,131.43690490722656,22989400
2023-10-04,GOOGL,131.79422066963576,134.55338779159422,131.5361758233423,134.22586059570312,26752300
2023-10-05,GOOGL,134.05709838867188,134.4739469324216,132.4492366977958,134.05709838867188,19832600
2023-10-06,GOOGL,133.0050729697519,137.12396180751037,133.0050729697519,136.54830932617188,27597600
2023-10-09,GOOGL,135.9130761696135,137.8980779769235,134.59304815042893,137.38197326660156,19278100
2023-10-10,GOOGL,137.46140690104886,138.67225949468676,136.300182392927,137.0247039794922,27786600
2023-10-11,GOOGL,137.54081938007582,140.05184622765307,137.54081938007582,139.4960479736328,25884300
2023-10-12,GOOGL,139.9922602118785,140.16098355386808,137.2231741164266,137.9278564453125,24765500
2023-10-13,GOOGL,138.33478161475625,138.9501273324613,135.59546941209604,136.32992553710938,23420500
2023-10-16,GOOGL,137.13385103003665,138.58290904447986,136.9552081327783,138.056884765625,28501900
2023-10-17,GOOGL,137.5904036136543,138.85086884355698,136.1512652036196,138.67222595214844,23515800
2023-10-18,GOOGL,138.40424694073948,139.66472731928488,136.34977796075492,136.92543029785156,23375000
2023-10-19,GOOGL,137.4613862357858,138.61269101146914,136.3497899802919,136.71701049804688,26066000
2023-10-20,GOOGL,136.30016767562714,136.83611156598081,134.06704036781977,134.58314514160156,26335700
2023-10-23,GOOGL,134.0273213470116,136.6276841287948,132.94549894839827,135.47637939453125,26317900
2023-10-24,GOOGL,136.79641151026584,138.31493679389348,136.38948247495046,137.76905822753906,44814300
2023-10-25,GOOGL,127.19892549752396,127.34779458240867,124.13209362181638,124.66804504394531,84366200
2023-10-26,GOOGL,122.34558803554405,123.39764418527096,120.36058614753718,121.3630142211914,57061100
2023-10-27,GOOGL,121.9585046679144,122.38528034661036,119.30852915172775,121.25382995605469,44566500
2023-10-30,GOOGL,122.2860385724438,124.45961803038976,121.82948905369454,123.52666473388672,28940100
2023-10-31,GOOGL,124.12216757392719,124.42984802046038,121.76994514607122,123.14952087402344,26292300
2023-11-01,GOOGL,123.13959750160885,125.54144807960145,122.79222366961514,125.50174713134766,30082400
2023-11-02,GOOGL,127.45696935668228,128.01276746198673,125.97814507096508,126.53394317626953,27124600
2023-11-03,GOOGL,127.05997884535377,128.55864986310226,126.90117505497481,128.1318817138672,26393100
2023-11-06,GOOGL,128.08225623128538,129.36257584929294,127.70510100758493,129.27325439453125,19052700
2023-11-07,GOOGL,129.72980920218515,130.9208073441977,128.90603157499936,129.98785400390625,29757300
2023-11-08,GOOGL,129.98786255864192,131.2185693015223,129.79928493774304,130.85133361816406,26425800
2023-11-09,GOOGL,130.9704081990511,131.55598001837535,129.0945823505806,129.2633056640625,23747800
2023-11-10,GOOGL,129.12437037075154,131.80411971424755,128.43954234138178,131.59568786621094,26913300
2023-11-13,GOOGL,130.7917686694096,131.59569198317294,130.26574439881477,131.0994415283203,18324800
2023-11-14,GOOGL,133.1836984817578,134.68236939202447,132.3202275430886,132.6179656982422,32395200
2023-11-15,GOOGL,133.8585988714082,134.01740265875648,132.56835974620077,133.6104736328125,23861500
2023-11-16,GOOGL,134.17621044610362,136.1909862320152,133.3127394362453,135.9031524658203,28013200
2023-11-17,GOOGL,134.98013143466227,135.03967906955006,132.64774810580346,134.29530334472656,37240600
2023-11-20,GOOGL,132.68745618308765,135.63518525511367,132.61797384637484,135.22825622558594,27815500
2023-11-21,GOOGL,135.26796249939974,136.15128783503684,134.94045047737754,135.94287109375,22635300
2023-11-22,GOOGL,136.43910658423133,138.37448040468396,136.43910658423133,137.4514617919922,17813900
2023-11-24,GOOGL,136.9949104607267,137.09416661748833,134.97021510431284,135.6649627685547,12514300
2023-11-27,GOOGL,135.0099144629775,137.38199132880567,134.9801406435023,135.38706970214844,23436500
2023-11-28,GOOGL,135.0595159672369,136.22074013136128,134.40446177895313,136.17111206054688,18730000
2023-11-29,GOOGL,136.5383455929967,137.25293225328704,133.82880744021125,133.97769165039062,23967200
2023-11-30,GOOGL,134.03725467489437,134.53350514378005,130.29552189907486,131.53614807128906,38988300
2023-12-01,GOOGL,130.87118530273438,131.1193105581131,129.6901066640334,130.87118530273438,31442300
2023-12-04,GOOGL,128.90602431139112,129.05489339161807,126.94086915840347,128.30059814453125,36669900
2023-12-05,GOOGL,127.98298023608452,131.14906033747008,127.28823267724465,130.0076904296875,27384800
2023-12-06,GOOGL,130.45433249808588,130.85132683618656,128.9060333773847,129.04498291015625,23576200
2023-12-07,GOOGL,134.02732621189014,137.52093391588886,133.68987951198724,135.9031524658203,56767100
2023-12-08,GOOGL,133.19360751878372,135.37710630216824,133.024884196069,133.97769165039062,32260100
2023-12-11,GOOGL,131.3872714988426,132.3400638639477,130.37491635960205,132.29043579101562,31138000
2023-12-12,GOOGL,130.82154752185775,132.00262607297714,130.2756689716308,131.52622985839844,29032800
2023-12-13,GOOGL,132.379774745465,132.4988700071408,130.58335054149978,131.5758514404297,30104800
2023-12-14,GOOGL,132.37978056258655,132.71722724840416,128.71744966150473,130.95057678222656,38722400
2023-12-15,GOOGL,130.63297472797083,132.5088009828191,130.19627187171184,131.6056365966797,50847100
2023-12-18,GOOGL,131.63540528883573,136.1214986599511,131.43689298418388,134.78163146972656,32258000
2023-12-19,GOOGL,135.81385229781117,136.43913286190823,135.05955688374453,135.62527465820312,25476800
2023-12-20,GOOGL,137.9278622500159,140.63738568200563,137.03461742674637,137.30258178710938,49107200
2023-12-21,GOOGL,138.44395531377506,139.63495335905975,138.1362673150206,139.36697387695312,27488300
2023-12-22,GOOGL,139.7143532323911,140.92520551853121,139.6548056026402,140.428955078125,26532200
2023-12-26,GOOGL,140.52820742657298,141.6100298393638,140.13121309993724,140.458740234375,16780300
2023-12-27,GOOGL,140.52820465495105,141.0145355681964,138.84095608348233,139.31735229492188,19628600
2023-12-28,GOOGL,139.72428432008698,140.0815852724405,138.70200954003505,139.17840576171875,16045700
2023-12-29,GOOGL,138.5829084225353,139.3074298543242,137.73927658207975,138.6424560546875,18733000
2024-01-02,GOOGL,137.51100529289818,138.4042500618413,135.45652112222194,137.13385009765625,23711200
2024-01-03,GOOGL,136.22076003752528,138.58291722535583,136.05203668758926,137.87823486328125,24212100
2024-01-04,GOOGL,137.38197845779115,138.11643460621872,135.32750938466225,135.36720275878906,27137700
2024-01-05,GOOGL,135.72449810296587,136.13142710669655,134.1364906048939,134.71214294433594,22513900
2024-01-08,GOOGL,135.26793269762982,137.9675361915349,135.23815888400566,137.79881286621094,21404000
2024-01-09,GOOGL,137.46138108120132,140.42896436301152,137.11399969220417,139.89300537109375,24759600
2024-01-10,GOOGL,139.94264312514758,141.92764515529154,139.85332166843838,141.21304321289062,21320200
2024-01-11,GOOGL,142.41395623786542,144.13097851399309,139.58532268175995,141.0145263671875,24008700
2024-01-12,GOOGL,141.60011549083978,142.12613980794654,140.75649872961355,141.58026123046875,18785500
2024-01-16,GOOGL,140.93514731118603,143.267530806828,140.38926871174172,141.42147827148438,22670500
2024-01-17,GOOGL,140.2900233777166,140.77633917868644,137.85838379541343,140.40911865234375,20968600
2024-01-18,GOOGL,140.9847834391736,143.12858943697674,140.92523579662878,142.404052734375,25746400
2024-01-19,GOOGL,143.65460180395502,145.35177005215584,143.29730083417112,145.2823028564453,34271900
2024-01-22,GOOGL,145.99689454630132,147.2772140972634,144.7463336676715,144.8952178955078,32200400
2024-01-23,GOOGL,144.79596212537868,146.07628167971635,144.40888736296378,145.9373321533203,21636100
2024-01-24,GOOGL,147.42606561840296,148.72625441809143,146.98937797744674,147.58486938476562,25233500
2024-01-25,GOOGL,148.94462008165343,151.90226857782716,148.41858066213035,150.73110961914062,29149100
2024-01-26,GOOGL,149.96688376806185,151.39607226389228,149.8775471822791,151.0487060546875,26115500
2024-01-29,GOOGL,150.91970223766634,152.62680519863352,150.29442175069474,152.35882568359375,27784300
2024-01-30,GOOGL,151.6541357617942,152.46797859903648,150.05620875745953,150.32418823242188,36331800
2024-01-31,GOOGL,142.5429852293833,142.9201404462014,138.82110657193016,139.0493927001953,71910000
2024-02-01,GOOGL,141.05424824171908,141.98720167736062,139.7342199917544,140.10145568847656,40466500
2024-02-02,GOOGL,138.21567319652831,141.55047690627347,135.47637609880854,141.31228637695312,62499600
2024-02-05,GOOGL,141.7489723902992,144.37909346860508,141.70926387721508,142.60250854492188,38505400
2024-02-06,GOOGL,143.56525733160348,144.2699396743933,142.11621441563744,143.01939392089844,29128200
2024-02-07,GOOGL,143.67444354834973,144.52799503931547,142.85066587671363,144.44859313964844,25208900
2024-02-08,GOOGL,144.73640926724323,145.2326597213676,144.01188784464298,144.81581115722656,22563800
2024-02-09,GOOGL,145.58002011050414,148.31933219973374,145.0837696762943,147.88262939453125,26829500
2024-02-12,GOOGL,147.30698549594433,148.2200845297744,146.26485649564665,146.4236602783203,21564100
2024-02-13,GOOGL,143.83322330553597,145.57009981647306,142.61245148398422,144.05157470703125,27837700
2024-02-14,GOOGL,144.98456111916255,145.42126402208575,143.00947849707447,144.84561157226562,22704200
2024-02-15,GOOGL,142.06659185995144,142.44374708435768,139.40669646187024,141.69937133789062,37590700
2024-02-16,GOOGL,141.9177107623263,142.1162079157189,139.08907710730534,139.4662322998047,31468900
2024-02-20,GOOGL,138.6126789723254,141.01452932682773,138.44395563708255,140.0617218017578,25144700
2024-02-21,GOOGL,140.3892306459635,141.61993705061454,139.62500081395828,141.48098754882812,23223300
2024-02-22,GOOGL,143.84315762538745,143.9126399622496,141.72914086755702,143.00946044921875,27191900
2024-02-23,GOOGL,142.5925983953203,143.59501882359496,142.35439273418308,142.88043212890625,19493800
2024-02-26,GOOGL,141.07408198356765,141.37183529228255,136.35970255272923,136.53836059570312,53641800
2024-02-27,GOOGL,136.98498010411188,138.20575198535647,136.06194638095468,137.83853149414062,33099200
2024-02-28,GOOGL,136.86585965865115,136.9750353567302,134.3945422616018,135.35726928710938,37328600
2024-02-29,GOOGL,136.25053286698093,137.81868622745773,135.377127161307,137.42169189453125,42133000
2024-03-01,GOOGL,137.39190716020826,137.82861002648335,135.89323609127652,136.11158752441406,31151100
2024-03-04,GOOGL,134.64268084656484,134.64268084656484,130.9208023300921,132.35000610351562,55999400
2024-03-05,GOOGL,130.89102554499024,132.2408273954596,129.69009277405854,131.6750946044922,40194800
2024-03-06,GOOGL,132.12173002942825,132.57828715901485,129.86876363343262,130.4146270751953,35318600
2024-03-07,GOOGL,131.79419589843073,133.92808205040117,130.62305203418242,133.37228393554688,37738200
2024-03-08,GOOGL,133.20356361663008,137.05445713321666,132.99513174664168,134.39456176757812,39370400
2024-03-11,GOOGL,135.10914387452527,138.05687257387362,135.10914387452527,136.63758850097656,32437800
2024-03-12,GOOGL,136.0024024134986,138.33478567710262,136.0024024134986,137.4613800048828,27563400
2024-03-13,GOOGL,137.95761497005276,140.03193806409257,137.9476954137514,138.74168395996094,23347200
2024-03-14,GOOGL,140.13122067260912,142.513217049872,139.40669917238256,142.0269012451172,42753400
2024-03-15,GOOGL,141.43140078025397,142.1062942304719,138.97992195518043,140.1212921142578,49475400
2024-03-18,GOOGL,147.49557408746915,151.00902096089294,146.06637022561426,146.57254028320312,69273700
2024-03-19,GOOGL,147.04892948770356,147.67419472468532,144.98452590354466,145.92739868164062,24070400
2024-03-20,GOOGL,146.89013190121898,147.7436832734465,145.6395862302464,147.6245880126953,21311500
2024-03-21,GOOGL,148.34913621812512,149.24238112382295,145.79840119766337,146.4931640625,24755600
2024-03-22,GOOGL,148.0017381108715,150.4432971327226,147.86278858243205,149.63937377929688,29211800
2024-03-25,GOOGL,148.81559588391366,149.25229872799846,146.71149870171885,148.9446258544922,19229300
2024-03-26,GOOGL,149.09349296069317,151.1181882221387,148.85528728225617,149.5401153564453,22149100
2024-03-27,GOOGL,150.0462745317352,150.50283159628924,147.78337375554537,149.7386016845703,22879200
2024-03-28,GOOGL,149.71876999163942,150.2944071987847,149.0438614902864,149.79815673828125,24485400
2024-04-01,GOOGL,149.5599671303415,154.57209984115423,149.48056523884867,154.323974609375,31730800
2024-04-02,GOOGL,152.34889138814307,153.53988946458512,151.0090090869194,153.40093994140625,24586000
2024-04-03,GOOGL,152.44814641496717,153.9170435269461,151.58466032180885,153.75823974609375,24705000
2024-04-04,GOOGL,152.34889789636918,153.60937836042848,149.3217669288391,149.4011688232422,34724700
2024-04-05,GOOGL,148.90492090258869,152.26949862092886,148.47815275024013,151.3563995361328,23459200
2024-04-08,GOOGL,151.63431250953576,154.10564562982418,151.46558914468523,153.6887969970703,20702000
2024-04-09,GOOGL,154.91947398862214,157.37095261531294,154.02622916635622,155.4256591796875,31079500
2024-04-10,GOOGL,155.03858328938844,155.43557761990488,153.52004287147383,154.96910095214844,22838600
2024-04-11,GOOGL,155.73333190851926,158.48254871038773,155.28670949781988,158.21458435058594,27166400
2024-04-12,GOOGL,156.7754510311415,159.0184976446993,155.9615930124083,156.5471649169922,25353700
2024-04-15,GOOGL,157.6687038087309,158.0458590213951,153.43072045036504,153.69869995117188,27136500
2024-04-16,GOOGL,153.03372500347797,154.4827679200494,152.27941458366453,153.2421417236328,20779500
2024-04-17,GOOGL,154.45299200861103,155.902050049897,153.42079769070784,154.3041229248047,21763100
2024-04-18,GOOGL,154.17508359846744,155.7630910697114,153.46048175084383,154.84005737304688,19883000
2024-04-19,GOOGL,155.02861011759174,155.187413868137,151.15786335029568,152.93443298339844,32615600
2024-04-22,GOOGL,153.15281939939192,156.45784938513543,152.90469416152254,155.10804748535156,26446200
2024-04-23,GOOGL,155.78294214571977,157.77786342870908,155.10803368370046,157.07318115234375,21151600
2024-04-24,GOOGL,156.30899022616805,158.37339415365952,155.9913826322323,157.9366912841797,22779100
2024-04-25,GOOGL,150.1951914156029,155.3165006626678,149.73863425175063,154.83016967773438,57109700
2024-04-26,GOOGL,173.06238823512538,173.399850072579,168.37778247380382,170.66053771972656,64665300
2024-04-29,GOOGL,167.79218800990293,168.2785188689009,163.9710688984415,164.9040069580078,45610000
2024-04-30,GOOGL,164.36809054901573,166.8394234809616,161.38066800310506,161.55931091308594,33562900
2024-05-01,GOOGL,163.0679131791334,165.86675805283966,161.86698033617475,162.63121032714844,33493200
2024-05-02,GOOGL,163.5542352451639,165.47968963320443,162.66099039133817,165.37051391601562,24294500
2024-05-03,GOOGL,166.303447513815,166.70045695836217,161.82727393012354,165.98585510253906,34662400
2024-05-06,GOOGL,166.20420129812592,166.87909461614606,164.7849171879721,166.8394012451172,21871300
2024-05-07,GOOGL,167.23639713482265,170.47194452949657,167.12722143299578,169.9657745361328,28039700
2024-05-08,GOOGL,167.73264706920992,168.87401701223217,167.47460229491972,168.10980224609375,19569100
2024-05-09,GOOGL,168.11973776202532,169.40999204467994,166.9188049315239,168.6854705810547,15346700
2024-05-10,GOOGL,166.76993866167226,168.57629771677423,164.94374049088748,167.38528442382812,29799900
2024-05-13,GOOGL,163.02818817677723,168.01054680668042,162.77014340140366,167.87159729003906,31327600
2024-05-14,GOOGL,168.49688914969917,169.96578630331507,167.5341620244905,169.06260681152344,25127100
2024-05-15,GOOGL,169.35044756160798,171.3552886431622,169.23133714549078,171.21633911132812,26948400
2024-05-16,GOOGL,171.99051492813092,173.80679382152798,171.39502333407046,172.87384033203125,27867900
2024-05-17,GOOGL,172.87380893604973,174.94814744007684,172.387493160876,174.73971557617188,24479300
2024-05-20,GOOGL,174.86874028439564,177.42939448654315,174.7595645769426,175.59326171875,22554400
2024-05-21,GOOGL,175.57340838811095,176.81403455010823,174.49158600949627,176.51629638671875,16989400
2024-05-22,GOOGL,175.31537207270605,175.82154211929756,173.89610294407106,175.0573272705078,17880000
2024-05-23,GOOGL,175.74214258358214,176.91328638262783,171.6530285552818,172.24853515625,21024900
2024-05-24,GOOGL,173.6678149317287,174.45189917635065,172.34778682854989,173.67774963378906,16579400
2024-05-28,GOOGL,173.1417747585167,175.94063449763217,173.06237287112745,175.0771484375,20572200
2024-05-29,GOOGL,174.11444068348618,175.51387070822295,173.40977346435537,174.58091735839844,23388700
2024-05-30,GOOGL,173.88616018139018,173.90601444044296,170.50172837010513,170.8193359375,22931500
2024-05-31,GOOGL,170.57120566797727,171.76220372181547,168.16935530183432,171.20640563964844,37638900
2024-06-03,GOOGL,171.24611844022382,173.22120091176382,169.8764773378859,171.87139892578125,27459100
2024-06-04,GOOGL,171.98053963216327,172.546272364758,170.60096410813182,172.48670959472656,26879600
2024-06-05,GOOGL,173.88617261813178,175.32529604295863,172.62569210446975,174.0946044921875,22068500
2024-06-06,GOOGL,174.5809007873156,175.8215269019053,174.43203171130955,175.40467834472656,23251000
2024-06-07,GOOGL,175.7222764169276,176.53611922911327,172.99289911211454,173.15170288085938,19661400
2024-06-10,GOOGL,173.85720320728015,175.9339073021769,171.66125199471998,173.89694213867188,23726700
2024-06-11,GOOGL,175.09925413873597,175.71530612964037,172.66483900249895,175.4967041015625,21540600
2024-06-12,GOOGL,177.11633707085997,179.2626031953618,174.9899479924397,176.6592559814453,27864700
2024-06-13,GOOGL,174.98994497931662,175.61594304528666,173.76777199685736,174.04598999023438,20913300
2024-06-14,GOOGL,173.1119718356913,175.93390595699566,173.04240975410747,175.66561889648438,18063600
2024-06-17,GOOGL,174.3441146411304,177.22566513127575,173.6982394197212,176.11279296875,19618500
2024-06-18,GOOGL,176.01339021741077,176.26180021913805,172.9927312675741,173.97642517089844,21869900
2024-06-20,GOOGL,174.25464833709086,176.1624353876285,173.8770754332329,175.17874145507812,20160100
2024-06-21,GOOGL,175.87430098217567,179.69982150326564,175.48678194241356,178.48757934570312,57759000
2024-06-24,GOOGL,179.014178404994,179.73953132877418,177.53364940990167,178.0801544189453,18298000
2024-06-25,GOOGL,178.47763208971796,183.1179295939735,178.27890709964018,182.85958862304688,23130200
2024-06-26,GOOGL,181.4684755299556,183.33650839401088,181.31942043498108,182.7105255126953,19839000
2024-06-27,GOOGL,183.00860111358634,184.86671815444103,182.8496302424256,184.2307891845703,18848900
2024-06-28,GOOGL,183.14772821008222,183.95257416720727,180.802737253132,180.99151611328125,29156600
2024-07-01,GOOGL,181.86591080007756,182.71051078495708,180.14691800781662,181.826171875,16006100
2024-07-02,GOOGL,180.8921754401855,184.38979268671295,180.40528635394423,184.0618896484375,17372500
2024-07-03,GOOGL,183.67436680423387,184.90647074592763,182.8297667085458,184.63819885253906,10242100
2024-07-05,GOOGL,184.67794276589416,189.64614308224583,184.618326787977,189.38780212402344,20967500
2024-07-08,GOOGL,188.69222069497164,188.9605077271216,186.58570884988617,187.8277587890625,21035900
2024-07-09,GOOGL,189.09961914354798,190.14294413821008,187.51973523943423,187.778076171875,15121400
2024-07-10,GOOGL,187.947023092536,190.5304934755465,187.82779112960307,189.964111328125,15952500
2024-07-11,GOOGL,188.64256383874462,189.64613480059487,183.90289669863316,184.38978576660156,25625800
2024-07-12,GOOGL,183.90289053636494,185.9199784961909,183.31664658309873,183.89295959472656,22898400
2024-07-15,GOOGL,183.74391265022248,187.04280482965035,183.74391265022248,185.3436737060547,16474000
2024-07-16,GOOGL,186.16838328349618,187.4799801449797,182.20375438973656,182.75025939941406,18290700
2024-07-17,GOOGL,181.80632373022326,182.3826367867754,178.7558414559852,179.8687286376953,20734100
2024-07-18,GOOGL,180.77291456531665,181.33929663243535,175.34764875664283,176.5598907470703,25315700
2024-07-19,GOOGL,177.7423170108804,179.14333780092795,176.00344711889437,176.5300750732422,18881900
2024-07-22,GOOGL,179.44143915290098,181.53802010319112,179.08372815601643,180.5145721435547,24100300
2024-07-23,GOOGL,180.89216041821464,182.44223635279693,180.38539432762542,180.63380432128906,36352700
2024-07-24,GOOGL,172.4959059646395,175.069429864651,170.72722801961868,171.53207397460938,49585200
2024-07-25,GOOGL,171.42278967121095,172.31705967237997,166.12668626172413,166.2161102294922,44852000
2024-07-26,GOOGL,166.08693667884336,167.020960798883,163.01659240813447,165.93789672851562,41336900
2024-07-29,GOOGL,167.75625247848131,169.3460674710784,166.92159847023703,168.45179748535156,20293800
2024-07-30,GOOGL,169.15728508367997,170.14097901520392,167.36872998762226,169.2069549560547,18959700
2024-07-31,GOOGL,172.13818990776468,173.14176079618966,168.9287219619174,170.44898986816406,25729100
2024-08-01,GOOGL,169.1672144988525,172.94304963161613,167.80593251440823,169.67396545410156,24531400
2024-08-02,GOOGL,165.38146509787933,167.43829227584254,163.62271782850132,165.60006713867188,29130100
2024-08-05,GOOGL,154.51101742060257,163.38421519483722,153.944635352421,158.23716735839844,53630700
2024-08-06,GOOGL,158.31665821940092,159.5487772402718,155.41523132677855,157.28326416015625,49004600
2024-08-07,GOOGL,160.22444407280443,161.94343696392548,157.46212618793052,157.92913818359375,25138600
2024-08-08,GOOGL,159.48915933518853,162.64894258558448,159.19107944889603,160.99949645996094,25578800
2024-08-09,GOOGL,158.99233275753915,162.74829078749448,158.04837777910737,162.62905883789062,28602300
2024-08-12,GOOGL,163.30475433227653,163.85124425062764,160.81070801086153,161.25784301757812,15895300
2024-08-13,GOOGL,162.37072151296138,163.6823184730739,161.93351747234263,163.11595153808594,18551700
2024-08-14,GOOGL,161.36712454072207,162.1819165911199,156.70696583237768,159.35003662109375,40591100
2024-08-15,GOOGL,159.4792243502646,160.61197337469392,158.59488533261137,160.27413940429688,31524300
2024-08-16,GOOGL,160.44303978023876,164.0102034694482,160.10520584481466,161.92356872558594,24208600
2024-08-19,GOOGL,164.2288414197531,165.62987765847575,163.21532422985317,165.61000061035156,22416200
2024-08-20,GOOGL,165.8385269794626,167.56746621538298,165.7590491136282,166.1167449951172,18341500
2024-08-21,GOOGL,164.09963641871417,165.7888365119098,163.62269347422293,164.79519653320312,22902000
2024-08-22,GOOGL,166.19622575508728,166.52412878399306,162.2713506737651,162.75823974609375,22493300
2024-08-23,GOOGL,163.67239563965794,165.12310166986182,162.78805657250106,164.56666564941406,13955700
2024-08-26,GOOGL,165.32182772050928,166.48438469877073,163.414040743741,165.1032257080078,14190400
2024-08-27,GOOGL,164.78527080999132,165.38146093564725,163.41405777977417,163.6326446533203,11821900
2024-08-28,GOOGL,163.99035967655564,164.54681088282098,160.50268829353018,161.81430053710938,16407400
2024-08-29,GOOGL,163.26497594791422,164.91442188543905,159.23080022153445,160.75106811523438,19699800
2024-08-30,GOOGL,161.58573574397926,162.6191298588304,160.66165779990888,162.34091186523438,22123800
2024-09-03,GOOGL,160.6914786071736,160.82065667227133,155.4847990112644,156.3592071533203,38945300
2024-09-04,GOOGL,155.66364237973846,157.98875628626521,154.9680974284368,155.45497131347656,19353800
2024-09-05,GOOGL,155.30593568698094,158.4358956354768,154.98796360800392,156.23995971679688,18688700
2024-09-06,GOOGL,156.29955606670086,156.82618398985952,149.5924868805478,149.9601287841797,37912100
2024-09-09,GOOGL,151.74112707707891,152.62663960312594,146.47780288600765,147.96029663085938,39260500
2024-09-10,GOOGL,149.6915067964419,150.50738007285446,147.59214370497173,147.91053771972656,31118800
2024-09-11,GOOGL,149.16419505975477,150.73623150719806,146.77630043535657,150.39794921875,29607700
2024-09-12,GOOGL,153.02462848632382,154.03949046129577,151.88041704126704,153.91014099121094,29621500
2024-09-13,GOOGL,154.6463885405626,157.58152818841413,154.42751164329223,156.66616821289062,29591200
2024-09-16,GOOGL,156.51691894363321,157.45218236116395,155.8105069116596,157.2631378173828,18379800
2024-09-17,GOOGL,158.21830933206348,159.740594664956,157.5815364815847,158.5167999267578,20715600
2024-09-18,GOOGL,159.05406919954734,159.6908420434117,157.80042693308812,159.0043182373047,23677300
2024-09-19,GOOGL,162.88467834172684,162.9642616693234,160.52661614683478,161.3225860595703,26587700
2024-09-20,GOOGL,162.67573141732413,162.90456764484875,161.2429886014312,162.76527404785156,40896400
2024-09-23,GOOGL,163.52143865567453,164.65569075995793,160.85494193042624,161.03404235839844,24150900
2024-09-24,GOOGL,162.20807648352036,162.39712101997654,159.8798773312799,161.4718017578125,23332100
2024-09-25,GOOGL,160.6559541225392,161.9891949013652,160.48681299524299,160.6758575439453,18869200
2024-09-26,GOOGL,162.81500754909376,163.2527917160846,161.46186338833198,161.9095916748047,20319300
2024-09-27,GOOGL,161.98920666955183,164.86463640620642,161.81012140947348,163.1234588623047,21101300
2024-09-30,GOOGL,162.4966264954632,165.31234563823617,162.43691623380593,165.0138702392578,20413900
2024-10-01,GOOGL,166.84460026695353,168.3071905376278,163.75027859535956,166.14813232421875,28338100
2024-10-02,GOOGL,165.58099330587024,166.67545373891107,163.8995109959539,165.02381896972656,17760200
2024-10-03,GOOGL,163.58113216752693,165.79988539247842,163.0935970324702,165.02381896972656,15073100
2024-10-04,GOOGL,167.21273199051447,167.3818731227034,164.6457371019136,166.2177734375,19047400
2024-10-07,GOOGL,166.8744651557115,167.63062826044842,161.92951947546015,162.15835571289062,22463100
2024-10-08,GOOGL,163.11350061638578,163.89951115954543,162.0488877230142,163.55128479003906,23072700
2024-10-09,GOOGL,162.62597153558053,164.00896330918712,158.9346838265827,161.0439910888672,31181800
2024-10-10,GOOGL,160.0589719311791,162.2478928162512,159.59134021317385,161.26287841796875,14144100
2024-10-11,GOOGL,161.31261821924474,163.07368374330417,160.42710580677368,162.41702270507812,15344300
2024-10-14,GOOGL,162.8150044575592,165.39194326757854,162.5762089577725,164.12835693359375,19016100
2024-10-15,GOOGL,164.95417746587214,166.83464858810927,163.80003704311807,164.6258544921875,20247200
2024-10-16,GOOGL,163.7005180988684,164.96411962401345,162.9145075768113,164.3273468017578,16406000
2024-10-17,GOOGL,164.89448390766555,165.53125680199904,161.9394556622168,162.1085968017578,21453400
2024-10-18,GOOGL,162.3672941471386,163.87963544942022,162.2578480953578,162.59613037109375,19757700
2024-10-21,GOOGL,162.12849497134508,163.67068378195492,161.8001568233936,163.24285888671875,20946500
2024-10-22,GOOGL,162.15833529455813,164.93427806644567,162.15833529455813,164.3074493408203,16568100
2024-10-23,GOOGL,163.9293642522353,164.98403306169303,161.11362975074982,161.9593505859375,18280500
2024-10-24,GOOGL,162.00908898296657,162.50656821640374,160.1982572859619,161.89964294433594,22412500
2024-10-25,GOOGL,162.84485839827352,164.75517692607178,162.59611876941653,164.43679809570312,19828900
2024-10-28,GOOGL,167.89923522550737,167.89923522550737,163.12343172049856,165.8794708251953,32138600
2024-10-29,GOOGL,166.8844034485081,169.52105287482345,166.24763054521426,168.82456970214844,42169000
2024-10-30,GOOGL,179.76907144520447,181.1023272024879,173.18245187784547,173.5804443359375,68890800
2024-10-31,GOOGL,172.25718077657928,175.92858030114797,170.13791418034728,170.2473602294922,44769000
2024-11-01,GOOGL,169.21260195677476,171.45125861583475,168.02859889466288,170.4264373779297,31796500
2024-11-04,GOOGL,169.07330370933886,169.86927360734452,167.16298506324307,168.3867950439453,21492700
2024-11-05,GOOGL,168.57581219568198,169.67027262380228,167.98879032144563,168.88426208496094,18242100
2024-11-06,GOOGL,172.92381823687973,176.04798782367646,172.6253276023472,175.62014770507812,33695500
2024-11-07,GOOGL,176.51558744027324,180.16708323715014,176.29669536029814,179.8387451171875,25352900
2024-11-08,GOOGL,179.7392438048685,179.98798342551285,177.18220839921253,177.4508514404297,22006200
2024-11-11,GOOGL,177.67969975449668,179.6397693133584,177.5702537066768,179.44078063964844,17450400
2024-11-12,GOOGL,178.91344777717472,181.569985195191,178.48560772038502,180.70436096191406,25134900
2024-11-13,GOOGL,179.5502161710403,180.04769541710874,177.63988250609916,177.97817993164062,23184000
2024-11-14,GOOGL,177.38120927026733,177.9184953896884,173.44118190987194,174.69482421875,31007500
2024-11-15,GOOGL,172.8541459998015,173.2620826521563,170.35680548513443,171.6204071044922,32504600
2024-11-18,GOOGL,172.5457023973927,174.55552283170013,172.02831972302542,174.41622924804688,20135300
2024-11-19,GOOGL,172.84420375176396,177.96823430730947,172.68500673714084,177.22201538085938,23434900
2024-11-20,GOOGL,176.44594821026809,176.78423047859985,172.90389814923452,175.09280395507812,18997100
2024-11-21,GOOGL,173.02327566367867,173.25212704774955,162.87470208296352,166.78489685058594,59734400
2024-11-22,GOOGL,165.0138834352713,165.62080876483188,163.07370209558795,163.9293670654297,38604600
2024-11-25,GOOGL,165.25266140749017,167.77986461840595,164.77508555590978,166.80479431152344,33135300
2024-11-26,GOOGL,166.7849164091866,168.96387819100605,166.73516544238646,168.26739501953125,20486700
2024-11-27,GOOGL,168.14799483925975,168.6255706920237,167.17293971182346,168.3768310546875,19266500
2024-11-29,GOOGL,167.6505077939042,168.57581191461244,166.31726704322566,168.09823608398438,14257200
2024-12-02,GOOGL,167.91915410888186,171.21246438956555,167.72016544073577,170.6254425048828,23789100
2024-12-03,GOOGL,170.62544918240982,171.80943711786688,169.98867631030456,170.4761962890625,22248700
2024-12-04,GOOGL,170.28715321004535,174.02820715023717,170.1976105823781,173.4909210205078,31615100
2024-12-05,GOOGL,174.4759419461396,175.17240993472817,171.46121858121353,171.7696533203125,21356200
2024-12-06,GOOGL,171.16274171578277,174.19736874760716,170.99360056081088,173.82923889160156,21462400
2024-12-09,GOOGL,173.28136421093646,175.5723794273802,172.97256079724536,174.68585205078125,25389600
2024-12-10,GOOGL,182.13667521959667,185.63297660419835,180.34369430470025,184.44761657714844,54813000
2024-12-11,GOOGL,184.58709122319453,194.84691329411567,184.12889422465673,194.63772583007812,67894100
2024-12-12,GOOGL,194.23928508489988,194.41857559087046,190.96212639857904,191.21115112304688,34817500
2024-12-13,GOOGL,190.2648278463795,191.97811901209872,188.90017734316862,189.07948303222656,25143500
2024-12-16,GOOGL,192.11758378595036,198.22367470987274,191.86855906897816,195.89280700683594,44934900
2024-12-17,GOOGL,196.48048589662955,200.6342160179093,194.21933739249496,194.65762329101562,43504000
2024-12-18,GOOGL,194.4584096820746,196.23146433679096,187.0075948858922,187.66500854492188,34166100
2024-12-19,GOOGL,190.88242054359256,192.27695280314458,187.64509939888953,187.7745819091797,32265200
2024-12-20,GOOGL,185.0552281091218,192.13749096545695,184.49741523030252,190.66326904296875,63462900
2024-12-23,GOOGL,191.86857418809745,194.3389105185916,189.40820857459588,193.87074279785156,25675000
2024-12-24,GOOGL,194.0798904284353,195.34494018554688,193.02402811118543,195.34494018554688,10403300
2024-12-26,GOOGL,194.38868793025316,195.98245219810025,193.62170274567876,194.83694458007812,12046600
2024-12-27,GOOGL,194.18946980047588,194.55803671433245,189.9062416607854,192.0080108642578,18891400
2024-12-30,GOOGL,189.05957268360805,191.79884463576994,188.3822175336386,190.49395751953125,14264700
2024-12-31,GOOGL,190.33457825065463,191.2111501400391,187.77459680063998,188.5615234375,17466900
2025-01-02,GOOGL,189.90625140953068,191.25099101984424,186.76854591781662,188.69100952148438,20370800
2025-01-03,GOOGL,190.62343412562188,192.45626758091493,189.23885731709424,191.0417938232422,18596200
2025-01-06,GOOGL,193.2232644718959,197.44672936937255,193.09378194764346,196.10198974609375,29563600
2025-01-07,GOOGL,196.34104650196386,200.21587045148732,193.84084384019965,194.7273712158203,26487200
2025-01-08,GOOGL,191.818753365396,195.52422692104554,191.62949216136246,193.193359375,24864800
2025-01-10,GOOGL,193.54201039861906,195.75335107074358,189.5675704988791,191.2908172607422,26665200
2025-01-13,GOOGL,189.32852659632545,190.43418179207845,186.62909187000687,190.2648468017578,21823700
2025-01-14,GOOGL,190.49392754683893,191.23103088318788,187.57535034976993,188.9200897216797,17174900
2025-01-15,GOOGL,192.33671488233958,195.59396223510123,191.1115176062456,194.78712463378906,21776000
2025-01-16,GOOGL,193.38262220625612,194.71739096273467,192.05780896613516,192.1574249267578,17815400
2025-01-17,GOOGL,195.7632826747639,196.46054874763502,192.9941294144611,195.2353515625,27735100
2025-01-21,GOOGL,198.29339931939404,201.50082353528188,197.0980685764286,197.27737426757812,29971300
2025-01-22,GOOGL,198.28344103159932,199.6978996202174,196.7594109579838,197.59613037109375,26200600
2025-01-23,GOOGL,197.3670210617764,199.5185981768782,194.43848807720923,197.2076416015625,26951400
2025-01-24,GOOGL,197.32718592161126,200.11625050908367,197.22756995808922,199.428955078125,23877500
2025-01-27,GOOGL,191.65937189687645,196.11193470563097,189.98591802549169,191.06170654296875,41728900
2025-01-28,GOOGL,191.99804618358004,194.71739168696277,189.93611434526252,194.53810119628906,24157900
2025-01-29,GOOGL,194.7970833042233,196.0222806001553,192.6753879484473,194.64767456054688,18218300
2025-01-30,GOOGL,197.22758104242592,200.61431120284323,196.89886658344366,200.0863800048828,24354700
2025-01-31,GOOGL,201.2119817615517,204.6784017460065,201.01276501748202,203.22410583496094,32001100
2025-02-03,GOOGL,199.90707487204236,202.9551348332388,199.31938021531738,200.44496154785156,27838300
2025-02-04,GOOGL,202.59654903669593,206.24227455727316,202.01880986682883,205.57489013671875,43856400
2025-02-05,GOOGL,190.32460742693195,191.998046136523,187.29645852491726,190.58358764648438,70373900
2025-02-06,GOOGL,188.7607254709797,191.35058847007514,187.98376961110344,190.8525390625,29297400
2025-02-07,GOOGL,190.3046897826863,190.43417229867478,182.52516013677956,184.61695861816406,49315000
2025-02-10,GOOGL,186.61914089319663,187.46581586539978,185.1349480135509,185.74256896972656,23105600
2025-02-11,GOOGL,184.3081687207876,186.21072116923287,183.56109458441756,184.5970458984375,21239500
2025-02-12,GOOGL,182.50524456499636,184.38787090784842,181.12066768003388,182.8937225341797,22072600
2025-02-13,GOOGL,183.6009567802338,185.5533021151623,182.4255521731024,185.41384887695312,21402500
2025-02-14,GOOGL,184.3380502737544,185.67281908148942,183.60094685418304,184.50738525390625,20448400
2025-02-18,GOOGL,184.87593259008312,185.2345287451642,181.03099083809295,183.05307006835938,29916700
2025-02-19,GOOGL,183.35191045129994,184.73648715297452,182.87377209155156,184.54722595214844,19549400
2025-02-20,GOOGL,184.07906552714084,184.587070455128,182.00717815142445,183.83999633789062,20441500
2025-02-21,GOOGL,184.42769462228776,184.61695583425816,178.38138255149903,178.95912170410156,35199200
2025-02-24,GOOGL,181.28003655625,182.40561792977684,178.19212401815724,178.55072021484375,29854200
2025-02-25,GOOGL,177.3454308360551,178.04271218366185,174.0085088406691,174.73565673828125,41913400
2025-02-26,GOOGL,174.38703523452213,175.39308961437996,170.9106447310479,172.05615234375,35431300
2025-02-27,GOOGL,173.31125512309177,173.87902359915924,167.28485366729163,167.84266662597656,39991000
2025-02-28,GOOGL,168.02194319125016,169.94442183496423,166.11940597917265,169.61570739746094,48130600
2025-03-03,GOOGL,171.2592638730811,172.69364861452485,165.28267091657344,166.35845947265625,40770500
2025-03-04,GOOGL,165.59146927723793,172.61395362786732,165.15318337522604,170.25320434570312,45388000
2025-03-05,GOOGL,169.8547695105912,173.10204608630403,168.40045859307807,172.3450164794922,30954900
2025-03-06,GOOGL,169.86472052254288,174.12802200431332,169.83483877564933,171.67762756347656,28302000
2025-03-07,GOOGL,170.5918843353401,174.28741777289434,169.60575619699736,173.18174743652344,27385800
2025-03-10,GOOGL,167.7966101322015,167.99607150995365,163.23920372577845,165.41319274902344,43604000
2025-03-11,GOOGL,164.4558560210946,166.29078517095678,160.9255963482493,163.58824157714844,39587400
2025-03-12,GOOGL,166.12124110886077,167.17831943801426,163.07963775446962,166.6497802734375,28372400
2025-03-13,GOOGL,165.58271795856493,165.67248166266438,161.6635485106855,162.31175231933594,31756200
2025-03-14,GOOGL,162.82035345635094,166.03148669065808,162.00260445854184,165.03424072265625,31995900
2025-03-17,GOOGL,164.57550719551887,165.8420138841619,163.21925201833648,163.83753967285156,31184300
2025-03-18,GOOGL,163.2292289881846,163.797666550582,156.28840488131223,160.22752380371094,42074800
2025-03-19,GOOGL,161.31450558479577,165.41318720526314,160.5566041117451,163.4386444091797,34275600
2025-03-20,GOOGL,161.1250457167365,164.43589456907407,160.51672503978745,162.35165405273438,28138500
2025-03-21,GOOGL,160.7660482116765,163.7877026347692,160.44692216012342,163.53839111328125,36625800
2025-03-24,GOOGL,166.60991043967152,167.85646804378672,164.68521758619846,167.2182159423828,30879100
2025-03-25,GOOGL,168.51462053018605,170.16008551836464,167.85644975168057,170.09027099609375,24174400
2025-03-26,GOOGL,168.53459028680902,169.14291101426645,164.3860428738787,164.60543823242188,28901600
2025-03-27,GOOGL,164.1766304631432,164.96444818748884,161.55386834836875,161.793212890625,24508300
2025-03-28,GOOGL,160.04802279255455,161.37436185470784,153.20691433431318,153.9049835205078,48669300
2025-03-31,GOOGL,152.68834136730996,155.11164193370462,150.24509161947617,154.21412658691406,54603500
2025-04-01,GOOGL,153.19693997672525,157.66461343058796,153.19693997672525,156.637451171875,30672900
2025-04-02,GOOGL,154.72270392156926,157.9737354754909,154.2739462849113,156.6074981689453,25041700
2025-04-03,GOOGL,150.69384170810525,152.35924068042604,149.97582338010557,150.30491638183594,46883400
2025-04-04,GOOGL,147.60238713771614,150.65397293111235,144.9796402891217,145.19903564453125,62259500
2025-04-07,GOOGL,141.1601793715283,152.42906261628312,140.14298415460087,146.34585571289062,76794100
2025-04-08,GOOGL,150.80354683062922,151.82074204837693,142.63609935843277,144.30149841308594,52200200
2025-04-09,GOOGL,144.0222787835972,159.11061702523395,143.51368875470308,158.27293395996094,70406200
2025-04-10,GOOGL,156.10888048544342,157.28563866565491,149.51708388683267,152.39913940429688,48022000
2025-04-11,GOOGL,152.47891611104427,157.2357840662013,152.39914981719627,156.70724487304688,33636200
2025-04-14,GOOGL,159.5593589601424,161.27462328630523,157.12607630131762,158.63192749023438,30333000
2025-04-15,GOOGL,158.6917731015249,159.2103301054895,154.78257030571797,155.87953186035156,27551500
2025-04-16,GOOGL,152.67836778458886,155.46067741277207,151.09273508921532,152.90773010253906,28187400
2025-04-17,GOOGL,153.86506752718316,154.2539928304109,148.0910202997611,150.7436981201172,33046600
2025-04-21,GOOGL,148.46999532680982,148.53979463690146,145.6976525525358,147.26332092285156,26049100
2025-04-22,GOOGL,148.47995987784566,151.77087479980403,148.13091768280205,151.0528564453125,26971800
2025-04-23,GOOGL,155.1814586711159,157.09616926384234,153.38641273519517,154.92218017578125,31128800
2025-04-24,GOOGL,155.719954312099,159.15048293168,155.36094514919478,158.84133911132812,45894000
2025-04-25,GOOGL,164.61541287682232,165.6425750916004,160.59649729347288,161.51397705078125,56034000
2025-04-28,GOOGL,161.98265861948803,162.70067694860023,158.16321987401656,160.1676788330078,29745800
2025-04-29,GOOGL,159.87849612757626,160.29733764803302,157.086204107764,159.71893310546875,26809000
2025-04-30,GOOGL,157.5449218586139,158.83137774482094,154.9720253029664,158.3626708984375,34981100
2025-05-01,GOOGL,160.00812396444732,161.5039930234171,158.47237175928248,160.8557891845703,30203200
2025-05-02,GOOGL,162.95997467027814,164.51567601619934,161.42420728854916,163.57826232910156,25715000
2025-05-05,GOOGL,162.55110755610633,164.93452502755278,162.2718798770323,163.75778198242188,21341800
2025-05-06,GOOGL,161.72337824217448,164.3461400306944,160.74608144554134,162.78045654296875,21277200
2025-05-07,GOOGL,163.62814193511582,164.545606521222,147.43285979099062,150.96311950683594,127490100
2025-05-08,GOOGL,154.57313616382487,155.5005676767597,152.4789133936082,153.85511779785156,57498700
2025-05-09,GOOGL,153.74540257435322,154.62298385853498,151.78082688293327,152.32931518554688,32435300
2025-05-12,GOOGL,157.0562906900787,158.66185748829406,155.81970007226886,158.02362060546875,44138800
2025-05-13,GOOGL,158.35270013902556,160.12781218093087,155.72995326636035,159.09066772460938,42382100
2025-05-14,GOOGL,159.51949150800576,166.5400972975048,159.170449289238,164.91458129882812,48755900
2025-05-15,GOOGL,165.3832808496498,165.75227223459135,161.92283584781248,163.5084686279297,33146700
2025-05-16,GOOGL,167.26806720706887,168.88361607338598,165.16387753981013,165.73231506347656,42846900
2025-05-19,GOOGL,164.05692133905376,166.18106002472402,163.7677267167175,166.08132934570312,30426100
2025-05-20,GOOGL,165.9716462897934,168.03595283640126,162.45136908866291,163.5283966064453,46607700
2025-05-21,GOOGL,163.2392111991083,172.66318349220677,163.1095643409873,168.09579467773438,73416000
2025-05-22,GOOGL,171.3767414156938,176.28319020253375,170.23988151650855,170.39942932128906,74864400
2025-05-23,GOOGL,168.5944139952117,169.49194456610303,167.42763794814334,168.00604248046875,35211400
2025-05-27,GOOGL,169.69138381086714,172.69308880696215,169.53182079809207,172.423828125,37995700
2025-05-28,GOOGL,172.6831300854681,174.7873198647011,171.4365725199691,171.8853302001953,34784000
2025-05-29,GOOGL,173.5208248376079,173.9396663818934,170.16011028339477,171.38671875,29317300
2025-05-30,GOOGL,170.87811871209726,171.73575093359455,166.97888295989642,171.2670440673828,52639900
2025-06-02,GOOGL,167.37777366516244,169.40218193277036,166.92901598525125,168.5644989013672,38612300
2025-06-03,GOOGL,167.0287408798973,168.01600469808255,164.82482048675826,165.7223358154297,45084900
2025-06-04,GOOGL,166.28081407126308,167.75673398423967,165.90185569784677,167.5872039794922,26900800
2025-06-05,GOOGL,169.87088888051295,170.45926039928958,167.1284622369502,167.74676513671875,36379100
2025-06-06,GOOGL,170.35956350392388,174.01945508865876,170.35956350392388,173.2017059326172,35731800
2025-06-09,GOOGL,174.27002138780236,176.1970440586742,174.1002861656323,175.817626953125,28935900
2025-06-10,GOOGL,175.92747903926403,180.8298886948226,174.63948090794972,178.3237762451172,61766100
2025-06-11,GOOGL,179.49195401036374,180.09101684926247,176.47662077845203,177.07569885253906,31646800
2025-06-12,GOOGL,175.90749122267417,176.44666452455314,174.47971034788216,175.42823791503906,20941900
2025-06-13,GOOGL,172.17329464872896,176.85604320367563,172.1233689351953,174.39984130859375,27663100
2025-06-16,GOOGL,174.45974398959817,176.66633252587772,174.37986589593493,176.49659729003906,27389200
2025-06-17,GOOGL,175.4282431183839,177.08567926563504,174.30998028900405,175.6778564453125,24973000
2025-06-18,GOOGL,175.73776761612697,176.28692000243774,172.93211615674434,173.05194091796875,28707500
2025-06-20,GOOGL,173.68095462694552,174.07035081830173,165.20409556084024,166.38226318359375,75659900
2025-06-23,GOOGL,166.0128253516346,167.08116240174218,161.7494257286143,164.9344940185547,57671000
2025-06-24,GOOGL,166.66183161080377,167.95982401484335,165.87306016657053,166.51206970214844,40524300
2025-06-25,GOOGL,167.3707300173257,172.0934098171055,167.29085192583665,170.41600036621094,35479000
2025-06-26,GOOGL,172.16330733603075,173.4213683331891,169.6771681943881,173.27159118652344,31796700
2025-06-27,GOOGL,173.27158802075178,178.40363764116194,171.46438989107267,178.25387573242188,108140200
2025-06-30,GOOGL,180.5003780733202,180.94967899066734,174.30997094439113,175.95741271972656,63378900
2025-07-01,GOOGL,175.46818749328466,175.81763700531283,173.26159900853952,175.56802368164062,35904500
2025-07-02,GOOGL,175.26848197683447,178.58335417760583,174.79922295185074,178.3636932373047,29128900
2025-07-03,GOOGL,178.22391365801445,179.39210218822254,176.7761594232363,179.2523193359375,21689700
2025-07-07,GOOGL,178.78304908898676,179.0226833705182,175.40827199123135,176.5165557861328,34175600
2025-07-08,GOOGL,177.5749242496101,177.67476043779465,172.54271112131266,174.09031677246094,40442500
2025-07-09,GOOGL,174.97894087050608,179.1624626362242,172.50278095171484,176.34681701660156,43025600
2025-07-10,GOOGL,175.35836349959487,178.15402063985096,174.11029683512743,177.34527587890625,29252400
2025-07-11,GOOGL,176.51656530489134,181.14938835134018,176.20704719654847,179.91131591796875,34282900
2025-07-14,GOOGL,180.7300224544814,183.3859118317051,179.40207776586954,181.2791748046875,32536600
2025-07-15,GOOGL,182.5272506181519,183.93507346834292,181.31913062189142,181.718505859375,33448300
2025-07-16,GOOGL,182.95659839065306,184.04490889196538,181.74846312672318,182.68701171875,33104200
2025-07-17,GOOGL,181.85827589550698,183.77530432362263,180.20083982993623,183.29605102539062,31992600
2025-07-18,GOOGL,185.11324367348885,186.1316703490662,183.42587032160213,184.77377319335938,34014500
2025-07-21,GOOGL,185.9619330750015,189.99567783258155,185.86208164773134,189.8059844970703,45803100
2025-07-22,GOOGL,191.20380830960463,191.35357021159422,187.17006365240448,191.04405212402344,44660200
2025-07-23,GOOGL,191.20381577219638,192.23222149983224,188.88739669642578,189.93577575683594,58681900
2025-07-24,GOOGL,196.7252403051011,197.64381545602902,190.70456849752816,191.8727569580078,74881700
2025-07-25,GOOGL,191.68305419336826,194.02942546808288,190.96416662133603,192.88119506835938,39785900
2025-07-28,GOOGL,193.35047209995227,193.7498625541434,190.54482081320737,192.28213500976562,38139500
2025-07-29,GOOGL,192.13236281084488,195.61697034161693,191.78291329403916,195.44723510742188,41389200
2025-07-30,GOOGL,195.2974741739121,197.2943808004953,194.3888780023715,196.2260284423828,32445400
2025-07-31,GOOGL,195.40729975764043,195.68686545955075,190.79443520574372,191.60317993164062,51329200
2025-08-01,GOOGL,188.73762721302066,190.53484621084553,187.52950724447476,188.8374786376953,34832200
2025-08-04,GOOGL,189.9956738002762,194.96798225717674,189.82593856567027,194.7383270263672,31547400
2025-08-05,GOOGL,194.40884314692985,197.55396485726567,193.5901041516216,194.368896484375,31602300
2025-08-06,GOOGL,194.1991754853375,196.3258859841649,193.3704573812648,195.78671264648438,21562900
2025-08-07,GOOGL,196.75520727948205,197.23446060352177,194.0294340028213,196.21604919433594,26321800
2025-08-08,GOOGL,196.9149587094283,202.29662132319493,196.86503299798275,201.10845947265625,39161800
2025-08-11,GOOGL,200.62921267003748,201.16837075965444,198.76210983585918,200.68911743164062,25832400
2025-08-12,GOOGL,201.0585431482033,204.18370696130674,200.27975076589462,203.02549743652344,30397900
2025-08-13,GOOGL,203.81427054832747,204.21364576160173,197.2044995517677,201.6476287841797,28342900
2025-08-14,GOOGL,201.18833871082708,204.12379383237695,200.91875205563483,202.62611389160156,25230400
2025-08-15,GOOGL,203.534714766441,206.12070520105007,200.96868242883633,203.58462524414062,34931400
2025-08-18,GOOGL,203.88415594549542,204.9525082638803,202.17680937496152,203.18524169921875,18526600
2025-08-19,GOOGL,202.7159730378366,203.1253425488118,199.65072931767816,201.25823974609375,24240200
2025-08-20,GOOGL,200.41952632200108,200.9686786831588,196.29592455953664,199.01171875,28955500
2025-08-21,GOOGL,199.44105529785156,202.1668286588479,199.12154291514705,199.44105529785156,19774600
2025-08-22,GOOGL,202.41643648326647,208.21744781149425,200.98865555430208,205.771240234375,42827000
2025-08-25,GOOGL,206.11069972619865,210.19438514977915,204.9624845680577,208.1675262451172,29928900
2025-08-26,GOOGL,207.18903343187435,207.52851912382437,205.3818354433132,206.81961059570312,28464100
2025-08-27,GOOGL,205.38184246485358,208.58688428789492,205.3319167524022,207.15908813476562,23022900
2025-08-28,GOOGL,206.92944327697995,211.8917573213033,206.57997853322107,211.31265258789062,32339300
2025-08-29,GOOGL,210.1844065843309,214.31800279201352,209.87488848734807,212.58070373535156,39728400
2025-09-02,GOOGL,208.11761422314743,211.3525932568575,205.88107328271496,211.0231170654297,47523000
2025-09-03,GOOGL,225.86013881710127,230.95224175670688,224.4423216543269,230.30325317382812,103336100
2025-09-04,GOOGL,229.2947939629136,232.01058815431742,225.76027598883607,231.94070434570312,51684200
2025-09-05,GOOGL,231.84086323662245,235.39535470067108,231.5413241866342,234.63653564453125,46588900
2025-09-08,GOOGL,235.31608185012894,237.97434675109136,233.5172554040335,233.8870086669922,32474700
2025-09-09,GOOGL,234.0169206603603,240.3128053844981,233.07753270088136,239.47335815429688,38061000
2025-09-10,GOOGL,238.74382884116824,241.50203443312756,237.6945274082077,239.01365661621094,35141100
2025-09-11,GOOGL,239.7232054178332,242.09165136894262,236.09557331646107,240.21287536621094,30599300
2025-09-12,GOOGL,240.21286654309478,241.92175543476245,237.84442067897936,240.64259338378906,26771600
2025-09-15,GOOGL,244.5000723057695,252.24500622225327,244.5000723057695,251.44552612304688,58383800
2025-09-16,GOOGL,251.91521585326547,252.87457975705254,249.30692141357196,250.99581909179688,34109700
2025-09-17,GOOGL,251.0557800198683,251.43553649547647,246.11900683222018,249.36688232421875,34108000
2025-09-18,GOOGL,251.51547232528497,253.82397511354577,249.6367116291099,251.86524963378906,31239500
2025-09-19,GOOGL,253.08445699569828,255.83265939150547,251.64539584681071,254.55349731445312,55571400
2025-09-22,GOOGL,254.2636811395151,255.6128047936517,250.13639113793755,252.36492919921875,32290500
2025-09-23,GOOGL,252.8745862102155,254.1937306726042,250.31626206974443,251.49549865722656,26628000
2025-09-24,GOOGL,251.49550432970327,252.18505574615793,246.2789151995329,246.97845458984375,28201000
2025-09-25,GOOGL,244.24022750230412,246.32887284028934,240.58263166512353,245.6293182373047,31020400
2025-09-26,GOOGL,246.90849752367055,249.25695217808112,245.80921049475367,246.3788299560547,18503200
2025-09-29,GOOGL,247.6879914773483,250.98582213384148,242.61131034259105,243.89047241210938,32505800
2025-09-30,GOOGL,242.65128209661555,243.13096406959585,239.09361157011617,242.94110107421875,34724300
2025-10-01,GOOGL,240.59263270567308,246.13900797357311,238.45403213601972,244.7399139404297,31658200
2025-10-02,GOOGL,244.98974812584623,246.64866670301694,242.14162021805868,245.52940368652344,25483300
2025-10-03,GOOGL,244.33018254314118,246.138996907564,241.5020306823554,245.1896209716797,30249600
2025-10-06,GOOGL,244.61999567020933,251.1557292673991,244.42012945214807,250.26629638671875,28894700
2025-10-07,GOOGL,248.10771903747053,250.27629875611288,245.35951661425605,245.59934997558594,23181300
2025-10-08,GOOGL,244.79988761332393,245.84918907751907,243.66063338889384,244.46009826660156,21307100
2025-10-09,GOOGL,244.3101967172578,244.60000044134677,238.99366696134817,241.3721160888672,27892100
2025-10-10,GOOGL,241.27216783484693,243.93043262992407,235.6858257251368,236.4153594970703,33180300
2025-10-13,GOOGL,240.05299046060216,244.34017953936018,239.55331729181,243.9904022216797,24995000
2025-10-14,GOOGL,241.07230809804528,246.95845730298234,240.35277752895155,245.28955078125,22111600
2025-10-15,GOOGL,247.0883778879278,251.94520161834686,245.82920701293574,250.86590576171875,27007700
2025-10-16,GOOGL,251.60541868813706,256.79201310331337,249.93651222042618,251.29562377929688,27997200
2025-10-17,GOOGL,250.59608169913423,254.05382673080507,247.64801305801078,253.13442993164062,29671600
2025-10-20,GOOGL,254.52352413042843,257.1617826336821,254.06381810029453,256.3822937011719,22350200
2025-10-21,GOOGL,254.5734808325197,254.71338870395212,243.99039197294186,250.29627990722656,47312100
2025-10-22,GOOGL,254.20372304336274,256.19241249616164,249.12704181794433,251.52548217773438,35029400
2025-10-23,GOOGL,252.81462530948346,254.8732762688867,251.68537434804077,252.91456604003906,19901400
2025-10-24,GOOGL,256.412278354529,261.5089509442133,255.1531226659378,259.7501220703125,28655100
2025-10-27,GOOGL,264.6468909460984,269.9634205104271,264.10723541197956,269.0939636230469,35235200
2025-10-28,GOOGL,269.5137161039883,270.5530448339537,266.3257988486908,267.295166015625,29738600
2025-10-29,GOOGL,267.57498405043395,275.1600191542769,267.49504976173847,274.3905334472656,43580300
2025-10-30,GOOGL,291.3993974290424,291.3993974290424,279.87693527724974,281.2960205078125,74876000
2025-10-31,GOOGL,283.02486366213384,285.81304844327684,276.8489107040144,281.0061950683594,39267900
2025-11-03,GOOGL,281.9955439895644,285.3433603410046,279.61709481156873,283.5345458984375,29786000
2025-11-04,GOOGL,276.56908942406625,281.0861237356038,276.07941949471564,277.35858154296875,30078400
2025-11-05,GOOGL,278.6876991693174,286.23278206992967,277.15870054271744,284.1241455078125,31010300
2025-11-06,GOOGL,285.14348075532007,288.1615262521665,280.9562476047489,284.5638732910156,37173600
2025-11-07,GOOGL,283.0248465894465,283.59448127875606,275.0101005397699,278.647705078125,34479600
2025-11-10,GOOGL,284.23409016650885,290.6098939896417,282.6750818691635,289.9103698730469,29557300
2025-11-11,GOOGL,287.56189748708465,291.72918497214437,287.1321858980205,291.11956787109375,19842100
2025-11-12,GOOGL,291.4893355792204,291.8191369528623,283.504568014819,286.5225830078125,24829900
2025-11-13,GOOGL,282.15543354563385,282.65510670070455,277.0587612643864,278.3879089355469,29494000
2025-11-14,GOOGL,271.23257767900105,278.3778974858086,270.52305035910666,276.22930908203125,31647200
2025-11-17,GOOGL,285.59319216713175,293.7578650793077,283.38464532335746,284.83367919921875,52670200
2025-11-18,GOOGL,287.7318125744744,288.61121173854644,278.0181648979437,284.09417724609375,49158700
2025-11-19,GOOGL,286.9722907427786,303.6114007455407,286.44263841708545,292.61859130859375,68198900
2025-11-20,GOOGL,304.3409354639468,306.2197114167213,288.48131431646567,289.26080322265625,62025200
2025-11-21,GOOGL,296.2262391249899,303.7213362601199,293.6579118539212,299.464111328125,74137700
2025-11-24,GOOGL,310.9266228942269,319.27117069793417,309.39762425695875,318.3717346191406,85165100
2025-11-25,GOOGL,325.9967549915166,328.6150374741804,317.4423529194355,323.22857666015625,88632100
2025-11-26,GOOGL,320.4703785574214,324.287888914303,316.58293713459693,319.7408752441406,51373400
2025-11-28,GOOGL,323.15862038246837,326.6363566172421,316.5829348985448,319.970703125,26018600
2025-12-01,GOOGL,317.49233426982363,319.6409227326276,313.684827275924,314.6841735839844,41183000
2025-12-02,GOOGL,316.5329308632399,318.17187340075924,313.7047943107319,315.6035461425781,35854700
2025-12-03,GOOGL,315.68353592029735,321.369788644051,313.89469739870816,319.42108154296875,41838300
2025-12-04,GOOGL,322.0193865832628,322.14927599125497,314.4943097586067,317.4123840332031,31240900
2025-12-05,GOOGL,319.28113189003057,322.9487461411032,318.961364259978,321.0599670410156,28851700
2025-12-08,GOOGL,320.04998779296875,320.44000244140625,311.2200012207031,313.7200012207031,33909400
2025-12-09,GOOGL,312.3699951171875,317.989990234375,311.8999938964844,317.0799865722656,30194000
2025-12-10,GOOGL,315.8299865722656,321.30999755859375,314.67999267578125,320.2099914550781,33428900
2025-12-11,GOOGL,320.0799865722656,321.1199951171875,308.6000061035156,312.42999267578125,42353700
2025-12-12,GOOGL,313.70001220703125,314.8699951171875,305.55999755859375,309.2900085449219,35940200
2025-12-15,GOOGL,311.32000732421875,311.4200134277344,304.8800048828125,308.2200012207031,29151900
2025-12-16,GOOGL,304.95001220703125,310.7699890136719,302.5899963378906,306.57000732421875,30585000
2025-12-17,GOOGL,308.010009765625,308.0899963378906,296.1199951171875,296.7200012207031,43930400
2025-12-18,GOOGL,301.7200012207031,303.9599914550781,299.2300109863281,302.4599914550781,33518000
2025-12-19,GOOGL,301.7300109863281,307.25,300.9700012207031,307.1600036621094,59943200
2025-12-22,GOOGL,309.8800048828125,310.1300048828125,305.29998779296875,309.7799987792969,26429900
2025-12-23,GOOGL,309.6300048828125,314.94000244140625,309.32000732421875,314.3500061035156,25478700
2025-12-24,GOOGL,314.7699890136719,315.0799865722656,311.9200134277344,314.0899963378906,10097400
2025-12-26,GOOGL,314.4800109863281,315.0899963378906,312.2799987792969,313.510009765625,10880100
