Date,Ticker,Open,High,Low,Close,Volume
,,META,META,META,META,META
2012-05-18,META,41.7583025202686,44.687839417507796,37.73639773033992,37.96480178833008,573576400
2012-05-21,META,36.27659145587833,36.405690711132536,32.77108015460566,33.7939338684082,168192700
2012-05-22,META,32.383788169195476,33.35698954876293,30.72537272298183,30.784955978393555,101786600
2012-05-23,META,31.152391906519483,32.274552434682846,31.142461047707002,31.77802085876465,73600000
2012-05-24,META,32.721429725047805,32.97962446282299,31.549614970349158,32.800872802734375,50237200
2012-05-25,META,32.67177857725991,32.72143097624199,30.894194660760693,31.688644409179688,37149800
2012-05-29,META,31.261624185816416,31.470168410099447,28.451255845687054,28.639938354492188,78063400
2012-05-30,META,28.500912029129985,29.34501415776487,27.666738864776686,27.994449615478516,57267900
2012-05-31,META,28.35195301170228,29.464184605943185,26.643885025168508,29.394670486450195,111639200
2012-06-01,META,28.689593927470575,28.947790574935443,27.199999195716256,27.5277099609375,41855500
2012-06-04,META,27.01131998562894,27.458197292268284,26.256591721082376,26.71339988708496,35230300
2012-06-05,META,26.514788423007477,27.567434893601398,25.571377617341934,25.6905460357666,42473400
2012-06-06,META,25.889155053798582,26.98152485696207,25.342971099275626,26.624021530151367,61489200
2012-06-07,META,26.812705102509298,27.1602775845135,25.968601044532697,26.127490997314453,26159500
2012-06-08,META,26.365826224015994,27.567433636370072,26.25659056406938,26.912012100219727,38034000
2012-06-11,META,26.99145837962805,27.875284031352404,26.653816736338747,26.8226375579834,28219600
2012-06-12,META,27.28937731050169,27.57736655853836,26.772983972440098,27.209932327270508,15816800
2012-06-13,META,27.468127470025763,27.905075800576995,26.91201261830819,27.080833435058594,17102800
2012-06-14,META,27.45819778491689,28.123550221249634,27.190070259651954,28.093759536743164,16855000
2012-06-15,META,28.31222807213062,29.891198489296286,28.153338134036243,29.801822662353516,43563800
2012-06-18,META,29.752171528742995,31.857468167099853,29.205987545373517,31.192113876342773,42978900
2012-06-19,META,31.321212110830004,31.9567719095652,30.487038927931255,31.688644409179688,30849000
2012-06-20,META,31.698578269301564,31.708509128861845,30.93391913022008,31.38079833984375,15553600
2012-06-21,META,31.450306481376998,32.274548726946634,31.291416546866042,31.61912727355957,21875300
2012-06-22,META,32.18517612961737,33.21796270162605,31.83760554684292,32.820735931396484,74834000
2012-06-25,META,32.63205620431654,32.7909461591691,31.331142094549364,31.83760643005371,24352900
2012-06-26,META,32.463232299937594,33.20802964615285,32.274551669327735,32.87038803100586,24858700
2012-06-27,META,32.234828013543805,32.67177821145846,31.678713195876906,32.00642395019531,28568000
2012-06-28,META,31.738296222648113,31.966700284340234,30.685649851882946,31.142459869384766,17713300
2012-06-29,META,31.69857546298254,31.76808957963253,30.54662237362308,30.88426399230957,19526900
2012-07-02,META,31.033222733562184,31.509892580161473,30.33807778668335,30.55655288696289,14122000
2012-07-03,META,30.695582774546278,31.221906942382066,30.586345218513753,30.983572006225586,8763600
2012-07-05,META,31.102738442356667,31.4105874972872,30.804820246503596,31.251697540283203,10032100
2012-07-06,META,31.2219041977642,31.678712311711486,31.043152537830903,31.509891510009766,10945600
2012-07-09,META,31.877326167575365,32.651918014374104,31.768090507129415,31.946840286254883,17785200
2012-07-10,META,32.205039176424876,32.254691577694494,30.94384848535267,31.251697540283203,14269500
2012-07-11,META,31.261627534327836,31.34107251063153,30.338078500973843,30.755165100097656,13030300
2012-07-12,META,30.487037769806687,31.1821807997372,30.387731081497318,30.59627342224121,11300700
2012-07-13,META,30.82468067483334,30.85447135670147,30.348008929649463,30.506898880004883,8108300
2012-07-16,META,30.28842531052311,30.28842531052311,28.014309845245094,28.054033279418945,24672100
2012-07-17,META,28.282437523988904,28.391675074546267,26.961663635164157,27.895143508911133,30438600
2012-07-18,META,28.11361793466846,29.086821285032276,27.954727978306554,28.908069610595703,16841800
2012-07-19,META,29.205987688004953,29.29536352486446,28.431397733261765,28.798831939697266,13685100
2012-07-20,META,28.7988322198401,29.26557123255514,28.520773847559273,28.560497283935547,11869100
2012-07-23,META,27.92493676507362,28.798831508470617,27.815699211854877,28.550565719604492,12390700
2012-07-24,META,28.620079705018412,29.245710550772476,27.90507491827427,28.252647399902344,11539800
2012-07-25,META,28.193060115047405,29.285429877220025,27.885211091911007,29.136470794677734,17230200
2012-07-26,META,27.55750233374935,28.034172189798944,26.544577469055735,26.663745880126953,64597400
2012-07-27,META,23.029135103256458,24.36977074182211,22.125447783404145,23.5455265045166,123102300
2012-07-30,META,23.83351639211694,23.873239828613634,22.87024578648459,22.989412307739258,29285900
2012-07-31,META,23.207887166849723,23.207887166849723,21.460095756549574,21.55940055847168,56179400
2012-08-01,META,21.350856977804142,21.430301951259175,20.695435473270724,20.735157012939453,44604400
2012-08-02,META,20.625919359724424,20.695433467997347,19.682508734004312,19.900983810424805,56374500
2012-08-03,META,20.218767028172223,22.006280001355112,19.76195697868558,20.943702697753906,80647000
2012-08-06,META,21.241620184260825,21.996348405976992,21.152244349181434,21.7679443359375,27778900
2012-08-07,META,22.046000061538336,22.29426581946504,20.357792149989777,20.576265335083008,36782900
2012-08-08,META,20.566334477471848,21.003282741775728,20.0797338192296,20.576265335083008,29537400
2012-08-09,META,20.606063040005026,21.023149692965024,20.467034787057656,20.864259719848633,15610700
2012-08-10,META,21.261481785808634,21.66863752378453,20.983423423288514,21.658706665039062,25794700
2012-08-13,META,21.996352691182008,22.294272830858308,21.251555183168275,21.45016860961914,24973100
2012-08-14,META,21.261482222481455,21.450164754285222,20.10952910199533,20.23862648010254,39308800
2012-08-15,META,20.49682547590222,21.261484655449593,20.258490516196137,21.052942276000977,47861100
2012-08-16,META,20.29821200184021,20.337933544240464,19.55341461418779,19.732166290283203,157565300
2012-08-17,META,19.87119602179549,19.940710146803358,18.86820190382437,18.91785430908203,129293400
2012-08-20,META,18.91785136764548,19.990359443865863,18.61993319418553,19.871192932128906,101186600
2012-08-21,META,19.444174728159663,19.84139957515689,18.957574053823375,19.027088165283203,70640600
2012-08-22,META,19.225704098380696,19.394524917620856,18.828477304320746,19.30514907836914,49892200
2012-08-23,META,19.36473233983104,19.5931364205331,19.225704098380696,19.30514907836914,32813700
2012-08-24,META,19.384591931166927,19.543481873707844,19.116464442835063,19.275354385375977,29622200
2012-08-27,META,19.354800123100283,19.39452355736733,18.967506109584573,19.01715850830078,20704000
2012-08-28,META,18.96750802449065,19.24556451596138,18.818548919185936,19.205842971801758,25417000
2012-08-29,META,19.18598154757059,19.245564811784774,18.93771573687404,18.96750831604004,16124700
2012-08-30,META,19.136328431825568,19.31508011194215,18.927784173650302,18.957576751708984,30647500
2012-08-31,META,18.550419042136568,18.570280758758056,17.904928404878678,17.93471908569336,58764200
2012-09-04,META,17.954580437693995,18.143262953531252,17.428256322618488,17.60700798034668,46622400
2012-09-05,META,18.14326558498039,18.619935478645445,18.05388974315347,18.451114654541016,60781800
2012-09-06,META,18.610002746399363,19.126396026298185,18.590141029299197,18.828475952148438,46066500
2012-09-07,META,18.96750749821855,19.285287419149576,18.649727577287525,18.848339080810547,36371700
2012-09-10,META,18.927781606419114,19.066811724384802,18.42131921282104,18.679515838623047,24797800
2012-09-11,META,18.788753217539895,19.44417468723521,18.71923910622637,19.295215606689453,50508200
2012-09-12,META,20.61599021685791,21.013215078681103,20.139320382670082,20.78481101989746,121584000
2012-09-13,META,20.814601450520637,21.330994711742548,20.46703088442659,20.566335678100586,65041600
2012-09-14,META,20.983421618474576,21.926832282855685,20.75501756932714,21.847387313842773,72819800
2012-09-17,META,22.512742178304546,22.592187156276196,21.350858191645635,21.37071990966797,50667600
2012-09-18,META,21.450164727382894,21.827527896399477,21.221760654185548,21.718292236328125,36760500
2012-09-19,META,21.83745767099614,23.207885830366855,21.618984467584067,23.128440856933594,78782800
2012-09-20,META,22.86031365153248,23.07878685771825,22.383643804881206,22.43329620361328,57248900
2012-09-21,META,22.810659300776315,23.078786799131095,22.443227005209476,22.70142364501953,51218100
2012-09-24,META,21.628914698719818,21.82752617948381,20.218765040590135,20.645782470703125,79106500
2012-09-25,META,21.052938502372868,21.062867466561087,20.079735223700542,20.139320373535156,46291700
2012-09-26,META,20.010224013056458,20.63585491827283,19.662651498393785,20.476964950561523,38271900
2012-09-27,META,20.844399139976716,20.854330000604495,20.020156649050875,20.179046630859375,30215900
2012-09-28,META,20.427307623146,21.797735759114953,20.357793509343633,21.509746551513672,65486000
2012-10-01,META,21.9268354038346,22.43329786367382,21.579262904636966,21.837459564208984,51262700
2012-10-02,META,21.9268341349604,22.33398987230768,21.66863749032985,22.115516662597656,29341400
2012-10-03,META,22.1453068720009,22.333989395610917,21.648775310798033,21.67856788635254,32000100
2012-10-04,META,22.165169430108758,22.244614407151104,21.261482105957953,21.79773712158203,46892100
2012-10-05,META,21.340928295750306,21.479956539945615,20.735159127554578,20.764951705932617,40529300
2012-10-08,META,20.258485794067383,20.606058239582627,20.0201508899157,20.258485794067383,32236700
2012-10-09,META,20.24855439105111,20.4074443228737,19.83146784648745,20.089664459228516,27161800
2012-10-10,META,19.79174666724818,19.801677524930724,19.31507686319056,19.50375747680664,39321800
2012-10-11,META,19.7420944301056,19.821539405703138,19.47396882128743,19.61299705505371,21817300
2012-10-12,META,19.612998043208872,19.662650445164843,19.344870526764094,19.384593963623047,18809400
2012-10-15,META,19.543483922823423,19.742095424765033,19.35480138597883,19.384593963623047,20189700
2012-10-16,META,19.543484927263183,19.55341578698832,19.166119834179277,19.344871520996094,21834700
2012-10-17,META,19.36473088681641,20.337932292181016,19.235633514316042,19.742094039916992,44074500
2012-10-18,META,19.563345797023093,19.65272163654966,18.75896324128398,18.848339080810547,52157400
2012-10-19,META,18.86819839477539,18.927781648827047,18.669585022446547,18.86819839477539,34835000
2012-10-22,META,19.066811429795862,19.295215478051123,18.91785045612573,19.185977935791016,32447300
2012-10-23,META,19.116466937920986,19.662650949928764,18.967507834111387,19.36473274230957,78381200
2012-10-24,META,23.9626116940018,24.081780099037623,22.691492142246588,23.06885528564453,228949900
2012-10-25,META,23.12843896477304,23.14829878591842,22.314125686054926,22.403501510620117,76142000
2012-10-26,META,22.244613686924716,22.721283533745385,21.728220405810195,21.787805557250977,73175800
2012-10-31,META,20.675576574563635,21.35085988803475,20.586200730479646,20.963565826416016,99378200
2012-11-01,META,20.933770744551715,21.291274078151034,20.864256628377984,21.062868118286133,37713900
2012-11-02,META,21.11252412858749,21.539541613093,20.92384158782785,21.033079147338867,38344400
2012-11-05,META,20.953633370838702,21.330996543918186,20.77488169628401,21.10259246826172,31806700
2012-11-06,META,21.092661702504817,21.221760976528707,20.84439590766255,21.023147583007812,29062700
2012-11-07,META,20.705368004677577,20.804674703049585,20.228698125433223,20.3280029296875,33396800
2012-11-08,META,20.377651934949267,20.586194242677273,19.841397039447703,19.851327896118164,34254600
2012-11-09,META,19.82153953356673,19.86126296868056,18.997297196131193,19.07674217224121,42295500
2012-11-12,META,19.017156626287488,20.030081370442936,18.739100190406127,19.930774688720703,67349200
2012-11-13,META,19.473968938945166,19.970500512959127,19.42431464507319,19.72223472595215,71775100
2012-11-14,META,19.96057183274182,22.343923269311478,19.791751003386754,22.20489501953125,229751000
2012-11-15,META,22.185031370705453,22.343921326385892,21.49981725301,22.016210556030273,78857700
2012-11-16,META,22.09565604577313,23.76400251318697,22.026141925317173,23.396568298339844,107182200
2012-11-19,META,23.793789998645835,23.95268183076861,22.661698716828646,22.761005401611328,85021300
2012-11-20,META,22.572324115372794,23.734208033937954,22.5425334342029,22.93975830078125,46655300
2012-11-21,META,23.0589249004629,24.359838947813788,22.89010409476716,24.151294708251953,89862400
2012-11-23,META,24.409493661456054,24.50880036142371,23.714348655800222,23.83351707458496,29520900
2012-11-26,META,24.766994345293483,25.90901653612441,24.6378950810615,25.76005744934082,123865000
2012-11-27,META,25.859365567325987,26.31617371125046,25.28338711680227,25.96860122680664,85760600
2012-11-28,META,25.760058409265532,26.306242379197585,25.57137588211254,26.17714500427246,49205600
2012-11-29,META,26.31617403732651,27.329098926559016,25.97853240758234,27.13048553466797,88759700
2012-11-30,META,27.070898728826513,27.80576515197754,26.574367208255484,27.80576515197754,127049600
2012-12-03,META,27.805768149366838,28.679662886363747,26.792843283623096,26.852428436279297,123526100
2012-12-04,META,26.872289189662702,27.567434175100285,26.494926013702504,27.269514083862305,72869200
2012-12-05,META,27.557501830944616,27.706460921477554,27.070901125007634,27.517778396606445,58976300
2012-12-06,META,27.487985133660835,27.55749924310718,26.633950316765883,26.782909393310547,46001500
2012-12-07,META,26.882220253885585,27.587296103822382,26.65381617474287,27.299306869506836,51751900
2012-12-10,META,26.981528648518484,27.974591901104198,26.91201452389634,27.646881103515625,50608500
2012-12-11,META,27.87527975748555,28.044100553246423,27.468124054906536,27.785903930664062,77099100
2012-12-12,META,27.805768007622202,27.944796241542672,27.18013906086246,27.388681411743164,46704200
2012-12-13,META,27.39861480584308,28.55056800694156,27.239724839768655,28.044105529785156,81051600
2012-12-14,META,27.984518828422885,28.13347791655482,26.57436913214658,26.624021530151367,91631600
2012-12-17,META,26.584299582755193,26.812703640661507,26.13742043109715,26.564437866210938,57742500
2012-12-18,META,26.77298104982416,27.716391780062096,26.713397792434506,27.517778396606445,60512900
2012-12-19,META,27.636946664742773,28.024240676979364,26.763051949047558,27.219860076904297,61390300
2012-12-20,META,27.299307267832926,27.4085448264593,26.941803908050435,27.170209884643555,35574800
2012-12-21,META,26.47506378423434,26.822636270241567,25.93881066094925,26.077838897705078,54555200
2012-12-24,META,26.31617143359806,26.77297953798601,26.01825326935527,26.743188858032227,28230100
2012-12-26,META,26.842496481002755,26.991455568323087,26.197003945752055,26.32610321044922,33175400
2012-12-27,META,26.365826710985637,26.614092506358826,25.342972846283427,25.869295120239258,43481700
2012-12-28,META,25.30324910508733,25.928879962598394,24.975538334906474,25.730266571044922,56574800
2012-12-31,META,26.01825429844046,26.802773172172106,25.928878466809095,26.435340881347656,60374500
2013-01-02,META,27.24965037929087,27.9845168024419,27.229788663879845,27.80576515197754,69846400
2013-01-03,META,27.686599625753058,28.27250703233653,27.39861229888799,27.577363967895508,63140600
2013-01-04,META,27.815699898939684,28.72931810029932,27.636948223481845,28.560497283935547,72715400
2013-01-07,META,28.49097823129499,29.58334791897299,28.45125480179667,29.215913772583008,83781800
2013-01-08,META,29.305292857308046,29.394668689511843,28.659802209038745,28.858413696289062,45871300
2013-01-09,META,29.46418557180941,30.387734661903018,29.285433890614808,30.377803802490234,104787700
2013-01-10,META,30.387733128682857,31.231837195002484,30.069953219978448,31.082876205444336,95316400
2013-01-11,META,31.06301731977145,31.73829869910146,30.88426564219791,31.499963760375977,89598000
2013-01-14,META,31.85746822590782,31.986563710129683,30.40759501668265,30.735305786132812,98892800
2013-01-15,META,30.42745219064794,31.49002938408193,29.672724021919706,29.891199111938477,173242600
2013-01-16,META,30.000434307520457,30.139464424727148,29.325153013860376,29.642932891845703,75332700
2013-01-17,META,29.871338298268014,30.208979907482632,29.8216859003731,29.93092155456543,40256700
2013-01-18,META,30.09974094866672,30.22884020773188,29.066956346732837,29.45425033569336,49631500
2013-01-22,META,29.54362900237534,30.67572039836552,29.533698143483786,30.516830444335938,55243300
2013-01-23,META,30.884267190783742,31.281492108577027,30.586347081850413,30.60620880126953,48899800
2013-01-24,META,31.053085300733994,31.271558512876332,30.59627526465028,30.864402770996094,43845100
2013-01-25,META,31.192111598415142,31.708504861343727,30.9140532505034,31.321210861206055,54363600
2013-01-28,META,31.65885310328046,32.284482068492146,31.589338984270015,32.2447624206543,59682500
2013-01-29,META,31.778023528467255,31.84753765187693,30.496971045799373,30.576417922973633,72976500
2013-01-30,META,30.76509400404501,31.27155640609389,30.66578731644606,31.023290634155273,87682100
2013-01-31,META,28.947789337772054,31.25169545469615,28.540633613356206,30.765094757080078,190744900
2013-02-01,META,30.79488900570691,30.804819864661273,29.424460775887514,29.523767471313477,85856700
2013-02-04,META,28.858413551701474,28.997443675609464,27.81569804003821,27.91500473022461,92362200
2013-02-05,META,28.063964884602697,28.759107954081014,27.845491673186824,28.441328048706055,47948200
2013-02-06,META,28.540633103075887,29.086818941415007,28.461188131296066,28.848482131958008,38375900
2013-02-07,META,28.908067720956854,28.947789260392,28.073894557525524,28.451257705688477,34540100
2013-02-08,META,28.68959514485728,28.967653521799303,28.312231963545283,28.351953506469727,37708800
2013-02-11,META,28.411537325042023,28.481051442476897,27.84549163265216,28.06396484375,37361800
2013-02-12,META,27.478057732187324,27.96465845363361,26.912012033650164,27.180139541625977,93498700
2013-02-13,META,27.170210409001307,28.123550194662794,27.12055611134116,27.716394424438477,50164000
2013-02-14,META,27.825629646739753,28.431396874343353,27.8156987880423,28.30229949951172,35615800
2013-02-15,META,28.32216381900043,28.55056790767355,27.895146326365946,28.123550415039062,33109300
2013-02-19,META,28.034169900190513,28.878273885162145,27.92493425092417,28.72931480407715,49396400
2013-02-20,META,28.719383226061364,28.848480588000264,28.1334758802486,28.2625732421875,42098200
2013-02-21,META,28.083828207509416,28.351953834172264,26.96166572162814,27.09076499938965,49642300
2013-02-22,META,27.428401715221217,27.438330678695433,26.63395015494745,26.94179916381836,36350200
2013-02-25,META,26.97159587889136,27.44826575179214,26.961665019774546,27.080833435058594,34652000
2013-02-26,META,27.17021007882317,27.26951488470113,26.514788510616274,27.200000762939453,31611700
2013-02-27,META,27.15034609004464,27.15034609004464,26.445270283730192,26.68360710144043,44319700
2013-02-28,META,26.65381833171865,27.110626526971544,26.157286696469225,27.06097412109375,83027800
2013-03-01,META,26.862357978919185,27.92493716140598,26.624023045519188,27.587295532226562,54064800
2013-03-04,META,27.56743339629409,27.865351584997892,27.24965348991199,27.5277099609375,32400700
2013-03-05,META,27.686599186022143,27.98451926100885,27.021246814238044,27.329097747802734,40622200
2013-03-06,META,27.905075100333267,27.934865782818438,27.16027773232144,27.259584426879883,33532600
2013-03-07,META,27.37875038892233,28.48105107730689,27.279443696381065,28.381744384765625,74540200
2013-03-08,META,28.232783567533843,28.27250510565215,27.537638656347184,27.766042709350586,44198900
2013-03-11,META,27.815700134787036,28.44132911007644,27.636948457813574,27.94479751586914,35642100
2013-03-12,META,27.90507513928268,28.123548352322068,27.40854355991508,27.636947631835938,27569600
2013-03-13,META,27.42840396070281,27.458194641799164,26.7332590253185,26.892148971557617,39619500
2013-03-14,META,26.91201169481786,27.239722457956404,26.643884190217875,26.852428436279297,27646400
2013-03-15,META,26.842496805813475,26.87228748716749,26.375755927346344,26.465131759643555,31597400
2013-03-18,META,26.18707547468223,26.604162063504713,25.601168078619278,26.306241989135742,26653700
2013-03-19,META,26.34596392386069,26.71339619898347,26.028182150463778,26.36582374572754,25254200
2013-03-20,META,26.494922041286184,26.50485289891694,25.601165689809644,25.68061065673828,44006500
2013-03-21,META,25.48200026002515,25.928879434866264,25.38269356626961,25.561445236206055,24336100
2013-03-22,META,25.621029699886787,25.82957395599398,25.452208880797244,25.551515579223633,18456300
2013-03-25,META,25.5713770412445,25.621029442900802,24.9060246308144,24.955677032470703,39199000
2013-03-26,META,24.906022639918532,25.30324750376939,24.856370242231257,25.035120010375977,26957200
2013-03-27,META,24.826578585029512,26.09770009046537,24.548520222994835,25.90901756286621,52297400
2013-03-28,META,25.909015957395013,25.988460928179535,25.342970303790594,25.40255355834961,28585700
2013-04-01,META,25.452208167614966,25.710404818641702,25.104637574038275,25.352903366088867,22249300
2013-04-02,META,25.59123818128379,25.93881066737715,25.124497282143288,25.24366569519043,35153300
2013-04-03,META,25.650818863444286,26.2069336488466,25.52172149855566,26.06790542602539,48195200
2013-04-04,META,26.43534015545812,27.041107349293235,25.92887775482654,26.882217407226562,82016800
2013-04-05,META,26.673678472962322,27.607156528215928,26.4254126700319,27.200000762939453,64566600
2013-04-08,META,27.00138750169149,27.011318360457228,26.445270775515993,26.663745880126953,27256000
2013-04-09,META,26.395615330734405,26.703464340487425,26.236725397047852,26.405546188354492,21311100
2013-04-10,META,26.822635031944802,27.64687734373508,26.713397482898205,27.37874984741211,45949400
2013-04-11,META,27.28937517260067,27.905075164995594,27.06097110046935,27.82563018798828,33368500
2013-04-12,META,27.805770648563282,27.805770648563282,27.05104236080814,27.209932327270508,28697400
2013-04-15,META,26.97159457457979,27.289374474479548,26.177144824830393,26.336034774780273,30275400
2013-04-16,META,26.624019752443434,26.92193980293251,26.216864054814064,26.733257293701172,27365900
2013-04-17,META,26.465132255683415,27.011318118194467,26.20693561244289,26.445270538330078,26440600
2013-04-18,META,26.63394969263131,26.63394969263131,24.975534385964213,25.511789321899414,39059000
2013-04-19,META,25.44227991566056,25.77991965972192,25.1542906796358,25.551515579223633,20380900
2013-04-22,META,25.630958381302317,26.177144229179692,25.521722727020897,25.78984832763672,25687600
2013-04-23,META,26.03811481799057,26.147352369378464,25.59123754199193,25.799779891967773,25191500
2013-04-24,META,25.750127118729026,26.216866105314296,25.62102785185128,25.928878784179688,19729900
2013-04-25,META,25.889155546299456,26.216866304070933,25.819641430123326,25.958669662475586,17150000
2013-04-26,META,26.415480093336416,27.428404958030033,26.415480093336416,26.663745880126953,33018000
2013-04-29,META,26.9715945319306,27.219860315099414,26.673676349775064,26.792842864990234,29201100
2013-04-30,META,26.941802267633488,27.65680894366356,26.82263575104023,27.577363967895508,36245700
2013-05-01,META,27.656809815018796,27.726323934241247,27.120554791101,27.239723205566406,64567600
2013-05-02,META,27.81569942662246,28.818693448679934,27.785906849846135,28.769039154052734,104257000
2013-05-03,META,28.8385544745811,28.86834515652496,27.954726992600055,28.113616943359375,58506400
2013-05-06,META,28.133478044033673,28.262575415901633,27.289374015304453,27.37874984741211,43939400
2013-05-07,META,27.358887916319347,27.65680798571874,26.663744875955896,26.703466415405273,41259100
2013-05-08,META,26.693534609478228,27.110621176538082,26.465130556928603,26.93187141418457,34654900
2013-05-09,META,26.89214997726579,27.35888897503353,26.66374590776994,26.852428436279297,33457200
2013-05-10,META,26.951732674770764,27.11062262364453,26.38568699514327,26.494924545288086,30847100
2013-05-13,META,26.415477994003318,27.14041357923021,26.34596388228533,26.63395118713379,29068800
2013-05-14,META,26.70346574887218,27.090761640012516,26.6339516359827,26.882217407226562,24930300
2013-05-15,META,26.73326148914875,26.802775610270327,26.216868169220234,26.415481567382812,30299800
2013-05-16,META,26.29631056369,26.36582467797558,25.720334038601173,25.94873809814453,35499100
2013-05-17,META,26.216864506779185,26.41547787719589,26.018253030479954,26.06790542602539,29462700
2013-05-20,META,25.998396924800904,26.008327784876464,25.51179614580576,25.581310272216797,42402900
2013-05-21,META,25.690544597994695,25.899086950919592,25.412486233310517,25.48200035095215,26261300
2013-05-22,META,25.472070556048685,25.670683952564175,24.74713487876728,24.985469818115234,45314500
2013-05-23,META,24.627963272466587,25.352900749979053,24.598172592729863,24.886159896850586,37663100
2013-05-24,META,24.796784630607075,24.796784630607075,23.912959088221857,24.1413631439209,58727900
2013-05-28,META,24.369773455877134,24.369773455877134,23.75407339756901,23.932825088500977,50079700
2013-05-29,META,23.624974561265,23.644834385839832,23.098650380618135,23.158233642578125,64237800
2013-05-30,META,23.962614980723057,24.608107597516995,23.764003470578448,24.379701614379883,60733200
2013-05-31,META,24.459145886187503,24.7769277025924,24.101644420673328,24.181089401245117,35925000
2013-06-03,META,24.10164162689504,24.15129402370272,23.545524933237886,23.684555053710938,35733800
2013-06-04,META,23.724278162286605,23.764001597655465,23.158232467103886,23.35684585571289,34760800
2013-06-05,META,23.18802137964846,23.545522770890503,22.631906631180676,22.74114227294922,53819700
2013-06-06,META,22.83051921674324,22.929825900238487,22.512739344852402,22.810657501220703,31260700
2013-06-07,META,22.870244219746105,23.237676511580844,22.701423414435727,23.128440856933594,38699200
2013-06-10,META,23.893100654688297,24.429355705174988,23.823586532021753,24.16122817993164,58393000
2013-06-11,META,23.86330795288086,24.181087854845742,23.833515376777545,23.86330795288086,29885900
2013-06-12,META,23.992402229855916,24.091708909926847,23.416425758385365,23.6051082611084,26445800
2013-06-13,META,23.555454960646657,23.66469250271189,23.10857772278585,23.565385818481445,31189300
2013-06-14,META,23.396565599476766,23.724276339622243,23.09864743356906,23.466079711914062,30677100
2013-06-17,META,23.744140738800578,24.081782375177852,23.585250779813357,23.853378295898438,33664500
2013-06-18,META,23.92289052459452,24.5187287707422,23.912959666178345,24.042057037353516,36709100
2013-06-19,META,24.03212749221822,25.015259722247485,23.93282080457417,24.1413631439209,31790600
2013-06-20,META,24.111572183156433,24.57831114730374,23.485941384155627,23.734207153320312,42765600
2013-06-21,META,24.419423653283005,24.52866120877817,23.883168628980567,24.359840393066406,45833900
2013-06-24,META,23.783862361739942,23.94275230860949,23.217814795134917,23.7739315032959,40626000
2013-06-25,META,23.97254383471223,24.260533057386656,23.87323903500705,24.0817813873291,24713200
2013-06-26,META,24.339979345142225,24.479007587514907,23.823586024732627,23.992406845092773,29890300
2013-06-27,META,24.07184890003588,24.667687128545772,24.042056325669257,24.488935470581055,34694100
2013-06-28,META,24.508799315039937,24.806717508105766,24.250602663794638,24.70741081237793,96778900
2013-07-01,META,24.796785532468753,24.886161365187252,24.449214954249697,24.637895584106445,20582200
2013-07-02,META,24.52866037834956,24.598174495268438,24.131433606040034,24.240671157836914,18394100
2013-07-03,META,24.051990632058306,24.538591385104013,23.982476509354317,24.349910736083984,10404400
2013-07-05,META,24.479009031049667,24.48893989096445,24.032131699591663,24.200952529907227,20229500
2013-07-08,META,24.300256438139925,24.866304067548384,24.250604034528312,24.538591384887695,27064600
2013-07-09,META,24.89608985374953,25.313176402025572,24.856368317499026,25.303245544433594,30387900
2013-07-10,META,25.40255379463761,25.65081956741324,25.293316248498723,25.62102699279785,26721800
2013-07-11,META,25.779919564508106,25.819643001379042,25.273459003227728,25.63096046447754,26777400
2013-07-12,META,25.561445756459772,25.750128289023806,25.372763223895742,25.730266571044922,16537900
2013-07-15,META,25.75012575767802,26.246657293632882,25.472067415660998,26.097698211669922,24234000
2013-07-16,META,26.206932856256493,26.56443615454742,25.829569736818513,26.137418746948242,30817600
2013-07-17,META,26.187075298378968,26.5942310259029,26.117559288945237,26.465131759643555,21518500
2013-07-18,META,26.5644377656482,26.584299482117267,25.938808849812872,25.99839210510254,24806900
2013-07-19,META,25.64088862313852,25.92887782776796,25.422415425711634,25.700471878051758,46539700
2013-07-22,META,25.80971185970265,25.94874009899397,25.541584346111357,25.869295120239258,27526300
2013-07-23,META,25.91894741723217,26.117558901745614,25.78984815288676,25.94873809814453,28221600
2013-07-24,META,26.137420689647435,26.345964927189947,25.869293196000303,26.32610321044922,82635600
2013-07-25,META,33.307339209757735,34.638043992258496,32.52281840620263,34.12165069580078,365457900
2013-07-26,META,33.53574531829051,34.48908509816207,33.32720295173777,33.774078369140625,136028900
2013-07-29,META,33.8336605271821,35.382840373341125,33.774075375633025,35.184226989746094,124718800
2013-07-30,META,35.40270068470784,37.69667399884458,35.07498804655398,37.36896514892578,173582800
2013-07-31,META,37.69667662419461,38.04425100294929,36.07798640179267,36.54472351074219,154828700
2013-08-01,META,37.04125408742019,38.024388255493456,36.663889036335625,37.22993850708008,106066500
2013-08-02,META,37.39875112408836,38.22299520369329,37.239861201159464,37.78604507446289,73058500
2013-08-05,META,38.16341414380107,39.047239671387885,37.98466248785823,38.91814041137695,79994800
2013-08-06,META,38.838705763261984,38.97773401733347,37.676819747512354,38.282588958740234,63950800
2013-08-07,META,38.34217750385121,38.66988644762426,37.43848998439031,38.600372314453125,68854800
2013-08-08,META,38.858562908983096,38.91814427472194,38.16341793222552,38.27265548706055,41301000
2013-08-09,META,38.32230505998459,38.47126603981007,37.746326645443524,38.23292922973633,43532300
2013-08-12,META,37.93500660245762,38.23292473887989,37.83569803149378,37.95486831665039,31161000
2013-08-13,META,37.97473318664017,38.05417626177854,36.51492927215262,36.7631950378418,65379200
2013-08-14,META,36.574518888107725,37.289521804646974,36.365972740391506,36.39576721191406,48423900
2013-08-15,META,36.10777926812519,36.81285324481295,35.770137621956536,36.306392669677734,56521100
2013-08-16,META,36.71354686823359,37.22994017489431,36.644032748898056,36.822784423828125,45840800
2013-08-19,META,37.17035300061266,38.014455139951785,36.88236378573782,37.5477180480957,57609600
2013-08-20,META,38.083969535910754,38.312377389551926,37.428548021369885,38.1435546875,57995200
2013-08-21,META,38.1137614782041,38.58049854254368,37.88535742794538,38.054176330566406,46116900
2013-08-22,META,38.10383726400952,38.48120237380056,38.074046577633005,38.282588958740234,21931200
2013-08-23,META,38.72946759148853,40.348161784864445,38.65995346553703,40.268714904785156,86442300
2013-08-26,META,40.61628009449548,41.64906278322106,40.338219865630805,41.053226470947266,94162400
2013-08-27,META,40.39780728707288,40.91420055463276,39.1465456573068,39.365020751953125,72695100
2013-08-28,META,39.682807423025515,40.566633128610995,39.60336433118197,40.268714904785156,57918200
2013-08-29,META,40.606350700527116,41.49017627838879,40.51697486747171,40.99364471435547,58303400
2013-08-30,META,41.728513827647134,41.96684686115053,40.77517411716305,41.003578186035156,67735100
2013-09-03,META,41.54976101546771,41.867540910221045,41.22204836812105,41.579551696777344,48774900
2013-09-04,META,41.71858122423135,41.8774711765479,41.15253553233894,41.490177154541016,42581900
2013-09-05,META,41.50011080929956,42.47331226191688,41.48024909129895,42.36407470703125,50035400
2013-09-06,META,42.791087684812524,44.30054400040304,42.10587553272737,43.64512252807617,117535700
2013-09-09,META,44.05228462400899,44.47930210758391,43.396863056606755,43.73450469970703,75794700
2013-09-10,META,43.93311764639853,43.95297557675654,42.93012169272241,43.29755401611328,54540300
2013-09-11,META,43.08901003133146,44.77721816587789,42.81095355795981,44.72756576538086,72328300
2013-09-12,META,45.214167107893,45.30354294905149,44.340274203493905,44.439579010009766,68072300
2013-09-13,META,44.7275600737861,44.76728350442304,43.62525949713751,44.00262451171875,52765300
2013-09-16,META,44.5388745632151,44.628250385805046,42.13566389305069,42.21510696411133,70424200
2013-09-17,META,42.20518640555979,45.1247908778502,42.13567228395065,44.75735855102539,91934600
2013-09-18,META,44.52895427758041,45.154585157630954,44.092007831009276,44.9162483215332,79317000
2013-09-19,META,45.19430038668336,45.730555374279774,44.91624392862675,45.661041259765625,63972400
2013-09-20,META,45.998686162333094,47.26980581960773,45.422711488218795,47.16057205200195,115508400
2013-09-23,META,46.95203148794217,47.22015903282337,45.968900944946974,46.86265563964844,75177000
2013-09-24,META,48.17349203994963,49.31551618486216,47.825921450577276,48.11391067504883,136716100
2013-09-25,META,48.888501129830004,49.19635208715906,48.12384200735627,49.116905212402344,87879700
2013-09-26,META,49.663082209732735,50.24898956956384,49.15662171344787,50.04044723510742,98220100
2013-09-27,META,49.941148841181096,50.92427927997375,49.51413136550818,50.884559631347656,81410500
2013-09-30,META,49.79218163692594,51.24205280742333,49.45454004218484,49.88155746459961,100095000
2013-10-01,META,49.62336465333138,50.67600912194799,49.106971383266476,50.07024002075195,98114000
2013-10-02,META,49.78225998442718,50.7455287261212,49.603508302827144,49.931217193603516,62834000
2013-10-03,META,50.11990054161498,50.36816633975932,48.71968159161031,48.83884811401367,82045000
2013-10-04,META,49.42474924063406,50.80510629601142,49.22613586982232,50.68593978881836,74447000
2013-10-07,META,50.37809037552751,50.93420707272137,50.05038152392467,50.16954803466797,57204000
2013-10-08,META,50.248989378309794,50.248989378309794,46.75341073674932,46.812992095947266,136081000
2013-10-09,META,47.051333401418624,47.50814154409373,44.946036782747136,46.44556427001953,147297000
2013-10-10,META,47.53793620373841,49.33538203060422,47.49821655322619,48.70975112915039,99774000
2013-10-11,META,48.83884318445008,49.5240553544016,48.45154918455421,48.76932907104492,58428000
2013-10-14,META,47.97488078165001,49.28572379946904,47.57765401760508,49.16655349731445,68781000
2013-10-15,META,49.643234134937465,50.64622636274858,48.83885152894072,49.15663146972656,81167000
2013-10-16,META,49.692887341594684,50.884564032872966,49.553859088788776,50.785255432128906,64678000
2013-10-17,META,50.76538888962338,51.8577606646257,50.59656996674876,51.84782791137695,71522000
2013-10-18,META,53.80415626859227,54.44964876538488,53.22817788213304,53.84387969970703,88260000
2013-10-21,META,54.300692275702936,54.429791543366434,53.13880644320187,53.47644805908203,58235000
2013-10-22,META,53.95311936084781,54.38013300328565,51.8378939238211,52.3145637512207,83204000
2013-10-23,META,51.391013238689645,51.88754476756587,50.775315203588896,51.539974212646484,57207000
2013-10-24,META,52.01664845024202,52.473456586487224,51.232127658710965,52.08616256713867,46775000
2013-10-25,META,52.81110122173632,52.87068637743642,51.520119820784686,51.58963394165039,45085000
2013-10-28,META,51.182471447797525,51.341361387191284,49.26585942297818,49.88155746459961,73472000
2013-10-29,META,50.37809553817277,50.43768069376813,48.90836246093989,49.05732345581055,102143000
2013-10-30,META,49.65315519684999,49.86169753950033,48.41182631692874,48.670021057128906,127073000
2013-10-31,META,46.83285640415066,51.639282037645536,46.177434899048414,49.861698150634766,248809000
2013-11-01,META,50.49725992312356,51.72865990230968,49.3751012853548,49.40489196777344,95033000
2013-11-04,META,49.02753382217596,49.404898935049204,47.68689988898152,47.88551330566406,80371000
2013-11-05,META,47.458484159374535,49.831904247292805,47.1804239288434,49.76239013671875,76835000
2013-11-06,META,49.91135786972163,50.100042313928725,48.372110571625726,48.779266357421875,67889000
2013-11-07,META,48.898425864836604,49.52405285389459,46.97188113849493,47.230079650878906,97128000
2013-11-08,META,47.47835477729696,48.312528048829876,46.92223800019647,47.200294494628906,70731000
2013-11-11,META,46.71368976843583,47.20028857264143,45.41277572598006,45.8795166015625,80910000
2013-11-12,META,45.68090536571824,47.04140083438265,45.512086446850056,46.28667449951172,68196000
2013-11-13,META,45.90931213240931,48.40190293202507,45.74049320363303,48.372108459472656,79245000
2013-11-14,META,48.36217633416351,49.22614021702168,47.696822051421485,48.65016555786133,75117000
2013-11-15,META,48.769329640463674,49.13676192821453,48.37210288359483,48.670021057128906,42453000
2013-11-18,META,48.133775046393005,48.50120737373407,45.482294303306475,45.512088775634766,85910000
2013-11-19,META,45.93909778815867,46.67396615616429,45.402846587976335,46.03840637207031,75602000
2013-11-20,META,46.28668092643728,47.220159062803255,45.98876269468097,46.10792922973633,53933000
2013-11-21,META,46.6640344209408,47.13077147878732,46.36611247513187,46.37604522705078,34886000
2013-11-22,META,46.713695791318244,46.94209988228466,45.641185672099645,45.9093132019043,40545000
2013-11-25,META,46.03840464979886,46.32639385001641,43.734498624528484,44.50908660888672,82565000
2013-11-26,META,44.35019951449962,45.84972318345095,43.24789882711704,45.5716667175293,82016000
2013-11-27,META,45.65111765486005,46.3462588816098,45.21416741149098,46.167510986328125,44993000
2013-11-29,META,46.42570036943571,46.88250849063234,46.17743459205905,46.683895111083984,22953900
2013-12-02,META,46.57466488205055,47.210224714199924,45.93910126166576,46.73355484008789,50774000
2013-12-03,META,46.425703545529714,46.87258273302681,45.968895393081745,46.40584182739258,32086000
2013-12-04,META,46.13771016884749,48.43168726636663,45.93909679355939,48.2827262878418,60890000
2013-12-05,META,47.8159885689975,48.3621725025143,47.53792833204159,48.004669189453125,43855000
2013-12-06,META,48.640227423051535,49.04738311941582,47.37903690303659,47.60744094848633,42938000
2013-12-09,META,47.75640430964314,48.63030089247705,47.40883374227258,48.50120162963867,36056000
2013-12-10,META,48.302588401966965,50.41781385796926,48.203283607622666,49.90142059326172,68479000
2013-12-11,META,50.19934241608056,50.41781752541222,48.67002422722968,49.03746032714844,65776000
2013-12-12,META,50.69587475472055,51.708799656372754,50.30858071931376,51.47046661376953,92723000
2013-12-13,META,51.301645672858,53.12888214488438,50.983865746265195,52.950130462646484,82641000
2013-12-16,META,52.88061270374265,54.121941640450224,52.542971081428774,53.436729431152344,85119000
2013-12-17,META,54.3801378206469,54.79722632421698,53.86374830306166,54.47944641113281,78751000
2013-12-18,META,54.479446771382406,55.50230063662106,53.37714603322968,55.18452072143555,76003000
2013-12-19,META,53.95311850228666,54.807149561807094,53.57575347434554,54.668121337890625,89753200
2013-12-20,META,54.54895594246111,54.76743103491968,53.853811020467084,54.73763656616211,239824000
2013-12-23,META,55.11500506568285,57.91544285785332,55.06535266561308,57.369258880615234,98297000
2013-12-24,META,57.86578855354868,58.17363948502705,56.51522210197737,57.55793762207031,46617800
2013-12-26,META,57.915440007038484,57.97502515713039,56.97202929920984,57.329532623291016,55101000
2013-12-27,META,57.08126966623735,57.27988305478498,54.86673928628416,55.055419921875,60466000
2013-12-30,META,54.54895968473552,54.797225474748615,53.05936494465697,53.33742141723633,68307000
2013-12-31,META,53.74457847730041,54.47944690055645,53.536036117759586,54.270904541015625,43076200
2014-01-02,META,54.449660431181094,54.83695449694014,53.81409676188072,54.33049011230469,43195500
2014-01-03,META,54.63833816533787,55.263969047159264,54.15173552653556,54.1815299987793,38246200
2014-01-06,META,54.04249316301946,56.862792574877744,53.675060869386684,56.8032112121582,68852600
2014-01-07,META,57.29974386491302,58.14384601757691,56.82307401288968,57.51821517944336,77207400
2014-01-08,META,57.20043801015828,58.004820554749706,56.83300569196806,57.82606887817383,56682400
2014-01-09,META,58.24315494052151,58.55100209084754,56.2570286515112,56.82307434082031,92253300
2014-01-10,META,56.73369957043913,57.89558165295065,56.66418545207871,57.53807830810547,42449500
2014-01-13,META,57.5082818898979,57.84592348321776,54.995833549986465,55.52215576171875,63010900
2014-01-14,META,56.068346458177054,57.37918955796815,55.71084310582759,57.33946990966797,37503600
2014-01-15,META,57.577796854381226,58.16370422240411,56.87272297760785,57.20043182373047,33663400
2014-01-16,META,56.86279185492796,57.61752193785781,56.435778203982146,56.793277740478516,34541800
2014-01-17,META,56.90251749141094,57.41891078176724,55.68105027677856,55.909454345703125,40849200
2014-01-21,META,56.20737542224903,58.17364388551347,56.10807061786558,58.1041259765625,48669200
2014-01-22,META,58.44175808501121,58.89856996009587,56.70389777404207,57.111053466796875,61352900
2014-01-23,META,55.978968817466985,56.28681975835132,55.303685571048966,56.23716735839844,47951800
2014-01-24,META,55.760492668244005,56.028616362403056,54.022632302835945,54.07228469848633,55200700
2014-01-27,META,54.35034258393824,54.55888492413312,51.49031981756906,53.17852783203125,73924100
2014-01-28,META,53.645270063889605,54.89652792516165,53.625408346950664,54.75749969482422,48191200
2014-01-29,META,54.231182416175535,54.568824058556814,52.82103069038239,53.15867233276367,92995600
2014-01-30,META,61.68908627737239,62.066451362361505,60.04060148071749,60.65630340576172,150178900
2014-01-31,META,60.05052488475772,62.93040550664584,59.752602934015016,62.135955810546875,87794600
2014-02-03,META,62.59277510373123,63.32764357166256,60.2789397133694,61.05352783203125,74866600
2014-02-04,META,61.61956379116458,62.70200270753209,61.39115973574107,62.3147087097168,45985500
2014-02-05,META,62.304778415019314,62.721863084301894,60.84497449606038,61.75859069824219,51685100
2014-02-06,META,61.03366057608475,62.344503637174064,61.03366057608475,61.72880554199219,42086500
2014-02-07,META,61.83804256654509,64.12208704508723,61.78839016688368,63.87382125854492,60704300
2014-02-10,META,63.85395865560379,64.04263548756614,63.029714486259344,63.10915756225586,43666100
2014-02-11,META,63.307770988511905,64.5490998314239,62.910544243486065,64.40013885498047,45675600
2014-02-12,META,64.46965530279057,64.60868353211595,63.60569524576427,64.00291442871094,47282100
2014-02-13,META,63.73480230480888,66.86295318603516,63.6057068045383,66.86295318603516,61911700
2014-02-14,META,67.03177047677748,67.11121735643644,66.25718234128126,66.6246109008789,36694900
2014-02-18,META,66.47564943224032,67.07148580467644,65.61168176750208,66.8331527709961,43809900
2014-02-19,META,66.58487952653665,68.60079627532724,66.53522334419938,67.5878677368164,62087100
2014-02-20,META,67.26018131670206,69.62366926685817,65.2740546967979,69.1469955444336,130928900
2014-02-21,META,69.20657228676993,69.47469599951151,67.97516854459323,68.11419677734375,70932400
2014-02-24,META,68.26315193372274,70.94442671453135,68.06454235431609,70.28900146484375,76620300
2014-02-25,META,70.45782351596998,70.50747970127725,68.9682288743937,69.3654556274414,52077000
2014-02-26,META,69.70311304396864,70.72596699540443,68.37240432816522,68.7795639038086,55322700
2014-02-27,META,68.8589959365615,69.524354012448,68.39226261519784,68.46177673339844,41653700
2014-02-28,META,68.98809565781083,69.39524759429051,66.91258981231356,67.98509979248047,66783700
2014-03-03,META,66.49551505788564,67.57795795231173,66.04863962095362,66.94239807128906,56824100
2014-03-04,META,68.18371043110231,68.42204343393574,67.15092398353137,68.32273864746094,42013500
2014-03-05,META,69.2065686084822,71.4707512231884,69.13705449580158,71.07352447509766,74567700
2014-03-06,META,71.38138906193156,71.39132181659208,69.7626985699731,70.34860229492188,46026500
2014-03-07,META,70.58692301239446,70.68622780153783,68.98809090483616,69.31580352783203,38927000
2014-03-10,META,70.27908033082629,71.64951241527679,70.02088935020984,71.53034210205078,59871600
2014-03-11,META,71.99707677728708,72.08644882209792,69.47469552308569,69.61372375488281,59408300
2014-03-12,META,69.37539973444213,70.85506186583866,68.52136472737453,70.38832092285156,46340500
2014-03-13,META,70.79546562275651,70.85504698118442,67.67724825720006,68.35253143310547,57091000
2014-03-14,META,68.014899505366,68.9483813798174,66.99204557560138,67.250244140625,48227000
2014-03-17,META,67.7070477505912,68.47170306368211,66.15787161803412,68.2631607055664,52197000
2014-03-18,META,68.28303496607016,69.11720450547648,67.82622675499455,68.71005249023438,40827000
2014-03-19,META,68.69017344530232,68.80934374593612,67.00196919024326,67.7666244506836,43981000
2014-03-20,META,67.53821858613902,67.75669366430917,66.35647115956573,66.50543212890625,44439000
2014-03-21,META,67.06154877351925,67.4488427697183,65.72091512694789,66.7735595703125,59999900
2014-03-24,META,66.72391896531981,66.8927378913029,62.92048508339404,63.65534973144531,85696000
2014-03-25,META,64.43987274169922,65.73085797836201,63.33757194424115,64.43987274169922,68786000
2014-03-26,META,64.29089971623786,64.49944204749872,59.951215249749815,59.97107696533203,97503900
2014-03-27,META,60.09024998869373,61.470610959625944,57.57780141265504,60.547061920166016,112650000
2014-03-28,META,60.914499223155026,61.52026840497686,58.928372745436555,59.59372329711914,67052000
2014-03-31,META,60.35836799333077,61.09323628095232,59.45468081387851,59.82211685180664,53011000
2014-04-01,META,60.04059552989924,62.22533515896484,59.82212421875731,62.185611724853516,59291000
2014-04-02,META,62.771518543346396,63.46666348097707,61.77845542908405,62.28491973876953,66277000
2014-04-03,META,62.11609850514622,62.73179658981096,58.71982439258382,59.077327728271484,83859000
2014-04-04,META,59.5242007938147,59.78239932098162,55.92931343592798,56.35633087158203,125214400
2014-04-07,META,55.51223135418393,57.597662444644186,55.055419428150365,56.55494689941406,108488000
2014-04-08,META,57.27988586869376,58.30273975584474,56.77342151360516,57.786346435546875,78836000
2014-04-09,META,59.21635920754176,62.02672607139311,58.77940897853296,61.977073669433594,100215000
2014-04-10,META,62.642424161439784,62.74172895930849,58.27294486698302,58.74961471557617,114988000
2014-04-11,META,57.200436252673214,59.891640283662454,56.91245081658082,58.123985290527344,91452000
2014-04-14,META,59.673163790966996,60.030667124829634,57.379186590838515,58.48148727416992,72325000
2014-04-15,META,58.878716695121945,59.26601072817647,55.49237141183817,58.68010330200195,108623000
2014-04-16,META,59.37524684472265,59.772469833099734,57.33946813811365,59.30573272705078,78774000
2014-04-17,META,58.88864270581338,60.15976608507182,58.31266806171917,58.5311393737793,88040000
2014-04-21,META,59.0475343672729,60.815189361572266,58.73968721327563,60.815189361572266,60364000
2014-04-22,META,62.215408350374766,62.999925365964195,61.78839088946942,62.592769622802734,60631000
2014-04-23,META,63.00985886533344,63.03964954818451,60.835048099557326,60.934356689453125,95908700
2014-04-24,META,63.158815897197975,63.20847208612941,59.35538593799475,60.44775390625,138769000
2014-04-25,META,59.55399814315892,59.59371778998367,57.170645074851365,57.30967330932617,92502000
2014-04-28,META,57.64731898261645,57.90551754041885,54.28083528348877,55.75056838989258,107758000
2014-04-29,META,55.70091620890509,57.87572329879785,55.45265040369304,57.74662780761719,75557000
2014-04-30,META,57.180578562559184,59.434828601773305,56.7634900655395,59.36531448364258,76093000
2014-05-01,META,60.01080057973819,61.84796571200101,59.79232549590167,60.725807189941406,82429000
2014-05-02,META,60.8747691901094,61.46067658909682,59.76253954377631,60.04059600830078,54189000
2014-05-05,META,59.256075345705746,60.9244217127099,58.76947653180007,60.795326232910156,46057000
2014-05-06,META,60.55699077962441,60.725813485974726,58.08426564335842,58.123985290527344,55901000
2014-05-07,META,58.362318074302166,58.88864029814741,55.869727604660454,56.99188995361328,78587000
2014-05-08,META,56.83300140309414,58.411971901534514,56.10806578645908,56.36626052856445,61251000
2014-05-09,META,56.45563965139273,57.25009321730818,55.98890253788806,56.84293746948242,52584000
2014-05-12,META,57.57780128776496,59.48448451575905,57.57780128776496,59.41497039794922,48575000
2014-05-13,META,59.246147691671545,60.46761491806114,59.09718670308745,59.41497039794922,48525000
2014-05-14,META,59.117044297303174,60.03066430630475,58.5410696773058,58.81912612915039,47429000
2014-05-15,META,58.848919936930066,58.968090241112336,57.12099219687486,57.51821517944336,56814000
2014-05-16,META,57.90550857615255,58.04453679887622,56.912445513000634,57.61751937866211,47933000
2014-05-19,META,57.48842379116857,59.14684118242707,57.17064389372416,58.79926681518555,43034000
2014-05-20,META,59.087252175781195,59.77246432464332,57.77640923729325,58.15377426147461,53931000
2014-05-21,META,58.15378039423128,60.08032157348406,57.84592944885036,60.07039260864258,58992000
2014-05-22,META,60.51726243811823,61.0535174078955,59.98101125657596,60.10017776489258,54200000
2014-05-23,META,59.99094521317493,61.02373180649794,59.73275045896183,60.92442321777344,38294000
2014-05-27,META,61.1925444438916,63.06943301342622,61.142892048743555,63.039642333984375,55682000
2014-05-28,META,62.95026860964704,63.69506592644502,62.185609576479585,63.069435119628906,47795000
2014-05-29,META,63.397151254654005,63.85396317988193,63.06943859883192,63.38722229003906,42700000
2014-05-30,META,63.506385777517494,63.72485708274315,62.12602867952846,62.86089324951172,45253500
2014-06-02,META,62.79137891341541,63.14888223299943,61.61956416066114,62.64242172241211,35996000
2014-06-03,META,62.18561026259247,62.98005998496204,61.88769209023327,62.433876037597656,32217000
2014-06-04,META,62.01679391740222,63.148885292103174,61.63942886309015,62.90061950683594,36514000
2014-06-05,META,63.218400288340995,63.91354525440636,62.384227086709615,62.75165939331055,47352000
2014-06-06,META,62.93041211007046,63.03964966504066,61.718877616978716,62.06644821166992,42442000
2014-06-09,META,61.967139670365015,62.90061763137226,61.361370566257115,62.443809509277344,37617000
2014-06-10,META,63.089306925650504,65.36342267247477,63.05951624044948,65.31376647949219,69338000
2014-06-11,META,64.86689176130363,65.34356545917171,64.44980701096368,65.32369995117188,44242000
2014-06-12,META,65.3932084126734,66.00891030733028,63.61562442420972,63.844032287597656,55730000
2014-06-13,META,64.25119141322496,64.51932274259973,63.38723120550343,64.05258178710938,29419000
2014-06-16,META,63.71492977931995,64.42992882067567,63.30777028665318,63.744720458984375,31046000
2014-06-17,META,63.65535177245938,64.42993988260227,63.486532841063365,63.95327377319336,27715000
2014-06-18,META,64.04263499864078,65.29389658308952,63.60569240164323,65.14493560791016,35570000
2014-06-19,META,65.00591404785274,65.12508435550507,63.764585088239436,63.893680572509766,34245000
2014-06-20,META,64.01285834659194,64.36042898053,62.910557495765815,64.05258178710938,46466000
2014-06-23,META,63.87382269569575,65.2045312812679,63.77451789413859,64.91654205322266,34560000
2014-06-24,META,64.90660343600533,66.70404518414962,64.81722381914958,65.26410675048828,57335000
2014-06-25,META,65.12507027021907,67.0118913960427,65.11513751927862,66.97216796875,44308000
2014-06-26,META,67.52829723567693,67.52829723567693,66.43592923686457,66.6643295288086,47714000
2014-06-27,META,66.84307615479625,67.23037016531677,66.37633527635604,67.13106536865234,46461000
2014-06-30,META,66.99203821400442,67.448846347174,66.66432556092502,66.8232192993164,27102800
2014-07-01,META,67.11120172284517,67.96523653905247,66.92251732172714,67.5878677368164,33243000
2014-07-02,META,67.56801074736431,67.82620926145559,65.33361888763588,65.9890365600586,41895000
2014-07-03,META,66.39620778313471,66.53523602841969,65.3038397516937,65.83016204833984,25203200
2014-07-07,META,65.84008537289273,66.10820907140915,64.66827063297241,64.83708953857422,28745000
2014-07-08,META,64.60868668906022,65.10521826847562,61.77845820168662,62.324642181396484,68926000
2014-07-09,META,62.97013021752332,64.66827097595555,62.71193548163496,64.5193099975586,51432000
2014-07-10,META,62.87082600401464,64.8867390894661,62.61262747750957,64.42000579833984,44422000
2014-07-11,META,64.82717700647436,66.12808762530143,64.34057806588957,65.87982177734375,39212000
2014-07-14,META,66.66433031339984,67.69711695715951,66.4359300187677,67.42899322509766,38537000
2014-07-15,META,67.48857665224763,67.61767214547999,65.80037218056388,66.70405578613281,44213200
2014-07-16,META,67.07149587576107,67.46872270918738,66.60475491472053,67.19066619873047,29541600
2014-07-17,META,66.56501984815517,67.37933130504743,65.58188947889424,65.94932556152344,38188000
2014-07-18,META,66.33662365698372,67.98510460104848,65.70106382596227,67.94538116455078,42456000
2014-07-21,META,68.3326603814738,69.47468430959768,68.02481328596366,68.91857147216797,49539000
2014-07-22,META,69.27608852268447,69.28601369927715,68.13406436746111,68.78948211669922,40398000
2014-07-23,META,69.25622031487258,70.83519462563936,69.12712483596778,70.79547119140625,78435000
2014-07-24,META,75.43307464126073,76.20766267243438,73.99313612961438,74.45987701416016,124168000
2014-07-25,META,74.46979410405248,75.14507726393639,74.14208906400425,74.66841125488281,45917000
2014-07-28,META,74.64855723725586,74.97626990419671,73.33771414596316,74.4002914428711,41725000
2014-07-29,META,74.20167287252745,74.40028245344992,72.9106878671218,73.19867706298828,41324000
2014-07-30,META,73.6952234729707,74.6684287995369,73.61577659397112,74.1619644165039,36853000
2014-07-31,META,73.48667565391472,73.65549457692882,71.93749951054609,72.14604187011719,43992000
2014-08-01,META,71.71901925560555,72.71208236891724,71.05366878803959,71.85804748535156,43535000
2014-08-04,META,71.85804461457293,73.3674971528561,71.85804461457293,73.00006866455078,30777000
2014-08-05,META,72.69220955042924,73.0795035195384,71.67928861040592,72.18575286865234,34986000
2014-08-06,META,71.52040979063763,73.20862181098965,71.29200949279794,71.96729278564453,30986000
2014-08-07,META,72.49360327856476,73.48666633717525,72.19568133039368,72.66242218017578,38141000
2014-08-08,META,72.89083755327194,72.92062823587504,72.0566605580317,72.55319213867188,27202000
2014-08-11,META,72.9503999165935,73.39728276864945,72.55317324025555,72.9305419921875,24591000
2014-08-12,META,72.58298957488222,72.82133021082518,71.71902939312089,72.32479858398438,27419000
2014-08-13,META,72.61278523310064,73.73494394199467,72.54327111089431,73.25827026367188,29266000
2014-08-14,META,73.45687903205625,73.86403096502565,73.17882257510736,73.78459167480469,22207000
2014-08-15,META,73.80445583134038,74.13216850174332,72.49361272619943,73.1192398071289,38846600
2014-08-18,META,73.48666722582149,74.20167384890252,73.44694379382034,74.07257080078125,23974000
2014-08-19,META,74.29104945308102,75.05571229696996,73.99313506348311,74.7677230834961,26679000
2014-08-20,META,74.44995516255065,74.65849754175031,74.10238453055125,74.29106140136719,22917000
2014-08-21,META,74.4003050353435,74.6684363850886,73.89384817733104,74.052734375,20102000
2014-08-22,META,73.82432646879018,74.21162814914112,73.05967101603447,74.052734375,20897000
2014-08-25,META,74.42014872538849,74.75778653173485,74.27118774992452,74.49958801269531,19734000
2014-08-26,META,74.47974278213167,75.46287326544386,74.21161904176334,75.4330825805664,23993000
2014-08-27,META,74.7478568414131,74.96633193751327,73.94347814801725,74.11229705810547,36323000
2014-08-28,META,73.48666157489461,73.91367896548317,73.21853790009219,73.3476333618164,21947000
2014-08-29,META,73.78458256804572,74.30097198486328,73.49659339418754,74.30097198486328,26241000
2014-09-02,META,74.48965789423538,76.16792921545404,74.30097349940338,76.1480712890625,34979000
2014-09-03,META,76.60488822486357,76.94253362434466,75.07557011579459,75.3039779663086,32389000
2014-09-04,META,75.36356011633131,76.39634667778536,75.00605678442528,75.42314147949219,26676000
2014-09-05,META,75.57211069822452,76.84323042729403,75.07557908052728,76.72406768798828,29476000
2014-09-08,META,76.72405863202104,77.62774212980054,76.47579285247598,77.34968566894531,28183000
2014-09-09,META,77.0517616730824,77.6277400848065,75.67140458129299,76.13814544677734,28882000
2014-09-10,META,75.98917707941281,77.40925746598798,75.9792519045161,76.89286804199219,29909000
2014-09-11,META,76.59496521275896,77.8164363354191,76.51552591142915,77.37948608398438,32219000
2014-09-12,META,77.47878282855403,77.75684687191531,76.56516655834984,76.94253540039062,26676800
2014-09-15,META,76.61483250855795,76.71413731989136,72.92063594577242,74.06266021728516,49679000
2014-09-16,META,73.0099992836925,75.70120708119592,72.56312389782529,75.55224609375,37742000
2014-09-17,META,75.43306993558615,76.71412220587027,75.04577594415954,75.89981079101562,28693000
2014-09-18,META,76.23745061354424,76.79357109979466,75.98918483932518,76.46585845947266,23031000
2014-09-19,META,76.86309587065891,77.75685429706205,75.90975607465263,77.36956024169922,76671000
2014-09-22,META,76.46585965292216,76.99218189024599,75.42314035433967,76.26725006103516,31961000
2014-09-23,META,75.80050735124736,78.08454790854437,75.51251814645272,77.74691009521484,36814000
2014-09-24,META,77.55823561277403,78.0746327276413,76.97233195235388,77.99518585205078,30680000
2014-09-25,META,78.05475815186598,78.39240354566145,76.59495418249683,76.68433380126953,37533000
2014-09-26,META,77.05175851326733,78.29308732738599,76.79356757498891,78.24343872070312,28872000
2014-09-29,META,77.57809538275956,78.65059781803225,77.36955303211013,78.45198822021484,34031000
2014-09-30,META,78.799561638167,79.15706498827012,78.05476425486397,78.49171447753906,35899000
2014-10-01,META,78.23350051128045,78.27322393973755,75.37348185059253,76.01897430419922,55090000
2014-10-02,META,76.03884663592878,76.94253775747838,75.11529758462314,76.5453109741211,36488000
2014-10-03,META,77.22058903305964,77.51850341816382,76.72405748141581,76.9028091430664,23340000
2014-10-06,META,76.65454415320714,77.34968530204792,76.31689875486285,77.02197265625,25729000
2014-10-07,META,76.51551807271588,77.40926883876745,75.71113177621076,75.76078796386719,25317000
2014-10-08,META,75.65155300990455,77.17093845612911,74.57904296205048,76.98225402832031,32976000
2014-10-09,META,76.74392220396435,77.22059586938917,75.32384153748463,75.38343048095703,32487000
2014-10-10,META,75.06564564242022,75.9693368150968,72.25528246999288,72.40424346923828,52146000
2014-10-13,META,72.72202900223874,74.26127257579195,72.01694738991152,72.48368835449219,43938000
2014-10-14,META,73.48667307788804,73.66542474789308,71.55020296655896,73.07951354980469,50299000
2014-10-15,META,71.19269586338908,73.28805960461784,69.83219669268338,72.7021484375,61528000
2014-10-16,META,70.29894234036186,72.8411816175982,70.09039998494521,72.12617492675781,53529000
2014-10-17,META,73.71507926496052,75.47279766643985,73.23840563026235,75.42314147949219,76342000
2014-10-20,META,75.07557262269334,76.55523459474192,74.8570975174639,76.41620635986328,34701000
2014-10-21,META,77.02197593593388,78.19379076278432,76.61482398183881,78.1441421508789,32252000
2014-10-22,META,78.27323032826311,79.29608407099192,77.4688516716453,77.82635498046875,41862000
2014-10-23,META,78.82934644337459,80.07067532298696,78.46191794395027,79.48477172851562,35056000
2014-10-24,META,79.64366406110004,80.25936596066003,78.76977118961848,80.11040496826172,32248000
2014-10-27,META,80.17990683904071,80.23949577277932,79.20670931345595,79.72309875488281,30169000
2014-10-28,META,79.62380553198554,80.59701077539007,79.01803639020257,80.20970916748047,74212000
2014-10-29,META,74.9266112259803,76.34669182575075,74.26126073748232,75.33377075195312,106120000
2014-10-30,META,74.52939861083115,74.82731303462296,72.39431114620285,73.59591674804688,83270000
2014-10-31,META,74.41022149242845,75.17487677770329,73.93354785088209,74.46980285644531,44544000
2014-11-03,META,74.94648239345736,74.99613100855338,73.18875625198821,73.36750793457031,40727000
2014-11-04,META,73.71508861700296,75.2443993596013,73.13911011180697,75.2344741821289,39326000
2014-11-05,META,75.97925158496804,76.2672407616183,73.903745993409,74.31090545654297,35913000
2014-11-06,META,74.37049422690906,75.07556811185,73.79451581617866,74.73793029785156,21383000
2014-11-07,META,74.86703441835441,75.3337753369368,74.4995983049772,75.07557678222656,20774000
2014-11-10,META,74.83724733463333,74.95641765249505,74.09244989505814,74.47974395751953,21575100
2014-11-11,META,74.43009088632671,74.45988914939556,73.51647447381183,74.09245300292969,18715700
2014-11-12,META,73.76473281474118,74.61876776742858,73.02986817282559,74.2016830444336,26536600
2014-11-13,META,74.22153840182186,74.7180699814528,73.12917044192791,73.73493957519531,26448500
2014-11-14,META,73.7547960641117,74.41022137312831,73.52639578476628,74.36056518554688,19476900
2014-11-17,META,74.36057360829523,75.13516930936267,73.36751035594713,73.72501373291016,28701200
2014-11-18,META,73.9335478544175,74.28112601512046,73.38736767247237,73.82431030273438,20690500
2014-11-19,META,73.49660279705994,74.02292503244114,72.60284448392662,72.82131958007812,25441200
2014-11-20,META,72.29500103979308,73.47674104755889,72.00701181437114,73.08944702148438,19154900
2014-11-21,META,73.98320834919558,73.98320834919558,72.99014514987752,73.23841094970703,23060400
2014-11-24,META,73.02987161357035,73.83425041388278,72.84118717340965,73.49661254882812,22103800
2014-11-25,META,73.69519913722756,75.21458420812147,73.61575228446306,75.1053466796875,32250200
2014-11-26,META,75.00605247129671,77.24044437898831,74.98619454354179,77.08155822753906,32695300
2014-11-28,META,77.13122005721334,77.72705648611041,76.69427738347349,77.1610107421875,15992000
2014-12-01,META,76.72405270419671,76.7737013103876,74.28111853139467,74.57903289794922,31789900
2014-12-02,META,74.8074432241269,75.3834216257181,74.51945402333129,74.93653869628906,16773900
2014-12-03,META,74.85709675547928,75.20467491560835,73.88389912123525,74.36056518554688,16689900
2014-12-04,META,74.31091143507102,75.02591805855889,74.14209253132249,74.71806335449219,14362800
2014-12-05,META,75.2741940360159,76.22753380448067,74.83724380095958,75.83030700683594,24306400
2014-12-08,META,75.6515437170774,76.71412088124097,74.87695574759907,75.98918151855469,25733900
2014-12-09,META,74.67834573165068,76.39634831208859,74.26126102766132,76.30696868896484,25358600
2014-12-10,META,76.1182911809097,77.01204952202316,75.5423127414732,75.65155029296875,32210500
2014-12-11,META,75.98919042499215,77.97531676473703,75.94947456549149,77.19080352783203,33462100
2014-12-12,META,76.62475722677561,78.3328195014065,76.48572141372419,77.29010772705078,28091600
2014-12-15,META,77.91572116363679,78.03489144977826,76.0288999703115,76.45591735839844,29396500
2014-12-16,META,75.66148500710179,76.8531577751637,74.07257788105834,74.17189025878906,31554600
2014-12-17,META,74.48966338271259,75.87995320311019,74.38042583833685,75.58203125,29203900
2014-12-18,META,76.3566128964508,77.85614013671875,75.9792516867841,77.85614013671875,34222100
2014-12-19,META,78.20371580084147,79.44504462307704,77.78663113492308,79.32587432861328,43335000
2014-12-22,META,79.52450277350268,81.32194473875252,79.4450558992504,80.88499450683594,31395800
2014-12-23,META,81.45103446843625,81.59999545300992,79.84227704915766,80.05081939697266,19865800
2014-12-24,META,80.46790771392996,80.86513449851283,80.18985123766316,80.20970916748047,7685500
2014-12-26,META,80.45797568145636,80.71617423021856,79.95151891363578,80.21964263916016,10647400
2014-12-29,META,79.93164564767686,80.39838651019747,79.15705765305546,79.46490478515625,14134700
2014-12-30,META,79.2960906158552,80.03095522177033,78.55129325707797,78.67046356201172,14370800
2014-12-31,META,78.98825064365855,79.24644920624431,77.31990410532273,77.47879028320312,19935400
2015-01-02,META,78.0349029221401,78.38247350389776,77.1610025148975,77.90579986572266,18177500
2015-01-05,META,77.43906175233103,78.70024852116858,76.32682838324084,76.654541015625,26452200
2015-01-06,META,76.69427522442359,77.05177101052082,74.83724428977564,75.62176513671875,27399300
2015-01-07,META,76.22753430237772,76.82337071450117,75.29405245828599,75.62176513671875,22045300
2015-01-08,META,76.20766664381,77.6873362435156,75.55224888191928,77.63768005371094,23961000
2015-01-09,META,77.65755287209832,78.07464524759742,76.66448949738366,77.20074462890625,21157000
2015-01-12,META,77.30003104163643,77.45892478045602,75.68134085388192,76.18780517578125,19190200
2015-01-13,META,76.6942656784468,77.53836778859728,75.32383376701954,75.91967010498047,25179600
2015-01-14,META,75.88989036793856,76.66447847663105,75.50259631359233,75.75086212158203,25918600
2015-01-15,META,75.87002812390118,76.0388470453841,73.02986683583829,73.53633117675781,34134000
2015-01-16,META,73.52639406573743,74.79751364281064,73.3277768965258,74.65848541259766,21791500
2015-01-20,META,75.19473875915466,75.78064234844848,74.30098045843765,75.71112823486328,22821600
2015-01-21,META,75.6316860455025,76.76377732418045,75.32383134588316,76.20765686035156,25096700
2015-01-22,META,76.63467739287881,77.21065580760997,76.14807859666051,77.1113510131836,19519500
2015-01-23,META,77.11135605480828,77.64761107153579,76.50558691979039,77.29010772705078,16746500
2015-01-26,META,77.43907604030063,77.92567491435236,76.75385996915641,76.96240234375,19260800
2015-01-27,META,76.17786719552412,76.3466860990824,75.10535726150091,75.25431823730469,20110000
2015-01-28,META,76.36655351421247,77.10141808303749,75.47279521349546,75.71112823486328,53306400
2015-01-29,META,76.31690675375657,77.47878889994209,73.69522046553081,77.45893096923828,61293500
2015-01-30,META,77.45892891386613,77.61782266116471,75.22453673365845,75.38343048095703,42649500
2015-02-02,META,75.58203630240648,75.6118269844149,73.23840668245043,74.46980285644531,41955300
2015-02-03,META,74.66841840839577,75.0557124190321,73.34764264059986,74.87696075439453,26957700
2015-02-04,META,74.56909178823044,75.82035320163025,74.48965251193482,75.1053466796875,20277400
2015-02-05,META,75.18480742057648,75.45293870406861,74.68827586378244,75.08550262451172,15062600
2015-02-06,META,75.15502043433318,75.17487836393431,73.73493980902644,73.95341491699219,21211000
2015-02-09,META,73.53632811514285,74.31091614755246,72.94048417347045,73.92362213134766,16194300
2015-02-10,META,74.33076588670606,74.81736464741854,73.98319534334,74.66841125488281,15811300
2015-02-11,META,74.56910788238324,76.21759633892779,74.50952651818494,75.97926330566406,20877400
2015-02-12,META,76.32682940933758,76.33676216161093,75.36355700351503,75.70120239257812,17235000
2015-02-13,META,75.92960627772548,75.9494717832188,74.97626657874832,75.214599609375,18621900
2015-02-17,META,74.77766236661105,76.37649473276853,74.55918724927709,75.07557678222656,25254400
2015-02-18,META,75.41320887572964,76.36654847475988,74.92660253627437,76.17786407470703,22426400
2015-02-19,META,76.45593564762703,79.28616432640685,76.41621220941086,78.86907958984375,45851200
2015-02-20,META,78.99817830670982,79.7826915447347,78.65060013558173,79.34574890136719,36931700
2015-02-23,META,79.40532421491254,79.63373206054715,77.83628270551343,78.2930908203125,24139100
2015-02-24,META,77.95545605303252,78.92866125842437,77.558229283965,77.90579986572266,18897100
2015-02-25,META,77.95545789410292,79.643662231922,77.95545789410292,79.00810241699219,25593800
2015-02-26,META,79.32587358918418,80.8055429865547,79.16698744118341,79.85220336914062,31111900
2015-02-27,META,80.12032465811072,80.66651234902675,78.07461726389721,78.42218780517578,30739200
2015-03-02,META,78.45198006465517,79.30601488413481,77.9753064723878,79.19677734375,21662500
2015-03-03,META,79.05776142766162,79.14713347835591,77.97531860715962,79.0478286743164,18635000
2015-03-04,META,78.74991418916706,80.58707957984225,78.30303120669738,80.33881378173828,28126700
2015-03-05,META,80.6665253574763,81.42124791839801,80.48777368221153,80.64665985107422,27825700
2015-03-06,META,80.33881218988574,80.76582965722238,79.27623489811376,79.45498657226562,24488600
2015-03-09,META,79.12727193792354,79.35567979561701,78.084552601906,78.8889389038086,18925100
2015-03-10,META,77.95546145586746,78.71019161175653,77.01205444335938,77.01205444335938,23067100
2015-03-11,META,77.26030632779047,77.88593330562438,76.72405138544588,77.03189849853516,20215700
2015-03-12,META,77.55823255197733,78.5016471153234,77.36955570048472,78.38247680664062,16093300
2015-03-13,META,78.05477094694241,78.82935907975208,77.14115456344749,77.50859069824219,18557300
2015-03-16,META,77.41919720793554,77.57809093826275,76.82336087214864,77.52843475341797,19305400
2015-03-17,META,77.8164233122569,79.22657106310672,77.79655780789562,78.80948638916016,22170000
2015-03-18,META,78.70025870256357,80.67645235172712,78.62081182810701,80.34874725341797,36912400
2015-03-19,META,80.55728185033423,82.4242377612526,80.43811155013807,82.17597198486328,42099500
2015-03-20,META,82.81154465030187,84.01315028579813,82.49376471014146,83.21870422363281,44466300
2015-03-23,META,83.33785787578994,84.37064446277752,82.7221635706514,83.84432220458984,27357300
2015-03-24,META,84.12237956035996,85.47294606706278,83.9336951350723,84.71821594238281,32576500
2015-03-25,META,84.90689999254727,84.92675792205634,82.34479522705078,82.34479522705078,37436100
2015-03-26,META,82.14617676072943,83.18888841801389,81.57019837300861,82.43416595458984,32794800
2015-03-27,META,82.80159963027408,83.367645301597,82.30506807379889,82.72216033935547,18372600
2015-03-30,META,83.22862530507822,83.75494759477176,81.8383428705938,82.62285614013672,24527700
2015-03-31,META,82.32494148786476,82.92077789758312,81.63972544962958,81.649658203125,19734300
2015-04-01,META,81.92770641730462,82.14618151331935,80.3090162786496,81.10346221923828,22058200
2015-04-02,META,81.67943282241208,81.98727993198375,80.8750542063212,80.99421691894531,19664100
2015-04-06,META,80.23949552964575,82.23554675680428,80.23949552964575,81.86811828613281,19062900
2015-04-07,META,82.07666741704409,82.84132267679522,81.64964997741235,81.74895477294922,17467000
2015-04-08,META,82.05680673807541,82.52354763866644,81.2722859271946,81.70923614501953,18966700
2015-04-09,META,81.92771113702214,82.22563311719959,81.14319032726085,81.5999984741211,15927300
2015-04-10,META,81.6397204058953,82.03694717999039,81.3418060076769,81.47090148925781,12529700
2015-04-13,META,81.36165604155173,83.35771489473882,81.35172328963384,82.43416595458984,26883100
2015-04-14,META,82.59305747671553,83.10945453946718,81.8681256454088,82.94062805175781,19634200
2015-04-15,META,82.97043035417062,83.0796679082906,81.6993031404537,82.1362533569336,22390900
2015-04-16,META,81.89791503390667,82.49375137835561,81.58013514510256,81.73902130126953,13769700
2015-04-17,META,80.91479141252441,81.54041848972851,79.81249067425709,80.21964263916016,24215000
2015-04-20,META,80.97436006571732,82.5731921440207,80.67643812726877,82.51360321044922,28796800
2015-04-21,META,83.41730879822806,83.90390764480587,82.96050063541429,83.03994750976562,27171900
2015-04-22,META,83.73509105630674,84.15217579358618,83.0697405121032,84.04293823242188,45548000
2015-04-23,META,83.51660460503358,84.99626649217471,81.83833312988281,81.83833312988281,73728100
2015-04-24,META,82.19582786143474,82.36465434328234,80.91478315453898,80.96443176269531,29660400
2015-04-27,META,81.30208107007209,82.35472556197014,81.06374046413751,81.34180450439453,25446000
2015-04-28,META,81.2623703614178,81.33188448825035,79.6734706220512,80.12034606933594,23775300
2015-04-29,META,79.45498840898095,80.82541289151074,78.96838198803128,79.91179656982422,26430300
2015-04-30,META,79.4549753933468,80.39838224412799,77.7766964430726,78.22357177734375,28999000
2015-05-01,META,78.69032053176704,79.2067176037128,77.56816191908827,78.44205474853516,24136400
2015-05-04,META,78.77970275304821,79.13720609881658,78.08455399117832,78.2633056640625,14692000
2015-05-05,META,78.00511059364374,78.2533763720112,76.68433483437599,77.02197265625,22311300
2015-05-06,META,77.42914729541073,78.26331683697627,76.51553087089464,77.55824279785156,28663000
2015-05-07,META,77.45892310848555,78.39240486272497,77.02197291263386,77.88594055175781,19749400
2015-05-08,META,78.5512890243056,78.68039207514468,77.48871181943304,77.96538543701172,19943600
2015-05-11,META,77.93559769436955,78.4817778694149,77.3894099428538,77.46885681152344,18874100
2015-05-12,META,77.32982797341872,77.34968590219526,76.25731798419694,76.92266845703125,21285300
2015-05-13,META,77.1808673605233,77.98524606806659,77.1113532447661,77.8958740234375,21512300
2015-05-14,META,78.39240591244544,81.28221568119372,78.12427462450226,80.80554962158203,49438000
2015-05-15,META,80.84526709273975,80.9544970586381,79.6237961991996,79.86212921142578,27069900
2015-05-18,META,79.77276663820238,80.81547842570524,79.67346183603127,80.3189468383789,21613700
2015-05-19,META,80.6863882768667,81.12333852708299,79.99124703922374,80.07068634033203,17955400
2015-05-20,META,79.91178696122766,80.53741397176066,78.90879113276397,79.9912338256836,23056900
2015-05-21,META,79.63372559918177,80.35865735732577,79.52448806141165,79.92171478271484,13402700
2015-05-22,META,79.79262355813192,80.74596328455581,79.69331875721768,79.98130798339844,19567900
2015-05-26,META,79.87207691398821,80.04089584689531,78.53144305162792,78.77970886230469,16321300
2015-05-27,META,79.04781935732684,80.100471370193,78.87900045271049,79.9912338256836,14160900
2015-05-28,META,79.69330655572965,80.50761792090387,79.4450408032196,79.59400177001953,11982000
2015-05-29,META,79.39540099396284,79.51457130727034,78.33282365716839,78.64067840576172,16134600
2015-06-01,META,78.74990947572081,79.82241190121921,78.11434967673272,79.73303985595703,18119000
2015-06-02,META,79.2067205258175,80.78568732871794,79.00810334602231,79.88200378417969,18923300
2015-06-03,META,80.78567564805212,81.95749032176546,80.6863708607482,81.86811828613281,31775000
2015-06-04,META,81.57019937048746,82.37457802686747,80.94457236846632,81.48082733154297,20863900
2015-06-05,META,81.30208197440578,81.88798559012032,80.94457863799774,81.57020568847656,16143100
2015-06-08,META,81.2524291413544,81.43118081693822,79.57414994151026,80.11040496826172,16915500
2015-06-09,META,80.04089084867194,80.62680206504643,78.76977118961848,80.11040496826172,16497500
2015-06-10,META,80.26929681441382,82.02701526900165,80.24943130844638,81.59007263183594,21531200
2015-06-11,META,81.73902568970313,82.32493688967148,80.79561872504819,81.26235961914062,18656800
2015-06-12,META,80.80554560953702,81.5205446634544,80.6367191276894,80.96443176269531,11417900
2015-06-15,META,79.99125266511793,80.36861399545427,79.51457894258675,80.15013885498047,18805100
2015-06-16,META,80.25936289001513,80.9445788829492,79.89192679968646,80.49769592285156,13693700
2015-06-17,META,81.19285030709636,81.64965847528549,80.77575800007932,81.22264099121094,18350300
2015-06-18,META,81.07367494172456,82.61292585446806,81.00416082429896,82.33486938476562,26782600
2015-06-19,META,82.2554172134923,82.40437819165327,81.55034333176505,81.93763732910156,23353200
2015-06-22,META,82.83140005722863,84.38057612953324,82.7320876821564,84.15216827392578,29383100
2015-06-23,META,84.37064320082747,87.35976536427206,84.17203360403806,87.2703857421875,50667900
2015-06-24,META,87.05191857007357,88.63088532743633,86.84336864318556,88.24359130859375,41370200
2015-06-25,META,88.64082490622752,88.77985315054535,87.23066937940641,87.36970520019531,27302000
2015-06-26,META,87.50872790956733,87.72719543934073,86.22767553097609,87.39949035644531,38214600
2015-06-29,META,86.00920512972603,86.89303077953736,85.13531223341568,85.20482635498047,35957900
2015-06-30,META,85.99926249761465,86.09856729180436,84.97640872216748,85.17501831054688,23016500
2015-07-01,META,86.16809308377667,87.33990799755996,85.89003659177236,86.30712890625,25260000
2015-07-02,META,86.79371630669621,86.83343973980463,85.74106427049871,86.68447875976562,16908800
2015-07-06,META,85.89002074847117,87.57823247297253,85.79071595914044,86.94267272949219,24635900
2015-07-07,META,87.1909380993854,87.24058670559285,84.63876638505457,86.61495971679688,33059900
2015-07-08,META,85.69141456603289,86.14822267623478,84.85723763436023,85.05585479736328,24399300
2015-07-09,META,86.12836567446386,86.9923257192911,85.05585571212299,85.28425598144531,23307400
2015-07-10,META,86.74406838470914,87.60803609006354,86.16808991447287,87.33990478515625,23245900
2015-07-13,META,88.04498502005156,89.59416115364563,87.80664440221341,89.47499084472656,29976700
2015-07-14,META,89.83249517978047,90.17014060385048,89.02811642105354,89.05790710449219,26627800
2015-07-15,META,89.37569267820386,90.35882317625213,88.79971417370231,89.13735961914062,30886600
2015-07-16,META,89.65374189307191,90.2297203507811,89.14727755429517,90.21978759765625,21804100
2015-07-17,META,91.9079921400834,94.72828768296678,91.89805938775771,94.31120300292969,54001600
2015-07-20,META,95.18510439699936,97.91602814513506,94.69850555965246,97.23081970214844,54860500
2015-07-21,META,98.26359431619079,98.55158353492324,96.46615246377736,97.70748138427734,39453300
2015-07-22,META,96.06892982232974,96.90310683251776,95.25461831854685,96.36685180664062,28299500
2015-07-23,META,96.28740682983042,96.77400567574645,94.15231943748523,94.7779541015625,29418800
2015-07-24,META,96.67469258099449,97.08185209422285,95.21488859195858,96.2774658203125,33444900
2015-07-27,META,95.91003995641442,95.93983063840301,93.17911631922588,93.51675415039062,38585400
2015-07-28,META,94.18209960856126,94.89710624399967,92.66271429648965,94.62898254394531,35236000
2015-07-29,META,95.65184916715091,96.6051889503685,94.08280745923254,96.31719970703125,64648300
2015-07-30,META,94.25162327199966,95.14537400854515,91.16319639819936,94.5495376586914,86211300
2015-07-31,META,94.29133854415754,95.66177047443759,93.29827544173789,93.35786437988281,46509000
2015-08-03,META,92.88119225637409,94.42044312055941,92.15626042272913,93.4869613647461,29343100
2015-08-04,META,93.13940037296132,94.07288222483326,92.68259220064365,93.40752410888672,20136000
2015-08-05,META,94.58927886559671,96.41651169201575,94.5197647379932,95.77102661132812,29813200
2015-08-06,META,96.50586674422307,98.05504266558745,93.76501062633476,94.46015930175781,42271300
2015-08-07,META,94.71836121642245,94.73822672239214,92.96064276163594,93.64585876464844,23199100
2015-08-10,META,95.0162802071043,95.23475530707879,92.98049776803691,93.49689483642578,21624200
2015-08-11,META,93.07982625297717,94.10268023765741,92.25558189730354,92.97058868408203,22491000
2015-08-12,META,92.05695904486596,93.78489453240951,90.55743901196477,93.53662872314453,27050500
2015-08-13,META,93.39759275273309,94.07287600115139,92.70244399839244,92.78189086914062,17451800
2015-08-14,META,92.89112941963131,94.06294425810104,92.56341675662952,93.76502227783203,15929700
2015-08-17,META,93.76501830373854,93.80474173785551,92.74216449875547,93.2784194946289,18313500
2015-08-18,META,93.42737628206255,95.18509459808375,93.3876528497298,94.50981140136719,22278800
2015-08-19,META,93.97355864527188,95.43336261792155,93.50682535141516,94.64884185791016,23251300
2015-08-20,META,92.89111674691019,94.11258003113885,89.83248079577768,89.9317855834961,44598200
2015-08-21,META,86.91288399244422,88.56137246645943,85.01613730614822,85.4630126953125,62778700
2015-08-24,META,76.49565627449756,81.52055358886719,71.50054964357741,81.52055358886719,83710700
2015-08-25,META,86.34683646055511,87.06184312918627,82.42424011230469,82.42424011230469,52021200
2015-08-26,META,85.35377085513008,86.85329826528442,82.68243625433655,86.58517456054688,45124300
2015-08-27,META,88.4819321505536,89.43527194080708,86.58518532374433,89.1075668334961,42431400
2015-08-28,META,89.25651871965279,90.84542591918621,89.16714666732632,90.3786849975586,33215900
2015-08-31,META,89.97152105949812,90.41840402876524,88.27338395981262,88.80963897705078,32850700
2015-09-01,META,86.24753197667957,88.7699132551089,85.89996139384826,86.6249008178711,36097400
2015-09-02,META,88.1939389178852,89.26644897460938,87.02212405808748,89.26644897460938,27190500
2015-09-03,META,89.13734536981303,89.19692673093645,87.12142850278963,87.53851318359375,27048200
2015-09-04,META,86.59509882217223,87.77684632926636,86.09856727485136,87.64775085449219,27328700
2015-09-08,META,89.06784456102172,89.6140247980033,88.2138095671525,88.90895080566406,27012500
2015-09-09,META,90.15027517699941,91.34195555089562,89.5445060249748,89.81263732910156,32551100
2015-09-10,META,89.44519525968283,91.42138875467899,89.00824506073018,91.34194946289062,26437400
2015-09-11,META,91.04402480398204,91.4412515570637,90.497837071436,91.41146087646484,21185000
2015-09-14,META,91.6696548461914,91.97750956761935,90.96458093506486,91.6696548461914,20127900
2015-09-15,META,91.72925477915102,92.60314770827857,91.15327627800112,92.25557708740234,18859400
2015-09-16,META,92.25556998562213,92.950711173863,91.98743868696441,92.80175018310547,16321200
2015-09-17,META,92.72230491480578,94.84745935507105,92.25556404285092,93.6855697631836,27841800
2015-09-18,META,92.55348263685892,94.5296837622849,92.40452922539464,93.74516296386719,62300000
2015-09-21,META,93.96364269357854,95.82066602828236,93.86433031242076,94.88719177246094,28790000
2015-09-22,META,93.1195261085036,94.0232171910061,91.28236083838681,92.31514739990234,36888900
2015-09-23,META,92.75209247436823,93.66570868259303,92.15625614624204,93.3181381225586,21701400
2015-09-24,META,92.41444759002714,94.11258454378638,91.60013616933902,93.75508880615234,29106000
2015-09-25,META,95.1255119137375,95.18509327317226,91.421383347321,92.12645721435547,28961600
2015-09-28,META,91.44124975845475,91.64979209501489,87.56830225091055,88.59115600585938,41199900
2015-09-29,META,88.48191483865294,89.43525444238105,85.12536451033084,86.06877136230469,42281800
2015-09-30,META,87.8265035901384,89.39553754076995,87.39948615115425,89.27637481689453,36169100
2015-10-01,META,89.42534100984136,90.319091796875,87.74706183706493,90.319091796875,29283700
2015-10-02,META,88.28331195160477,91.56041566713797,87.75698971579452,91.43132019042969,37881700
2015-10-05,META,92.2952871633526,93.61605533145337,92.01723070691033,93.35786437988281,27292500
2015-10-06,META,93.42738490487376,93.51675695351844,91.69944953303607,92.15626525878906,22172800
2015-10-07,META,92.46410710453688,93.01029484755256,90.73617940845044,91.759033203125,24129300
2015-10-08,META,91.25257379099764,92.57334962119263,89.84242591249672,91.82855224609375,27290500
2015-10-09,META,92.25556286862951,93.08973223016713,91.60013759044698,92.59320068359375,20012900
2015-10-12,META,92.67265074312573,93.94377033392429,92.02715819504104,93.60613250732422,18449600
2015-10-13,META,93.01030152434785,94.7084386611661,92.90106396790304,93.46710968017578,19480300
2015-10-14,META,93.42738270405532,94.53960857994396,92.9606418126504,93.41744995117188,19253400
2015-10-15,META,94.33106198991135,95.63197980625294,94.24168994738746,95.2943344116211,27557500
2015-10-16,META,95.51280642077877,96.91302141037585,94.68856225393661,96.86337280273438,25412900
2015-10-19,META,96.50587394039023,97.88623106586235,96.24767540875312,97.78692626953125,23729900
2015-10-20,META,98.04512813245127,98.89915547109229,95.89017533884892,96.3271255493164,30881800
2015-10-21,META,96.69455411112,97.49893277549327,95.80079583044414,96.43635559082031,21917800
2015-10-22,META,97.11165109205388,99.03819612164557,96.8733180458219,98.97860717773438,26392100
2015-10-23,META,101.20306080199025,102.13653493303816,99.46520043461464,101.48111724853516,42809700
2015-10-26,META,101.49104685927202,103.0898790732436,100.84556189864384,103.05015563964844,25961200
2015-10-27,META,102.22592169738114,103.37787099597453,101.68966669448629,102.98064422607422,23795500
2015-10-28,META,103.17926607239168,103.75524453601048,102.20606082088163,103.47718048095703,24081500
2015-10-29,META,103.23884949350902,104.39080644367328,102.8018992604852,104.1524658203125,20316700
2015-10-30,META,103.78503863880469,103.99358100461288,100.94487724003805,101.26265716552734,33487100
2015-11-02,META,101.01437896202239,102.75223937356513,100.4781239829985,102.59334564208984,24003900
2015-11-03,META,102.50398329498414,102.93100076812225,101.68967178533367,101.86842346191406,21242300
2015-11-04,META,102.47417399805447,103.41758082302347,101.76910017307783,103.2189712524414,43469300
2015-11-05,META,108.04526237142254,109.88242749014094,107.20115272164645,108.00553894042969,63232900
2015-11-06,META,107.29053739524251,107.98567852922542,105.17531573629157,106.3570556640625,35084300
2015-11-09,META,106.25775367952258,107.49908257764784,105.12566233054996,105.75128936767578,26383500
2015-11-10,META,105.22497546663851,107.3997862929876,104.50996875241574,107.16145324707031,25031700
2015-11-11,META,107.51894252074894,109.10784960129386,106.36699322147138,108.25381469726562,25057100
2015-11-12,META,107.72749902683903,108.63118259703732,107.2508253582662,107.27068328857422,20924700
2015-11-13,META,106.96282404762705,107.49907902306168,103.10974200278233,103.2289047241211,30278400
2015-11-16,META,102.60328403246119,103.44738619201408,99.77305557915065,103.31829071044922,49309200
2015-11-17,META,103.8942695664991,105.4633035866798,103.41759592045761,104.40072631835938,26807200
2015-11-18,META,105.06608706833275,107.13165271662808,104.65892752940111,107.02241516113281,23836500
2015-11-19,META,106.61526379760691,106.9826999023798,105.21504107464906,105.52289581298828,25520600
2015-11-20,META,106.09885738682041,107.12171873845922,105.88038987025061,106.57553100585938,22129600
2015-11-23,META,106.44643997293451,106.72449643878086,105.34413928585042,106.20809936523438,19897200
2015-11-24,META,105.26469114840862,105.75128995777729,103.66585891258403,105.0064926147461,23577300
2015-11-25,META,105.59241118048325,105.86053490907413,104.37094011886258,104.67879486083984,15150800
2015-11-27,META,105.04621086308896,105.22496251965086,104.1325946524259,104.71849822998047,5913100
2015-11-30,META,105.10579861017435,105.36399714678059,103.0303002939703,103.51689910888672,20383200
2015-12-01,META,104.1027997199559,106.40670565682575,103.77508710023402,106.37691497802734,22781900
2015-12-02,META,106.25776233533271,107.17137866042367,105.0561567732405,105.33421325683594,24429100
2015-12-03,META,105.53282609295302,106.10880458456693,102.63308328040677,103.65593719482422,23236500
2015-12-04,META,104.08294408462162,106.98269417826579,103.38780292518626,105.44344329833984,21224700
2015-12-07,META,105.74136326291988,106.08893383604848,103.93398870618081,104.87739562988281,15474900
2015-12-08,META,103.27856432402194,106.16838163556332,103.22890813750881,105.75128936767578,20401800
2015-12-09,META,105.44344651666539,105.7016450593951,102.83169313624808,103.87440490722656,23517300
2015-12-10,META,104.321284565528,105.6619182722441,103.68572477010007,104.68871307373047,17454300
2015-12-11,META,103.42753048357098,103.61620733352935,101.20307110820946,101.41161346435547,26427700
2015-12-14,META,101.58043559730443,104.01343740576107,100.75619132327493,103.93399810791016,24648100
2015-12-15,META,104.56955015178525,105.06608171456396,103.55662152089326,103.82475280761719,21764300
2015-12-16,META,104.63906180793397,106.34712397950896,103.46724704426134,106.04920959472656,22680500
2015-12-17,META,106.74436414971186,107.00256271014594,105.39379755486286,105.4831771850586,21675700
2015-12-18,META,105.34414043925848,105.8505971891079,103.24877659322652,103.31829071044922,35994200
2015-12-21,META,104.1822563282029,104.42058935735795,102.88133847935944,104.04322052001953,16138800
2015-12-22,META,104.49010221801228,104.92705241327295,104.08294270397933,104.77809143066406,14597100
2015-12-23,META,105.15546714111373,105.3739422687745,103.13954995192427,103.90420532226562,19599700
2015-12-24,META,104.01342456872781,104.58940297176919,103.7750915516476,104.2914810180664,6501800
2015-12-28,META,104.29148410730956,105.24483135680978,103.80488530655337,105.19517517089844,13069700
2015-12-29,META,105.68177609798596,106.99261912183532,105.5129571848431,106.51595306396484,17179900
2015-12-30,META,106.2577652898897,106.50603109664178,105.32428343203111,105.4831771850586,13115000
2015-12-31,META,105.26469915868178,105.43351808426249,103.89427467074924,103.93399810791016,18391100
2016-01-04,META,101.2427787576847,101.53076796228632,99.05804299539192,101.51091003417969,37912400
2016-01-05,META,102.1762735647399,102.99058509781774,100.96473523044752,102.01738739013672,23258200
2016-01-06,META,100.42847426914615,103.05016039566198,100.20007398602057,102.2557144165039,25096200
2016-01-07,META,99.80285821807821,100.72640735837899,96.62505879794192,97.24075317382812,45172900
2016-01-08,META,99.18713722862745,99.80283906281281,96.35690897945362,96.65483093261719,35402300
2016-01-11,META,97.23082207331635,97.91603053301314,94.72829855299021,96.8335952758789,29932400
2016-01-12,META,98.31325846233577,99.26659824127886,96.87331982857685,98.68069458007812,28395400
2016-01-13,META,99.88229833639465,99.88229833639465,94.54954623223077,94.7779541015625,33410600
2016-01-14,META,95.18510619318617,98.18416129964695,91.8086897983006,97.68762969970703,48658600
2016-01-15,META,93.32807266385076,95.7114180220457,92.8911224791623,94.31120300292969,46132800
2016-01-19,META,95.86039198028813,96.74421764518821,93.26849635466887,94.59920501708984,30998300
2016-01-20,META,92.18605814261174,94.34100345582871,88.75006039960755,93.69551086425781,59051400
2016-01-21,META,94.25161796823413,95.32412030703047,91.97750266838025,93.50682067871094,30518900
2016-01-22,META,95.74121948983004,97.38970033708118,94.82759565698095,97.26060485839844,30495400
2016-01-25,META,98.03519611097732,98.78992623201475,96.25761215005097,96.3370590209961,32482000
2016-01-26,META,97.08185668981565,97.20101942013189,94.99642556810437,96.66476440429688,26877100
2016-01-27,META,97.11164215152786,97.17122351348279,93.57633991475718,93.79480743408203,58699400
2016-01-28,META,106.45637217423615,109.57459002094635,104.08295172867909,108.3531265258789,107475300
2016-01-29,META,108.23395310741599,112.05724480829751,108.08499211616693,111.4316177368164,62739500
2016-02-01,META,111.49119584294313,114.91726823561653,111.23300488056258,114.29163360595703,46132700
2016-02-02,META,114.00365635292634,116.77429596411045,112.41474920014916,113.81497192382812,59778600
2016-02-03,META,114.47039978529826,114.53991391113092,108.98869386921395,111.9083023071289,56919300
2016-02-04,META,111.0244590901014,111.16348731983648,108.49214512076767,109.72354125976562,38890200
2016-02-05,META,108.75034152133671,108.81985563484255,102.464250319352,103.34807586669922,76894700
2016-02-08,META,99.71349275730466,101.96774318626788,96.78395138335891,99.05806732177734,71229700
2016-02-09,META,96.46615703722263,101.6896715037443,96.14837712156755,98.8495101928711,62709000
2016-02-10,META,100.8455575296948,102.53376171376445,99.54463975934144,100.29936981201172,45179400
2016-02-11,META,98.90908305621565,104.38086284819977,98.194076413343,101.20306396484375,43670600
2016-02-12,META,103.02036307086952,103.51689461700543,100.3887443610551,101.3023681640625,36176800
2016-02-16,META,103.07995438446963,103.20904986191147,99.54464454249084,100.90514373779297,45687200
2016-02-17,META,101.31229669099626,104.9866347998189,99.70353927724449,104.4702377319336,44073400
2016-02-18,META,105.06608194803556,105.26469154300024,102.31529284130544,102.75224304199219,29593500
2016-02-19,META,101.83863539686297,104.29149516568141,101.35202896804006,103.84461975097656,32404500
2016-02-22,META,104.75823518663938,107.49909174894822,104.60927419086165,106.41665649414062,35709700
2016-02-23,META,106.10879650925261,106.72449839237603,104.39080149533805,104.72843933105469,25319300
2016-02-24,META,103.48709625175084,106.20808680110936,102.0272924022778,106.1385726928711,34412400
2016-02-25,META,106.3670032254702,107.32034301757812,104.87740837971323,107.32034301757812,29906300
2016-02-26,META,107.94595949121238,108.69075684071882,106.41664893418645,107.17137145996094,26686200
2016-02-29,META,106.85358212383598,108.15449986475046,106.0094800509026,106.17829895019531,32779000
2016-03-01,META,107.08200343468418,109.05819702148438,106.85359557194724,109.05819702148438,26817300
2016-03-02,META,108.91917789108209,109.78314564871371,108.01548669415428,109.18730163574219,25670200
2016-03-03,META,109.48522053739957,109.53487672922947,107.78708333211847,108.81986999511719,21353100
2016-03-04,META,109.28659565949059,109.28659565949059,107.18129918936006,107.63810729980469,24938900
2016-03-07,META,107.32032303302357,107.32032303302357,103.99356334561672,104.9965591430664,31436400
2016-03-08,META,104.05315108316962,106.62518846867854,103.6757898302422,105.19517517089844,25617000
2016-03-09,META,105.95983488931144,106.76422119140625,104.75822938908698,106.76422119140625,20493300
2016-03-10,META,107.16144217141832,107.90623949234347,105.03628017869265,106.57553100585938,24854300
2016-03-11,META,107.72749768743516,108.66097192972482,107.17137715160275,108.65104675292969,20697600
2016-03-14,META,108.52193931028486,109.56465864347783,108.01547498475081,109.1277084350586,17249400
2016-03-15,META,108.35312187026842,110.06119171575769,108.08499057455036,109.90229797363281,17618500
2016-03-16,META,109.7235382814963,111.71959720632765,109.3362442839653,111.40181732177734,24744800
2016-03-17,META,111.37203653642892,111.90829155984004,109.96188864697976,110.24987030029297,24241200
2016-03-18,META,110.78611743034307,111.64015230568926,109.50506511732378,110.6768798828125,36256900
2016-03-21,META,110.88541985889245,111.5904936901581,110.25978531068652,111.0740966796875,18448000
2016-03-22,META,110.58751078498734,112.0969634092416,110.39882636577916,111.4713363647461,19001100
2016-03-23,META,111.23300847840443,112.40482332928266,111.22307572523142,111.75933074951172,18562000
2016-03-24,META,111.3521765521017,112.30551633772983,110.90530113200047,112.26580047607422,17839100
2016-03-28,META,112.53391583574421,113.79510270238202,112.16647974277748,112.90135192871094,21351800
2016-03-29,META,113.04038467219853,115.5131098924899,112.85170024173443,115.33435821533203,29825300
2016-03-30,META,115.92026725217077,116.1784582214999,113.56670481002723,113.90434265136719,33235200
2016-03-31,META,113.90433856301918,114.21219328689371,112.98078954433652,113.30850219726562,21207500
2016-04-01,META,112.96093974737146,115.36415088891853,112.56371294944913,115.25491333007812,24760500
2016-04-04,META,113.27871692494733,113.75539058619546,110.83578240516884,111.7692642211914,48487900
2016-04-05,META,111.33231365264052,112.53391919058107,111.12377129413555,111.4415512084961,22962400
2016-04-06,META,111.68980749700185,113.02050840747843,111.64015131166819,112.92120361328125,20814600
2016-04-07,META,113.0006455433367,114.09301338473118,112.28563893399638,112.8516845703125,20714500
2016-04-08,META,113.45747086564975,113.5369177401888,109.13764745082949,109.86257934570312,48497800
2016-04-11,META,109.93209253571762,110.140642473734,108.0154802684043,108.23395538330078,39762300
2016-04-12,META,108.58151045425707,110.38889248206311,108.23393990139814,109.84270477294922,26248100
2016-04-13,META,111.45147799250755,111.868562687179,105.78108087433512,109.743408203125,88227400
2016-04-14,META,109.85264606227146,111.26279388715969,109.49514272969833,110.07111358642578,28473300
2016-04-15,META,110.02146441549421,110.20021608087036,108.44249010859319,108.87944030761719,20922800
2016-04-18,META,108.97874111937291,110.04131832011981,108.44248614285529,109.6838150024414,21167200
2016-04-19,META,110.32931504274761,111.66994878715967,108.40277767339208,111.51106262207031,30210500
2016-04-20,META,111.65008472995908,112.48425409795493,110.78611710470318,111.64015197753906,21027900
2016-04-21,META,111.7692582223964,113.2489201634973,111.53091761632898,112.65308380126953,20875200
2016-04-22,META,110.43855287060343,110.97480788499598,108.25381695401502,109.79306030273438,38458200
2016-04-25,META,109.10784241211991,109.90228832357543,108.3133889241944,109.33624267578125,21017900
2016-04-26,META,109.72353376616952,109.73346651803517,107.39976987661073,108.00553894042969,22521500
2016-04-27,META,107.19122148667613,108.18428447594985,105.57252396521957,108.13462829589844,52213100
2016-04-28,META,118.75050148453029,119.952107069718,115.42374121790702,115.92027282714844,87110100
2016-04-29,META,116.00963603995532,117.02255711197407,115.03643082635492,116.76436614990234,37140600
2016-05-02,META,117.01262536618923,117.90638365983386,115.76136375508675,117.74748992919922,28095200
2016-05-03,META,116.70477426557238,117.34034163129184,116.20824270669212,116.61540222167969,24117500
2016-05-04,META,115.801104430767,117.47938372226169,115.76138099219344,117.24104309082031,23448400
2016-05-05,META,117.22117519224261,118.15465697816764,116.43665439418422,116.99276733398438,22056700
2016-05-06,META,116.3472860966389,118.81007854637784,116.29762990692633,118.66111755371094,26395600
2016-05-09,META,118.71077140573657,119.44563602489241,118.07521158757952,118.41284942626953,21138100
2016-05-10,META,118.79021544138035,119.66410827636719,118.17451356753274,119.66410827636719,23220000
2016-05-11,META,119.57473587156888,120.2400863544979,118.59159791163086,118.69090270996094,22038400
2016-05-12,META,119.1477109289159,120.00173820203686,118.0752009908524,119.44562530517578,22035500
2016-05-13,META,119.5449428039033,119.80314135194888,118.84980160893917,118.97889709472656,18124300
2016-05-16,META,118.55187568253743,118.78028353984266,116.53595870770255,117.8468017578125,31247800
2016-05-17,META,117.99575363163814,118.18443803934024,116.38698873129117,116.53594970703125,21328600
2016-05-18,META,115.98977542691381,117.44957184883111,115.92026131158441,116.83387756347656,21642300
2016-05-19,META,116.23804306123378,116.67498568893043,115.07615343437762,115.99970245361328,20544100
2016-05-20,META,116.14865571598901,117.17150946548364,116.13872296388102,116.53594970703125,18944800
2016-05-23,META,116.60547351324975,116.78422518370499,115.13574429081376,115.16553497314453,20441000
2016-05-24,META,115.43365837402311,116.91332792180557,115.3144956450268,116.88352966308594,20183600
2016-05-25,META,117.31054524990125,117.84680025124577,116.56574789966784,117.07221221923828,20019800
2016-05-26,META,117.41977965504496,118.9292398205697,117.10199976385086,118.64125061035156,18481300
2016-05-27,META,118.73062391764759,119.01861313093255,118.18444374884122,118.55187225341797,13493600
2016-05-31,META,118.63131711579348,119.26687689420609,117.30061619738902,117.98582458496094,23547600
2016-06-01,META,117.67798295969126,118.25396140350091,117.00269971644181,117.95603942871094,15029500
2016-06-02,META,117.86666270305084,118.61146003398802,117.39992183009495,118.10499572753906,13228300
2016-06-03,META,118.15465002834873,118.15465002834873,117.04241663769906,117.64818572998047,14135100
2016-06-06,META,117.79716160114349,118.60154038294174,117.53896304315141,117.96598052978516,12744700
2016-06-07,META,118.41284441043057,118.47243334968225,116.85373561373265,116.943115234375,17103000
2016-06-08,META,116.94311381371179,117.77728318839816,116.45650743534117,117.56874084472656,14505600
2016-06-09,META,117.3105314279119,117.85671911765058,116.89344677927664,117.737548828125,13859200
2016-06-10,META,116.72464380844576,117.2906895020909,115.45352418597743,115.81102752685547,18510800
2016-06-13,META,114.20224986465274,114.67892345860406,112.52397089869318,113.15953063964844,31718200
2016-06-14,META,113.27870966618465,114.15260248325896,112.79211085935115,114.1426773071289,17618500
2016-06-15,META,114.50017954522099,114.63920777442036,113.27870858700341,113.8050308227539,19819400
2016-06-16,META,113.08009187252603,113.70571886451344,112.1565429358952,113.59648132324219,19236300
2016-06-17,META,113.62629006290301,113.63622281636185,111.77919189605176,112.23600006103516,24644300
2016-06-20,META,112.98079158773491,113.92420612900544,111.96787050528098,112.58357238769531,20785400
2016-06-21,META,113.3283645281278,114.41079967833633,113.17940354674465,113.58655548095703,19166300
2016-06-22,META,113.85469188150772,113.94406392847353,112.82190529434727,113.11982727050781,14846300
2016-06-23,META,113.57663384471853,114.29163293999524,112.75238962165051,114.28170776367188,16176900
2016-06-24,META,110.23994347418619,112.8914202920994,110.2300107211779,111.30252075195312,40643100
2016-06-27,META,110.79605101377312,110.79605101377312,107.47922385906344,108.2140884399414,36130400
2016-06-28,META,109.86257249309011,111.96786907823237,109.78313319997702,111.918212890625,26813800
2016-06-29,META,112.58356700597811,113.45745981135026,112.25585436278723,113.36808776855469,20968300
2016-06-30,META,113.87455294491814,114.38101728774156,112.8814897656797,113.48725891113281,23192700
2016-07-01,META,113.40780573038056,114.33135473876075,113.02051171813761,113.39788055419922,14980000
2016-07-05,META,113.14962304981117,113.4078140258789,112.18635053683349,113.4078140258789,14207000
2016-07-06,META,112.57364496073822,115.97985203987635,112.18635091884688,115.89047241210938,24337600
2016-07-07,META,115.82095187141503,116.15859728047269,114.55976501093826,115.0463638305664,16630200
2016-07-08,META,115.6223409517565,116.68491820168322,115.04636251589741,116.42671966552734,18142600
2016-07-11,META,116.8934591690645,117.87658953832869,116.68491682264302,117.05235290527344,17711600
2016-07-12,META,117.80707965628082,117.89645928022782,116.75443513371576,117.1119384765625,15217700
2016-07-13,META,117.56874189351718,117.57867464610545,115.87060487149694,115.96990966796875,16207700
2016-07-14,META,116.6849141067042,116.82394233441585,115.89046059709176,116.47637176513672,14579700
2016-07-15,META,116.92325504115071,117.45951005995676,115.77130570837791,116.04936218261719,16646000
2016-07-18,META,116.5061640008732,118.7802794366095,116.0791465596394,118.54194641113281,20868400
2016-07-19,META,118.16458845950886,120.01168662408114,117.83688336048162,119.77335357666016,21541300
2016-07-20,META,120.40890640775285,121.35231336551404,119.72369041279693,121.07425689697266,20046500
2016-07-21,META,121.07426394873542,121.2530156284189,119.4158502172932,119.77335357666016,17801700
2016-07-22,META,119.06827655080552,120.17057728444125,118.48236533605362,120.16064453125,18422400
2016-07-25,META,120.54793710319593,121.00474525033616,116.9629784681581,120.78627014160156,18487400
2016-07-26,META,121.15370026260423,121.22321437772888,119.91237136647099,120.37911224365234,17612000
2016-07-27,META,121.57078166370442,124.13288625434697,120.66709819153724,122.4843978881836,52654200
2016-07-28,META,126.63541228158725,127.43979860241059,122.77239715101058,124.13289642333984,78955800
2016-07-29,META,123.78531988030637,124.96705984546949,122.85183811958947,123.08024597167969,35058800
2016-08-01,META,122.99087707416078,123.71581655129047,122.00774661742523,123.44768524169922,25006900
2016-08-02,META,123.19940984127066,123.93428201466445,121.22321632824078,122.23613739013672,23968400
2016-08-03,META,122.23614239131025,123.06038664368106,121.46155432820352,121.66017150878906,18525300
2016-08-04,META,122.08718944782521,123.92435481062773,121.66017197850607,123.4973373413086,21066000
2016-08-05,META,124.11303380775884,124.96706113255514,123.75553047343925,124.28185272216797,20184000
2016-08-08,META,124.38115001152084,124.5797595957217,123.68600889034784,124.39108276367188,15233900
2016-08-09,META,124.47053083332148,125.21532819132787,123.66615211114515,124.19247436523438,19621000
2016-08-10,META,124.20241734752868,124.60957690681212,123.67609505009099,124.01373291015625,10670100
2016-08-11,META,124.33149898338264,124.51025064716443,123.88462361216337,124.03358459472656,11729500
2016-08-12,META,123.83498122645372,124.13290322478166,123.31859168268593,124.01373291015625,12159000
2016-08-15,META,124.04352325924363,124.05344843580932,122.84191016537615,123.04052734375,19295100
2016-08-16,META,122.64331176848619,123.06039651647123,121.92830501395676,122.4447021484375,14222400
2016-08-17,META,122.80218927630476,123.51718835975292,121.99780299566126,123.50726318359375,13794200
2016-08-18,META,123.1497579814096,123.39802375808084,122.7823219044069,123.05045318603516,12400800
2016-08-19,META,122.74260429470358,123.29872481283303,122.42482438854559,122.702880859375,11688300
2016-08-22,META,122.47447638659767,123.96407106633795,122.25600128800052,123.28878784179688,14386400
2016-08-23,META,123.64629141452565,124.22226226704191,123.38809288145055,123.50726318359375,13309500
2016-08-24,META,123.60656633014763,123.82504142625803,122.23613439144432,122.6234359741211,12243700
2016-08-25,META,122.26593099311519,123.50725986195846,122.24606548839041,123.03058624267578,10730800
2016-08-26,META,123.18947906652899,124.32157038045146,123.05045084036097,124.0931625366211,17504800
2016-08-29,META,123.48739789218885,125.85089297506482,123.48739789218885,125.6622085571289,15925900
2016-08-30,META,125.72178634824506,125.72178634824506,124.28184789066462,124.96705627441406,17804300
2016-08-31,META,124.72873534385741,125.34443725015025,124.23220374808054,125.24513244628906,14200600
2016-09-01,META,125.50331162856422,125.75157740312525,124.72872362416902,125.29476928710938,13536100
2016-09-02,META,125.97006124101289,125.97999399409645,125.12595906420722,125.6324234008789,12118800
2016-09-06,META,125.79130731239712,129.03862805366188,125.59269771311126,128.830078125,26278400
2016-09-07,META,129.13791154490053,131.06445627428977,129.04853950766648,130.1409149169922,27990800
2016-09-08,META,130.0118026203654,130.17069633276716,128.9095021141029,129.36631774902344,15676600
2016-09-09,META,128.8102179288923,129.04854336864688,126.21831512451172,126.21831512451172,27100700
2016-09-12,META,125.08625138337668,127.8668240558102,124.87770900117953,127.79731750488281,21252800
2016-09-13,META,127.14187189199872,127.45965936843584,125.78138024673687,126.32756042480469,18016200
2016-09-14,META,126.0097817820722,127.90653602451091,126.0097817820722,126.88367462158203,15691100
2016-09-15,META,127.09221968483847,128.20445309148428,126.78436496986896,127.45965576171875,15077200
2016-09-16,META,127.31067696258371,128.28387448569916,127.31067696258371,128.17465209960938,24119200
2016-09-19,META,129.00882221971716,129.03861289846415,127.37025912393563,127.75755310058594,14958800
2016-09-20,META,127.75756769349275,128.27396477232423,127.14187339180899,127.74764251708984,11083800
2016-09-21,META,128.2342413188317,129.108126531703,127.49936917913202,129.0386199951172,14068300
2016-09-22,META,129.59472748316907,129.82312774089104,128.66124579560156,129.17764282226562,15538300
2016-09-23,META,126.67512280498235,127.70791688359382,126.41693186179944,127.07234954833984,28326300
2016-09-26,META,126.48646119679883,127.27098202582084,125.92041548174127,126.42687225341797,15064900
2016-09-27,META,126.72480733089324,128.1150898788742,126.54605563522831,127.79731750488281,15637100
2016-09-28,META,128.3136915179713,128.57188247233285,127.50929766784618,128.3335418701172,12047600
2016-09-29,META,128.2838970444834,128.39313460272191,126.66521433069347,127.20146179199219,14532200
2016-09-30,META,127.14187027217353,127.69798319591257,126.56589184317504,127.38021087646484,18402900
2016-10-03,META,127.48944549945801,128.1945118141064,126.91346708368111,127.87673950195312,13156900
2016-10-04,META,128.27396362291285,128.38320117413025,126.66520618947528,127.30076599121094,14307500
2016-10-05,META,127.36034417791745,127.90653192037968,126.943259489021,127.57881927490234,12386800
2016-10-06,META,127.53909965426034,128.16473431994578,127.19153662561216,127.84696197509766,11682700
2016-10-07,META,128.14484061174176,128.35339050538778,127.43977437971752,128.09519958496094,12804400
2016-10-10,META,128.78040457562892,129.793333094254,128.30373857101557,129.33653259277344,15138700
2016-10-11,META,129.32661097535535,129.73377050731926,127.34048465702348,127.9859848022461,17537900
2016-10-12,META,128.11506940405022,128.76056953262136,127.56889680295117,128.15480041503906,11073000
2016-10-13,META,127.32063595804527,127.36035181763371,125.87075705953274,126.93333435058594,17139300
2016-10-14,META,127.5986889936971,128.05548955488467,126.69499789477503,126.99291229248047,13345300
2016-10-17,META,127.31068349946301,127.57881477319974,126.43679071882961,126.65526580810547,11351700
2016-10-18,META,127.78735349860231,128.4924349727669,127.12200303441516,127.67813110351562,13504000
2016-10-19,META,127.84695161091925,129.56494656686576,127.70792338014219,129.2074432373047,16752300
2016-10-20,META,129.16772725819968,129.75363086214145,128.60167400653546,129.09820556640625,13167500
2016-10-21,META,128.87974631934625,131.21345099894842,128.80029944164252,131.15386962890625,19088800
2016-10-24,META,131.79932536510788,132.48454127409804,131.23327216970236,132.35543823242188,17470200
2016-10-25,META,132.5739275045425,132.5739275045425,131.30280791373795,131.372314453125,13336800
2016-10-26,META,130.72682536414706,131.34251963478658,130.03168422746694,130.1309814453125,13084700
2016-10-27,META,130.82612644011058,130.88570779626204,128.373259592282,128.79034423828125,16741400
2016-10-28,META,129.594743963457,132.04761121086273,129.02869068192885,130.37925720214844,24545500
2016-10-31,META,131.0942580850338,131.20349563524212,129.97210705428387,130.0813446044922,15669000
2016-11-01,META,130.49842343768861,131.02474565970132,127.75755962938372,128.60166931152344,22077800
2016-11-02,META,129.32660486651906,129.32660486651906,125.40400860368858,126.28783416748047,39640900
2016-11-03,META,121.15371373494467,122.42483345369887,118.67105566660564,119.16758728027344,63766300
2016-11-04,META,118.7604270592008,121.0841989379943,118.42278920049252,119.91238403320312,30545500
2016-11-07,META,121.97794895786093,122.35531022864637,120.50821215709288,121.30266571044922,23008900
2016-11-08,META,121.18348864611181,123.74559325750354,120.69688984946569,123.3582992553711,19460800
2016-11-09,META,120.65716187267384,122.9511351183753,119.67403156401177,122.32550811767578,31916000
2016-11-10,META,123.07031335643464,123.3185791376284,114.47038305917665,119.96202850341797,67846700
2016-11-11,META,118.70083841797687,119.8627204979536,117.33041398337384,118.19437408447266,32840100
2016-11-14,META,118.30360892754403,118.30360892754403,112.76232237444435,114.28170776367188,51377000
2016-11-15,META,115.92026770975077,117.66805344206391,115.02650933727772,116.38700103759766,34681400
2016-11-16,META,113.68587607109288,117.06228481868037,113.4177447699262,115.53296661376953,32397900
2016-11-17,META,115.99970281041848,116.97290802001953,115.20525684531788,116.97290802001953,18597800
2016-11-18,META,117.56875126023817,118.30361590444085,116.02950027464642,116.208251953125,22879300
2016-11-21,META,117.38006533385101,121.10405227434718,116.98284612137475,120.92530059814453,35415400
2016-11-22,META,121.55092939085414,122.12690782822521,120.06133468649678,120.62738037109375,26089200
2016-11-23,META,120.38904107528538,120.46848036393321,119.107988787022,120.00173950195312,15672100
2016-11-25,META,120.17057175605319,120.2996672357175,119.23708998725935,119.54493713378906,8658600
2016-11-28,META,119.28674832610199,120.84585716881205,118.98882635046238,119.57473754882812,18101300
2016-11-29,META,119.73362556613635,121.25301099717773,119.56480664634746,120.03154754638672,18891000
2016-11-30,META,119.48535508615306,120.94515909445,117.13179274864673,117.5985336303711,30188900
2016-12-01,META,117.55880515138837,117.62831926420661,113.20919157118267,114.30155944824219,43277000
2016-12-02,META,114.31149808633492,115.67199730893768,113.50711937138252,114.5994873046875,25070400
2016-12-05,META,115.14566547374714,116.75443045204854,114.27177265764718,116.61540222167969,20201500
2016-12-06,META,116.87359225595897,116.98282979708772,115.5230259078852,116.49622344970703,19131200
2016-12-07,META,116.18837567437187,117.13178253173828,115.76135826413378,117.13178253173828,21913700
2016-12-08,META,117.16159500071369,118.6710476709142,116.82394958640408,118.08514404296875,22442800
2016-12-09,META,118.3929919622957,119.10799865465215,118.12486066442668,118.84980010986328,17464700
2016-12-12,META,118.39299487932591,118.41285280950478,116.83388597203974,116.95304870605469,17805500
2016-12-13,META,117.04241654770324,120.67702352212683,116.79415077487619,119.47541809082031,29768000
2016-12-14,META,119.16756393449802,120.84584288437917,118.02553993149849,119.37610626220703,25913100
2016-12-15,META,119.24702088411937,121.65023180843102,118.8001379356756,119.7336196899414,20139600
2016-12-16,META,120.06133649955193,120.65717287499854,118.44263871409844,119.03848266601562,25324300
2016-12-19,META,119.01861856177402,119.52508289627971,117.68791756015477,118.41284942626953,15918100
2016-12-20,META,118.67104502143714,118.9391687351189,117.97590385524703,118.26388549804688,13684400
2016-12-21,META,118.09506309783436,118.37311955610477,117.65812048189667,118.2142333984375,10767600
2016-12-22,META,118.03548837689374,118.16458386079118,116.11887616572791,116.58561706542969,16258600
2016-12-23,META,116.18838873389457,116.74450167430416,115.49324755838256,116.45651245117188,10890000
2016-12-27,META,116.1486715949477,117.85674152047899,116.04936678970144,117.19139099121094,12051500
2016-12-28,META,117.37011912641056,117.42970048231192,115.84080118769714,116.10892486572266,12087400
2016-12-29,META,116.1883773271047,116.71469953353078,115.25489563180122,115.54288482666016,9934900
2016-12-30,META,115.79117373239082,116.01958161412541,113.97386616186563,114.2519302368164,18684100
2017-01-03,META,115.22511793650027,117.02255984245464,114.70872842383743,116.04936218261719,20663900
2017-01-04,META,116.73456975053857,118.82993348535967,116.47637122464214,117.86666107177734,19630900
2017-01-05,META,118.03548959613047,120.11098799534177,117.49923457241076,119.83293151855469,19492200
2017-01-06,META,120.14078085059289,123.02065786760421,119.19736633082158,122.55392456054688,28545300
2017-01-09,META,122.69295090459842,124.55990683350892,122.18648659447167,124.03358459472656,22880400
2017-01-10,META,123.95415243073394,124.6294357321823,123.41789737577749,123.48741149902344,17324600
2017-01-11,META,123.48740422909735,125.2451302907193,123.19941499932678,125.21533203125,18356500
2017-01-12,META,124.73865758205153,125.85089099036297,123.93427888917063,125.74165344238281,18653900
2017-01-13,META,126.60562011951635,128.37327890816812,126.48645738928342,127.44972229003906,24884300
2017-01-17,META,127.15179778918635,127.44971976180004,126.51624556212009,126.98298645019531,15294500
2017-01-18,META,127.51925261548736,127.53910296990885,125.96013607568858,127.03264617919922,13145900
2017-01-19,META,127.34048257294904,127.45966045409854,126.56589453371195,126.66520690917969,12195500
2017-01-20,META,127.21138152797624,127.58873517930436,125.90053104132426,126.15872955322266,19097200
2017-01-23,META,126.42687176039774,128.35341676533062,126.06936840739019,128.03562927246094,16593600
2017-01-24,META,128.4825202858308,128.99890223416986,127.48945709649017,128.4725799560547,15162700
2017-01-25,META,129.09823315797175,130.8261688106844,128.86983283443965,130.56796264648438,18731300
2017-01-26,META,130.7168856056053,132.21640525836904,130.52820121392577,131.85890197753906,20020100
2017-01-27,META,131.75962366196595,132.02775498010305,130.17073156669045,131.26309204101562,19539500
2017-01-30,META,130.6672551022605,130.6672551022605,128.70099424778869,130.0714111328125,18956100
2017-01-31,META,129.26703179805006,129.75363820933578,128.62154679484425,129.41600036621094,19790500
2017-02-01,META,131.3326037315374,132.56400751269916,129.77348728717269,132.30580139160156,50139800
2017-02-02,META,132.29586808617762,134.55012557779128,129.49542285611918,129.932373046875,54366400
2017-02-03,META,130.3296172576127,131.9284495842585,129.85293602087768,130.0714111328125,24804900
2017-02-06,META,130.0713957135473,131.14390563964844,129.396120104302,131.14390563964844,17058500
2017-02-07,META,131.32269522410144,132.07741787116277,130.7467166962349,130.9254608154297,14596400
2017-02-08,META,131.68019659365552,133.50742938666082,131.52130283262645,133.2690887451172,22390600
2017-02-09,META,133.55705077379832,133.5669759489223,132.385228532785,133.20947265625,16470600
2017-02-10,META,133.16975272366363,134.00392199670102,132.7526529342063,133.25912475585938,15061900
2017-02-13,META,133.7656021684869,133.7656021684869,132.7725390266972,133.1201171875,13526200
2017-02-14,META,133.16977457675,133.29886248234752,131.6305236624993,132.9215087890625,14364900
2017-02-15,META,132.52426843771815,132.77253421416682,131.7397552514341,132.51434326171875,13226500
2017-02-16,META,132.14691239096575,132.94135073899795,132.0972562059787,132.91156005859375,12831100
2017-02-17,META,132.5739233086147,133.15982689851637,132.2462106686001,132.6037139892578,12276500
2017-02-21,META,132.57392907196393,132.98108859570726,131.97808512731805,132.7924041748047,14759100
2017-02-22,META,132.6732275355793,135.8410858887221,132.53419931679852,135.1757354736328,27360100
2017-02-23,META,134.94734273343116,135.17574300137466,133.3981667370487,134.4210205078125,18422500
2017-02-24,META,133.22936854032034,134.6792323918764,133.22936854032034,134.50048828125,12625700
2017-02-27,META,134.32174368691986,136.2284235065423,134.08341818005718,135.46377563476562,14306700
2017-02-28,META,135.84110620103056,135.86097170752384,133.81526397402428,134.5997772216797,16112100
2017-03-01,META,135.52334403410322,136.5263324696431,135.3545250985931,136.4667510986328,16257000
2017-03-02,META,136.13900717398414,136.86395409614948,135.36441922266005,135.81129455566406,12294800
2017-03-03,META,135.68222788890108,136.37736908818883,135.13604010626722,136.21847534179688,11160600
2017-03-06,META,135.9305036065973,136.8739106711269,135.56305989712916,136.4667510986328,12748200
2017-03-07,META,136.07943342130324,137.41013431943628,136.0397175651689,136.34756469726562,13527100
2017-03-08,META,136.19861040475394,137.03279500032895,136.09931317755002,136.76466369628906,10184500
2017-03-09,META,136.76465456874377,137.60876428482155,136.44686709583988,137.2810516357422,15535300
2017-03-10,META,137.94641788267032,138.52239637845958,137.26120182469788,137.82723999023438,16314100
2017-03-13,META,137.74778155228955,138.71103876462712,137.70805054486848,138.63160705566406,10955500
2017-03-14,META,138.4926049064226,138.4926049064226,137.55912304451613,138.35357666015625,12944000
2017-03-15,META,138.3237683955284,139.12816232725115,137.5293299467696,138.75079345703125,19344800
2017-03-16,META,139.22745568190302,139.27711187180395,138.76071477212938,139.0189208984375,13612900
2017-03-17,META,139.36645029656867,139.36645029656867,138.7308906168283,138.8699188232422,20592800
2017-03-20,META,138.74082280095908,139.21748874455253,138.2840072050182,138.96922302246094,12099500
2017-03-21,META,140.17084978275525,141.32280660953504,137.4399262718037,137.54916381835938,29894800
2017-03-22,META,136.97320028941192,138.82029845274596,136.64550276707533,138.62168884277344,17055400
2017-03-23,META,138.51244708226218,139.41613820610485,138.12515305103554,138.56210327148438,13022800
2017-03-24,META,139.1082641581946,140.04174578454547,138.79047673095235,139.366455078125,16664700
2017-03-27,META,138.08540917729562,139.6743008394681,137.80735275759199,139.3466033935547,12800500
2017-03-28,META,139.38635934719437,140.96532628898848,139.0387811460958,140.77664184570312,14679400
2017-03-29,META,141.00505122073164,141.8690113680303,140.4489230923816,141.66046142578125,16527600
2017-03-30,META,141.412178811783,141.95836654518095,140.86600623132537,141.422119140625,12404000
2017-03-31,META,141.32279664429782,141.64058408566595,140.90571199220653,141.06460571289062,11478300
2017-04-03,META,140.94546682793478,141.4817294953257,139.84318111228956,141.2930450439453,13564000
2017-04-04,META,140.87592922129497,141.1043294870118,140.29002564044134,140.746826171875,12948600
2017-04-05,META,141.27317224759642,142.4449947601164,140.30989968451343,140.86602783203125,17158100
2017-04-06,META,141.12420136690614,141.23343891682566,139.9325286469282,140.1907196044922,15103400
2017-04-07,META,140.2205210055272,140.56809918719009,139.2671888178413,139.80343627929688,11818300
2017-04-10,META,140.0219143874138,140.448924299722,139.65448584399118,140.06163024902344,9039400
2017-04-11,META,139.82328697024343,140.0516872395375,137.8470859538219,138.9493865966797,16638100
2017-04-12,META,138.75078360504907,139.4260592691346,138.47272713713843,138.61175537109375,11612500
2017-04-13,META,138.65146545618995,139.6048127014305,138.36348382389565,138.42306518554688,10965600
2017-04-17,META,138.79049173956642,140.56808315293458,138.78056656374375,140.43898010253906,11519700
2017-04-18,META,140.29004015553377,140.92559998676398,139.63461481781277,139.98219299316406,14807500
2017-04-19,META,140.36946488845516,142.04772867514785,140.2900180279646,141.2830810546875,15563900
2017-04-20,META,141.95836529025655,143.24935033425555,141.7001743426328,142.80247497558594,15968200
2017-04-21,META,142.9017942168966,143.16992553459943,141.28311143922093,142.68331909179688,12382000
2017-04-24,META,143.95443499294305,144.6595013149068,143.33872556117097,144.4608917236328,14407200
2017-04-25,META,144.77867482609412,146.12924136150053,144.77867482609412,145.4738311767578,17767500
2017-04-26,META,146.069641911905,146.56617344208587,145.07657885154325,145.54331970214844,12395000
2017-04-27,META,145.65256127085263,146.72507122404107,145.12623904654814,146.6754150390625,11275100
2017-04-28,META,148.4629206347981,150.47883734155056,148.03591081206864,149.2077178955078,30652200
2017-05-01,META,150.68739815087682,151.51164233075284,150.36961068989032,151.40240478515625,25218300
2017-05-02,META,152.27628194175128,152.37559430629108,150.60794331864588,151.7201690673828,21870400
2017-05-03,META,152.53451077627304,152.53451077627304,150.29017828766047,150.7469940185547,29782500
2017-05-04,META,149.12829801577783,150.468939388775,147.68835941515164,149.8035888671875,36225500
2017-05-05,META,150.39941288200032,150.57817213072272,148.75092439607093,149.19781494140625,17148500
2017-05-08,META,149.6645372479031,150.031965723326,148.70126488801225,150.01210021972656,15827500
2017-05-09,META,150.43913010876204,151.53149039530075,149.16801058988136,149.43612670898438,17453900
2017-05-10,META,149.18787041864087,149.47586721322622,147.8273787736313,149.24745178222656,12080700
2017-05-11,META,149.26730729651976,149.6049451028661,148.37355659667585,148.99917602539062,11841900
2017-05-12,META,149.35669221015388,149.41628872782846,148.5920444921537,149.2871856689453,9598200
2017-05-15,META,149.12831259194172,150.42922307868798,148.73109333671684,149.14817810058594,15064700
2017-05-16,META,149.0687099721291,149.16802234825195,147.99619995235528,148.74099731445312,14550800
2017-05-17,META,146.97334236465397,147.63869283943836,143.418174562075,143.84519958496094,28300100
2017-05-18,META,143.7161035186623,147.12230292650415,143.50755358516884,146.63571166992188,23031600
2017-05-19,META,147.4202071925742,148.35368888689817,146.93361599446803,147.0329132080078,16187900
2017-05-22,META,147.05279144171797,147.55924818755005,146.66549742362497,147.21168518066406,12586700
2017-05-23,META,147.48973730728926,147.77771894183152,146.22854291504584,147.04286193847656,12817800
2017-05-24,META,147.4797907438921,149.18786043274298,147.3904187044957,148.99917602539062,17862400
2017-05-25,META,149.25739531409565,151.53150327307716,148.90981714846654,150.9058837890625,19891400
2017-05-26,META,151.17398898906703,151.1938544935643,150.10147904031652,151.07469177246094,14996200
2017-05-30,META,150.91582321913762,151.83936476764012,150.58811052849208,151.32298278808594,13226000
2017-05-31,META,151.64075149463565,152.28625168293928,150.0419190955539,150.40936279296875,18023900
2017-06-01,META,150.69732641402845,151.2335738242541,149.2573879401662,150.47885131835938,14530600
2017-06-02,META,150.79664787598009,152.5642990999012,150.25046010388283,152.54443359375,16854400
2017-06-05,META,152.57422571380778,153.63681058525617,152.34582542621234,152.56430053710938,12520400
2017-06-06,META,152.34581340201132,153.4481140461935,151.42225684194173,151.74996948242188,13457100
2017-06-07,META,152.20678410708064,152.68345014764515,151.2832275534879,152.0578155517578,12066700
2017-06-08,META,153.01116045757777,153.65664539533412,152.03796288662605,153.6367950439453,17799400
2017-06-09,META,153.69639061493035,154.51069453242306,145.59299153468632,148.562255859375,35577700
2017-06-12,META,147.14216229092816,148.1650161035465,143.55720378216824,147.41029357910156,33170200
2017-06-13,META,149.10841289609826,150.13126663908113,147.86708406695013,149.63473510742188,20483400
2017-06-14,META,150.21070608487213,151.3427973150333,148.01604530896012,149.2077178955078,20808800
2017-06-15,META,146.645604796424,148.9991591516351,145.35461992389685,148.76083374023438,18994200
2017-06-16,META,148.55232755660828,149.78373143856587,147.56920463946793,149.5950469970703,22882400
2017-06-19,META,150.65762848807233,152.5047266921509,150.65762848807233,151.8095703125,19026500
2017-06-20,META,151.81949754155963,152.77282966936713,151.15414705677247,151.19386291503906,14743900
2017-06-21,META,151.30311045254234,153.01118037661712,150.82644435717836,152.8423614501953,15039800
2017-06-22,META,151.9485672343742,153.47789277081242,151.8492700241382,152.3358612060547,13005500
2017-06-23,META,151.6605890027642,154.12338110436565,151.59106731640577,153.99429321289062,18027000
2017-06-26,META,155.16611828477656,155.4143840740322,152.13727262526947,152.52456665039062,18049700
2017-06-27,META,151.7797633592169,152.2465042370376,149.34676175005097,149.5354461669922,19360800
2017-06-28,META,149.87305812536596,152.40537167050752,148.82041382613912,152.17697143554688,16719100
2017-06-29,META,151.22366765586327,151.44214277899295,147.88697459245103,149.9922637939453,23973500
2017-06-30,META,150.8462945515296,150.8661600584235,149.0190618937829,149.93267822265625,17666000
2017-07-03,META,150.6675308488081,151.09454069735662,146.77472541580732,147.4003448486328,13862700
2017-07-05,META,147.9664180778391,149.80359107488172,147.10245793531936,149.297119140625,14334300
2017-07-06,META,147.99622401863544,148.9992125076352,146.97337002059248,147.78768920898438,14951800
2017-07-07,META,148.21466994405515,150.9356683347701,148.15508858161346,150.3894805908203,13615900
2017-07-10,META,150.63773893868301,152.91184669302274,150.45897970723553,152.4351806640625,13378700
2017-07-11,META,152.3061028981342,154.3418855523877,151.84930229749614,154.19293212890625,13667700
2017-07-12,META,155.40445880147755,158.05593561073619,155.1164620004719,157.7977294921875,22739400
2017-07-13,META,157.6388609557781,158.67164003700785,157.32107345205068,158.15524291992188,13929200
2017-07-14,META,159.01923006740762,159.2079145176795,158.22477640186753,158.86033630371094,16371200
2017-07-17,META,159.13836055183071,159.6646827785501,157.70834727435164,158.62196350097656,12858800
2017-07-18,META,158.55247123473407,162.59423050492242,158.31413061605534,161.7302703857422,23722900
2017-07-19,META,162.45520077426843,164.55056467464098,162.0381160601157,163.0013885498047,26273600
2017-07-20,META,163.6568184406949,163.85542805016732,161.68061721703077,163.38868713378906,18523100
2017-07-21,META,163.02123629970262,163.90506182096115,162.61407680656535,163.2893524169922,14744000
2017-07-24,META,163.4979137564106,165.01729913901661,163.17020110387625,164.84848022460938,17367000
2017-07-25,META,163.86533734700834,164.3916595799285,162.72332083850765,164.1334686279297,15383200
2017-07-26,META,164.8584008219692,164.8584008219692,162.96166180516906,164.461181640625,35236900
2017-07-27,META,173.48813411158127,174.2726625076024,166.33808226281286,169.2576904296875,68910700
2017-07-28,META,167.8971952364789,172.22693605440938,167.87732973051428,171.2537384033203,24557600
2017-07-31,META,170.80685122784342,171.5218578638231,167.38078660298925,168.075927734375,25478900
2017-08-01,META,168.64197054757364,169.287455454059,167.87730777382905,168.6816864013672,14385000
2017-08-02,META,169.11865824730495,169.36692403593784,165.75217475956077,168.12559509277344,17433800
2017-08-03,META,168.12559848902808,168.5228176976883,167.0828791251181,167.42051696777344,10793800
2017-08-04,META,167.79788961688672,168.88032486495945,167.51983313394953,168.44337463378906,10777700
2017-08-07,META,168.77108550721096,170.86644943674585,168.48310385043376,170.78700256347656,12787800
2017-08-08,META,170.68772129263778,171.84960351104934,169.4364518628537,170.04222106933594,14393500
2017-08-09,META,168.800880884643,170.26068502155996,168.38379615308702,169.9925537109375,10815000
2017-08-10,META,168.8802902124984,169.406612386701,165.6925664897196,166.23873901367188,20832700
2017-08-11,META,166.78497468357256,167.6489500403355,165.69261416839836,166.91407775878906,13791200
2017-08-14,META,168.91011116926123,169.89324916390456,168.11565760163506,169.56553649902344,12954200
2017-08-15,META,170.3004033908926,170.31032856723718,168.83065903308116,169.8137969970703,8729200
2017-08-16,META,170.062068714815,170.19117177650332,168.06601718817015,168.82073974609375,15779900
2017-08-17,META,168.16531830444666,168.6817154102053,165.69260063942954,165.75218200683594,17216000
2017-08-18,META,165.6826497427864,167.49995709748833,165.0570302719775,166.2487030029297,15093600
2017-08-21,META,166.00042513506446,166.83459447071246,164.66972426825362,166.61611938476562,11907500
2017-08-22,META,167.1126901479924,168.69165715106945,165.99052377517924,168.4632568359375,11391000
2017-08-23,META,167.6687454727617,168.1851424515292,167.0331857884856,167.53965759277344,9856500
2017-08-24,META,167.70850738541677,168.11565175525436,165.25564022537776,166.576416015625,14030400
2017-08-25,META,166.695570251037,167.21196729866998,165.0272163867383,165.166259765625,12614500
2017-08-28,META,165.7521823451852,166.5366956058741,165.1762038708444,166.07989501953125,8553700
2017-08-29,META,164.1036822894085,167.26161577049203,163.85541650682242,166.88426208496094,11121000
2017-08-30,META,167.00342673334535,168.9994781932471,166.4671793040828,168.7412872314453,11138300
2017-08-31,META,169.21795269138102,170.95581318326467,168.8803148610923,170.77706909179688,17226500
2017-09-01,META,171.2040748708996,171.72047193323968,170.1216397128492,170.82672119140625,11677600
2017-09-05,META,170.0819238274325,171.19414966649737,168.37385405861684,169.53573608398438,13210900
2017-09-06,META,169.72443294698814,171.28353427123324,168.39373191295647,170.896240234375,13906300
2017-09-07,META,170.74727423043853,172.1077658475565,169.08886064855895,172.0084686279297,18049500
2017-09-08,META,171.88929946283218,172.28653382029586,169.6151914840004,169.76414489746094,10998500
2017-09-11,META,171.20406536483895,172.68373477827754,171.00545578356378,172.30636596679688,12372000
2017-09-12,META,172.5546465230831,172.79298713280784,170.5585950578146,171.7602081298828,11186300
2017-09-13,META,171.80984784630212,171.96874158489928,170.86644089691058,171.84957885742188,9119300
2017-09-14,META,171.06504830816147,171.08491381346752,169.31726266474533,169.77407836914062,15615700
2017-09-15,META,169.69464874192767,171.1445125648226,169.07893923840882,170.44937133789062,15660500
2017-09-18,META,170.7969338744533,170.87638074352748,168.16530747754663,168.83065795898438,12954000
2017-09-19,META,169.4364283853233,171.36297330466243,169.178237423544,171.32325744628906,13168600
2017-09-20,META,171.3033901419022,171.84957789468197,169.51587347505074,170.97567749023438,12264100
2017-09-21,META,170.49899779760887,171.07497618603804,168.83064399096236,169.9230194091797,11161400
2017-09-22,META,169.02928187210077,170.53872691822158,168.04614391922902,169.3569793701172,12097100
2017-09-25,META,168.06601109800962,168.12559246187857,160.43927831102428,161.7401885986328,41251600
2017-09-26,META,163.35890452659424,164.35196777599606,161.65083452538778,163.0709228515625,23363300
2017-09-27,META,164.74917915694348,167.17225579438713,164.4214816348598,166.51683044433594,19242500
2017-09-28,META,166.77501139227604,167.89717749007715,166.0004234238819,167.5595245361328,12178700
2017-09-29,META,167.65885026241537,170.46922074212407,167.63898475696752,169.6846923828125,15340400
2017-10-02,META,170.2010978223,170.67776390589935,167.57941163309107,168.29441833496094,13392300
2017-10-03,META,168.12559579672308,169.54566884023728,168.02628341967764,168.78102111816406,8190300
2017-10-04,META,168.65191640229273,169.48608581069377,167.122590667283,167.25169372558594,12127900
2017-10-05,META,168.00640138927514,170.12163055817993,167.43043814847286,170.0521240234375,14580600
2017-10-06,META,169.0690173394529,171.17430656839463,168.5724857173106,171.0352783203125,13124500
2017-10-09,META,171.50198482253145,173.66687013992797,170.80684372169384,171.30337524414062,14570400
2017-10-10,META,171.79991128755583,171.99852087117313,169.61517556188588,170.39968872070312,11341100
2017-10-11,META,170.75720441941772,171.58144864651447,170.21101666014383,171.54173278808594,11283700
2017-10-12,META,171.41263922874293,172.64404304943582,171.09485173194145,171.35305786132812,10351000
2017-10-13,META,172.24677801844288,173.43845061344652,171.99851226311134,172.53477478027344,13658300
2017-10-16,META,173.27958126825206,173.7860379810241,172.85255626682704,173.3093719482422,11498800
2017-10-17,META,173.49808423316648,174.90823220671732,173.1505060401822,174.88836669921875,15990100
2017-10-18,META,175.42459320815635,175.51398040474353,174.53084246580923,174.80889892578125,12752400
2017-10-19,META,173.7165343616841,174.80890991807942,171.43250117585282,173.34910583496094,14048400
2017-10-20,META,174.28258666740382,174.65995552166484,173.41862655679728,173.7661895751953,12602200
2017-10-23,META,173.9846552182496,174.1236834486322,170.06205893329602,170.08192443847656,13852700
2017-10-24,META,171.10480801252103,172.03828993021898,170.31035434939872,170.6082763671875,12267900
2017-10-25,META,170.70755017855,171.05512834376316,167.71843553889343,169.4165802001953,15868200
2017-10-26,META,170.19116269794813,171.09483862273663,169.20802475210576,169.4463653564453,11833100
2017-10-27,META,172.9419360451542,176.97378503519025,172.69367026550114,176.6460723876953,30285300
2017-10-30,META,178.01646911899888,179.43655709805242,176.37792121918378,178.6222381591797,24353200
2017-10-31,META,179.3174001924039,179.54580044850854,177.69870259019334,178.81092834472656,20174200
2017-11-01,META,181.0950070843782,181.63125454901103,179.31743061065444,181.39292907714844,40918300
2017-11-02,META,179.37699283712175,180.6779030753569,176.10980674819155,177.67884826660156,35529900
2017-11-03,META,178.04627676514238,178.6123300062959,175.48418729837076,177.67884826660156,17822100
2017-11-06,META,177.32134903828393,179.1982377369636,177.07308325722607,178.92018127441406,13312700
2017-11-07,META,179.2478842979992,179.49615006572498,177.71857383610208,178.99961853027344,12928200
2017-11-08,META,178.5428228965504,179.09895100716585,177.86754720592984,178.31442260742188,10494100
2017-11-09,META,177.07307547407183,178.15551059520038,175.86153730352683,178.05621337890625,12610300
2017-11-10,META,177.11280835230295,177.85760567060038,176.7255143529059,177.2220458984375,11070200
2017-11-13,META,176.26872790763915,177.79803865430355,176.07011828706416,177.52992248535156,9523400
2017-11-14,META,176.89434393783202,177.7285133479721,175.9509218220224,176.8347625732422,9585900
2017-11-15,META,175.4345314361276,177.33128559981677,175.17632533143126,176.715576171875,10253700
2017-11-16,META,177.5199939060066,178.5825789334828,177.2618028974622,178.34423828125,15607600
2017-11-17,META,178.05623803605772,178.731513750954,177.65900365705212,177.75831604003906,13018000
2017-11-20,META,177.62920998249183,178.25484464830473,176.86456222754487,177.5001220703125,10052400
2017-11-21,META,177.90727219491447,180.62827090937472,177.7483935938134,180.59848022460938,14504000
2017-11-22,META,180.04236625406278,180.4693761686598,179.18833127192642,179.61534118652344,10376300
2017-11-24,META,179.1485897679096,181.8795134848164,179.0393522131157,181.5120849609375,9426300
2017-11-27,META,181.29358935093973,182.4554713098505,180.727551287699,181.7603302001953,12344500
2017-11-28,META,182.23702204129248,182.97189426299806,180.82687411824276,181.1545867919922,14379700
2017-11-29,META,180.62824698739723,180.7076938538972,172.79297972000433,173.91514587402344,41933500
2017-11-30,META,175.62321498774895,177.04328794484366,173.98465178386235,175.95091247558594,25307600
2017-12-01,META,174.8088868185829,176.24882520505278,171.144481753462,173.88534545898438,20182500
2017-12-04,META,175.0670891518852,175.34516076364028,169.6052420419783,170.28053283691406,24459400
2017-12-05,META,169.26760840434804,174.16341754157304,167.83759506485077,171.631103515625,20184900
2017-12-06,META,171.30338192872622,175.5437655387127,170.7075380173633,174.83868408203125,20255800
2017-12-07,META,174.5805056625896,179.13866190688987,174.5805056625896,178.89039611816406,20404500
2017-12-08,META,180.27076476959866,181.01556218317424,177.50012505839206,177.75831604003906,19883800
2017-12-11,META,178.05622552562704,178.969841803735,177.55969395146352,177.7980194091797,13168600
2017-12-12,META,177.36107526628345,177.9370385282187,175.37494907137742,175.73245239257812,16854100
2017-12-13,META,176.0700930146524,177.9171910114658,176.02043682840042,177.0631561279297,14615700
2017-12-14,META,177.0532144837025,179.10886238632793,176.4474453829856,177.15252685546875,13591000
2017-12-15,META,177.77815782426055,179.2379617723058,177.12273255106876,178.9300994873047,28463100
2017-12-18,META,179.7543430853062,180.04233986484087,178.50308905657448,179.565673828125,17265400
2017-12-19,META,178.70170544637455,178.83080850093938,176.98371049128104,178.26475524902344,14920600
2017-12-20,META,178.5626853182931,178.5626853182931,176.1296835940303,176.656005859375,11860500
2017-12-21,META,176.70564627959814,177.44050325842102,175.8218207475171,176.2190399169922,11600700
2017-12-22,META,175.91119805703332,176.2984920624017,175.00750699352696,175.9707794189453,8509500
2017-12-26,META,175.404740075275,175.77216857306874,173.4583297333868,174.76918029785156,8897300
2017-12-27,META,175.32529352058748,177.20218217545033,175.037296735637,176.3878631591797,9496100
2017-12-28,META,176.71558169741525,177.6987196553159,176.44745040836216,176.685791015625,12220800
2017-12-29,META,176.76521120745304,177.60932080529327,175.23590087890625,175.23590087890625,10261500
2018-01-02,META,176.4474526579683,180.32040802242759,176.3183647528784,180.16151428222656,18151900
2018-01-03,META,180.61832239618496,183.49819933966575,180.07213465781712,183.3889617919922,16886600
2018-01-04,META,183.61738398311937,184.9183095345115,182.82294552659033,183.0513458251953,13880900
2018-01-05,META,184.3025942053248,185.60350456264763,183.64716886176097,185.55386352539062,13574500
2018-01-08,META,185.90141274321354,187.58961701399005,185.0374526791032,186.9739227294922,17994700
2018-01-09,META,187.3910167084553,187.4903290863987,185.80212473195056,186.5667724609375,12393100
2018-01-10,META,185.64322130280325,186.58662823227942,184.3423110455009,186.53697204589844,10529900
2018-01-11,META,187.09308772995047,187.09308772995047,186.0801742469312,186.46746826171875,9588600
2018-01-12,META,176.82480697209243,180.22108083685907,176.16938171232874,178.12571716308594,77551300
2018-01-16,META,180.24095372093686,180.48921949741197,176.8049487072274,177.15252685546875,36183800
2018-01-17,META,178.0165000950676,178.07609661430618,174.58050997978083,176.36802673339844,27992400
2018-01-18,META,176.8943360637807,179.72455682640532,175.85161677104932,178.55274963378906,23304900
2018-01-19,META,179.5954593938482,181.1049043259526,178.9201686375365,180.0323944091797,26826500
2018-01-22,META,179.54583073081054,184.10398721105145,179.15853668646866,184.08412170410156,21059500
2018-01-23,META,184.759402843244,188.2351238824501,184.26287126621455,188.03651428222656,25678800
2018-01-24,META,188.57276298915235,189.33742586575525,185.22614498635804,185.2559356689453,24334500
2018-01-25,META,186.64621476657425,187.31156525428196,185.30558861478383,186.17947387695312,17377700
2018-01-26,META,186.44759957162958,188.68199157714844,185.51411782040898,188.68199157714844,17759200
2018-01-29,META,187.44068502512843,187.53005707929518,184.34233259047582,184.6898956298828,20453200
2018-01-30,META,186.3184919939445,186.87460489956686,180.5785885491502,185.82196044921875,20858600
2018-01-31,META,187.0632960772574,188.5131749075935,183.93515329351402,185.59356689453125,43275100
2018-02-01,META,186.91433689422146,193.96509092767525,186.58662425462194,191.75054931640625,54211300
2018-02-02,META,190.70783815624117,192.862798498052,188.66213051855547,188.96005249023438,26677500
2018-02-05,META,185.63327512405218,189.28775515477489,179.35712430913944,180.0026092529297,33128200
2018-02-06,META,177.33128526926728,184.48133656790674,176.5070410768507,184.02452087402344,37758500
2018-02-07,META,182.8725611493126,183.79611769843558,178.70169922044337,178.9300994873047,27601900
2018-02-08,META,179.75434837685123,180.57859257783755,170.2904581354756,170.3897705078125,38478300
2018-02-09,META,173.5477252724993,175.67287998657486,166.02030414243362,174.88836669921875,39887600
2018-02-12,META,175.8317796179908,176.3183860738455,170.6479881523856,175.18629455566406,32092100
2018-02-13,META,174.40173483989793,174.7493129822213,171.8992267657541,171.94886779785156,21809400
2018-02-14,META,172.2468180253499,178.56270091406068,172.008492542758,178.27471923828125,28929700
2018-02-15,META,179.2478868027844,179.2478868027844,175.61327227578408,178.71163940429688,20922100
2018-02-16,META,177.74838226438385,178.632207879621,175.07703991244753,176.1296844482422,20645300
2018-02-20,META,174.55070653465867,176.7155768341903,173.89528124742893,174.78903198242188,21204900
2018-02-21,META,175.4842151812032,180.01258121818572,175.17635284241317,176.67588806152344,23200800
2018-02-22,META,177.46035529476978,178.9598901245549,176.17931069043607,177.74835205078125,18464200
2018-02-23,META,178.65205593168352,182.11785180561444,178.2647619064659,182.01853942871094,19007300
2018-02-26,META,183.2995623011815,184.3720721123906,181.94899607442986,183.64712524414062,17599700
2018-02-27,META,183.1704973275047,183.4187631181771,180.2012481689453,180.2012481689453,15849800
2018-02-28,META,181.03542565076677,181.61140412912914,176.90427907330402,177.08303833007812,18783000
2018-03-01,META,177.76823962984855,178.87054039821555,173.2001579591392,174.71954345703125,23201600
2018-03-02,META,172.08787391086514,175.8813816967607,171.78996714480067,175.394775390625,20025900
2018-03-05,META,174.97772779793522,179.89338746655915,174.66988063922287,179.14859008789062,16189300
2018-03-06,META,180.5190243165728,181.11486828795566,177.86754743450814,178.53289794921875,15086800
2018-03-07,META,177.50009850119213,182.54486071271018,176.83474806296604,182.4356231689453,19097300
2018-03-08,META,182.28665719272595,183.1208265462058,180.19129348030913,181.0751190185547,17225900
2018-03-09,META,182.63423298546263,184.22312480696067,181.9390918664985,183.945068359375,18526300
2018-03-12,META,183.9450733877962,184.80904858699967,182.94208511393975,183.47833251953125,15301200
2018-03-13,META,184.32245324330077,184.69982209203795,179.85366903519062,180.6183319091797,18067500
2018-03-14,META,181.3333258083138,182.97187384123836,180.58852849281348,182.91229248046875,16821700
2018-03-15,META,181.96888520383368,182.72360769359662,180.92616593368982,182.58457946777344,15614300
2018-03-16,META,183.2102015546975,184.04437085269697,182.13769167743857,183.8060302734375,24403400
2018-03-19,META,175.78210409554964,175.9409978374931,168.88031817988215,171.36297607421875,88140100
2018-03-20,META,166.3082602065724,169.01931792741198,160.82654825700365,166.98353576660156,129851800
2018-03-21,META,163.65680961347792,172.19714358368446,162.16721489336666,168.2149658203125,106598800
2018-03-22,META,164.97758908714604,169.08886999999646,162.5843032135529,163.74618530273438,73743000
2018-03-23,META,164.29235142693378,165.44430818768942,157.9168885414917,158.28431701660156,53609700
2018-03-26,META,159.70442949476993,159.98248597574425,147.98628082177376,158.94969177246094,126116600
2018-03-27,META,155.22568684034707,161.72032783697745,149.70425856740601,151.1640625,79117000
2018-03-28,META,150.59801289868955,154.7986807174794,149.75391835632328,151.96844482421875,60029200
2018-03-29,META,154.0737219918404,160.30023139027026,153.07073379344348,158.68153381347656,59434300
2018-04-02,META,156.71528361031537,158.09564069755277,153.04095321254837,154.31207275390625,36796000
2018-04-03,META,155.4640498498821,156.29821931651807,149.76386152198518,155.027099609375,42543900
2018-04-04,META,150.97539757930008,154.4809094745706,149.46593726752195,154.02410888671875,49885600
2018-04-05,META,160.43928160179667,160.4492219312727,155.56333785263115,158.23468017578125,41449600
2018-04-06,META,156.63584985674814,160.30025538543117,155.7222335569777,156.10952758789062,41644800
2018-04-09,META,156.725250244978,159.41644318153854,154.95758370960976,156.83447265625,34915200
2018-04-10,META,156.83443253790327,164.82859272977186,155.92081639496672,163.89511108398438,57889300
2018-04-11,META,164.2129125356057,167.48008342181961,162.11754881766407,165.166259765625,56144600
2018-04-12,META,165.82170380300047,166.28844476120275,161.9686285445525,162.7332763671875,38263000
2018-04-13,META,163.438335026632,164.55056090556343,162.6339562996947,163.37875366210938,19990600
2018-04-16,META,164.57042532288062,164.63000668700911,162.25658638059696,163.6865997314453,18119400
2018-04-17,META,164.67965045004675,167.82765855850135,164.51083154677264,167.49002075195312,22743000
2018-04-18,META,165.7223754498516,166.9537639994837,164.62007479958842,165.2059783935547,20969600
2018-04-19,META,165.04711536399438,167.16234501546606,164.05405207642167,166.93394470214844,22235000
2018-04-20,META,166.62606105519114,167.26162087187814,164.65980023996286,165.1265411376953,19119400
2018-04-23,META,166.10967864929586,167.281485902097,163.94479308574589,164.68959045410156,23088100
2018-04-24,META,164.28243303299078,164.94779869185714,157.09266537598995,158.58226013183594,35079900
2018-04-25,META,159.02913552800146,159.94275182656736,155.10653903486195,158.58226013183594,41083600
2018-04-26,META,172.01840721376857,175.047252977902,169.61519610911205,172.95188903808594,77556900
2018-04-27,META,175.58349839134146,175.87149519912316,171.4027108901409,172.38583374023438,29804700
2018-04-30,META,172.58446137583272,174.50108139255886,170.51890308069886,170.806884765625,20750500
2018-05-01,META,170.80686310243846,172.8128549235581,169.0491370707119,172.65396118164062,26025900
2018-05-02,META,173.0412657410691,176.8446996844626,172.99160954957935,174.84864807128906,30424500
2018-05-03,META,173.9151516378394,174.89827444336046,170.92602190435747,172.81285095214844,24026100
2018-05-04,META,171.87937590474584,175.75231622060258,171.85951039845025,175.3848876953125,17677800
2018-05-07,META,176.11976404085377,178.25484385312672,175.9410047858724,176.73545837402344,18697200
2018-05-08,META,177.01349780708208,177.79801098981687,175.8814064777154,177.67884826660156,15577200
2018-05-09,META,178.42366463234376,181.7404921079287,177.5398389839887,181.39292907714844,23282800
2018-05-10,META,181.87951624570422,184.8388554467013,181.2340312367227,184.24301147460938,21071400
2018-05-11,META,183.5677317892861,187.01366217802422,182.90236613531536,185.69288635253906,21207800
2018-05-14,META,186.40786055179697,186.55681393914676,184.908325738762,185.34527587890625,15646700
2018-05-15,META,183.59752530906263,184.0046696960543,181.92917128948,183.04141235351562,15429400
2018-05-16,META,182.42566968254076,183.0413790452334,181.39289083202405,181.92913818359375,16975500
2018-05-17,META,181.41275010095788,182.7831819543688,180.95594958511393,182.48526000976562,14840700
2018-05-18,META,182.21715936753333,182.91230052866533,181.34325896328693,181.4127655029297,13130500
2018-05-21,META,182.49522887801348,184.0146143648685,181.85966903483845,183.21023559570312,13532900
2018-05-22,META,183.64717555817558,184.1337819951603,182.15758071554657,182.5250244140625,12731400
2018-05-23,META,181.23402848046132,185.613440695791,180.91624099272752,185.60350036621094,16628100
2018-05-24,META,184.59057198055757,185.50418820481875,183.74646229305336,184.6402130126953,12354700
2018-05-25,META,184.72962843449054,185.0374756148978,183.17051187185697,183.6372528076172,10965100
2018-05-29,META,183.06127099873294,185.5141383732203,182.43565147187587,184.45156860351562,16398900
2018-05-30,META,185.24601299375306,186.69589201392193,183.96496806159064,186.36817932128906,13736900
2018-05-31,META,186.56678046598967,191.38314309701488,186.17948642009893,190.4496612548828,30782600
2018-06-01,META,191.73071657307693,193.2004458453696,190.73765338718755,192.6443328857422,17307200
2018-06-04,META,190.50924132322777,192.6343959726056,190.14181278687326,191.9392547607422,18939800
2018-06-05,META,192.95219014474927,193.64733138065546,191.283836025632,191.60162353515625,15544300
2018-06-06,META,189.70484816722947,191.1944428595249,187.7981687794442,190.0126953125,22558900
2018-06-07,META,189.426798129732,189.6452732375822,185.47441098824973,186.87461853027344,21503200
2018-06-08,META,186.22915244707383,188.1656227788041,185.1367767968963,187.78826904296875,12677100
2018-06-11,META,187.5002456308384,191.26396334867428,187.49032045467757,190.2113037109375,12928900
2018-06-12,META,190.83695310064772,191.93925385746576,190.23118394324425,191.0653533935547,11562700
2018-06-13,META,191.4029842424792,193.1507698150531,190.5787400645043,191.0752716064453,15853800
2018-06-14,META,191.7604922785688,195.91148879795227,191.57180786351674,195.4447479248047,19120900
2018-06-15,META,194.43179753467425,195.70293211166435,193.28978114918618,194.49139404296875,21860900
2018-06-18,META,193.44869539597664,198.19553581365187,192.78334493566004,196.93434143066406,16826000
2018-06-19,META,194.878727156589,196.58679706698288,192.44571020255623,196.12005615234375,19994000
2018-06-20,META,197.71886278960696,202.13799040915217,197.4308660144014,200.59873962402344,28230900
2018-06-21,META,201.35347270374544,201.97910731812365,198.7019959923883,200.1022186279297,19045700
2018-06-22,META,199.76458248044904,200.8370924771239,197.92740963233234,200.34056091308594,17420200
2018-06-25,META,198.61263534937925,198.61263534937925,191.7704306677108,194.9879608154297,25275100
2018-06-26,META,196.22928551508667,197.71888024778335,194.868778688557,197.61956787109375,17897600
2018-06-27,META,197.79833401889405,199.35745061969354,194.44179048431707,194.48150634765625,18734400
2018-06-28,META,193.8260702706,195.97109044329886,191.91939072362615,194.86878967285156,18172400
2018-06-29,META,195.95123546140104,196.22929194170896,192.6145425447642,192.9720458984375,15811600
2018-07-02,META,192.028623959909,196.08032358836755,190.8866073540216,195.99095153808594,13961600
2018-07-03,META,193.2004487047299,194.04454333346345,191.18453161977428,191.39306640625,13489500
2018-07-05,META,193.3891237077156,197.27198911644638,192.6840422023842,197.07337951660156,19684200
2018-07-06,META,197.0733951738102,202.22739576749657,196.32859775051318,201.8202362060547,19740100
2018-07-09,META,203.5084171884673,204.37239240381143,200.7179122556066,203.3197479248047,18149400
2018-07-10,META,203.08141430852248,203.48857383699604,200.85694739600112,202.12806701660156,13190100
2018-07-11,META,200.8172221929428,203.0814048588404,200.35048132161882,201.13499450683594,12927400
2018-07-12,META,202.01882339392304,205.6435128766611,201.78049794280955,205.484619140625,15454700
2018-07-13,META,206.36845771705956,206.98415204182376,205.01789118152328,205.88186645507812,11486800
2018-07-16,META,206.0605964940054,207.27213470731385,205.40517120098139,205.79246520996094,11078200
2018-07-17,META,203.47862251531816,209.00006606314045,203.4190411539683,208.5333251953125,15349900
2018-07-18,META,208.3645305889453,209.52641272960082,206.99409850630147,207.90771484375,15334900
2018-07-19,META,207.3218057390928,208.53334403915423,206.31880222260003,206.64651489257812,11350400
2018-07-20,META,207.4012682945917,210.03287987726682,207.0536900917737,208.48370361328125,16163900
2018-07-23,META,209.11923254417522,210.15201151632886,207.35158141197147,209.4469451904297,16732000
2018-07-24,META,213.61781263279005,214.70024781858933,211.12522960666732,213.1808624267578,28468700
2018-07-25,META,214.22357507459606,217.10345202937037,212.7836365972089,215.99122619628906,58954200
2018-07-26,META,173.6768160542366,178.88047248591084,172.5447246539914,175.0373077392578,169803700
2018-07-27,META,178.62226923848687,178.68185060478314,171.79993004461596,173.67681884765625,60073700
2018-07-30,META,174.08396020571564,174.08396020571564,165.40458346879407,169.8733673095703,65280800
2018-07-31,META,169.4860736437764,173.03131610438982,168.82072320010525,171.38282775878906,40356500
2018-08-01,META,172.72345693763768,173.86548858929783,169.7144769703209,170.4592742919922,34042100
2018-08-02,META,169.49601358173788,175.56363012074144,169.08886920067656,175.14654541015625,32400000
2018-08-03,META,176.45738088930472,177.60933769737173,174.92805526236816,176.5467529296875,24763400
2018-08-06,META,177.72850086792843,184.50118320269152,177.1425972866821,184.40188598632812,49716200
2018-08-07,META,185.20628503395105,186.9938018074944,182.4455705765114,182.53494262695312,33398600
2018-08-08,META,183.46840640325328,185.55384495940547,182.48526848627748,183.89541625976562,22205200
2018-08-09,META,184.56079506034698,185.27580175054516,181.214161894215,181.81993103027344,19732100
2018-08-10,META,180.77721854730927,180.83681506787494,178.17539780812575,179.0095672607422,21500400
2018-08-13,META,178.8506815793249,181.34326466147064,177.65899366229235,178.801025390625,17423300
2018-08-14,META,179.45646423802907,180.72758396924198,177.38095055631865,179.8536834716797,19102000
2018-08-15,META,178.0959225309153,179.61530777477728,173.56755747839023,178.28460693359375,33020200
2018-08-16,META,179.1684668306868,179.24791370774693,172.80292786507948,173.48814392089844,31351800
2018-08-17,META,173.2895167731226,174.99758657475485,170.84657479773762,172.59437561035156,24893200
2018-08-20,META,172.83268566598335,173.3590230204813,169.72440863946534,171.30337524414062,21518000
2018-08-21,META,171.61124607457785,172.96181260835425,170.201098174346,171.4225616455078,19578500
2018-08-22,META,171.01538253360755,173.03129917172157,170.93593567681754,172.43545532226562,16894100
2018-08-23,META,171.88930699253675,174.33224915089332,171.63111601358116,171.70062255859375,18053600
2018-08-24,META,172.4950695816798,173.60731063597208,171.72048152139024,173.4384765625,14631600
2018-08-27,META,174.76919977537796,177.43060190465033,174.57057501103293,176.22900390625,17921900
2018-08-28,META,176.86455547628944,177.00358371305845,174.61029785237488,175.0373077392578,15910700
2018-08-29,META,175.07704393923842,175.56363520587774,173.53779295965174,174.6798095703125,18494100
2018-08-30,META,174.67977972823945,178.54279428255865,174.4811701541776,176.40771484375,24216500
2018-08-31,META,175.92114959089196,176.38789053305382,173.76620414554205,174.51100158691406,18065200
2018-09-04,META,172.29646629239426,172.68376033673212,167.62907225339043,169.9727020263672,29809000
2018-09-05,META,168.31426738069982,169.94289023058582,165.51382221342868,166.02027893066406,31226700
2018-09-06,META,165.82166981524483,165.82166981524483,158.8900937195526,161.4025421142578,41514800
2018-09-07,META,159.19795364174527,163.48799379024945,159.0490002280922,161.9090118408203,24300600
2018-09-10,META,162.37575665912632,163.8653514433675,161.0351304450743,163.04110717773438,20197700
2018-09-11,META,162.80278351114953,166.03023891270928,162.58430839480857,164.78890991210938,20457100
2018-09-12,META,162.11754956657504,163.34895325417597,160.67761111556104,160.876220703125,24078100
2018-09-13,META,160.8762520344185,162.18710284292652,159.74416049659035,160.24069213867188,25453800
2018-09-14,META,160.59814115540377,161.7103668081724,159.22770943828667,161.19398498535156,21770400
2018-09-17,META,160.7967806733984,160.93580890589763,158.66170099867264,159.46607971191406,21005300
2018-09-18,META,158.28431256419708,160.63786704905198,157.7679155561532,159.18800354003906,22465200
2018-09-19,META,158.96953978752828,162.3062323450229,158.3736958778921,161.92886352539062,19629000
2018-09-20,META,163.358871829392,165.29534174754156,163.32908115010815,164.8683319091797,18936000
2018-09-21,META,165.4840295724401,166.089798651967,161.68059619153405,161.7997589111328,45994800
2018-09-24,META,159.91295195607822,164.55055487781118,159.76399855022814,164.2625732421875,19222800
2018-09-25,META,160.86629459739999,164.44131261170682,160.03211008974893,163.7660369873047,27622800
2018-09-26,META,163.16025914427155,168.1255743029351,163.07088710812104,165.7918701171875,25252200
2018-09-27,META,166.38773267835091,170.57846035500611,166.05009484635943,167.6687774658203,27266900
2018-09-28,META,167.16233315079896,167.6191337450119,161.43235414537662,163.31918334960938,34265600
2018-10-01,META,161.89910560379525,164.7293420178259,160.14137935235698,161.31320190429688,26407700
2018-10-02,META,160.4591386955215,161.1542798400418,157.56932141657936,158.22474670410156,36031000
2018-10-03,META,158.89007170682382,162.52468573382254,158.42333090894996,161.30320739746094,23109500
2018-10-04,META,160.33997265513239,160.33997265513239,156.25848276244213,157.74807739257812,25739600
2018-10-05,META,158.1055958327686,159.78385988144515,155.1164659578363,156.23863220214844,25744000
2018-10-08,META,154.46105013363245,157.24163024434569,153.31903346547256,156.15919494628906,24046000
2018-10-09,META,156.59610697916577,159.47598361954783,156.32797572619788,156.8046417236328,18844400
2018-10-10,META,155.7321764465869,156.5961365713776,150.26038858173445,150.3299102783203,30610000
2018-10-11,META,149.08859001745896,153.73611873677723,148.12531745630287,152.2862548828125,35338900
2018-10-12,META,155.64277185227078,155.80166558133405,150.25044661629414,152.67352294921875,25293500
2018-10-15,META,152.25645326180265,154.49084540551436,151.49179037424213,152.45506286621094,15433500
2018-10-16,META,154.3219852771215,158.35383381532952,153.93469131038233,157.6785430908203,19180100
2018-10-17,META,158.45314565938952,159.37670222103174,156.85431346380702,158.31411743164062,17592000
2018-10-18,META,157.41042988237461,157.55939844231526,152.21671400145328,153.8453369140625,21675100
2018-10-19,META,154.7788416275661,156.258511352624,152.48486790190515,152.9813995361328,19761300
2018-10-22,META,153.6864333241518,156.24853783086309,153.3885265292526,153.706298828125,15424700
2018-10-23,META,150.1710221555881,153.69639963630817,149.80359361113565,153.31903076171875,19095000
2018-10-24,META,153.20977734828747,153.57720585472234,144.589996717205,145.0269317626953,27744600
2018-10-25,META,146.7052431542607,151.15417783300524,145.9803111580011,149.9029083251953,22105700
2018-10-26,META,144.80847807125647,147.9664116642357,142.80248623405868,144.36158752441406,31303300
2018-10-29,META,147.46987803922033,147.7975906976604,138.0655687796354,141.10433959960938,31336800
2018-10-30,META,138.96923878375782,145.62275785983883,138.77062921414654,145.20567321777344,50528300
2018-10-31,META,153.92478459110535,155.31506690688096,147.92668997497816,150.73704528808594,60101300
2018-11-01,META,150.46894162377004,151.6904051276369,148.31399627926237,150.6973419189453,25640800
2018-11-02,META,150.7469757620623,153.06081451364523,147.9266803041869,149.30703735351562,24708700
2018-11-05,META,149.05878360099314,149.1481556470227,146.41723200788547,147.64862060546875,15971200
2018-11-06,META,148.27426766321486,149.9227562530089,146.97335726326082,148.89990234375,16667100
2018-11-07,META,150.51858232826675,151.94858047318192,148.79064706786775,150.47885131835938,21877400
2018-11-08,META,149.44605842298395,149.89293374866944,145.72207212070657,146.84422302246094,24145800
2018-11-09,META,145.7320290293817,146.73501743680745,143.0706268459031,143.95445251464844,17326900
2018-11-12,META,143.47776789856263,144.03388086998876,139.51545540068048,140.56809997558594,18542100
2018-11-13,META,141.0149649045714,143.87499157692912,140.6375960650406,141.17385864257812,15141700
2018-11-14,META,142.70314646724347,144.57010970905728,140.56806713231353,143.21954345703125,22068400
2018-11-15,META,141.34269717804793,143.83528053316786,139.85310227156623,142.85215759277344,30320300
2018-11-16,META,140.09142904305526,140.78657023334137,136.81431754263056,138.56210327148438,37250600
2018-11-19,META,136.65541101069763,136.79443923574522,130.29981336146517,130.637451171875,44362700
2018-11-20,META,126.14880267400333,133.22934733014625,125.97005101536298,131.51133728027344,41939500
2018-11-21,META,133.46769623830255,136.23835122257813,133.19958006790904,133.88479614257812,25469700
2018-11-23,META,132.7229028458298,133.56701270476958,130.34948218529772,130.81622314453125,11886100
2018-11-26,META,132.0773867170892,136.0496389491821,131.85891163208893,135.43394470214844,24263600
2018-11-27,META,134.80833502875436,135.66237002253118,132.78249268346224,134.06353759765625,20750300
2018-11-28,META,135.33462854398906,135.84108523433505,130.93536659359546,135.81129455566406,29847500
2018-11-29,META,134.97715324255222,139.01892788719684,134.71896225620603,137.71800231933594,24238700
2018-11-30,META,137.30092352857665,139.99213168253192,136.4071726384645,139.63462829589844,25732600
2018-12-03,META,142.0080366851191,142.68331238335657,139.78356967639107,140.1112823486328,24819200
2018-12-04,META,139.75378567197114,142.3953375299049,136.20855778090638,136.97320556640625,30307400
2018-12-06,META,132.8917278261251,138.7309292755988,132.74275925085274,138.6614227294922,28218100
2018-12-07,META,138.28405867916092,139.89281630821017,135.7120284775977,136.4667510986328,21195500
2018-12-10,META,138.6316355233642,142.05770069939848,138.04571669063287,140.86602783203125,26422200
2018-12-11,META,142.88193817873068,142.88193817873068,140.12122369276744,141.09442138671875,20300300
2018-12-12,META,142.08747182876053,146.16896182363112,141.52141858172638,143.49761962890625,23696900
2018-12-13,META,144.56023279434623,144.8382893079187,142.19673727603686,144.0041046142578,18148600
2018-12-14,META,142.34567747768756,144.99715444108023,141.52143319160083,143.06068420410156,21785800
2018-12-17,META,142.0874812741174,143.9147138842566,137.45980322964053,139.217529296875,24334000
2018-12-18,META,140.10134746804738,144.917694531663,138.8600185620216,142.6634521484375,24709100
2018-12-19,META,140.23044910001016,143.9047795939674,131.58086270331356,132.31573486328125,57404900
2018-12-20,META,129.79334207816916,134.62956960236468,129.09820094979673,132.474609375,40297900
2018-12-21,META,132.46470019094187,133.96422017409824,122.56385883366804,124.08324432373047,56901500
2018-12-24,META,122.24606978922786,128.84001594286272,122.16662292047397,123.19940948486328,22066000
2018-12-26,META,125.1259715566513,133.3088183262092,125.01673399123808,133.2492218017578,39723400
2018-12-27,META,131.52129497498996,134.05360921068126,128.77050561917207,133.5868682861328,31202500
2018-12-28,META,134.40115538977898,134.97713380215694,131.2829378834157,132.2760009765625,22627600
2018-12-31,META,133.517341699094,133.70602612801716,129.04855738311358,130.18064880371094,24625300
2019-01-02,META,128.09523485310643,136.55612288454407,127.66820977347417,134.7388153076172,28146200
2019-01-03,META,133.75567454143803,136.21846684512943,130.21043191679348,130.82614135742188,22717900
2019-01-04,META,133.08040087450107,137.0427287029277,132.8222098841781,136.99307250976562,29002100
2019-01-07,META,136.60573988050777,137.90664994818303,134.9671920393626,137.09234619140625,20089300
2019-01-08,META,138.91957420755568,142.14702876574023,138.57199611703754,141.541259765625,26263800
2019-01-09,META,141.9583877061424,143.69624838322724,140.29004872955338,143.22950744628906,22205900
2019-01-10,META,142.08746598215473,143.5571950840508,139.8629992486024,143.19969177246094,16125000
2019-01-11,META,142.15697487711634,144.35165096720868,141.58101162110495,142.80247497558594,12908000
2019-01-14,META,141.01497090922715,145.5532768942952,140.2900390339963,144.38145446777344,20520300
2019-01-15,META,144.99714006236596,149.63474299414236,144.97728971017003,147.916748046875,24069000
2019-01-16,META,147.96641949302634,148.6119045235976,145.98029305687834,146.51654052734375,18025700
2019-01-17,META,145.93061429493838,147.966396607713,145.48373894650976,147.27125549316406,15787900
2019-01-18,META,148.71119440302223,151.37259615131458,147.51952175225043,148.99917602539062,31029600
2019-01-22,META,148.1650390512821,150.4788783230586,145.3546681371401,146.54635620117188,22378700
2019-01-23,META,147.25141388444857,147.76781100460093,142.06762263441516,143.2990264892578,20098400
2019-01-24,META,143.63665754438068,145.42417429642154,141.5313684547223,144.8184051513672,20955500
2019-01-25,META,146.4569633223408,148.79066801233625,145.52348144634266,147.97634887695312,22237200
2019-01-28,META,147.02299992005916,147.92669100809505,145.1957673914382,146.447021484375,15508500
2019-01-29,META,147.0627293341723,147.07266966430407,142.43505106957574,143.18978881835938,17632100
2019-01-30,META,145.20567938690175,149.90286333834877,144.68928236162193,149.3765411376953,44613200
2019-01-31,META,164.4512562584447,170.4890666025974,163.85541233423493,165.53369140625,77233600
2019-02-01,META,164.6895890040111,167.92698456784095,164.5108449105914,164.5605010986328,30806500
2019-02-04,META,164.55055073949134,168.12558391938973,162.48497769698787,168.075927734375,20036000
2019-02-05,META,167.97663528382893,170.78700597600024,167.51983469458017,169.9727020263672,22557000
2019-02-06,META,170.01239356044348,171.27358789480058,168.0957891199487,169.3073272705078,13281200
2019-02-07,META,167.0332123202778,168.0660064418633,164.10367917200116,165.22584533691406,17517600
2019-02-08,META,163.32908941365235,166.20896634502262,163.07089846248257,166.16925048828125,12561400
2019-02-11,META,166.73528682263577,167.13252115057335,163.93485678714177,164.63992309570312,12811200
2019-02-12,META,165.70249301994548,167.17222201919657,163.35886373052074,163.89511108398438,16292300
2019-02-13,META,164.232779738706,165.06694910301255,162.59421653781064,162.93186950683594,14205100
2019-02-14,META,162.0579910228651,163.72632997682763,161.1245091616489,162.81271362304688,12755200
2019-02-15,META,163.3688238211578,163.55750825622047,159.74414915254195,161.37277221679688,15504400
2019-02-19,META,159.38662359154245,163.01129775534545,159.217804687088,161.16419982910156,14345400
2019-02-20,META,161.1245258380038,162.5843301502816,160.13146250464166,161.432373046875,11770700
2019-02-21,META,160.80669819619362,161.11456048123455,158.4829342123294,158.9298095703125,15607800
2019-02-22,META,159.46605767349473,161.2833647740426,159.1979264218234,160.7669677734375,15858500
2019-02-25,META,161.93880692055532,164.91799621927018,161.76997285904065,163.47804260253906,18737100
2019-02-26,META,163.2000051264293,165.0868343268106,162.66375765759085,162.99147033691406,13784100
2019-02-27,META,161.7699903380451,162.79284422888645,159.29727265082016,161.6806182861328,12697500
2019-02-28,META,161.2436792617014,162.3658456124294,159.74415917012624,160.33006286621094,11114200
2019-03-01,META,161.47206908746014,161.9983913278936,160.56837801315342,161.15428161621094,11097800
2019-03-04,META,162.76305382891104,166.33808744105988,162.69354728383865,166.208984375,18894700
2019-03-05,META,166.20897588868576,170.68770042869457,165.39467197873768,170.07199096679688,28187900
2019-03-06,META,171.70061800925208,172.36598367540338,170.08193532751034,171.31332397460938,21531700
2019-03-07,META,170.3103111446807,170.54865172903757,166.44729653008218,167.95675659179688,18306500
2019-03-08,META,165.047113967072,168.44338856347213,164.8187136556875,168.4235382080078,13184800
2019-03-11,META,170.40963242614907,173.09089974046447,170.38976692151172,170.87637329101562,18884000
2019-03-12,META,170.89623591137405,172.59438058568327,170.0322758093778,170.7274169921875,12155300
2019-03-13,META,171.1246693497979,172.82279904979646,170.92604457415158,172.16737365722656,11973300
2019-03-14,META,168.5823882173994,169.96274533515498,166.99349633204346,168.9895477294922,18037400
2019-03-15,META,166.00045101580815,166.41753574865888,161.3826979642868,164.82862854003906,37135400
2019-03-18,META,162.43534381210173,162.76304131114932,158.17509448919265,159.35684204101562,37524200
2019-03-19,META,160.3598163009062,162.6835953429783,159.70440620728849,160.44920349121094,25611500
2019-03-20,META,160.37970233371666,164.96764934100926,160.12151136396588,164.29237365722656,20211500
2019-03-21,META,163.74620029447055,165.2357951840993,162.61410878447043,164.92794799804688,16223000
2019-03-22,META,164.50090727031096,166.25863331571065,162.95173115691787,163.1999969482422,16389200
2019-03-25,META,161.8693033140726,165.38474041200396,160.8762401035568,165.136474609375,12631200
2019-03-26,META,166.18913292225227,168.27455655476712,165.19606972021415,166.51683044433594,15437900
2019-03-27,META,166.68566694789587,167.76810221715652,163.64688077698563,164.71939086914062,10620300
2019-03-28,META,163.42841366136489,165.56349342223425,162.19700987173064,164.401611328125,10443000
2019-03-29,META,165.23576944414512,166.03022295877798,163.66672791980383,165.53369140625,13455500
2019-04-01,META,166.665794525122,167.728364243139,166.11960674813125,167.52975463867188,10381500
2019-04-02,META,168.95975856603962,173.6867335603725,168.37385496216956,172.99159240722656,23946500
2019-04-03,META,173.2895289831275,176.72553433398426,171.75027798735945,172.336181640625,27391100
2019-04-04,META,174.79898071289062,176.76524151614555,174.3123743120851,174.79898071289062,17847700
2019-04-05,META,175.6530097136569,175.77217243925097,173.8853585702884,174.5010528564453,9594100
2019-04-08,META,173.99460911096867,174.28259077030327,173.02139626948363,173.71653747558594,7297400
2019-04-09,META,174.40173421648885,177.9469767049302,174.33222768003674,176.34814453125,19751000
2019-04-10,META,176.94397498376352,177.54974407779716,175.3153521141725,176.58648681640625,11701500
2019-04-11,META,177.00358778319563,177.16246637676977,175.77218397711053,176.2786407470703,8071000
2019-04-12,META,176.7652446884336,178.38394250839818,176.71558849922496,177.8576202392578,12329800
2019-04-15,META,177.2617919059532,179.24791842590784,175.64309394324846,178.40380859375,10834800
2019-04-16,META,177.75829922207217,178.9201812589697,177.06315806575836,177.6291961669922,11215200
2019-04-17,META,178.35412915192816,179.4862204184356,177.12272551962863,177.53981018066406,9973700
2019-04-18,META,177.55967093880707,177.63911779872944,176.10979226286733,177.04327392578125,11655600
2019-04-22,META,177.01350733740526,180.40978150835906,177.01350733740526,180.18138122558594,13389900
2019-04-23,META,181.47236321612658,182.94209241691908,180.22109396489566,182.50514221191406,19954800
2019-04-24,META,183.21023086609895,183.85571586957178,180.3899199289335,181.3134765625,37289900
2019-04-25,META,195.61356856649695,197.1031632421695,190.78728121120022,191.91937255859375,54148800
2019-04-26,META,191.16463985107282,191.56185901556145,187.77829116557683,190.16165161132812,22075000
2019-04-29,META,189.62539944563179,194.05446762140403,189.3274774794958,193.4288330078125,19641300
2019-04-30,META,192.8429237118389,196.02072256661867,190.94616957480432,192.0583953857422,23494700
2019-05-01,META,193.42883951977552,194.8191218712945,191.6711134980442,191.69097900390625,15996600
2019-05-02,META,191.66118363124153,192.65424675886453,188.43372846646673,191.19444274902344,13209500
2019-05-03,META,193.0316090537376,194.79926014875898,192.3662585991343,194.11404418945312,14575400
2019-05-06,META,189.9133789097398,192.932283847248,189.22816299602184,192.53506469726562,13994900
2019-05-07,META,191.2043720349844,191.56187537473048,186.5469185947955,188.45359802246094,16253000
2019-05-08,META,188.07622054586224,189.39699629173043,187.24205117571614,188.2251739501953,12505700
2019-05-09,META,185.90141585485125,188.4535953853974,184.96793408341324,187.3413543701172,12967000
2019-05-10,META,186.94413625481548,188.68199675120817,183.30952152279687,187.03350830078125,12578500
2019-05-13,META,182.22709595075565,184.1437006402044,179.58554422015857,180.2806854248047,16833300
2019-05-14,META,181.25389466676603,182.2171671572789,176.86455725832838,179.47630310058594,17628100
2019-05-15,META,179.16843456416336,185.98084772755877,178.77121540334053,184.9778594970703,16746900
2019-05-16,META,183.76634139134933,187.27185314541222,183.76634139134933,185.69288635253906,12953100
2019-05-17,META,183.5577869499637,186.2787854054957,183.00167401667332,184.0146026611328,10485400
2019-05-20,META,180.61832998306934,182.95201928620904,180.11185808033548,181.45249938964844,10352000
2019-05-21,META,183.28966756928773,184.41181859234194,182.61437676728363,183.53793334960938,7502800
2019-05-22,META,183.44856604196187,185.44463283004373,182.33634007447424,184.03448486328125,9213800
2019-05-23,META,181.1545922204014,182.62432155491203,178.42366834359746,179.61534118652344,12768800
2019-05-24,META,181.0651952230433,182.3561802720929,179.57560058635687,179.8040008544922,8807700
2019-05-28,META,180.280674501749,183.4286979680207,180.1913024564827,183.03146362304688,14843300
2019-05-29,META,182.22707291387843,183.27971734111765,180.09199337960567,180.92616271972656,12797700
2019-05-30,META,181.8099849437207,182.2072041023949,179.63517444057135,181.74046325683594,8581500
2019-05-31,META,179.02941170398958,179.28760265096253,175.93105972855378,176.23890686035156,15226500
2019-06-03,META,173.78608032137623,173.83573651777107,159.89311907376765,163.01133728027344,56059600
2019-06-04,META,162.57437114738372,167.11266175709775,159.7242696696142,166.33807373046875,46044300
2019-06-05,META,166.31821720860052,167.5496210073409,163.48799623625894,167.00343322753906,19758300
2019-06-06,META,167.13253231557897,168.52281467388545,166.06994746441947,167.16232299804688,12446400
2019-06-07,META,168.98954297241914,172.6638733479888,167.66876725401505,172.14749145507812,16917300
2019-06-10,META,173.5377933663984,176.6262205096806,172.5943863615185,173.60731506347656,14767900
2019-06-11,META,177.24190141108465,178.73149609105363,175.56362231384912,176.8645477294922,15266600
2019-06-12,META,177.1426332870403,178.02645900287519,171.68078523002976,173.82579040527344,17699800
2019-06-13,META,174.3123620514931,176.79501976333336,173.3987458318887,176.23890686035156,12253600
2019-06-14,META,179.25782449489844,180.57860030822917,178.75136774135675,180.0721435546875,16773700
2019-06-17,META,183.7266001080986,188.18545891691414,183.13077133521833,187.6988525390625,29459900
2019-06-18,META,192.65423521058455,193.18055742444014,185.98085018074562,187.16259765625,37571400
2019-06-19,META,185.70280781095704,186.79518332984497,183.2698061402787,186.17947387695312,21417100
2019-06-20,META,189.6254189510527,189.83396889468216,186.33838211519756,188.21527099609375,14635700
2019-06-21,META,187.4406816968214,190.66813714325673,187.4406816968214,189.81410217285156,22751200
2019-06-24,META,191.085202551967,192.63437858512927,190.24110799694424,191.2639617919922,15509000
2019-06-25,META,191.5420282303452,191.80021919834294,186.82497819373347,187.53004455566406,16750300
2019-06-26,META,188.2251789710033,189.43671720169758,186.01065243418444,186.3582305908203,12808600
2019-06-27,META,188.56283943432734,197.50040795796585,186.9640071256477,188.1854705810547,11159000
2019-06-28,META,189.2281770207883,191.85978817857844,188.62240792275767,191.6611785888672,16378900
2019-07-01,META,193.85585471046872,193.92536124804448,190.59859379685432,191.6611785888672,14181800
2019-07-02,META,191.66118211012622,193.64730834960938,191.37320047269503,193.64730834960938,9050000
2019-07-03,META,192.81315627976903,196.03067137877287,192.81315627976903,195.83206176757812,10246100
2019-07-05,META,194.81913779152683,195.7029786157896,192.82308614810242,195.03761291503906,11164100
2019-07-08,META,193.83598523868974,195.31563953175632,192.2967344322831,194.4020233154297,9723900
2019-07-09,META,193.61750174592126,198.07636024194088,193.53805488452244,197.82809448242188,14698600
2019-07-10,META,198.6126115290454,201.55208484696877,198.28489890166972,201.32366943359375,20571700
2019-07-11,META,201.85000814613915,202.38627072676124,198.82117769502122,199.83409118652344,13678500
2019-07-12,META,198.29485211662364,203.87587759376112,197.7784701637469,203.4488525390625,15366300
2019-07-15,META,202.83315175591684,203.90566179408077,200.42001553475404,202.49551391601562,16030300
2019-07-16,META,202.47562053754606,204.04466194296526,201.6911074113061,202.42596435546875,12132700
2019-07-17,META,202.76362647482506,202.94238572116157,200.19159655580592,200.400146484375,12083700
2019-07-18,META,198.7615724323669,201.0654860865178,197.99692475922123,199.38720703125,11937900
2019-07-19,META,200.777517728855,200.9264863059817,196.69604237678112,196.98402404785156,12098300
2019-07-22,META,198.5232637841171,201.16481547740912,197.43088822585602,200.9165496826172,13589000
2019-07-23,META,201.43291910530678,202.82321656149048,199.56597074851473,200.9562530517578,14583700
2019-07-24,META,196.25907784210779,203.3892640822867,195.85191830838625,203.2403106689453,32532500
2019-07-25,META,205.2661415712743,207.21255193193846,196.884686508005,199.3177032470703,39889900
2019-07-26,META,198.8012995429999,201.47264164102467,194.8886286003867,198.36434936523438,24434000
2019-07-29,META,197.61956609094344,198.24520072198155,193.94523548064475,194.58079528808594,16530800
2019-07-30,META,194.03460859919787,197.33158553616275,192.15771984865424,195.67315673828125,11903600
2019-07-31,META,195.58379301180506,197.3812349683282,191.3434089309462,192.88265991210938,14593500
2019-08-01,META,192.82307983956557,197.09325463267672,189.55590857692977,191.39306640625,17777000
2019-08-02,META,189.77438987113555,191.28383507504705,186.76540948764003,187.7088165283203,15297000
2019-08-05,META,183.4088339158982,184.38203155114934,178.09594005094718,180.4693603515625,23086700
2019-08-06,META,182.41578332823335,184.5012069758546,181.81993934151754,183.23008728027344,18035700
2019-08-07,META,182.3263953857101,185.0771693254237,179.96290030478437,183.86563110351562,15833200
2019-08-08,META,185.3254145390614,189.01961015770186,182.77325047653008,188.8408660888672,14828900
2019-08-09,META,188.6820159438704,189.65521367802012,185.82198895851644,186.54693603515625,11058800
2019-08-12,META,185.55386615955348,186.28872323433745,183.18044570259855,184.08412170410156,10930900
2019-08-13,META,184.23306321915715,190.05241335956387,184.08409466832447,187.14273071289062,13577000
2019-08-14,META,184.51116118630537,184.69984563472454,178.06617501848694,178.46340942382812,18903700
2019-08-15,META,179.69475671305037,181.92914858607156,178.78114052110112,181.32337951660156,12925900
2019-08-16,META,182.4753764090811,183.81601788877398,181.09501906576412,182.42572021484375,12654600
2019-08-19,META,184.71969205667688,186.19936177329475,183.567750188076,184.8785858154297,9691200
2019-08-20,META,184.1635656533056,184.70975343868577,181.12479471475274,182.53494262695312,10083400
2019-08-21,META,183.71668722924588,184.6104380248602,181.86958911909363,182.27674865722656,8398200
2019-08-22,META,182.1575789476761,182.83286981597743,178.66200732768363,180.7772216796875,10821400
2019-08-23,META,179.5855446701736,181.85966787392957,175.43454778564075,176.51698303222656,17323400
2019-08-26,META,178.15553934027696,179.2479149663458,177.00359749717276,179.10888671875,8773600
2019-08-27,META,180.6679779007347,182.76334182635685,179.75436158925638,180.0423583984375,14399600
2019-08-28,META,179.2776972802624,180.6878451980161,177.67886493109415,180.49916076660156,9386100
2019-08-29,META,182.49521345933883,184.7891868377205,182.19729149331533,184.28273010253906,10128700
2019-08-30,META,185.4843196606987,185.5041851649924,182.18735813612565,184.38201904296875,10774500
2019-09-03,META,182.72361864622525,184.3820322797158,180.84672990863982,181.12478637695312,9779400
2019-09-04,META,183.36909482564212,186.44759648795088,182.6143723268746,185.84182739257812,11308000
2019-09-05,META,187.22218987001338,190.03256033400763,186.63628626257486,189.57574462890625,13876700
2019-09-06,META,188.89054021135885,188.89054021135885,185.05731601300062,186.1894073486328,15226800
2019-09-09,META,186.4277685745267,187.66909769625306,184.56081987945177,187.45062255859375,14722400
2019-09-10,META,186.13978040199814,186.79520579214642,183.26982817865013,184.8785858154297,15455900
2019-09-11,META,185.1665477681105,188.1258714909659,184.7891789503919,187.18246459960938,11761700
2019-09-12,META,188.54296060606552,189.6055302426007,185.93119980642481,186.16954040527344,11419800
2019-09-13,META,186.03050771661364,186.66606747869594,185.2459794014705,185.8914794921875,11441100
2019-09-16,META,185.6333043303632,186.48733932357362,184.48136248726507,184.92823791503906,8444800
2019-09-17,META,185.36518165577485,187.01367021432628,184.25294056113165,186.77532958984375,9671100
2019-09-18,META,186.78524371439704,187.7683816851536,184.71967054993166,186.83489990234375,9681900
2019-09-19,META,187.35128528109814,189.7743616333345,186.84481340979,188.82101440429688,10392700
2019-09-20,META,189.3374348448153,191.7605114964327,186.8150458112364,188.61248779296875,19934200
2019-09-23,META,188.0265713133327,188.781308997705,183.92523084864314,185.52406311035156,13327600
2019-09-24,META,186.6760117082001,186.73559307432984,179.13866583395665,180.02249145507812,18546600
2019-09-25,META,180.191310553298,182.14764622549615,176.63614255897195,181.53195190429688,18068300
2019-09-26,META,180.07213389841695,180.1416404359486,176.43751931254107,178.860595703125,16083300
2019-09-27,META,179.2379739614707,179.5060901026951,174.44147711355396,175.87149047851562,14656200
2019-09-30,META,176.6361156245446,177.43056907610725,175.623202247918,176.84466552734375,10740000
2019-10-01,META,177.90725074682496,178.59246671970473,173.6668821617138,174.59042358398438,17073000
2019-10-02,META,173.62713463081562,175.30541355764294,171.88927434730977,173.38880920410156,16151700
2019-10-03,META,174.35211279570194,178.5924817373818,172.42556776877498,178.13568115234375,16086300
2019-10-04,META,178.30450659735692,179.7245797477846,176.86456793943626,179.19825744628906,10430200
2019-10-07,META,178.75138125675767,179.92318859380632,176.85462685227148,178.43359375,9178300
2019-10-08,META,177.0234398069646,179.11880375596834,176.4871923485915,176.51698303222656,9466900
2019-10-09,META,177.91718578091115,179.4663617676093,176.7056476060954,178.60240173339844,7556900
2019-10-10,META,179.0691399642757,180.3501846566273,177.92710834259552,178.78114318847656,8605000
2019-10-11,META,180.88643529666146,185.19634061192434,180.8765101208466,182.91229248046875,14930500
2019-10-14,META,182.92222220172795,183.33930689041946,181.30353963315056,182.00860595703125,7006000
2019-10-15,META,182.52502373686787,189.05938157397676,182.3859954915227,187.5797119140625,15039100
2019-10-16,META,187.01365925179357,188.38407609164543,185.6034962474449,188.23512268066406,10516900
2019-10-17,META,188.97991811545484,189.51616554246363,187.46053272716543,189.0692901611328,9603000
2019-10-18,META,188.91041289230722,190.1616822526529,182.6441863722231,184.56080627441406,16874200
2019-10-21,META,185.74251643498474,188.5926178494608,185.45453480191676,188.4436492919922,8122600
2019-10-22,META,188.68198587528497,189.3274708184191,180.24094966507485,181.0751190185547,19537600
2019-10-23,META,180.7474226827228,185.08711905321445,180.73749750605063,184.85870361328125,12300400
2019-10-24,META,183.33931160677582,185.43467543313807,181.5319445759519,185.0871124267578,11413500
2019-10-25,META,184.54093168761338,187.68894013501702,183.80605948281945,186.58663940429688,8061200
2019-10-28,META,185.90140018187873,188.21523890987382,183.79611136196027,188.0861358642578,13657900
2019-10-29,META,190.3602755149658,191.19444491491296,187.1626109955606,187.9967803955078,13574900
2019-10-30,META,188.24504787238885,189.1288734678127,184.68987998491397,186.9441375732422,28734600
2019-10-31,META,195.3354975206075,196.71585454421114,186.94411783814203,190.32052612304688,42286500
2019-11-01,META,191.5122230579954,192.76347709692703,188.59261514754806,192.27687072753906,21711800
2019-11-04,META,193.20044377387438,196.00087404852658,192.46557156913653,193.3692626953125,16371300
2019-11-05,META,194.01475012312136,194.39211898337143,192.2570391910909,192.9720458984375,9942000
2019-11-06,META,192.68404484979035,193.02168268945965,190.02264283883264,190.22125244140625,10973000
2019-11-07,META,190.57874480422507,192.09813014811667,188.15566839482025,189.0990753173828,13473000
2019-11-08,META,188.68200487891073,191.00576909176607,188.38408289325045,189.51617431640625,10760800
2019-11-11,META,188.61246530225313,188.76143385743194,187.23210821406138,188.29469299316406,8631200
2019-11-12,META,188.6820084699735,193.70690585001896,188.4238174923895,193.12100219726562,17615500
2019-11-13,META,193.34937326967508,194.3424363220647,191.4029781726376,191.849853515625,10860700
2019-11-14,META,191.59164454842457,192.684019950833,190.12191549577093,191.81011962890625,9040500
2019-11-15,META,192.9124280472035,193.9452221338092,192.0385428426987,193.74661254882812,11524300
2019-11-18,META,193.21035926758856,197.2521334616759,191.71083940318275,196.03065490722656,16167200
2019-11-19,META,196.03063778436965,198.61260774624662,195.49439041074814,197.9373321533203,19056800
2019-11-20,META,197.20247739644824,198.2054656987361,194.07431945751387,196.139892578125,12355400
2019-11-21,META,196.0505195815734,197.7089331757313,195.4944066581361,196.55697631835938,12131000
2019-11-22,META,197.00389142246638,197.91750778965437,196.24915365826658,197.4408416748047,9959800
2019-11-25,META,198.1359671072724,199.57590566726876,197.86783580965027,198.40408325195312,15272300
2019-11-26,META,198.61262124322207,198.76157464797828,196.66621088774468,197.5897674560547,11735500
2019-11-27,META,198.51330112121158,201.7308309147939,198.03663509166083,200.59873962402344,12736600
2019-11-29,META,200.2015255986541,202.3862613725425,199.8142315985236,200.24124145507812,7985200
2019-12-02,META,200.72787935766326,200.77752039775626,196.67617948362528,198.31472778320312,11503400
2019-12-03,META,196.22930330348217,197.55006408494668,193.72677968287178,197.4408416748047,11595300
2019-12-04,META,198.61260284861947,198.64239352681165,196.67613300143324,197.33155822753906,8456300
2019-12-05,META,198.47361290168908,199.89368601245917,196.8350646734248,197.97708129882812,9740400
2019-12-06,META,199.1091467502347,200.17173151503118,198.67219657229742,199.65533447265625,12270600
2019-12-09,META,199.25809766024378,201.7308301437912,198.82116264070712,199.9433135986328,11954800
2019-12-10,META,200.261121403233,200.64841543129637,198.76158632685477,199.47659301757812,9475700
2019-12-11,META,198.8907031522265,201.22440781164835,198.8907031522265,200.85696411132812,8036800
2019-12-12,META,200.94633739459383,202.24724771559778,192.75356628759758,195.3851776123047,23734800
2019-12-13,META,195.03761215591953,195.43484653936943,191.8300221683909,192.7635040283203,18798000
2019-12-16,META,193.91544680206295,197.73873086261588,193.45863108280358,196.54705810546875,14911500
2019-12-17,META,197.46065403025725,197.61954775561048,194.76946163943256,197.01377868652344,10175700
2019-12-18,META,198.70200527065927,202.88280786728532,198.70200527065927,201.0952911376953,23274400
2019-12-19,META,201.37335390124366,204.86894059795554,201.10522259519556,204.63059997558594,16514600
2019-12-20,META,206.04073422338502,206.26914965368377,202.01882551134253,204.86892700195312,27306900
2019-12-23,META,205.2661529474263,207.1430417210786,204.2532242774253,204.749755859375,13348900
2019-12-24,META,204.8689201132908,205.35551133334658,203.5779350555214,203.6970977783203,6046300
2019-12-26,META,204.14398566921528,206.3783776106005,203.88577956921796,206.34857177734375,9350700
2019-12-27,META,207.22250178297034,207.48069276696006,205.15692845222566,206.65646362304688,10284200
2019-12-30,META,206.4180996272291,206.45781548452317,202.48556302573147,202.99203491210938,10524300
2019-12-31,META,202.58488867663291,204.1340648126306,202.18766946589457,203.8262176513672,8953500
2020-01-02,META,205.31581827566228,208.3347237610063,204.83915217859575,208.32479858398438,12077100
2020-01-03,META,205.7726095189696,208.9404680471807,205.514403417722,207.22247314453125,11188400
2020-01-06,META,205.26616212003222,211.30398824470248,205.0874180159547,211.125244140625,17058900
2020-01-07,META,211.34370579308143,213.09149147322898,210.28112095451584,211.58203125,14912400
2020-01-08,META,211.52243429085627,214.73996409850793,211.1351402989765,213.72703552246094,13475000
2020-01-09,META,216.03095261005296,216.86513717856823,214.77969848669196,216.7856903076172,12642800
2020-01-10,META,217.6794240685626,218.35471484237715,215.91177299869705,216.54733276367188,12119400
2020-01-13,META,218.07666265158258,220.43021734781135,217.68936864900138,220.37063598632812,14463400
2020-01-14,META,220.0727192673675,220.83738211480784,217.113395404011,217.5404052734375,13288900
2020-01-15,META,219.07965833729054,220.1422280098775,218.6129174526304,219.61590576171875,10036500
2020-01-16,META,221.02606668863191,221.0856480515762,218.86118119969814,220.2316131591797,10015300
2020-01-17,META,220.48982249977456,220.7480134783736,219.00022769020822,220.59906005859375,15905900
2020-01-21,META,220.6189068065152,220.82744157647545,217.59998643017602,219.90390014648438,14275800
2020-01-22,META,220.76783643205,221.20478658310415,219.74498273887278,219.7847137451172,12212800
2020-01-23,META,219.21870321675362,219.95357544590289,217.74897391139712,218.23556518554688,11195000
2020-01-24,META,219.26833798403877,220.2415355901936,214.61086956802987,216.4281768798828,11905800
2020-01-27,META,211.62179025373325,214.56124906611407,211.02594622673934,213.37950134277344,13810700
2020-01-28,META,214.640702702242,217.2226733632239,212.03888168522715,216.2792510986328,13413800
2020-01-29,META,219.90389648692644,222.6447452028053,216.9346323466857,221.6814727783203,33181300
2020-01-30,META,205.0973333453647,209.96333677110164,203.3296821317416,208.07652282714844,48775500
2020-01-31,META,206.98412922847427,207.24233532558097,199.66525922245705,200.50936889648438,31359900
2020-02-03,META,202.0287470324437,203.71695116776988,201.0952653515268,202.77354431152344,15495600
2020-02-04,META,205.18671118087346,209.1391135816442,203.77656327140565,208.37445068359375,19628900
2020-02-05,META,211.03584180570505,211.25431690809782,207.2622140071557,208.65249633789062,12538200
2020-02-06,META,209.01002125671855,209.72502800148604,207.88785494699744,209.38739013671875,10567500
2020-02-07,META,208.84118444877097,211.34370784125605,208.47374077755876,210.8571014404297,12242500
2020-02-10,META,210.0527206739885,212.31690343236147,209.19868576316776,211.58203125,11856400
2020-02-11,META,208.7319513685439,209.39730187804918,205.0774710016734,205.7527618408203,25030800
2020-02-12,META,206.4082016224447,209.75481991058015,205.96131103965007,209.29800415039062,13813700
2020-02-13,META,208.06659993280633,212.84323136318875,207.72894693826518,211.66148376464844,15396600
2020-02-14,META,212.51550030278202,213.4390416989109,211.1748590761445,212.69424438476562,10741700
2020-02-18,META,212.0686207636686,216.46788287240472,211.91965221201255,216.2891387939453,15609200
2020-02-19,META,216.47782426001228,216.80553689173098,214.6108608379566,215.98129272460938,12135100
2020-02-20,META,215.0180366270395,217.25242870566726,211.47279392220503,213.09149169921875,13109200
2020-02-21,META,211.99911146175108,212.75384913384843,207.38137399647866,208.7220001220703,14092300
2020-02-24,META,200.40014673931017,202.23730447540046,196.79532265517247,199.32763671875,23080100
2020-02-25,META,200.84704217798446,202.0883712396531,194.59074067658602,195.40505981445312,21433500
2020-02-26,META,195.8221365905481,199.8142549332128,194.1339321659799,195.83206176757812,16524500
2020-02-27,META,190.48937905519435,194.52121298477465,188.1854652937536,188.43373107910156,21682600
2020-02-28,META,181.43262639164234,191.40298845911272,180.55874116257365,191.13485717773438,32568900
2020-03-02,META,192.68403059492923,195.20641933512508,187.53997105000778,195.0773162841797,24949000
2020-03-03,META,194.85885387343657,195.87178253637236,182.69383020051987,184.6005096435547,27984100
2020-03-04,META,187.85773414761513,190.4992854804113,185.09702009852242,190.4297637939453,23062500
2020-03-05,META,185.4843302930154,187.6790064786015,182.61437845213564,183.885498046875,19333400
2020-03-06,META,177.09295244472247,182.5051435537278,175.03730446141012,179.83380126953125,24559600
2020-03-09,META,168.4235311349233,173.7860665560472,164.0441186210047,168.32421875,29949000
2020-03-10,META,173.45833205788816,177.05321567652598,168.3241975841464,176.95391845703125,24517800
2020-03-11,META,172.80291932773585,174.65995778726648,166.49697719617606,169.05908203125,20373900
2020-03-12,META,158.43329037500783,165.44432903502332,153.26936495743283,153.39846801757812,43266300
2020-03-13,META,162.39562405222614,169.60525743664599,156.5067665435294,169.0988006591797,35028600
2020-03-16,META,151.26340379575458,158.02616220582382,142.10735928036794,144.99716186523438,39120400
2020-03-17,META,149.69434982189327,152.87214898033153,139.02884576991374,148.3834991455078,34255600
2020-03-18,META,138.78057504637806,147.1520901174455,136.14896376320456,145.94056701660156,37553100
2020-03-19,META,145.60291350871776,158.8205815476249,143.79554646387842,152.06776428222656,39862300
2020-03-20,META,154.93772108236993,158.16517640687016,146.9733501618565,148.69134521484375,32568400
2020-03-23,META,148.6218384828333,151.2534498367458,141.26323671563284,147.07266235351562,29830800
2020-03-24,META,154.13333322747383,160.1910091561147,151.51164720180952,159.86329650878906,30440400
2020-03-25,META,157.8175654554584,161.8593390188538,151.99821584213893,155.12637329101562,35184300
2020-03-26,META,157.1522368550116,162.8623497265207,155.93077347488602,162.20692443847656,26556800
2020-03-27,META,157.10260011173537,158.97948901218527,153.67653499541476,155.70237731933594,24879900
2020-03-30,META,158.07578629902892,165.59328168240037,156.96356041043316,164.798828125,22515200
2020-03-31,META,164.33209364212337,169.7442850366798,163.06097396184765,165.6429443359375,23676300
2020-04-01,META,160.49885066352596,163.0112990518757,156.94368300719125,158.4928741455078,19507600
2020-04-02,META,157.99634240851967,160.23073434303583,154.83839392820795,157.0926513671875,20886300
2020-04-03,META,156.0598724860615,156.81461019982638,149.78372107562265,153.1104736328125,25983300
2020-04-06,META,159.03906110191917,165.0470963294274,157.41043810424367,164.401611328125,28453600
2020-04-07,META,170.5983022670105,172.18720927873605,164.8583987953859,167.65884399414062,31411900
2020-04-08,META,170.0620497899859,173.7860362817374,166.57640388876482,173.07102966308594,21664200
2020-04-09,META,174.6797824584038,175.85160472368048,170.37983283511795,173.97471618652344,23534300
2020-04-13,META,172.46525836195048,173.78603403899962,168.27453107174628,173.57748413085938,19355400
2020-04-14,META,177.7384302038612,179.9728221890274,175.39480067108042,176.93405151367188,21011800
2020-04-15,META,173.97471957427308,176.95390874859473,171.6211649754997,175.74237060546875,17423000
2020-04-16,META,176.71557853489006,176.81489090770748,171.3133127571394,175.02737426757812,23593200
2020-04-17,META,177.95692731045364,179.02943741434424,175.43455338028036,177.9966583251953,20974800
2020-04-20,META,176.17934156160146,179.24790313648407,175.54378173554545,177.0035858154297,16110700
2020-04-21,META,174.03431657376942,174.16341963186656,167.17224658884817,169.6151885986328,24850500
2020-04-22,META,177.21211504555205,183.49820656646574,176.90426789533163,181.0155487060547,33242000
2020-04-23,META,182.8030752893421,185.7524741993656,181.87951863575748,183.84579467773438,21426600
2020-04-24,META,181.95896221208622,189.0891637233697,179.57561664147886,188.75152587890625,28792000
2020-04-27,META,191.32356599510462,192.40600128173827,186.10998402488977,186.19935607910156,29197800
2020-04-28,META,187.35127137334757,187.88751873222733,181.2935809424406,181.6411590576172,21731000
2020-04-29,META,189.60554562057973,195.54407434511168,188.68200413690053,192.8429412841797,45954500
2020-04-30,META,205.48463925351143,208.23542861023947,200.1717601288913,203.28997802734375,46230100
2020-05-01,META,200.20153184952505,205.8421231201503,197.66921785286402,200.86688232421875,30415600
2020-05-04,META,198.81122388803976,204.48162069372177,197.38121064057825,203.83612060546875,19250700
2020-05-05,META,205.5839345108894,208.9206272515868,205.06753743771432,205.6335906982422,21071200
2020-05-06,META,206.67627136829682,210.13214159628728,205.2264078412714,207.0238494873047,21857000
2020-05-07,META,209.69522791873723,210.13217814906176,207.58992364107746,209.79452514648438,15152000
2020-05-08,META,210.76773082991775,211.73100330870798,209.38737364169384,210.87696838378906,12506000
2020-05-11,META,209.42710946230707,213.50860005079105,208.910712326337,211.7012176513672,12911900
2020-05-12,META,211.81042141907403,213.7866224383497,208.54325049527515,208.64256286621094,14704600
2020-05-13,META,207.97718036371188,209.3178214977525,200.70796695926114,203.67723083496094,20684600
2020-05-14,META,201.15487815397768,205.49455946285534,199.29785483012236,205.37539672851562,17178900
2020-05-15,META,203.8460752067552,209.87396059341705,202.70404350277974,209.4171600341797,19383200
2020-05-18,META,210.67834170021413,213.15107440451104,209.47674377157279,211.7111358642578,20151900
2020-05-19,META,211.7905605877719,218.96047700988436,211.3536104219794,215.37551879882812,31843200
2020-05-20,META,221.94960578752458,229.7352169578622,221.64175864692064,228.37472534179688,50162900
2020-05-21,META,233.0917836984901,235.55457606680287,229.59619716889247,229.78488159179688,47782600
2020-05-22,META,229.90403290997045,234.35296650971358,227.15325903208213,233.28045654296875,33925600
2020-05-26,META,238.106759349573,239.2289104221864,230.0629416507242,230.58926391601562,33178300
2020-05-27,META,227.48100004563142,228.9606545518371,219.59607562084886,227.55050659179688,34697600
2020-05-28,META,222.7440848898677,230.02324016354189,222.4461628911215,223.8960418701172,29377200
2020-05-29,META,223.63780199775556,225.91192493062624,221.33390353773837,223.528564453125,23241500
2020-06-01,META,223.03204029092007,230.82759176743917,221.94960513746992,230.30126953125,18223800
2020-06-02,META,229.33800070372604,231.38370831846598,224.98837936364816,231.10565185546875,20919000
2020-06-03,META,230.49988561626694,231.03613304360687,226.94471776311875,228.56341552734375,15380300
2020-06-04,META,227.96759694494853,230.02324514315058,223.05193689451846,224.72027587890625,17041500
2020-06-05,META,225.1373554519171,229.74516790371774,223.7470579375046,229.169189453125,16750400
2020-06-08,META,227.44126016278338,229.94378363306654,225.83250265121504,229.79481506347656,15466500
2020-06-09,META,229.9139785100873,238.10674927591717,228.81167783729438,237.01437377929688,27462900
2020-06-10,META,239.28852858608514,239.53679439982892,233.6479214182966,235.08786010742188,20720700
2020-06-11,META,228.3449256634376,231.27445870119334,221.99925322660053,222.87313842773438,26708200
2020-06-12,META,228.30522029098816,230.05302119539456,222.9426851503306,226.994384765625,22091400
2020-06-15,META,223.52858989474873,232.148386267117,223.24060823682154,230.88719177246094,15340300
2020-06-16,META,235.49498933855702,236.80583993965254,231.38370859875684,234.01531982421875,15236700
2020-06-17,META,233.36985690439315,235.9418870097397,230.1225359293252,233.89617919921875,19578100
2020-06-18,META,233.35990727858544,234.50192380176196,230.53959651055766,234.30331420898438,15782500
2020-06-19,META,236.14046656860805,239.15938686146742,233.9160149348593,237.13352966308594,30081300
2020-06-22,META,236.90513683414446,239.0302913169497,235.2665887379737,237.56056213378906,18917800
2020-06-23,META,239.60625362629182,243.48913382308788,238.19610590108232,240.55960083007812,24017900
2020-06-24,META,239.52682293334746,241.53281469046254,231.06592085796711,232.39663696289062,20834900
2020-06-25,META,232.99247570529567,235.65389287595707,231.1255272528302,234.0451202392578,18704300
2020-06-26,META,231.0262248145247,231.4731002289126,213.90580960081755,214.5811004638672,76343900
2020-06-29,META,208.29499427138418,219.21868884580718,205.6733081796403,219.1094512939453,58514300
2020-06-30,META,219.0597976361702,225.92186767115152,216.95450859736263,225.49485778808594,33927100
2020-07-01,META,226.91492118776134,237.34208386816175,225.98143943761693,235.9021453857422,43399700
2020-07-02,META,237.34207502928766,238.335138104724,230.99640258336697,231.80078125,30633600
2020-07-06,META,232.1384143343745,238.73235241495195,230.65876007997042,238.61318969726562,26206200
2020-07-07,META,237.7492703386848,245.9321016149645,237.1633666726293,239.189208984375,27887800
2020-07-08,META,236.45826327290766,245.2766687454307,234.9488030674891,241.89031982421875,29791300
2020-07-09,META,243.3004561036155,244.8198414131702,237.58041818252363,242.80392456054688,22174900
2020-07-10,META,241.99956311182402,243.7870798247022,237.65988196542796,243.3699951171875,22982700
2020-07-13,META,245.29651696540154,248.41473457069335,236.76610836134074,237.3420867919922,24674900
2020-07-14,META,235.117617934241,238.66286053245312,230.42043363748257,238.0670166015625,23378100
2020-07-15,META,239.8743840202247,243.12170445363407,236.39866332693666,238.61318969726562,19133600
2020-07-16,META,236.34902975302458,240.08294174280346,234.69061611050546,239.25869750976562,18880700
2020-07-17,META,239.32820518737046,242.46628819499767,236.20998768440782,240.35105895996094,18152400
2020-07-20,META,238.39474065095692,244.34319445651906,234.00540328579996,243.71755981445312,20872200
2020-07-21,META,244.51200673910438,245.197222727922,238.41459968566969,240.07301330566406,19364200
2020-07-22,META,238.59333342912305,240.2219562966176,236.46817901479554,238.20603942871094,15427900
2020-07-23,META,237.96774446079624,240.73838417966815,230.14240143157087,230.98651123046875,21771800
2020-07-24,META,228.59322203019198,231.87033364368529,225.32603559370898,229.109619140625,18325800
2020-07-27,META,229.8543917086879,233.32017222853034,229.22875710697724,231.88023376464844,13163100
2020-07-28,META,233.00240603548232,233.33011868532122,228.23570000146154,228.523681640625,14170100
2020-07-29,META,229.53659709915772,232.07883613062532,228.71235293376256,231.6716766357422,13588300
2020-07-30,META,228.6229972484639,233.26060029280399,227.4114590057178,232.87330627441406,20615300
2020-07-31,META,254.04541893258948,254.07520961445857,247.27272106612182,251.9103240966797,53005100
2020-08-03,META,250.89738954048218,253.6283131023447,248.59349099691272,250.21218872070312,23124900
2020-08-04,META,249.81494925379172,251.0463529441859,245.7135938307086,248.09695434570312,17183500
2020-08-05,META,248.45449166663226,250.52006500112785,246.05128047101184,247.39190673828125,13050100
2020-08-06,META,247.3124666036528,264.7506701072526,246.94503804787936,263.4398193359375,45241600
2020-08-07,META,262.2480796396627,276.95537144468835,261.60259471161845,266.5778503417969,72766400
2020-08-10,META,266.18067581109176,271.9602807588989,257.8885918056996,261.1756286621094,30248800
2020-08-11,META,258.3851054810181,264.0753682859589,253.3602083264652,254.353271484375,28238300
2020-08-12,META,257.1735573160089,262.0693512226244,256.319507274025,258.0871887207031,21415700
2020-08-13,META,259.73563148791175,263.32060489725797,257.7693860228514,259.48736572265625,17374000
2020-08-14,META,260.490410846681,260.8280487048176,256.8855865086835,259.4278259277344,14792700
2020-08-17,META,260.6790590475865,262.26796604010025,257.6005574319438,259.3483581542969,13351100
2020-08-18,META,259.13979980217863,263.3106461837231,257.46152092176317,260.5201416015625,18690400
2020-08-19,META,259.5767750952255,266.05153551827203,259.5370440860627,260.7684326171875,23291500
2020-08-20,META,259.68600713336025,267.7596151868681,259.6462761227217,267.1439208984375,20299700
2020-08-21,META,266.8261452466396,268.61364682810836,264.57190276360427,265.1578063964844,15538600
2020-08-24,META,269.1896282983901,275.32675113135093,266.9055649296417,269.5074157714844,23685600
2020-08-25,META,270.5203146993002,281.1262210199146,268.38523515868263,278.8719787597656,42127200
2020-08-26,META,282.02992833374987,302.5565565227695,282.02992833374987,301.80181884765625,69015200
2020-08-27,META,298.0778659533257,299.14045089424474,289.99431662752545,291.1860046386719,30301300
2020-08-28,META,292.9536564300212,295.16819837010235,288.9615531067545,291.6229553222656,17157400
2020-08-31,META,291.9109350833743,294.8206029393237,289.5275591968699,291.1661376953125,17345100
2020-09-01,META,292.6655865513433,299.3985524401594,290.6794605628327,293.3905334472656,17295900
2020-09-02,META,296.8066973205317,301.4939562564885,291.0171226099811,300.4015808105469,24341400
2020-09-03,META,293.93676837981997,295.53561589909145,281.6625217116018,289.1005554199219,32294100
2020-09-04,META,285.25737204081344,286.9952324448915,269.2591402392374,280.76873779296875,30333700
2020-09-08,META,269.3981849524166,277.3625409438043,267.55110193854256,269.2790222167969,24864000
2020-09-09,META,273.85702596930236,276.5482490440014,269.4677036252001,271.8212585449219,22918800
2020-09-10,META,273.5988586209002,277.22353332836695,265.17767156883707,266.2303161621094,24814700
2020-09-11,META,268.1866082526648,269.50739909717294,260.8180972997023,264.7605285644531,18913900
2020-09-14,META,269.070493648813,274.7210258385008,263.8569117037533,264.30377197265625,24093800
2020-09-15,META,268.79235230261327,272.61562027732026,267.4318306533178,270.53021240234375,18478500
2020-09-16,META,265.43585349381885,270.5501225712264,259.974006258438,261.6919860839844,29183400
2020-09-17,META,256.48835829972296,259.6860229687823,248.45448076695496,253.0523681640625,31281400
2020-09-18,META,256.607504431696,257.40197311210676,248.31543646225495,250.77822875976562,28130800
2020-09-21,META,245.82285024541395,248.21613611997893,242.43651635455427,246.42861938476562,24709400
2020-09-22,META,251.5528356947217,253.5489024160918,246.49814766498469,252.98284912109375,30293100
2020-09-23,META,253.4892759327058,256.2003338938652,246.42859683929288,247.29257202148438,19641300
2020-09-24,META,244.79006167478678,250.49024949906772,243.91616127098237,247.79904174804688,20006800
2020-09-25,META,247.66995236488185,253.97590965302513,244.8993127450523,253.0523681640625,18351300
2020-09-28,META,257.6005722303954,257.7991969805752,253.052356387746,255.03848266601562,18826300
2020-09-29,META,256.0215668975486,261.50326368945184,255.11787594040175,259.9739685058594,20200200
2020-09-30,META,260.162713982233,264.2342489504259,258.2957502746932,260.083251953125,20142500
2020-10-01,META,263.5093368079426,266.4686458675195,262.9631338423851,264.78045654296875,20009800
2020-10-02,META,259.39802012625506,263.31069140999944,257.38210311911837,258.1368408203125,16367600
2020-10-05,META,260.3811312601421,263.032592504327,259.03054981829627,262.8141174316406,12822300
2020-10-06,META,259.96407489128376,263.8469555146379,256.44862279112647,256.86572265625,18696900
2020-10-07,META,257.4119030223598,258.3751755364846,253.05237134297118,256.3294677734375,23133400
2020-10-08,META,257.9481657635735,262.7843786904496,257.3523217834048,261.93035888671875,16312800
2020-10-09,META,262.6850614584868,262.91347690000043,260.3513872302378,262.6155700683594,14107800
2020-10-12,META,268.32566995185175,278.2364205973103,266.01181588676553,273.837158203125,31019300
2020-10-13,META,275.6544397582597,277.163915053948,271.49353328395597,274.2244567871094,18063300
2020-10-14,META,275.69420272133084,276.81636899435705,269.61666074248586,269.9344482421875,15577800
2020-10-15,META,265.743712457179,267.1737258577717,261.8409814415914,264.86981201171875,15416100
2020-10-16,META,265.52525043208055,269.4875630091497,263.45966194903065,264.0852966308594,16622700
2020-10-19,META,263.68805608352665,266.6870958759029,258.07725536685854,259.5867004394531,13587000
2020-10-20,META,261.23519522464017,267.8291492240227,261.05645112735016,265.7039794921875,18763200
2020-10-21,META,277.6207072786257,281.08648766825246,274.45283368534405,276.7964782714844,28998600
2020-10-22,META,277.9285340599849,280.49065354453245,273.1320531546377,276.190673828125,16720000
2020-10-23,META,276.8659844556583,283.2613133434085,274.89973888289836,282.814453125,17535200
2020-10-26,META,281.1957326512578,283.25138040729377,272.3574777001807,275.18768310546875,21322900
2020-10-27,META,276.82631492945694,282.5364284862138,274.39329790031104,281.32489013671875,16287200
2020-10-28,META,276.8560900388456,276.8560900388456,265.4060728848971,265.813232421875,23121800
2020-10-29,META,274.63161817036763,281.63273197336537,271.88084399312066,278.8819274902344,32368100
2020-10-30,META,272.59582393637925,274.7805749026662,257.3026580900136,261.2848205566406,47247800
2020-11-02,META,262.76454261571706,268.5938190576868,255.55489370624662,259.5469970703125,27165700
2020-11-03,META,261.3344859939097,268.1766749142908,259.07030336447286,263.4596252441406,17961900
2020-11-04,META,279.05072726940637,286.9356505996386,276.68723227490966,285.386474609375,35364400
2020-11-05,META,289.8751497008854,295.31714709122343,286.94563136677965,292.6358642578125,23823600
2020-11-06,META,291.91095747039725,292.5564425283772,286.0618003207486,291.37469482421875,13891000
2020-11-09,META,287.8591560670578,290.5503482095642,276.59782570994713,276.8361511230469,25117700
2020-11-10,META,271.2055573077003,272.09930809794037,262.16867641553375,270.5401916503906,29067700
2020-11-11,META,271.57297357212764,276.4687674971447,270.58985077783035,274.5621032714844,14957000
2020-11-12,META,275.2572220125929,277.80940144584633,272.52629849525215,273.1717834472656,12899500
2020-11-13,META,275.79351739465017,275.83324840891396,271.2055701884182,275.02886962890625,10391200
2020-11-16,META,273.1419614075657,277.47173177338584,272.7248919259118,277.02484130859375,12970400
2020-11-17,META,275.7537787794999,275.7537787794999,271.39424714309587,273.0923767089844,15040300
2020-11-18,META,272.615642016478,275.46575826424754,269.9542404677872,270.0833435058594,12152900
2020-11-19,META,269.13993647182775,271.57295306280076,267.32264442781167,271.046630859375,12963700
2020-11-20,META,270.6692471780771,271.10619731983934,267.5411048086391,267.8291015625,18114700
2020-11-23,META,269.01088928025075,269.0704706443438,262.69499193344575,266.56793212890625,20990800
2020-11-24,META,266.62750877747334,275.89280470654967,266.01181448881255,274.9990539550781,16930400
2020-11-25,META,276.21055143539667,278.23637809166155,270.75861507447627,273.67822265625,12467000
2020-11-27,META,275.46583445147934,277.1937548398791,272.9136545793611,275.8829040527344,7808400
2020-11-30,META,274.1152546690121,275.7736836733541,269.1300879371217,275.0487365722656,16693300
2020-12-01,META,277.2235343635581,287.2931797363589,277.02490959560544,284.562255859375,20738900
2020-12-02,META,283.3804926041417,289.7559715117229,278.88191764104107,285.5255126953125,17361600
2020-12-03,META,284.26433893037,284.6615581463012,279.12027886523424,279.8948669433594,12921700
2020-12-04,META,278.35560983284415,281.4936932604116,277.362546607888,277.7597961425781,10880300
2020-12-07,META,277.2532508999536,286.48872432802386,276.2701282650474,283.5989074707031,13007700
2020-12-08,META,284.0259925324439,284.4430620713791,279.5969091988282,281.43408203125,10747700
2020-12-09,META,281.6922992992284,285.634761252422,269.8649134396478,275.99212646484375,25189700
2020-12-10,META,273.62863587076913,276.7965098251757,269.9741403523532,275.1976623535156,20065100
2020-12-11,META,272.6256175544194,274.56210276384803,268.37530860630324,271.65240478515625,14391400
2020-12-14,META,271.47364488152203,275.29694373803864,269.6762031606504,272.2879638671875,16376900
2020-12-15,META,272.92351265801767,274.1648415067269,265.6145829436402,273.6385192871094,23979500
2020-12-16,META,272.8540602970369,275.9325320373977,270.6196680498099,273.75775146484375,15885000
2020-12-17,META,275.1480187332912,278.49463675445423,271.7119983579931,272.57598876953125,16377800
2020-12-18,META,273.8570313424853,276.0715732176227,269.2591741231777,274.482666015625,26693200
2020-12-21,META,271.0864200398628,272.76469937630253,265.93241928810284,270.8977355957031,16553700
2020-12-22,META,269.6166869762986,269.6166869762986,262.7943469282712,265.2372741699219,17312900
2020-12-23,META,265.03858385385934,270.2819549895623,264.383158673662,266.2500915527344,14329000
2020-12-24,META,267.01481880298417,268.5242638479774,264.35341689238487,265.5450744628906,6702000
2020-12-28,META,266.87577993398537,275.37639803213443,263.81715878146275,275.0784912109375,23299700
2020-12-29,META,275.028849938261,278.5641523075244,274.363484296987,274.8600158691406,16383000
2020-12-30,META,276.02187945984275,276.15095219593917,269.82514558620073,269.9840393066406,11803800
2020-12-31,META,270.1131798151852,275.1678676684032,267.9383690679379,271.26513671875,12900400
2021-01-04,META,272.87388692508046,273.0923620269373,263.3603554297846,267.07440185546875,15106100
2021-01-05,META,266.4288695415241,270.5103437529115,266.34940753357716,269.09027099609375,9871600
2021-01-06,META,260.18254915137,265.89266234839437,258.2063631514997,261.48345947265625,24354100
2021-01-07,META,264.0555278136308,269.7259108226238,262.9433017564434,266.8758239746094,15789800
2021-01-08,META,266.44878529422607,267.0843602903066,261.3543662192144,265.71392822265625,18528300
2021-01-11,META,258.6731296928187,261.6423791517238,254.1248829763416,255.05836486816406,30412300
2021-01-12,META,254.84981471600418,257.9183763775455,248.56372282065897,249.34823608398438,26383500
2021-01-13,META,249.80503713335122,252.188382619965,247.4713326816302,249.8944091796875,19528900
2021-01-14,META,251.6421841179755,253.26088182402776,242.9131661140982,243.93601989746094,29739400
2021-01-15,META,246.1803582278421,252.09902149522745,245.44550116665312,249.61636352539062,24942900
2021-01-19,META,255.11794062364515,260.38119398595995,250.96694354850732,259.288818359375,28028500
2021-01-20,META,267.0644042540832,268.444776262039,261.77139221611213,265.6244812011719,25199900
2021-01-21,META,267.3921687234662,271.70205875894015,265.634427714856,270.97711181640625,20838700
2021-01-22,META,270.1231077356851,276.5382869759463,270.1131674066485,272.5958251953125,21954000
2021-01-25,META,276.2105544535944,278.15694942741976,269.6265419840964,276.0814514160156,19087000
2021-01-26,META,276.21056454490656,283.41027148201056,275.88283677509816,280.0934143066406,19373600
2021-01-27,META,280.57007507722057,281.48370632914697,266.2600342786882,270.2521667480469,35346200
2021-01-28,META,275.25724544437986,284.800598380068,262.8638363318904,263.1617431640625,37758800
2021-01-29,META,263.45961452430464,264.7108836627242,253.0821238557494,256.5379638671875,30389500
2021-02-01,META,257.71975684833694,262.33752508224313,253.14174993490226,260.1925048828125,22914300
2021-02-02,META,262.16864356397065,266.9850053875906,261.4436966318781,265.2272644042969,17320800
2021-02-03,META,263.777378298146,267.33256066235367,262.0097274435118,264.80023193359375,14223400
2021-02-04,META,265.1578307479932,266.29984743580536,262.1687006375379,264.64141845703125,16060000
2021-02-05,META,264.94923410714415,267.3028192101267,263.82709821386266,266.240234375,12454400
2021-02-08,META,266.8857343995216,267.98802000221724,263.16174740790035,264.73077392578125,13755200
2021-02-09,META,264.59177204978135,271.49357368908437,263.9065559898149,267.5809020996094,14613400
2021-02-10,META,270.56003283147004,271.900643668277,265.86283382095326,269.9840393066406,14687200
2021-02-11,META,270.00396858253924,271.68221751277923,266.62752945048277,268.5143737792969,12828600
2021-02-12,META,268.64347706516503,269.2989024897752,266.47860631186603,268.6236267089844,9097600
2021-02-16,META,268.9214652817526,274.68124922947464,268.17666798465854,272.0694885253906,15417200
2021-02-17,META,269.35844805841447,272.0695214581162,267.70995953793226,271.67230224609375,12763200
2021-02-18,META,267.70001482832095,270.0635097465597,264.1845631303574,267.5212707519531,15249100
2021-02-19,META,267.9879548487946,268.3951142975956,258.34532202846117,259.74554443359375,25622600
2021-02-22,META,256.1606743548885,261.24515328431704,255.7435744603547,258.5241394042969,17434900
2021-02-23,META,257.69985037363546,265.60462342546225,253.191350988149,264.0157165527344,21924600
2021-02-24,META,260.5102256472287,264.53214932336675,256.5975849753341,262.47650146484375,15736100
2021-02-25,META,260.48045979713754,265.0882874957207,252.27776339152175,252.9232635498047,19053100
2021-02-26,META,254.690854160317,263.7078523466447,254.690854160317,255.83287048339844,26619500
2021-03-01,META,259.01076266266045,264.8003080425841,256.1110046545927,263.0723876953125,22157300
2021-03-02,META,263.93630511685126,264.85984651108265,256.8557604826505,257.2033386230469,15191700
2021-03-03,META,258.48439730307683,259.17952327480714,253.33039749890509,253.63824462890625,15513500
2021-03-04,META,254.69091645879942,264.64139866978945,251.7415175849183,255.85281372070312,31626500
2021-03-05,META,258.8618031452885,263.60864412929794,253.8368905187001,262.4467468261719,26820100
2021-03-08,META,263.7078969878338,263.7376876689268,253.28074947590162,253.5389404296875,18391800
2021-03-09,META,259.36824065418534,266.66726127339814,258.0077489120371,263.8966064453125,22039700
2021-03-10,META,266.7765159880859,267.1042135136652,261.0465218554377,263.06243896484375,14210300
2021-03-11,META,266.2501693141146,275.972266867677,265.9622027962827,271.98016357421875,21834000
2021-03-12,META,267.27306492322964,267.86887864473107,262.18855548795733,266.5381774902344,20600200
2021-03-15,META,267.2134253470967,274.0457048286008,266.63746204114943,271.8510437011719,16844800
2021-03-16,META,274.1648374392851,280.1828274899557,272.89371792930007,277.3426513671875,22437700
2021-03-17,META,273.7974438086778,284.24448797008944,273.49953697383603,282.0398864746094,21315000
2021-03-18,META,277.92858482314426,283.2116881663582,276.3496180179357,276.687255859375,18728300
2021-03-19,META,279.2692481703656,290.76890726225764,279.249397815499,288.0975646972656,38930500
2021-03-22,META,288.4352224866444,297.6309672357557,284.7608764742998,291.5037841796875,28273100
2021-03-23,META,291.11646090364803,295.9328233174748,287.79963356760106,288.61395263671875,23000900
2021-03-24,META,288.9813865930339,289.6963932978706,279.20964849752187,280.182861328125,18675000
2021-03-25,META,279.03087841779615,286.0617517724904,275.82327372146733,276.806396484375,24505600
2021-03-26,META,276.36947272447486,282.5264766041057,275.8431504477816,281.0567321777344,17629200
2021-03-29,META,283.7876855406201,291.14628815797516,282.7251308525413,288.80267333984375,21718800
2021-03-30,META,287.819489559495,290.44119091458725,284.7112272475432,286.002197265625,17474500
2021-03-31,META,287.9783624230208,294.4432129861294,286.60793047822534,292.48687744140625,19498200
2021-04-01,META,296.33005070789403,300.3023034795974,294.54254908298094,296.5882568359375,17616000
2021-04-05,META,298.80276535214335,308.614203147411,298.5942002846461,306.7671203613281,28237000
2021-04-06,META,306.6976181446294,309.1902163371081,303.13252508986074,304.1355285644531,17335200
2021-04-07,META,304.2149752941855,312.07010879752124,303.3808058477096,310.91815185546875,22855200
2021-04-08,META,312.6659247488208,313.688778534992,307.8992036600971,310.8486022949219,20894100
2021-04-09,META,309.23983603188884,312.55666307145435,308.1772512663788,310.29248046875,15988600
2021-04-12,META,308.8922542226104,309.984629655204,305.79390230898474,309.3788757324219,10881900
2021-04-13,META,310.04422299179186,312.2488242933257,307.17428638234855,307.6112365722656,14036900
2021-04-14,META,305.16826342390004,305.8932103611847,299.8554003462069,300.7193603515625,17421400
2021-04-15,META,304.2149784475269,307.98863680837684,301.99052656720033,305.6847229003906,14558300
2021-04-16,META,306.03230773662983,306.80689584078993,302.496974770129,304.05609130859375,13059200
2021-04-19,META,302.8942372670993,305.5655798842235,298.47509359927756,300.1434326171875,14553500
2021-04-20,META,299.89514228651615,302.9835845586107,295.1483014626396,300.5505676269531,16796400
2021-04-21,META,299.85540432541285,299.88519500510046,295.3270391776164,299.37872314453125,14863500
2021-04-22,META,299.23976707304496,300.81876447480624,293.98648375155835,294.463134765625,16375400
2021-04-23,META,296.68755239289857,300.49097087154496,295.0887049838903,299.0411071777344,17536800
2021-04-26,META,301.23580358211467,303.67873069928305,299.4681522036944,300.9378967285156,16172600
2021-04-27,META,302.16920808926756,303.2218524436181,299.0211850482078,301.4641418457031,15309300
2021-04-28,META,305.2278718530595,308.7632045092743,303.25168590435214,304.9696960449219,33907200
2021-04-29,META,327.829935981172,329.5082147899959,319.3789605845631,327.22418212890625,56526800
2021-04-30,META,323.8776872124607,327.53215297335674,322.2490488133883,322.82501220703125,26332400
2021-05-03,META,323.907408395523,326.27087314382874,319.60742815166054,320.34228515625,18719500
2021-05-04,META,317.80006933320976,319.9550297777541,310.9479394226379,316.1515808105469,24032600
2021-05-05,META,315.98277088195334,318.83285731643707,312.30842504926153,312.8347473144531,15577600
2021-05-06,META,312.3382316599115,318.01855446537013,311.0969026404135,317.8000793457031,19012200
2021-05-07,META,320.1437345661758,320.69984756028447,316.53891012894223,316.8666076660156,15916700
2021-05-10,META,312.1693768985715,312.3977620050916,302.7153972344073,303.8475036621094,24239200
2021-05-11,META,298.66372208325555,304.71147261940786,297.6110776402006,304.40362548828125,18920100
2021-05-12,META,299.0411002600775,302.84451865074016,296.1214922814983,300.45123291015625,24645500
2021-05-13,META,303.9567753757269,306.71748989994825,300.66973856002795,303.1424865722656,18079200
2021-05-14,META,307.3927244979176,314.65201248518645,306.93589370512785,313.7483215332031,19245700
2021-05-17,META,311.37491338064495,313.49014256803696,309.4185779211098,313.27166748046875,15401300
2021-05-18,META,313.4007953447419,314.304486446428,307.66089155963004,307.8098449707031,14522400
2021-05-19,META,302.0799148072272,312.47728832837305,301.464220436348,311.4147033691406,19106200
2021-05-20,META,311.4047347873846,317.0354162827345,310.9876652282522,316.39984130859375,17320200
2021-05-21,META,317.07511701397885,317.71066162154136,313.6192466103653,314.0363464355469,13600900
2021-05-24,META,316.00263368811625,323.68896349578085,315.823889584792,322.37811279296875,16445400
2021-05-25,META,324.81101676562,326.8964550244546,322.54683444896773,325.51611328125,16437000
2021-05-26,META,326.0723009791142,327.5420150886895,323.55985234776074,325.3870849609375,9686900
2021-05-27,META,325.72472236570246,331.4646263219847,324.4933337229342,330.4417724609375,20477700
2021-05-28,META,328.7039190666391,330.5609424009443,326.05242698912605,326.4496765136719,12037400
2021-06-01,META,327.859776244359,329.12098577650926,324.3741453730533,326.84686279296875,11765900
2021-06-02,META,328.0881776892321,329.5678319465902,324.85078242485343,326.86669921875,11654300
2021-06-03,META,323.520083700462,325.1089906636587,321.23605077615906,323.7782897949219,12610800
2021-06-04,META,323.6392374927423,330.15372858687806,322.9242308943187,328.0583801269531,13289400
2021-06-07,META,327.19442430172865,335.3474634485492,326.6482214412393,334.2451477050781,20136700
2021-06-08,META,334.36436543557863,335.95324218671897,329.93528208942485,331.36529541015625,14580500
2021-06-09,META,333.41101346017734,334.463657978423,327.710840656936,327.9591064453125,13727900
2021-06-10,META,328.49537952813114,331.6235225004314,326.2708973852136,330.1537780761719,13240200
2021-06-11,META,330.2729174472799,330.52118322602627,326.64824313875914,328.96209716796875,13587900
2021-06-14,META,329.5976857597547,334.48357027168373,327.5221872093391,334.43389892578125,12250800
2021-06-15,META,334.65235745209895,337.5620556551971,332.7059620693409,334.4140319824219,15795200
2021-06-16,META,334.3643964351676,335.2084759227616,326.4397410735605,328.7833557128906,17232200
2021-06-17,META,328.197430149362,335.6354937373488,327.8597923156813,334.1756896972656,17794100
2021-06-18,META,332.20941212190775,333.81816956514166,326.71777415159494,327.3731994628906,23039500
2021-06-21,META,328.79323655230536,330.6105588772653,325.3770972881534,329.98492431640625,11337500
2021-06-22,META,330.3821755239405,337.56203287221103,330.29280347884355,336.6781921386719,15345300
2021-06-23,META,336.995997823339,341.0377722588904,335.85398122199473,338.2273864746094,14817800
2021-06-24,META,339.47861689152836,342.50744713580673,339.41903553173717,340.79937744140625,12329100
2021-06-25,META,340.2135219727783,341.7329074740562,337.32370439076266,339.0019836425781,14594400
2021-06-28,META,340.0843790089774,355.65563137017324,339.39916304899543,353.1729736328125,29156100
2021-06-29,META,353.79856535373204,354.2653062040058,346.62864885077636,349.448974609375,21417300
2021-06-30,META,349.72705702806195,350.4718543781205,344.76174136100525,345.2979736328125,15107500
2021-07-01,META,344.4142055426795,352.2097581594582,344.09641802750997,351.93170166015625,17137000
2021-07-02,META,352.63675169325717,353.9674527570495,350.17394402400754,352.2395324707031,11521300
2021-07-06,META,354.02702092017273,356.30114407035626,346.7577912256229,350.33282470703125,13488500
2021-07-07,META,352.79561580909495,354.0170640582016,347.57209406891997,348.0586853027344,14218900
2021-07-08,META,343.331720320965,345.9136601651972,340.1836969240964,343.25225830078125,14406500
2021-07-09,META,342.92456873238206,348.2771632659908,342.8748973921492,347.98919677734375,13018700
2021-07-12,META,348.79360036608597,351.7330589669335,347.21463350700583,350.710205078125,10018600
2021-07-13,META,349.0616794159111,356.00318078237416,346.38039692535693,349.6475830078125,11456000
2021-07-14,META,352.1004565076469,352.73603144965426,344.3247856324014,345.2185363769531,13894200
2021-07-15,META,346.807487711629,346.807487711629,337.85997818274154,342.070556640625,14781600
2021-07-16,META,342.51738245801107,343.5898772244563,337.7804825885688,338.79339599609375,11026100
2021-07-19,META,335.22833468467167,337.4329360890241,332.2193545536119,334.6126403808594,14372300
2021-07-20,META,336.4498015039066,341.067569648738,332.1796418476506,339.28997802734375,11024300
2021-07-21,META,339.13104771021216,344.11621354828037,338.88278193590014,343.8282470703125,9279700
2021-07-22,META,344.27515089851886,349.1014539216713,342.81534674837894,348.7538757324219,12385400
2021-07-23,META,358.4064175626375,372.7263709130637,354.712221510125,367.2248229980469,33694300
2021-07-26,META,367.0162853811016,371.8425883087263,365.6657339712904,369.8763122558594,14925200
2021-07-27,META,369.33010978819533,370.5614983630885,362.0211494423419,365.258544921875,15705400
2021-07-28,META,371.9616711729929,374.9309198157156,364.3845957090679,370.6905517578125,29676900
2021-07-29,META,358.49575222098156,362.98438618631917,354.26529403428776,355.8343505859375,33413200
2021-07-30,META,351.5443361411562,358.22766169034094,350.491691683396,353.828369140625,15976200
2021-08-02,META,355.61593858624593,356.906908626089,348.3069776627504,349.50860595703125,13180400
2021-08-03,META,350.28315139524244,351.3159151790246,345.2880453111315,348.803466796875,12406100
2021-08-04,META,349.97535634826033,357.9794435460874,349.07166517355284,356.4302673339844,14180600
2021-08-05,META,357.14526133882947,361.3756899337369,354.4242475815402,360.4521484375,10247200
2021-08-06,META,358.892963587641,362.6169498526744,358.892963587641,360.98834228515625,8925000
2021-08-09,META,361.23667258484005,363.2426493012661,358.2475427107706,359.1015625,7798900
2021-08-10,META,359.3200344847057,361.5743072827586,356.5494100527903,358.6249084472656,7469900
2021-08-11,META,359.5881210428261,359.84629681675466,355.3278722554093,357.46295166015625,8400300
2021-08-12,META,355.9634914124329,360.4819165359161,354.6327601477801,360.13433837890625,7170700
2021-08-13,META,360.4521402686356,362.1304194515307,358.9724858422268,360.6606750488281,7195700
2021-08-16,META,360.00522845589376,364.4045210745695,354.90089981921847,364.0172119140625,11222100
2021-08-17,META,360.4620449651616,362.1403239821523,352.606912425003,355.9634704589844,12328700
2021-08-18,META,353.77872178787584,357.3636649551706,352.68634634012676,352.9842834472656,10042400
2021-08-19,META,348.9126880907285,355.08954110949225,348.56510998256186,352.6565246582031,12004500
2021-08-20,META,352.14017520075987,357.4927694576704,350.85911533837884,356.8770751953125,8697700
2021-08-23,META,356.94661777356487,363.1532624039116,356.6089799423798,360.8294982910156,10942000
2021-08-24,META,361.1373449529852,365.4075043305499,359.32996276565495,362.9745178222656,9235100
2021-08-25,META,363.06387912846816,368.287370479807,362.8652543840877,365.83453369140625,9684500
2021-08-26,META,365.8245777100554,366.8772221372946,361.6040596725405,361.8523254394531,7888700
2021-08-27,META,362.5673411067195,371.1473904662414,361.55439735667915,370.04510498046875,11219100
2021-08-30,META,369.97562175122965,378.843668815076,367.94976434643246,378.0194396972656,13547300
2021-08-31,META,377.3143748304173,380.10487999697085,376.1723279061096,376.7483215332031,12345400
2021-09-01,META,376.9568229863813,381.6639324386178,376.18223497138194,379.3997497558594,11567200
2021-09-02,META,378.85358112737276,379.10184690792806,371.4651890735768,372.6767272949219,14832900
2021-09-03,META,372.1503674826965,374.543653002346,370.5217295798465,373.64990234375,7509600
2021-09-07,META,373.2725838694114,380.30345767823303,370.56151054382633,379.52886962890625,10793800
2021-09-08,META,377.5228966613497,378.22796302326014,372.1901523111581,374.95086669921875,11067200
2021-09-09,META,375.0203804671173,377.1951608723424,373.9577956290019,375.37786865234375,9098900
2021-09-10,META,378.7145106920506,381.1276769391466,375.6360394777638,376.06304931640625,11549600
2021-09-13,META,379.03237443176556,379.1018961327597,371.75323413530566,373.89825439453125,13026300
2021-09-14,META,374.7820203796107,375.9637679324981,372.5078973191111,373.9180603027344,8711600
2021-09-15,META,374.38482369186454,374.94093665537116,365.11955743747427,371.3262023925781,17940300
2021-09-16,META,370.20405180545896,370.9686995861751,367.1454000708248,370.47216796875,11934200
2021-09-17,META,368.83359750741874,368.83359750741874,359.08170985434447,362.19000244140625,26299000
2021-09-20,META,356.80754673058533,358.5255567412185,347.3734476237028,353.2325439453125,19822800
2021-09-21,META,356.0131576959178,357.5424835116956,352.72612092380973,355.000244140625,11751900
2021-09-22,META,344.82129547424677,347.4131755007979,338.3266546093435,340.82916259765625,43692900
2021-09-23,META,342.96430614109624,347.244436588427,340.6206914406906,343.5601501464844,21806300
2021-09-24,META,340.8589909880195,351.8919385080049,339.9950308835849,350.5115661621094,18801900
2021-09-27,META,347.38345129497895,352.686405386359,344.6723777261195,351.1272888183594,15205800
2021-09-28,META,345.5561863357287,347.1748841230016,336.56897692930727,338.2869567871094,21710300
2021-09-29,META,340.769633143772,342.8352215839474,336.5292641634484,337.2541809082031,14452200
2021-09-30,META,338.0883500451467,340.422024123598,335.80428669427346,337.03570556640625,16547100
2021-10-01,META,339.24033291368795,342.62668233898466,336.29096406243747,340.6306457519531,14905300
2021-10-04,META,333.2024545158559,333.6096140159672,320.46146851508894,323.96697998046875,42885000
2021-10-05,META,326.30070772753515,332.85493120611443,323.89751164578337,330.65032958984375,35377900
2021-10-06,META,327.4526216500832,332.0604490478025,323.53995055480846,331.3255920410156,26443000
2021-10-07,META,334.66227881082483,336.4895113551633,326.6979233231299,326.9362487792969,28307500
2021-10-08,META,329.21036149099893,331.087235010964,326.42976659780624,327.7604675292969,15946100
2021-10-11,META,325.3572529952405,328.1676081014375,323.05333943821864,323.1923828125,14708200
2021-10-12,META,320.7892212601343,322.12986271225867,315.168479613975,321.5240783691406,31658700
2021-10-13,META,324.70183226875514,324.7316229485336,320.42173287393445,322.2886962890625,14761500
2021-10-14,META,326.08223402824575,328.2272542836697,324.83099494199575,326.2510681152344,14302200
2021-10-15,META,326.3999927716936,326.78730195164854,320.27281003421854,322.5072021484375,21596400
2021-10-18,META,326.6681361594644,333.5599968627541,325.22818246588844,333.0137939453125,21585000
2021-10-19,META,337.29392341439353,340.0844286944019,334.94036838446834,337.6315612792969,18786300
2021-10-20,META,341.0675379865776,341.5938602237762,337.0952855380206,338.4160461425781,13639500
2021-10-21,META,337.91948543047783,339.9354021619499,335.45667821474876,339.5083923339844,16354400
2021-10-22,META,324.08610446276526,327.3433497734572,318.8824339218005,322.358154296875,35224500
2021-10-25,META,318.07809817024844,327.2738721557028,317.5021349079901,326.409912109375,38409000
2021-10-26,META,325.9829424293362,327.91939752560313,307.45237909979846,313.6192932128906,65654000
2021-10-27,META,312.01053497096626,317.03543243091343,309.89530546712155,310.05419921875,29971800
2021-10-28,META,310.81879676750776,323.26187566968946,305.9726441964319,314.7215576171875,50806800
2021-10-29,META,317.96888127486596,323.73857554960784,317.3829776736138,321.325439453125,37059400
2021-11-01,META,323.7783380427413,331.13694007847226,323.738607028624,327.6910095214844,31518900
2021-11-02,META,329.0812646943905,332.46761360260626,321.5538292016757,325.80413818359375,28353000
2021-11-03,META,325.2182246298572,329.84590230841843,320.95800575490676,329.319580078125,20786500
2021-11-04,META,331.69303111979514,334.9303963680135,330.34244948206873,333.520263671875,22495300
2021-11-05,META,337.9492918468167,344.3843514680438,337.28395655939903,338.76361083984375,26872800
2021-11-08,META,342.03081085258987,342.3982393556077,335.99297015181077,336.2710266113281,18342500
2021-11-09,META,337.6414353317068,338.94234549630863,332.14979790457625,333.0435485839844,17556700
2021-11-10,META,330.1835499468234,330.87870625923074,323.25198870461344,325.3672180175781,21872600
2021-11-11,META,327.5321413473969,330.15381267206436,324.73169559818325,325.466552734375,12376600
2021-11-12,META,327.88954175506507,339.48851059363136,327.49232260692645,338.5252685546875,25414300
2021-11-15,META,341.9513528589392,351.1967681291148,340.81927665538785,345.1490173339844,25076600
2021-11-16,META,341.44489271681016,344.24533809936,338.50543425102154,340.5809326171875,18181100
2021-11-17,META,341.8520275379172,344.8907981611505,337.7407621147875,338.4060974121094,13602800
2021-11-18,META,337.3634300511978,340.0844135094988,332.97407739167016,336.340576171875,17487200
2021-11-19,META,339.8261918393417,349.6575100890898,337.5421286138821,342.9046630859375,26488500
2021-11-22,META,346.6287072571534,351.3755482699117,338.1479691189288,338.6445007324219,27116800
2021-11-23,META,336.5788918252043,339.0317590592541,331.1865661032912,334.9105529785156,17225000
2021-11-24,META,333.6692551638559,339.4091595910464,330.5013809418473,338.69415283203125,13566200
2021-11-26,META,333.47054464389953,335.40702962418453,329.5976049892074,330.80914306640625,14750700
2021-11-29,META,334.5530130354326,338.30679001277554,332.9839565034178,335.6850891113281,16650900
2021-11-30,META,332.6761530506527,333.4805317723644,321.1864052077006,322.2092590332031,25390000
2021-12-01,META,327.99881886115134,328.2073536259176,308.1375569170716,308.4454040527344,30329600
2021-12-02,META,309.23985058811394,312.41766470557803,305.0690036530589,308.23687744140625,24396200
2021-12-03,META,311.55367511809095,311.5735254685623,297.4223772998706,304.7114562988281,27471000
2021-12-06,META,305.99255266304647,317.87951975765236,304.2149611423583,315.66497802734375,21758300
2021-12-07,META,319.33932063498895,324.27484564424213,318.7732673727845,320.5707092285156,18794000
2021-12-08,META,322.7455088217183,330.4417478782362,320.82890430428074,328.2669372558594,19937700
2021-12-09,META,327.25401752303907,333.7982996166133,325.72469188646227,327.5320739746094,16879200
2021-12-10,META,330.2531213539005,332.70598886314275,324.1060572377406,327.4626159667969,14528000
2021-12-13,META,328.65425606299516,338.72390047483293,327.30367444275134,332.169677734375,22948700
2021-12-14,META,325.77436431738806,333.3713218947086,325.3771451062712,331.4248962402344,20461000
2021-12-15,META,330.18357510906884,339.7368382857609,321.7326278482403,339.28997802734375,24681300
2021-12-16,META,336.62858877910594,342.0705559510486,331.4249167815428,332.5768737792969,22635000
2021-12-17,META,330.49145609411727,334.7715565182431,328.4556884392973,331.474609375,40012600
2021-12-20,META,327.49233249861777,327.61149521607075,320.292625362334,323.1923828125,17901800
2021-12-21,META,324.1457435126229,333.6692153987566,321.50419192067693,331.8817138671875,16116800
2021-12-22,META,331.48445199749193,332.189548621576,325.98290422148904,328.15771484375,16764600
2021-12-23,META,327.81019082525495,334.33462376937337,326.0822401309469,332.9145202636719,13987700
2021-12-27,META,336.49945539510196,345.45687412344387,335.6652859834369,343.7785949707031,17795000
2021-12-28,META,344.2254883901896,350.26329907524985,342.80541534319065,343.8183288574219,16637600
2021-12-29,META,344.50352743630526,347.2642416723502,339.2700957520207,340.5610656738281,10747000
2021-12-30,META,341.6137032403792,344.8213079338288,340.8391152417787,341.97119140625,10593300
2021-12-31,META,340.64049867127704,341.05759851401064,333.9373226475047,334.01678466796875,12870500
2022-01-03,META,335.9532641001233,338.71397854824414,334.85097850917924,336.1916198730469,14537900
2022-01-04,META,337.59181528292993,340.71001767926003,329.5678484085995,334.1955261230469,15998000
2022-01-05,META,330.7099425137901,333.43095667287656,321.5936283277369,321.9213562011719,20564500
2022-01-06,META,320.58066472960667,336.8172538693063,320.4813523499069,330.1537780761719,27962800
2022-01-07,META,330.4318256549176,334.6622844079269,326.59861641000646,329.4884338378906,14722000
2022-01-10,META,323.05335610436777,326.0623360988043,313.2418877828471,325.7942199707031,24942400
2022-01-11,META,324.5131910632039,332.30874323908233,323.02359626421634,332.050537109375,16226800
2022-01-12,META,332.85487581183287,334.03662330125775,327.74060701207145,330.9482116699219,14104900
2022-01-13,META,332.65630784591855,333.30179283796394,323.50026430952033,324.21527099609375,14797100
2022-01-14,META,319.5578022642355,330.4219156428618,318.9818086610025,329.59765625,16868500
2022-01-18,META,321.04738263480675,321.9609837284619,315.4365821014618,315.9430236816406,22645600
2022-01-19,META,317.3631065456677,324.83096079185947,317.1148407594168,317.373046875,20814700
2022-01-20,META,321.65315473896703,325.54597570040505,313.78811140295323,314.36407470703125,16925000
2022-01-21,META,312.6261943760006,316.10191525145456,300.9378525135199,301.06695556640625,28710700
2022-01-24,META,295.77392053287866,307.38283100711567,287.00518638419567,306.5685119628906,38878100
2022-01-25,META,297.8693071627254,304.1057425994434,295.51572201501665,298.0679016113281,25108500
2022-01-26,META,304.8803074843086,305.37683902690725,288.83240439081436,292.586181640625,28348800
2022-01-27,META,295.68454210791685,299.6170635525719,292.218761538942,292.59613037109375,21629900
2022-01-28,META,293.5692847644114,299.80571931014885,290.99725518246254,299.6170349121094,21871600
2022-01-31,META,298.5942235776512,311.61329736004865,297.2436722273169,311.08697509765625,21579500
2022-02-01,META,312.3779070582883,317.4425346173089,309.9548308191628,316.787109375,18023800
2022-02-02,META,325.54594012680275,325.7246842044795,314.67188747994163,320.7593688964844,58458300
2022-02-03,META,242.95286029818027,246.27962745604032,234.11460553532865,236.11065673828125,188119900
2022-02-04,META,233.3400539489898,240.92705595132773,228.5137663432525,235.44534301757812,89342200
2022-02-07,META,236.05110936639238,236.64695332171354,222.4560723238542,223.34983825683594,88613800
2022-02-08,META,219.31798399643122,224.2038524585469,214.6505754679408,218.65261840820312,94729700
2022-02-09,META,222.6447597583816,231.75114721199498,220.6685737472987,230.39065551757812,86563300
2022-02-10,META,226.68653990638668,233.36985097006743,225.12742341585542,226.48793029785156,49310400
2022-02-11,META,226.87521985005384,228.82161518931338,217.2524352504062,218.0270233154297,46156900
2022-02-14,META,217.78868216906557,219.46696135685332,213.2901072050722,216.18984985351562,38184000
2022-02-15,META,218.9406424438585,219.6159181388209,213.56816695582089,219.4669647216797,42685500
2022-02-16,META,210.93654707270989,215.95151900472374,210.8868908846818,215.0378875732422,45817500
2022-02-17,META,212.5353757176675,215.99123117362203,205.72296202717726,206.26914978027344,38747500
2022-02-18,META,207.93749393051652,209.28806043075434,203.75669137039452,204.7299041748047,37128400
2022-02-22,META,200.9363830884198,206.04072679270618,198.67220044312174,200.67819213867188,39852400
2022-02-23,META,202.74377678275914,205.50449113354318,196.67616031691193,197.07337951660156,44481400
2022-02-24,META,189.73462538971404,206.9046941439003,188.90045605790752,206.15989685058594,49957200
2022-02-25,META,203.5183647840356,209.8541125423845,201.77056393873042,209.01992797851562,37627600
2022-02-28,META,206.23934870344502,211.67140537212006,205.39525411367887,209.5661163330078,34239800
2022-03-01,META,208.41417864164742,210.28114239353997,200.81725086900826,202.0784454345703,27094900
2022-03-02,META,203.3594495534795,207.69913021995131,200.61860099880352,206.66635131835938,29452100
2022-03-03,META,207.57006201226622,207.62964337626647,200.02277607812186,201.56202697753906,27263500
2022-03-04,META,200.96616870266408,204.46175495320406,197.41100109237203,198.6721954345703,32130900
2022-03-07,META,199.39713300609475,199.49644537718342,185.98085599196915,186.16954040527344,38560600
2022-03-08,META,186.54692452981288,195.3355245860247,184.81898914057544,188.96998596191406,37508100
2022-03-09,META,194.38219787476945,197.71889086123977,192.5748155619996,197.123046875,31894700
2022-03-10,META,193.48842180655208,194.9184351766103,189.74458461606886,193.85586547851562,24853000
2022-03-11,META,191.30368493188337,192.21730121306823,185.37509670416912,186.30857849121094,34694500
2022-03-14,META,185.73259210732104,190.95609860681984,184.5309942307977,185.3353729248047,31010500
2022-03-15,META,189.4764431200351,190.94617226993915,184.62036515153324,190.69790649414062,31721700
2022-03-16,META,193.34940583091395,202.31676549191621,193.17066172479323,202.21746826171875,40640300
2022-03-17,META,200.3008320695021,206.5968487329181,199.71492845430384,206.3982391357422,29499700
2022-03-18,META,205.26615383037955,215.2960978900843,204.57101264324805,214.98825073242188,52128000
2022-03-21,META,213.01203315188104,213.22058306841436,206.189694561412,210.02291870117188,30142300
2022-03-22,META,209.90376791475666,217.93766087896697,208.72202025875447,215.1471405029297,31998800
2022-03-23,META,211.85014499977373,215.29607503983217,210.6882630346818,211.979248046875,23717300
2022-03-24,META,213.50856930007075,219.1392353325616,213.30001937904194,218.046875,31502300
2022-03-25,META,218.98033986256667,223.93573021234633,217.37158248115725,220.28126525878906,40039000
2022-03-28,META,220.58910733267237,222.4858463037378,218.01706243313592,222.03897094726562,26224100
2022-03-29,META,224.50180014859438,229.28835679181603,223.7271969282728,228.2655029296875,31417900
2022-03-30,META,227.32208418810893,229.546535896173,225.13734833785708,226.26943969726562,25588000
2022-03-31,META,226.86527101996631,226.9050020311638,220.7182077665488,220.81752014160156,24192300
2022-04-01,META,222.99234595192877,225.70340426165572,221.15517295953632,223.29026794433594,19544800
2022-04-04,META,224.41241418163085,232.72436333956819,224.29325144843688,232.26754760742188,28054800
2022-04-05,META,232.45621733585187,235.2169316018234,229.4174466080516,230.23175048828125,29727200
2022-04-06,META,225.3359501951381,227.40152324808412,219.8741031805888,221.75099182128906,28995100
2022-04-07,META,222.3766247719894,223.95560670287298,217.04388048466566,221.40342712402344,21037200
2022-04-08,META,220.83739117412068,223.56831487406782,218.50368667844387,220.78773498535156,18375700
2022-04-11,META,216.90489174408887,219.0797028715255,213.72709210367768,214.95849609375,20516600
2022-04-12,META,218.7122165607691,220.48979279339932,211.65153750858536,212.65452575683594,20128800
2022-04-13,META,210.3506487834351,215.1074147194503,209.86404237313155,213.4986572265625,19231800
2022-04-14,META,213.399334103251,213.49864647682404,208.54325603316772,208.7220001220703,18379500
2022-04-18,META,208.54325950228275,211.89981776607013,206.85505519404293,209.30792236328125,16580800
2022-04-19,META,209.0596591305934,216.91477715151493,207.5501988958004,215.80255126953125,20089900
2022-04-20,META,212.12821385078016,212.67440159783553,197.54011418103042,199.0297088623047,43036500
2022-04-21,META,200.20153948544436,201.56203116820575,184.29266339015666,186.76539611816406,49954100
2022-04-22,META,189.04940924538664,191.38311348968836,181.99867063494042,182.8328399658203,36426800
2022-04-25,META,181.46242757918057,185.88155562508723,180.39985787402478,185.69288635253906,29281100
2022-04-26,META,185.33538515455388,185.8914981079493,178.25483986956792,179.6947784423828,31747400
2022-04-27,META,173.21997688343922,179.95295816108907,167.8276519091192,173.7363739013672,71062900
2022-04-28,META,201.51236675769346,207.08345147435523,191.5618700393527,204.30287170410156,100890600
2022-04-29,META,203.04171931279444,211.0060756892692,198.51333815204498,199.0793914794922,49193400
2022-05-02,META,199.77451976842804,210.41023318222747,199.59577566794923,209.66543579101562,49915300
2022-05-03,META,208.9901168800485,213.40924444391214,206.6464874642892,210.5591583251953,41556300
2022-05-04,META,209.18873471344116,222.74405503982925,205.52434462463904,221.8602294921875,41375900
2022-05-05,META,217.22262091760084,218.64269383122198,204.72988570563564,206.83517456054688,41129200
2022-05-06,META,205.90168775625787,207.92754485018818,199.6255372022785,202.35646057128906,34747200
2022-05-09,META,198.4537315749027,201.16480482052688,194.22328811081877,194.8489227294922,36303200
2022-05-10,META,198.12604417981822,201.55212452552124,192.8429555526192,196.27894592285156,34452500
2022-05-11,META,194.9681017385989,199.27799243110317,186.96401469453613,187.43075561523438,31153400
2022-05-12,META,185.7623795104132,196.67614834334174,183.49819687355438,189.91339111328125,38262200
2022-05-13,META,191.2441226502652,198.5034125888709,189.95313739368495,197.24221801757812,24549800
2022-05-16,META,195.68307963018455,203.9453564363125,194.57083869542402,198.65232849121094,27112600
2022-05-17,META,200.717915455325,204.0347578335047,196.98400353286522,201.21444702148438,24872700
2022-05-18,META,198.61262813981287,199.60569128051193,190.3006945011028,190.90646362304688,23960000
2022-05-19,META,189.87368641774594,193.93531138900886,188.2847943425797,189.9630584716797,24446900
2022-05-20,META,193.6175216415817,196.5371296980073,186.56676728554785,192.1974334716797,31465600
2022-05-23,META,193.83601060059402,195.62352741117638,189.91341394730676,194.86878967285156,25059200
2022-05-24,META,179.29755957893033,182.40583701791712,174.88835665003077,180.02249145507812,50406300
2022-05-25,META,179.14860989453732,184.16358249594833,178.07611488526823,182.55482482910156,28030200
2022-05-26,META,181.61138743549637,191.49236240543442,180.99567799980568,190.30068969726562,23056500
2022-05-27,META,190.0325607294829,193.97502255882603,188.48338467468687,193.7764129638672,22562700
2022-05-31,META,193.53808190056003,196.22928977670594,190.67805510272842,192.2967529296875,26131100
2022-06-01,META,195.14683847181115,198.14589349403096,183.716686817317,187.33143615722656,36623500
2022-06-02,META,187.14275367920058,199.5461182815414,186.4277469756888,197.4805450439453,31951600
2022-06-03,META,194.6205298291933,195.24616452028906,188.46354076239172,189.45660400390625,19465000
2022-06-06,META,192.6443511165518,195.5540192531508,187.09311586585582,192.9025421142578,30574200
2022-06-07,META,190.5986047413895,195.16670133175938,190.1616696801112,194.2928009033203,18828700
2022-06-08,META,193.3196042963057,200.62854978866102,193.06141332875293,195.27593994140625,22267200
2022-06-09,META,192.9323054091504,198.0664400188012,182.40583007585803,182.72361755371094,23501600
2022-06-10,META,181.77026400868175,181.829860523431,173.8059088194691,174.3520965576172,27450800
2022-06-13,META,169.4066358708141,171.38283695644884,162.89214415630036,163.12054443359375,31749300
2022-06-14,META,164.87827126596156,165.59327793615202,160.24066823896615,162.59422302246094,27244300
2022-06-15,META,166.04013730521538,170.96573665232683,162.8424731032596,168.17523193359375,30008300
2022-06-16,META,162.584294783492,163.93486122919495,158.50280476509815,159.75405883789062,26944100
2022-06-17,META,160.5584488585028,164.7491767213856,158.7907975972423,162.6041717529297,31374200
2022-06-21,META,164.7789779097741,166.59628547684798,154.888076418778,155.96058654785156,50724900
2022-06-22,META,157.28133881462222,159.67460937224337,154.36173087266783,154.76889038085938,47267800
2022-06-23,META,155.1859658329667,158.64182097667785,153.1799742450864,157.6487579345703,40499200
2022-06-24,META,160.60809926890386,169.0690015635416,160.18108938711842,168.97962951660156,68736000
2022-06-27,META,170.1315618845961,170.55857170482776,166.8445105980896,168.3142547607422,29174600
2022-06-28,META,168.72141147545437,170.11170888123422,159.4958621161718,159.56536865234375,27744500
2022-06-29,META,162.43533639936211,165.17618506417662,159.20788136690297,162.80276489257812,28595200
2022-06-30,META,161.0251593299037,164.08379518713716,157.39056026746715,160.13140869140625,35250600
2022-07-01,META,159.19796310685604,159.50581028200295,153.9247998088432,158.91990661621094,31423900
2022-07-05,META,157.0430120915462,167.08288153776365,155.930786168884,167.02330017089844,28618600
2022-07-06,META,167.033214553339,170.39969794014357,164.31223128939016,168.5923309326172,23085900
2022-07-07,META,168.27454597600874,171.52186668535077,166.61613235121607,170.99554443359375,24083400
2022-07-08,META,168.80085998074657,171.20407084283283,166.98355270569803,169.6946258544922,19249200
2022-07-11,META,165.9110745220636,166.3281592437503,160.7868648220126,161.75013732910156,21885600
2022-07-12,META,163.65680602324343,164.75910669806157,160.9755386164519,162.13742065429688,16639700
2022-07-13,META,159.0489939667087,163.83555035660143,158.50280621658072,162.35589599609375,16555100
2022-07-14,META,160.10163679992067,161.462128420122,156.18896569777073,156.95362854003906,23765200
2022-07-15,META,159.42634884359796,163.8355515824348,158.71135732791987,163.5574951171875,23342800
2022-07-18,META,165.59328022000832,170.4990146042201,164.49097951767354,166.0699462890625,23574300
2022-07-19,META,169.1881631762132,175.26571992802639,168.3341282653375,174.56063842773438,25933700
2022-07-20,META,176.2587864045491,182.32640294171296,175.47425801947045,181.81993103027344,24784300
2022-07-21,META,179.37699465061837,182.57465908137436,177.6291938767748,181.8993682861328,27195800
2022-07-22,META,171.86945307838997,174.38190172971616,167.2417749894323,168.09580993652344,42583900
2022-07-25,META,167.8276927849411,169.3868093936931,163.66675525532875,165.49398803710938,26166300
2022-07-26,META,164.78889708215877,164.84847844507803,156.85431727302677,158.04598999023438,28468400
2022-07-27,META,161.462138917526,169.68470084170153,160.89610078404186,168.40365600585938,43846600
2022-07-28,META,159.94274035613432,160.38961572025178,153.77582699484466,159.6051025390625,73214300
2022-07-29,META,156.5961153483285,159.0291167990866,154.09359221040665,157.996337890625,42065400
2022-08-01,META,156.15920011139974,164.0441249453111,154.1532080515644,158.8206024169922,40596700
2022-08-02,META,157.2118176426038,161.11456352266092,156.91389568067768,159.0787811279297,27374500
2022-08-03,META,161.56145723337113,168.36393117953668,160.4492312790305,167.6290740966797,31721900
2022-08-04,META,167.1325373671115,170.95582154448263,165.64294258692857,169.3867950439453,23938200
2022-08-05,META,165.83162767132987,170.41957476345786,164.6498800499171,165.95079040527344,25832700
2022-08-08,META,166.8346081704295,176.2786332135897,165.97064808420234,169.06900024414062,27299100
2022-08-09,META,167.77801610097995,168.35399454612372,165.44432679109218,167.36093139648438,18655100
2022-08-10,META,174.7692005526362,179.22804468728987,172.74334310966682,177.10289001464844,30262100
2022-08-11,META,178.46339053169922,181.82987410175613,175.14654799822966,176.2587890625,24079100
2022-08-12,META,179.5557414317746,180.20124155559793,177.6689275530866,179.24789428710938,21274000
2022-08-15,META,177.71858826208515,180.18138063501422,176.96385056905282,179.63519287109375,15878700
2022-08-16,META,178.19523068394807,179.73448139510987,175.81187034484427,178.2250213623047,21156700
2022-08-17,META,175.5338393460009,176.90427136073453,172.96180938893704,173.63710021972656,20118100
2022-08-18,META,173.1306377897958,174.54078574100586,170.66784525197417,173.44842529296875,18844500
2022-08-19,META,169.01934308908173,171.12464724604104,165.89120026496457,166.79489135742188,26240800
2022-08-22,META,164.34202175823924,164.34202175823924,161.13441695931127,161.9189453125,19499700
2022-08-23,META,161.35292353625056,163.90510353487414,159.58527204386547,159.992431640625,18111800
2022-08-24,META,159.48593566456427,164.31222280787034,158.66169149521016,162.12747192382812,20891500
2022-08-25,META,164.03417354079855,167.70851953536783,162.88223173493446,167.6092071533203,15550500
2022-08-26,META,167.31128091921585,169.73435751151283,160.54852306381065,160.6577606201172,24023600
2022-08-29,META,159.5455264556274,161.91894673546284,157.90696319573627,158.06585693359375,20052700
2022-08-30,META,159.23768284651592,160.53859315412387,154.82848001713788,156.06980895996094,19567900
2022-08-31,META,165.91105457256884,166.6757022272474,161.01524575220782,161.7997589111328,40953000
2022-09-01,META,162.4452548742399,166.19903197568158,159.2376654786566,164.21290588378906,30145700
2022-09-02,META,166.28839950504363,166.76506551135236,158.11549510129598,159.20787048339844,22634200
2022-09-06,META,158.9894072176834,160.56837389852208,156.59612152734138,157.44021606445312,19339800
2022-09-07,META,156.66562873223995,159.8434427650851,155.72222182065045,159.2773895263672,16831200
2022-09-08,META,157.6090688684695,161.10464046070226,156.6457963416658,160.93582153320312,22530800
2022-09-09,META,162.11754236242328,168.3639022584355,161.88914210452134,167.9766082763672,22086800
2022-09-12,META,166.2288473797376,170.20110015435628,166.11960982231793,167.7879638671875,23220400
2022-09-13,META,160.41941381760716,160.50880101691556,151.61094856811403,152.06776428222656,44444100
2022-09-14,META,152.2663636796208,152.47489844050713,148.01605491490287,150.4192657470703,43064200
2022-09-15,META,148.76086955837675,153.1303415527559,147.66849398331107,148.51260375976562,34606300
2022-09-16,META,147.02300843327845,147.54933071218412,143.28908113786707,145.27520751953125,40122800
2022-09-19,META,144.23251050137634,147.5493380878504,144.0934822538278,146.99322509765625,22169500
2022-09-20,META,144.76873672743025,147.80750737262215,144.2126238188906,145.0765838623047,23217400
2022-09-21,META,145.37452420798962,148.56226381232418,141.01497727715852,141.13414001464844,38338600
2022-09-22,META,140.56809023965945,143.577070336103,139.89279942616923,141.82928466796875,34418500
2022-09-23,META,140.4389776261321,141.63065028026608,137.92652926974512,139.4359893798828,31710700
2022-09-26,META,139.14799788660858,141.25330198021248,135.24526714438548,135.42401123046875,30497000
2022-09-27,META,136.96326843093527,138.45286316247478,133.18962541378022,133.46768188476562,30826500
2022-09-28,META,133.6861390564927,141.04473967982162,133.3385760908583,140.62765502929688,32658500
2022-09-29,META,138.3933094958583,138.86997566252782,134.2621623102042,135.46377563476562,38985400
2022-09-30,META,135.10625901635723,140.0119939257211,134.5600711949405,134.7388153076172,33166400
2022-10-03,META,136.18866414251312,138.651456228818,135.1558852524302,137.64846801757812,27723100
2022-10-04,META,139.51543467540031,141.40224842715523,138.3734030652836,139.306884765625,34670700
2022-10-05,META,137.28107304772033,139.23740891821345,133.84506743749563,138.01593017578125,27979300
2022-10-06,META,136.76467468711368,140.46879643950675,135.6524486742208,138.10531616210938,36231100
2022-10-07,META,135.8113133948686,137.3306988296089,131.5212883888198,132.52427673339844,33214800
2022-10-10,META,132.62358250842252,135.1658216673534,130.9552285897862,132.86190795898438,24024000
2022-10-11,META,130.7069748223476,131.7397690461667,126.10909488859417,127.6483383178711,38481400
2022-10-12,META,127.42986620800094,128.77049232167374,125.37421828625249,126.61554718017578,34605200
2022-10-13,META,122.67308358829318,130.2302943889548,121.68002048782748,129.3861846923828,34325700
2022-10-14,META,130.09126942927062,130.87578263105397,125.64234329376768,125.88068389892578,23559400
2022-10-17,META,129.39613707206735,133.85498111053334,129.27695918491287,133.1101837158203,29612200
2022-10-18,META,136.13900250714025,136.88379975426173,130.4884716345084,131.87876892089844,25445000
2022-10-19,META,131.9681635517954,136.0496537710444,131.30281304878633,132.30580139160156,30691000
2022-10-20,META,132.0078664636755,135.82124016414522,130.39910914114193,130.61758422851562,26356300
2022-10-21,META,125.4337786404763,129.2173460509951,124.56981872394658,129.1081085205078,46348600
2022-10-24,META,126.36727762009004,132.55405639945275,123.70586824809732,128.8201446533203,63563400
2022-10-25,META,129.97212279358234,137.39030647102607,129.68412596591165,136.55612182617188,38433200
2022-10-26,META,130.76653152754133,134.60969572856067,127.63838906788622,128.91944885253906,82791500
2022-10-27,META,97.30032829256321,101.78897028259763,95.71142123185368,97.26060485839844,232316600
2022-10-28,META,98.88922490447071,100.15041170257088,96.83358459909144,98.51185607910156,95928300
2022-10-31,META,97.53866036503508,98.63102827621302,91.95764293134883,92.51376342773438,121361400
2022-11-01,META,93.6756441380607,96.81371959753587,92.90105613149628,94.53960418701172,110189600
2022-11-02,META,93.55648159280648,94.53961202289622,89.85236016179088,89.91194152832031,71821100
2022-11-03,META,89.45512541093512,89.8324866594847,87.79671186073098,88.29324340820312,60664000
2022-11-04,META,89.72325182690423,90.75603838606281,87.47892704303133,90.16020202636719,55638100
2022-11-07,META,94.12252726626211,96.20795843512963,92.45418081587393,96.049072265625,81987300
2022-11-08,META,95.2546239561724,97.12158769227108,94.13246522493209,95.80081176757812,52088300
2022-11-09,META,101.01439435093836,104.17233576863617,100.04118903856578,100.76612854003906,107677300
2022-11-10,META,106.37692154748625,111.96786404919858,103.88433105566673,111.0939712524414,80671000
2022-11-11,META,108.47229718253378,114.10296373480408,108.05520487844373,112.23600006103516,59961700
2022-11-14,META,110.22007605616892,115.46344823592956,110.03139921110841,113.42767333984375,53395000
2022-11-15,META,115.2648340397726,117.91631070591497,113.61635322887716,116.26782989501953,50670500
2022-11-16,META,113.7057364919192,115.27477816754063,111.87850383914812,112.44454956054688,33287800
2022-11-17,META,109.64410092220196,111.55078026305709,109.03833182279432,110.6768798828125,35093800
2022-11-18,META,113.01058846285041,113.52697796246153,109.85264737178989,111.2727279663086,33357700
2022-11-21,META,110.74640424380128,111.59051402126954,108.43257275608475,109.0979232788086,24351100
2022-11-22,META,109.09792757013905,110.84572098462105,107.5686092795262,110.6669692993164,29029000
2022-11-23,META,110.94501340234123,111.88842033935603,109.96188303119828,111.4614028930664,21343100
2022-11-25,META,110.52792371008826,111.94800421594746,110.24985968376664,110.63716125488281,12007600
2022-11-28,META,110.0115321403808,111.26279380344529,107.62817911717663,108.02540588378906,23309400
2022-11-29,META,108.7801228233612,110.17041255008341,107.7870598151981,108.70067596435547,23899200
2022-11-30,META,108.75034544287803,117.34034302913078,108.62124238709019,117.28075408935547,43348600
2022-12-01,META,118.37311900070078,120.35924520927946,117.57867306315146,119.60452270507812,36551400
2022-12-02,META,117.01262853139106,123.17954955964963,116.7941534340937,122.63336181640625,39950500
2022-12-05,META,120.905428177411,123.80517050918586,120.50820143607213,121.5807113647461,35474900
2022-12-06,META,119.07821369134132,119.71377354252466,112.95100789955556,113.32837677001953,43689200
2022-12-07,META,112.97086766493533,115.07615672380238,112.09696723162085,113.13968658447266,29461100
2022-12-08,META,115.58260501564732,116.52601185996862,113.79508853786317,114.52996063232422,30619400
2022-12-09,META,114.50018716954466,116.7246465613268,113.08010652547362,115.09602355957031,26033400
2022-12-12,META,114.38101702846627,114.91727205321595,112.35516723823551,113.91427612304688,24747100
2022-12-13,META,121.28279669381777,122.44468630785089,117.81700850997686,119.31653594970703,44701100
2022-12-14,META,118.56181549227547,123.27886571815174,118.56181549227547,120.74655151367188,36922000
2022-12-15,META,117.50916975653068,117.80708416933531,113.21913705449421,115.34429168701172,34531000
2022-12-16,META,119.39600089183239,122.45463002084045,117.99577803731817,118.60154724121094,67064000
2022-12-19,META,116.01957187119426,116.98284435751376,113.53691394829686,113.68587493896484,29769900
2022-12-20,META,112.4743297898754,116.51609633840275,111.67987627248904,116.27775573730469,28742500
2022-12-21,META,115.8904666033582,119.50521586414342,114.81796415920795,118.92924499511719,20392800
2022-12-22,META,116.38698780977433,117.79714311561598,113.58655027861963,116.30754852294922,23618100
2022-12-23,META,115.22511707731186,117.3602043835439,114.7385182510215,117.22117614746094,17796600
2022-12-27,META,117.11193316595197,117.77728363300687,115.24497724188932,116.0692138671875,21392300
2022-12-28,META,115.44358969536862,117.33041117127519,114.70872509527865,114.81796264648438,19612500
2022-12-29,META,115.59254934920521,120.19042889376358,114.96691473106002,119.42577362060547,22366200
2022-12-30,META,117.34034057268906,119.58465774352183,116.92324830887503,119.50521087646484,19583800
2023-01-03,META,121.96802291246617,125.4934003317137,121.43176787093023,123.87470245361328,35528500
2023-01-04,META,126.49637537128699,128.1547965119214,124.97699003546767,126.4864501953125,32397100
2023-01-05,META,125.25503913557212,127.62846678342221,123.67607253076226,126.0594253540039,25447100
2023-01-06,META,128.07536832739842,129.4259349510134,125.1656927072315,129.1180877685547,27584500
2023-01-09,META,130.25016326294266,132.0277395914627,128.38319973683383,128.57188415527344,26649100
2023-01-10,META,126.387129730584,132.5143344437281,126.2679670147591,132.0674591064453,28684400
2023-01-11,META,130.05158046976052,132.92153288967458,129.43587090065844,131.9681854248047,25423000
2023-01-12,META,132.51435215688096,136.72493031020812,130.84599814762683,135.7616729736328,30757700
2023-01-13,META,134.03371865795077,136.43692937733704,133.9046156148341,136.02976989746094,22423800
2023-01-17,META,135.23532436232162,135.8013775971984,133.31871987147267,134.4210205078125,21147600
2023-01-18,META,134.86789893919627,136.29791224625038,131.87878442440996,132.09725952148438,20215500
2023-01-19,META,131.57095128372185,136.49653636219355,131.22337309604464,135.20555114746094,28625200
2023-01-20,META,134.9473429258723,138.9692514778715,133.67622338072326,138.4031982421875,28688600
2023-01-23,META,138.32373670963977,142.76272947112383,137.69811733220027,142.27613830566406,27470100
2023-01-24,META,140.70711051189517,143.99414688881774,140.37939787648503,142.1470489501953,21970200
2023-01-25,META,140.2403761535725,142.17684622265583,139.33668507035335,140.5184326171875,26622000
2023-01-26,META,143.3983061489729,146.48673300837004,142.3059458263939,146.2781982421875,25482100
2023-01-27,META,147.21167250133433,152.127331585419,146.36756284470962,150.68739318847656,35771900
2023-01-30,META,148.3735602855576,150.07168968806806,145.93061841073978,146.03985595703125,28040100
2023-01-31,META,146.92368635959087,148.84030607097574,146.4966764891175,147.93661499023438,29842100
2023-02-01,META,147.00312805837234,152.51463124063147,146.03985564845766,152.0578155517578,55661000
2023-02-02,META,182.10790119005645,195.7923083733965,178.91023705810056,187.46051025390625,150475700
2023-02-03,META,182.19731291020412,195.40505696430046,181.6213344156379,185.236083984375,76809700
2023-02-06,META,185.23608909001095,189.37716107512304,184.2331006502263,184.76934814453125,42483800
2023-02-07,META,184.2926762361429,192.4357917001437,183.12085374397685,190.290771484375,47080700
2023-02-08,META,188.68199427880654,189.50623849321948,181.65110551574864,182.15756225585938,36139100
2023-02-09,META,184.83884601456782,185.35522793422592,176.0403060395819,176.685791015625,37118800
2023-02-10,META,175.12667589321265,177.64904938681158,172.14748672680432,172.94192504882812,33433600
2023-02-13,META,176.98372003856966,179.74443444936884,174.60037448273806,178.18531799316406,31463200
2023-02-14,META,175.93108652361,180.25090250837437,174.659966793786,178.2349853515625,24034600
2023-02-15,META,175.1961886488145,176.9539145622357,174.11375351662087,175.93106079101562,25308900
2023-02-16,META,171.55163678472437,174.63013820933068,170.5982896177881,171.24378967285156,25827500
2023-02-17,META,169.03921912517762,171.97867771168566,168.5228220183266,171.68077087402344,24171300
2023-02-21,META,173.10081786312165,176.93404184317134,170.68768192444588,170.88629150390625,34592600
2023-02-22,META,169.88334235685807,171.56160656935168,168.51291018334064,169.9329833984375,22433200
2023-02-23,META,170.8068722736244,172.4851515245046,168.20505151002578,170.84658813476562,20017800
2023-02-24,META,167.47016262504536,169.53573571664788,166.49696501797226,169.20802307128906,19791300
2023-02-27,META,170.6876859692171,171.91907448281532,167.88724082776324,168.36390686035156,19277000
2023-02-28,META,170.70753547353686,176.3183509042835,170.67774479370667,173.72645568847656,46051100
2023-03-01,META,173.37889257088403,176.61628815362087,171.84958197968862,172.21701049804688,30998400
2023-03-02,META,171.18424084023994,173.79598677627365,170.2408186692047,173.31932067871094,17352000
2023-03-03,META,177.67884419711405,185.32542687141702,175.82182108915276,183.96493530273438,45877700
2023-03-06,META,186.6958879501446,188.3443765549212,183.35919487853496,183.6173858642578,33209400
2023-03-07,META,187.6889465447827,189.03951311545543,182.7335556756576,183.23008728027344,36701500
2023-03-08,META,181.60146608528046,183.97488657356203,180.08208057181255,183.68690490722656,19432400
2023-03-09,META,185.05730387571478,187.6193931886274,179.04926944304498,180.42962646484375,26582800
2023-03-10,META,179.7543499292982,183.48827695906897,177.55968891934018,178.26475524902344,25665000
2023-03-13,META,176.7255332709814,182.50515320013594,173.6073154373622,179.64512634277344,24728000
2023-03-14,META,186.27878888385163,192.97204001980109,185.26586022047786,192.6741180419922,41642600
2023-03-15,META,191.61154367511813,196.40804080618722,189.51617969222386,196.3782501220703,42123600
2023-03-16,META,196.88467873646928,204.33265175894712,194.7297336936518,203.50840759277344,50447100
2023-03-17,META,199.16874180941005,200.49944278615354,194.07432302987556,194.25308227539062,50141100
2023-03-20,META,197.10318624110985,197.97708673508296,192.2967638301425,196.43783569335938,25186300
2023-03-21,META,201.79043897159778,202.1380171523649,196.57685717774208,200.75765991210938,31827000
2023-03-22,META,201.095277091243,205.9314895234594,198.28490670909648,198.42393493652344,28477800
2023-03-23,META,201.432932150443,206.43797907213462,200.7477161305615,202.86294555664062,27389700
2023-03-24,META,203.7566731929015,206.14003364990157,202.13799069467774,204.58091735839844,27716400
2023-03-27,META,203.38924254153588,204.43196178331618,199.96317802106324,201.4329071044922,18527200
2023-03-28,META,198.76158058225792,199.63548099076047,196.52718852656108,199.28790283203125,19127300
2023-03-29,META,202.14791521864234,204.29293507714553,201.1349866488592,203.92550659179688,18851100
2023-03-30,META,201.9691860222498,206.6465049204473,201.4130730889809,206.3982391357422,22608300
2023-03-31,META,205.80240916140227,210.69820313423787,205.33566827660388,210.4698028564453,25440300
2023-04-03,META,207.3913118002008,212.00906469957744,206.7557519682816,211.59197998046875,17924600
2023-04-04,META,211.90973875725146,214.73997471291952,211.06562904333202,213.2305145263672,21026400
2023-04-05,META,212.66446195233036,213.69725608698042,208.48367468576205,210.0129852294922,19396600
2023-04-06,META,207.79844875454816,215.4351062371905,207.20260484748098,214.60093688964844,26104400
2023-04-10,META,213.22061433799988,214.16402138280222,209.19870519653458,213.2603302001953,16106100
2023-04-11,META,213.98524452930243,214.52150711898213,211.92961167670683,212.36656188964844,16710100
2023-04-12,META,213.34967229513575,215.3357984907403,211.1053551491611,212.5155029296875,18972200
2023-04-13,META,214.2335100899121,219.61591056926196,214.19379423102393,218.82147216796875,23310400
2023-04-14,META,216.3686088464835,220.5692618228154,216.04089618124604,219.9535675048828,21591200
2023-04-17,META,218.26535363457387,219.4471012647374,215.62381704396694,217.34181213378906,15481900
2023-04-18,META,218.38451654561058,218.91083879225266,214.71018599535682,216.37852478027344,12281000
2023-04-19,META,211.98917839281134,215.82240251472518,211.45291584018815,214.20370483398438,15898100
2023-04-20,META,211.99912436985045,215.24644522576878,211.29405799455063,211.59197998046875,16475400
2023-04-21,META,208.75180610707153,211.92960507547147,208.12617148957972,211.4132080078125,17717200
2023-04-24,META,212.19771409502508,212.43605469201742,209.24833065429874,211.3138885498047,15750900
2023-04-25,META,209.3575962553831,209.79453134567675,205.69319053263195,206.1102752685547,19198200
2023-04-26,META,211.0259200488981,212.6247523316215,207.43103628335922,207.94741821289062,41992700
2023-04-27,META,238.22591187983951,240.0134285311485,235.12755978619774,236.90513610839844,71196500
2023-04-28,META,237.35201341308866,238.762161240327,234.11463306207162,238.65293884277344,39554000
2023-05-01,META,236.96473723497323,242.30742212922294,234.81973222744224,241.49310302734375,29143900
2023-05-02,META,241.49310059756277,243.22103601271516,237.33217853707353,237.5804443359375,24350100
2023-05-03,META,237.80883395896282,240.07301673078624,231.13544837265977,235.38575744628906,34463900
2023-05-04,META,234.42247432943262,236.54762876971571,231.3141819593542,231.9001007080078,17889400
2023-05-05,META,230.62900521973373,233.0520667223415,228.25558475524525,231.16525268554688,27000500
2023-05-08,META,229.81466736120282,233.98552946998953,228.67265082469316,231.65184020996094,16400500
2023-05-09,META,229.85439015911044,234.24372721155098,229.47702133485248,231.75112915039062,16865600
2023-05-10,META,234.53171137808388,235.10768979657198,229.11952049360835,231.46315002441406,19119000
2023-05-11,META,231.43335944398112,236.55756869790676,230.68856211589681,234.1543426513672,20449000
2023-05-12,META,235.09776258207017,235.31623767522092,229.84445032350018,232.18807983398438,16161400
2023-05-15,META,235.27654930437137,238.59337700630212,233.69758233376243,237.20309448242188,20653200
2023-05-16,META,234.15436516028703,237.97766453982413,233.88624900652016,237.16336059570312,18163800
2023-05-17,META,236.79590818162305,242.14851802395924,236.48806102557035,240.80789184570312,21193100
2023-05-18,META,239.6261459129336,245.37597499901185,239.51690835813355,245.1376495361328,22943300
2023-05-19,META,245.7533271934296,246.96486539074206,241.72149342165952,243.93601989746094,21733600
2023-05-22,META,243.70764037467293,251.81103961784083,243.41964356477632,246.5974578857422,27738500
2023-05-23,META,245.09791840756068,249.8646246511215,244.93902466375565,245.02841186523438,17748100
2023-05-24,META,243.5785013202119,247.85860059956923,243.25078869854985,247.4812469482422,17724300
2023-05-25,META,251.64221545279156,253.84681702714616,247.44156224887473,250.93714904785156,22371400
2023-05-26,META,251.1754390496481,260.4903756445673,250.9569791114495,260.2222595214844,25727200
2023-05-30,META,263.4099867418485,266.7863952138384,259.4774653594547,260.69891357421875,23816500
2023-05-31,META,258.1964378866646,263.16175399986975,256.65720201392486,262.8836975097656,25473700
2023-06-01,META,264.055458030824,272.0992747694921,264.0455480083558,270.7189025878906,25609500
2023-06-02,META,270.7685739237483,273.43991594358334,269.23924834633203,270.7189025878906,19416900
2023-06-05,META,268.42495029713945,273.65841235642824,267.69009328325524,269.5074157714844,20742900
2023-06-06,META,268.26607538837465,274.6514637291308,267.81918487933905,269.2392578125,19419000
2023-06-07,META,269.7855122477774,272.34760215313315,260.977015574431,261.771484375,26163600
2023-06-08,META,258.8121074074924,265.79333998070234,257.0841872637423,262.74462890625,20899400
2023-06-09,META,260.6592238964262,266.09128048444296,259.88463585946414,263.1120910644531,16949800
2023-06-12,META,265.31667943229814,269.8648950557806,263.48941667516516,269.16973876953125,15442500
2023-06-13,META,272.9732299782747,273.80739946841885,267.2233852968365,269.43792724609375,16164000
2023-06-14,META,270.0039631439923,273.0824347639781,266.45872031027324,271.4538269042969,19175100
2023-06-15,META,270.41104955005704,282.0199587352708,269.53717954510836,279.87493896484375,25973500
2023-06-16,META,282.77473761942036,285.85323950718237,278.18679062357944,279.0507507324219,43127700
2023-06-20,META,276.79647611939964,282.824345828367,274.30387815446664,282.35760498046875,20701600
2023-06-21,META,281.5631526174152,282.0298934420368,276.4290035465778,279.686279296875,20556200
2023-06-22,META,277.14408447077557,283.2812385210114,275.8630546708009,282.90386962890625,17563100
2023-06-23,META,279.5571952211371,287.66059352897247,277.01495618015497,286.72711181640625,51092000
2023-06-26,META,286.6973149655046,287.7797500544625,275.67430903748084,276.53826904296875,24232700
2023-06-27,META,280.0537302112872,287.3428096162056,278.7031486570512,285.0587463378906,26108300
2023-06-28,META,282.84423326201266,287.54140222706,282.08949562455047,283.31097412109375,16722100
2023-06-29,META,282.52648638101715,284.58213452194684,278.74291793339063,279.57708740234375,15395700
2023-06-30,META,282.7846868116461,287.04490612365464,282.44704896001576,284.9892883300781,19694900
2023-07-03,META,284.71122518279316,287.3924775791837,282.87405224278217,284.0359191894531,8629300
2023-07-05,META,285.65461715967666,296.051989848089,284.37355717409923,292.3280029296875,33865500
2023-07-06,META,293.8374787010274,296.0519901953358,289.28923236805707,289.9645080566406,47600500
2023-07-07,META,290.1531659549426,294.14529896689464,286.657594793173,288.5146179199219,25586000
2023-07-10,META,293.4998295255578,296.0619496653583,285.05879195490223,292.0599060058594,37058300
2023-07-11,META,291.86123320884525,298.0976681402498,289.8751070484504,296.2207946777344,27585900
2023-07-12,META,299.65677735101224,307.3033750097444,298.018229368678,307.1941223144531,36677100
2023-07-13,META,311.4444661763027,314.0462868298362,308.1375791585091,311.2359313964844,30281000
2023-07-14,META,309.6272055942095,312.6957674633419,305.22791227343015,306.7274475097656,23054100
2023-07-17,META,305.40661961180007,309.5476755688944,302.5962342022979,308.4652404785156,25323100
2023-07-18,META,308.72347853869013,312.02045548737846,305.4860829548435,309.8853454589844,20731900
2023-07-19,META,310.85856245874305,316.4693633002309,308.3659642076415,313.8179016113281,21763700
2023-07-20,META,311.3252286019081,313.3510854650585,300.12347996205534,300.42138671875,23836900
2023-07-21,META,302.4572278736158,303.3410382508624,289.179979416503,292.21875,42139300
2023-07-24,META,293.72824526758416,295.456165615258,286.300121288059,289.587158203125,24915700
2023-07-25,META,293.1423138094745,296.23072566058914,289.83539654714053,292.42730712890625,19585600
2023-07-26,META,299.1006606584719,299.6766238894275,289.8750964937067,296.49884033203125,47256900
2023-07-27,META,322.86467915054084,323.0930945799738,307.690675775202,309.5476989746094,64229200
2023-07-28,META,314.68184950652267,323.93720515221605,312.0700886254892,323.2221984863281,39220300
2023-07-31,META,321.4445798465396,323.40091525977414,315.3868892035892,316.389892578125,25799600
2023-08-01,META,315.33728544494596,321.89150838566957,312.47725868492967,320.4714050292969,22817900
2023-08-02,META,315.7941054303638,316.1814146347916,308.4950846682021,312.12969970703125,20461100
2023-08-03,META,307.7800604286639,313.7583200966404,307.7800604286639,311.0174560546875,15180200
2023-08-04,META,312.7751616601819,316.2012416546554,308.0482016678067,308.57452392578125,17612800
2023-08-07,META,311.0571876851378,314.87054662167225,308.30638330815515,314.36407470703125,16236500
2023-08-08,META,312.2189921454875,315.6848025236531,307.95874351255645,310.4712219238281,15183500
2023-08-09,META,310.70958057750164,311.4543778857234,300.749159121118,303.0927734375,19955800
2023-08-10,META,305.80389184171617,310.17336396926396,301.76211724373354,303.619140625,14358900
2023-08-11,META,300.4711183412435,302.60619800831466,298.2764270049962,299.5475769042969,14046300
2023-08-14,META,298.8921889735428,304.0858903940154,296.1811153811423,304.0660400390625,15641900
2023-08-15,META,304.0163444248996,305.09877954029145,297.9487132756446,299.85540771484375,11623600
2023-08-16,META,298.1175725827558,298.99144270611146,292.2386253443514,292.2485656738281,18547700
2023-08-17,META,291.01710842759655,293.99629751358816,282.97332214012204,283.1123352050781,23950100
2023-08-18,META,277.0944583244188,283.708263704716,272.4767199249811,281.2851867675781,35347900
2023-08-21,META,281.48373845241144,288.48482095213376,279.8948314840981,287.88897705078125,20181500
2023-08-22,META,290.5205940494777,290.8681721911875,284.7608402658425,285.6049499511719,12980200
2023-08-23,META,286.49874036161424,295.33699700136754,285.6745112195998,292.19891357421875,18287000
2023-08-24,META,296.42938828405966,297.3827205446517,284.6516723617093,284.7608947753906,18360900
2023-08-25,META,284.145165887689,286.3894983198096,274.1152219434127,283.51953125,23701400
2023-08-28,META,286.0021582885092,289.4282379320253,283.81740745700915,288.2464904785156,14239300
2023-08-29,META,286.5781245308477,297.0748083488483,286.18090536800884,295.9228515625,20844500
2023-08-30,META,295.1085960366547,296.2208219398968,291.39451916689933,293.0529479980469,17717000
2023-08-31,META,293.7480610282445,299.0113137881702,293.6090479494358,293.83746337890625,17229900
2023-09-01,META,297.2933153323232,299.646870188194,292.42731187722154,294.3240661621094,12842300
2023-09-05,META,294.9596090695169,299.2993205385484,293.4601043049184,298.0679016113281,14956000
2023-09-06,META,299.61705445694486,301.1960211231086,293.6090349237248,297.0946960449219,15418100
2023-09-07,META,295.93280942459444,304.92001852805595,290.1929058097352,296.5981750488281,33748700
2023-09-08,META,297.1443691073636,303.1325389345228,294.721292497798,295.8236083984375,17548000
2023-09-11,META,299.319151179612,306.89622744540156,299.190048128287,305.4264831542969,19489300
2023-09-12,META,304.20500095756546,306.51885491283224,298.1473403944411,299.5674133300781,13480400
2023-09-13,META,300.26256497984866,305.04913672382065,299.22980110519165,302.94384765625,13210900
2023-09-14,META,304.61221231602815,310.699694901637,302.9140826402241,309.55767822265625,19343100
2023-09-15,META,309.44837699255953,309.83568614706604,296.677600116782,298.2267761230469,28131100
2023-09-18,META,296.1214922814983,301.49396736300946,295.7341831203548,300.45123291015625,14234200
2023-09-19,META,300.3817360880637,304.0461413355526,297.7302442880401,302.9537658691406,15924400
2023-09-20,META,302.93390184979273,305.92303162981295,297.3528917945429,297.59124755859375,19379500
2023-09-21,META,293.64879818364386,298.17716391757523,291.23563159307656,293.6785888671875,21319600
2023-09-22,META,297.22375462122136,303.2615948527905,296.2009009061398,297.0052795410156,25369600
2023-09-25,META,293.5892243593173,298.8623876231984,291.66267929164457,298.7431945800781,18987000
2023-09-26,META,295.5951993800877,298.21687050123535,293.95665114113496,296.88616943359375,19417200
2023-09-27,META,298.365813825326,299.2098931966896,284.8005685468743,295.6745910644531,36429800
2023-09-28,META,296.8663347859658,304.20505655333676,294.64188277083076,301.85150146484375,22167100
2023-09-29,META,305.2477166099444,308.48511176016746,297.28333177621215,298.12744140625,25373700
2023-10-02,META,300.63993566847256,305.0491385865239,299.53765009190124,304.691650390625,16265600
2023-10-03,META,302.1494555240622,304.64202384994326,297.5615078333442,298.85247802734375,17362300
2023-10-04,META,296.65777700392675,304.77108627702137,296.42936156061296,303.4602355957031,16880500
2023-10-05,META,302.51682647716126,304.0858528897177,297.42240776565654,302.67572021484375,19130000
2023-10-06,META,299.3489394320778,314.11578268990155,298.82261720809345,313.24188232421875,21803900
2023-10-09,META,310.33224509730616,318.1079164958756,309.6569694053864,316.1515808105469,22503700
2023-10-10,META,316.9063193123349,322.40789785267475,315.9529871386854,319.6074523925781,19038000
2023-10-11,META,320.7693282869798,326.55887294556385,320.70974692421356,325.54595947265625,22036300
2023-10-12,META,325.72470520119657,328.24709402590145,320.45154242865993,321.9113464355469,20530500
2023-10-13,META,321.28575567005106,322.7952009168916,310.2031660388271,312.507080078125,21341000
2023-10-16,META,316.4296126241807,319.58754572826814,313.3312305704526,318.92218017578125,16536100
2023-10-17,META,315.9728069446153,322.14966058137793,315.0989065758056,321.75244140625,16387800
2023-10-18,META,319.1606238075437,323.679049633278,313.3710478829819,314.7712707519531,16851000
2023-10-19,META,317.6610705027588,319.6571372906887,309.58746160303093,310.6401062011719,18709200
2023-10-20,META,311.9608480064677,313.112774500893,304.344040909114,306.5089111328125,22312300
2023-10-23,META,307.35300219253065,315.15846291948395,305.12855074368696,311.83172607421875,17796800
2023-10-24,META,314.58256529909806,316.141681826323,308.4752325634926,310.38189697265625,19525500
2023-10-25,META,307.8495504686246,308.7234508156699,296.7669630150486,297.4521789550781,42192500
2023-10-26,META,292.95359454940296,292.95359454940296,277.46180518324184,286.3497314453125,66684100
2023-10-27,META,292.4372388367085,297.2337203774448,290.93770382583693,294.671630859375,29596300
2023-10-30,META,297.0152734056479,307.25375273017136,296.97554239139123,300.5605163574219,28435100
2023-10-31,META,301.20597199311294,301.5734004979503,294.8007027575976,299.18011474609375,19434200
2023-11-01,META,299.75613549484945,310.5705780744768,299.75613549484945,309.686767578125,20434600
2023-11-02,META,315.0989513185942,316.60842682665236,306.1911729173726,308.71356201171875,21631800
2023-11-03,META,310.38186599494384,313.36105535457233,308.86248063376854,312.41766357421875,16764300
2023-11-06,META,313.78805781982936,316.12173162638936,312.2686726412427,313.6092834472656,12887700
2023-11-07,META,314.86059760841897,318.77326881523226,312.93405268705885,316.6083984375,14055600
2023-11-08,META,315.9330988711721,319.10094217538756,312.6957035729342,317.56170654296875,13609700
2023-11-09,META,317.2042495782576,321.9312096368401,316.588524958862,318.3263854980469,16103100
2023-11-10,META,317.7206153955323,326.81707716443447,317.24393419027814,326.4893493652344,19096200
2023-11-13,META,323.93721447654235,330.02466618217363,323.44068289721343,326.9064636230469,16908900
2023-11-14,META,332.21937035057084,335.7546729067874,331.0177420621796,333.9770812988281,17179400
2023-11-15,META,335.58582953023244,336.05257043204165,327.73069622431444,330.40203857421875,14531200
2023-11-16,META,327.0852237219549,332.25907454606346,324.1159744301697,331.8717956542969,18932600
2023-11-17,META,327.96904077299916,333.17268190426256,327.06534968314025,332.71588134765625,14494400
2023-11-20,META,332.5669165974887,339.4984776499727,331.87176030410876,337.6116638183594,16960500
2023-11-21,META,335.9830058823944,337.54212213275287,333.5698699621859,334.64239501953125,12027900
2023-11-22,META,336.8569718191688,340.5412582451984,336.2313371315077,339.12115478515625,10702700
2023-11-24,META,337.77057245981536,339.4885523054197,334.4338645325488,335.8837585449219,5467500
2023-11-27,META,333.84794886953887,337.5421448490172,331.8817033085443,332.37823486328125,15684500
2023-11-28,META,331.0872390330007,337.02576741661284,331.0872390330007,336.6384582519531,12637200
2023-11-29,META,337.33366406519946,337.54219886591414,328.48546670710334,329.8956298828125,16024500
2023-11-30,META,329.5877553439527,331.18657252656726,320.1635651009382,324.880615234375,23146400
2023-12-01,META,323.22219776202286,324.59259942151226,318.5349385863459,322.5667724609375,15276400
2023-12-04,META,315.08903616288524,318.63424881009973,311.4842118413213,317.8000793457031,19037100
2023-12-05,META,316.76727772927734,319.6471546506567,313.20218484619875,316.0820617675781,16952100
2023-12-06,META,319.69682854269684,320.01461603995,314.8407652561851,315.2479248046875,11294300
2023-12-07,META,315.5656393804306,325.9630108873507,315.5656393804306,324.324462890625,15905100
2023-12-08,META,320.8487785252904,330.8588723302626,320.7594064759814,330.4417724609375,14087400
2023-12-11,META,327.11497463782547,327.60159615821783,317.7801876857331,323.0235595703125,25802500
2023-12-12,META,322.3483177648806,332.1498466082238,322.30858675160493,331.9015808105469,18485500
2023-12-13,META,331.613589975502,336.0227930461716,330.33256025664025,332.41796875,16353300
2023-12-14,META,331.5341318558429,332.3782415771225,326.3602814366217,330.8588562011719,19607300
2023-12-15,META,329.6870122597024,336.31075653936995,328.9223645749602,332.5967102050781,31776900
2023-12-18,META,335.13891597531506,345.1489777949815,334.68208516986897,342.2293701171875,18993900
2023-12-19,META,343.182755230737,351.14714120990925,342.72595466047795,347.9295959472656,17729400
2023-12-20,META,346.23145156558394,352.49767744349367,345.37743182713814,346.8570861816406,16369900
2023-12-21,META,350.5315033187329,353.9377032495851,346.78763518824763,351.6337890625,15289600
2023-12-22,META,353.1133483277579,354.7221359363727,348.7836079478467,350.9385681152344,11772800
2023-12-26,META,352.5274239898353,354.50363996400733,350.99812879302704,352.3685302734375,9898600
2023-12-27,META,353.6000077612428,356.50967555573715,352.84527005939833,355.3477783203125,13207900
2023-12-28,META,357.2047824101272,359.3895028827945,355.3278787450295,355.8343505859375,11798800
2023-12-29,META,356.4997453113809,357.5027488323767,349.3794992017642,351.504638671875,14987100
2024-01-02,META,348.8829233892459,350.710155792769,337.651382544702,343.8878173828125,19042200
2024-01-03,META,342.5869162104764,345.5363148044209,340.79938446227584,342.0804443359375,15451100
2024-01-04,META,342.1102764024705,345.7349510637001,341.0179008085137,344.71209716796875,12099900
2024-01-05,META,344.58299065641415,351.0478417972967,343.8580739149464,349.50860595703125,13920700
2024-01-08,META,352.2395060594666,356.4898150644595,349.60786450736515,356.1720275878906,13890200
2024-01-09,META,353.92767724109865,358.13828532721635,352.89488314761167,354.9505310058594,13463900
2024-01-10,META,357.671577377967,370.35298322336445,356.58911184712105,367.9001159667969,22117200
2024-01-11,META,369.54857861141966,370.19406356936474,360.41238591073494,367.10565185546875,17205400
2024-01-12,META,367.5922316147304,374.44436077359,366.97653735694337,371.8921813964844,19310000
2024-01-16,META,371.05801257675466,373.00440772159226,364.68256459513566,364.91094970703125,15306900
2024-01-17,META,363.75901875957754,365.9835008176881,356.1223607318254,365.8146667480469,12724800
2024-01-18,META,368.91304613290293,374.23588075452443,368.376813814001,373.5208740234375,16354300
2024-01-19,META,376.3709265262171,381.69373035981744,375.3480727138561,380.7900695800781,21670800
2024-01-22,META,385.2588658770631,387.64221140503804,378.51595852044164,379.13165283203125,17680500
2024-01-23,META,381.95193000664796,385.68585701267045,379.42954121177866,382.5279235839844,15506100
2024-01-24,META,387.29462029869575,393.4019524806912,385.1198096217787,387.9897766113281,15698500
2024-01-25,META,387.463476105673,392.74654921576047,382.98475144483166,390.45257568359375,15091100
2024-01-26,META,391.6144490770692,394.0375255245111,388.8735851564818,391.4059143066406,13163700
2024-01-29,META,392.2500198714916,400.1349440276031,390.37314620072715,398.2381896972656,18742400
2024-01-30,META,400.7903320803033,403.54110595161325,396.79822933650826,397.2848205566406,18614700
2024-01-31,META,386.3015482973079,395.2391162527726,384.41473445677485,387.43365478515625,20180800
2024-02-01,META,391.20730397034777,397.7217958803975,390.32346321045657,392.0414733886719,29727100
2024-02-02,META,456.41184183690996,482.5889726143862,449.86755914254087,471.695068359375,84707600
2024-02-05,META,466.6204856916062,468.6264622065812,456.034429603673,456.2231140136719,40832400
2024-02-06,META,460.7812985876426,463.879650746446,449.8576040090562,451.565673828125,21655200
2024-02-07,META,454.82286176626843,468.2490628454098,453.0154798019961,466.33245849609375,23066000
2024-02-08,META,465.07131581521656,467.32555813022316,461.8041297477829,466.7396545410156,18815100
2024-02-09,META,469.6692454531746,470.30479013249504,464.22724828942955,464.86279296875,18413100
2024-02-12,META,464.9422115222754,475.82617452622054,463.34336418491074,465.64727783203125,19382000
2024-02-13,META,453.7007370395461,464.64431187911475,451.93308592056786,456.9281921386719,20916600
2024-02-14,META,464.68402390922387,470.8211467892726,462.8567913837344,469.9969177246094,16858400
2024-02-15,META,471.9830605741492,485.23051957889754,468.94428970905085,480.67236328125,24212300
2024-02-16,META,474.7934022206939,475.6375119489184,465.9551463563073,470.0366516113281,23324600
2024-02-20,META,466.46162208862637,472.8768015252767,463.32353891098256,468.4775390625,18015500
2024-02-21,META,463.7554917524033,466.2407837767999,459.0732100730906,465.2764892578125,12921800
2024-02-22,META,477.41462669114475,487.1072651737646,473.25922588434,483.2699890136719,21625800
2024-02-23,META,485.1786810525682,491.45155549063116,479.51223362447035,481.1823425292969,18374300
2024-02-26,META,480.6256557583817,483.2799609921054,477.7725453653091,478.90582275390625,12101400
2024-02-27,META,477.1561876658758,484.40327721976644,477.0965430855337,484.1845703125,10809600
2024-02-28,META,482.1466085873044,488.16100260044766,479.9098459701468,481.17236328125,12715500
2024-02-29,META,485.5664001835374,488.8072305793803,479.77068239389234,487.2464599609375,17732000
2024-03-01,META,489.21485597042096,501.2834497695719,488.95640620477013,499.34490966796875,16273600
2024-03-04,META,500.04073241207027,501.4523915660251,493.49945745211545,495.259033203125,12324100
2024-03-05,META,492.0878453918812,492.66441982158307,485.0196890839656,487.3359680175781,15325300
2024-03-06,META,494.7023350451915,500.0109149772021,491.3819886609617,493.17138671875,11757900
2024-03-07,META,500.31911226510823,516.791604925774,498.4302963735491,509.17669677734375,18586400
2024-03-08,META,511.1649010956574,520.4897211921858,496.41221196459594,502.973388671875,18597100
2024-03-11,META,494.0859947316571,494.3941685090311,473.199591298322,480.74493408203125,20428300
2024-03-12,META,490.3580972248313,499.3548427671604,481.87828153344043,496.8099060058594,15448200
2024-03-13,META,492.47554623392085,498.032655619547,488.1411811210766,492.65447998046875,12090700
2024-03-14,META,497.3168592141215,498.40044284010156,485.28804037111354,488.9364318847656,12620000
2024-03-15,META,486.13300864172606,488.93639462961033,478.4683471758849,481.25189208984375,29153600
2024-03-18,META,489.01603356274916,494.49362722910763,483.9460314539892,494.05621337890625,11755300
2024-03-19,META,485.29796631744654,493.70818516596694,478.44848764237196,493.3204650878906,10903100
2024-03-20,META,496.5613264063082,505.21015443688776,492.25681414275317,502.5458984375,11711100
2024-03-21,META,511.6818282752994,512.009843099386,503.0330008538903,504.772705078125,9712500
2024-03-22,META,504.0172535891752,506.9697819095209,501.37289907179155,506.5820617675781,8120600
2024-03-25,META,502.81436147156455,504.23594126166455,497.2969948454398,500.0606384277344,8380600
2024-03-26,META,502.15819366550943,506.99953733459927,492.296542257246,492.9725646972656,11205400
2024-03-27,META,496.362495999964,496.94905159749567,485.1985839795798,490.9544982910156,9989700
2024-03-28,META,489.9405339648192,489.99025800905156,482.2957731289916,482.7232360839844,15212800
2024-04-01,META,484.3337412105512,494.50353716456914,478.945614537536,488.4593200683594,9247000
2024-04-02,META,482.2460757075962,494.60294050567774,481.79871100314176,494.4438781738281,11081000
2024-04-03,META,495.99467839274877,504.2557864179736,495.8157446532508,503.75872802734375,12099200
2024-04-04,META,513.3817968019891,526.8819203543317,507.5761581503475,507.9141845703125,26476300
2024-04-05,META,513.8191641240741,527.5777665151929,511.38356597372723,524.237548828125,19263300
2024-04-08,META,526.1662118700644,528.363171344258,515.837322914807,516.1951904296875,13260600
2024-04-09,META,519.1575460910624,522.7761454501457,503.7586880786701,513.8589477539062,10863800
2024-04-10,META,506.2937294481195,519.4856478339971,502.8242413515318,516.771728515625,11418500
2024-04-11,META,518.0442866746477,520.7781083790892,514.2467525168023,520.0822143554688,10369500
2024-04-12,META,514.7039249844655,517.1295721762829,506.333448963844,508.8883361816406,11984500
2024-04-15,META,513.6800255378373,515.4794352711156,494.3544220379405,497.2870788574219,13512900
2024-04-16,META,495.1795072199256,501.8003287823735,494.185390414838,496.81982421875,9847900
2024-04-17,META,500.1401818155544,500.1998263981414,484.27408574861244,491.2627258300781,12193700
2024-04-18,META,496.87947694788414,509.1965989271546,496.1040670407221,498.8478088378906,14808700
2024-04-19,META,499.8419152749836,499.8419152749836,472.93119653596085,478.2397766113281,25215400
2024-04-22,META,486.8389192139003,489.11545536153847,470.614924466941,478.89593505859375,17271100
2024-04-23,META,488.35989326844737,495.8257203780364,486.09330810710463,493.1813659667969,15079200
2024-04-24,META,505.0709875978213,506.99957664976733,481.72911381389923,490.5966491699219,37772700
2024-04-25,META,418.92080020267707,443.1474209983465,412.06140056723507,438.78326416015625,82890700
2024-04-26,META,438.8628170424118,443.8135298876652,429.41870694726816,440.68206787109375,32691400
2024-04-29,META,436.97397149750554,437.1728069896792,426.0386868647591,430.0747985839844,21502600
2024-04-30,META,428.5140490387037,437.0336375847917,427.19188699859626,427.6392517089844,18429500
2024-05-01,META,426.0784771215956,447.31279793430986,424.59722242297005,436.6061706542969,20344900
2024-05-02,META,436.2582243057381,441.3480976010575,429.7368203538555,439.0815124511719,15221300
2024-05-03,META,443.30653234442315,451.498076053057,441.238782585899,449.3010559082031,16489100
2024-05-06,META,452.8997516499173,463.41752515549695,450.6729395625831,462.9403381347656,15094600
2024-05-07,META,463.5467503722718,468.7559129119254,458.59603758146096,465.4852600097656,13406800
2024-05-08,META,460.77314155474465,472.782059273929,460.2760831496155,469.8196105957031,11683900
2024-05-09,META,467.23492019129105,473.2791372994967,464.8788681073914,472.623046875,9437700
2024-05-10,META,474.2831551113348,474.69074661810515,466.83723038564307,473.3984069824219,10750000
2024-05-13,META,469.96872632982064,470.56520248901546,460.12697588623786,465.2566223144531,14668800
2024-05-14,META,460.64391394438604,469.75997868916056,457.3732610557371,469.07403564453125,10478600
2024-05-15,META,472.185627211796,479.6613749209952,468.4278667730867,478.70703125,13100500
2024-05-16,META,472.2054681039629,474.8796446556367,469.9687053603125,470.4458923339844,16608200
2024-05-17,META,468.060003849129,470.0184151764491,465.6642090368279,469.1336669921875,10807300
2024-05-20,META,467.18515034012455,470.4160295808224,464.2922671332741,466.0816650390625,11745100
2024-05-21,META,464.37182544918653,467.93078051111434,459.55035299827114,461.896484375,11742200
2024-05-22,META,465.11745149618025,470.93304120806755,462.9105108484193,465.0279846191406,10078600
2024-05-23,META,470.0979384344224,471.56921182322856,458.824658013912,463.0397033691406,11747900
2024-05-24,META,464.8688807910191,477.0269398531673,463.556639368811,475.4065246582031,12024300
2024-05-28,META,473.77615043562696,478.0309689396704,472.0463969875921,477.0965270996094,10175800
2024-05-29,META,471.86746709937256,477.02693553440264,470.91312350005967,471.5692138671875,9226200
2024-05-30,META,468.8950604414013,468.9547050193101,461.9759860236206,464.3022155761719,10719600
2024-05-31,META,463.05964843410135,466.36012388416657,451.7863662205313,464.0835876464844,16919800
2024-06-03,META,468.08984756825686,476.7784495068364,465.4852662634382,474.68084716796875,11279400
2024-06-04,META,474.1936666955001,476.0725618239084,470.44585765190504,474.1837158203125,7088700
2024-06-05,META,481.59986638058245,493.7280723944885,481.06303484683156,492.1474304199219,15690500
2024-06-06,META,490.07975361628957,499.8618601386418,488.002052964121,490.85516357421875,10667300
2024-06-07,META,492.9924404793725,495.974790725418,487.28622005011016,490.0597839355469,9380700
2024-06-10,META,490.95452567185265,499.70277202447545,490.5071912988335,499.64312744140625,11220900
2024-06-11,META,497.2174749867736,504.6137065941105,495.3385796246827,504.4844665527344,9673700
2024-06-12,META,510.9660698187759,510.98597157055474,501.5020890731281,505.84637451171875,11983200
2024-06-13,META,502.7347908052071,506.36331100254307,498.4103767232153,501.13427734375,9954600
2024-06-14,META,500.1889423120375,504.66690962077223,498.298251077537,501.6915588378906,10243300
2024-06-17,META,499.2137684390171,508.249298155344,493.5814769288384,504.14947509765625,11266600
2024-06-18,META,502.0895867902152,503.5225387370223,492.596287734658,497.0444030761719,13060400
2024-06-20,META,499.54217137459756,501.2040082947473,494.3377669036347,499.24365234375,11801200
2024-06-21,META,500.9850156207208,500.9850156207208,489.97917012403093,492.3574523925781,22359200
2024-06-24,META,496.75584325197343,505.31371188112524,491.86987981067074,496.4672546386719,13525300
2024-06-25,META,494.6163313992583,508.2094529447459,493.07393265728075,508.1000061035156,12063200
2024-06-26,META,504.16940336673827,511.2943511964364,502.2090473970576,510.60772705078125,8882300
2024-06-27,META,511.73217509345994,520.319926517376,511.38391302671926,517.0161743164062,10121200
2024-06-28,META,514.6179667414566,519.3247883921233,501.37310690877666,501.7512512207031,15855100
2024-07-01,META,502.4776818397667,504.0996755435027,490.75536015325986,502.208984375,10328200
2024-07-02,META,498.30820385105653,508.00050544177236,497.0046202626273,507.0054016113281,7739500
2024-07-03,META,503.89071570148445,508.776679094368,503.542423291387,507.463134765625,6005600
2024-07-05,META,509.09512300088096,538.2218010293692,509.09512300088096,537.2664794921875,21354100
2024-07-08,META,539.6945030030015,540.1522726002711,524.0714224714271,526.7283325195312,14917500
2024-07-09,META,531.1366686551077,534.8483865011414,525.6038937960874,527.405029296875,8753200
2024-07-10,META,528.1911531915238,536.241570100338,525.7730581128677,532.0720825195312,10983300
2024-07-11,META,528.2906682415571,532.8382998725252,505.88091134519624,510.1897277832031,16458300
2024-07-12,META,495.3228785549261,505.6022874749347,491.8101633460848,496.42742919921875,19750500
2024-07-15,META,496.18862053037293,504.19919410028524,490.95436474146356,493.730712890625,12539200
2024-07-16,META,499.0445639252562,501.4825804227028,483.411491472676,487.39190673828125,14075800
2024-07-17,META,476.8239032636759,476.8239032636759,456.87205376676457,459.7279968261719,28076600
2024-07-18,META,472.6743277747539,476.8935583722376,462.2655500283145,473.5201721191406,19267200
2024-07-19,META,473.7290992026768,484.3269482993647,473.3808068088941,474.4555358886719,15149400
2024-07-22,META,484.197557461303,489.6507368103618,481.53068676493757,485.0135498046875,12023100
2024-07-23,META,487.4416655984561,492.79532916331743,485.3320502981374,486.29730224609375,9455500
2024-07-24,META,469.9974592525505,473.96791357765954,458.32488109609346,459.0115051269531,17649700
2024-07-25,META,460.99181179623156,461.28037004297926,440.4827059887369,451.1900329589844,18240500
2024-07-26,META,461.9271746914679,467.4698795206978,457.1705799627187,463.4198303222656,14222400
2024-07-29,META,467.57940602342404,471.63941640526457,462.7431854783001,463.4298095703125,11339600
2024-07-30,META,464.7134620870864,470.4154176400919,454.46390537033,460.922119140625,11390400
2024-07-31,META,468.71381415352545,474.1669942964398,464.46473155899946,472.5051574707031,24285800
2024-08-01,META,518.4490398005046,524.588812766639,489.6905482729176,495.30291748046875,43083100
2024-08-02,META,486.6057747203378,498.6962802271807,473.81868438258266,485.75,24044700
2024-08-05,META,449.1401205576873,481.11281153240685,448.5927952293006,473.4007568359375,21396200
2024-08-06,META,476.6547245669501,500.0993678802894,476.3064321601276,491.67083740234375,20955000
2024-08-07,META,500.6665697776355,507.6521873819174,484.47621183859076,486.5261535644531,20105300
2024-08-08,META,495.0641514061811,507.4631365242445,492.2977639959644,507.134765625,16156800
2024-08-09,META,505.22421179778416,515.8022018845128,503.22407353299633,515.2349853515625,13696600
2024-08-12,META,514.3293458773064,515.4837003209536,506.60736088372124,513.423828125,9767400
2024-08-13,META,517.4639444796859,528.8976775945399,515.6130659607747,525.9521484375,13743800
2024-08-14,META,525.4745310471874,531.3854502831607,520.5686764069014,524.180908203125,11444200
2024-08-15,META,529.1861832222701,537.1271521759767,524.1211393205881,534.6990966796875,13482100
2024-08-16,META,529.2957529559742,531.0470846831789,522.0911501880614,524.837646484375,14776700
2024-08-19,META,524.2903643248923,529.0568899352673,520.2005020489785,526.6885986328125,9879700
2024-08-20,META,525.7631254837314,528.4897612100921,523.3052479844695,524.1510620117188,7944400
2024-08-21,META,524.5690033025425,536.759025104398,524.3500488791344,532.5397338867188,13423300
2024-08-22,META,534.3707451204748,541.5653262197158,526.0019488156585,529.3255615234375,15708300
2024-08-23,META,534.2911036177962,537.2266719109294,522.4891873843347,525.414794921875,11323900
2024-08-26,META,525.0167963537939,525.4148622106036,512.4287683884583,518.5685424804688,9584000
2024-08-27,META,516.4389420142859,521.444343197647,512.7869281357935,516.558349609375,6282700
2024-08-28,META,515.135413196109,518.5387122265323,509.94100004912804,514.2498168945312,9106100
2024-08-29,META,516.5086925415902,524.6188140198485,513.1551970926233,515.6827392578125,8317400
2024-08-30,META,518.797350646977,520.9766304354436,512.677498614824,518.757568359375,9157500
2024-09-03,META,517.0957563465828,522.9170893173817,506.12969296841686,509.25433349609375,12459100
2024-09-04,META,503.59213699384,514.060647358583,501.6019295928659,510.2294616699219,8335200
2024-09-05,META,509.214588289198,519.0760719574297,508.647371756267,514.3294067382812,8640900
2024-09-06,META,519.3247650985389,522.011557449387,495.8104579393683,497.820556640625,14744500
2024-09-09,META,503.6817382618634,508.82640785276607,499.62169779030836,502.3184509277344,11047800
2024-09-10,META,505.6719458429353,511.6624597294251,497.5817471669727,502.3184509277344,9899000
2024-09-11,META,504.52759727884006,510.6076670397068,493.1734590533484,509.323974609375,10782500
2024-09-12,META,514.5184246686891,524.1311617071216,512.6973676482601,523.0265502929688,11970500
2024-09-13,META,517.7923180495212,524.9968595658981,514.5780915987693,522.0513305664062,10321400
2024-09-16,META,522.469676680895,531.9919419852342,515.3579036757625,531.1752319335938,9527600
2024-09-17,META,535.4781635235854,539.9604028191319,528.4759413037808,534.2032470703125,11690800
2024-09-18,META,534.9503115622812,542.0521759030291,531.7928398690025,535.8268432617188,10323500
2024-09-19,META,547.8291908534814,559.8515587553402,544.3629456091518,556.8932495117188,15647000
2024-09-20,META,557.7897520081747,562.2719910868118,554.1043432735547,559.1343994140625,22066800
2024-09-23,META,567.2522491176607,571.7145476196829,560.1902057812791,562.1823120117188,12830700
2024-09-24,META,564.4434434938287,565.509227757349,552.00274823687,561.106689453125,12993000
2024-09-25,META,561.8237594778809,574.6031382414297,561.495044920447,566.0669555664062,16543400
2024-09-26,META,573.4576905129869,575.1211431321373,560.1304938071579,565.598876953125,14400800
2024-09-27,META,567.8499035731115,568.587034006437,562.2820002439122,565.1207275390625,9398400
2024-09-30,META,565.4593818880203,572.4118133775064,562.5708034533277,570.1806640625,12792300
2024-10-01,META,575.6987520585425,580.7387783195545,567.8498487564399,574.1947021484375,15259300
2024-10-02,META,572.5910298520646,573.7265448961253,567.0928584702349,570.5491333007812,6524700
2024-10-03,META,567.8997238653835,581.0575469776221,566.485284630292,580.4699096679688,11581000
2024-10-04,META,581.4260603106362,594.4942722022978,579.1351503249019,593.587890625,14169500
2024-10-07,META,595.8588807132597,600.5702534093805,581.7348544719052,582.4719848632812,12014200
2024-10-08,META,587.3626054402398,591.2173264049184,583.6572559768421,590.5499877929688,7857400
2024-10-09,META,591.6456279911163,592.0440735871042,579.3144845647184,588.1793823242188,9529700
2024-10-10,META,585.2509246510792,587.900399135785,580.2208686773732,581.5256958007812,7740400
2024-10-11,META,582.5217946450296,588.8766187572965,580.4101667801536,587.62158203125,8587100
2024-10-14,META,591.8747117346282,597.7315094974075,587.6315761095043,588.0897216796875,8252000
2024-10-15,META,587.8307163787997,588.2789524674469,577.8503048821323,583.9561157226562,9564200
2024-10-16,META,579.1053401086986,579.7826489722071,571.7644330744417,574.5134887695312,11268400
2024-10-17,META,581.0277804863796,582.6612616721741,572.9298624056845,574.6530151367188,8701200
2024-10-18,META,578.8064328711839,581.6651004084903,572.9795465460454,574.1947021484375,7694300
2024-10-21,META,573.7565147335716,574.9617001148115,566.8637832891501,572.889892578125,8171900
2024-10-22,META,572.0233890911012,581.226972027945,569.8619705986506,579.7129516601562,8544500
2024-10-23,META,577.680923843806,582.6911004356343,560.279904265033,561.4652099609375,14248400
2024-10-24,META,564.8916036624881,566.6346966004356,559.3037603206038,565.5390625,7184700
2024-10-25,META,571.6647355552979,578.9956716161158,569.463436367779,570.9874267578125,11337900
2024-10-28,META,579.7029839727812,581.4460771376479,571.8540796011549,575.8781127929688,10925100
2024-10-29,META,577.860233390468,591.3268300347977,573.128981140023,590.9384155273438,13019100
2024-10-30,META,598.6080558684588,598.8272191939645,587.0538626186211,589.4642944335938,26864900
2024-10-31,META,582.6910719821886,587.571756560939,560.7878737214265,565.33984375,26838400
2024-11-01,META,565.3696838064145,571.405763142559,560.339627825337,564.9214477539062,15303200
2024-11-04,META,561.8735869795249,566.4454979265795,555.6881355028934,558.4671020507812,12064600
2024-11-05,META,565.0608971597502,571.2164978665354,564.433378859103,570.170654296875,9775400
2024-11-06,META,560.5288333903976,570.7383767795608,552.9787345250944,569.7921142578125,18305400
2024-11-07,META,574.6131397370345,592.4524256318628,572.9397776720764,589.3646850585938,14653700
2024-11-08,META,589.2051840334042,590.759024319344,582.2129331438006,587.013916015625,9415700
2024-11-11,META,584.04575941466,584.6832480747347,574.2346593822191,580.8683471679688,10209100
2024-11-12,META,586.2171295500698,597.2932362914636,578.0893621721831,582.5118408203125,16287700
2024-11-13,META,580.3104995084991,583.3285696737983,572.899861789148,577.7108154296875,10757600
2024-11-14,META,574.7226772857438,578.4678469202681,570.7484348770021,574.8820190429688,11053700
2024-11-15,META,568.9654316430945,570.3101398260193,549.323293380173,551.8931274414062,17712900
2024-11-18,META,554.8414482862169,557.690206619492,547.9189272359731,552.2119140625,14327300
2024-11-19,META,549.6818763732618,559.2141123072212,548.4268396780825,558.87548828125,9522400
2024-11-20,META,560.7080988546143,564.1145830366952,552.0125757605198,563.2879028320312,9797300
2024-11-21,META,567.27222943096,567.7503155056431,546.8829891189956,560.8676147460938,11154700
2024-11-22,META,561.3257340956305,561.6046581556811,552.4011368821567,556.9331665039062,9164000
2024-11-25,META,559.8814479460827,570.3300964942197,554.1940234019514,562.8795776367188,13599800
2024-11-26,META,563.7660269968359,575.2206370859942,562.9691967147016,571.2762451171875,10356600
2024-11-27,META,572.6210363268373,572.7106470696727,561.8735834357757,566.9534912109375,7200200
2024-11-29,META,566.7542128784901,576.1768970734391,564.6625256899628,572.05322265625,7130500
2024-12-02,META,575.2206623708795,592.1535649861262,573.2982871928123,590.4901733398438,12522400
2024-12-03,META,592.6515529773995,611.7757833163611,588.9163541140966,611.2279663085938,14907200
2024-12-04,META,610.5407730504924,615.3417566258435,602.7117489296108,611.3575439453125,14697000
2024-12-05,META,614.6445303223205,617.4534076628545,604.654087469592,606.5266723632812,8081200
2024-12-06,META,607.6920745569537,627.3043658378344,606.1283244249738,621.3081665039062,16935500
2024-12-09,META,621.4574408246348,623.9276938833166,603.7774980807178,611.1483154296875,11426000
2024-12-10,META,615.1225471765403,623.1208827140154,610.3215639612993,616.8756103515625,10938900
2024-12-11,META,620.9096094972598,635.8803166127035,619.0769058574836,630.182861328125,10837200
2024-12-12,META,629.007573636922,634.1471812183523,624.7345274454173,628.3003540039062,7474700
2024-12-13,META,624.7444306032417,628.5892419845969,614.455245285517,617.9015502929688,8453300
2024-12-16,META,627.999656702773,629.1660226489364,616.6355287775485,622.2777099609375,10885600
2024-12-17,META,624.2016843799404,630.3822075101276,614.6019503899752,617.4928588867188,12897800
2024-12-18,META,619.0479587782994,625.387952256149,594.4455447869857,595.3128051757812,17075500
2024-12-19,META,608.4712976770209,609.5977504710141,593.1296604292414,593.6978759765625,14958100
2024-12-20,META,588.723602198965,601.2141840625833,578.1768420780382,583.4103393554688,48989400
2024-12-23,META,587.746636194458,599.2005698155671,584.4071908696653,597.9644165039062,10205800
2024-12-24,META,600.8254422286517,606.0788965180841,597.3963135833213,605.8396606445312,4726100
2024-12-26,META,603.576678438532,604.3941081026211,597.0572585697707,601.453369140625,6081400
2024-12-27,META,597.5257935657311,599.9581261267912,587.9460161502445,597.924560546875,8084200
2024-12-30,META,586.8993065979166,595.0635643540043,583.7392883016993,589.3814697265625,7025900
2024-12-31,META,590.4083164544484,592.102924110321,582.0147395278991,583.6695556640625,6019500
2025-01-02,META,587.8662291946306,603.0084829766075,585.9722382113614,597.3563232421875,12682300
2025-01-03,META,602.8589663338769,607.5840565630332,594.5351777814667,602.7293701171875,11436800
2025-01-06,META,609.9068039022728,629.0065500033512,603.7163023778119,628.2190551757812,14560800
2025-01-07,META,629.7143414477341,630.1130475912898,606.3180848477177,615.94775390625,12071500
2025-01-08,META,611.4718611566152,614.5022833089956,600.895166417742,608.8002319335938,10085800
2025-01-10,META,608.112442272843,627.9298948978874,595.462329972656,613.924072265625,19256600
2025-01-13,META,605.1916106669787,607.0557276203978,596.5688376806378,606.4177856445312,10785000
2025-01-14,META,603.1680144738151,603.586677198732,586.6999244030517,592.3820190429688,13598000
2025-01-15,META,608.2918626953108,620.5033555415417,604.5935029582943,615.1801147460938,15524300
2025-01-16,META,609.5777403991937,614.3128087015587,607.7933891951506,609.3783569335938,8355300
2025-01-17,META,622.0883213436317,623.0054123386464,601.7723798733631,610.8438110351562,17280600
2025-01-21,META,615.8878442456257,619.5462904208392,607.0955629596975,614.5221557617188,11674000
2025-01-22,META,621.3406555902126,631.7079877162228,617.4828257324606,621.5400390625,12274000
2025-01-23,META,625.3878883324852,634.5988327915112,619.197448317166,634.4493408203125,9910200
2025-01-24,META,634.3995455880619,649.9504837452617,632.2064489650473,645.4546508789062,19065300
2025-01-27,META,624.6402872001196,661.7831731182577,623.1350240288891,657.8057250976562,28399200
2025-01-28,META,663.9065549274304,680.4344558685057,657.3970515429507,672.2103881835938,20950100
2025-01-29,META,672.878157860452,678.9091276992832,663.577469397903,674.3634643554688,21377800
2025-01-30,META,694.6295308769346,708.5555865209728,673.9746332350235,684.8403930664062,29322900
2025-01-31,META,688.8278971175284,703.082934049854,683.4249514874042,687.0136108398438,19303900
2025-02-03,META,673.7852712039112,701.786997935187,673.1273726643963,695.267578125,21415700
2025-02-04,META,700.291750368734,705.4853950757674,689.435967564897,701.9764404296875,13826300
2025-02-05,META,701.338438880343,715.8826032404849,696.8127318836921,702.654296875,17778200
2025-02-06,META,703.6611131134636,716.6402049884904,701.2885896343017,709.7518920898438,13080700
2025-02-07,META,714.546788192433,722.7310026615398,709.5126746052003,712.2739868164062,16427100
2025-02-10,META,716.3013465299549,718.9330628152472,709.0940920727812,715.14501953125,12904300
2025-02-11,META,711.077742352479,721.3852053088176,707.8080235680292,717.537353515625,12998000
2025-02-12,META,713.0515218383842,724.8144176821432,710.3599968194253,723.099853515625,12016500
2025-02-13,META,719.2520483652149,726.7085168321266,715.7829457591546,726.2698974609375,12569100
2025-02-14,META,723.8574410856692,738.5809711848887,723.3390562017464,734.3543090820312,16901200
2025-02-18,META,733.6864014553627,734.6832579790791,704.2193250480339,714.1181030273438,21938700
2025-02-19,META,701.886719169158,704.7776276936228,693.2041369812721,701.5578002929688,17535500
2025-02-20,META,695.0882163867516,703.4119448646127,691.4596436709155,692.6558837890625,12587400
2025-02-21,META,694.3904388515214,701.6575020997228,680.2151053119804,681.4013671875,15660400
2025-02-24,META,684.122756243814,685.1096345134455,660.3676471383606,666.02978515625,15677000
2025-02-25,META,663.8765120828333,665.9001600374287,639.8423158192022,655.4331665039062,20579700
2025-02-26,META,657.576512679624,680.8630693918321,655.9316748718801,671.5823364257812,14488700
2025-02-27,META,680.3046927948541,686.485214920113,655.5028995854176,656.1707763671875,12500000
2025-02-28,META,655.9715119869538,667.5251070483702,640.5800432544102,666.099609375,17534200
2025-03-03,META,671.5623491469186,679.1085609343871,648.7941784019307,652.9909057617188,10843800
2025-03-04,META,643.4809097831836,647.7075720071792,621.6896392388619,637.9882202148438,21495200
2025-03-05,META,638.9850308732081,657.4268765380355,635.6555033172657,654.4063720703125,13770000
2025-03-06,META,645.9630966353535,648.5150471759833,622.1481771276858,625.9561767578125,13446500
2025-03-07,META,623.4041708110899,632.7945424007281,598.7219930959255,623.6932373046875,21375700
2025-03-10,META,606.1585603987916,608.1921258261364,585.0251896930085,596.1102294921875,21999900
2025-03-11,META,593.1795048947525,612.9970188777876,591.4649407555324,603.8060302734375,17401500
2025-03-12,META,627.9199500067502,631.3391605894193,607.4344997247063,617.6124267578125,15747000
2025-03-13,META,618.300295022882,618.549509168397,584.666363679096,588.7833862304688,16480300
2025-03-14,META,601.43972556622,607.4860482974414,593.4378646925935,606.2288818359375,12364500
2025-03-17,META,606.0892549627374,611.7164817099355,596.6505800508986,603.5350341796875,15473900
2025-03-18,META,598.6959836433429,598.8955445257114,573.3632611970426,581.0458984375,20297700
2025-03-19,META,582.9616006660708,590.9834364727485,573.473050249603,582.7420654296875,20537500
2025-03-20,META,581.4449335433823,608.8230139342973,578.2022676048324,584.6776123046875,24336500
2025-03-21,META,582.1034155863823,596.1915469952162,579.6390187113977,594.9044799804688,25015900
2025-03-24,META,613.5822418688982,621.1351668672481,610.818534005287,617.4534912109375,15741300
2025-03-25,META,625.3457252697278,632.4496541118687,619.7782994932003,624.896728515625,15312500
2025-03-26,META,623.479902445872,625.3356905979604,605.2411234358802,609.6012573242188,12609800
2025-03-27,META,600.6416285927081,612.8639873140713,598.7458914524616,601.2203369140625,10436500
2025-03-28,META,598.9554211422102,600.3921742735024,572.6249545466391,575.4385986328125,17602800
2025-03-31,META,562.2284810192266,577.3941949049992,552.0514847999954,575.0594482421875,21124700
2025-04-01,META,569.5518496754252,588.5787620697387,568.713718453365,584.6776123046875,12836600
2025-04-02,META,573.612639602056,591.3225852084037,572.0661494891557,582.6123046875,13470800
2025-04-03,META,544.9873786131755,551.3130986556911,529.1033205063213,530.4203491210938,34777500
2025-04-04,META,505.4767837476822,516.8311091249631,493.0848271014097,503.591064453125,38589800
2025-04-07,META,484.0053216518451,538.1528441381656,480.8125306436679,515.0850219726562,36606100
2025-04-08,META,542.0241297513288,546.1946900687835,501.72525715038495,509.29815673828125,28034200
2025-04-09,META,508.1207792653783,586.563392325636,500.9769327422793,584.4481811523438,39216600
2025-04-10,META,574.1913720884271,579.9882591353082,534.0920601322453,545.0572509765625,28173500
2025-04-11,META,534.3015744722139,546.1647580379857,527.3972072394978,542.3433837890625,17642300
2025-04-14,META,554.9149903570471,556.5114165099282,527.0879701726936,530.2807006835938,14130900
2025-04-15,META,530.9092700648307,536.7261316213554,516.3322523952014,520.3432006835938,15558700
2025-04-16,META,507.36253528750194,512.2115538752881,494.5115946838527,501.176513671875,18735100
2025-04-17,META,504.109870459736,506.1552323217004,496.8862177349848,500.348388671875,14593500
2025-04-21,META,490.22127698998224,492.38639367876976,478.71729620364266,483.56634521484375,16166000
2025-04-22,META,490.7600964557397,505.73623631689287,485.2625199601335,499.151123046875,17399400
2025-04-23,META,527.3374410103529,534.1320723212986,515.3545309290855,519.0960693359375,18173900
2025-04-24,META,517.5595150131655,532.6953291798529,516.3323098797614,531.947021484375,13910000
2025-04-25,META,545.566124111354,548.6192167322417,535.0399425493104,546.0350952148438,17098900
2025-04-28,META,554.3862228326028,557.2297674992926,539.3701950695558,548.49951171875,15179000
2025-04-29,META,544.7679463052672,555.3141023170735,542.8921836696377,553.1889038085938,11835000
2025-04-30,META,537.1851129255415,547.8609194224242,528.305171612182,547.7611694335938,29244000
2025-05-01,META,590.7439814787114,591.6120134415539,569.2126599544815,570.9188232421875,31159000
2025-05-02,META,582.1434519633877,602.976341384666,577.025022870384,595.6728515625,24739300
2025-05-05,META,589.8858412822701,601.8488361583287,586.7230116613694,597.917724609375,13887700
2025-05-06,META,591.1929324469492,594.685034384837,585.256346973055,585.9846801757812,10600700
2025-05-07,META,589.0277995025451,601.7191276587725,585.3461237925522,595.4632568359375,13139100
2025-05-08,META,604.9218677784463,609.9205723172726,595.2737054544873,596.6605834960938,14622800
2025-05-09,META,602.3576547482705,605.6003210056944,590.3748069015998,591.1530151367188,10427300
2025-05-12,META,629.4963146177121,638.944977269137,619.628677643235,637.9871215820312,21965100
2025-05-13,META,644.083302386897,659.4286019389394,641.3794565378789,654.5496826171875,18570800
2025-05-14,META,659.7179933381154,661.1746598556101,652.8335389149222,657.8721313476562,12348200
2025-05-15,META,652.8036193165813,655.8267503294444,637.1390348372435,642.4270629882812,14341800
2025-05-16,META,636.5203854269974,638.9947695097792,624.7370386043494,638.89501953125,18519000
2025-05-19,META,626.832294867769,641.5490101074022,626.3832981555494,638.9848022460938,9592400
2025-05-20,META,634.5748472134089,637.9072763695222,630.8333091235804,635.662353515625,6743500
2025-05-21,META,630.3642681060018,645.150832304797,628.7479287022497,634.06591796875,11464600
2025-05-22,META,632.619272775214,641.7985254271919,629.2868434888497,635.1336059570312,8228400
2025-05-23,META,622.5919269408028,631.0228714642786,621.2449976116812,625.64501953125,8454100
2025-05-27,META,633.9761034753569,641.6288391569669,631.322132840975,640.8705444335938,9508400
2025-05-28,META,641.1499165908115,649.4112615873161,641.1000415977985,642.1277465820312,9042900
2025-05-29,META,650.1795649115138,651.8457794764735,638.0569572367845,643.5944213867188,8858800
2025-05-30,META,641.0501397655987,647.9445199213626,631.3521030687026,646.0288696289062,16241000
2025-06-02,META,642.9359196596392,671.7407683371362,642.8062081386795,669.3861083984375,15766300
2025-06-03,META,669.9348713872049,674.0555568287034,663.5293753010757,665.34521484375,11585000
2025-06-04,META,667.8096780088563,687.4452625248051,667.0613703936261,686.3976440429688,14031900
2025-06-05,META,690.0991647687987,692.8130584501095,680.7104262850396,683.0750732421875,13083100
2025-06-06,META,694.5989952947568,701.2240259866394,690.3087109186762,696.1355590820312,11728000
2025-06-09,META,696.883869686411,703.5986632099265,692.3740500791279,692.4937744140625,12773200
2025-06-10,META,699.7673231326536,701.6430856337115,689.9994369756769,700.8150024414062,10850100
2025-06-11,META,702.1220199077359,707.2703489833287,690.4284357601101,692.5736083984375,9582500
2025-06-12,META,691.7355479828731,693.8108714889893,685.4497761885773,691.79541015625,7322700
2025-06-13,META,686.3976556130428,693.00271273635,679.4733132608307,681.3291015625,9274400
2025-06-16,META,698.2888218186604,706.097186349852,692.4774795938313,701.0746459960938,13720300
2025-06-17,META,700.9548121157454,704.9188720421186,695.0236535754563,696.19189453125,10066100
2025-06-18,META,697.1404546983404,700.5454115912661,693.8653700649246,694.7340698242188,10068300
2025-06-20,META,699.7067372671455,700.7751515856344,677.6595924698036,681.3341064453125,22538600
2025-06-23,META,682.6721183845542,698.009235646563,677.7394706648903,697.4900512695312,11080100
2025-06-24,META,703.840534417847,712.1281647182683,701.0646441862544,711.1396484375,13823200
2025-06-25,META,712.2579843149763,715.5131404309827,704.329803307428,707.6248779296875,9320400
2025-06-26,META,713.296455236712,727.1358060173088,709.9913855606367,725.009033203125,13964800
2025-06-27,META,725.4383202717177,734.335027558332,724.7792688020234,732.5377197265625,18775700
2025-06-30,META,743.4414316060685,746.7864803769392,733.1567794055785,736.9910888671875,15402100
2025-07-01,META,735.7829112020786,736.6516110389775,714.3049263192432,718.149169921875,13431200
2025-07-02,META,714.2650188208597,719.227590127805,711.7387562844411,712.5076293945312,9336700
2025-07-03,META,725.5281745483136,727.9446154194361,713.3563211505465,717.9395141601562,8601700
2025-07-07,META,716.5315731843128,725.9176023238477,712.4476967305745,717.2804565429688,9457100
2025-07-08,META,720.4957303517299,721.8337012243448,713.7457849218606,719.5970458984375,7770700
2025-07-09,META,721.6439452565418,736.4319538163115,721.6439452565418,731.6890258789062,11418000
2025-07-10,META,730.4608071076664,734.704479422628,718.5285868802704,726.1572265625,9913600
2025-07-11,META,721.4242720797871,724.0802847988808,708.6433421473682,716.4417114257812,10873900
2025-07-14,META,716.5316151789124,726.9161560719408,715.4831906042045,719.8466796875,8939400
2025-07-15,META,722.82223154618,723.3913292594382,708.7631777682402,709.3323364257812,11529500
2025-07-16,META,712.3079132030501,712.9069955313189,698.2289299901618,701.8634643554688,13067600
2025-07-17,META,703.3412662167694,704.8490277671435,696.0720759709156,700.3656616210938,11803300
2025-07-18,META,701.1445302429636,703.6607977835126,690.6202449112741,703.2314453125,12779800
2025-07-21,META,705.7477111980942,715.9325377312456,704.7092814794039,711.9085083007812,9404400
2025-07-22,META,715.1237435600664,715.5331063393245,700.3657186718685,703.7606811523438,8921100
2025-07-23,META,705.3183514682154,713.5660637312985,703.8804929024444,712.5176391601562,8771600
2025-07-24,META,715.9823677348465,722.5425929354744,712.9369210871259,713.7357177734375,10920800
2025-07-25,META,715.8526352732038,719.5771235060619,710.8401504714777,711.6189575195312,8271700
2025-07-28,META,714.1352096135126,723.6609843506268,711.6189419324959,716.5615844726562,8715700
2025-07-29,META,718.9280482700893,723.3913639831756,698.8679318855118,698.9578247070312,13267000
2025-07-30,META,707.0358168226334,707.4451795959043,690.1709481616012,694.1749877929688,27077300
2025-07-31,META,774.0458414913344,783.5816106103192,764.3702661872821,772.2884521484375,38831100
2025-08-01,META,759.5973820600149,764.8595554226001,744.2003568990668,748.8933715820312,19028700
2025-08-04,META,758.8684286204626,775.6933161141383,757.280769171418,775.2140502929688,15801700
2025-08-05,META,775.2940146810766,781.9640620224704,761.8640271769766,762.3233642578125,11640300
2025-08-06,META,768.853609707056,772.488205034118,759.327834976083,770.8406372070312,9733900
2025-08-07,META,772.3383525306105,773.8461140652291,758.4191051508143,760.6957397460938,9019700
2025-08-08,META,761.6144268371896,768.7538063796192,757.4506521481833,768.1546630859375,7320800
2025-08-11,META,768.9334288760205,772.3084011990011,763.5314498091643,764.7296752929688,7612000
2025-08-12,META,771.849102319645,792.4883102810505,771.2799436630941,788.8237915039062,14563100
2025-08-13,META,789.9721665216805,794.2757473900336,777.0713578354987,778.9186401367188,8811800
2025-08-14,META,776.7218428333804,786.6370510429252,771.3598429397638,780.9655151367188,8116200
2025-08-15,META,782.9825648931883,795.0645257736991,779.6575056048304,784.0609130859375,13375400
2025-08-18,META,773.9360156125421,774.6549143701418,755.4335751910228,766.2274780273438,16513700
2025-08-19,META,765.977874147037,766.0277875160474,748.2443062415024,750.3611450195312,12286700
2025-08-20,META,746.4570103778062,749.083099657565,729.911672806752,746.6067504882812,11898200
2025-08-21,META,743.6012666698691,744.3900685450179,732.0185006665147,737.9995727539062,8876300
2025-08-22,META,738.1293678852983,755.7731035460037,733.2966081137474,753.6661987304688,10612700
2025-08-25,META,753.6961621486424,757.7501148109367,749.0131426125197,752.1784057617188,6861200
2025-08-26,META,749.6821592803592,753.7461069744401,746.8264320177999,752.9772338867188,7601800
2025-08-27,META,751.1799307743298,753.0272129802489,741.7340542390842,746.2672729492188,8315400
2025-08-28,META,742.8922995313089,751.9288132977724,739.6970516455432,749.99169921875,7468000
2025-08-29,META,744.1703787664815,746.0275947781304,734.2551099537487,737.6001586914062,9070500
2025-09-02,META,724.9589996576248,734.9041924629622,720.655419120511,734.0155029296875,9350900
2025-09-03,META,734.9042121918441,739.1478846127889,732.8971950134412,735.95263671875,7699300
2025-09-04,META,747.4555024338443,760.0267237435045,744.7095967582477,747.535400390625,11439100
2025-09-05,META,751.499502790698,756.8215846100361,743.9208368275713,751.3297729492188,9663400
2025-09-08,META,754.8744351124396,765.3687971294402,750.9003802075373,751.179931640625,13087800
2025-09-09,META,756.3621991005824,765.1590798691678,752.3082462809408,764.5599975585938,10999000
2025-09-10,META,763.990858904295,764.5600175863916,749.8818911499914,750.8604125976562,12478300
2025-09-11,META,753.5264602522736,755.9727638030715,747.2557810059183,749.7820434570312,7923300
2025-09-12,META,747.6152548910696,756.4421205211297,742.6526835890741,754.465087890625,8248600
2025-09-15,META,756.3421855933647,772.9175066813722,750.8703641812288,763.5614624023438,10533800
2025-09-16,META,765.8580156945753,780.1966205012909,763.960820221922,777.8401489257812,11782500
2025-09-17,META,778.828725718326,782.1238004242355,765.1691000860621,774.5650634765625,9400900
2025-09-18,META,779.5875734416616,787.6056471582369,772.2085614820411,779.0883178710938,10955000
2025-09-19,META,785.2490765825911,789.6225600448605,768.0447499547826,777.2210693359375,23696800
2025-09-22,META,781.2128396094075,785.0896826443245,763.8469978355404,764.5364379882812,11706900
2025-09-23,META,768.6231126086477,769.9719880546131,750.4579354131178,754.784423828125,10872600
2025-09-24,META,756.8827020619125,760.4897455830934,751.9167814613187,760.0401000976562,8828200
2025-09-25,META,752.8360219788784,756.1533238123261,743.9432502397539,748.2996826171875,10591100
2025-09-26,META,749.3888277967437,751.3172477286904,736.7491118404043,743.1439208984375,9696300
2025-09-29,META,748.1098002440084,750.1681799899285,738.5476529969768,742.794189453125,9246800
2025-09-30,META,741.6451369970716,742.3645209926972,725.7081225297242,733.7815551757812,16226800
2025-10-01,META,720.9020135039985,721.2617054862658,709.6212362201944,716.7554321289062,20419600
2025-10-02,META,721.9911913779041,727.176964520395,717.5548070653372,726.45751953125,11415300
2025-10-03,META,729.0354240673363,730.4043027655052,709.6012618171895,709.98095703125,16154300
2025-10-06,META,704.6153434967972,716.2958197616522,689.9473135389625,715.0767822265625,21654700
2025-10-07,META,717.135073707775,717.9144673294414,705.1748577839295,712.4989013671875,12062900
2025-10-08,META,712.8686286502683,719.063588526951,707.233209995552,717.2550659179688,10790600
2025-10-09,META,717.694662739213,732.9122314453125,711.8593952481671,732.9122314453125,12717200
2025-10-10,META,730.3243364156914,734.6708280741015,703.9358854737135,704.7252197265625,16980100
2025-10-13,META,712.4289500007787,719.353295154282,707.0633311027989,715.1167602539062,9251800
2025-10-14,META,707.2032236513401,714.966850016347,698.7600977854659,708.072509765625,8829800
2025-10-15,META,716.4756800447307,723.3101331023296,708.9318445822669,716.9652709960938,10246800
2025-10-16,META,716.9652609619593,724.898793146875,703.3064176322127,711.48974609375,9017000
2025-10-17,META,706.5038073054051,717.9544293541486,705.5445676686097,716.3357543945312,12232400
2025-10-20,META,720.602270855396,733.1720358988009,719.5930841941394,731.5733032226562,8900200
2025-10-21,META,735.4202444049121,737.898203963144,728.156149137632,732.6724853515625,7647300
2025-10-22,META,733.2320185457676,739.9964601984101,723.4400167690366,732.8123168945312,8734500
2025-10-23,META,734.1012972282697,741.8049752352916,732.5025644943078,733.40185546875,9856000
2025-10-24,META,736.1895728454068,740.6060149267306,730.5542151922721,737.75830078125,9151300
2025-10-27,META,749.1189913399045,755.1341048828856,747.4004223192904,750.2081298828125,11321100
2025-10-28,META,752.0166693998259,757.7819868095911,744.9124781386814,750.82763671875,12193800
2025-10-29,META,754.1349412128479,758.5413205942342,741.9049255575367,751.0574340820312,26818600
2025-10-30,META,668.6047496805471,680.405123547836,649.6401745693712,665.9268798828125,88440100
2025-10-31,META,673.9603724515775,674.3400676801817,645.0439523217459,647.8216552734375,56953200
2025-11-03,META,655.4654426520216,658.792746197499,635.6615861365713,637.1903686523438,33003600
2025-11-04,META,627.528160823027,641.2170082918374,625.4998468710925,626.8087768554688,27356600
2025-11-05,META,631.7947143740674,641.7066132741587,626.0293969573662,635.4317626953125,20219900
2025-11-06,META,635.3318005623231,635.4817027165644,617.4963715076051,618.4356079101562,23628800
2025-11-07,META,615.9875913853423,621.6230097922952,600.7100736857968,621.203369140625,29946800
2025-11-10,META,630.5757412925083,634.4825281361091,617.606277436272,631.2451782226562,19245000
2025-11-11,META,627.4882640088713,629.0469903781388,618.8852946435945,626.5690307617188,13302200
2025-11-12,META,627.6181473129036,628.4774318700306,607.2747531328254,608.5137329101562,24493300
2025-11-13,META,612.5704066192014,617.1466913787408,602.5086055074847,609.3930053710938,20973800
2025-11-14,META,601.2995852054279,613.1799107961393,594.7149894844074,608.96337890625,20724100
2025-11-17,META,608.54364845602,611.1915132655756,594.914810553651,601.5194091796875,16501300
2025-11-18,META,591.1178778321469,603.1680476389258,583.3043040560937,597.2029418945312,25500600
2025-11-19,META,593.236120814011,594.8448550993957,580.7763124672824,589.8389282226562,24744700
2025-11-20,META,603.0082035639184,606.225550290049,582.8745995478572,588.669921875,20603000
2025-11-21,META,588.0204327318114,597.6325885375659,581.38582901572,593.7657470703125,21052600
2025-11-24,META,598.2320754408486,616.1974650582393,597.1429978306941,612.5504150390625,23554900
2025-11-25,META,623.4914651316196,636.5308177101258,617.7960982049689,635.7014770507812,25213000
2025-11-26,META,637.1703200291516,637.8397569399452,631.1152610365342,633.0936279296875,15209500
2025-11-28,META,635.5616748244524,647.5218911860414,634.9821303911365,647.4219970703125,11033200
2025-12-01,META,639.028785702615,644.7941029489796,637.2402664201815,640.3477172851562,13029900
2025-12-02,META,641.8165621493692,647.3420238521164,637.5500224020741,646.5726318359375,11640900
2025-12-03,META,643.8848130159247,648.3211970895987,637.0304181904862,639.0787353515625,11134300
2025-12-04,META,675.4491463216154,675.5490404402168,659.512131337801,660.990966796875,29874600
2025-12-05,META,663.4589092143041,674.1402004180294,661.8502358329807,672.8712158203125,21207900
2025-12-08,META,668.7945609027437,676.1585499822719,664.528021142878,666.256591796875,13161000
2025-12-09,META,663.2291308887899,663.9385132978894,652.807637338328,656.4246826171875,12997100
2025-12-10,META,649.4203737252112,653.9766553823684,642.8757234590145,649.6002197265625,16910900
2025-12-11,META,642.7657334383907,654.7460135009795,640.2777724038347,652.1781005859375,13056700
2025-12-12,META,649.2704855848336,710.4206277669183,638.0896015354143,643.7050170898438,14016900
2025-12-15,META,645.7000122070312,653.0,638.7000122070312,647.510009765625,15549100
2025-12-16,META,643.5,662.5399780273438,643.2000122070312,657.1500244140625,14309100
2025-12-17,META,655.6099853515625,661.22998046875,649.2000122070312,649.5,15598500
2025-12-18,META,657.030029296875,670.5599975585938,656.4600219726562,664.4500122070312,20260300
2025-12-19,META,666.4199829101562,671.0,658.1799926757812,658.77001953125,49977100
2025-12-22,META,661.6500244140625,673.5800170898438,656.6500244140625,661.5,15659400
2025-12-23,META,660.0499877929688,666.0,658.25,664.9400024414062,8486800
2025-12-24,META,662.530029296875,668.1799926757812,662.2000122070312,667.5499877929688,5627500
2025-12-26,META,668.0599975585938,668.9500122070312,661.3200073242188,663.2899780273438,7062300
