Date,Ticker,Open,High,Low,Close,Volume
,,MSFT,MSFT,MSFT,MSFT,MSFT
2000-01-03,MSFT,35.849612128127355,36.231397134816675,34.207936599363265,35.6014518737793,53228400
2000-01-04,MSFT,34.685169179749145,35.77325649028613,34.284294907446046,34.39883041381836,54119000
2000-01-05,MSFT,33.94068272699045,35.54417954873803,33.40618378640792,34.76152038574219,64059600
2000-01-06,MSFT,34.26520009474321,34.78060978976163,33.10075596896085,33.597076416015625,54976600
2000-01-07,MSFT,33.177116560922606,34.2842930629557,32.77624231018648,34.0361328125,62013600
2000-01-10,MSFT,34.646986035302376,34.72334302931957,34.01704083466052,34.2842903137207,44963600
2000-01-11,MSFT,34.05521960449219,34.89514654541016,33.19620341491699,33.406185150146484,46743600
2000-01-12,MSFT,33.1389220722737,33.25345751722396,31.898121418645943,32.318084716796875,66532400
2000-01-13,MSFT,31.879042672419896,33.177111475847774,31.000937305395155,32.928951263427734,83144000
2000-01-14,MSFT,32.73806118487249,34.79970002333677,32.29900846927362,34.2842903137207,73416400
2000-01-18,MSFT,34.15066754927803,35.58236126990176,34.13157829966972,35.21966552734375,81483600
2000-01-19,MSFT,33.74982320482486,34.05525146912192,32.3753960154881,32.680824279785156,97568200
2000-01-20,MSFT,32.699906560609925,33.50165558311174,32.33721057424005,32.375389099121094,56349800
2000-01-21,MSFT,32.680779459390294,32.75713642074401,31.53542503908456,31.688138961791992,68416200
2000-01-24,MSFT,31.7024840204804,32.279934053067805,30.790971985569705,30.924596786499023,63597600
2000-01-25,MSFT,30.848221557988218,31.72632687461412,30.40916889967527,31.401809692382812,59823200
2000-01-26,MSFT,31.28727902106519,31.61179625313237,30.27554882697339,30.351905822753906,49365000
2000-01-27,MSFT,30.509387576127352,30.90548943266084,29.702866928486884,30.161008834838867,63654800
2000-01-28,MSFT,29.97012990121623,30.619164561497346,29.702880335218122,30.00830841064453,58225400
2000-01-31,MSFT,29.817411303367955,29.989214569520524,28.97748422439984,29.893768310546875,73194200
2000-02-01,MSFT,30.084667184965205,31.535450627895,29.8365068592009,31.440004348754883,70196600
2000-02-02,MSFT,31.287284689073743,31.745426746753896,30.695517864570213,30.790964126586914,49915600
2000-02-03,MSFT,31.172747355462267,31.821781899299204,30.580980565493295,31.649978637695312,49186000
2000-02-04,MSFT,31.879059978943765,32.98623691234421,31.807475263422184,32.547183990478516,55365400
2000-02-07,MSFT,32.623525221490354,32.64261446971826,31.840866044146235,32.56625747680664,40005800
2000-02-08,MSFT,32.508993462177074,33.59708073601389,32.508993462177074,33.5779914855957,56229000
2000-02-09,MSFT,33.42528785421298,33.42528785421298,31.726344039806953,31.764522552490234,55090000
2000-02-10,MSFT,31.73112649175356,32.54719246108577,31.306390402452,32.375389099121094,54527800
2000-02-11,MSFT,32.03177698885671,32.03177698885671,30.27556513964645,30.523725509643555,115559000
2000-02-14,MSFT,30.91980699284313,31.07729327633809,30.25645567751589,30.428258895874023,81028600
2000-02-15,MSFT,30.46643636312829,30.54279334649453,29.970115971247758,30.103740692138672,71027600
2000-02-16,MSFT,30.31372615408806,30.60006487720602,29.664691715020684,29.817405700683594,65202600
2000-02-17,MSFT,30.084652459157756,30.447348142358262,29.669461348125598,30.428258895874023,80343400
2000-02-18,MSFT,30.542804785734095,30.56189403872518,28.977486040465223,29.034753799438477,79063000
2000-02-22,MSFT,29.053841747815095,29.6646978161003,28.347539418860325,28.65296745300293,66296200
2000-02-23,MSFT,28.55751010277543,29.24472291273527,28.11845747418998,28.78658103942871,75847200
2000-02-24,MSFT,28.786584652822693,29.28290507787136,28.09937175660146,28.939298629760742,69733200
2000-02-25,MSFT,28.920210323294572,28.92498263522911,27.641230724838643,27.88939094543457,65301400
2000-02-28,MSFT,27.564877392244828,28.137554900393962,26.915842883009148,27.96575164794922,76131800
2000-02-29,MSFT,28.02301405259779,28.02301405259779,27.14490870762538,27.297622680664062,58437400
2000-03-01,MSFT,27.37400028415163,28.738882446157795,27.16401841307376,27.736696243286133,106889800
2000-03-02,MSFT,28.04210362185436,29.130190692273487,27.832121906510316,28.51933479309082,106932600
2000-03-03,MSFT,28.939302784258743,30.199193274866314,28.672053286251074,29.35926628112793,101435200
2000-03-06,MSFT,29.321090382543105,29.741053916668072,27.52670073673643,27.679414749145508,93609400
2000-03-07,MSFT,29.35926778287618,29.779231301226815,28.08028797699016,28.366626739501953,135061000
2000-03-08,MSFT,28.652959133769425,29.3783505042446,27.793943037154087,29.187458038330078,94290000
2000-03-09,MSFT,29.111099839210514,30.542793273925785,29.015653610229496,30.54279327392578,88198800
2000-03-10,MSFT,30.40917757832178,31.306372397016773,30.390088326860184,30.848230361938477,85589000
2000-03-13,MSFT,29.81739699353977,30.619145184147115,29.779218508272756,29.93193244934082,61831800
2000-03-14,MSFT,30.122844648423865,30.31373720006153,29.05384635925293,29.05384635925293,73489200
2000-03-15,MSFT,28.882027802273612,29.511972889831462,28.61477837118846,29.13018798828125,53208000
2000-03-16,MSFT,29.301991193978846,29.53106213490897,28.481153655645887,29.13018798828125,77300800
2000-03-17,MSFT,29.09201539237544,30.390084320644164,28.862944405033904,30.351905822753906,81161600
2000-03-20,MSFT,30.161008406358754,30.466436339587702,29.47379555659362,29.741044998168945,47773000
2000-03-21,MSFT,29.550155096680577,31.49725833948511,29.473798106766672,31.382722854614258,81648800
2000-03-22,MSFT,31.401806200964977,32.260822176067364,30.886396615903546,31.535430908203125,93975800
2000-03-23,MSFT,32.62352493541867,34.47518199728854,32.56625719123713,34.16975402832031,148224000
2000-03-24,MSFT,34.39883037325919,35.124221912761875,33.4634570723215,34.112491607666016,112196800
2000-03-27,MSFT,32.914645767211915,33.06258748372396,31.745428975423177,31.783607482910156,111434000
2000-03-28,MSFT,31.649957948276707,32.81440151573442,31.26817317206107,31.859939575195312,81114400
2000-03-29,MSFT,32.127219041651955,33.27257444420639,32.10812978494272,32.738075256347656,64363800
2000-03-30,MSFT,32.43264197957271,33.17712287257055,31.306376013242637,31.573625564575195,64178400
2000-03-31,MSFT,32.375379423253676,33.0625926657284,31.802701721191404,32.45173645019531,64281400
2000-04-03,MSFT,28.843856988615638,29.473802243826967,27.488520227403388,27.755769729614258,260118200
2000-04-04,MSFT,27.965755025181203,28.099379793219608,25.94229425202816,27.049470901489258,181244400
2000-04-05,MSFT,26.954021348967046,27.030378349955622,26.228629839575582,26.381343841552734,82887600
2000-04-06,MSFT,26.8394869954087,26.877665497535883,26.042510763503785,26.266809463500977,66421400
2000-04-07,MSFT,26.572239347759048,27.297630939149023,25.96138327079907,27.202184677124023,82613600
2000-04-10,MSFT,27.068551594741812,27.068551594741812,26.266803240031546,26.285892486572266,60685400
2000-04-11,MSFT,25.999558049413736,26.285896794451332,25.503237558015236,25.617773056030273,71961800
2000-04-12,MSFT,25.0832721830353,25.12145067950872,24.052452778253027,24.243345260620117,153003800
2000-04-13,MSFT,24.701486298714524,25.121449744287723,24.12880887293289,24.20516586303711,94316200
2000-04-14,MSFT,24.16699266031661,24.281528170555074,22.37260299991395,22.63985252380371,151217800
2000-04-17,MSFT,22.678024612502174,23.212523509093135,22.296239686365773,23.174345016479492,119772200
2000-04-18,MSFT,23.365248876176572,25.02601411492442,23.174356319998658,24.606050491333008,91794600
2000-04-19,MSFT,24.873292232146806,24.892381481749375,23.861562003210675,24.03336524963379,53715400
2000-04-20,MSFT,24.01428158926945,24.396066670179934,23.670675016450016,24.10972785949707,52387400
2000-04-24,MSFT,20.54002688839109,20.769097820231885,19.852814092868712,20.34913444519043,313645800
2000-04-25,MSFT,20.998181008003854,21.227252073545714,20.65457440969106,21.18907356262207,159517400
2000-04-26,MSFT,21.379965894362506,21.723572489093332,20.57821717332391,20.76910972595215,107091200
2000-04-27,MSFT,20.59730134996433,21.360871372205825,20.578212099408294,21.32269287109375,77669800
2000-04-28,MSFT,21.609032142119595,21.685389146155355,20.845462101762013,21.303604125976562,78082600
2000-05-01,MSFT,22.25807301947411,22.601679635555186,21.89537714694409,22.42987632751465,107811000
2000-05-02,MSFT,22.23897438356403,22.44895611594103,21.22724421847485,21.341779708862305,97716200
2000-05-03,MSFT,21.49449958835058,21.628124363766613,21.01726824757903,21.551767349243164,55354800
2000-05-04,MSFT,21.475405638050802,21.76174437989148,21.169977646754077,21.51358413696289,43317200
2000-05-05,MSFT,21.456320328536478,21.933551652569765,21.34178481076849,21.723569869995117,36402200
2000-05-08,MSFT,21.666299381102423,21.799924134994686,21.284514369981675,21.32269287109375,36187600
2000-05-09,MSFT,21.437221425139956,21.513578402611515,20.616383917320707,20.711830139160156,60778400
2000-05-10,MSFT,20.69275027699241,20.73092878303852,20.081894180254626,20.215518951416016,67740000
2000-05-11,MSFT,20.349145239448898,20.80728734615319,20.081895677204727,20.73093032836914,58390800
2000-05-12,MSFT,20.902729813994117,21.30360408439948,20.845462061079065,21.01726531982422,37886000
2000-05-15,MSFT,21.07453802985114,21.208162818083892,20.76910994246199,21.18907356262207,33899600
2000-05-16,MSFT,21.24633839833651,21.570855696424307,21.093624375706955,21.227249145507812,48410600
2000-05-17,MSFT,21.03635219105503,21.112709186303867,20.54003172193758,20.673656463623047,53242000
2000-05-18,MSFT,20.788196542107688,20.788196542107688,20.120072686300738,20.215518951416016,53640400
2000-05-19,MSFT,19.967356349274475,20.139159606581806,19.700106837907512,19.871910095214844,66578000
2000-05-22,MSFT,19.890998788330318,19.929177288883732,19.070161026431848,19.604660034179688,69955000
2000-05-23,MSFT,19.50921809708683,20.024627968536286,19.261057788611165,19.299236297607422,57963200
2000-05-24,MSFT,19.28013758845734,20.330046070997096,19.241959098183166,20.02461814880371,85482400
2000-05-25,MSFT,19.71919230910821,19.77646005056738,18.669283715690057,18.7838191986084,94348800
2000-05-26,MSFT,18.955622930128964,19.127426159102942,18.44021324320703,18.76473045349121,55822000
2000-05-30,MSFT,19.070169375492977,19.585579358614407,18.936544565054085,19.356508255004883,68536400
2000-05-31,MSFT,19.437621112350936,19.456710354788797,18.95561774079497,19.10833168029785,54968200
2000-06-01,MSFT,19.661922861045696,20.15824324394588,19.490119651580248,19.71919059753418,94507200
2000-06-02,MSFT,20.15824638460179,20.387317366244993,19.85281840907752,20.253692626953125,80463200
2000-06-05,MSFT,20.163023638948104,20.883642945334177,20.15825132566078,20.425500869750977,64400000
2000-06-06,MSFT,20.826373841646973,21.34178364341092,20.711838330143873,21.265426635742188,99019000
2000-06-07,MSFT,21.150895396022932,21.609037534564948,20.50186069975508,21.53268051147461,76310600
2000-06-08,MSFT,21.85719236257832,22.028995621323478,20.845462061079065,21.01726531982422,94765600
2000-06-09,MSFT,21.265425582456114,21.2845148334278,20.864551312050747,21.01726531982422,35710200
2000-06-12,MSFT,21.074535476827176,21.074535476827176,20.272786844556578,20.425500869750977,49260600
2000-06-13,MSFT,20.387323748340922,20.769108837261165,20.1964312038808,20.73093032836914,44289200
2000-06-14,MSFT,21.32269869797619,21.685394557655282,21.22725241911327,21.53268051147461,79992400
2000-06-15,MSFT,21.628117399923955,22.20079482445857,21.570849657470493,22.105348587036133,65592600
2000-06-16,MSFT,22.18171934050594,22.33443341513937,21.838112672580717,22.162630081176758,68710600
2000-06-19,MSFT,22.162622844899886,22.54440790682753,21.990819567032442,22.506229400634766,46604800
2000-06-20,MSFT,22.563490904998144,22.98345435669862,22.52531240938901,22.88800811767578,62275000
2000-06-21,MSFT,23.51794738533144,25.1023545549601,23.498858142323865,24.64421272277832,160399600
2000-06-22,MSFT,24.854208762656917,25.045101303076706,24.2242633792716,24.396066665649414,87315200
2000-06-23,MSFT,24.415156584637643,24.453335093761392,23.517961620229535,23.727943420410156,49811600
2000-06-26,MSFT,23.67067055132404,24.47241906999792,23.67067055132404,24.281526565551758,48287000
2000-06-27,MSFT,24.20516172767536,24.472411147381557,23.937912307969167,24.071537017822266,31071200
2000-06-28,MSFT,24.128817113542596,24.453334432316506,24.01428158926945,24.10972785949707,37459200
2000-06-29,MSFT,23.89974310871078,24.10972487723779,23.537047326709576,23.575225830078125,38449000
2000-06-30,MSFT,23.537049253284934,24.43424415588379,23.422513733804227,24.43424415588379,52356400
2000-07-03,MSFT,24.338797889649868,24.453333409130575,24.243351623415947,24.43424415588379,15734800
2000-07-05,MSFT,24.396062532048315,24.396062532048315,23.899742011052027,23.976099014282227,34824400
2000-07-06,MSFT,24.09063574595801,24.949652076043677,23.976100235279922,24.7205810546875,47873200
2000-07-07,MSFT,24.820800541741093,25.31234879319261,24.60604645130111,25.04509925842285,54153200
2000-07-10,MSFT,24.644228649364504,24.835121202806523,24.243354287136267,24.26244354248047,52689800
2000-07-11,MSFT,24.07154213120399,24.586951835837223,23.976095889605244,24.166988372802734,37164800
2000-07-12,MSFT,23.899738872839784,24.739665798083355,23.57522165172295,24.52968406677246,58370200
2000-07-13,MSFT,24.071539442645467,24.4342351202111,23.632486780329174,24.415145874023438,80843200
2000-07-14,MSFT,24.28153114590679,24.357888162088887,23.95701382713288,24.10972785949707,51180600
2000-07-17,MSFT,23.899734997158525,24.300609146471885,23.670664054693745,23.880645751953125,53992800
2000-07-18,MSFT,23.708849502976534,24.28152702720302,23.651581750553884,23.976099014282227,70617200
2000-07-19,MSFT,23.231629741701305,23.670682727781116,22.238988207955646,22.334434509277344,139924600
2000-07-20,MSFT,22.42986528496993,22.983453449450042,22.33441904971474,22.849828720092773,54690600
2000-07-21,MSFT,22.830742482388956,22.907099480657816,21.952637002297074,22.086261749267578,56100600
2000-07-24,MSFT,22.009909436383854,22.028998690014713,21.379964066565407,21.551767349243164,56165600
2000-07-25,MSFT,21.62812370839326,21.685391467550527,20.883642839348834,21.074535369873047,64188600
2000-07-26,MSFT,21.093615026517945,21.22723973709317,20.54002693984915,20.711830139160156,85404600
2000-07-27,MSFT,20.730931431538348,21.41814462816393,20.61639589876742,21.18907356262207,74337600
2000-07-28,MSFT,21.666298468551293,21.93354796507968,21.265424223758714,21.284513473510742,75645600
2000-07-31,MSFT,21.437228374429974,21.723567132770537,21.150889616089415,21.32269287109375,70283800
2000-08-01,MSFT,21.360874809494227,21.399053316749804,20.826375707916178,20.979089736938477,47163600
2000-08-02,MSFT,20.94091324161839,21.513590905473038,20.921823986156568,21.18907356262207,48269200
2000-08-03,MSFT,20.826368922440608,21.494492581730636,20.807279675032323,21.456314086914062,54543400
2000-08-04,MSFT,21.208159120776983,21.341783885714374,20.82637407809873,21.112712860107422,38107400
2000-08-07,MSFT,21.43723259142467,21.723571406091963,21.3036078112466,21.37996482849121,52741800
2000-08-08,MSFT,21.39905116288698,22.81165578916141,21.37996191118057,22.63985252380371,138038800
2000-08-09,MSFT,22.52532169072315,22.86892829278503,22.334429134022106,22.678035736083984,63945600
2000-08-10,MSFT,22.544408929532654,22.620765945382043,21.914463548775178,22.181713104248047,48986000
2000-08-11,MSFT,22.124435424804688,22.200792406426103,21.876275234535093,22.124435424804688,35629600
2000-08-14,MSFT,22.086264670566045,22.41078195613184,21.79992588918446,22.048086166381836,53427000
2000-08-15,MSFT,21.990826831438152,22.296254981874792,21.838112756219832,21.876291275024414,40714200
2000-08-16,MSFT,21.952641933736665,22.067177456869207,21.551767602772777,21.685392379760742,44976200
2000-08-17,MSFT,21.723568232507162,21.99081775382096,21.551764968805436,21.857192993164062,36112800
2000-08-18,MSFT,21.72357088747159,21.819017156748703,21.37996431807397,21.685392379760742,54438800
2000-08-21,MSFT,21.58994343850465,21.628121941490512,21.399050923575345,21.57085418701172,34119600
2000-08-22,MSFT,21.628124491373697,22.124445088704427,21.446776580810546,21.761749267578125,54428200
2000-08-23,MSFT,21.62811710977723,21.723563345919228,21.49449237917843,21.609027862548828,36726800
2000-08-24,MSFT,21.570855846304468,21.74265912295645,21.36087406372982,21.723569869995117,42405400
2000-08-25,MSFT,21.58994343850465,21.89537146239154,21.55176493551879,21.57085418701172,52729400
2000-08-28,MSFT,21.437235207854396,22.02900216372571,21.418145951213386,21.780841827392578,56421600
2000-08-29,MSFT,21.742645339293627,22.219876360788216,21.647199134994707,21.666288375854492,59400200
2000-08-30,MSFT,21.589946625913893,21.666303643158503,21.284518556935446,21.37996482849121,53498800
2000-08-31,MSFT,21.647210130546387,21.99081664055506,21.284514369981675,21.32269287109375,72575400
2000-09-01,MSFT,21.379951891470252,21.570844319072666,21.284505677669046,21.437219619750977,37629800
2000-09-05,MSFT,21.379961907969864,21.589943676708856,21.32269415285923,21.418140411376953,50755200
2000-09-06,MSFT,21.399047159697965,21.589939641051203,21.16997618207408,21.208154678344727,62960800
2000-09-07,MSFT,21.379964319751476,22.00990969702987,21.20816103503919,21.3990535736084,111711200
2000-09-08,MSFT,21.494494421832513,21.647208414172354,21.13179869002539,21.16997718811035,56709600
2000-09-11,MSFT,21.112711574682642,21.2845148334278,20.788194308164012,21.01726531982422,48495200
2000-09-12,MSFT,20.99818168430153,21.169984988991274,20.654575074922054,20.807289123535156,46781200
2000-09-13,MSFT,20.635477254678914,20.998172969608515,20.520941765753776,20.845458984375,40744800
2000-09-14,MSFT,20.979084290217358,20.998173538889077,20.062800353974925,20.10097885131836,78503000
2000-09-15,MSFT,19.98644503971386,20.043712790543985,19.337410530305768,19.604660034179688,99915200
2000-09-18,MSFT,19.623753237345863,19.738288762077453,18.993807851322114,19.241968154907227,69037800
2000-09-19,MSFT,19.43285408753615,20.081888506962702,19.35649709701538,19.85281753540039,79311200
2000-09-20,MSFT,19.81464898076039,19.852827495174186,19.299239036174136,19.623756408691406,67791400
2000-09-21,MSFT,19.547392283349563,19.890998788330318,19.413767531412603,19.604660034179688,48952200
2000-09-22,MSFT,18.669290406901844,19.394682058703758,18.63111189891227,19.31832504272461,84476600
2000-09-25,MSFT,19.31831625335071,19.39467323458925,18.459300214417127,18.707460403442383,53484200
2000-09-26,MSFT,18.612025242859676,20.120076518947794,18.45931118958493,19.14652442932129,155704800
2000-09-27,MSFT,19.37558722741825,19.41376572441809,18.26841081442292,18.516571044921875,106155600
2000-09-28,MSFT,18.573837081955844,18.898354276604607,18.516569341723706,18.726551055908203,52360400
2000-09-29,MSFT,18.63110908152526,18.72655533706586,17.905717539416695,18.421127319335938,74053600
2000-10-02,MSFT,18.47839515153752,18.573841407485542,17.791182108711745,18.05843162536621,58562400
2000-10-03,MSFT,18.192054131017862,18.26841112632119,17.256680938552098,17.27577018737793,85374000
2000-10-04,MSFT,17.218498083757574,17.275765815743465,16.645820763898676,16.932159423828125,136453400
2000-10-05,MSFT,16.951256814444307,17.485755903188046,16.87489980176663,16.91307830810547,81099400
2000-10-06,MSFT,17.046699633346233,17.333038372988106,16.722182395085444,16.9703426361084,61794000
2000-10-09,MSFT,16.989425650379925,17.02760413498752,16.187677473620422,16.550373077392578,58323600
2000-10-10,MSFT,16.474022586730747,16.97034308181186,16.435844087109125,16.664915084838867,62066200
2000-10-11,MSFT,16.493121023135334,17.390316263977187,16.493121023135334,17.027620315551758,101205800
2000-10-12,MSFT,17.199415647572486,17.371218911532697,16.43584558552709,16.607648849487305,90219600
2000-10-13,MSFT,16.454936089626578,16.76036413769389,15.920437005508777,16.416757583618164,104521200
2000-10-16,MSFT,16.340392223954495,16.435838440215914,15.137769899060649,15.385930061340332,119759000
2000-10-17,MSFT,15.844073348772127,16.015876553758815,15.347752978810592,15.405020713806152,81276600
2000-10-18,MSFT,15.15686235105358,16.264038694077644,14.794166652476731,15.805896759033203,110536400
2000-10-19,MSFT,17.8484468460083,18.993801723827016,17.714822110262784,18.89835548400879,256993200
2000-10-20,MSFT,18.72655409523076,20.196426333082716,18.669286345704062,19.91008758544922,160378600
2000-10-23,MSFT,19.738290222597794,20.2346108664929,18.535667123928874,18.974720001220703,185170400
2000-10-24,MSFT,19.12742564736343,19.222871883128718,18.382945008394195,18.7838191986084,94427400
2000-10-25,MSFT,18.91744210184837,19.375583989279612,18.459300214417127,18.707460403442383,167603800
2000-10-26,MSFT,18.631104551624258,19.871905571968085,18.573836812223774,19.681013107299805,114826600
2000-10-27,MSFT,19.757372520636984,21.131798435116078,19.738283271824773,20.673656463623047,124292400
2000-10-30,MSFT,20.616387207583603,21.418135598989632,20.578208712754744,21.093618392944336,110057600
2000-10-31,MSFT,21.074536387587198,21.22725041938131,20.769108323998978,21.036357879638672,104474000
2000-11-01,MSFT,20.92182010123289,21.39905139916247,20.902730849315706,21.265426635742188,81309400
2000-11-02,MSFT,21.494492078993055,21.6376614312066,21.26542111545139,21.47540283203125,77985200
2000-11-03,MSFT,21.150886954842033,21.26542244376717,20.788191239912432,20.845458984375,68711000
2000-11-06,MSFT,20.97908885873479,21.418141673794754,20.84546408893393,21.227249145507812,74851400
2000-11-07,MSFT,21.303609442203605,21.952644138471456,21.22725241911327,21.53268051147461,104331200
2000-11-08,MSFT,21.723564377998468,22.105349340704944,20.76910197123228,21.208154678344727,206149400
2000-11-09,MSFT,20.921823208924955,21.780839672795047,20.902733954172284,21.647214889526367,91058600
2000-11-10,MSFT,21.36086807534071,21.475403560999375,20.406405694851852,20.578208923339844,93744400
2000-11-13,MSFT,20.36823093633212,20.807283711904418,19.671473270750003,20.291873931884766,83364800
2000-11-14,MSFT,20.769105057192327,21.322693335371167,20.559123296503802,21.01726531982422,84218600
2000-11-15,MSFT,21.093625511897663,21.64721387374837,20.979089988756137,21.3990535736084,60422200
2000-11-16,MSFT,21.208154889311665,21.838100084043695,21.05544090270996,21.05544090270996,92128600
2000-11-17,MSFT,21.20815387743091,21.379957104160773,20.707061132802142,21.093618392944336,106525600
2000-11-20,MSFT,20.807281423169513,20.921816917242005,20.024622213674146,20.52094268798828,80157200
2000-11-21,MSFT,20.578215409029013,21.150893017814607,20.578215409029013,20.692750930786133,59487600
2000-11-22,MSFT,20.177335298978367,21.227243947458792,20.158246050824175,20.845458984375,76343200
2000-11-24,MSFT,21.07452973475725,21.51358243756469,20.92181575117205,21.360868453979492,34439200
2000-11-27,MSFT,21.819006234328373,22.067166410221873,21.570846058434874,21.589935302734375,85307600
2000-11-28,MSFT,21.189075868521165,21.303611413756414,20.406416309413625,20.46368408203125,127446200
2000-11-29,MSFT,20.40640911794877,20.501855372008396,19.31832182166899,19.871910095214844,98280400
2000-11-30,MSFT,18.936531881361486,18.955621127209632,17.40939221350975,17.523927688598633,197200800
2000-12-01,MSFT,17.733909686932762,18.516568779682217,17.123053809664896,17.294857025146484,109809800
2000-12-04,MSFT,17.48575294638261,18.02025194474365,16.85580769831424,17.237592697143555,80407200
2000-12-05,MSFT,18.077522415208914,18.4783967243107,17.79118362299336,18.287504196166992,101734400
2000-12-06,MSFT,18.325681844120382,18.34477109604134,17.123058973099983,17.31395149230957,90560800
2000-12-07,MSFT,16.3213145087747,16.493117819393383,15.95861863080193,16.225868225097656,145308400
2000-12-08,MSFT,16.68399960575914,17.065784493762784,16.32130396215568,16.626731872558594,120939800
2000-12-11,MSFT,16.951255987226897,17.94389710359604,16.798541969323953,17.733915328979492,95576200
2000-12-12,MSFT,17.657557697827095,18.325681502609743,17.33304042121838,17.829360961914062,63106000
2000-12-13,MSFT,18.47839708619763,18.47839708619763,17.35213114809261,17.485755920410156,98360400
2000-12-14,MSFT,17.695734636203664,17.9391225721385,16.913075391236728,16.95125389099121,71201400
2000-12-15,MSFT,15.591136382222933,15.88224728498253,14.58417899726761,15.023231506347656,116899800
2000-12-18,MSFT,14.965973957535489,15.271401997485192,14.355117877636081,14.603278160095215,107187400
2000-12-19,MSFT,14.48873813980294,14.660541358851987,13.591543551435695,13.686989784240723,120271800
2000-12-20,MSFT,13.076133763933756,13.438829444977173,12.637081097407513,12.675259590148926,149037800
2000-12-21,MSFT,12.44619463364855,13.782442523764193,12.312569844636986,13.267032623291016,163173000
2000-12-22,MSFT,13.667903597229744,14.393295128926296,13.667903597229744,14.183313369750977,109551800
2000-12-26,MSFT,14.316938400268555,14.832348182678222,14.011510381062825,14.316938400268555,66941600
2000-12-27,MSFT,14.087867115580378,14.297848874755696,13.744260600566223,14.183313369750977,69003800
2000-12-28,MSFT,13.782437082427078,14.126043547085926,13.400652121695027,13.610633850097656,77619200
2000-12-29,MSFT,13.419745252867596,13.992422859675601,13.133406449463592,13.247941970825195,99977600
2001-01-02,MSFT,13.477013013548397,13.744262563392132,13.09522794234306,13.247941970825195,82413200
2001-01-03,MSFT,13.190673420295568,14.927795390262132,13.171584167878352,14.641456604003906,135962200
2001-01-04,MSFT,14.60327409313571,15.424111721900202,14.316935385427167,14.794166564941406,112397000
2001-01-05,MSFT,14.81326165818076,15.23322526189207,14.526922837468504,15.004154205322266,93414600
2001-01-08,MSFT,14.946884155273438,15.195044428604925,14.259671090663163,14.946884155273438,79817600
2001-01-09,MSFT,15.271401031457327,16.073149585608835,15.19504402630004,15.824989318847656,114965400
2001-01-10,MSFT,15.576826271435893,16.435842426110664,15.500469279909245,16.149503707885742,90230200
2001-01-11,MSFT,16.187682273171163,17.027609183571553,15.977700545571066,16.798538208007812,101854800
2001-01-12,MSFT,16.760376003301033,16.798554536338166,16.034983875595522,16.340412139892578,73712000
2001-01-16,MSFT,16.302218306787516,16.340396803993105,15.61500535708687,16.054058074951172,68462400
2001-01-17,MSFT,16.378578037410588,16.760363073247664,16.05406075694907,16.168596267700195,72844200
2001-01-18,MSFT,16.397665644551182,17.161235639640875,16.07314839663806,16.95125389099121,109788800
2001-01-19,MSFT,18.325677465219965,18.76473015449086,17.98207101274709,18.631105422973633,209348800
2001-01-22,MSFT,18.554747829318295,18.63110481627022,18.020248920654804,18.363855361938477,76673000
2001-01-23,MSFT,18.249323944312252,18.612019713079963,18.001163681471187,18.49748420715332,70295200
2001-01-24,MSFT,18.631105121813324,19.37558575680381,18.55474813360917,19.222871780395508,110455000
2001-01-25,MSFT,19.165613211081173,19.547398334807887,18.80291734354079,18.879274368286133,85657400
2001-01-26,MSFT,18.63110789656639,19.642838140949607,18.63110789656639,19.547391891479492,93080000
2001-01-29,MSFT,19.41376504232717,19.738282255424085,19.394675794497942,19.700103759765625,84983800
2001-01-30,MSFT,19.70011491041917,19.776471944955677,19.203794185931866,19.356508255004883,57276800
2001-01-31,MSFT,19.24195885243411,19.471029791153562,18.6311030158489,18.650192260742188,81898800
2001-02-01,MSFT,18.573838065764708,19.127426250664172,18.44021333147863,19.051069259643555,71792800
2001-02-02,MSFT,19.08925674924625,19.3565063437357,18.554757560267355,18.5738468170166,71100000
2001-02-05,MSFT,18.55475039823746,18.955624635236415,18.402036403190237,18.91744613647461,51399200
2001-02-06,MSFT,18.95561774079497,19.49011652905505,18.84108228616781,19.10833168029785,96442000
2001-02-07,MSFT,18.93652874490489,19.8719016365383,18.879261016845703,19.757366180419922,126061800
2001-02-08,MSFT,19.471039599682914,19.70011065379683,18.936540473417107,19.012897491455078,88041200
2001-02-09,MSFT,18.726555417002384,18.8029124217608,17.867539113470162,18.05843162536621,100575200
2001-02-12,MSFT,17.96298077157203,18.153873234606802,17.466660367681623,17.943891525268555,71289400
2001-02-13,MSFT,18.211143641159435,18.650196370453635,17.753001662765485,17.772090911865234,76070600
2001-02-14,MSFT,17.60028994313144,18.020253477566246,17.21850491182707,17.829360961914062,61728400
2001-02-15,MSFT,18.020253747986683,18.382949533168617,17.676647214656427,17.96298599243164,65627800
2001-02-16,MSFT,17.40939460845914,17.791179577942895,17.142145129820513,17.504840850830078,66958400
2001-02-20,MSFT,17.523926318891895,17.791175739877175,16.91307049949697,17.065784454345703,60730800
2001-02-21,MSFT,16.87490030924479,17.73391672770182,16.855811055501302,17.180328369140625,63947200
2001-02-22,MSFT,17.1994147684134,17.352128773016403,16.454933995973754,16.85580825805664,100816400
2001-02-23,MSFT,16.626739766629257,17.562113186336298,16.588561259702438,17.33304214477539,92620600
2001-02-26,MSFT,17.600288014847237,18.306590245377983,17.52393101695202,18.192054748535156,87936800
2001-02-27,MSFT,18.134790420532227,18.688378759685314,17.920036323446976,18.134790420532227,99148600
2001-02-28,MSFT,18.192063182087267,18.34954956325434,17.772099498975074,18.020259857177734,84608400
2001-03-01,MSFT,17.88662461062173,18.172963318369142,17.180322464844778,18.13001251220703,81781600
2001-03-02,MSFT,17.562111767282033,17.75300428649162,17.237594484625735,17.31395149230957,79800800
2001-03-05,MSFT,17.485750598928224,17.905714041260563,17.275768877762054,17.543018341064453,49383600
2001-03-06,MSFT,17.905713238801365,18.3256766623127,17.829356252708397,18.153873443603516,66781800
2001-03-07,MSFT,18.28749956627953,18.669284525909582,18.115696334446007,18.535659790039062,59743600
2001-03-08,MSFT,18.42112636767359,18.50702799322233,17.848448864015346,18.096609115600586,54626000
2001-03-09,MSFT,17.695736530728745,17.77209353841258,16.760363186601765,17.31395149230957,103794400
2001-03-12,MSFT,16.703096824719445,16.79854309228927,15.767723402535156,15.86316967010498,114376000
2001-03-13,MSFT,15.939517323671051,16.722176258126755,15.882249596759658,16.550373077392578,91035600
2001-03-14,MSFT,16.03497240278456,16.874899528644704,15.939526138482272,16.493114471435547,90686200
2001-03-15,MSFT,16.893987466903173,17.127830796247313,16.34039917702725,16.397666931152344,71638400
2001-03-16,MSFT,16.03496984108207,16.836718333136176,16.03019752862937,16.664915084838867,112848800
2001-03-19,MSFT,16.645825946838592,16.95125394586315,16.225862448179818,16.588558197021484,61036400
2001-03-20,MSFT,16.664911012208336,17.142142140851185,16.0731444126912,16.092233657836914,91822800
2001-03-21,MSFT,15.95861294445176,16.264040943388636,15.19504294710957,15.290489196777344,124988600
2001-03-22,MSFT,15.443205564110368,16.512203724296004,15.424116311249911,16.493114471435547,126363200
2001-03-23,MSFT,16.779449717906296,17.40939492915875,16.60764647847381,17.27577018737793,99519600
2001-03-26,MSFT,17.447571702359646,17.562107183994392,16.970340528881536,17.12305450439453,63118600
2001-03-27,MSFT,17.123061464579834,17.88663165252096,17.06579370048425,17.79118537902832,95135600
2001-03-28,MSFT,17.52393086608269,17.695734109867814,16.913074888180024,16.9703426361084,78681600
2001-03-29,MSFT,16.91307830810547,17.466666650018627,16.664918016903016,16.91307830810547,86985000
2001-03-30,MSFT,17.027609802246094,17.161234542846678,16.454932342529297,16.703092575073242,91201600
2001-04-02,MSFT,16.741275283283777,17.390309900879725,16.684007522907663,17.046703338623047,75924000
2001-04-03,MSFT,16.893988113492657,16.893988113492657,16.111328777161358,16.302221298217773,94187600
2001-04-04,MSFT,16.302222500926177,16.79854309228927,15.59592012090947,15.86316967010498,104046600
2001-04-05,MSFT,16.416757978531756,17.52393467940948,16.34040096467812,17.33304214477539,113364000
2001-04-06,MSFT,17.218497818383543,17.46665798649772,16.817623700660647,17.161230087280273,92622000
2001-04-09,MSFT,17.278062830270546,17.53767617870127,17.000123381376373,17.455211639404297,56295600
2001-04-10,MSFT,17.699549407781543,18.35316501487448,17.647626051969837,18.22793960571289,109199400
2001-04-11,MSFT,18.524205676043113,18.783818968092636,18.234048889854424,18.337894439697266,109879600
2001-04-12,MSFT,18.191287646021557,19.03121444039858,18.127146896236223,18.99150848388672,87520000
2001-04-16,MSFT,18.753282115953258,18.808259256344638,18.362333432601734,18.566970825195312,65857400
2001-04-17,MSFT,18.484508800535593,18.970139527420255,18.337903451963058,18.777719497680664,85149200
2001-04-18,MSFT,19.361076664193654,20.25292567748592,19.241959955648532,19.984149932861328,156696400
2001-04-19,MSFT,20.100207754384616,21.07452342355283,20.081882827515923,20.781312942504883,159375600
2001-04-20,MSFT,21.471592765455842,21.715933806388183,20.921821345453676,21.074535369873047,192919600
2001-04-23,MSFT,20.802699254928054,20.912653510714623,20.4331316902906,20.845458984375,92171200
2001-04-24,MSFT,20.830188704942813,21.35858017118378,20.506435770041023,20.631662368774414,89176600
2001-04-25,MSFT,20.63777381233559,21.31582447480273,20.540036926859408,21.285282135009766,76744000
2001-04-26,MSFT,21.401341831038252,21.68538999031785,20.845462913228076,21.114238739013672,118737600
2001-04-27,MSFT,21.23640832740053,21.282222993145155,20.222387467283305,20.500328063964844,121572400
2001-04-30,MSFT,20.930984443203954,21.09286094111703,20.67137105993405,20.692750930786133,74368200
2001-05-01,MSFT,20.665260232522442,21.471589990842244,20.646932967403277,21.431882858276367,83702800
2001-05-02,MSFT,21.685387856160983,21.73120252190324,21.18143119345758,21.306657791137695,92864400
2001-05-03,MSFT,21.150894999634843,21.434943213416812,20.8118696370489,20.930986404418945,66273400
2001-05-04,MSFT,20.769100984499225,21.7006571813373,20.756883586645404,21.609027862548828,119538400
2001-05-07,MSFT,21.633461042399663,22.03662582054088,21.593753919782973,21.80144500732422,109356200
2001-05-08,MSFT,21.91446378170868,22.02136313898784,21.609035715064653,22.009145736694336,75084000
2001-05-09,MSFT,21.75869082620629,21.7770180914022,21.337201010393056,21.502132415771484,76676600
2001-05-10,MSFT,21.72509770755361,21.75869498155974,21.367747426104327,21.37996482849121,64334600
2001-05-11,MSFT,21.36774765397717,21.379965056494346,20.967637625022494,21.19670867919922,51128800
2001-05-14,MSFT,21.114237946950738,21.135617814901757,20.860734464168875,20.989013671875,44968000
2001-05-15,MSFT,20.995117832250695,21.166159078597353,20.76910178877852,20.851566314697266,61385600
2001-05-16,MSFT,20.677470976160997,21.343303990492686,20.564464127684847,21.123397827148438,91893800
2001-05-17,MSFT,21.105070110052157,21.422715446107315,20.63165820293774,20.821022033691406,106984800
2001-05-18,MSFT,20.674427161173842,21.13562187707558,20.540038062377953,20.79659652709961,90605400
2001-05-21,MSFT,20.784375180340685,21.376903882949236,20.692745853325974,21.010391235351562,103491600
2001-05-22,MSFT,21.211969767114628,21.486855382610447,21.129505247581022,21.474637985229492,83455600
2001-05-23,MSFT,21.499078064190844,21.86864568743624,21.230302246438974,21.288331985473633,93637400
2001-05-24,MSFT,21.361636723672465,21.9236231687807,21.156998176813957,21.905298233032227,80781600
2001-05-25,MSFT,21.886970848720008,21.96027291374427,21.489913530229874,21.657899856567383,52747600
2001-05-29,MSFT,21.62430747497652,21.9144631984736,21.395236431090037,21.483808517456055,71210800
2001-05-30,MSFT,21.24558100363268,21.557119016214784,20.967642603624224,21.1325740814209,86501800
2001-05-31,MSFT,21.224187073981476,21.496017756415217,20.89127173513374,21.129505157470703,70682600
2001-06-01,MSFT,21.25779240661945,21.59376280494006,20.982906687909438,21.483808517456055,57587600
2001-06-04,MSFT,21.547947441390967,21.69149665138715,21.31887642959828,21.618194580078125,43736600
2001-06-05,MSFT,21.612084006859277,22.320676810515458,21.532672081470164,22.174070358276367,89454200
2001-06-06,MSFT,22.262655107765482,22.44285890726981,21.853382552326767,22.100778579711914,80022800
2001-06-07,MSFT,22.027469798648106,22.519209100779577,22.015252398133118,22.503936767578125,66960000
2001-06-08,MSFT,22.51004518409873,22.52531751789817,22.00609079195087,22.354278564453125,51867000
2001-06-11,MSFT,22.250426931307505,22.250426931307505,21.841154574012307,22.0274658203125,47345600
2001-06-12,MSFT,21.691488372613865,22.116035296249432,21.627348793419124,22.015243530273438,66714600
2001-06-13,MSFT,22.006086190222373,22.082443182790485,21.57543163362758,21.5907039642334,55302400
2001-06-14,MSFT,21.447155982916644,21.547947788986725,20.89127707854193,21.043991088867188,71972400
2001-06-15,MSFT,20.619446626545574,20.860735045997366,20.280421332273008,20.77521324157715,108354400
2001-06-18,MSFT,20.753836600469025,20.75689153365969,20.16130772419966,20.42702865600586,56846800
2001-06-19,MSFT,20.833243544126955,21.028717277180757,20.417861278829943,20.561412811279297,63457400
2001-06-20,MSFT,20.5064356669855,21.254733332463065,20.49421826739749,21.199758529663086,64108400
2001-06-21,MSFT,21.12035851751598,21.54795842350537,21.05010901279469,21.33110237121582,69603800
2001-06-22,MSFT,21.379959909932577,21.56627117556616,20.946252711015028,21.02260971069336,51092000
2001-06-25,MSFT,21.105079782775057,21.321933439133744,20.698859878643532,21.028722763061523,49215600
2001-06-26,MSFT,20.71412154853557,21.444094094700027,20.677469359062794,21.422714233398438,63077000
2001-06-27,MSFT,21.33719067848108,21.847254650026773,21.18447674710359,21.728137969970703,69199800
2001-06-28,MSFT,21.853384742777177,23.258353746041063,21.541846729435083,22.216842651367188,128975600
2001-06-29,MSFT,22.17407200337776,22.421470264246377,21.8075593409341,22.29624366760254,94283800
2001-07-02,MSFT,22.006087231730987,22.34205754888546,21.425773594702026,21.563215255737305,72810200
2001-07-03,MSFT,21.471587782251216,21.624301771228165,21.358578591525276,21.523509979248047,28037400
2001-07-05,MSFT,21.44715300794014,21.59986699708215,20.90349157943149,20.92487144470215,49242600
2001-07-06,MSFT,20.86072924883464,20.891271576810173,20.05745227471959,20.17656898498535,67467800
2001-07-09,MSFT,20.219330889067084,20.43618680059173,19.865035651956966,20.06356430053711,66476600
2001-07-10,MSFT,20.12770163600086,20.23460094855093,19.654287398697385,19.693994522094727,66562600
2001-07-11,MSFT,19.611537779061887,20.38732542310442,19.60848284563482,20.31096839904785,73822600
2001-07-12,MSFT,21.593760926901272,22.006090634220993,21.48075404642691,21.8686466217041,128078000
2001-07-13,MSFT,21.80755188264944,21.99080815119677,21.66705533242216,21.78922462463379,58934600
2001-07-16,MSFT,21.82282669080696,22.0396825918262,21.425771743112183,21.7403621673584,55990800
2001-07-17,MSFT,21.581547186849782,21.993874589360843,21.422723295513116,21.935842514038086,63241000
2001-07-18,MSFT,21.563212911265385,21.838098533679446,21.340251811584782,21.55405044555664,57590800
2001-07-19,MSFT,21.752585781948405,22.29624733031641,21.752585781948405,22.164913177490234,76549400
2001-07-20,MSFT,20.778262557514548,21.19669967766426,20.750775161197332,21.129505157470703,124203600
2001-07-23,MSFT,21.147841788987034,21.147841788987034,20.26515473312081,20.49117088317871,79999400
2001-07-24,MSFT,20.463676397250794,20.766049470656007,20.06661905745064,20.255985260009766,67530200
2001-07-25,MSFT,20.237660357290274,20.62249796760261,20.03913168707665,20.61028289794922,74065400
2001-07-26,MSFT,20.500335966272157,20.5614206573243,20.00554157991605,20.338457107543945,77974000
2001-07-27,MSFT,20.173524876760915,20.234609558429717,19.86809680795443,19.996376037597656,65396000
2001-07-30,MSFT,20.05135519513439,20.42703045253193,20.017757917776045,20.097169876098633,42196400
2001-07-31,MSFT,20.161299046211298,20.582788766082693,20.112429457120566,20.216276168823242,59031600
2001-08-01,MSFT,20.402593491441426,20.405646093998392,20.084948058195103,20.301801681518555,55679000
2001-08-02,MSFT,20.52781601873922,20.628607820048778,20.23766034491799,20.601118087768555,54198400
2001-08-03,MSFT,20.555303184548617,20.573628116960265,20.15824589393944,20.430076599121094,43260400
2001-08-06,MSFT,20.320120095573166,20.50032378852483,20.06050681747148,20.197948455810547,27831600
2001-08-07,MSFT,20.17046622464293,20.47894916972514,20.155193891925975,20.265148162841797,31347800
2001-08-08,MSFT,20.314011305503413,20.536972378814216,19.697045611473108,19.810054779052734,54996400
2001-08-09,MSFT,19.846716360994478,20.020810261957976,19.639025187017747,19.855878829956055,45536200
2001-08-10,MSFT,19.78256578896174,20.115483440816462,19.211417057325068,20.01163673400879,51756400
2001-08-13,MSFT,19.92611953338535,20.155190504252726,19.776460484883184,20.1063232421875,32675400
2001-08-14,MSFT,20.081893539227515,20.18573795384724,19.684836156929855,19.758140563964844,36481200
2001-08-15,MSFT,19.764250695821104,19.86809745431395,19.303054809570312,19.303054809570312,39503000
2001-08-16,MSFT,19.193096526327512,19.764246588654743,19.15033679060783,19.736759185791016,43905600
2001-08-17,MSFT,19.480195719120502,19.587095043481817,18.783820314446206,18.899883270263672,52234200
2001-08-20,MSFT,18.83268992090597,19.165606478451007,18.661649826118914,19.15033531188965,48371200
2001-08-21,MSFT,19.150327836946175,19.303041773181608,18.542525858078612,18.563905715942383,47111800
2001-08-22,MSFT,18.670820949934797,18.67692965203356,18.04469354875887,18.52726936340332,78107200
2001-08-23,MSFT,18.530317027202635,18.792985305336178,18.020252803708978,18.056903839111328,51813200
2001-08-24,MSFT,18.20350636275392,19.022053407325284,18.090498341223498,18.951805114746094,63399000
2001-08-27,MSFT,18.9059921517082,19.351916716362712,18.80520036052608,19.031217575073242,44562800
2001-08-28,MSFT,19.04038305689557,19.226694337896614,18.502830247472062,18.551698684692383,47422800
2001-08-29,MSFT,18.646382694772548,18.722739709218885,18.18518684016752,18.402040481567383,48170000
2001-08-30,MSFT,18.03246493790369,18.221829924817325,17.262786428529317,17.39106559753418,97632000
2001-08-31,MSFT,17.363581524704298,17.733150294251928,17.195596355881943,17.424667358398438,57900800
2001-09-04,MSFT,17.467428545589556,18.0446884986511,17.125349479605855,17.134511947631836,67189200
2001-09-05,MSFT,17.158947855840474,17.83394356331518,16.917659417927258,17.63541603088379,89470600
2001-09-06,MSFT,17.275006380161273,17.833938958674,17.073423966828205,17.110074996948242,112356800
2001-09-07,MSFT,17.137565115800424,17.519350112445007,16.893222950970962,16.920711517333984,89863800
2001-09-10,MSFT,16.77410083510337,17.699548226524115,16.70690748486961,17.58654022216797,84471800
2001-09-17,MSFT,16.499225483736854,16.829087213519728,16.126602842858624,16.160200119018555,127502000
2001-09-18,MSFT,16.312907613001354,16.79853812541337,16.23960438853067,16.59084701538086,83182600
2001-09-19,MSFT,16.63360793969611,16.70691116943531,15.454655720104874,16.453405380249023,126950200
2001-09-20,MSFT,15.98915436373579,16.068566291381693,15.476035261662505,15.503523826599121,117983200
2001-09-21,MSFT,14.636109626638781,15.4546567836668,14.507830422161373,15.182826042175293,184976600
2001-09-24,MSFT,15.469922559964967,16.019692509944043,15.231688021719279,15.885303497314453,85580200
2001-09-25,MSFT,15.964725495549272,16.18768784874643,15.320272075907091,15.66845989227295,84940600
2001-09-26,MSFT,15.732599597919942,15.821174019113712,15.133960851791166,15.353869438171387,58524400
2001-09-27,MSFT,15.301949358925008,15.479098239507648,14.660550730511485,15.25918960571289,81191200
2001-09-28,MSFT,15.155336691138036,15.75703021037195,14.959862961975734,15.62874984741211,116641200
2001-10-01,MSFT,15.558505444541257,16.034973652514747,15.39662894050525,15.818120002746582,69999600
2001-10-02,MSFT,15.769249899406898,16.35567117204174,15.747870029995138,16.202957153320312,80860800
2001-10-03,MSFT,16.02886394265035,17.38801899973912,16.00443030448229,17.174219131469727,97199200
2001-10-04,MSFT,17.384962858107816,17.8369973665032,17.168109237062165,17.238357543945312,101778000
2001-10-05,MSFT,17.152836776881443,17.714824354739875,16.78021423658275,17.629304885864258,80844400
2001-10-08,MSFT,17.348321214763473,17.913364073664212,17.32999626876758,17.727052688598633,60605800
2001-10-09,MSFT,17.562116078801743,17.583495952992763,16.55114862943253,16.66415786743164,99477600
2001-10-10,MSFT,16.370936446583517,17.027606956699575,16.18768015614489,16.954303741455078,86349200
2001-10-11,MSFT,17.0306677109614,17.360530567230878,16.67331744845169,17.20170783996582,83742600
2001-10-12,MSFT,17.01233305838407,17.299434844613074,16.661090532209474,17.22002410888672,63307000
2001-10-15,MSFT,17.07342787093321,17.86754030743989,17.058155536868632,17.733152389526367,68437000
2001-10-16,MSFT,17.675115629141857,17.992760985555215,17.473533223170918,17.852264404296875,66169000
2001-10-17,MSFT,18.056901129167027,18.111878256577395,17.097857496743213,17.113128662109375,73710600
2001-10-18,MSFT,17.20781668866005,17.586547990024936,16.95125707550721,17.33304214477539,78348000
2001-10-19,MSFT,17.531566406479644,17.717876494397178,16.990958745506102,17.684280395507812,91219600
2001-10-22,MSFT,17.684281208869653,18.380656658029945,17.55294707905569,18.374547958374023,72323600
2001-10-23,MSFT,18.469231483457328,18.765495850386788,18.142423617540313,18.457014083862305,80325000
2001-10-24,MSFT,18.478396601609862,18.820475683539552,18.20961959753592,18.72884750366211,79141400
2001-10-25,MSFT,18.511995224568214,19.119796422060872,18.194349757023033,19.107580184936523,75318200
2001-10-26,MSFT,19.03427448047842,19.43438561384057,18.960972406728615,18.997623443603516,64509400
2001-10-29,MSFT,18.967073540872626,18.997617032223335,18.185178804135447,18.215721130371094,55129400
2001-10-30,MSFT,17.995818759374096,18.185184974658284,17.77285643987703,17.98360252380371,57395600
2001-10-31,MSFT,18.111888482256354,18.54865081598586,17.74537448096445,17.76064682006836,64700000
2001-11-01,MSFT,18.350119518714177,19.01289788991847,18.203513015707003,18.887672424316406,109671200
2001-11-02,MSFT,18.915162886653597,19.24807957212234,18.481454365942906,18.753286361694336,83360000
2001-11-05,MSFT,18.89378074491984,19.55655910276663,18.86018347053763,19.324434280395508,66401600
2001-11-06,MSFT,19.150341362244216,19.83450079243029,18.985409914996364,19.78563117980957,68612000
2001-11-07,MSFT,19.61459393806915,19.86809983303234,19.55656185048607,19.623756408691406,58899000
2001-11-08,MSFT,19.68788611451574,20.17657038676673,19.443543978390245,19.675668716430664,74227800
2001-11-09,MSFT,19.651240325329447,20.051352669778332,19.5199073310118,19.916963577270508,48013600
2001-11-12,MSFT,19.761194598304677,20.292641101772684,19.440496532657956,20.094112396240234,57752800
2001-11-13,MSFT,20.402595049773222,20.7538354495903,20.341508040503758,20.73856544494629,60159600
2001-11-14,MSFT,20.839348676176467,20.872943604643705,20.094103781768595,20.14297103881836,88625600
2001-11-15,MSFT,20.188788740899597,20.47894671614228,19.990260090518927,20.19489860534668,77922000
2001-11-16,MSFT,20.268209064504163,20.344566090114792,19.837554321549092,20.081897735595703,59249000
2001-11-19,MSFT,20.234601047969672,20.454509537856147,20.066614748686877,20.32317543029785,56005000
2001-11-20,MSFT,20.29568495745973,20.708014525946275,19.86197785737466,19.974987030029297,65921800
2001-11-21,MSFT,19.657345964856084,19.73064803126696,19.388569002747076,19.562664031982422,50785200
2001-11-23,MSFT,19.66345987857689,19.79479405237807,19.431335039483947,19.764251708984375,15754600
2001-11-26,MSFT,19.84976372146011,20.06967223938433,19.66956233219088,19.895578384399414,41983600
2001-11-27,MSFT,19.788676629684208,19.87419608055497,19.1656033487583,19.46797752380371,90819000
2001-11-28,MSFT,19.293887635064294,19.584045654773252,19.159499724515342,19.180879592895508,54536600
2001-11-29,MSFT,19.278614016088927,19.822276619668525,19.226691818085165,19.8039493560791,54034400
2001-11-30,MSFT,19.748968530859933,19.877247685696734,19.526005145351316,19.61152458190918,48234200
2001-12-03,MSFT,19.49546727956842,19.923066890349553,19.486303648474326,19.782567977905273,47211800
2001-12-04,MSFT,19.85282276615952,20.182685611375774,19.57793706181264,20.15825080871582,51005800
2001-12-05,MSFT,20.307912696880948,20.82103197232664,19.913910188035917,20.799652099609375,74243000
2001-12-06,MSFT,20.762994207856863,21.07452970868383,20.63166008892686,20.96763038635254,56026200
2001-12-07,MSFT,20.845457524081013,21.02565889552222,20.32623094275281,20.717178344726562,42334800
2001-12-10,MSFT,20.62250078818704,20.906548966208852,20.420919488104737,20.482004165649414,38367400
2001-12-11,MSFT,20.665259542718903,20.80880874493755,20.485055811485445,20.561412811279297,54334000
2001-12-12,MSFT,20.51254767690711,20.76299856907436,20.234607050234544,20.753833770751953,47884200
2001-12-13,MSFT,20.503377529313035,20.84240274163192,20.179624646649373,20.24070930480957,53227800
2001-12-14,MSFT,20.164349303608958,20.753825254661184,20.13686191061372,20.598058700561523,43000600
2001-12-17,MSFT,20.51560539580843,21.108136669289934,20.512552792503957,21.068431854248047,57079800
2001-12-18,MSFT,21.050086954651448,21.196693348592557,20.952350135433903,21.156986236572266,47255200
2001-12-19,MSFT,20.958465139101353,21.346357580155047,20.9065406206616,21.224185943603516,56996200
2001-12-20,MSFT,21.120347914044636,21.150890249803236,20.34761540122089,20.3903751373291,78585000
2001-12-21,MSFT,20.772158324902847,20.77521092704745,20.463675401461018,20.62860679626465,84307600
2001-12-24,MSFT,20.6835808296093,20.77826274698344,20.52475699311622,20.5461368560791,11701600
2001-12-26,MSFT,20.591963310917095,21.095920175447326,20.582800840145357,20.671375274658203,29328000
2001-12-27,MSFT,20.76300235440196,20.98596355271221,20.543093759191414,20.723295211791992,32406600
2001-12-28,MSFT,20.839352991334668,21.02871685568015,20.67747419762261,20.729398727416992,28787200
2001-12-31,MSFT,20.72023325648932,20.91570930949957,20.234603881835938,20.234603881835938,43006200
2002-01-02,MSFT,20.35678008175872,20.4972767057053,20.00859228975392,20.47589683532715,48124000
2002-01-03,MSFT,20.497274773526964,21.150890555167088,20.491164908148523,21.14478302001953,67590800
2002-01-04,MSFT,21.150890430048698,21.35247404218886,20.973741618815986,21.043991088867188,52731400
2002-01-07,MSFT,21.303593959902948,21.386058459607945,20.875994475306978,20.940134048461914,58508800
2002-01-08,MSFT,20.979853761610688,21.33720402530828,20.76910765881056,21.190597534179688,47736400
2002-01-09,MSFT,21.294441039164777,21.569326711747006,20.937090829923267,20.985958099365234,76304000
2002-01-10,MSFT,20.915716001336587,21.318880974838287,20.808814308856952,21.160057067871094,50296600
2002-01-11,MSFT,21.233359798018935,21.47770320218653,20.79965246934128,20.955421447753906,72993200
2002-01-14,MSFT,20.860734580206444,21.086750661264563,20.689693305416025,20.912656784057617,50997800
2002-01-15,MSFT,20.970688631688095,21.263899246506217,20.921819030769658,21.24251937866211,60717400
2002-01-16,MSFT,21.02871685568015,21.331089916338428,20.723288862626752,20.729398727416992,61955400
2002-01-17,MSFT,20.930982238510605,21.37996180934377,20.891277434033523,21.337202072143555,78958000
2002-01-18,MSFT,20.49421928926149,20.723290299939293,19.981100132133975,20.188791275024414,107140400
2002-01-22,MSFT,20.344553868903265,20.35066140198139,19.62374379371944,19.687883377075195,76837200
2002-01-23,MSFT,19.56266060520715,19.76424183508391,19.315263552897267,19.46797752380371,80403000
2002-01-24,MSFT,19.57793782821244,19.907800686341538,19.48630964488177,19.73065185546875,83886000
2002-01-25,MSFT,19.605426967843464,19.80700826596335,19.397734638774413,19.486309051513672,48981200
2002-01-28,MSFT,19.617642990079897,19.669565194860173,19.214476926837747,19.492416381835938,41622000
2002-01-29,MSFT,19.516859732485973,19.70011616096015,18.933491998200164,19.034282684326172,58666000
2002-01-30,MSFT,19.07398311240646,19.21142597626581,18.731904001890886,19.19615364074707,66100000
2002-01-31,MSFT,19.260281486771017,19.489352384336783,18.973178549481762,19.45880889892578,69566200
2002-02-01,MSFT,19.59320503122693,19.700104356261313,19.080085940831367,19.13811683654785,63462200
2002-02-04,MSFT,19.058711466586047,19.147284718760964,18.554754700044768,18.667762756347656,70308400
2002-02-05,MSFT,18.57002324654717,19.00678540514761,18.478395074243426,18.676923751831055,66772600
2002-02-06,MSFT,18.817418771686217,18.902938236600896,18.40203651618865,18.447851181030273,66103000
2002-02-07,MSFT,18.417305192376,18.817416227195118,18.24932005253055,18.264591217041016,63314000
2002-02-08,MSFT,18.362338004511443,18.527269466750706,17.9683366204276,18.524215698242188,61283000
2002-02-11,MSFT,18.328738050043857,18.704415603126222,18.20045881932549,18.670818328857422,50899600
2002-02-12,MSFT,18.47533729542859,18.585290379251273,18.331785785413597,18.368436813354492,44973800
2002-02-13,MSFT,18.405087541324274,18.899881653480325,18.31040562359385,18.881555557250977,54168600
2002-02-14,MSFT,18.93654113830615,19.238915453004193,18.72884994874128,18.838804244995117,57267000
2002-02-15,MSFT,18.844906940778422,18.954861201990905,18.386764962469947,18.39592742919922,50179800
2002-02-19,MSFT,18.29818818938177,18.368436477113885,17.898077160874347,17.998868942260742,52262600
2002-02-20,MSFT,18.142421516143695,18.435632081770148,17.959164038790753,18.295135498046875,50492000
2002-02-21,MSFT,18.240160268125603,18.408145432664636,17.717877510217587,17.73009490966797,59398400
2002-02-22,MSFT,17.730101674450406,17.94390158594439,17.455217072628813,17.711776733398438,71347800
2002-02-25,MSFT,17.696496492771658,18.292081278414933,17.681225327009578,18.04468536376953,51832200
2002-02-26,MSFT,18.050793847754974,18.32567950639706,17.684281189719293,17.882808685302734,63276200
2002-02-27,MSFT,18.041627777417478,18.371490501905104,17.711766218044943,17.83393669128418,65750000
2002-02-28,MSFT,17.95305817871193,18.234052555708807,17.75758443738301,17.81867027282715,68068000
2002-03-01,MSFT,18.03552297040025,18.759386996278256,17.97443713804298,18.744115829467773,62115600
2002-03-04,MSFT,18.704405013993416,19.3946715518496,18.59139585268254,19.333585739135742,74464200
2002-03-05,MSFT,19.241960773689282,19.5107376948556,19.040378374093333,19.266395568847656,55926400
2002-03-06,MSFT,19.214465437160225,19.455753711258822,18.99455701872963,19.43437385559082,49835400
2002-03-07,MSFT,19.44660409019866,19.510744868514927,18.893780045303895,19.156448364257812,58079200
2002-03-08,MSFT,19.43438668520913,19.761193432606596,19.293888900065053,19.532123565673828,57701800
2002-03-11,MSFT,19.397730956895956,19.852819170532747,19.24196319605482,19.651235580444336,43718200
2002-03-12,MSFT,19.095364153055897,19.180883644641582,18.835749579846116,19.101472854614258,66407200
2002-03-13,MSFT,18.960969720897886,19.24807160512816,18.921263756923764,18.967077255249023,44387400
2002-03-14,MSFT,18.979296433767303,19.00983993396333,18.646379854880703,18.69830322265625,51819600
2002-03-15,MSFT,18.631104927124877,19.09230061840795,18.62194246147298,19.086193084716797,69086800
2002-03-18,MSFT,19.162555155396486,19.238912163058046,18.692195708573546,18.979297637939453,52296800
2002-03-19,MSFT,18.991511366182227,19.2419622096703,18.7838202522972,19.00678253173828,36376400
2002-03-20,MSFT,18.753281429487675,18.942646481062084,18.356224060058594,18.356224060058594,55235200
2002-03-21,MSFT,18.389817628572924,18.81130854961198,18.2737558399004,18.741060256958008,46123400
2002-03-22,MSFT,18.6463777340557,18.673866298547896,18.392873119396796,18.46312141418457,41341400
2002-03-25,MSFT,18.472280973815028,18.56390911933184,18.066062434814977,18.090496063232422,47752400
2002-03-26,MSFT,18.050792897982152,18.606671720551805,17.80950568266464,18.04468536376953,69357200
2002-03-27,MSFT,17.95917023459626,18.289033108563135,17.895030619696797,18.154644012451172,47318400
2002-03-28,MSFT,18.31041389774788,18.52421378990875,18.221839473620197,18.420368194580078,43901200
2002-04-01,MSFT,18.273760565649084,18.447854458795256,18.081340570287068,18.44174575805664,47010000
2002-04-02,MSFT,17.98971311704245,18.047744028733085,17.442996612537232,17.494918823242188,76509400
2002-04-03,MSFT,17.543777860311017,17.595701208294017,16.95124816375798,17.204753875732422,76931400
2002-04-04,MSFT,17.097861564606372,17.400235837303214,16.926821442512495,17.241413116455078,61763800
2002-04-05,MSFT,17.375799096456674,17.50102453246726,17.055099922782283,17.06426239013672,50166000
2002-04-08,MSFT,16.584737094875596,17.504075857044953,16.57251969751102,17.476587295532227,73389600
2002-04-09,MSFT,17.51019063331148,17.54073297220867,16.73745687596468,16.75883674621582,63413000
2002-04-10,MSFT,16.83519341804349,17.442995736773945,16.81686848112206,17.195598602294922,75636400
2002-04-11,MSFT,17.070370117357882,17.24141021062503,16.645825399101987,16.734399795532227,58165800
2002-04-12,MSFT,16.84435096626723,17.183374993105367,16.75577658609447,17.082584381103516,52297600
2002-04-15,MSFT,17.10396423705813,17.333035186661586,16.920707943421405,17.009281158447266,47388800
2002-04-16,MSFT,17.2261457313776,17.745372582105254,17.213928327448162,17.65679931640625,51921600
2002-04-17,MSFT,17.699555460077747,17.800346109177603,17.232249758439504,17.296390533447266,55158600
2002-04-18,MSFT,17.345260375734842,17.50408311195611,16.089950821557935,17.21697998046875,74794800
2002-04-19,MSFT,17.543782024908452,17.70871340690291,17.36663440970774,17.47047996520996,104268600
2002-04-22,MSFT,17.26279849027815,17.31777564829782,16.798547580954235,16.978750228881836,51465200
2002-04-23,MSFT,17.012336584882384,17.048987611652358,16.27930905879212,16.490055084228516,68281400
2002-04-24,MSFT,16.44730278331741,16.624451641266205,16.18768936334775,16.193798065185547,61220400
2002-04-25,MSFT,16.15714368020521,16.63055690619811,16.151034979629852,16.410648345947266,57290400
2002-04-26,MSFT,16.51449063303951,16.630553590601075,15.71732342617518,15.729540824890137,62776600
2002-04-29,MSFT,15.720388479934602,16.160204630809922,15.711224842440771,15.955568313598633,70246000
2002-04-30,MSFT,15.912796725049004,16.27931052101474,15.85781959739838,15.961665153503418,77384000
2002-05-01,MSFT,15.931125545812446,16.24571603494233,15.472983513821925,16.111328125,76413000
2002-05-02,MSFT,16.077731456440038,16.514493636451856,15.622644340138386,15.640969276428223,79009200
2002-05-03,MSFT,15.65623127161251,15.78451157605571,15.121732527514572,15.137004852294922,71628000
2002-05-06,MSFT,15.100359692068153,15.436331186498617,14.77355182978961,14.849908828735352,66299400
2002-05-07,MSFT,15.020946527905481,15.359971735521809,14.767440772619343,15.10952091217041,88385400
2002-05-08,MSFT,15.659291622095365,16.78937530517578,15.644020457144656,16.78937530517578,101242000
2002-05-09,MSFT,16.615281812783564,16.79853812629708,15.851711897951878,15.918905258178711,83288200
2002-05-10,MSFT,16.044131961109247,16.08689169334209,15.268345751066274,15.286670684814453,64408800
2002-05-13,MSFT,15.408849670270245,16.160202604034463,15.19504974237942,16.093008041381836,64819000
2002-05-14,MSFT,16.61528887988366,16.8290876148809,16.487008473769592,16.76189422607422,64832400
2002-05-15,MSFT,16.642770560818313,17.23835416889729,16.45035061391536,16.72218132019043,70412000
2002-05-16,MSFT,16.709961739361415,17.11312651299676,16.691636809269408,17.024553298950195,53406400
2002-05-17,MSFT,17.168105789519743,17.226137849072483,16.88100391924412,17.113128662109375,54646200
2002-05-20,MSFT,16.951254474641445,16.966525642045973,16.340398457537248,16.496166229248047,52115800
2002-05-21,MSFT,16.477842531577434,16.676370052972658,15.921963607486045,15.940288543701172,63120000
2002-05-22,MSFT,15.842554656317267,16.407597320254947,15.836445954721023,16.398433685302734,54169400
2002-05-23,MSFT,16.40148553641818,16.74967330616116,16.190739448857073,16.74356460571289,51412800
2002-05-24,MSFT,16.535866728630953,16.651929659734204,16.199896496366016,16.26708984375,35982000
2002-05-28,MSFT,16.36787972855858,16.398422049752703,15.805892396736683,15.979986190795898,49602000
2002-05-29,MSFT,15.775360028752209,16.102167965205986,15.744816523172283,15.897530555725098,45393200
2002-05-30,MSFT,15.772307783719002,16.297644518071095,15.708168158743215,16.077735900878906,63213000
2002-05-31,MSFT,16.157145485461047,16.31596705770363,15.540180639801841,15.54934310913086,66468000
2002-06-03,MSFT,15.573773694347663,15.772301188416403,15.017893681655371,15.094250679016113,88439000
2002-06-04,MSFT,15.118690637207862,15.64708109946205,15.039279845501724,15.26529598236084,88008400
2002-06-05,MSFT,15.402737392892412,15.805902345005032,15.372195052474876,15.778413772583008,66969400
2002-06-06,MSFT,15.729544357210301,15.925018120085303,15.27140228855369,15.851716041564941,78703400
2002-06-07,MSFT,15.237800874145204,16.065510373513895,15.228638408100196,15.876145362854004,97834400
2002-06-10,MSFT,15.775355513832379,16.27931097795484,15.717323452397146,16.132705688476562,71825400
2002-06-11,MSFT,16.260991947904458,16.548093931714842,16.010539843373902,16.056354522705078,74368200
2002-06-12,MSFT,16.05940210304689,17.036770606864483,16.03496730789387,16.963468551635742,136198600
2002-06-13,MSFT,16.749677370502393,16.94515117181718,16.554203569187607,16.560312271118164,79771600
2002-06-14,MSFT,16.233493164542807,16.96651941705224,16.187678514023172,16.87489128112793,109433600
2002-06-17,MSFT,17.000126421433787,17.23835994448378,16.91155200102754,17.006235122680664,94486600
2002-06-18,MSFT,16.96042002123301,17.1925460023398,16.905442876503276,17.10091781616211,77518400
2002-06-19,MSFT,16.942094633893078,17.08564502788989,16.59085190355598,16.603069305419922,81247000
2002-06-20,MSFT,16.606114889968065,16.829077121090926,16.462564566711702,16.523649215698242,86401200
2002-06-21,MSFT,16.30985554111133,16.661097039351574,15.967775344848633,15.967775344848633,116820000
2002-06-24,MSFT,15.909743030319106,16.688584122089146,15.836439804746696,16.54197883605957,104523200
2002-06-25,MSFT,16.706915814386225,16.798544003198725,16.12660201004765,16.17241668701172,84025200
2002-06-26,MSFT,15.592104444931627,16.612234356852007,15.592104444931627,16.53282356262207,112131400
2002-06-27,MSFT,16.67636630974556,16.78021186374521,16.14492230671782,16.77410316467285,95812400
2002-06-28,MSFT,16.66109071668111,17.039821802707156,16.493105614739154,16.706905364990234,89555600
2002-07-01,MSFT,16.529766004362813,16.61223171899672,16.05940768532151,16.08384132385254,66473800
2002-07-02,MSFT,15.99831612659157,16.16324633182941,15.677617016537523,15.711213111877441,82814200
2002-07-03,MSFT,15.650132928416019,16.0410804379401,15.408844502643602,15.833389282226562,80936600
2002-07-05,MSFT,16.21517282527191,16.7679979335322,16.20295542544933,16.75272560119629,35673600
2002-07-08,MSFT,16.618334301674672,16.777156971558426,16.059401772865346,16.163246154785156,63199400
2002-07-09,MSFT,16.282366924033138,16.716074120105482,16.178521358547243,16.25182342529297,85277200
2002-07-10,MSFT,16.398438233561215,16.554207254680154,15.921971028058627,15.955568313598633,90673400
2002-07-11,MSFT,15.894478008205171,16.209068566583266,15.653189538616294,16.160200119018555,129550600
2002-07-12,MSFT,16.300688464207166,16.410642706547602,15.72342985703498,15.839492797851562,95733800
2002-07-15,MSFT,15.69594347617261,15.839494997509549,14.660542825537469,15.821168899536133,136965600
2002-07-16,MSFT,15.671512899642368,16.126600019454038,15.4668755102755,15.653186798095703,97154600
2002-07-17,MSFT,16.04108402882146,16.279317575128097,15.628755392772572,15.882261276245117,98034800
2002-07-18,MSFT,15.900582794808948,16.108273937100968,15.472983110062932,15.61042594909668,91053600
2002-07-19,MSFT,15.231686741290229,15.54322329194966,14.907933961967235,15.137004852294922,112543400
2002-07-22,MSFT,14.9507072618139,15.268352798028884,14.019151694268906,14.510890007019043,180069800
2002-07-23,MSFT,14.199352005664569,14.294033965149378,13.124245020176176,13.13646125793457,168061600
2002-07-24,MSFT,12.751618719312956,14.15964195473818,12.647773154994177,14.119935989379883,202307800
2002-07-25,MSFT,13.881707023629314,13.961117814951068,12.962367813634824,13.081485748291016,163411400
2002-07-26,MSFT,13.359420083099804,13.86948423995445,13.341093985235199,13.851158142089844,123538000
2002-07-29,MSFT,14.309295126978595,14.752165767896667,14.217666999747406,14.736894607543945,112148600
2002-07-30,MSFT,14.523103482690415,14.914052177305752,14.455910104254851,14.691088676452637,122690600
2002-07-31,MSFT,14.541434695666648,14.660551490105203,14.159649500611826,14.65444278717041,93875600
2002-08-01,MSFT,14.532258325978756,14.688026023942541,13.896967809708393,13.9733247756958,92002800
2002-08-02,MSFT,13.900032568530996,14.003878171004708,13.377750787758403,13.564062118530273,85947600
2002-08-05,MSFT,13.52740870781903,13.796184554797385,13.3808033826175,13.43578052520752,78941600
2002-08-06,MSFT,13.713714119505445,14.431469267838702,13.695388024803277,13.948892593383789,88715800
2002-08-07,MSFT,14.355114128629259,14.446742283661298,13.793126635286823,14.38260269165039,86349400
2002-08-08,MSFT,14.388714915580042,14.965973715324063,14.174915058052314,14.938485145568848,88748000
2002-08-09,MSFT,14.70635486831537,15.01178278944246,14.556694674312473,14.69719123840332,69049400
2002-08-12,MSFT,14.541421386005666,14.889608978783452,14.538366454776453,14.804089546203613,56866600
2002-08-13,MSFT,14.657489821406704,15.179771407125406,14.330680798669832,14.373441696166992,100122800
2002-08-14,MSFT,14.43147341993947,15.188934742166891,14.419256019956272,15.182826042175293,96706000
2002-08-15,MSFT,15.259177005072921,15.497411549994515,14.889609540215163,15.201146125793457,98745600
2002-08-16,MSFT,15.097302808510722,15.341644921679109,14.941533910349245,15.27139663696289,69334000
2002-08-19,MSFT,15.283622476999042,15.897532448295282,15.225590392046378,15.882261276245117,79848200
2002-08-20,MSFT,15.692898772251583,15.790635687659009,15.50047871030499,15.5890531539917,70317600
2002-08-21,MSFT,15.747867978811584,15.998318843683881,15.622642546375435,15.967775344848633,81203400
2002-08-22,MSFT,16.14187348160646,16.325131027763682,16.065516461986533,16.257936477661133,72517600
2002-08-23,MSFT,16.083845125049436,16.141876049751566,15.833394154058999,15.949457168579102,57929200
2002-08-26,MSFT,16.03497343476963,16.0807881106295,15.631808481618954,15.912801742553711,55652400
2002-08-27,MSFT,15.983051008664187,16.019702049791444,15.469931772420226,15.527962684631348,65470200
2002-08-28,MSFT,15.418006375763097,15.472983512807591,15.057601217411612,15.082036018371582,68875000
2002-08-29,MSFT,14.932380720064522,15.576834244848348,14.81937264099119,15.448554992675781,94275600
2002-08-30,MSFT,15.314157979955832,15.418003534669081,14.965970286245296,14.990405082702637,58138400
2002-09-03,MSFT,14.819362221350156,14.819362221350156,14.355111661834474,14.361220359802246,74452600
2002-09-04,MSFT,14.492551482583602,14.843792805369215,14.400923362079302,14.724676132202148,80232000
2002-09-05,MSFT,14.507826257364854,14.513934955602814,14.013033351240626,14.022195816040039,90438800
2002-09-06,MSFT,14.584186159222051,14.74300884987977,14.49866669698916,14.605566024780273,69918400
2002-09-09,MSFT,14.431473963164123,14.950701830840735,14.2421089167581,14.874344825744629,81653200
2002-09-10,MSFT,14.82547792775467,15.21642546158441,14.767445852184874,15.207262992858887,83950000
2002-09-11,MSFT,15.341646757317188,15.607368764361926,14.822418976511484,14.837691307067871,77443200
2002-09-12,MSFT,14.706359373020144,14.752172876153308,14.361225390196331,14.400931358337402,63726800
2002-09-13,MSFT,14.324570179977174,14.73995118019195,14.309297851601608,14.633051872253418,59549200
2002-09-16,MSFT,14.53837042345384,14.700248034459804,14.370385278551987,14.593347549438477,50166200
2002-09-17,MSFT,14.86517911669304,14.935428576871573,14.419254548840026,14.443689346313477,73343400
2002-09-18,MSFT,14.269591430898789,14.733841964724872,14.251265338009556,14.584181785583496,83951800
2002-09-19,MSFT,14.257383610177428,14.60557145309361,14.229895034941112,14.416206359863281,77777600
2002-09-20,MSFT,14.571970100766594,14.660544503435881,14.446744663071028,14.495613098144531,130619200
2002-09-23,MSFT,14.232948406298672,14.266545682330014,13.686233015359612,13.814512252807617,89783800
2002-09-24,MSFT,13.692336638226244,14.196292096424589,13.63125081038289,13.939732551574707,104142200
2002-09-25,MSFT,14.17185777585848,14.342896687372143,13.759529331784043,14.205453872680664,107116600
2002-09-26,MSFT,14.388714450157554,14.507831193538664,14.034417987614702,14.110774993896484,100852200
2002-09-27,MSFT,14.061907057531236,14.385660030027992,13.802292527853384,13.820618629455566,81011600
2002-09-30,MSFT,13.704554544008245,13.756477911801413,13.167001756645128,13.359421730041504,115577000
2002-10-01,MSFT,13.536568568825508,14.126044689059261,13.191434610190255,14.119935989379883,110636600
2002-10-02,MSFT,14.080231590658567,14.297086375501205,13.79312966447535,13.930572509765625,103488600
2002-10-03,MSFT,13.835886204288926,14.229888548025455,13.6220864015944,13.683172225952148,105221400
2002-10-04,MSFT,13.863372756318519,13.918349873755362,13.34414507225668,13.368579864501953,107120400
2002-10-07,MSFT,13.380802349141502,13.762587384798314,13.344150146835313,13.45410442352295,89790000
2002-10-08,MSFT,13.667899142468976,14.043575336626946,13.478534162146305,13.741202354431152,115667600
2002-10-09,MSFT,13.509082605250505,13.881705201668277,13.3808033826175,13.43578052520752,123142600
2002-10-10,MSFT,13.438830656314618,14.239051610071995,13.209759679218346,14.165749549865723,118515000
2002-10-11,MSFT,14.46507273162718,14.935432211415836,14.358172214339454,14.926268577575684,108828800
2002-10-14,MSFT,14.736904691698324,15.066767573586668,14.611679226933077,15.054550170898438,76216200
2002-10-15,MSFT,15.656238339992807,15.99526359715715,15.469928243775271,15.970829963684082,133374200
2002-10-16,MSFT,15.390510145879517,15.656232065908505,15.356912893841915,15.396618843078613,95437400
2002-10-17,MSFT,15.96777417547614,16.034968702877464,15.286669930386795,15.50657844543457,182602400
2002-10-18,MSFT,16.06551507358737,16.248772603907277,15.61959039717204,16.233501434326172,152817200
2002-10-21,MSFT,15.873090880691416,16.184627528452353,15.686779645402655,16.038021087646484,112378600
2002-10-22,MSFT,15.708164405928787,15.860878428024058,15.585992722206361,15.781466484069824,87159000
2002-10-23,MSFT,15.708162062743135,16.267094694375803,15.708162062743135,16.248769760131836,110866600
2002-10-24,MSFT,16.29762865247443,16.30068241802226,15.546276495323502,15.647067070007324,95833400
2002-10-25,MSFT,15.6531901908261,16.12660351479379,15.625701615105875,16.08995246887207,75425800
2002-10-28,MSFT,16.30984636476174,16.340388681297725,15.73258679526815,15.866975784301758,79906600
2002-10-29,MSFT,15.928066957567765,16.03191249999437,15.531009717920984,15.903632164001465,90517200
2002-10-30,MSFT,15.943343496588149,16.30680243507076,15.769249611632022,16.221282958984375,94451200
2002-10-31,MSFT,16.245719046215388,16.514496081035443,16.141873453110982,16.331239700317383,105973800
2002-11-01,MSFT,16.0136005693123,16.260997829983232,15.851723996653849,16.187694549560547,105097800
2002-11-04,MSFT,17.33304063237483,17.485754646756984,16.957364296808578,17.134511947631836,139964200
2002-11-05,MSFT,17.036784459931983,17.348321360761055,16.975699752610137,17.311670303344727,76658200
2002-11-06,MSFT,17.406347604491007,17.439943716162333,16.96042170138442,17.418563842773438,115407000
2002-11-07,MSFT,17.165055309802305,17.293334521583315,16.951255458385166,17.107023239135742,73699600
2002-11-08,MSFT,17.103968157592554,17.271953326117266,16.80159392215578,16.829082489013672,64522200
2002-11-11,MSFT,16.819915402677356,16.829077867408664,16.438130504005517,16.450347900390625,58341200
2002-11-12,MSFT,16.523654569700806,16.92987437475181,16.46256990092158,16.648880004882812,81398600
2002-11-13,MSFT,16.56641029547471,17.082583042201684,16.52670434107571,16.908489227294922,107370200
2002-11-14,MSFT,17.100913564664825,17.409395319964336,17.064261367213458,17.406341552734375,78337000
2002-11-15,MSFT,17.28722967136828,17.384966568335216,17.003181450459454,17.31471824645996,77533600
2002-11-18,MSFT,17.394128537790735,17.41856217713486,17.024560858704366,17.058156967163086,58086400
2002-11-19,MSFT,16.966524154337684,17.04288114978035,16.587794109406612,16.755779266357422,76403400
2002-11-20,MSFT,16.801595639719597,17.378855602746366,16.7771620028567,17.2933349609375,76435400
2002-11-21,MSFT,17.403286337948373,17.71482302053717,17.34220050830277,17.66595458984375,82922200
2002-11-22,MSFT,17.54683143149311,17.80644465593802,17.424659816980878,17.782011032104492,70002000
2002-11-25,MSFT,17.73314061693689,17.910288156350177,17.583480464314434,17.785062789916992,61583000
2002-11-26,MSFT,17.604870833240028,17.791182111296102,17.342202550414438,17.378854751586914,68650400
2002-11-27,MSFT,17.592649463768232,17.901132345904816,17.53156480582629,17.739255905151367,55191800
2002-11-29,MSFT,17.846159333274983,17.907245170405773,17.617088317871094,17.617088317871094,28393000
2002-12-02,MSFT,17.91334988835648,18.00803180800103,17.412447067330845,17.62013816833496,63735000
2002-12-03,MSFT,17.49490985094219,17.516289710869593,17.229187902476625,17.320816040039062,58457400
2002-12-04,MSFT,17.143674480451057,17.543784426778394,17.048991378169543,17.26889991760254,83892000
2002-12-05,MSFT,17.394124982308746,17.43688471625728,16.89016831193738,16.902385711669922,68435800
2002-12-06,MSFT,16.75882783482933,17.02455093542382,16.560300407332036,16.94208526611328,71670200
2002-12-09,MSFT,16.798541257737,16.86573579560489,16.343452991012967,16.34956169128418,63862800
2002-12-10,MSFT,16.358724557491914,16.639717766104457,16.334289757552362,16.496166229248047,63730200
2002-12-11,MSFT,16.447297418332237,16.801593853545246,16.36483288321069,16.69469451904297,69186200
2002-12-12,MSFT,16.798544084155733,16.816870188052803,16.39843288743694,16.5450382232666,55242000
2002-12-13,MSFT,16.39538224885473,16.416762124924432,16.031923190553925,16.034976959228516,65245400
2002-12-16,MSFT,16.187683807247154,16.661096968586975,16.08689200919195,16.63971710205078,60140400
2002-12-17,MSFT,16.621394243100262,16.795489306872497,16.425920473739488,16.603069305419922,49549800
2002-12-18,MSFT,16.4442447978148,16.61528491006241,16.123545606826546,16.34956169128418,62709400
2002-12-19,MSFT,16.26404269702757,16.72218474483116,16.15103465146835,16.221282958984375,82686600
2002-12-20,MSFT,16.337344415370808,16.407592716342634,16.172413013898495,16.199901580810547,98294600
2002-12-23,MSFT,16.202957594933483,16.57863395141343,16.157144087137702,16.493114471435547,48798400
2002-12-24,MSFT,16.352617575899,16.563362504504244,16.34650887527219,16.43813705444336,18386000
2002-12-26,MSFT,16.50226685631975,16.703849196745388,16.239598711043808,16.306793212890625,37228000
2002-12-27,MSFT,16.273205966200237,16.49311453280798,16.15714414725996,16.178524017333984,40891600
2002-12-30,MSFT,16.19073889789423,16.26098836810103,15.964722814576888,16.111328125,48019600
2002-12-31,MSFT,16.108272872070483,16.18462987036125,15.656238416887666,15.790627479553223,58208800
2003-01-02,MSFT,15.97388254428669,16.416753332321193,15.793679995987764,16.407590866088867,67025200
2003-01-03,MSFT,16.367880711046983,16.432020288473566,16.15102718825333,16.428966522216797,55546800
2003-01-06,MSFT,16.499225217189135,16.868792918746564,16.43203066595481,16.728296279907227,59456200
2003-01-07,MSFT,16.774096554871704,17.107012949881213,16.70079452511837,17.04287338256836,80517400
2003-01-08,MSFT,16.91154859940367,16.966525734451704,16.52670981918283,16.566415786743164,64566000
2003-01-09,MSFT,16.71301628773155,17.079528862545086,16.65498423679786,17.04593276977539,61808000
2003-01-10,MSFT,16.829085523727215,17.195599426219083,16.768000844241552,17.07953643798828,67730200
2003-01-13,MSFT,17.262793282964793,17.333041593662692,17.033722248687315,17.223087310791016,60817800
2003-01-14,MSFT,17.20476236700543,17.409398598291293,17.162001461926614,17.400236129760742,54206400
2003-01-15,MSFT,17.409394161404876,17.50713101787372,17.161997088090796,17.186431884765625,59622600
2003-01-16,MSFT,17.201710732743365,17.302502566369743,16.83214300634482,16.905445098876953,81371000
2003-01-17,MSFT,16.169364414919933,16.187690521744738,15.671517413228914,15.717330932617188,155876000
2003-01-21,MSFT,15.84254535147739,15.928065958480078,15.665397769693636,15.67761516571045,86159200
2003-01-22,MSFT,15.75702864015415,16.004425709348975,15.549337532337185,15.576826095581055,86948000
2003-01-23,MSFT,15.866984711480683,16.047187276704932,15.717324479976336,15.967775344848633,71374800
2003-01-24,MSFT,15.891417106343747,15.897525805634489,15.1797705331437,15.225584030151367,103027000
2003-01-27,MSFT,15.063703673077164,15.454651005448136,14.785764335510624,15.017889022827148,114838600
2003-01-28,MSFT,15.176721410831666,15.179776344204143,14.831588507146874,14.910999298095703,86151200
2003-01-29,MSFT,14.883508464885132,15.283619622519943,14.639166262370392,15.243913650512695,106884000
2003-01-30,MSFT,15.320269825820493,15.323323593447284,14.718576238296992,14.733848571777344,87877400
2003-01-31,MSFT,14.492559330690424,14.76744384106061,14.364278960425354,14.495613098144531,106858400
2003-02-03,MSFT,14.639166836010125,14.996517102731637,14.495615276669565,14.831586837768555,80129800
2003-02-04,MSFT,14.599461396458842,14.642221139499078,14.318468133556944,14.452856063842773,81854800
2003-02-05,MSFT,14.608619620743887,14.822418256768865,14.272648171776442,14.342896461486816,101072000
2003-02-06,MSFT,14.31235475288958,14.544479495691673,14.220726595602311,14.483393669128418,83312000
2003-02-07,MSFT,14.623890394326798,14.64527025735749,14.174910940451959,14.226834297180176,75208000
2003-02-10,MSFT,14.294024556711765,14.51393300323676,14.214613820530461,14.471173286437988,74081400
2003-02-11,MSFT,14.446746525860005,14.559754578079803,14.049690294051231,14.184078216552734,84292000
2003-02-12,MSFT,14.217675488456996,14.38566068286276,14.129101074366767,14.184078216552734,71315200
2003-02-13,MSFT,14.174910600467555,14.391764157500585,14.089391150395965,14.352059364318848,73558200
2003-02-14,MSFT,14.431472363584092,14.813257346747694,14.284867069863108,14.752171516418457,90446400
2003-02-18,MSFT,15.039278259454598,15.265294372477982,14.904889166733632,15.246968269348145,57415500
2003-02-19,MSFT,15.210188809221561,15.246957673712176,14.81185613213337,15.032471656799316,46902700
2003-02-20,MSFT,15.179556338800351,15.240838591378811,14.768966766044942,14.793478965759277,50897200
2003-02-21,MSFT,14.885403645475801,15.197940927830698,14.523839623609135,15.093761444091797,56853200
2003-02-24,MSFT,14.97732863024344,15.014097521381798,14.60963621227394,14.750584602355957,62403700
2003-02-25,MSFT,14.425789493338257,14.873148002979956,14.327737176304543,14.824122428894043,68113000
2003-02-26,MSFT,14.750579933740495,14.995707745182273,14.450298218616618,14.468683242797852,57096000
2003-02-27,MSFT,14.646399593094147,14.836373489508674,14.278707313459083,14.450297355651855,75434300
2003-02-28,MSFT,14.548344509736582,14.750575033095863,14.431908399662687,14.523832321166992,56585400
2003-03-03,MSFT,14.719940365150205,14.781222614262354,14.339991355744216,14.425786972045898,50653500
2003-03-04,MSFT,14.450302466844994,14.499328043546324,14.131635633855373,14.137763977050781,56605700
2003-03-05,MSFT,14.137762718892779,14.431916152923245,14.125506033592714,14.364506721496582,55415900
2003-03-06,MSFT,14.199045081082652,14.401275714575407,14.174531710302025,14.260327339172363,54607600
2003-03-07,MSFT,14.064227782866567,14.578996980727178,14.033586063433148,14.438047409057617,66167600
2003-03-10,MSFT,14.284836785982005,14.376759570956548,14.02745228673631,14.06422233581543,48413600
2003-03-11,MSFT,14.13163489127657,14.25419941102044,13.947789280522654,13.972301483154297,53990700
2003-03-12,MSFT,13.97842668005849,14.364504012158221,13.819093307795606,14.3338623046875,72379500
2003-03-13,MSFT,14.53608951761732,15.161166178294785,14.364500671137401,15.118268966674805,80701300
2003-03-14,MSFT,15.124400975736423,15.295989863841687,14.867016474716893,15.234708786010742,75451400
2003-03-17,MSFT,15.026346712703537,15.902679501597902,14.909910585173016,15.890422821044922,100983800
2003-03-18,MSFT,15.86590271815449,15.957826614379881,15.626903393234624,15.957826614379883,78108800
2003-03-19,MSFT,15.921075532234026,16.196845211316372,15.773998759677538,16.12943458557129,73652100
2003-03-20,MSFT,15.945586097409805,16.251996278364512,15.731098736969095,16.08653450012207,71798500
2003-03-21,MSFT,16.392940652814307,16.423581195835595,15.951710521454036,16.28263282775879,85586800
2003-03-24,MSFT,15.657559380889976,15.89043176705371,15.43081650731492,15.4982271194458,61105200
2003-03-25,MSFT,15.688193431354385,15.780116204599171,15.338886191707308,15.620782852172852,63595100
2003-03-26,MSFT,15.60240174115014,15.700454048567094,15.467581717852207,15.473710060119629,51673600
2003-03-27,MSFT,15.283738982594526,15.479841296366512,15.06925163858317,15.34502124786377,60043300
2003-03-28,MSFT,15.118268966674805,15.381781745324796,15.075371755054825,15.118268966674805,39584600
2003-03-31,MSFT,14.860887648258743,15.142784337440187,14.713810962312563,14.836374282836914,71384000
2003-04-01,MSFT,14.989581975560181,15.136659856521094,14.86089029079664,14.922172546386719,49803200
2003-04-02,MSFT,15.381782443474295,15.933320217221208,15.381782443474295,15.761730194091797,68282500
2003-04-03,MSFT,15.927198590567645,15.988480851007322,15.688199060600985,15.767865180969238,57394300
2003-04-04,MSFT,15.786241717787382,15.81075390746015,15.277601216818814,15.375652313232422,55740600
2003-04-07,MSFT,16.07427460493562,16.196839120406114,15.42468547821045,15.42468547821045,65627100
2003-04-08,MSFT,15.510480667943062,15.829147488079428,15.443071233236374,15.675942420959473,54132100
2003-04-09,MSFT,15.694318164638048,15.731087031712088,15.038601052321805,15.056984901428223,76875800
2003-04-10,MSFT,15.142781174272338,15.191807894874827,14.87926956420207,15.069243431091309,51608900
2003-04-11,MSFT,15.253098819912312,15.43081729041751,14.677048506719576,14.830253601074219,71565500
2003-04-14,MSFT,14.873142098906325,15.246961514596073,14.707680413725175,15.173423767089844,51599600
2003-04-15,MSFT,15.124404948101176,15.191815554054307,14.768969226564394,15.075379371643066,63399000
2003-04-16,MSFT,15.688206351723327,15.774000854894888,15.075385800240872,15.271488189697266,86178700
2003-04-17,MSFT,15.179552810553659,15.65142452620842,15.161167788394904,15.626911163330078,58356600
2003-04-21,MSFT,15.694316144654348,15.694316144654348,15.369521215530591,15.449187278747559,41557800
2003-04-22,MSFT,15.357275462815252,15.810762317151646,15.33889160299768,15.786250114440918,58844000
2003-04-23,MSFT,15.780115215132543,15.927191876874293,15.608525192003132,15.761730194091797,55559300
2003-04-24,MSFT,15.614654511441667,15.761731182405622,15.516603397465698,15.620782852172852,51703600
2003-04-25,MSFT,15.522729018297559,15.712702872231015,15.424677921502145,15.455318450927734,53657400
2003-04-28,MSFT,15.559508046863977,15.89655993492775,15.51661081011416,15.773995399475098,56287600
2003-04-29,MSFT,15.902675829035077,16.086521319426936,15.737214186365732,15.810751914978027,65877300
2003-04-30,MSFT,15.767863340165457,15.85978613566259,15.473709927029928,15.669812202453613,55566800
2003-05-01,MSFT,15.651423574431538,15.902679684348039,15.528859105216045,15.761730194091797,42085800
2003-05-02,MSFT,15.718833673580406,16.111039291045795,15.663679776887795,15.994603157043457,52695400
2003-05-05,MSFT,16.08653373543526,16.1723282079884,15.835277492505044,15.8475341796875,50391500
2003-05-06,MSFT,15.847531953240127,16.239736537081004,15.823018582319142,16.160070419311523,54299500
2003-05-07,MSFT,16.000732565112543,16.1478092431509,15.835270863996318,15.927193641662598,49120000
2003-05-08,MSFT,15.780123743133935,16.019123301518363,15.755610368498589,15.773995399475098,46401400
2003-05-09,MSFT,15.872040438193247,16.23973273386438,15.86591209689821,16.15393829345703,58913600
2003-05-12,MSFT,16.02524932313308,16.22135161635265,15.970095407057343,16.055891036987305,53900800
2003-05-13,MSFT,15.95783534679238,16.05588646548462,15.865911400264565,15.927193641662598,44501900
2003-05-14,MSFT,15.982355338143915,16.04363760943512,15.651432943350786,15.700458526611328,45021000
2003-05-15,MSFT,15.841401068509123,15.939452198735504,15.66981100618212,15.804632186889648,45450200
2003-05-16,MSFT,15.85978613566259,15.963965615589142,15.571761064741771,15.669812202453613,60620900
2003-05-19,MSFT,15.56562820408686,15.651423801326024,15.161167086218331,15.173423767089844,55336300
2003-05-20,MSFT,15.234710982464524,15.320505438886512,15.01409533010878,15.093761444091797,52677600
2003-05-21,MSFT,15.093761603376828,15.14278717454416,14.64027477786354,14.726070404052734,108960900
2003-05-22,MSFT,14.830247046040638,14.873144266481242,14.732195922501658,14.805733680725098,93157100
2003-05-23,MSFT,14.830247080169759,15.03860601038499,14.726067615062144,14.84250259399414,76968000
2003-05-27,MSFT,14.860891862415462,15.253096469490815,14.842506833135582,15.191815376281738,68486800
2003-05-28,MSFT,15.185688359486381,15.240842283281165,14.89153370962686,14.958944320678711,91467000
2003-05-29,MSFT,14.995705594870309,15.118270067446845,14.848628929095328,14.952808380126953,75451300
2003-05-30,MSFT,15.155047379549323,15.265355232512011,15.020227319740535,15.081509590148926,85096700
2003-06-02,MSFT,15.308252589630337,15.338894309502752,15.056996330987003,15.099893569946289,66310800
2003-06-03,MSFT,15.167299300038293,15.27147877632838,15.056991481747412,15.246965408325195,61058200
2003-06-04,MSFT,15.314375816238925,15.45532417396724,15.161170774657268,15.240838050842285,83484600
2003-06-05,MSFT,14.995709519861064,15.026351230456106,14.713812795557137,14.762838363647461,115877900
2003-06-06,MSFT,14.977319985937477,15.05085772577117,14.493191661776914,14.505448341369629,119629400
2003-06-09,MSFT,14.536093619929881,14.695427000099995,14.46255585607394,14.554478645324707,73610000
2003-06-10,MSFT,14.670915258760477,15.167299271266087,14.615761349719664,15.124402046203613,80655300
2003-06-11,MSFT,15.118273732893648,15.295990975469842,14.965068689458919,15.246965408325195,75768600
2003-06-12,MSFT,15.302123005122313,15.40630250651857,15.161174611722084,15.314379692077637,66177700
2003-06-13,MSFT,15.443061111405008,15.473701637201547,15.007958398155115,15.106009483337402,55157500
2003-06-16,MSFT,15.19793770280693,15.577886671364803,15.118271605729172,15.559501647949219,69658600
2003-06-17,MSFT,15.7127064697019,16.019116509556376,15.645297055759762,15.908808708190918,122213900
2003-06-18,MSFT,15.921070979248018,16.19684057946788,15.7556092191161,15.976224899291992,89957700
2003-06-19,MSFT,15.98848158571553,16.172327206620807,15.939456008883326,15.976224899291992,63626900
2003-06-20,MSFT,16.14168551746083,16.16619771971181,15.939454881227297,16.135557174682617,86048900
2003-06-23,MSFT,16.01911930172978,16.080401554154637,15.620786414260827,15.798504829406738,52584500
2003-06-24,MSFT,15.718836631297672,15.957837284890758,15.63917052600776,15.749478340148926,51820300
2003-06-25,MSFT,15.712706628599177,15.927193892438655,15.406296585646079,15.479835510253906,60483500
2003-06-26,MSFT,15.559505193792644,16.24586436252146,15.44919736588428,15.780120849609375,51758100
2003-06-27,MSFT,15.902682629205513,16.141682102686083,15.645298131279658,15.706579208374023,76040300
2003-06-30,MSFT,15.896555221877197,16.006863037307838,15.626914025142485,15.712708473205566,48073100
2003-07-01,MSFT,15.682066731675988,16.05588737336633,15.559502241949504,16.025245666503906,60926000
2003-07-02,MSFT,16.23973361406176,16.503246459722888,16.209093074787436,16.472604751586914,94069300
2003-07-03,MSFT,16.35618041539666,16.515513894847487,16.184590244712144,16.239744186401367,39440900
2003-07-07,MSFT,16.55839437784613,16.883188184607636,16.51549717082942,16.80352210998535,88960800
2003-07-08,MSFT,16.70547932062409,17.036401631282374,16.69935097816685,16.975120544433594,61896800
2003-07-09,MSFT,16.88932903656332,16.975124683020105,16.699355049519895,16.83417510986328,62300700
2003-07-10,MSFT,16.69935055522912,16.803530036640066,16.294889314189394,16.490991592407227,55350800
2003-07-11,MSFT,16.51550573510259,16.82191585138381,16.478735679568324,16.736120223999023,50377300
2003-07-14,MSFT,16.932223404813588,17.04253123951301,16.57678769792762,16.791275024414062,60464400
2003-07-15,MSFT,16.834172238252304,16.870942295688074,16.607429395041184,16.71160888671875,53567600
2003-07-16,MSFT,16.8893212318709,16.926091278587254,16.668706795880546,16.864809036254883,49838900
2003-07-17,MSFT,16.63193902930645,16.711606305918917,16.264247862627016,16.356170654296875,72805000
2003-07-18,MSFT,16.61355616352349,16.68709393370226,16.392940515263614,16.478734970092773,63388400
2003-07-21,MSFT,16.466466952581712,16.49097913441049,15.933313263690206,15.957826614379883,48480800
2003-07-22,MSFT,16.104915736460434,16.27650464928643,16.012991768747302,16.166196823120117,51791000
2003-07-23,MSFT,16.190711879339318,16.331660263517016,16.019121779778253,16.209096908569336,49828200
2003-07-24,MSFT,16.411327925901997,16.497122393192374,15.921070988435112,15.933327674865723,53556600
2003-07-25,MSFT,16.104915439150158,16.515505024043943,15.976222588044633,16.478734970092773,54173000
2003-07-28,MSFT,16.509370900813234,16.54613977302767,16.233601437051558,16.307140350341797,52658300
2003-07-29,MSFT,16.47259814848176,16.484854826823014,16.080393792451133,16.221342086791992,62391100
2003-07-30,MSFT,16.215220508873745,16.282631098997612,16.037503274267642,16.07427215576172,41240300
2003-07-31,MSFT,16.301012161309494,16.540011586211428,16.12329380104604,16.1845760345459,64504800
2003-08-01,MSFT,16.135553412685443,16.24586121925131,16.006861750932995,16.03750228881836,42649700
2003-08-04,MSFT,16.025245575962007,16.184578944161572,15.780117766755598,16.043630599975586,51825600
2003-08-05,MSFT,16.12329991845893,16.264249459645317,15.688198116362642,15.724967002868652,58825800
2003-08-06,MSFT,15.651434958633237,16.04976802002236,15.584024334646896,15.718844413757324,56294900
2003-08-07,MSFT,15.761735947564398,15.816889861957947,15.59627537324559,15.755607604980469,44258500
2003-08-08,MSFT,15.85978803395866,15.921070294579023,15.626916846235561,15.675942420959473,33241400
2003-08-11,MSFT,15.69431209564209,15.927183055541347,15.651414905833866,15.69431209564209,36433900
2003-08-12,MSFT,15.755608495108923,15.79237855268987,15.596276254372416,15.767865180969238,38208400
2003-08-13,MSFT,15.804630417332586,15.865911490216519,15.62691203315687,15.688194274902344,39636900
2003-08-14,MSFT,15.724964232819307,15.75560477136649,15.639169789797897,15.706579208374023,37338300
2003-08-15,MSFT,15.694324492674909,15.72496503278084,15.584016678114867,15.651427268981934,27607900
2003-08-18,MSFT,15.663682724227089,15.829144445438837,15.602400475386254,15.749478340148926,45817400
2003-08-19,MSFT,15.841404396994132,16.331660151135143,15.79237882158003,16.313276290893555,72952900
2003-08-20,MSFT,16.117172931281168,16.258122484320793,15.933327314428686,16.209096908569336,56739300
2003-08-21,MSFT,16.33165857004818,16.38068414071606,16.01299177627607,16.080402374267578,63802700
2003-08-22,MSFT,16.411325916826392,16.515505401009026,16.062017409488053,16.068145751953125,65846300
2003-08-25,MSFT,16.12330795740607,16.26425756886876,16.074282361333694,16.239744186401367,36132900
2003-08-26,MSFT,16.123299432552134,16.343915082663166,15.908812124817718,16.28263282775879,47546000
2003-08-27,MSFT,16.24586015271385,16.288757370481807,16.117167330548465,16.190706253051758,30633900
2003-08-28,MSFT,16.23974033869648,16.288765923153154,16.080406896996756,16.245868682861328,46211200
2003-08-29,MSFT,16.215225026070865,16.27037894810746,16.14781558602991,16.251995086669922,34503000
2003-09-02,MSFT,16.362303422374865,16.72999468851738,16.221353856900738,16.705482482910156,74168900
2003-09-03,MSFT,16.803528462543,17.40409192554183,16.77901509563121,17.342809677124023,109437800
2003-09-04,MSFT,17.220250882056238,17.44699374136773,17.152840274165914,17.422481536865234,59840800
2003-09-05,MSFT,17.299907681498084,17.618574350273228,17.263138810135214,17.391830444335938,64024500
2003-09-08,MSFT,17.397963229731513,17.722758321532506,17.367322690577037,17.67373275756836,46105300
2003-09-09,MSFT,17.557294819875153,17.594063696894757,17.348935901994846,17.385705947875977,44315200
2003-09-10,MSFT,17.177350458528736,17.26927325385595,16.84029865051328,16.883195877075195,54763500
2003-09-11,MSFT,16.950609061846645,17.226378658816945,16.907711828731696,17.060916900634766,37813300
2003-09-12,MSFT,16.84030647281976,17.404101359933748,16.821922606532084,17.367332458496094,55777200
2003-09-15,MSFT,17.38570406968826,17.53278073073943,17.3611907084157,17.379575729370117,41432300
2003-09-16,MSFT,17.410222757412352,17.7411462448827,17.355068842833962,17.71050453186035,52060600
2003-09-17,MSFT,17.624699670613875,17.74113577365183,17.44698134656325,17.46536636352539,47221600
2003-09-18,MSFT,17.459256251100147,18.084333454027636,17.416359002267107,18.078205108642578,67268100
2003-09-19,MSFT,18.237528827526216,18.366220505193187,18.090452123537506,18.360092163085938,92433800
2003-09-22,MSFT,18.010770774176613,18.384591168641112,17.65533539167065,17.814668655395508,65678700
2003-09-23,MSFT,17.845325259408792,18.206888112614127,17.698247378515546,18.13947868347168,57827800
2003-09-24,MSFT,18.145608818269253,18.200762736836666,17.416352359659385,17.44086456298828,66336500
2003-09-25,MSFT,17.446986232429637,17.747267913735552,17.293781221424897,17.30603790283203,56224500
2003-09-26,MSFT,17.324419988153643,17.636958297886036,17.24475274137373,17.275394439697266,49864700
2003-09-29,MSFT,17.410221822502486,17.71663192310107,17.22024788741266,17.667606353759766,47380300
2003-09-30,MSFT,17.5205263632577,17.532783045512176,17.00575739718533,17.03639793395996,63333700
2003-10-01,MSFT,17.17735076247449,17.545041950289473,17.042529569338,17.477632522583008,58375900
2003-10-02,MSFT,17.43472583744963,17.61857133162649,17.27539253036115,17.46536636352539,38143600
2003-10-03,MSFT,17.869839709538276,18.05368533050221,17.72889132220846,17.82081413269043,57303000
2003-10-06,MSFT,17.86370837197673,17.95563116705043,17.716631666086464,17.888221740722656,34047600
2003-10-07,MSFT,17.77791597238323,17.998531641129933,17.722762055196554,17.857582092285156,52356800
2003-10-08,MSFT,17.992397626712396,17.992397626712396,17.575679792152993,17.661474227905273,46989100
2003-10-09,MSFT,17.90660669275004,17.986273977181252,17.64922214949704,17.735017776489258,62653300
2003-10-10,MSFT,17.716636657714844,17.894355124609355,17.569559910385983,17.716636657714844,37604700
2003-10-13,MSFT,17.759531971061026,17.833070921184667,17.465378508290375,17.6369686126709,39320300
2003-10-14,MSFT,17.563423097136823,17.630833678812813,17.45311529761667,17.575679779052734,34851300
2003-10-15,MSFT,17.994733642129678,18.031708792132875,17.686604649459092,17.91461944580078,57242100
2003-10-16,MSFT,17.816023134249676,18.062526160712483,17.74823436119022,18.013225555419922,42232500
2003-10-17,MSFT,18.044040674074406,18.05020339717763,17.74823584221605,17.828350067138672,49960000
2003-10-20,MSFT,17.84067800978294,18.09950653923973,17.748238325718837,18.087181091308594,38794500
2003-10-21,MSFT,18.087181091308594,18.136481707613726,17.976254410767197,18.087181091308594,44166800
2003-10-22,MSFT,17.88997644297838,18.00090193456416,17.74823615990568,17.803699493408203,48798500
2003-10-23,MSFT,17.698933496290255,17.920786804562216,17.316854104732016,17.816022872924805,67357900
2003-10-24,MSFT,16.80535848230895,16.885471517234112,16.281538868047395,16.39862823486328,210558300
2003-10-27,MSFT,16.583513259887695,16.700602683663117,16.52804991048984,16.583513259887695,65619100
2003-10-28,MSFT,16.694446814284614,16.77455992108031,16.56503188740531,16.762235641479492,71752600
2003-10-29,MSFT,16.737576878433497,16.793040224584953,16.429447700000743,16.478748321533203,73551500
2003-10-30,MSFT,16.645127924276732,16.663616086542522,15.967243921642098,16.09665870666504,98729400
2003-10-31,MSFT,16.250731925569646,16.293869818601777,16.090504626150707,16.108991622924805,69623700
2003-11-03,MSFT,16.238399723674156,16.484902706633484,16.201424570084992,16.44176483154297,57772300
2003-11-04,MSFT,16.386309650940447,16.40479782462578,16.028879854293972,16.065855026245117,84026100
2003-11-05,MSFT,16.115157314468586,16.219921292017837,16.022718787317988,16.0843448638916,61514400
2003-11-06,MSFT,16.18293785793575,16.20758757073443,16.02271061077769,16.16444969177246,68189800
2003-11-07,MSFT,16.256896467794146,16.324685269567087,16.041206962915968,16.0843448638916,57822100
2003-11-10,MSFT,16.096664206430994,16.164451807062367,16.02271270751953,16.02271270751953,54579100
2003-11-11,MSFT,16.028870816155592,16.07200868834453,15.819343000878877,15.899456024169922,64990700
2003-11-12,MSFT,15.930280066920085,16.108994393854005,15.776215465064803,16.010393142700195,75877300
2003-11-13,MSFT,15.936431804130796,15.979569674840265,15.683766125330633,15.83166790008545,78949500
2003-11-14,MSFT,15.83783357925659,16.03503598243112,15.677606332822524,15.714581489562988,83146400
2003-11-17,MSFT,15.646793641510415,15.677607253452791,15.30785213807804,15.498891830444336,103900200
2003-11-18,MSFT,15.609818482598673,15.924110271896257,15.48040483869802,15.498891830444336,106868300
2003-11-19,MSFT,15.585168586941277,15.73923311860142,15.511217094560006,15.622143745422363,78853300
2003-11-20,MSFT,15.511223186742074,15.794701472134395,15.455759839527133,15.468085289001465,106845700
2003-11-21,MSFT,15.609818577501576,15.640631014212174,15.455754043110357,15.474242210388184,70712900
2003-11-24,MSFT,15.609821135524575,15.905624807929264,15.579008693764662,15.856324195861816,99463800
2003-11-25,MSFT,15.942604876752881,15.991905500349375,15.64063723487733,15.652962684631348,85663800
2003-11-26,MSFT,15.782371388407851,15.794695657925923,15.603655963075887,15.683770179748535,69758400
2003-11-28,MSFT,15.71459186298782,15.868656489095544,15.652965777460768,15.844005584716797,33402600
2003-12-01,MSFT,15.961085571836103,16.152125265890376,15.7145825512146,15.924110412597656,101914600
2003-12-02,MSFT,15.99189824490276,16.078174003198832,15.782370395824536,15.813182830810547,85121700
2003-12-03,MSFT,15.911791628136676,16.065856227441515,15.78854065394457,15.819353103637695,93121600
2003-12-04,MSFT,15.850158869575147,16.16445066067561,15.813183710451304,16.145963668823242,87202400
2003-12-05,MSFT,15.99806769245106,16.31852234641076,15.973417967372423,16.010393142700195,96610900
2003-12-08,MSFT,16.096667717627785,16.232244123883273,15.905626793525725,16.170618057250977,90504000
2003-12-09,MSFT,16.293863766566005,16.398627685911293,16.176774403669743,16.256887435913086,103547100
2003-12-10,MSFT,16.30002908757018,16.410954570960318,16.256890028262752,16.38630485534668,82853700
2003-12-11,MSFT,16.38630279089971,16.497229435733804,16.195263111140445,16.39862823486328,79309000
2003-12-12,MSFT,16.447927787602058,16.521878095834964,16.330838428244505,16.423276901245117,69154100
2003-12-15,MSFT,16.66978808304404,16.700601706139036,16.441773149238742,16.478748321533203,88860600
2003-12-16,MSFT,16.534213753517818,16.737578989921694,16.497238576558846,16.675952911376953,73978000
2003-12-17,MSFT,16.663618087768555,16.688267798331132,16.546528730194233,16.663618087768555,53712300
2003-12-18,MSFT,16.700601933974674,16.916292596904036,16.669788310459307,16.885478973388672,61177800
2003-12-19,MSFT,16.94093188386239,16.977907033882797,16.756054958341533,16.86081886291504,76856400
2003-12-22,MSFT,16.737581087579404,16.903971167877348,16.62049164121198,16.749906539916992,43894800
2003-12-23,MSFT,16.743734518371024,16.848498454240577,16.645133305248994,16.731409072875977,39609000
2003-12-24,MSFT,16.725242951884468,16.737568394875225,16.63896720178704,16.663618087768555,19924200
2003-12-26,MSFT,16.669776131704012,16.79302818487978,16.638963706119412,16.76837730407715,12076900
2003-12-29,MSFT,16.768386456436705,16.965590084237462,16.737574014034358,16.92245101928711,40426700
2003-12-30,MSFT,16.891638098016223,16.977913874632392,16.885475374626594,16.959426879882812,34406600
2003-12-31,MSFT,16.897793935319996,16.977906955899368,16.78070458947123,16.866981506347656,42198900
2004-01-02,MSFT,16.996401426165075,17.11349081546755,16.842336873289966,16.916288375854492,44487700
2004-01-05,MSFT,17.088835528255583,17.366152122283975,17.082672806675067,17.341501235961914,67333700
2004-01-06,MSFT,17.372322852993594,17.427786197369436,17.298371335352645,17.403135299682617,46950800
2004-01-07,MSFT,17.35999383748454,17.446269610823773,17.261392617834204,17.3846435546875,54298200
2004-01-08,MSFT,17.49557136042683,17.551034697020803,17.255231018799172,17.353832244873047,58810800
2004-01-09,MSFT,17.273718035288343,17.292205029304863,17.002564093993268,17.04570198059082,67079900
2004-01-12,MSFT,17.051869986869924,17.088845161778135,16.854667486799983,16.990243911743164,55845200
2004-01-13,MSFT,16.977909585446596,17.03337290652205,16.7991953539738,16.903959274291992,51555900
2004-01-14,MSFT,16.959420205754245,17.088833819749688,16.92860660093235,17.07034683227539,43907000
2004-01-15,MSFT,16.977906082495952,17.08266998119883,16.897793066037877,16.971744537353516,58504100
2004-01-16,MSFT,17.0765098704227,17.181273785136536,16.96558440962476,17.13813591003418,63983400
2004-01-20,MSFT,17.242897283165604,17.378474785410692,17.21208485561105,17.316848754882812,63068500
2004-01-21,MSFT,17.335337712351283,17.440101623535156,17.162786217755887,17.440101623535156,53570600
2004-01-22,MSFT,17.477079339481595,17.526379938341694,17.21825090161131,17.261388778686523,78425200
2004-01-23,MSFT,17.427778299004665,17.723581884669667,17.390801969232314,17.551029205322266,127259100
2004-01-26,MSFT,17.557195989495526,17.766723871678785,17.452432048403892,17.74823570251465,58299600
2004-01-27,MSFT,17.649630582625605,17.698931180745046,17.390802148643797,17.409290313720703,63196200
2004-01-28,MSFT,17.440103756010483,17.52638068927653,16.928609580139337,17.07651138305664,71336000
2004-01-29,MSFT,17.138142004878667,17.224418961185027,16.990240162464083,17.19976806640625,63748400
2004-01-30,MSFT,17.15662872662735,17.193603890252618,16.97791328083659,17.039539337158203,40528700
2004-02-02,MSFT,17.01489384131411,17.13198208441385,16.7868777289786,16.885478973388672,62891800
2004-02-03,MSFT,16.88546793546913,16.977906394749716,16.749891606885527,16.81768035888672,47993800
2004-02-04,MSFT,16.774549550971653,16.903964397846067,16.6451358795166,16.6451358795166,60648000
2004-02-05,MSFT,16.67594298215888,16.743731745737165,16.534203908694263,16.614316940307617,55527500
2004-02-06,MSFT,16.65745813167435,16.756059341131895,16.5958320819086,16.688270568847656,47209600
2004-02-09,MSFT,16.756054548020053,16.78070425562376,16.546526744003945,16.57733917236328,48108500
2004-02-10,MSFT,16.55886001872416,16.731411579832443,16.528046400369572,16.65129852294922,37790600
2004-02-11,MSFT,16.6204824142589,16.780709679436992,16.546532092126963,16.731409072875977,51515300
2004-02-12,MSFT,16.694435796286736,16.73141096152648,16.595834572034548,16.6081600189209,44537000
2004-02-13,MSFT,16.626645165820747,16.675945772467202,16.330841525942024,16.38630485534668,67541100
2004-02-17,MSFT,16.46641680085051,16.700595548348698,16.386303761181615,16.6328067779541,43477000
2004-02-18,MSFT,16.577341653412194,16.706756457811625,16.478740457402612,16.497228622436523,50334700
2004-02-19,MSFT,16.5896659769826,16.626641129135667,16.287699687658307,16.30618667602539,61840600
2004-02-20,MSFT,16.429435243186038,16.51571097159861,16.330834074880627,16.373971939086914,57821900
2004-02-23,MSFT,16.47257854780666,16.49106671375202,16.318514024519086,16.39862823486328,50256800
2004-02-24,MSFT,16.398623237027874,16.608151018874366,16.361646916406485,16.565011978149414,55426500
2004-02-25,MSFT,16.57734294264464,16.632806266640827,16.39862870176065,16.454092025756836,64275700
2004-02-26,MSFT,16.38630630611689,16.423281470520553,16.275379637486623,16.330842971801758,66602700
2004-02-27,MSFT,16.3123507567488,16.404790407963667,16.238400446279694,16.349327087402344,58266500
2004-03-01,MSFT,16.410952970656083,16.46641629465227,16.330839933449965,16.454092025756836,51912300
2004-03-02,MSFT,16.39863529991258,16.447935921588105,16.23840798561224,16.263057708740234,66331000
2004-03-03,MSFT,16.238406973369557,16.361657932165585,16.158292733503647,16.250732421875,54998700
2004-03-04,MSFT,16.226081524864114,16.28154486771914,16.152130009250925,16.250732421875,44023200
2004-03-05,MSFT,16.164446125348675,16.39246208937839,16.14595913868328,16.2383975982666,59849800
2004-03-08,MSFT,16.213744595603803,16.2383954751597,15.905615653666876,15.917941093444824,69367800
2004-03-09,MSFT,15.899458338182924,16.004222261068662,15.739232268281473,15.850157737731934,81111700
2004-03-10,MSFT,15.80702055373751,15.899459036716976,15.622143587778579,15.634469032287598,75155800
2004-03-11,MSFT,15.517390778551608,15.887146150819495,15.449601960600184,15.46192741394043,90536300
2004-03-12,MSFT,15.64063549041748,15.720749729463574,15.548196978411523,15.64063549041748,64137100
2004-03-15,MSFT,15.591328318076235,15.671442523444119,15.443426525957397,15.50505256652832,68835300
2004-03-16,MSFT,15.56668132038258,15.634470094368119,15.46808010845043,15.517380714416504,65453800
2004-03-17,MSFT,15.560518037575758,15.689931682796,15.474242274095594,15.486566543579102,56241400
2004-03-18,MSFT,15.381800978352759,15.424940030928225,15.147623427180928,15.338663101196289,123231000
2004-03-19,MSFT,15.264712252312766,15.369476168321695,15.135297449986933,15.178435325622559,86281600
2004-03-22,MSFT,15.085995518929849,15.307848774490799,14.796354682828825,15.098320960998535,127605200
2004-03-23,MSFT,15.190758372370068,15.196921092977098,14.857979687521903,14.88262939453125,91696300
2004-03-24,MSFT,15.024372817597083,15.147624914793287,14.901121895819989,15.042860984802246,97584700
2004-03-25,MSFT,15.159958400621967,15.554363440176447,15.147632949280956,15.523550987243652,85677900
2004-03-26,MSFT,15.474247405513127,15.720750508213039,15.406458611488336,15.424946784973145,61584900
2004-03-29,MSFT,15.560518963876353,15.652957455310592,15.406454419679557,15.597494125366211,51881600
2004-03-30,MSFT,15.535872318736327,15.609823837347033,15.424946803949535,15.52971076965332,59010400
2004-03-31,MSFT,15.529705561786177,15.529705561786177,15.326340423079365,15.36331558227539,70533200
2004-04-01,MSFT,15.375644084356134,15.47424531209694,15.314018023163293,15.455757141113281,69051900
2004-04-02,MSFT,15.702267368713501,15.961096003381082,15.677617638250817,15.930283546447754,98043800
2004-04-05,MSFT,15.905622549922048,16.010386482620206,15.856321944853454,15.991899490356445,53800300
2004-04-06,MSFT,15.880969036328299,15.961082059619343,15.81318027979205,15.899456024169922,48992000
2004-04-07,MSFT,15.862487599818591,15.887138494619524,15.622147252606288,15.770049095153809,63268900
2004-04-08,MSFT,15.911780186423092,15.930268348196416,15.628302091744725,15.702252388000488,45294600
2004-04-12,MSFT,15.702253508317241,15.862480728861563,15.671441078582077,15.782367706298828,38786800
2004-04-13,MSFT,15.825509270268912,15.880972597067167,15.659119289874143,15.683770179748535,56971500
2004-04-14,MSFT,15.646797390406176,15.825512856233978,15.640634666541143,15.720748901367188,61079600
2004-04-15,MSFT,15.733065417531927,15.856316298605654,15.468074318866266,15.542024612426758,73756900
2004-04-16,MSFT,15.609816482873198,15.652954358647156,15.474240133952337,15.50505256652832,51768600
2004-04-19,MSFT,15.455753746780251,15.776208254270564,15.443428302164678,15.733070373535156,44592100
2004-04-20,MSFT,15.807023770175086,15.948762884612833,15.579008877456854,15.609821319580078,59902600
2004-04-21,MSFT,15.628306852950278,15.708419894203802,15.529705644290962,15.683770179748535,49252000
2004-04-22,MSFT,15.720745574769603,16.01654920518117,15.696094684525734,15.991899490356445,99207700
2004-04-23,MSFT,16.885467624915478,17.08266998119883,16.84849247696704,16.971744537353516,258269000
2004-04-26,MSFT,16.916285772134742,16.977910643464206,16.700595196224388,16.7868709564209,89391000
2004-04-27,MSFT,16.737572414471227,16.866987246115805,16.719084245545083,16.774547576904297,80716800
2004-04-28,MSFT,16.645129696775193,16.669779407002338,16.312349793066836,16.367813110351562,72842200
2004-04-29,MSFT,16.33700776453855,16.601999023073407,16.213755633688105,16.318519592285156,77787300
2004-04-30,MSFT,16.38630452892947,16.48490574025823,15.998061230830718,16.102825164794922,66172200
2004-05-03,MSFT,16.139796417988556,16.343161499239372,16.139796417988556,16.2383975982666,65916200
2004-05-04,MSFT,16.23840538809807,16.35549478663001,16.03504020928962,16.2260799407959,55496400
2004-05-05,MSFT,16.219921275581473,16.392474054728808,16.17678337464955,16.207595825195312,51841700
2004-05-06,MSFT,16.121308414267297,16.23223503702445,16.041195395286465,16.09665870666504,62693900
2004-05-07,MSFT,16.041199080016412,16.256888478901402,15.868646385489354,15.887134552001953,68290200
2004-05-10,MSFT,15.794702649573088,16.053531230731046,15.788541099796157,15.979580879211426,64621400
2004-05-11,MSFT,16.078173416579624,16.090498860291948,15.893296462570767,15.985734939575195,57917200
2004-05-12,MSFT,15.942597062001061,16.022710095293164,15.671443177424933,15.985734939575195,64145600
2004-05-13,MSFT,15.911792084569413,16.13980821526589,15.89330508439108,16.0843448638916,63861500
2004-05-14,MSFT,16.022711461970154,16.127475391622877,15.800858157901066,15.93643569946289,43775300
2004-05-17,MSFT,15.69610347163373,15.893307177727278,15.665291016998381,15.739242553710938,55149600
2004-05-18,MSFT,15.837828085725421,16.004216821053202,15.800851766391576,15.917941093444824,58158600
2004-05-19,MSFT,16.04119312685006,16.189094877804738,15.788527488708496,15.788527488708496,60052800
2004-05-20,MSFT,15.868649642733507,15.942601148544332,15.77004841859861,15.856324195861816,52089900
2004-05-21,MSFT,16.004224236296373,16.145964508578093,15.887136030411234,15.954923629760742,57809300
2004-05-24,MSFT,16.053526401419965,16.127477906112727,15.862486679474326,15.874812126159668,56250500
2004-05-25,MSFT,15.844003282796475,16.13980821526589,15.77621565644318,16.0843448638916,66615000
2004-05-26,MSFT,16.016553112796036,16.115154346989314,15.930277326731773,16.108991622924805,50306900
2004-05-27,MSFT,16.12131285802866,16.139801025390625,15.97341104539031,16.139801025390625,49071900
2004-05-28,MSFT,16.10898636870163,16.238401181006584,16.03503605488655,16.16444969177246,37393000
2004-06-01,MSFT,16.10282605581199,16.18910300206298,15.942599960101335,16.09050178527832,48369500
2004-06-02,MSFT,16.096663617578635,16.195264828907394,16.02887484400793,16.102825164794922,54020000
2004-06-03,MSFT,16.053524842832005,16.102825449367636,15.936436636946866,15.954923629760742,45933100
2004-06-04,MSFT,16.04120009542504,16.17061374294792,15.985736767795478,15.991899490356445,48815300
2004-06-07,MSFT,16.035034943452718,16.287700653076172,16.004221335316345,16.287700653076172,65218600
2004-06-08,MSFT,16.195265073147773,16.423279937002032,16.170614182234246,16.392467498779297,58447700
2004-06-09,MSFT,16.269209543944104,16.423274030487928,16.269209543944104,16.312347412109375,50385500
2004-06-10,MSFT,16.25688717867157,16.509554065792464,16.25688717867157,16.497228622436523,48109200
2004-06-14,MSFT,16.361648647591547,16.57733917236328,16.34932438149909,16.57733917236328,67377500
2004-06-15,MSFT,16.63280554514501,17.00872335249729,16.620480101365164,16.891633987426758,114183400
2004-06-16,MSFT,16.84849563996948,16.947096836621764,16.73140627816278,16.836170196533203,67431100
2004-06-17,MSFT,16.830011665818137,17.20592955630275,16.817687394731852,17.11349105834961,105427500
2004-06-18,MSFT,17.113488978116656,17.563357142112274,17.070351096010107,17.470918655395508,134218700
2004-06-21,MSFT,17.39080443826695,17.661958351332707,17.32917956406853,17.470918655395508,116881700
2004-06-22,MSFT,17.347667756546205,17.470919864309842,17.138139878599553,17.433944702148438,98932000
2004-06-23,MSFT,17.37847676141903,17.4894022184794,17.255224686348978,17.440101623535156,58558400
2004-06-24,MSFT,17.551034472358623,17.6557984206485,17.477084141459482,17.49557113647461,65503800
2004-06-25,MSFT,17.551033478170822,17.643471974268177,17.409294372460263,17.606496810913086,71136500
2004-06-28,MSFT,17.624988349563928,17.7174268633322,17.35999708145393,17.427785873413086,77024100
2004-06-29,MSFT,17.366157761298574,17.612660827467106,17.366157761298574,17.5633602142334,55371700
2004-06-30,MSFT,17.60649116658797,17.74823022685953,17.49556453666453,17.60032844543457,83544400
2004-07-01,MSFT,17.68660599908042,17.772881747477648,17.41545213572195,17.64346694946289,78441400
2004-07-02,MSFT,17.637310426558372,17.674285589913463,17.501732868557617,17.606496810913086,36690100
2004-07-06,MSFT,17.452432228690633,17.458594951809008,17.218254627288665,17.267555236816406,69158900
2004-07-07,MSFT,17.051857646406074,17.45242508170913,16.977906174688865,17.316848754882812,66255700
2004-07-08,MSFT,17.18127852433831,17.34766852455985,16.977913360318407,17.033376693725586,59125100
2004-07-09,MSFT,17.119659942942878,17.25523637703996,17.033382961772286,17.168960571289062,50249300
2004-07-12,MSFT,17.051862598643066,17.255227735653648,17.002561994986536,17.18743896484375,45757300
2004-07-13,MSFT,17.1997696855343,17.22442058263363,17.008729934692383,17.008729934692383,43274100
2004-07-14,MSFT,16.885474209596637,17.477082684569858,16.848499047229314,17.335342407226562,87656300
2004-07-15,MSFT,17.286042987404247,17.378482662806917,17.131978428958863,17.17511749267578,46759700
2004-07-16,MSFT,17.366153636349374,17.378479080584995,16.793033409002604,16.934772491455078,66406300
2004-07-19,MSFT,17.021057233337714,17.41546222644088,17.00873178344834,17.224422454833984,60354500
2004-07-20,MSFT,17.255226418179728,17.551030017533673,17.162787940309,17.452428817749023,89010700
2004-07-21,MSFT,18.419958715666517,18.419958715666517,17.754399852708556,17.785213470458984,201518000
2004-07-22,MSFT,17.91462454700879,18.056363641897093,17.766722729461968,17.87148666381836,124640700
2004-07-23,MSFT,17.48940731130087,17.501732757480756,17.267555157159077,17.273717880249023,97372700
2004-07-26,MSFT,17.47707983004939,17.692769221479697,17.378478629561528,17.661956787109375,72387600
2004-07-27,MSFT,17.686611634152683,17.723586798757896,17.33534345643562,17.526384353637695,72968400
2004-07-28,MSFT,17.464751952180162,17.742068524541285,17.427776801004967,17.612653732299805,62718800
2004-07-29,MSFT,17.735907327927116,17.7482315957656,17.40929013411849,17.551029205322266,60148400
2004-07-30,MSFT,17.53254975645185,17.754401953407815,17.458598240520214,17.557199478149414,59552900
2004-08-02,MSFT,17.42161526733331,17.59416676819094,17.353826506042697,17.575679779052734,52267000
2004-08-03,MSFT,17.48940239231399,17.514053277740576,17.25522485785598,17.298362731933594,53990900
2004-08-04,MSFT,17.261389560947794,17.37847892932898,17.249064116819447,17.29220199584961,46217900
2004-08-05,MSFT,17.35383559367091,17.384648041982675,16.95943061326643,16.965593338012695,55591700
2004-08-06,MSFT,16.873157870904638,17.16896285576072,16.675955331280488,16.725255966186523,75628000
2004-08-09,MSFT,16.799207173847513,16.8115326261851,16.70060590598647,16.749906539916992,51877500
2004-08-10,MSFT,16.823845578720373,17.101162192550976,16.793033144036546,17.082674026489258,57632700
2004-08-11,MSFT,16.87930854364691,16.95326003090699,16.762220353995392,16.891633987426758,53097300
2004-08-12,MSFT,16.780702480099475,16.830003065509313,16.55268771336096,16.565011978149414,50279700
2004-08-13,MSFT,16.6451357992783,16.793037641122268,16.626647628265548,16.65129852294922,43333200
2004-08-16,MSFT,16.65745614963944,16.762220069149837,16.614317097143044,16.69443130493164,54347200
2004-08-17,MSFT,16.774548491352594,16.873149713495412,16.626646658138366,16.669784545898438,56879700
2004-08-18,MSFT,16.595834898312624,16.947101913544454,16.57118400405528,16.92245101928711,58844000
2004-08-19,MSFT,16.8546621550876,16.916288210719905,16.645134271189296,16.712923049926758,46293000
2004-08-20,MSFT,16.719096548906332,16.866999658316992,16.663634352152446,16.762235641479492,46494800
2004-08-23,MSFT,16.85493988320888,16.892024128698708,16.76222868004085,16.836397171020508,39572200
2004-08-24,MSFT,16.93528927825133,16.97237352374116,16.74368596785248,16.836397171020508,40835300
2004-08-25,MSFT,16.8178519789806,17.102167629511047,16.799310448413152,17.027997970581055,53512700
2004-08-26,MSFT,16.972365429862624,17.058896866589166,16.929100300942522,16.960004806518555,35465500
2004-08-27,MSFT,16.997089938784246,17.08980110267306,16.966186610450112,16.972366333007812,33248700
2004-08-30,MSFT,16.873472213745117,16.929099141084478,16.595338755934577,16.873472213745117,36679600
2004-08-31,MSFT,16.867292491939647,16.88583401512859,16.718953233110508,16.873472213745117,52106700
2004-09-01,MSFT,16.83021366671485,17.00945632018231,16.774586717630932,16.929105758666992,48507500
2004-09-02,MSFT,16.935277294834798,17.108338949473616,16.90437397527497,17.07125473022461,42161700
2004-09-03,MSFT,16.972370091838286,17.071263357959275,16.749863485004404,16.756044387817383,46174400
2004-09-07,MSFT,16.867293571835667,16.922919323850095,16.786943036585072,16.910558700561523,44893400
2004-09-08,MSFT,16.873471583724196,16.978544533787975,16.774579534121372,16.8487491607666,53278100
2004-09-09,MSFT,16.873477035331007,16.978550019342535,16.799308563609106,16.861116409301758,56904700
2004-09-10,MSFT,16.89820030652688,17.003273288432773,16.79930822695505,16.99091148376465,52664500
2004-09-13,MSFT,17.015632965600645,17.040355392959214,16.527352352239728,16.842571258544922,48239200
2004-09-14,MSFT,16.916739677598457,17.003269935438656,16.85493184533274,16.960004806518555,55920000
2004-09-15,MSFT,16.910555807115674,16.93527822834908,16.77457836423045,16.805482864379883,52605700
2004-09-16,MSFT,16.824025558922784,16.904376086028968,16.793122235504235,16.8487491607666,35951500
2004-09-17,MSFT,16.929105261373806,17.01563672345511,16.848755881105483,17.00327491760254,65283000
2004-09-20,MSFT,16.960009776005233,17.089805200797148,16.892021022702785,17.00327491760254,51513600
2004-09-21,MSFT,16.96618391175229,17.0156299365537,16.842568260305647,16.8487491607666,73874400
2004-09-22,MSFT,16.861129708382123,17.145444372377984,16.731333012162793,16.762237548828125,68409000
2004-09-23,MSFT,16.805492513550558,16.929107048465337,16.793130706393033,16.90438461303711,52155800
2004-09-24,MSFT,16.92910288167346,16.972368017189048,16.80548837718415,16.86729621887207,49859800
2004-09-27,MSFT,16.79312106432011,16.885832206996128,16.768397464200564,16.805482864379883,47813600
2004-09-28,MSFT,16.817845473123395,16.9105578056425,16.71277369685613,16.854930877685547,62055100
2004-09-29,MSFT,16.848757022496336,17.11452997189749,16.830214312461337,17.046541213989258,61529300
2004-09-30,MSFT,17.052717557063986,17.176333233132908,17.0094524241058,17.089801788330078,71218000
2004-10-01,MSFT,17.194867192246267,17.50390506753146,17.17014477524414,17.46063995361328,66302800
2004-10-04,MSFT,17.57808468603829,17.590445312135067,17.349396009392127,17.380300521850586,62016200
2004-10-05,MSFT,17.398843136686665,17.584266686353992,17.36793980118545,17.541000366210938,58017700
2004-10-06,MSFT,17.547187000935363,17.646079121506702,17.44829488036402,17.633718490600586,56999600
2004-10-07,MSFT,17.639892054858898,17.670795387594723,17.405022482074934,17.411203384399414,38401500
2004-10-08,MSFT,17.367946052629293,17.510103333321865,17.28759546518594,17.299957275390625,49556600
2004-10-11,MSFT,17.429743568818264,17.44210419279173,17.262862766869173,17.343212127685547,44691000
2004-10-12,MSFT,17.201060800666756,17.405025901904434,17.188698993588883,17.324676513671875,56412900
2004-10-13,MSFT,17.423568612521244,17.47301466194593,17.26904956070825,17.324676513671875,49500700
2004-10-14,MSFT,17.33085156035571,17.40502001998456,17.182512283325195,17.182512283325195,41548700
2004-10-15,MSFT,17.28759546518594,17.454476366287885,17.194884246425005,17.299957275390625,49828500
2004-10-18,MSFT,17.349395736405985,17.58426531184826,17.293768793742633,17.559541702270508,50350700
2004-10-19,MSFT,17.63371390828451,17.670798149140243,17.411206105376575,17.417387008666992,57026500
2004-10-20,MSFT,17.442107361929395,17.769688123917316,17.38030069417289,17.738784790039062,69078100
2004-10-21,MSFT,17.80676351830841,17.856209535292912,17.596617651402777,17.652244567871094,94988500
2004-10-22,MSFT,17.491553817507945,17.516277428305074,17.04653943313947,17.145431518554688,101912800
2004-10-25,MSFT,17.10216195890009,17.1639697910335,17.027992324562728,17.077438354492188,61529500
2004-10-26,MSFT,17.126887041734737,17.244321823120117,17.077441004133505,17.244321823120117,76966600
2004-10-27,MSFT,17.219600403180944,17.522457548602894,17.04653867198843,17.398841857910156,72392600
2004-10-28,MSFT,17.374113273895993,17.63988608953879,17.244316726748643,17.312305450439453,63059600
2004-10-29,MSFT,17.38029856018278,17.39884008667851,17.182513239431962,17.287586212158203,80010100
2004-11-01,MSFT,17.40501586037518,17.479185481164706,17.281400218688017,17.35556983947754,72930900
2004-11-02,MSFT,17.466827668856983,17.596623061262992,17.324670473682858,17.454465866088867,89417100
2004-11-03,MSFT,17.70787824983207,17.70787824983207,17.49773230263783,17.59662437438965,79666700
2004-11-04,MSFT,17.540994370121865,17.92420196533203,17.540994370121865,17.92420196533203,87867700
2004-11-05,MSFT,18.05400444855466,18.146716817619655,17.942751727672807,18.115812301635742,95337700
2004-11-08,MSFT,18.03546121099588,18.220883573804223,18.004556697936735,18.09726905822754,112802100
2004-11-09,MSFT,18.189979538385764,18.474293974249438,18.14053349828397,18.40012550354004,100401000
2004-11-10,MSFT,18.49283148282763,18.542277509029592,18.350674304857773,18.375396728515625,84097700
2004-11-11,MSFT,18.47429173492167,18.591726508011263,18.43102660243773,18.529918670654297,87358900
2004-11-12,MSFT,18.641171721656224,18.665895327065414,18.41866398851907,18.52373695373535,162269000
2004-11-15,MSFT,18.8337324835514,18.943951733981198,18.73729096790461,18.868175506591797,104468000
2004-11-16,MSFT,18.826850359341268,18.833739229200145,18.63396594504549,18.682188034057617,64522600
2004-11-17,MSFT,18.771732928369826,18.84062028446835,18.640847083174332,18.716623306274414,58830700
2004-11-18,MSFT,18.68906748300975,18.716622950492177,18.599514841525888,18.647735595703125,63249900
2004-11-19,MSFT,18.62018084385094,18.64773499653101,18.489295005348943,18.50307273864746,85808600
2004-11-22,MSFT,18.42729340783802,18.47551415232344,17.979527662580445,18.35840606689453,92410800
2004-11-23,MSFT,18.268860338456946,18.39285733617092,18.18619523534188,18.27574920654297,70459700
2004-11-24,MSFT,18.33774411876976,18.41351902506095,18.186191678353417,18.351520538330078,60069200
2004-11-26,MSFT,18.296409607651206,18.47551618827464,18.289520741406047,18.323965072631836,24398700
2004-11-29,MSFT,18.351520418238454,18.565071343988198,18.33085513207472,18.44107437133789,67079900
2004-11-30,MSFT,18.427290335533293,18.606396866557994,18.392847327762457,18.4686222076416,75960400
2004-12-01,MSFT,18.56507346887807,18.792400840117033,18.468630638046573,18.7717342376709,99889000
2004-12-02,MSFT,18.785509344372176,18.87506198127528,18.544404271901907,18.66151237487793,96088300
2004-12-03,MSFT,18.709730990245543,18.902615288980936,18.695953258782275,18.757951736450195,76498400
2004-12-06,MSFT,18.668401365151343,18.90261757265603,18.647734765459653,18.826841354370117,55297400
2004-12-07,MSFT,18.778621438410624,18.86128521302388,18.599514841525888,18.647735595703125,111656000
2004-12-08,MSFT,18.606400525894255,18.847505569458008,18.537513182887928,18.847505569458008,95655000
2004-12-09,MSFT,18.68906439305064,18.84750567704465,18.558179885899957,18.757951736450195,83006000
2004-12-10,MSFT,18.654626846313477,18.723514209905147,18.627072689227116,18.654626846313477,70949200
2004-12-13,MSFT,18.668403853274484,18.792400840117033,18.53751799894989,18.7717342376709,93812500
2004-12-14,MSFT,18.633954781114355,18.826839079849748,18.62706722929951,18.757951736450195,127843200
2004-12-15,MSFT,18.75106405404909,18.87506101721005,18.647733689387245,18.675289154052734,106303900
2004-12-16,MSFT,18.702841282893793,18.79239521945836,18.606399794824316,18.70973014831543,88997500
2004-12-17,MSFT,18.5995216488322,18.819960213702675,18.461746888829413,18.57196617126465,126184400
2004-12-20,MSFT,18.60640108007653,18.70284257480778,18.523736003223444,18.5650691986084,85552800
2004-12-21,MSFT,18.599514841525888,18.716622950492177,18.55818295421926,18.647735595703125,94646100
2004-12-22,MSFT,18.489289550898054,18.702839098358837,18.447957677112615,18.578842163085938,63651900
2004-12-23,MSFT,18.509958049404197,18.702841022861428,18.482402588100758,18.606399536132812,65801900
2004-12-27,MSFT,18.606408387243533,18.66840689075239,18.47552251162291,18.49618911743164,55958500
2004-12-28,MSFT,18.496181853550297,18.620178811871515,18.461737524062833,18.5650691986084,55075900
2004-12-29,MSFT,18.49617947116557,18.59950981848493,18.475512876135035,18.530622482299805,47594900
2004-12-30,MSFT,18.523735748329013,18.558180077342506,18.42729425492484,18.43418312072754,48355400
2004-12-31,MSFT,18.427301890395263,18.53063229241775,18.379081123712595,18.406635284423828,54959500
2005-01-03,MSFT,18.461745871102636,18.56507759236718,18.358415463755506,18.420413970947266,65002900
2005-01-04,MSFT,18.50995301308396,18.668392930719133,18.365289508435403,18.489286422729492,109442100
2005-01-05,MSFT,18.48929560191179,18.668402198820562,18.43418598085655,18.44796371459961,72463500
2005-01-06,MSFT,18.49618303427004,18.640845285601554,18.35151946902162,18.427295684814453,76890500
2005-01-07,MSFT,18.475520867477425,18.523741629489272,18.337747449431753,18.372190475463867,68723300
2005-01-10,MSFT,18.323968988527902,18.503075607427043,18.282637096141073,18.461742401123047,70376600
2005-01-11,MSFT,18.385966657275194,18.47551930573912,18.330857031931902,18.41352081298828,64712000
2005-01-12,MSFT,18.44107484772808,18.49618446878332,18.337744472489135,18.44796371459961,72940600
2005-01-13,MSFT,18.37906692357383,18.461730655756757,18.02085391367092,18.096630096435547,89861600
2005-01-14,MSFT,18.186192037822913,18.220636372196992,17.938199399914573,17.993309020996094,92180800
2005-01-18,MSFT,17.931304990788465,18.151743406980906,17.80041918845548,18.13107681274414,69146400
2005-01-19,MSFT,18.0553058379629,18.08975017165579,17.855533958212078,17.896865844726562,58114100
2005-01-20,MSFT,17.80041599856377,17.979522508102818,17.73152867736931,17.814193725585938,58380100
2005-01-21,MSFT,17.87619862867317,18.000194274831163,17.662647724581255,17.669536590576172,76501000
2005-01-24,MSFT,17.745317588555423,17.91064647527249,17.662652488238294,17.683319091796875,69010900
2005-01-25,MSFT,17.745320381854654,18.04153517656899,17.738431512917412,17.924427032470703,67580700
2005-01-26,MSFT,17.95887341131781,18.02776079961551,17.841765245387013,17.91754150390625,64974500
2005-01-27,MSFT,17.876202334151156,18.020864608280295,17.80731497383947,17.986421585083008,93204100
2005-01-28,MSFT,18.282633289034486,18.358408190311728,17.883086928132236,18.034639358520508,110466500
2005-01-31,MSFT,18.151759294692372,18.26886747003559,18.02087337779872,18.103538513183594,71442100
2005-02-01,MSFT,18.08286450669126,18.206861502106754,18.062197902816273,18.179306030273438,57981700
2005-02-02,MSFT,18.199975363708273,18.255085001722815,18.103533825662176,18.227529525756836,79329500
2005-02-03,MSFT,18.16552519006032,18.186190474991886,17.979529742174837,18.034639358520508,62545400
2005-02-04,MSFT,18.02774646939351,18.165521136472087,18.00707987515674,18.13107681274414,61246500
2005-02-07,MSFT,18.096638798548767,18.11730408457363,17.951975226789912,18.020862579345703,57763400
2005-02-08,MSFT,18.041530488922557,18.14486086829851,18.02086388748054,18.075973510742188,61343700
2005-02-09,MSFT,18.082863105189947,18.124194995819305,17.93820083102864,17.958866119384766,77874800
2005-02-10,MSFT,17.979541796471935,18.000207095258453,17.9106544013754,17.95198631286621,71796400
2005-02-11,MSFT,17.93131161255074,17.993310104239544,17.779759160014954,17.889978408813477,83835900
2005-02-14,MSFT,17.862431856051618,17.993317762425484,17.848654115608547,17.91754150390625,58694000
2005-02-15,MSFT,17.965909141062,18.021188808777186,17.86917005205323,17.917539596557617,76551600
2005-02-16,MSFT,17.87608236307938,17.91754178944709,17.73788251789181,17.820802688598633,57506600
2005-02-17,MSFT,17.76551374435846,17.869164240841204,17.689505049700813,17.72405433654785,67024800
2005-02-18,MSFT,17.717138088143074,17.72404820671679,17.55129919628491,17.606578826904297,77091100
2005-02-22,MSFT,17.44765813417302,17.61349710283637,17.413108843273935,17.433837890625,96419200
2005-02-23,MSFT,17.44074799478075,17.51675801624711,17.392378460382506,17.413108825683594,83689400
2005-02-24,MSFT,17.399285146873883,17.578944323432257,17.37855478566575,17.530574798583984,85236300
2005-02-25,MSFT,17.502934369538096,17.537483653684703,17.378554837857166,17.447654724121094,62467700
2005-02-28,MSFT,17.426923116203856,17.530573597170395,17.36473335481218,17.38546371459961,82728000
2005-03-01,MSFT,17.40619592839536,17.558214629116833,17.364735204404337,17.468385696411133,56394800
2005-03-02,MSFT,17.406199326785924,17.60658759331669,17.38546896074301,17.45456886291504,67739000
2005-03-03,MSFT,17.48220296288842,17.48911308289868,17.371643678665507,17.39237403869629,52183600
2005-03-04,MSFT,17.420013200766704,17.48220296288842,17.364733558655246,17.39237403869629,63058200
2005-03-07,MSFT,17.392383414078306,17.82080185985947,17.385473290343135,17.599681854248047,80407400
2005-03-08,MSFT,17.551294326782227,17.70331425728628,17.509834944812937,17.551294326782227,52871800
2005-03-09,MSFT,17.544390582014486,17.66877009106533,17.468381907127114,17.489110946655273,62991800
2005-03-10,MSFT,17.572032928466797,17.606582210003662,17.4476534061811,17.572032928466797,59132900
2005-03-11,MSFT,17.58585432150449,17.60658336459772,17.316364899556188,17.337095260620117,60617900
2005-03-14,MSFT,17.33018173712312,17.378551252136564,17.24726162712119,17.35091209411621,65550500
2005-03-15,MSFT,17.344006717186016,17.440745773662567,17.198896814500394,17.212717056274414,71469400
2005-03-16,MSFT,17.150531022520994,17.254180222464626,16.97087179423219,17.019241333007812,74841400
2005-03-17,MSFT,17.026148901101717,17.05378938652458,16.950140202130612,16.957050323486328,60573200
2005-03-18,MSFT,16.950140535531364,17.212718562358916,16.777391452153235,16.798120498657227,135904000
2005-03-21,MSFT,16.825752251532037,16.832662369437106,16.68755252937115,16.722103118896484,71446200
2005-03-22,MSFT,16.715201362952104,16.77048101587666,16.55627120756948,16.577001571655273,102113300
2005-03-23,MSFT,16.577004223854633,16.853402532699114,16.556273856452133,16.708293914794922,79293300
2005-03-24,MSFT,16.749745235160738,16.90867402117716,16.722106076622016,16.777385711669922,78820900
2005-03-28,MSFT,16.860301523087145,16.90867103045239,16.70828288308635,16.722103118896484,49802000
2005-03-29,MSFT,16.680651843636436,16.749751743789815,16.459533217522402,16.52863311767578,74231700
2005-03-30,MSFT,16.61155823068695,16.71520745293748,16.583917735168747,16.694477081298828,59585700
2005-03-31,MSFT,16.756663251799772,16.798122668133146,16.666834296748945,16.701383590698242,62382300
2005-04-01,MSFT,16.749752708144744,16.82576273448678,16.653013633142915,16.666833877563477,64619600
2005-04-04,MSFT,16.659917200577947,16.763566357009726,16.54244780516312,16.742835998535156,62196400
2005-04-05,MSFT,16.735936540776702,16.92941605588508,16.66683793778284,16.9086856842041,73549600
2005-04-06,MSFT,16.90867335151969,17.23344234778801,16.894854431782846,17.046873092651367,78020200
2005-04-07,MSFT,17.0399706232204,17.364738447310014,17.019240257353445,17.344009399414062,77451500
2005-04-08,MSFT,17.323280801912954,17.447660373869386,17.212721475278602,17.23345184326172,47956300
2005-04-11,MSFT,17.295635908409608,17.35091555344209,17.178166497969254,17.254175186157227,47791800
2005-04-12,MSFT,17.219624967935218,17.516753538101973,17.136704845900294,17.496023178100586,67517800
2005-04-13,MSFT,17.433843486159898,17.585863578038285,17.26800446426916,17.302555084228516,60929300
2005-04-14,MSFT,17.281814187980217,17.37164310922778,17.15743466781391,17.164344787597656,66754400
2005-04-15,MSFT,16.98469552787778,17.20581421797026,16.86722605901973,16.901775360107422,100251600
2005-04-18,MSFT,16.894869159613442,17.16435743997484,16.860318535226366,17.03306770324707,75766400
2005-04-19,MSFT,17.07452099417582,17.13671077773622,16.8948630838581,17.019241333007812,65956200
2005-04-20,MSFT,17.039967750404426,17.067608233567046,16.791208673823967,16.805028915405273,91923500
2005-04-21,MSFT,16.915587904934323,17.544394387786493,16.908677784269155,17.468385696411133,93562300
2005-04-22,MSFT,17.30945503548186,17.44765480867949,17.122887055026993,17.261085510253906,80087500
2005-04-25,MSFT,17.323277394141986,17.468387305536048,17.178168800718797,17.26799774169922,75457900
2005-04-26,MSFT,17.240357578073006,17.447655933260055,17.095247675065433,17.109067916870117,60464300
2005-04-27,MSFT,17.039969010626443,17.378557046584753,17.019238646721323,17.26799774169922,47732800
2005-04-28,MSFT,17.15052525936608,17.219625142098977,16.88794728654586,16.89485740661621,83623100
2005-04-29,MSFT,17.191993464942907,17.48221206665039,17.129804988407525,17.48221206665039,98641200
2005-05-02,MSFT,17.433837890625,17.523668155716166,17.24035975283658,17.433837890625,54376700
2005-05-03,MSFT,17.36473812311378,17.551307458520157,17.337098953778195,17.52366828918457,67867800
2005-05-04,MSFT,17.509853256989086,17.551312682317526,17.350924361587264,17.42002296447754,86864200
2005-05-05,MSFT,17.413108843273935,17.502937790394135,17.33018869995678,17.433837890625,59362300
2005-05-06,MSFT,17.50292992451779,17.606579068605733,17.406190899098426,17.42691993713379,64322600
2005-05-09,MSFT,17.433830886147703,17.50293075815424,17.309451380130028,17.35091209411621,61872400
2005-05-10,MSFT,17.302541351264185,17.33018050732318,17.1505213800435,17.205801010131836,62235100
2005-05-11,MSFT,17.198896814500394,17.25417646362568,17.026147746237527,17.212717056274414,59463300
2005-05-12,MSFT,17.16434686447086,17.350916167295072,17.157436743850994,17.274906158447266,74540700
2005-05-13,MSFT,17.295644001101614,17.53749173754842,17.26800350666694,17.48221206665039,77204300
2005-05-16,MSFT,17.48913963605569,17.676300785215556,17.461412792931096,17.669368743896484,50577300
2005-05-17,MSFT,17.544591152269405,17.67629726681276,17.503000234785187,17.648569107055664,39983200
2005-05-18,MSFT,17.67629752767548,17.91198160048327,17.62084252949432,17.8149356842041,71182400
2005-05-19,MSFT,17.84959380538495,18.05754970920849,17.814934928798156,17.967435836791992,52120800
2005-05-20,MSFT,17.93970681140799,17.96743496905941,17.835728864517808,17.842660903930664,64444500
2005-05-23,MSFT,17.842667470168056,18.0714195663695,17.842667470168056,17.91891860961914,75421100
2005-05-24,MSFT,17.884254904453435,17.939709907174546,17.82879990173232,17.84959602355957,61287700
2005-05-25,MSFT,17.801068380231268,17.863455407155307,17.676294326383193,17.821863174438477,35749000
2005-05-26,MSFT,17.84958957759886,18.02288656378914,17.83572550138738,17.953567504882812,50579200
2005-05-27,MSFT,17.90504805956309,18.08527711908214,17.891183980642083,18.071413040161133,54978000
2005-05-31,MSFT,18.01596057953012,18.043688741270486,17.84959557554247,17.884254455566406,46131100
2005-06-01,MSFT,17.835723155701892,18.022884193488956,17.75254135367491,17.891178131103516,54621000
2005-06-02,MSFT,17.821870631837726,17.925849934987784,17.773347662181973,17.87732696533203,27212500
2005-06-03,MSFT,17.814932458341236,17.891182240688643,17.565384350637554,17.627771377563477,79659500
2005-06-06,MSFT,17.593114265822987,17.67629742368106,17.544591307968876,17.586183547973633,40756900
2005-06-07,MSFT,17.558457264711855,17.905051368888678,17.544593183228404,17.683231353759766,54511400
2005-06-08,MSFT,17.71095349465021,17.75947776696549,17.56538464415805,17.606975555419922,45369700
2005-06-09,MSFT,17.60698022775236,17.752550439025445,17.57232134619531,17.683231353759766,52767900
2005-06-10,MSFT,17.66936228813035,17.690158404489395,17.565384350637554,17.627771377563477,39459800
2005-06-13,MSFT,17.57924637151728,17.669360220894465,17.50992731391503,17.544586181640625,49104100
2005-06-14,MSFT,17.544592041588725,17.634707243215722,17.49606908170565,17.579252243041992,44243300
2005-06-15,MSFT,17.606975557321004,17.613907596223935,17.40595171774091,17.509929656982422,50764800
2005-06-16,MSFT,17.48220800666866,17.48914004815107,17.295048175250454,17.35743522644043,65918800
2005-06-17,MSFT,17.516868214080716,17.53073229704554,17.27425205080322,17.35743522644043,90821300
2005-06-20,MSFT,17.315837266216597,17.52379447564267,17.281178392387893,17.40595245361328,50538900
2005-06-21,MSFT,17.385149019494097,17.46140009640856,17.357422196530212,17.433671951293945,81084000
2005-06-22,MSFT,17.405957305748927,17.509935278371525,17.35050229887343,17.37822914123535,60492700
2005-06-23,MSFT,17.44754029428811,17.759475392422704,17.43367621833745,17.544586181640625,105159800
2005-06-24,MSFT,17.48220800666866,17.606982109048612,17.35743522644043,17.35743522644043,57970700
2005-06-27,MSFT,17.378221070446944,17.5029951085072,17.350494240961908,17.364356994628906,61636200
2005-06-28,MSFT,17.39209322349214,17.468344353752816,17.35050229887343,17.37822914123535,53058100
2005-06-29,MSFT,17.48220563383551,17.551524717099323,17.329704708376354,17.392091751098633,55859900
2005-06-30,MSFT,17.371292862841074,17.426747856189795,17.20492788279491,17.218791961669922,82018200
2005-07-01,MSFT,17.225726519675707,17.322772441687192,17.100952435860066,17.128679275512695,69718400
2005-07-05,MSFT,17.094016003917712,17.46140612053024,17.06628917138817,17.31583595275879,61883500
2005-07-06,MSFT,17.308901983146203,17.38515307786062,17.114810210638296,17.121742248535156,64214600
2005-07-07,MSFT,17.03857228000406,17.128686197983587,16.983117256135415,17.087095260620117,80082900
2005-07-08,MSFT,17.08015653748724,17.41288787272324,17.073224496945706,17.392091751098633,56104000
2005-07-11,MSFT,17.43368015505669,17.593113098037865,17.4059533190454,17.53072738647461,61525400
2005-07-12,MSFT,17.496066151235276,17.75947834955439,17.46833931686821,17.752546310424805,63384800
2005-07-13,MSFT,17.697087084915097,17.849587942821167,17.662426897560792,17.787200927734375,44749200
2005-07-14,MSFT,17.87732152287693,18.09220946114123,17.87732152287693,18.002094268798828,69506800
2005-07-15,MSFT,18.050624041046447,18.092214969015416,17.84959879858488,17.87732696533203,56472800
2005-07-18,MSFT,17.821864651606283,17.877320966491897,17.710954666137695,17.710954666137695,39668000
2005-07-19,MSFT,17.877319770807805,18.196185627165544,17.849591615219534,18.133798599243164,113290100
2005-07-20,MSFT,18.022888328781743,18.182321254373907,17.93970518551776,18.15459442138672,71424800
2005-07-21,MSFT,18.23084128348146,18.35561531731541,18.02288544185887,18.32788848876953,112932100
2005-07-22,MSFT,18.015968766265594,18.258585003136314,17.76642048580975,17.80108070373535,97558900
2005-07-25,MSFT,17.80800437927246,17.95357325970026,17.780276217961546,17.80800437927246,45174600
2005-07-26,MSFT,17.828798019893696,17.842662099648503,17.697093228677286,17.704025268554688,51476400
2005-07-27,MSFT,17.75255039773753,17.88425520506927,17.697095394084275,17.828800201416016,57977300
2005-07-28,MSFT,17.84959602355957,17.91891510749885,17.787208980229373,17.84959602355957,44738700
2005-07-29,MSFT,17.870388331325195,18.02288922572223,17.738682232165637,17.752546310424805,59524400
2005-08-01,MSFT,17.89118472171938,18.05754970920849,17.856525845132587,17.967435836791992,61346800
2005-08-02,MSFT,17.9535705363026,18.646758598106956,17.932775740625303,18.58437156677246,137510100
2005-08-03,MSFT,18.54971555004472,19.014151675884033,18.52891942901257,18.88937759399414,139422400
2005-08-04,MSFT,18.82698295736284,19.062666945368566,18.750731866493055,18.93789291381836,91461400
2005-08-05,MSFT,18.91709730855587,19.367669152518882,18.889369159560776,19.242895126342773,82212400
2005-08-08,MSFT,19.27062261032341,19.29835076026405,18.771527810750552,18.80618667602539,77207200
2005-08-09,MSFT,18.868584961073555,19.06961020175871,18.72301605339265,18.95870018005371,64761800
2005-08-10,MSFT,19.00028525622284,19.062672289487814,18.612100299802915,18.681419372558594,62818800
2005-08-11,MSFT,18.702211241845735,18.92403118222638,18.639824218344785,18.903236389160156,48646800
2005-08-12,MSFT,18.77153235406107,18.8131232668874,18.646758293430807,18.750736236572266,52006500
2005-08-15,MSFT,18.75768266014241,18.980160526291314,18.556062591222226,18.861968994140625,45976600
2005-08-16,MSFT,18.792455160915253,18.868931137290744,18.563024579642075,18.59083366394043,46894600
2005-08-17,MSFT,18.64645107485332,18.875881630487434,18.535212097944246,18.736833572387695,52413100
2005-08-18,MSFT,18.695115014342566,18.827211775875444,18.632542933936097,18.646448135375977,40861900
2005-08-19,MSFT,18.66730776986789,18.7090220522091,18.563021400978307,18.57692527770996,36043500
2005-08-22,MSFT,18.625597752881944,18.88979003630845,18.611692546892805,18.709026336669922,41691700
2005-08-23,MSFT,18.660357479464572,18.820263353303744,18.590832782903494,18.681215286254883,48296700
2005-08-24,MSFT,18.66035556160461,18.882833506875752,18.61864127838456,18.639497756958008,63645000
2005-08-25,MSFT,18.702073163119152,18.83416996383916,18.66731147528023,18.792455673217773,39306300
2005-08-26,MSFT,18.813310236507228,18.827215440653802,18.681214775334535,18.7507381439209,36774600
2005-08-29,MSFT,18.639496159608186,18.931498769271087,18.639496159608186,18.875879287719727,52307700
2005-08-30,MSFT,18.81331955632392,18.93151119797353,18.743794827222864,18.89674949645996,55163200
2005-08-31,MSFT,18.88978502908438,19.07750128195845,18.799403866259684,19.035785675048828,65210200
2005-09-01,MSFT,19.035787385001004,19.04273998677715,18.87588152236928,18.91064453125,75974500
2005-09-02,MSFT,18.917604626609023,18.95932025671431,18.750746084409332,18.78550910949707,52047500
2005-09-06,MSFT,18.813305462304182,18.97321261726406,18.75768598590555,18.771591186523438,46089000
2005-09-07,MSFT,18.729892379851044,18.84808403057231,18.646462433311438,18.667320251464844,44656100
2005-09-08,MSFT,18.63254943049183,18.688168929571045,18.43788184675131,18.50045394897461,52552300
2005-09-09,MSFT,18.50740941590308,18.6464575220803,18.44483730399755,18.479598999023438,41515800
2005-09-12,MSFT,18.50740655211869,18.59778774084487,18.43788184675131,18.50045394897461,40550500
2005-09-13,MSFT,18.451789859217474,18.604743173428336,18.333598239940187,18.41007423400879,63422900
2005-09-14,MSFT,18.437887434099327,18.52131604496331,18.284932770725586,18.291885375976562,54969600
2005-09-15,MSFT,18.333591386116723,18.37530566965729,18.229303688155547,18.264066696166992,60357200
2005-09-16,MSFT,18.31273150252259,18.35444578132792,18.055490576731493,18.125015258789062,187384300
2005-09-19,MSFT,18.138923256661936,18.264067438442837,17.97901739152999,18.076351165771484,61832300
2005-09-20,MSFT,18.125022404376903,18.229308805540498,17.8608300996909,17.965116500854492,61043400
2005-09-21,MSFT,17.937298461848705,18.00682314176205,17.680058870064187,17.721773147583008,68281800
2005-09-22,MSFT,17.721777148811963,17.798254446591013,17.485393979379698,17.617490768432617,71314900
2005-09-23,MSFT,17.596631941705752,17.756539130161105,17.464536486384766,17.568822860717773,66396800
2005-09-26,MSFT,17.659204031520193,17.72177612133464,17.527107250126015,17.568822860717773,56203700
2005-09-27,MSFT,17.638348574937794,17.693968066211667,17.589680359759047,17.617490768432617,48797900
2005-09-28,MSFT,17.652251145355464,17.985969394346952,17.645298543702186,17.846920013427734,71019400
2005-09-29,MSFT,17.805208769089173,18.076353649488006,17.72873146392093,18.034639358520508,66807100
2005-09-30,MSFT,18.013781743041587,18.04159215470021,17.805208959895566,17.88863754272461,57644500
2005-10-03,MSFT,17.87472991122152,17.88863511516384,17.68701496229315,17.728729248046875,55341300
2005-10-04,MSFT,17.631392469706803,17.652248945994877,17.207293104209192,17.367198944091797,151666300
2005-10-05,MSFT,17.40891520515623,17.415866480132323,17.151674270629883,17.151674270629883,73684700
2005-10-06,MSFT,17.144717301659977,17.34633870249955,17.05433616319333,17.193384170532227,81724600
2005-10-07,MSFT,17.22119631737075,17.269863191187707,17.04738529598285,17.096052169799805,50768700
2005-10-10,MSFT,17.151685968387866,17.15863857417882,16.929207887373224,17.00568389892578,48880900
2005-10-11,MSFT,17.040433796913792,17.068242872574604,16.859670163863207,16.970909118652344,76567300
2005-10-12,MSFT,17.026526903480494,17.17252884592312,16.873573687368378,16.89443016052246,71294400
2005-10-13,MSFT,16.901383348459127,17.193385917433716,16.873574274594947,17.096052169799805,70192000
2005-10-14,MSFT,17.179483348753426,17.19338855085173,17.033482704940432,17.151674270629883,53846700
2005-10-17,MSFT,17.15862288722608,17.165575486660746,16.991764479012303,17.054336547851562,46924400
2005-10-18,MSFT,17.02653002355751,17.262913153821113,16.99872094556517,17.082149505615234,69328200
2005-10-19,MSFT,17.07520171566876,17.443681716918945,17.033487423890406,17.443681716918945,66574500
2005-10-20,MSFT,17.41586592439533,17.471485404940672,17.200340603041262,17.235103607177734,58830600
2005-10-21,MSFT,17.318534399027616,17.38110648847197,17.082151244698544,17.228153228759766,69431200
2005-10-24,MSFT,17.30462821222379,17.45063018798828,17.158627562532413,17.45063018798828,51868000
2005-10-25,MSFT,17.34634660149319,17.4714894672626,17.262916698240257,17.401966094970703,41310500
2005-10-26,MSFT,17.36025117640862,17.610539570130005,17.332442091591457,17.45758628845215,58178100
2005-10-27,MSFT,17.534066592358794,17.568829614548907,17.276826858520508,17.276826858520508,61566100
2005-10-28,MSFT,17.450627116483897,17.798249165313962,17.450627116483897,17.749582290649414,106559300
2005-10-31,MSFT,17.805199083232296,17.93729448711631,17.728721819666948,17.86777114868164,75122100
2005-11-01,MSFT,17.80520380678677,18.145873294569263,17.80520380678677,18.048538208007812,71370400
2005-11-02,MSFT,18.027689040413794,18.423978170012095,18.027689040413794,18.396167755126953,75067100
2005-11-03,MSFT,18.49349259235659,18.521301665696676,18.25015690178489,18.382253646850586,73421600
2005-11-04,MSFT,18.44483039425713,18.569973245113935,18.3892109074075,18.53521156311035,57464000
2005-11-07,MSFT,18.57693336614549,18.827221821315106,18.563029483360058,18.778554916381836,77104800
2005-11-08,MSFT,18.729880464291668,18.89673892514499,18.611688888761417,18.80635643005371,60091700
2005-11-09,MSFT,18.757689153771913,18.875880726838748,18.729880073912557,18.743783950805664,59562100
2005-11-10,MSFT,18.72987920784174,18.87587985401685,18.52130515121191,18.834165573120117,73314800
2005-11-11,MSFT,18.8758803260942,19.042738779927276,18.861975123423168,18.966262817382812,51945600
2005-11-14,MSFT,19.0218807884999,19.077500268685508,18.910641828128686,19.028833389282227,67152200
2005-11-15,MSFT,19.056722516353926,19.203152470267906,19.00093999342485,19.175260543823242,65081000
2005-11-16,MSFT,19.161323419276002,19.440236162577374,19.133432809926298,19.34261703491211,86277000
2005-11-17,MSFT,19.41930807299453,19.5239001291228,19.356552573325537,19.502981185913086,91351000
2005-11-18,MSFT,19.607580675479674,19.6982267976846,19.454177704110553,19.572715759277344,75431200
2005-11-21,MSFT,19.57272152833921,19.691259618445116,19.412346856419738,19.63547706604004,65794400
2005-11-22,MSFT,19.56573746127585,19.579683423968557,19.426281824229417,19.461145401000977,104253300
2005-11-23,MSFT,19.46812629699707,19.586664368155592,19.342615241657374,19.46812629699707,70541300
2005-11-25,MSFT,19.384444627792416,19.48206504016426,19.15434155499348,19.35655403137207,44082500
2005-11-28,MSFT,19.377468870544224,19.419305421290726,19.196175377362753,19.349576950073242,57517200
2005-11-29,MSFT,19.37747701151357,19.37747701151357,19.244992993536453,19.3007755279541,62220400
2005-11-30,MSFT,19.3007755279541,19.363531045419023,19.265910612717743,19.3007755279541,55904700
2005-12-01,MSFT,19.335637622262578,19.593632655275588,19.335637622262578,19.447202682495117,61006100
2005-12-02,MSFT,19.39839215857454,19.593631669135362,19.377474542058984,19.53087615966797,42319600
2005-12-05,MSFT,19.475092139120537,19.5378476437762,19.32168920331325,19.419309616088867,47517300
2005-12-06,MSFT,19.454175529003418,19.468121493925096,19.30077390474619,19.30774688720703,65980000
2005-12-07,MSFT,19.29379443909125,19.349576950073242,19.210120007638277,19.349576950073242,55583200
2005-12-08,MSFT,19.321691522168294,19.391420016816276,19.24499137501989,19.30774688720703,63931600
2005-12-09,MSFT,19.321685791015625,19.40536022576597,19.27287625822793,19.321685791015625,48467000
2005-12-12,MSFT,19.314716660843295,19.349580237395067,19.056721672495545,19.140396118164062,63757200
2005-12-13,MSFT,19.028837066392953,19.126456175430754,18.82662453485966,18.91727066040039,104285500
2005-12-14,MSFT,18.82662017964985,18.993967754984833,18.722028111310525,18.889375686645508,65076200
2005-12-15,MSFT,18.88240283480515,18.903321780601207,18.694136312521582,18.770837783813477,79018100
2005-12-16,MSFT,18.74294719310012,18.882404181767935,18.694137646054507,18.756893157958984,88542500
2005-12-19,MSFT,18.701122563657474,18.735987498055653,18.582584446626186,18.70809555053711,68680100
2005-12-20,MSFT,18.659271606402214,18.74294472461465,18.59651610276277,18.729000091552734,62960600
2005-12-21,MSFT,18.735973762565663,18.76386435967613,18.624407384242943,18.63835334777832,75800900
2005-12-22,MSFT,18.62440837047346,18.673219245431987,18.422197208343828,18.540735244750977,91276900
2005-12-23,MSFT,18.49192843963874,18.596520527269078,18.43614590423853,18.57560157775879,30689200
2005-12-27,MSFT,18.603491453839002,18.722029494705247,18.443116848537727,18.450088500976562,37819000
2005-12-28,MSFT,18.484955826567422,18.589547916291856,18.373390753533275,18.401281356811523,35444400
2005-12-29,MSFT,18.415223149228694,18.4779786548306,18.310631083212275,18.317604064941406,34495500
2005-12-30,MSFT,18.233928680419922,18.345493722452396,18.199065103519853,18.233928680419922,49044600
2006-01-03,MSFT,18.30366629855691,18.82662819280139,18.199074185700187,18.715063095092773,79973000
2006-01-04,MSFT,18.66624844764441,18.882405599342903,18.66624844764441,18.80570411682129,57975600
2006-01-05,MSFT,18.798733605763598,18.91727167162911,18.7638700163752,18.819652557373047,48245500
2006-01-06,MSFT,18.749924271352526,18.826625764870908,18.471011563050283,18.763870239257812,100963000
2006-01-09,MSFT,18.777809632170026,18.87542871340461,18.659271606402214,18.729000091552734,55625000
2006-01-10,MSFT,18.582571056837576,18.84056606563913,18.54073449566662,18.82662010192871,64921900
2006-01-11,MSFT,18.833593878973875,19.098560550857734,18.75689240528839,19.028833389282227,70120700
2006-01-12,MSFT,19.000949246815136,19.007922231822118,18.8057096565023,18.92424774169922,45994800
2006-01-13,MSFT,18.84754138173259,19.00094301166485,18.833595416294983,18.9591064453125,41418000
2006-01-17,MSFT,18.756897032505382,18.959109574848007,18.756897032505382,18.819652557373047,58566600
2006-01-18,MSFT,18.645339998581647,18.812687693809128,18.617449381024365,18.70809555053711,52376200
2006-01-19,MSFT,18.73597835758304,18.993972096459288,18.7220323906274,18.8405704498291,60367600
2006-01-20,MSFT,18.83359759174501,18.83359759174501,18.310635797072212,18.41522789001465,79165900
2006-01-23,MSFT,18.415224854694344,18.49889931323288,18.338523378530716,18.373388290405273,47925600
2006-01-24,MSFT,18.366411980904598,18.443113443173544,18.282737537523914,18.324575424194336,63040700
2006-01-25,MSFT,18.41522951490123,18.52679460121197,18.289718460311466,18.40825653076172,59072100
2006-01-26,MSFT,18.519820046058843,18.631385122905655,18.345499447240623,18.477983474731445,69509300
2006-01-27,MSFT,18.987002300033442,19.489046555021865,18.959111691401212,19.37748146057129,134520700
2006-01-30,MSFT,19.39839187596018,19.64941391017263,19.37050127769232,19.523902893066406,103999200
2006-01-31,MSFT,19.46115047136041,19.788872700261674,19.433259868668657,19.628498077392578,94841300
2006-02-01,MSFT,19.496014001675597,19.572715486290377,19.35655832869301,19.55179786682129,68448800
2006-02-02,MSFT,19.502986716482884,19.51693268257743,19.21012807830009,19.3007755279541,55073400
2006-02-03,MSFT,19.16131952446505,19.31472249957012,19.06370041664226,19.203157424926758,75022700
2006-02-06,MSFT,19.182239860035544,19.203158811777165,18.88938118545635,18.94516372680664,60170500
2006-02-07,MSFT,18.79175539110331,18.93121102992955,18.694134980968705,18.78478240966797,72159500
2006-02-08,MSFT,18.83359874882355,18.882408306531357,18.624413220126343,18.763870239257812,51795200
2006-02-09,MSFT,18.798730363789755,18.84754124246069,18.582573220946006,18.58954620361328,52861700
2006-02-10,MSFT,18.56165645247347,18.74992167326503,18.48495496958325,18.61046600341797,52127000
2006-02-13,MSFT,18.568628966362738,18.617439849530683,18.36641777022357,18.401281356811523,46707000
2006-02-14,MSFT,18.415229125779007,18.603495703685496,18.37339255178669,18.582576751708984,58432900
2006-02-15,MSFT,18.610552105870507,18.84143483846412,18.540587358379536,18.80645179748535,62808900
2006-02-16,MSFT,18.785474700488823,18.82045642821695,18.589573555596147,18.757488250732422,48868500
2006-02-17,MSFT,18.659540708120748,18.75749062573545,18.58257929601346,18.680530548095703,41513200
2006-02-21,MSFT,18.69452137878368,18.69452137878368,18.428656759868044,18.568586349487305,50216100
2006-02-22,MSFT,18.561591204926003,18.792474111935192,18.519611524038822,18.694522857666016,43043100
2006-02-23,MSFT,18.701507506081708,18.813450581225478,18.56857593839018,18.65253257751465,47359100
2006-02-24,MSFT,18.60356662749481,18.70851314428357,18.55459167529121,18.63155174255371,44753800
2006-02-27,MSFT,18.71550866627321,19.0723278701401,18.659537104949028,18.92540168762207,51301500
2006-02-28,MSFT,18.855442475395478,19.100317277192946,18.799470901489258,18.799470901489258,65036100
2006-03-01,MSFT,18.876429662742982,19.030352481081767,18.855441158036776,18.988372802734375,53061200
2006-03-02,MSFT,18.90440978086299,18.96038133210486,18.820451786766668,18.869426727294922,41850300
2006-03-03,MSFT,18.757497403823912,19.0023736208151,18.708522427319277,18.841455459594727,45218800
2006-03-06,MSFT,18.8344425937034,18.99536061608643,18.77147443982015,18.82744598388672,53054100
2006-03-07,MSFT,18.82045661853302,18.960386199795263,18.75748844041175,18.93239974975586,51613900
2006-03-08,MSFT,18.883426382933443,19.240245644105684,18.869433156738257,19.06533432006836,57547400
2006-03-09,MSFT,19.07931581099466,19.184262273973285,18.890411376953125,18.890411376953125,45360700
2006-03-10,MSFT,18.93240556236614,19.044348727957672,18.806469167458715,19.009366989135742,41297200
2006-03-13,MSFT,19.01635738314737,19.093318784741296,18.84844268968846,18.967382431030273,40342600
2006-03-14,MSFT,18.918400888450407,19.156278953798854,18.88341783879115,19.051332473754883,39821800
2006-03-15,MSFT,19.030348903756753,19.20526019392192,18.897415949580402,19.142292022705078,57152000
2006-03-16,MSFT,19.128293935522912,19.22624380608045,19.044335950425804,19.07931900024414,73793700
2006-03-17,MSFT,19.135293599773618,19.352183205398614,19.07932204559726,19.2402400970459,120615000
2006-03-20,MSFT,19.38016807409074,19.583064441059168,19.359178242555934,19.513099670410156,67094100
2006-03-21,MSFT,19.40815544128418,19.743984778138294,19.366177107794208,19.40815544128418,73199600
2006-03-22,MSFT,18.94638829447029,19.24023927495741,18.750487195989855,18.995363235473633,145696100
2006-03-23,MSFT,18.946387089514694,18.960380310187723,18.652536127715955,18.78546905517578,73682900
2006-03-24,MSFT,18.68752082101159,19.037343386746443,18.624553986889126,18.897415161132812,69157600
2006-03-27,MSFT,18.897415161132812,19.10031155533609,18.890418549682053,18.897415161132812,59908600
2006-03-28,MSFT,18.89741311962715,19.0373413301242,18.757483574663055,18.820451736450195,58520500
2006-03-29,MSFT,18.85543827382024,19.030349570109976,18.83444843785725,18.9044132232666,53150300
2006-03-30,MSFT,18.911404278518553,19.163275563730707,18.890414448723003,19.051332473754883,54612000
2006-03-31,MSFT,19.10030640845783,19.26822236909408,19.037338256835938,19.037338256835938,62190500
2006-04-03,MSFT,19.35918989734223,19.401168251217005,19.198271762099086,19.282228469848633,57605300
2006-04-04,MSFT,19.310203064154102,19.450131269251163,19.219248463097376,19.33818817138672,45470000
2006-04-05,MSFT,19.506105330916508,19.548084998873644,19.33819066248945,19.40815544128418,41539300
2006-04-06,MSFT,19.352193282618465,19.39417163649324,19.149296793500547,19.282228469848633,51885500
2006-04-07,MSFT,19.317207053711705,19.39416712885023,19.051341093873173,19.06533432006836,47249400
2006-04-10,MSFT,19.05133355518904,19.198259703164265,19.030345058668985,19.093313217163086,39432000
2006-04-11,MSFT,19.093317287916005,19.11430578891087,18.890419548517276,18.981372833251953,42953400
2006-04-12,MSFT,18.96038304510652,19.03034782409668,18.869428432079165,19.03034782409668,32183000
2006-04-13,MSFT,18.946392516881772,19.03035053050351,18.890420952623067,18.939395904541016,28160000
2006-04-17,MSFT,18.911407751926067,18.925399639892728,18.7015134188205,18.778474807739258,35796200
2006-04-18,MSFT,18.848444124978307,19.240245106217667,18.764486104621856,19.044343948364258,56272700
2006-04-19,MSFT,18.967379025138854,19.023350579574583,18.86243119291313,18.911407470703125,45111100
2006-04-20,MSFT,18.925399358461718,19.023350579574583,18.680524641847356,18.911407470703125,45648300
2006-04-21,MSFT,18.92539846212583,19.163277890828123,18.890416742685456,18.995363235473633,58528000
2006-04-24,MSFT,18.939395981553442,19.065332335264465,18.876427804697933,18.967382431030273,42318400
2006-04-25,MSFT,18.95338920629186,19.037345885787634,18.904414254174764,18.967382431030273,49222500
2006-04-26,MSFT,18.94639686305092,19.05134340330157,18.89042528595273,18.960390090942383,39190000
2006-04-27,MSFT,18.869433156738257,19.331198945439393,18.848444651912978,19.06533432006836,96509600
2006-04-28,MSFT,16.952396789719586,17.14130124617395,16.791478771762236,16.896425247192383,591052200
2006-05-01,MSFT,17.015373270304067,17.49113228188617,16.854455173582913,16.994384765625,174800900
2006-05-02,MSFT,17.134318136707194,17.491137501881727,16.721527184905355,16.79848861694336,190533500
2006-05-03,MSFT,16.784488035335134,16.805477871552625,16.196785965918483,16.210779190063477,211527100
2006-05-04,MSFT,16.336712927188206,16.5605991398531,16.18978676608494,16.399681091308594,171257400
2006-05-05,MSFT,16.553600421017247,16.75649810945041,16.455650549065748,16.65155029296875,131604300
2006-05-08,MSFT,16.686537122126406,17.491128779070188,16.448657663973673,16.60257911682129,80693500
2006-05-09,MSFT,16.616570873947598,16.79148214630494,16.434662990559907,16.525617599487305,75345900
2006-05-10,MSFT,16.560597062315853,16.64455504876615,16.504625516171295,16.63056182861328,76563300
2006-05-11,MSFT,16.588576190656653,16.644549051098974,16.196775508825507,16.245750427246094,92916700
2006-05-12,MSFT,16.18978935384599,16.350708762578794,16.126821179660823,16.210779190063477,83115900
2006-05-15,MSFT,16.22483058599516,16.316138565429295,16.175664647863606,16.25994873046875,67314800
2006-05-16,MSFT,16.266969215349516,16.856963028521452,16.091375850469085,16.16161346435547,82095100
2006-05-17,MSFT,16.07732350028253,16.210774794853215,15.964943885803223,15.964943885803223,98598300
2006-05-18,MSFT,16.042203030521698,16.252914441982945,15.986013231487334,16.035179138183594,95476400
2006-05-19,MSFT,16.007091728326042,16.08435189762095,15.81745057341198,15.845544815063477,100071200
2006-05-22,MSFT,15.789353868381378,16.168636151216464,15.768283523560067,16.070302963256836,87322300
2006-05-23,MSFT,16.231845008828493,16.421484753839238,15.993038014712159,16.0070858001709,79986300
2006-05-24,MSFT,16.14756857683762,16.533874852831744,16.14054468021904,16.505779266357422,107356700
2006-05-25,MSFT,16.554935799086746,16.80076668240914,16.53386546087118,16.674339294433594,83052700
2006-05-26,MSFT,16.69541304660842,16.77267319578209,16.54791396242103,16.660293579101562,46861600
2006-05-30,MSFT,16.540897905271468,16.688397059337483,16.252924833639764,16.25994873046875,52497500
2006-05-31,MSFT,16.3372103083944,16.400424040386984,15.908761978149414,15.908761978149414,120202000
2006-06-01,MSFT,15.97197217984213,16.042209793161575,15.887688115595633,16.028162002563477,80230800
2006-06-02,MSFT,16.06328543051737,16.147569515497178,15.922810169322522,15.986023902893066,73935600
2006-06-05,MSFT,15.957916876117087,15.964940768109226,15.79637137930913,15.80339527130127,63914100
2006-06-06,MSFT,15.838518746151472,15.845542640518193,15.43816614494443,15.543521881103516,126601300
2006-06-07,MSFT,15.557569644957805,15.726139090476943,15.459237803322692,15.48030948638916,73827500
2006-06-08,MSFT,15.473292049195747,15.59971818134086,15.431148665475948,15.529481887817383,104126900
2006-06-09,MSFT,15.55757700731203,15.58567259802974,15.374959686661427,15.396031379699707,52573800
2006-06-12,MSFT,15.424119931267555,15.522453122772225,15.24150401776818,15.248526573181152,74309700
2006-06-13,MSFT,15.262568141520553,15.4732808891292,15.07292707057391,15.108046531677246,113175300
2006-06-14,MSFT,15.164238104366847,15.41006900217673,15.136142532196294,15.367925643920898,86081500
2006-06-15,MSFT,15.459236988819798,15.543521037303249,15.311737894467566,15.501379013061523,121577300
2006-06-16,MSFT,15.431139270272464,15.64887593457548,15.30471321510148,15.522448539733887,147506500
2006-06-19,MSFT,15.5505536100039,15.87364621529622,15.536507153864573,15.838526725769043,129640900
2006-06-20,MSFT,15.831498364073255,15.986020042334127,15.803402782750704,15.845544815063477,90598500
2006-06-21,MSFT,15.880658544963019,16.259939377869262,15.824468742322443,16.210773468017578,91660300
2006-06-22,MSFT,16.196730390868534,16.273991894335893,16.000066694291192,16.070302963256836,76590600
2006-06-23,MSFT,16.049226132344483,16.06327391632876,15.80339527130127,15.80339527130127,60532600
2006-06-26,MSFT,15.908758461821733,16.077327929985774,15.894710671223635,16.028162002563477,53644100
2006-06-27,MSFT,16.077325683858582,16.266966811425434,16.04220755194066,16.056255340576172,84759100
2006-06-28,MSFT,16.12648310372897,16.330171912561735,16.091364990322706,16.266958236694336,71906500
2006-06-29,MSFT,16.37934732286891,16.597082699756633,16.309109715581307,16.484703063964844,121395500
2006-06-30,MSFT,16.533866161042592,16.61112630388902,16.36529541015625,16.36529541015625,73048800
2006-07-03,MSFT,16.52684624200422,16.66029622067734,16.470656424754768,16.646249771118164,25711400
2006-07-05,MSFT,16.491729106172247,16.519824688614197,16.36530166452569,16.400421142578125,53093500
2006-07-06,MSFT,16.470657483450918,16.583037125173323,16.44958579825134,16.491727828979492,44775200
2006-07-07,MSFT,16.42850910682098,16.540888714298145,16.36529541015625,16.36529541015625,63168800
2006-07-10,MSFT,16.45661332969866,16.61815893291211,16.421493846605756,16.505779266357422,50565100
2006-07-11,MSFT,16.414466034367365,16.414466034367365,15.971970066766367,16.224824905395508,88676300
2006-07-12,MSFT,16.007094320484608,16.07030670935474,15.887690759869885,15.901737213134766,77379300
2006-07-13,MSFT,15.712100595273494,15.880670126126512,15.627815160011211,15.634839057922363,73099500
2006-07-14,MSFT,15.648871342205394,15.838511039144876,15.613751887460886,15.655895233154297,67499400
2006-07-17,MSFT,15.655901500873723,15.880660742538344,15.634829819591133,15.789351463317871,37053500
2006-07-18,MSFT,15.866621450405132,15.986025028929987,15.789359917338617,15.971977233886719,65047300
2006-07-19,MSFT,16.028166398916195,16.47768510398509,15.957928766331326,16.435543060302734,82188200
2006-07-20,MSFT,16.463636809923667,16.4706607063646,16.000070362192147,16.049236297607422,76605200
2006-07-21,MSFT,16.913145608473684,16.962311515237047,16.154582650639185,16.765647888183594,175483800
2006-07-24,MSFT,16.86398228270491,16.934219877261057,16.709460646417938,16.856958389282227,59586700
2006-07-25,MSFT,16.85695869235576,17.06064758626367,16.7867210965368,17.0114803314209,60075800
2006-07-26,MSFT,16.94124701239399,17.22921999947425,16.927199222860576,17.116840362548828,54942100
2006-07-27,MSFT,17.264332187835407,17.27837997253079,16.695410304377152,16.765647888183594,85386800
2006-07-28,MSFT,16.913149203168565,17.053624400637833,16.899101415487486,17.03255271911621,51705800
2006-07-31,MSFT,16.906123242957623,17.151954138646488,16.863981224736005,16.899099349975586,40254400
2006-08-01,MSFT,16.87101867158273,16.997446167487695,16.75161507430267,16.849946975708008,49168700
2006-08-02,MSFT,16.941244752222467,17.137908420769115,16.87803104742654,17.067670822143555,46462000
2006-08-03,MSFT,16.990411025471975,17.194098592117474,16.96231544956457,17.004457473754883,43155300
2006-08-04,MSFT,17.137913863846038,17.201127588718922,16.96232048134829,17.060653686523438,45690400
2006-08-07,MSFT,17.0536236927147,17.194097544681906,16.99040999044471,17.0114803314209,36862400
2006-08-08,MSFT,17.13088993010461,17.22219923901846,16.997439924263112,17.09577178955078,58171300
2006-08-09,MSFT,17.201124222014382,17.30647996295795,17.095768481070813,17.166006088256836,44405700
2006-08-10,MSFT,17.116837533130784,17.278383067048686,17.095765852313818,17.180049896240234,31753400
2006-08-11,MSFT,17.158981323242188,17.173029111901055,16.997435772677814,17.158981323242188,30255500
2006-08-14,MSFT,17.22219554210825,17.278385358735402,17.10279201431669,17.229219436645508,47831900
2006-08-15,MSFT,17.306767012999476,17.3772632800908,17.22922232934303,17.356115341186523,48994500
2006-08-16,MSFT,17.349059619392218,17.4336540351541,17.250364341531366,17.412506103515625,52373600
2006-08-17,MSFT,17.412506103515625,17.447753552649075,17.349059619392218,17.412506103515625,45674800
2006-08-18,MSFT,17.65924619407659,18.187966156110075,17.609899212756837,18.180917739868164,128414800
2006-08-21,MSFT,18.089269109936076,18.420599745606832,18.018772858094337,18.413551330566406,88398300
2006-08-22,MSFT,18.336005298686437,18.505195496155935,18.061071395874023,18.061071395874023,89312400
2006-08-23,MSFT,18.08222920837559,18.293718079200477,17.990584972241567,18.096328735351562,44648500
2006-08-24,MSFT,18.202066682412504,18.230265727354098,17.97647970129764,18.14566993713379,35933300
2006-08-25,MSFT,18.124519795132073,18.328958827463904,18.110421617933373,18.223215103149414,33115900
2006-08-28,MSFT,18.21616848462568,18.32896198929915,18.11042474206988,18.29371452331543,34190900
2006-08-29,MSFT,18.27256228583085,18.31485950710098,18.068123251250455,18.21616554260254,42711200
2006-08-30,MSFT,18.22321610686427,18.251413807419176,18.075173808986456,18.18796730041504,30283100
2006-08-31,MSFT,18.237318783085573,18.31486348147414,18.103375984625735,18.117475509643555,26380500
2006-09-01,MSFT,18.251413002893575,18.30780974612189,18.075173012229545,18.21616554260254,31594600
2006-09-05,MSFT,18.110410915211837,18.300748968651945,18.018765422255846,18.054014205932617,44222400
2006-09-06,MSFT,17.98351798318269,18.131558840814286,17.98351798318269,18.054014205932617,50160400
2006-09-07,MSFT,17.962379112311737,18.117471161072977,17.898932609564756,17.92713165283203,51266900
2006-09-08,MSFT,17.99762720297167,18.18091694313021,17.9482788792101,18.046974182128906,36866800
2006-09-11,MSFT,17.927130136129314,18.293709599963563,17.92008037590893,18.26551055908203,55608200
2006-09-12,MSFT,18.258458494834816,18.314855224876926,18.131565516089047,18.27960777282715,52248800
2006-09-13,MSFT,18.202064008919667,18.399453260705158,18.202064008919667,18.314857482910156,37706700
2006-09-14,MSFT,18.32190941989063,18.68143916517675,18.314859658853127,18.561595916748047,74324500
2006-09-15,MSFT,18.73782602202262,18.991611907047147,18.674379550766492,18.928165435791016,126057700
2006-09-18,MSFT,18.850634516536903,19.062123371294057,18.801287520475007,18.885883331298828,49135000
2006-09-19,MSFT,18.850624950489426,18.99161744877866,18.83652543173968,18.93522071838379,43039100
2006-09-20,MSFT,19.040969128130982,19.19605983891571,19.026869605894795,19.160812377929688,71676400
2006-09-21,MSFT,19.203101544930448,19.210151303091386,18.928167699673207,18.963415145874023,58495100
2006-09-22,MSFT,18.914068896797772,18.92816841365149,18.66733273027342,18.794225692749023,47712500
2006-09-25,MSFT,18.89997527385295,19.167860799197296,18.885877097206684,18.99867057800293,67903900
2006-09-26,MSFT,18.97046869066322,19.25950210993528,18.949319411958868,19.174907684326172,54766500
2006-09-27,MSFT,19.160816875910157,19.36525461790863,19.118519643876812,19.344106674194336,66233900
2006-09-28,MSFT,19.365251604436935,19.400500412816875,19.21721064305484,19.31590461730957,44179700
2006-09-29,MSFT,19.28065299987793,19.32999997637441,19.181957702280705,19.28065299987793,34283500
2006-10-02,MSFT,19.25950542464769,19.37934866872335,19.139662180572028,19.287704467773438,52908100
2006-10-03,MSFT,19.29475212097168,19.372296791888445,19.181957305393755,19.29475212097168,39386200
2006-10-04,MSFT,19.30884837767136,19.710675246161156,19.294750203653763,19.696577072143555,82191200
2006-10-05,MSFT,19.682477951049805,19.81642069145302,19.58378400791277,19.682477951049805,81967200
2006-10-06,MSFT,19.569682240495194,19.738872414120895,19.492136240023587,19.647228240966797,36452200
2006-10-09,MSFT,19.59788347485388,19.689529009186572,19.4709918301385,19.541486740112305,33366300
2006-10-10,MSFT,19.520339965820312,19.562637183240817,19.344099991196522,19.520339965820312,34598500
2006-10-11,MSFT,19.358202277639574,19.506244586951965,19.33000457490672,19.414600372314453,37219600
2006-10-12,MSFT,19.442794660818812,19.943316906328086,19.414596963037578,19.89396858215332,120174900
2006-10-13,MSFT,19.97856271031859,20.22529893234327,19.957413430280738,19.999711990356445,129751900
2006-10-16,MSFT,20.077250681820825,20.161846432173448,19.971507002332924,20.056102752685547,49744800
2006-10-17,MSFT,19.908056933826746,20.09839632932546,19.85870998194269,20.049049377441406,40122600
2006-10-18,MSFT,20.09135969076877,20.23235222644051,19.922169454725356,20.105459213256836,40630800
2006-10-19,MSFT,19.98561654477326,20.056112814667188,19.82347606524039,19.94331932067871,44730800
2006-10-20,MSFT,20.077251077247357,20.084300835299246,19.858713956054377,20.042003631591797,48887800
2006-10-23,MSFT,19.950357728593808,20.225292908786955,19.865763322845023,20.056102752685547,48525000
2006-10-24,MSFT,20.042007741339944,20.042007741339944,19.830518990227795,19.936264038085938,61409600
2006-10-25,MSFT,19.93626669037339,20.063158344397166,19.837571388882477,19.957414627075195,40717100
2006-10-26,MSFT,19.97151716096208,20.027913908349085,19.76707945591088,19.98561668395996,69964200
2006-10-27,MSFT,20.084303187975927,20.295791920494693,19.915113008723328,19.978559494018555,89060100
2006-10-30,MSFT,19.985606285311928,20.331036351403267,19.964457011819217,20.112499237060547,47296800
2006-10-31,MSFT,20.20414959359377,20.338092344235807,20.13365333827668,20.239397048950195,61861700
2006-11-01,MSFT,20.288739003635698,20.43677988321237,20.232342285996424,20.309886932373047,75895900
2006-11-02,MSFT,20.239399661515886,20.34514473044354,20.147755458996915,20.28169822692871,58674400
2006-11-03,MSFT,20.33809002836385,20.39448675727485,20.168899841630854,20.253494262695312,41124500
2006-11-06,MSFT,20.281701974625104,20.479089937941094,20.274652212420296,20.3310489654541,60446200
2006-11-07,MSFT,20.345145717528034,20.493186669842192,20.302847150063013,20.408592224121094,56511200
2006-11-08,MSFT,20.28875160375295,20.605982833260587,20.20415580245479,20.42974281311035,77403300
2006-11-09,MSFT,20.521371592948135,20.725809149926594,20.44382561723033,20.62711524963379,89407500
2006-11-10,MSFT,20.56367869136842,20.64827446422533,20.54957917179157,20.613025665283203,37855100
2006-11-13,MSFT,20.577781162411735,20.7681193255826,20.556631880013022,20.690574645996094,47271800
2006-11-14,MSFT,20.71179524533889,20.810826619139146,20.563246835437234,20.67642593383789,63012500
2006-11-15,MSFT,20.60568434328232,20.768380443700618,20.591537970846765,20.59861183166504,63943200
2006-11-16,MSFT,20.612759382703704,20.96644434863452,20.605685521480957,20.84619140625,64328500
2006-11-17,MSFT,20.733015132666154,20.89571126441877,20.711794895325436,20.79667854309082,49356700
2006-11-20,MSFT,20.88156341295506,21.221100700352398,20.86741568867986,21.14328956604004,85703800
2006-11-21,MSFT,21.15743114479993,21.221094536345035,21.072547522207028,21.164505004882812,66446600
2006-11-22,MSFT,21.19987295609638,21.221094536345035,21.093767753254827,21.164505004882812,43907200
2006-11-24,MSFT,20.98058949736005,21.10791628534795,20.966441776650083,21.051326751708984,20456700
2006-11-27,MSFT,21.001810311258424,21.037178262540497,20.74715674458476,20.853261947631836,72722100
2006-11-28,MSFT,20.75423813025371,20.810827682345145,20.60568971276285,20.78960609436035,52602300
2006-11-29,MSFT,20.824971744970533,21.065477636359272,20.817897883553087,20.916929244995117,58775100
2006-11-30,MSFT,20.810822935862625,20.916928153183676,20.747159535629788,20.768381118774414,53297400
2006-12-01,MSFT,20.676421602264057,20.725937278790976,20.442989592065015,20.59861183166504,72257000
2006-12-04,MSFT,20.676424596010563,20.8815625418395,20.63398277415675,20.747161865234375,55123400
2006-12-05,MSFT,20.768378457908806,20.796672549275534,20.534946470029624,20.605682373046875,45606000
2006-12-06,MSFT,20.58446969498881,20.605689934000093,20.4217748996293,20.50665855407715,48564100
2006-12-07,MSFT,20.485434982541307,20.56324611591959,20.379329750153527,20.407625198364258,46831100
2006-12-08,MSFT,20.386403981021452,20.79667854309082,20.372256256660137,20.79667854309082,108854900
2006-12-11,MSFT,20.648132111769293,21.044258961503587,20.591542561807252,20.89571189880371,107712000
2006-12-12,MSFT,20.909857212045324,20.95937289709625,20.669351299625486,20.817899703979492,68529400
2006-12-13,MSFT,20.93814410652203,20.93814410652203,20.740080098030365,20.902774810791016,46002500
2006-12-14,MSFT,20.895707532466417,21.27768657759208,20.88155981063187,21.270612716674805,85866500
2006-12-15,MSFT,21.32013186458265,21.38379527400081,21.242322080228075,21.355501174926758,102783700
2006-12-18,MSFT,21.355501382564313,21.405017068326266,21.06547978092893,21.14328956604004,56986800
2006-12-19,MSFT,21.015968975868518,21.341359984649714,20.888643467251505,21.214033126831055,53822100
2006-12-20,MSFT,21.214026066579866,21.390868565983702,21.19987834281927,21.28476333618164,31202100
2006-12-21,MSFT,21.313054448947526,21.32012830983691,21.143285835205347,21.20694923400879,32270500
2006-12-22,MSFT,21.100836999896433,21.122058575505246,20.95229001823642,20.9664363861084,37971700
2006-12-26,MSFT,20.888643467251505,21.221106991065607,20.796684581403966,21.214033126831055,37098300
2006-12-27,MSFT,21.21402507367756,21.313056436964256,21.157435530485,21.235246658325195,31248400
2006-12-28,MSFT,21.122065601738203,21.242318538455706,21.086696297291287,21.20694923400879,26690600
2006-12-29,MSFT,21.12206268310547,21.327199223747925,21.100841103369703,21.12206268310547,41739800
2007-01-03,MSFT,21.15743063346426,21.397936473666327,20.79667187316116,21.12206268310547,76935100
2007-01-04,MSFT,21.00889445340843,21.19988337268553,20.824978048488447,21.08670425415039,45774500
2007-01-05,MSFT,20.95936252757213,21.044247480806824,20.832037121520926,20.9664363861084,44607200
2007-01-08,MSFT,20.97352287962372,21.291839959515357,20.88863922445353,21.171586990356445,50220200
2007-01-09,MSFT,21.221094054190605,21.34842083438788,21.03010388389469,21.192798614501953,44636600
2007-01-10,MSFT,21.07962983853134,21.143293259690243,20.81790363972382,20.98059844970703,55017400
2007-01-11,MSFT,21.051330841351408,21.751626962130494,20.97351971153112,21.716259002685547,99464300
2007-01-12,MSFT,21.680891885328084,22.204345563385576,21.673818022883903,22.07701873779297,103972500
2007-01-16,MSFT,22.112386133856813,22.246786810247063,21.94969135934299,22.041648864746094,62379600
2007-01-17,MSFT,22.112395217099873,22.239722083961762,21.935552646280968,21.999216079711914,58519600
2007-01-18,MSFT,22.03457967784667,22.19020197274785,21.786999858032363,21.92847442626953,56364300
2007-01-19,MSFT,21.737481430388343,22.006282806396484,21.70918732981982,22.006282806396484,75826900
2007-01-22,MSFT,21.970911714249265,22.013354885465546,21.581858755841715,21.730405807495117,56143900
2007-01-23,MSFT,21.666743384754355,21.90017544025,21.588933599056645,21.74455451965332,49171200
2007-01-24,MSFT,21.77284787684108,22.140679231025445,21.680889026394144,21.99213218688965,58527800
2007-01-25,MSFT,21.985057831086174,22.268005539174577,21.53941535949707,21.53941535949707,97378700
2007-01-26,MSFT,22.084089785980677,22.09116364752341,21.64552116394043,21.64552116394043,96103700
2007-01-29,MSFT,21.680882377742126,21.772841199989003,21.46159813493919,21.595998764038086,57605900
2007-01-30,MSFT,21.624299926090124,21.673815608482165,21.32013062088056,21.560636520385742,61900400
2007-01-31,MSFT,21.51112399531338,21.99920972761926,21.468682168348064,21.82944107055664,73968400
2007-02-01,MSFT,21.815282022619524,21.886019263648638,21.482818743743522,21.617218017578125,55355800
2007-02-02,MSFT,21.80114369165267,21.815291415790313,21.313058002513827,21.355501174926758,60401700
2007-02-05,MSFT,21.199878958390453,21.23524826881894,20.803752126000045,20.945226669311523,99102100
2007-02-06,MSFT,20.93108028903275,21.04425939126817,20.669352771862513,20.87449073791504,79281100
2007-02-07,MSFT,20.966452030433402,21.00889521332043,20.69057808767556,20.775463104248047,65145500
2007-02-08,MSFT,20.68349174623784,21.079618436469822,20.65519765725022,20.69763946533203,48749000
2007-02-09,MSFT,20.76130785278191,20.79667580983562,20.46421242624707,20.49958038330078,69823100
2007-02-12,MSFT,20.43591365848043,20.577388162094486,20.393471847076558,20.471282958984375,52774400
2007-02-13,MSFT,20.613250351777182,20.726821867168855,20.55646324020209,20.591955184936523,50348100
2007-02-14,MSFT,20.705528864299833,21.07463700483854,20.69133208492233,20.86878776550293,55588600
2007-02-15,MSFT,20.996556276339017,21.046243650764104,20.741019660576377,20.911376953125,63858100
2007-02-16,MSFT,20.520972792141126,20.542267959129966,20.336418739875636,20.40030288696289,109340300
2007-02-20,MSFT,20.322226334057778,20.48548660833792,20.20865479344176,20.464191436767578,53978200
2007-02-21,MSFT,20.407400077190754,20.861686115232967,20.40030168861145,20.833293914794922,68604900
2007-02-22,MSFT,20.804906656648562,20.96816693562159,20.69843350349544,20.861692428588867,57754400
2007-02-23,MSFT,20.741017082452526,20.78360741570523,20.506775665079626,20.513874053955078,63787100
2007-02-26,MSFT,20.556461547104465,20.64873924193444,20.457086817791396,20.63454246520996,63481900
2007-02-27,MSFT,20.37900458949524,20.563558613410844,19.72596914870334,19.78275489807129,87143300
2007-02-28,MSFT,19.839542258556786,20.052488497509646,19.818247093109832,19.995702743530273,86333300
2007-03-01,MSFT,19.747270398056145,20.10928019436372,19.68338623671483,19.938922882080078,80175700
2007-03-02,MSFT,19.889227788964636,19.988602510789892,19.704673767089844,19.704673767089844,63254700
2007-03-05,MSFT,19.513023586137216,19.8111491395435,19.45623783091122,19.555612564086914,56454300
2007-03-06,MSFT,19.733074562956528,19.832450681962708,19.62660140690957,19.754369735717773,49361800
2007-03-07,MSFT,19.704672949595704,19.804047667298168,19.55560951916302,19.59819984436035,52044700
2007-03-08,MSFT,19.67628376005388,19.768561464552707,18.88128313449091,19.39235496520996,72175200
2007-03-09,MSFT,19.463341509387355,19.50593049891209,19.186511046657245,19.371065139770508,80125000
2007-03-12,MSFT,19.292983072795998,19.505929361886313,19.257491122027954,19.477537155151367,36516400
2007-03-13,MSFT,19.34267351822671,19.44914667966119,18.959368512406932,18.966466903686523,75169500
2007-03-14,MSFT,19.037443461426935,19.449140548706055,18.973559313928515,19.449140548706055,75730300
2007-03-15,MSFT,19.392354375142748,19.49882750073456,19.307176416220997,19.363962173461914,51757100
2007-03-16,MSFT,19.41365089559132,19.50592724983783,19.30717776257478,19.39945411682129,65055300
2007-03-19,MSFT,19.406556703895234,19.754369735717773,19.307181938768686,19.754369735717773,49412000
2007-03-20,MSFT,19.825351140677697,19.988610060735258,19.70468120979177,19.76146697998047,47902400
2007-03-21,MSFT,19.804053754538888,20.244144439697266,19.562713919755165,20.244144439697266,72808200
2007-03-22,MSFT,20.244146141090745,20.265439958145187,19.88213635849051,20.06669044494629,47934900
2007-03-23,MSFT,20.031200206927235,20.066692161519942,19.733074557746676,19.889236450195312,50519800
2007-03-26,MSFT,19.832452765154525,20.03120231628418,19.662095426809206,20.03120231628418,47491500
2007-03-27,MSFT,19.903429191683706,19.988607157656006,19.626597417575326,19.676284790039062,58979800
2007-03-28,MSFT,19.576904513544676,19.875030017969376,19.44913624680852,19.61949348449707,46947000
2007-03-29,MSFT,19.761458749568767,19.768557137120904,19.513020600759905,19.697574615478516,42629900
2007-03-30,MSFT,19.697575597079833,19.83954064743924,19.520119961070105,19.78275489807129,47061000
2007-04-02,MSFT,19.796956235909008,19.825349796017335,19.562714780533184,19.69048309326172,41977600
2007-04-03,MSFT,19.775656510165412,19.917620206645758,19.697575597079833,19.78275489807129,39821300
2007-04-04,MSFT,19.882131315371417,20.428695045791084,19.804050395631698,20.229944229125977,63244200
2007-04-05,MSFT,20.10218674737582,20.336428278606178,20.087989962724308,20.265445709228516,30131200
2007-04-09,MSFT,20.286730957210946,20.38610569337446,20.151864276789574,20.279632568359375,31384600
2007-04-10,MSFT,20.22995626731599,20.329331057843667,20.031205332380654,20.158973693847656,38643100
2007-04-11,MSFT,20.08799231569552,20.27964486930012,19.867947543342122,19.953126907348633,44050200
2007-04-12,MSFT,19.917623029841593,20.315124685639628,19.903427605896788,20.258338928222656,43762100
2007-04-13,MSFT,20.180255177993672,20.371907590141344,19.946013792217315,20.30802345275879,36002900
2007-04-16,MSFT,20.30092928832733,20.407402421489664,20.024097517450038,20.393205642700195,30740100
2007-04-17,MSFT,20.322227844625896,20.506781950314878,20.27254046114803,20.478389739990234,33170200
2007-04-18,MSFT,20.308026504829492,20.350615484858828,20.130570841848122,20.300928115844727,41778400
2007-04-19,MSFT,20.11637652890778,20.506778493754332,20.05959076395047,20.36481475830078,43648800
2007-04-20,MSFT,20.570658874989494,20.655838183739483,20.371909411038157,20.59905242919922,60311500
2007-04-23,MSFT,20.556464533504165,20.577759701684602,20.350616656610644,20.42869758605957,41739100
2007-04-24,MSFT,20.435794830322266,20.556463381611653,20.293829758166456,20.435794830322266,34236700
2007-04-25,MSFT,20.48548054000285,20.584855270134582,20.364810644608966,20.577756881713867,39475000
2007-04-26,MSFT,20.64873962420166,20.83329366339909,20.520971339074276,20.655838012695312,68760300
2007-04-27,MSFT,21.41534860659348,21.819947285395074,21.294678706435178,21.379858016967773,128298800
2007-04-30,MSFT,21.386950024031872,21.55730860504826,21.252084732055664,21.252084732055664,67788800
2007-05-01,MSFT,21.25209355808747,21.59280815386183,21.223699998166545,21.578611373901367,73539300
2007-05-02,MSFT,21.57150882783648,21.784456424577403,21.507624684202128,21.727670669555664,80686700
2007-05-03,MSFT,21.720574071712832,22.004502870230265,21.670886701207195,21.98320770263672,82036800
2007-05-04,MSFT,21.777359950505605,21.79155672897894,21.50052953967218,21.692180633544922,104385900
2007-05-07,MSFT,21.663785426419828,21.83414268283891,21.635391873410416,21.79865074157715,59889100
2007-05-08,MSFT,21.777356171170798,21.9619101976579,21.706373645002056,21.827043533325195,60551700
2007-05-09,MSFT,21.791553329654693,21.954812194992883,21.699275637851994,21.848339080810547,51735000
2007-05-10,MSFT,21.77735765306925,21.954813303627013,21.670884533510428,21.706375122070312,55398600
2007-05-11,MSFT,21.699280966091067,21.990308181461177,21.685084186346323,21.926424026489258,43425300
2007-05-14,MSFT,21.89093135082329,21.997404481032415,21.869636183229744,21.98320770263672,70188500
2007-05-15,MSFT,22.00457763671875,22.139881246890372,21.961850681288656,22.00457763671875,75013900
2007-05-16,MSFT,22.07578681354786,22.139877916183895,21.94048322373121,22.125635147094727,45833600
2007-05-17,MSFT,22.097147520807194,22.175480022050074,22.047297836769896,22.061540603637695,41045600
2007-05-18,MSFT,22.05442001328398,22.068662780663953,21.77669284069983,21.954723358154297,58453000
2007-05-21,MSFT,21.88351409633663,22.189726848693166,21.88351409633663,22.111392974853516,41836400
2007-05-22,MSFT,22.004575065478114,22.025939219829464,21.8336659054631,21.855030059814453,39999500
2007-05-23,MSFT,21.961841402409906,21.961841402409906,21.76956814681181,21.776689529418945,46322500
2007-05-24,MSFT,21.748207891559588,21.93335842786117,21.3351758018045,21.484722137451172,64046400
2007-05-25,MSFT,21.563053185489508,21.833658929486912,21.491840718669717,21.705476760864258,47726500
2007-05-29,MSFT,21.71259591311089,21.954717460469176,21.641383453605858,21.926233291625977,42373100
2007-05-30,MSFT,21.75533762021931,22.168368535932707,21.72685343203164,22.15412712097168,57376800
2007-05-31,MSFT,22.161242814190825,22.189726995060692,21.79806033980945,21.855030059814453,85290500
2007-06-01,MSFT,21.926236509123633,22.004569003635602,21.755326037925958,21.783811569213867,39469400
2007-06-04,MSFT,21.66275248140385,21.904874083332796,21.648509714639793,21.876388549804688,41434500
2007-06-05,MSFT,21.805175059847485,21.81229508418977,21.59865903903512,21.776689529418945,44265000
2007-06-06,MSFT,21.627148699066034,21.74108812600669,21.541693449727983,21.570178985595703,38217500
2007-06-07,MSFT,21.37791007285046,21.570183404552143,21.071697290866016,21.093061447143555,71971400
2007-06-08,MSFT,21.064568442464104,21.406386672209447,20.943507649646183,21.39926528930664,61346200
2007-06-11,MSFT,21.320937082898624,21.54169456423438,21.313815698563253,21.377906799316406,48467400
2007-06-12,MSFT,21.335176069152926,21.534570733092075,21.199873856949775,21.25684356689453,56981800
2007-06-13,MSFT,21.342300396124685,21.65563452316714,21.256846498554605,21.64139175415039,64435600
2007-06-14,MSFT,21.612911706182977,21.869274806168082,21.577304776834023,21.733972549438477,59065700
2007-06-15,MSFT,21.97609031987303,21.99033173080936,21.669877573365625,21.712604522705078,100933000
2007-06-18,MSFT,21.85503273491087,21.876395533611802,21.662759397009896,21.726850509643555,45412600
2007-06-19,MSFT,21.705488805635344,21.83367104538866,21.634276299298435,21.691246032714844,46802600
2007-06-20,MSFT,21.67699168119009,21.726839998396677,21.335172126424613,21.370779037475586,46861600
2007-06-21,MSFT,21.349423171882993,21.57730205794004,21.299574835341176,21.52033233642578,56564800
2007-06-22,MSFT,21.363663087331926,21.434875569276056,20.971996474036885,21.00048065185547,86219900
2007-06-25,MSFT,20.98623788381362,21.19987532964601,20.922146785890412,21.00048065185547,53905800
2007-06-26,MSFT,21.043217204184785,21.221247811185556,21.007611626090927,21.021854400634766,48340300
2007-06-27,MSFT,20.907905213826933,21.32805735994446,20.907905213826933,21.271087646484375,53468600
2007-06-28,MSFT,21.263963636563304,21.342296133981694,21.135781457541473,21.242599487304688,46055200
2007-06-29,MSFT,21.271090348715102,21.31381729967182,20.680028987130243,20.98624038696289,71193900
2007-07-02,MSFT,21.128662337216575,21.22123761072167,21.000480144467147,21.178510665893555,47316000
2007-07-03,MSFT,21.214119034398433,21.52033041122827,21.206997650063062,21.377906799316406,35202600
2007-07-05,MSFT,21.399269534909216,21.520330351745535,21.242603154759642,21.356542587280273,47838500
2007-07-06,MSFT,21.299567755625702,21.39214437123086,21.121537265285625,21.342294692993164,57541000
2007-07-09,MSFT,21.263966262518725,21.32805735994446,21.22835934269048,21.271087646484375,33831400
2007-07-10,MSFT,21.150032938318947,21.356547699850978,20.77972901484679,20.886547088623047,66013500
2007-07-11,MSFT,20.822450126127702,21.11442007966003,20.801085974064925,21.00048065185547,48017000
2007-07-12,MSFT,21.050336343156232,21.4420044516849,20.96488242155166,21.41351890563965,54302400
2007-07-13,MSFT,21.320934598660724,21.377904308440602,21.121539935298642,21.2354793548584,42173000
2007-07-16,MSFT,21.192742299561314,21.534560395135436,21.164256779131282,21.3850154876709,48023200
2007-07-17,MSFT,21.377905918425125,21.990330005114625,21.370784534383198,21.919118881225586,77539600
2007-07-18,MSFT,21.726849797977014,22.054425377805536,21.71972841255482,22.01881980895996,64414400
2007-07-19,MSFT,22.111389890229894,22.673966981568896,22.025936001839835,22.438966751098633,121159300
2007-07-20,MSFT,22.18260258469339,22.218209503755723,21.926239558769996,22.18972396850586,98292600
2007-07-23,MSFT,22.332148989154057,22.446088413934223,22.161239851983805,22.211088180541992,48910600
2007-07-24,MSFT,22.082905486662064,22.417602369570716,21.8692680513515,21.933359146118164,59729300
2007-07-25,MSFT,22.068659239187628,22.289416665090823,21.627144387381243,21.869264602661133,54950100
2007-07-26,MSFT,21.534570535323027,21.741086580891796,21.01472176706821,21.34941864013672,87025300
2007-07-27,MSFT,21.313812523180392,21.36366084783628,20.9079031843939,20.92926597595215,69214600
2007-07-30,MSFT,20.943509399244792,21.00047910896154,20.615933907939755,20.93638801574707,67499600
2007-07-31,MSFT,21.157140255437458,21.164261637179607,20.637291612642613,20.644412994384766,66554000
2007-08-01,MSFT,20.615935504148116,21.043207680973158,20.523358869774935,20.865177154541016,80006300
2007-08-02,MSFT,20.786854053724376,21.214127782179375,20.665793186633223,21.021854400634766,47938300
2007-08-03,MSFT,20.97198969526018,21.206989858931117,20.58032185029883,20.623048782348633,61535500
2007-08-06,MSFT,20.687146019321247,21.036087036132812,20.473509937195672,21.036087036132812,59530500
2007-08-07,MSFT,20.88654458440593,21.21412151074546,20.687149874535546,21.043210983276367,49163000
2007-08-08,MSFT,21.16427371400702,21.370789827578243,20.801091187505033,21.36366844177246,52898600
2007-08-09,MSFT,21.10729877914994,21.434875654082948,20.594571352000816,20.865177154541016,72964500
2007-08-10,MSFT,20.58032998733448,20.687148038824972,20.124572243233604,20.445026397705078,76576200
2007-08-13,MSFT,20.608812709661297,20.64441826920488,20.25275168116532,20.38805389404297,55492300
2007-08-14,MSFT,20.55955655653203,20.645309938094545,20.152224586546534,20.202247619628906,42944100
2007-08-15,MSFT,20.18081084785231,20.716774313098824,20.045033055009366,20.080764770507812,48117700
2007-08-16,MSFT,19.923554396414417,20.259425815673186,19.65914643128094,19.873531341552734,81447400
2007-08-17,MSFT,20.07362658306812,20.187965393066406,19.880679330061213,20.187965393066406,76747700
2007-08-20,MSFT,20.13794092006,20.35947217849832,20.066478828072338,20.195110321044922,49952000
2007-08-21,MSFT,20.08077474857021,20.237990285806465,19.916412864683277,20.059335708618164,50786200
2007-08-22,MSFT,20.20225279304348,20.237983150673493,20.01645193471072,20.166521072387695,44763500
2007-08-23,MSFT,20.20940252002748,20.2451328836384,20.080771030186572,20.22369384765625,33886600
2007-08-24,MSFT,20.159376962848732,20.60958715183534,20.059330859974345,20.58814811706543,45158900
2007-08-27,MSFT,20.44522514279377,20.559563934592664,20.295154626666523,20.35947036743164,32789500
2007-08-28,MSFT,20.22368789823759,20.359465693462678,19.94498732758795,19.959280014038086,43924400
2007-08-29,MSFT,20.10220606452738,20.445223780087304,19.88067484056067,20.430931091308594,45753700
2007-08-30,MSFT,20.3094497110441,20.67390516401,20.23798761698736,20.330888748168945,33690700
2007-08-31,MSFT,20.50953767358102,20.666753146941996,20.26656743827952,20.530975341796875,42511900
2007-09-04,MSFT,20.36661687654674,20.795388030763437,20.352324186700134,20.58814811706543,45689600
2007-09-05,MSFT,20.473806747107645,20.530976136271676,20.309444923639273,20.35232162475586,47669800
2007-09-06,MSFT,20.409494121480822,20.73107283638335,20.40234777636899,20.659610748291016,45430800
2007-09-07,MSFT,20.452365728757933,20.602434839603358,20.23797953223164,20.323734283447266,52160900
2007-09-10,MSFT,20.488099435155092,20.545268824319123,20.30229857961555,20.35232162475586,37247600
2007-09-11,MSFT,20.459521919640586,20.6882009271813,20.42379154882006,20.673908233642578,34380800
2007-09-12,MSFT,20.588153435436524,20.845416467028404,20.581007088667164,20.673908233642578,42364700
2007-09-13,MSFT,20.809682353770082,20.90972846449617,20.695342189049654,20.838266372680664,35288600
2007-09-14,MSFT,20.709626293627576,20.802527383377942,20.63816423144086,20.752504348754883,33496600
2007-09-17,MSFT,20.573853404279987,20.638167771953256,20.452368286629238,20.530975341796875,39536500
2007-09-18,MSFT,20.50954634702611,20.70249225769374,20.202260251074982,20.673908233642578,77462400
2007-09-19,MSFT,20.631031893221966,20.659615917795694,20.223698298079334,20.488107681274414,94242200
2007-09-20,MSFT,20.352328773060847,20.423790875371807,20.252282647641245,20.309452056884766,67168900
2007-09-21,MSFT,20.502397486844615,20.58815091151178,20.32374292859089,20.473812103271484,135636100
2007-09-24,MSFT,20.588152058666854,21.15984749474884,20.581005712375383,20.781099319458008,104459800
2007-09-25,MSFT,20.823977152355706,21.124116897583008,20.80253947535635,21.124116897583008,75621000
2007-09-26,MSFT,21.209875049461683,21.331360236103166,21.066950819403537,21.08124351501465,60337000
2007-09-27,MSFT,21.224161491286402,21.23845281966004,21.0383605921684,21.0740909576416,43407100
2007-09-28,MSFT,21.074093305845857,21.217017509716293,20.88829238602478,21.052654266357422,45819100
2007-10-01,MSFT,21.05265254646038,21.28847787248871,21.016922179924876,21.274185180664062,43875100
2007-10-02,MSFT,21.224157333374023,21.331349771820197,21.13125622050175,21.224157333374023,33700900
2007-10-03,MSFT,21.231305047288473,21.331352517337514,20.931166726219292,21.04550552368164,37633900
2007-10-04,MSFT,21.12410792545662,21.274178415843366,21.038354527829064,21.231300354003906,37868000
2007-10-05,MSFT,21.35992811815748,21.431390179167806,21.245589365751137,21.32419776916504,45012300
2007-10-08,MSFT,21.19556633195154,21.331344111568615,21.152689640555522,21.32419776916504,30265400
2007-10-09,MSFT,21.45998099707957,21.71724257379514,21.43854196442586,21.5100040435791,63603100
2007-10-10,MSFT,21.46713449914824,21.70295848486739,21.45998815254751,21.6029109954834,32251500
2007-10-11,MSFT,21.652937811143353,21.8887618377311,21.28848361252941,21.374237060546875,50788400
2007-10-12,MSFT,21.459980080099122,21.724387989734502,21.40281069182452,21.560026168823242,31121100
2007-10-15,MSFT,21.510015014555766,21.67437692632139,21.438552898953954,21.467138290405273,47150500
2007-10-16,MSFT,21.61005357686585,21.853023866851906,21.602907231510258,21.66722297668457,56286200
2007-10-17,MSFT,21.97450515257224,22.317521491242307,21.90304307459287,22.210329055786133,86092400
2007-10-18,MSFT,22.310370895065716,22.317517237804225,21.888746214672125,22.267494201660156,49208600
2007-10-19,MSFT,22.217474815494022,22.217474815494022,21.517149468373724,21.560026168823242,75200200
2007-10-22,MSFT,21.524306391413514,21.938785000875708,21.524306391413514,21.803007125854492,58785100
2007-10-23,MSFT,21.94592913099656,22.238923911908582,21.94592913099656,22.081707000732422,49956200
2007-10-24,MSFT,22.04596875099873,22.367546079545516,21.795852142333985,22.331815719604492,77979200
2007-10-25,MSFT,22.560488533597063,23.024991292962493,22.503319151940243,22.860628128051758,169588700
2007-10-26,MSFT,25.73339497782503,25.747687666060507,24.69720097824229,25.033069610595703,288121200
2007-10-29,MSFT,24.90443596144634,25.218869622986357,24.618590399925136,24.704343795776367,114655600
2007-10-30,MSFT,24.56143506270777,25.433270433378258,24.54714236675627,25.418977737426758,107297300
2007-10-31,MSFT,25.383237584188013,26.440872142772683,25.376089875938703,26.305095672607422,185635800
2007-11-01,MSFT,26.104990519376596,26.791025762159247,25.98350678718595,26.483739852905273,152078800
2007-11-02,MSFT,26.5980786056939,26.798170741561268,26.026382115699874,26.483739852905273,96389800
2007-11-05,MSFT,26.26935865943194,26.512328908627,26.176460274483503,26.247920989990234,75485400
2007-11-06,MSFT,26.14787470817668,26.19789775387882,25.63334883689575,26.019243240356445,100966700
2007-11-07,MSFT,25.75483961592884,25.84059303341678,25.333214784706154,25.383237838745117,74897800
2007-11-08,MSFT,25.440405511926038,25.65479314166378,24.582865897182877,24.825836181640625,133742400
2007-11-09,MSFT,24.425647453921442,24.682910412175783,24.04690072429798,24.104068756103516,125136900
2007-11-12,MSFT,23.8110743414172,24.08977495801621,23.59668946142194,23.853952407836914,84865200
2007-11-13,MSFT,24.047536127233965,24.857722443080597,23.932819311313622,24.707157135009766,104311500
2007-11-14,MSFT,24.821873725583718,24.9150819923805,24.19810121562135,24.327157974243164,84063100
2007-11-15,MSFT,24.205263137817383,24.44903664402158,24.05469787267875,24.205263137817383,64014100
2007-11-16,MSFT,24.276977780725883,24.563768547756442,24.169429533673465,24.441883087158203,71113800
2007-11-19,MSFT,24.34865951538086,24.549415934944605,24.284131154639624,24.34865951538086,63026200
2007-11-20,MSFT,24.542247044086,25.07281392252143,24.44903879482084,24.79319190979004,100009400
2007-11-21,MSFT,24.664139740832454,24.9007419742223,24.50640309519616,24.542251586914062,89518700
2007-11-23,MSFT,24.635460100234987,24.692817140545326,24.16942149803958,24.456214904785156,33467200
2007-11-26,MSFT,24.44187852955568,24.642632302549682,23.610180810639786,23.63886070251465,80335000
2007-11-27,MSFT,23.853949699353883,24.09055192282153,23.430930950667378,23.703384399414062,84178400
2007-11-28,MSFT,23.932822577690697,24.29848162363462,23.588672082959647,24.162256240844727,88585000
2007-11-29,MSFT,24.076213049310805,24.327155198518202,23.882627933466118,24.08338165283203,53633600
2007-11-30,MSFT,24.319990767130275,24.463387493860044,23.79659503937193,24.090557098388672,71027800
2007-12-03,MSFT,24.018860417067412,24.119237306573098,23.430936291335446,23.603010177612305,61770600
2007-12-04,MSFT,23.473951962054954,23.832442352382177,23.395083638572626,23.495460510253906,54801500
2007-12-05,MSFT,23.76073430321047,24.750168199454745,23.681866007377884,24.484886169433594,84894700
2007-12-06,MSFT,24.563769027026336,24.814714030023055,24.28414686131291,24.77169418334961,49209700
2007-12-07,MSFT,24.81471835659095,24.87924677031917,24.53509614212402,24.75735855102539,40771000
2007-12-10,MSFT,24.836217621294622,25.058482682080296,24.714332182682025,24.92225456237793,36083500
2007-12-11,MSFT,24.90074192689371,25.087158459575846,24.327157855303657,24.44904327392578,55070700
2007-12-12,MSFT,24.814713299481042,25.158863857540094,24.327165991797674,24.714336395263672,63345400
2007-12-13,MSFT,24.721494907428347,25.41696708133129,24.578098216357255,25.25206184387207,73913200
2007-12-14,MSFT,25.130174736212965,25.696590185032107,25.10149484980236,25.316591262817383,71126200
2007-12-17,MSFT,25.11584216956203,25.187541906646842,24.63546623888768,24.65697479248047,58121200
2007-12-18,MSFT,24.836222999102148,25.09433661330666,24.52792093047627,24.907922744750977,52791800
2007-12-19,MSFT,24.87206971446712,25.194711709003727,24.649807356615025,24.943769454956055,58469100
2007-12-20,MSFT,25.302255904443413,25.660746344341796,25.151690576101693,25.467161178588867,59345000
2007-12-21,MSFT,25.739617035694028,25.854333877563473,25.632068799850373,25.854333877563477,83240500
2007-12-24,MSFT,25.904525122210757,26.3275440351083,25.847165327549472,26.2271671295166,29622600
2007-12-26,MSFT,26.10527575124351,26.270181038194945,25.99772751689617,26.248672485351562,30252400
2007-12-27,MSFT,26.06225138282291,26.20564809201935,25.768289359749353,25.7898006439209,33311100
2007-12-28,MSFT,25.883004645657405,25.976212911369082,25.574702696434958,25.8973445892334,33447200
2007-12-31,MSFT,25.739601960947596,25.80413031764883,25.46714859542419,25.524505615234375,35229700
2008-01-02,MSFT,25.660740635632827,25.7826260452514,25.094325210187428,25.25206184387207,63004200
2008-01-03,MSFT,25.252058429372852,25.560360316215608,24.993944967359006,25.359603881835938,49599600
2008-01-04,MSFT,25.230550061028822,25.23772139972528,24.441872378407293,24.649797439575195,72090800
2008-01-07,MSFT,24.771685064182915,24.9509302567386,24.556591380129007,24.81470489501953,80164300
2008-01-08,MSFT,24.886407940189752,24.886407940189752,23.94716465284548,23.983013153076172,79148300
2008-01-09,MSFT,23.91847984871145,24.764517408796582,23.911308509098276,24.69281768798828,74305500
2008-01-10,MSFT,24.628291754589327,24.73583997895861,24.21961287808999,24.613954544067383,72446000
2008-01-11,MSFT,24.47772954189413,24.549429278948267,24.176598851462682,24.312824249267578,55187900
2008-01-14,MSFT,24.707163240907185,24.786031584167823,24.434712445180825,24.65697479248047,52792200
2008-01-15,MSFT,24.398846950447048,24.64979178099405,24.377338409423828,24.377338409423828,61606200
2008-01-16,MSFT,23.96149505528562,24.126403032599175,23.3090426902721,23.82526969909668,120778500
2008-01-17,MSFT,24.047538821821593,24.23395264293105,23.638859948370335,23.73923683166504,94247800
2008-01-18,MSFT,23.77508591543419,24.377349965152316,23.638860532605268,23.667537689208984,117062000
2008-01-22,MSFT,22.613574659038058,23.32338410592425,22.584894771167093,22.914705276489258,108521400
2008-01-23,MSFT,22.570550452903234,22.979229203133468,22.255079952656914,22.893192291259766,137597400
2008-01-24,MSFT,23.19433096567645,23.918483204586444,23.02942568727741,23.839614868164062,155640400
2008-01-25,MSFT,25.02263425319653,25.094331248451798,23.56716118094209,23.61734962463379,196992300
2008-01-28,MSFT,23.67470942840563,23.732066477644118,23.24451925132424,23.45961570739746,81019000
2008-01-29,MSFT,23.552820427631087,23.581500318776243,23.194329993511495,23.37357521057129,68023000
2008-01-30,MSFT,23.344905626079488,23.51697955863025,22.97924373304389,23.0867919921875,106432600
2008-01-31,MSFT,22.87885939610964,23.47395482957934,22.7426326482351,23.37357521057129,103642200
2008-02-01,MSFT,22.26942293384799,23.839611245401535,21.688668877395383,21.83206558227539,291138900
2008-02-04,MSFT,21.860740705309738,22.025645933020858,21.588288649418843,21.645647048950195,119998600
2008-02-05,MSFT,21.444898256536966,21.46640817549455,20.713577422369337,20.842634201049805,137534100
2008-02-06,MSFT,20.993199283111508,21.04338772261766,20.283388422526468,20.448293685913086,138315600
2008-02-07,MSFT,20.31924006083983,20.634712059085324,20.00376806259434,20.1615047454834,164964900
2008-02-08,MSFT,20.283394458801475,20.84980877433286,20.24754458596226,20.476978302001953,124872000
2008-02-11,MSFT,20.44829155472829,20.51281993237725,20.01093285455914,20.22602653503418,156814100
2008-02-12,MSFT,20.38376322582574,20.51998995313625,20.15432960142842,20.31923484802246,84365900
2008-02-13,MSFT,20.519987442588818,20.82828798294557,20.455459072680355,20.76375961303711,88986200
2008-02-14,MSFT,20.7063947636832,20.8211128936428,20.405262920426985,20.433942794799805,69113500
2008-02-15,MSFT,20.297730017187778,20.534333672554716,20.254711543720866,20.376598358154297,68166100
2008-02-19,MSFT,20.72928176168246,20.75807309052474,20.203852365925975,20.275829315185547,68261200
2008-02-20,MSFT,20.26143181378092,20.34060658807276,20.095885806485256,20.31181526184082,93056200
2008-02-21,MSFT,20.599719926504907,20.84443929834471,20.12467272523315,20.225440979003906,98776500
2008-02-22,MSFT,20.326212372878302,20.434177108246864,19.57765568452298,19.92314338684082,125705400
2008-02-25,MSFT,19.90154354053096,20.326205887281183,19.779183180063175,20.038299560546875,109974300
2008-02-26,MSFT,19.96633252861961,20.772472015749305,19.91594906808269,20.426982879638672,108923500
2008-02-27,MSFT,20.290221338517956,20.64290681646958,20.225442233093588,20.340604782104492,75199500
2008-02-28,MSFT,20.16785219740065,20.34779377366687,20.0095027316654,20.103073120117188,83002900
2008-02-29,MSFT,19.93034132856531,20.031108232417562,19.448097559942806,19.577655792236328,117411400
2008-03-03,MSFT,19.606438119950706,19.714402813909633,19.34012529970839,19.426496505737305,76544300
2008-03-04,MSFT,19.44809168671187,19.887148330079455,19.404904707092225,19.85835838317871,86925600
2008-03-05,MSFT,19.97352904389269,20.44857503024406,19.937541252411563,20.239843368530273,106489800
2008-03-06,MSFT,20.196656833848834,20.275831624335947,19.793587794075528,19.843971252441406,91127700
2008-03-07,MSFT,19.678417792064483,20.20384704956149,19.664022131431363,20.059894561767578,77597600
2008-03-10,MSFT,20.03110307056768,20.3406029073253,19.973521801369454,20.189451217651367,72175100
2008-03-11,MSFT,20.441374493827663,21.11795559238981,20.426978830000667,21.074769973754883,98740700
2008-03-12,MSFT,21.18273835360485,21.225923979674654,20.542146304325282,20.606924057006836,75993800
2008-03-13,MSFT,20.542140632093886,20.866034797451068,20.26862853920106,20.599721908569336,84552200
2008-03-14,MSFT,20.67170055247051,20.880433568802307,19.89435251788468,20.124677658081055,105214900
2008-03-17,MSFT,19.64962769984143,20.678894161109994,19.63523341115374,20.369394302368164,84490100
2008-03-18,MSFT,20.635712065498527,21.218722728488217,20.635712065498527,21.175537109375,83695300
2008-03-19,MSFT,21.146743348663144,21.2978950574399,20.599721908569336,20.599721908569336,61442100
2008-03-20,MSFT,20.686102142875708,21.031589952141893,20.578137374085838,21.00279998779297,60170200
2008-03-24,MSFT,21.11076233659139,21.16114579806128,20.916424951339206,20.9955997467041,48294700
2008-03-25,MSFT,21.11075506665117,21.139546390631264,20.830046522074696,20.9739990234375,49149000
2008-03-26,MSFT,20.894832750723015,20.923622711671015,20.4269831864892,20.556541442871094,45868100
2008-03-27,MSFT,20.498951054408987,20.506148884664483,20.15346343921963,20.189451217651367,47894400
2008-03-28,MSFT,20.319016872737816,20.462970784980964,20.03111042109777,20.08869171142578,49244000
2008-03-31,MSFT,20.067099449693444,20.57813463409576,20.03830948917792,20.426982879638672,46780600
2008-04-01,MSFT,20.75087616811689,21.261911294704216,20.606922263286215,21.23311996459961,65796200
2008-04-02,MSFT,21.283499911622037,21.29069774296189,20.87323313517228,20.98839569091797,49499400
2008-04-03,MSFT,20.873241424560547,21.103566627520948,20.729287486287046,20.873241424560547,38961400
2008-04-04,MSFT,20.96680219689842,21.060372631470514,20.68609363887405,20.98839569091797,43860800
2008-04-07,MSFT,21.26910424894234,21.297895574301737,20.89482662919183,20.98839569091797,44428600
2008-04-08,MSFT,20.830048675147143,20.873234292735223,20.54214226981655,20.69329261779785,44733500
2008-04-09,MSFT,20.671699358152313,20.902025857887583,20.542142503911663,20.79405975341797,45839300
2008-04-10,MSFT,20.750874567613288,21.161141380037016,20.729281071700328,20.952409744262695,65591600
2008-04-11,MSFT,20.779665832001672,20.88043273359543,20.304618533290643,20.355003356933594,54373700
2008-04-14,MSFT,20.326209673112782,20.37659311806968,20.103082399941126,20.196651458740234,43418100
2008-04-15,MSFT,20.239841191566974,20.498956282622856,20.17506207559148,20.333410263061523,34310000
2008-04-16,MSFT,20.563730069264178,20.90921768303221,20.426974040663847,20.837242126464844,54107400
2008-04-17,MSFT,20.959610110638476,21.11795831460919,20.80126053382152,21.031585693359375,48743300
2008-04-18,MSFT,21.600205875470543,21.664985009422406,21.312299376154748,21.593008041381836,73658900
2008-04-21,MSFT,21.72975960263731,22.024863874375647,21.67937614739118,21.895305633544922,54411700
2008-04-22,MSFT,22.05365014904802,22.09683713734377,21.571406429179863,21.77294158935547,67387500
2008-04-23,MSFT,21.91690227150162,22.643865619705064,21.80893614010942,22.636669158935547,98351500
2008-04-24,MSFT,22.76621803220789,23.10450785600557,22.427928208410215,22.888578414916992,115416700
2008-04-25,MSFT,21.628990280562043,21.873711085301487,21.305096066886517,21.47064208984375,145194900
2008-04-28,MSFT,21.449046075897332,21.47783740147418,20.7436750734161,20.86603546142578,97473000
2008-04-29,MSFT,20.72927922428138,20.801256164730503,20.47736199197839,20.614116668701172,84428900
2008-04-30,MSFT,20.686094377151733,21.02438422512236,20.520548368964786,20.527746200561523,74733600
2008-05-01,MSFT,20.513346996610302,21.22591572754054,20.49895133590163,21.161136627197266,71699400
2008-05-02,MSFT,21.297897170534274,21.31949066617221,20.772467798959003,21.045978546142578,66024200
2008-05-05,MSFT,21.542620614315215,21.758550105884975,20.866039435699086,20.930818557739258,119687700
2008-05-06,MSFT,20.873232282818822,21.492232024309654,20.822848838343226,21.3770694732666,93582000
2008-05-07,MSFT,21.36986483139098,21.69375888815347,20.930806887443637,21.024375915527344,88775000
2008-05-08,MSFT,21.07477137975698,21.153944790395386,20.87323619127181,21.06757354736328,69589900
2008-05-09,MSFT,21.024383887187483,21.269104666159024,20.837245760064288,21.153942108154297,51621200
2008-05-12,MSFT,21.161141506688356,21.636187436848086,21.12515371946411,21.585803985595703,64278800
2008-05-13,MSFT,21.672494284839388,21.766407820464327,21.3329590370876,21.51356315612793,70934700
2008-05-14,MSFT,21.59302422396371,21.860318879286474,21.47743771839166,21.62192153930664,66730400
2008-05-15,MSFT,21.658048623957896,22.055378567611324,21.6291526774178,21.99758529663086,53355800
2008-05-16,MSFT,22.01202942789671,22.01925375797197,21.614700919057807,21.66526985168457,81538200
2008-05-19,MSFT,21.578580709482633,21.593027991775198,21.174026491489133,21.28238868713379,59615000
2008-05-20,MSFT,21.166797436945426,21.17402176542927,20.682778451726,20.77669334411621,75767600
2008-05-21,MSFT,20.812816975395137,20.986196753354662,20.364919560141367,20.40826416015625,60125100
2008-05-22,MSFT,20.42993018006375,20.733345032467156,20.357688286082077,20.567188262939453,52203100
2008-05-23,MSFT,20.415488762802777,20.46605769314634,20.19154005218127,20.26378059387207,48890700
2008-05-27,MSFT,20.30711967858396,20.588861553653466,20.263773714804387,20.545516967773438,47334500
2008-05-28,MSFT,20.632210321926742,20.639434650687797,20.25655487165077,20.35769271850586,52318500
2008-05-29,MSFT,20.379366739573594,20.718903342041205,20.328797810159266,20.451608657836914,47699200
2008-05-30,MSFT,20.502174472974705,20.73334885188198,20.372140693332817,20.458829879760742,63399200
2008-06-02,MSFT,20.4010412031239,20.48773178688636,19.902573446764936,20.08317756652832,77028400
2008-06-03,MSFT,20.162644825743303,20.4516111561966,19.700298697018027,19.72919464111328,86616700
2008-06-04,MSFT,19.707522951368187,19.967591958821185,19.649729685500837,19.89535140991211,79567400
2008-06-05,MSFT,20.02538403151649,20.444385528564453,19.93869482683074,20.444385528564453,76063400
2008-06-06,MSFT,20.220440244854732,20.350475451879568,19.85923194885254,19.85923194885254,78500800
2008-06-09,MSFT,19.974807650758297,20.16263602807181,19.721961705224736,20.018152236938477,66787100
2008-06-10,MSFT,19.765309799342038,20.43715715808542,19.73641248684139,20.148189544677734,77433900
2008-06-11,MSFT,20.11929590905284,20.18431349170898,19.584707967802263,19.59193229675293,59330800
2008-06-12,MSFT,19.794207382141188,20.624985895115216,19.642500612579763,20.401037216186523,113996300
2008-06-13,MSFT,20.682779201180942,21.361850946371494,20.58886568328748,21.000642776489258,131969100
2008-06-16,MSFT,20.964525111459693,21.029542700336375,20.690006096669254,20.899507522583008,74718900
2008-06-17,MSFT,20.978974653500632,21.0367679151673,20.798370538554792,20.805593490600586,44256700
2008-06-18,MSFT,20.62499035777002,20.848940463054888,20.559972763061523,20.559972763061523,49677800
2008-06-19,MSFT,20.624988507792573,21.087335959571206,20.466057389371784,20.899507522583008,62037800
2008-06-20,MSFT,20.87783702210622,20.892285683112075,20.299904360873583,20.393817901611328,97480400
2008-06-23,MSFT,20.444389167159866,20.523855433848222,20.07595791482369,20.205991744995117,57145300
2008-06-24,MSFT,20.169867544939233,20.234885136334707,19.87367690764876,20.032608032226562,65218300
2008-06-25,MSFT,20.09039386348162,20.71167222797626,20.054273605131737,20.480499267578125,64280200
2008-06-26,MSFT,20.249331370650253,20.37214220880881,20.047054290771484,20.047054290771484,67049100
2008-06-27,MSFT,19.996488854343294,20.16264431793167,19.837556343171705,19.96036720275879,73450200
2008-06-30,MSFT,20.032603574563957,20.213207648718843,19.859223828723234,19.873672485351562,57830500
2008-07-01,MSFT,19.700297489499075,19.77976236431538,19.10069187384843,19.411331176757812,100327800
2008-07-02,MSFT,19.43300354140206,19.50524546685934,18.696138381958008,18.696138381958008,84669000
2008-07-03,MSFT,18.761152974897453,18.85506787633358,18.493859684748262,18.76837730407715,37074500
2008-07-07,MSFT,18.862291927170176,19.064567629617116,18.38549723154541,18.80449867248535,71527600
2008-07-08,MSFT,18.732262265813194,18.92731507442073,18.428847245057128,18.674468994140625,65553200
2008-07-09,MSFT,18.63112245985479,18.67446706465569,18.190447947695173,18.2265682220459,54255800
2008-07-10,MSFT,18.20489016851351,18.544425312158374,18.045957710633218,18.385494232177734,57830600
2008-07-11,MSFT,18.175996893002264,18.522756441541265,17.9664968491391,18.24101448059082,69532600
2008-07-14,MSFT,18.40716329775018,18.64556057377185,18.11097278444749,18.168766021728516,51216200
2008-07-15,MSFT,18.009843835379154,19.24517540750112,18.009843835379154,18.891191482543945,92719300
2008-07-16,MSFT,18.876738227810716,19.71474244410236,18.72503145884831,19.693069458007812,82060400
2008-07-17,MSFT,19.92424211550216,20.162639446764125,19.58470694003809,19.880897521972656,96526100
2008-07-18,MSFT,19.042902336829655,19.12236722719237,18.139881571659817,18.68169403076172,150277000
2008-07-21,MSFT,18.537209053313756,18.905641668911528,18.44329550560464,18.52276039123535,77575600
2008-07-22,MSFT,18.450512970814103,18.7394792153504,18.407167000708853,18.63833999633789,88657200
2008-07-23,MSFT,18.68169054087223,19.38965835781524,18.674466210752392,19.093467712402344,79408800
2008-07-24,MSFT,18.847841423477472,18.905634672503286,18.378271102905273,18.378271102905273,81092600
2008-07-25,MSFT,18.522753980497253,18.941755390452503,18.421616136752814,18.89841079711914,58682300
2008-07-28,MSFT,18.826170290924303,18.86229193630724,18.306030998508934,18.42161750793457,59707800
2008-07-29,MSFT,18.436067443652522,18.920086502125923,18.349376866625956,18.862293243408203,66368200
2008-07-30,MSFT,18.92730681783645,19.13680681954755,18.710581110180495,18.948978424072266,51977700
2008-07-31,MSFT,18.674469894340966,18.98510926126797,18.57333063061335,18.580554962158203,60461000
2008-08-01,MSFT,18.72503059706015,18.746703582157238,18.110976464973547,18.378271102905273,82720200
2008-08-04,MSFT,18.342152552722755,18.45773907025697,18.13987683598787,18.26268768310547,60588300
2008-08-05,MSFT,18.522751328372742,18.98509864336132,18.42161349910942,18.934528350830078,84297600
2008-08-06,MSFT,19.31018816292361,19.620827405170456,19.057342171938977,19.519689559936523,95550000
2008-08-07,MSFT,19.433001515196878,20.047055750708484,19.310190668094556,19.786985397338867,82565800
2008-08-08,MSFT,19.758083769175514,20.3938094325291,19.64249728492941,20.32156753540039,80814100
2008-08-11,MSFT,20.12651864568214,20.516622732855794,19.982034833899455,20.155414581298828,68743800
2008-08-12,MSFT,20.068724669089242,20.487726054591192,19.92424086254387,20.314346313476562,62813000
2008-08-13,MSFT,20.27823379337793,20.58887315263614,20.054285032617486,20.162647247314453,51165200
2008-08-14,MSFT,20.097629642916207,20.42994199627394,19.90980116108798,20.162647247314453,49732300
2008-08-15,MSFT,20.21320962600701,20.336020463561873,19.924243354672004,20.09039878845215,47267400
2008-08-18,MSFT,20.068725463471235,20.263776818758615,19.902568665997144,20.003707885742188,38078200
2008-08-19,MSFT,19.974698514031818,20.127010360840764,19.778867810938443,19.81513214111328,40332900
2008-08-20,MSFT,19.97469944134187,20.00371063014946,19.706338682044855,19.79337501525879,41497200
2008-08-21,MSFT,19.655572569682736,19.74986068416531,19.481501246748515,19.71359634399414,43614200
2008-08-22,MSFT,19.749859150378278,20.22130245297035,19.742606006228147,20.192291259765625,47930400
2008-08-25,MSFT,20.025468916061534,20.192287046519493,19.916673159906292,20.06173324584961,51381300
2008-08-26,MSFT,20.003713469157617,20.1052547194887,19.706341478848774,19.778871536254883,44774400
2008-08-27,MSFT,19.829637517184043,20.156022007372165,19.677324293964432,19.98920249938965,33975300
2008-08-28,MSFT,20.02546623544072,20.31558498509638,20.018213093774914,20.264814376831055,48372600
2008-08-29,MSFT,20.076240677261808,20.148770724374156,19.79337501525879,19.79337501525879,50735500
2008-09-02,MSFT,20.068990515425618,20.134267429183947,19.626558407373775,19.65557098388672,66079200
2008-09-03,MSFT,19.583041458173014,19.7135952892375,19.46699391575921,19.51051139831543,57127700
2008-09-04,MSFT,19.394462756836678,19.503257148759868,19.111597061157227,19.111597061157227,66141900
2008-09-05,MSFT,18.87949761457965,19.017303166830978,18.589377458819015,18.603883743286133,82305200
2008-09-08,MSFT,19.010053969238847,19.097090310706417,18.61839389112407,18.944778442382812,62110800
2008-09-09,MSFT,19.002793540190677,19.29291224040987,18.89399781713778,18.93026351928711,85735700
2008-09-10,MSFT,19.23489218989433,19.48149347823108,19.039061510910084,19.176868438720703,75064900
2008-09-11,MSFT,18.930268622631107,19.916672469297474,18.879498009330067,19.82963752746582,72913300
2008-09-12,MSFT,19.68457291375329,20.11975167288861,19.539514249638277,20.032716751098633,75628500
2008-09-15,MSFT,19.52501417768093,19.93843364614955,19.38720722705953,19.452484130859375,82349400
2008-09-16,MSFT,18.92301488620224,19.213133655525922,18.50959546699156,18.85048484802246,111729700
2008-09-17,MSFT,18.66190949145944,18.763452110181895,17.769793652356093,17.82056427001953,106972100
2008-09-18,MSFT,17.98738808175848,18.386302772655533,17.414403437344472,18.321025848388672,132291300
2008-09-19,MSFT,19.12610628263191,19.147864334316445,17.044500695393843,18.24849510192871,134926100
2008-09-22,MSFT,19.017297673513763,19.089827691502975,18.364530278400917,18.42255401611328,105207700
2008-09-23,MSFT,18.611141249275384,18.98104328954527,18.37904617696387,18.451576232910156,92181300
2008-09-24,MSFT,18.553118020003996,18.923020071016314,18.466081673661655,18.654659271240234,80250300
2008-09-25,MSFT,18.727190643395897,19.496005992552544,18.669166869561355,19.3001766204834,96203500
2008-09-26,MSFT,18.981039804690717,19.9892031087219,18.95928037688306,19.87315559387207,100744300
2008-09-29,MSFT,19.539522994999135,20.061736909653234,18.139698028564453,18.139698028564453,134383100
2008-09-30,MSFT,18.690927835117073,19.35820198059082,18.524109644597637,19.35820198059082,107192700
2008-10-01,MSFT,19.13335867889086,19.575790856430764,19.060829993008785,19.205888748168945,88957000
2008-10-02,MSFT,18.988293790272326,19.24214825904942,18.640151230267172,19.039064407348633,93819800
2008-10-03,MSFT,19.12609801536649,19.92392425591375,19.031808554170304,19.089832305908203,114289400
2008-10-06,MSFT,18.589383139286493,18.850490805901103,17.508689517370033,18.067169189453125,146374600
2008-10-07,MSFT,18.117930059201026,18.28474814151685,16.783382633884212,16.84865951538086,145941200
2008-10-08,MSFT,16.60931138101747,17.62472753756007,16.31919267677603,16.68909454345703,171598600
2008-10-09,MSFT,17.240323518139096,17.341864734941755,16.007317099555422,16.174135208129883,131948700
2008-10-10,MSFT,15.804228980491834,16.210395084982444,14.977389109963845,15.593892097473145,228467500
2008-10-13,MSFT,16.580301669134084,18.495086669921875,16.413482188966178,18.495086669921875,144935400
2008-10-14,MSFT,18.5966310308922,18.661907929107603,17.117024565932542,17.479673385620117,165674900
2008-10-15,MSFT,17.247581535509013,17.588470990708537,16.304693600815042,16.43524742126465,113280200
2008-10-16,MSFT,16.63833023439151,17.544952392578125,15.456094165414616,17.544952392578125,161147800
2008-10-17,MSFT,17.09526148155164,18.212220271268976,16.9066839696489,17.356369018554688,133673100
2008-10-20,MSFT,17.552211268476075,17.951124595006682,16.689106304637985,17.929365158081055,93484300
2008-10-21,MSFT,17.62473585531334,18.139698008841968,16.87768001225322,16.942956924438477,100385600
2008-10-22,MSFT,16.71086551150734,16.725370419195322,15.158726950416018,15.615665435791016,150054800
2008-10-23,MSFT,15.63016669086813,16.3844770502111,15.151470264129605,16.18864631652832,154774100
2008-10-24,MSFT,15.27476198878901,16.580298064649863,15.194980220030544,15.927529335021973,153919700
2008-10-27,MSFT,15.717199680800272,15.927535273912016,15.245756498478348,15.361804008483887,117683900
2008-10-28,MSFT,15.695440203143349,16.834157256012322,15.477851468435489,16.754375457763672,134088800
2008-10-29,MSFT,16.776127035720727,17.38537691817391,16.464250338408064,16.681838989257812,111701800
2008-10-30,MSFT,17.18230903531038,17.320114651469186,16.239420858613922,16.41349220275879,95323000
2008-10-31,MSFT,16.34095815360138,16.61657067891175,16.043586198636664,16.195898056030273,93055200
2008-11-03,MSFT,16.304684539346695,16.616562629670554,16.108853917506835,16.406227111816406,61923500
2008-11-04,MSFT,16.77614100427739,17.160549416475284,16.587564754334636,17.066261291503906,72123000
2008-11-05,MSFT,16.92120428761407,16.92845743448016,15.99282223969959,16.01458168029785,81179700
2008-11-06,MSFT,15.862261534454259,16.014573389601768,15.129710680974553,15.14421558380127,95509700
2008-11-07,MSFT,15.463338360895314,15.622904653777029,15.231243444043535,15.593892097473145,71256300
2008-11-10,MSFT,15.847756654790519,15.934791613057948,15.369060234132496,15.44884204864502,67106800
2008-11-11,MSFT,15.441592992386234,15.448844754015335,15.078944041508917,15.37631607055664,78014500
2008-11-12,MSFT,15.15146598854004,15.231249164947705,14.709035405886107,14.723540306091309,90162300
2008-11-13,MSFT,14.614747995936211,15.41257572174072,13.592078376365293,15.412575721740723,148413700
2008-11-14,MSFT,14.912118759758252,15.477851404412174,14.25209803269306,14.549469947814941,96624500
2008-11-17,MSFT,14.317374724951836,14.680023531713722,13.889449022301177,14.012749671936035,97289000
2008-11-18,MSFT,14.239117176626406,14.355950847167092,13.691458823679238,14.326743125915527,108966500
2008-11-19,MSFT,14.334045888110262,14.567714652548219,13.326354999589123,13.35556411743164,103010500
2008-11-20,MSFT,13.23142467755027,13.75717612574617,12.77869321925075,12.800600051879883,139532800
2008-11-21,MSFT,13.158406334542514,14.385161389819675,13.12919721762289,14.370556831359863,157231900
2008-11-24,MSFT,14.523892316797992,15.290614489843927,14.509289159350372,15.108061790466309,125289900
2008-11-25,MSFT,15.232199320034773,15.283313858515418,14.275622069620601,14.596915245056152,92948100
2008-11-26,MSFT,14.40706686212228,15.100768069840836,14.40706686212228,14.962027549743652,79678300
2008-11-28,MSFT,14.772171968938636,14.83058880814916,14.618828288298749,14.764869689941406,28650800
2008-12-01,MSFT,14.516597679690332,14.56771363233496,13.581928258465318,13.58923053741455,79639900
2008-12-02,MSFT,13.866701210790497,14.100368415063997,13.552710382760582,13.983534812927246,79689800
2008-12-03,MSFT,13.618432536557773,14.53119613006388,13.581922549924213,14.50929069519043,80961500
2008-12-04,MSFT,14.166092812832467,14.545802858824397,13.72066505961782,13.95433235168457,78719200
2008-12-05,MSFT,13.80828753113905,14.589612944337603,13.48699435625022,14.50929069519043,91996200
2008-12-08,MSFT,14.859795687045123,15.516985377417626,14.706450636723517,15.341734886169434,107225000
2008-12-09,MSFT,15.056954372484062,15.516986779481707,14.940119308328,15.042349815368652,80484900
2008-12-10,MSFT,15.202997697860377,15.305226825128626,14.823287521196315,15.049654006958008,61499000
2008-12-11,MSFT,14.684550337412952,14.691852617867653,14.100380435945247,14.202610969543457,83564300
2008-12-12,MSFT,13.983543436181288,14.494691805315048,13.654949249824378,14.13688850402832,78112600
2008-12-15,MSFT,14.12227907737397,14.19530044675438,13.793683611545505,13.903216361999512,59925900
2008-12-16,MSFT,14.027351686473581,14.735657199622175,13.874008055441529,14.684542655944824,97688700
2008-12-17,MSFT,14.465483665715842,14.640734188809189,14.239118580816186,14.355952262878418,78922700
2008-12-18,MSFT,14.501990124655883,14.618823766942251,13.86670597605274,14.093070983886719,80759200
2008-12-19,MSFT,14.180703185986895,14.458182860991286,13.954338078001669,13.961640357971191,113530400
2008-12-22,MSFT,14.049260614956458,14.085772003584703,13.793686465627006,14.005448341369629,58575400
2008-12-23,MSFT,14.078474044799805,14.290234592738457,13.881316664025286,14.078474044799805,47511400
2008-12-24,MSFT,14.06386708016543,14.202607590258452,13.947033406224124,13.998147964477539,16880400
2008-12-26,MSFT,14.02005477845447,14.114981616093921,13.939731105459147,13.968938827514648,23101000
2008-12-29,MSFT,13.983548182288464,14.02736047678611,13.611140197139134,13.844807624816895,58512800
2008-12-30,MSFT,13.881316183436274,14.231817253055624,13.874013903723274,14.122285842895508,43224100
2008-12-31,MSFT,14.100378537590917,14.370557306969905,14.071170812471983,14.195306777954102,46419000
2009-01-02,MSFT,14.261029115847851,14.89631225267073,14.14419540349496,14.845197677612305,50084000
2009-01-05,MSFT,14.750263282291517,15.09346196311504,14.648032791570062,14.983930587768555,61475200
2009-01-06,MSFT,15.151879317202273,15.334432080060132,15.049650215687327,15.159181594848633,58083400
2009-01-07,MSFT,14.742958783965664,14.81598015411878,14.224508309368655,14.246415138244629,72709900
2009-01-08,MSFT,14.334046861865144,14.742966182835138,14.275630014979072,14.691851615905762,70255400
2009-01-09,MSFT,14.72836113761119,14.823287988385337,14.173400414096132,14.253724098205566,49815300
2009-01-12,MSFT,14.392460315316901,14.450878541196696,14.093073871518765,14.217209815979004,52163500
2009-01-13,MSFT,14.253718447763426,14.5969171017641,14.253718447763426,14.47278118133545,65843500
2009-01-14,MSFT,14.261020030188028,14.370551391640747,13.881310010569571,13.939726829528809,80257500
2009-01-15,MSFT,13.925120426873253,14.093068584976049,13.52350502397237,14.049256324768066,96169800
2009-01-16,MSFT,14.334044937689097,14.538504570727806,13.983543903423284,14.392461776733398,79634100
2009-01-20,MSFT,14.209911405587352,14.326746496381514,13.413982360068834,13.494304656982422,89873000
2009-01-21,MSFT,13.77908378385071,14.202606157350372,13.47969595771834,14.151490211486816,68340900
2009-01-22,MSFT,13.180309140116355,13.275237358328466,12.464702632093543,12.493911743164062,222436600
2009-01-23,MSFT,12.391682678805873,12.771392809988399,12.231036727659681,12.559632301330566,117020600
2009-01-26,MSFT,12.625354237212504,13.005063060474104,12.581540555754685,12.873624801635742,92476500
2009-01-27,MSFT,12.983153783969115,13.121892889370752,12.727579621900473,12.895527839660645,61695000
2009-01-28,MSFT,12.99775797003095,13.370165825300115,12.968550248141517,13.173009872436523,64145500
2009-01-29,MSFT,12.983158116488397,13.114594987661283,12.822510730442204,12.844417572021484,49192800
2009-01-30,MSFT,12.953950029876905,12.990461435427637,12.486615180969238,12.486615180969238,62370900
2009-02-02,MSFT,12.435493668156456,13.23872464339895,12.413586837047921,13.019661903381348,88871700
2009-02-03,MSFT,13.03427307301929,13.589233874537625,12.851720232760666,13.508910179138184,86865100
2009-02-04,MSFT,13.538107883435323,13.874004157672113,13.508898785101795,13.603825569152832,75618000
2009-02-05,MSFT,13.516204079220074,13.976236338613145,13.326349075937717,13.903216361999512,75195200
2009-02-06,MSFT,13.990846658242106,14.553109623646192,13.917825258761374,14.355952262878418,86746000
2009-02-09,MSFT,14.341348189083572,14.436276429446757,14.0638685330004,14.195306777954102,52196400
2009-02-10,MSFT,14.056560840771485,14.458176307686784,13.654945373856188,13.727965354919434,83953200
2009-02-11,MSFT,13.830196425906369,14.231811909969737,13.815591871963393,14.027352333068848,58599000
2009-02-12,MSFT,13.852099081908747,14.107673153511978,13.538109591799989,14.063860893249512,75323200
2009-02-13,MSFT,14.0711650203788,14.217206371393482,13.903216839966845,13.939726829528809,47416000
2009-02-17,MSFT,13.59417471998556,13.601527065055455,13.153043832006961,13.300087928771973,75853300
2009-02-18,MSFT,13.39567186447484,13.564773075402737,13.233924404366732,13.322151184082031,54946900
2009-02-19,MSFT,13.454487768037726,13.513305147262926,13.094231144993758,13.167753219604492,49195600
2009-02-20,MSFT,13.064821285262749,13.37361283254601,12.983946874542905,13.23392105102539,69413800
2009-02-23,MSFT,13.248628550510743,13.344206272437647,12.61634062873927,12.653100967407227,70803400
2009-02-24,MSFT,12.52076244617509,12.756031970555348,12.028166353635054,12.623692512512207,122674500
2009-02-25,MSFT,12.506056283355024,12.675156058878219,12.101685608731993,12.469294548034668,105894600
2009-02-26,MSFT,12.53546468461419,12.557521726537189,12.072278022766115,12.072278022766113,83219500
2009-02-27,MSFT,11.976697380225017,12.14579711995119,11.837005620212889,11.87376594543457,93428000
2009-03-02,MSFT,11.734076942272722,11.947290091239271,11.557624826126277,11.609089851379395,80602100
2009-03-03,MSFT,11.785542688797449,11.939937764820293,11.498807473701346,11.675259590148926,80476600
2009-03-04,MSFT,11.851709365844727,12.057569414371603,11.682608938449045,11.851709365844727,69285100
2009-03-05,MSFT,11.66055601636447,11.67526071139314,11.226778030395508,11.226778030395508,89708500
2009-03-06,MSFT,11.285593722104865,11.484102167225211,10.93268880688442,11.23412799835205,92821400
2009-03-09,MSFT,11.175314663576382,11.572332398296904,11.101793276351751,11.138553619384766,66479100
2009-03-10,MSFT,11.300297751020238,12.219320722442026,11.21207169721395,12.116389274597168,95184200
2009-03-11,MSFT,12.226669043140545,12.645744286407487,12.079626352838742,12.579574584960938,84522200
2009-03-12,MSFT,12.506057739257812,12.528114783017816,12.11639171339964,12.506057739257812,93694100
2009-03-13,MSFT,12.483997737766451,12.535462758696292,11.895824066687341,12.241375923156738,82965800
2009-03-16,MSFT,12.366364383220207,12.469294436563414,11.939938073533883,11.947290420532227,67028900
2009-03-17,MSFT,11.99875417085478,12.425180435180664,11.954641495873936,12.425180435180664,62481000
2009-03-18,MSFT,12.520760977483167,12.660451364750076,12.204617065312176,12.469294548034668,70710700
2009-03-19,MSFT,12.770735203883667,12.829552578242874,12.439886596665119,12.60163402557373,58994600
2009-03-20,MSFT,12.733972003693232,12.97659382030617,12.410475780770426,12.542815208435059,81725500
2009-03-23,MSFT,12.770734948327199,13.667700239935039,12.726620866702952,13.476543426513672,71600000
2009-03-24,MSFT,13.263330427197035,13.388316113023661,13.116286299151882,13.182456016540527,50044100
2009-03-25,MSFT,13.219220635233782,13.461842543584401,12.881020994273543,13.145698547363281,73927100
2009-03-26,MSFT,13.358913369274779,13.880917564206472,13.32215302400141,13.844157218933105,63775100
2009-03-27,MSFT,13.63093888353497,13.689756252298498,13.2706809222521,13.329498291015625,47670400
2009-03-30,MSFT,13.042764126634763,13.057468819780306,12.697212251614838,12.851607322692871,49633000
2009-03-31,MSFT,13.10893729067439,13.814747321780366,13.072176950460547,13.505955696105957,92423300
2009-04-01,MSFT,13.403021521600639,14.233818505456309,13.366261188785845,14.197056770324707,96438900
2009-04-02,MSFT,14.336744239095484,14.62347867513615,13.96913541245201,14.18234920501709,99082300
2009-04-03,MSFT,14.06472064305126,14.079425340569287,13.55006885077455,13.785338401794434,81858400
2009-04-06,MSFT,13.630937161961713,13.792684555053711,13.432428041587551,13.792684555053711,47476100
2009-04-07,MSFT,13.792684555053711,14.07206667081562,13.697105466436591,13.792684555053711,65815200
2009-04-08,MSFT,13.947087289456793,14.424980191294232,13.9397349399482,14.10883617401123,56408900
2009-04-09,MSFT,14.299982638928046,14.483787035817526,14.130881528029366,14.461730003356934,55759600
2009-04-13,MSFT,14.476438010665229,14.594072739459214,14.241168553077259,14.402915954589844,44444700
2009-04-14,MSFT,14.292636858019316,14.373509876212895,13.969140578294294,14.22646713256836,63796300
2009-04-15,MSFT,14.123539489035634,14.152948887108156,13.608887643622072,13.844157218933105,72725500
2009-04-16,MSFT,14.086776305534025,14.54261206759453,13.961789193543,14.527907371520996,67688700
2009-04-17,MSFT,14.476435947115805,14.476435947115805,13.969135375057245,14.116179466247559,61398500
2009-04-20,MSFT,13.8882655848755,13.932379668234313,13.652996082895882,13.682405471801758,62937200
2009-04-21,MSFT,13.667706887335328,14.02796364857974,13.653002186308829,13.947089195251465,60928300
2009-04-22,MSFT,13.792685521069938,14.10882938625619,13.748572847558274,13.807390213012695,59401000
2009-04-23,MSFT,13.910316467285158,13.92502115522709,13.579468000172799,13.910316467285156,86116300
2009-04-24,MSFT,14.572011543176973,15.58661254235979,14.336742152733475,15.373398780822754,168478500
2009-04-27,MSFT,15.10872407729655,15.30723320471969,14.910216352189968,14.998441696166992,68219600
2009-04-28,MSFT,14.88816257156146,14.902867266212876,14.549963008480061,14.65289306640625,76685200
2009-04-29,MSFT,14.785225925135663,15.3586947378267,14.748464204888647,14.888155937194824,79301600
2009-04-30,MSFT,15.145486741442,15.513095636125948,14.711708133529608,14.895512580871582,87439900
2009-05-01,MSFT,14.844043742800928,14.96167844666438,14.60142199079302,14.880804061889648,63224500
2009-05-04,MSFT,14.976386972722358,14.998442608900534,14.689651081556258,14.844047546386719,54313400
2009-05-05,MSFT,14.807288142056683,14.8808102129411,14.439679189951468,14.549962997436523,66835500
2009-05-06,MSFT,14.748470765812524,14.755823113132651,14.417623550307948,14.549962997436523,59639100
2009-05-07,MSFT,14.674944665355602,14.697001701259374,14.072066373817252,14.204405784606934,68727200
2009-05-08,MSFT,14.30733442103231,14.439673818935605,14.07206500356705,14.277926445007324,67597600
2009-05-11,MSFT,14.1161804456248,14.505844930376108,13.97648868953386,14.204405784606934,63762600
2009-05-12,MSFT,14.344096794140736,14.748465948448644,14.314687414466354,14.623478889465332,71966800
2009-05-13,MSFT,14.645537802860119,14.704355167437203,14.461733363267154,14.520550727844238,49281700
2009-05-14,MSFT,14.579371472991491,14.87345836406788,14.55731443029192,14.7484712600708,54539500
2009-05-15,MSFT,14.79993630746851,15.071967558470094,14.689653898479673,14.866106033325195,61289900
2009-05-18,MSFT,14.96903567200716,15.145487785339357,14.88080891418269,15.145487785339355,46073800
2009-05-19,MSFT,15.175082340294532,15.345256009368967,14.982711553471173,15.027104377746582,51368300
2009-05-20,MSFT,15.10109268560673,15.308261541690943,14.960513768577357,15.078895568847656,47450700
2009-05-21,MSFT,14.901321028272799,14.967910959104424,14.435192923673613,14.664557456970215,58232800
2009-05-22,MSFT,14.745947095947532,14.923519794078846,14.405598366112413,14.612767219543457,37318700
2009-05-26,MSFT,14.457393965732754,15.130691083766102,14.390804016808788,15.04930305480957,44991700
2009-05-27,MSFT,14.982708896137803,15.241669579056227,14.849529035709917,14.893921852111816,42892900
2009-05-28,MSFT,15.034504468893385,15.263869056790128,14.834734628843378,15.130690574645996,45480800
2009-05-29,MSFT,15.21207515814408,15.493232986864822,15.01970438355156,15.45623779296875,46134900
2009-06-01,MSFT,15.537630206627359,15.90757378297563,15.434046456841124,15.833584785461426,57317100
2009-06-02,MSFT,15.803990033189393,16.262719277576508,15.685608201655768,15.833584785461426,48935700
2009-06-03,MSFT,15.766989075731342,16.099938737446564,15.752192410605735,16.077741622924805,56039600
2009-06-04,MSFT,16.107344377119343,16.20352909035656,15.966765416643884,16.151737213134766,42330000
2009-06-05,MSFT,16.247916015411963,16.50687671853436,16.136933260137305,16.38109588623047,59579200
2009-06-08,MSFT,16.26271657183421,16.51427827479477,16.00375582923099,16.31450843811035,49000600
2009-06-09,MSFT,16.32191379852893,16.514284670067653,16.188733855831114,16.336711883544922,50887700
2009-06-10,MSFT,16.403299355238175,16.736249161245365,16.366305559558644,16.68445587158203,61297200
2009-06-11,MSFT,16.714042258368394,17.209766451048587,16.69924418426522,16.89161491394043,65124600
2009-06-12,MSFT,16.943414480077998,17.29855995299656,16.82503265577181,17.261566162109375,50963500
2009-06-15,MSFT,17.187574684975406,17.416940671237985,17.03219909223862,17.328153610229492,69089600
2009-06-16,MSFT,17.365144183666597,17.838672736083897,17.34294848093695,17.3503475189209,105295600
2009-06-17,MSFT,17.38733940978515,17.624102954676058,17.143176827713642,17.520519256591797,86483100
2009-06-18,MSFT,17.476135254753046,17.52792712990436,17.239370179282716,17.387348175048828,58852200
2009-06-19,MSFT,17.786892036645984,18.00885767048361,17.572324034209608,17.8090877532959,115459000
2009-06-22,MSFT,17.720299538101298,17.720299538101298,17.202377918015962,17.22457504272461,71291600
2009-06-23,MSFT,17.29855569594094,17.505724543105273,17.172774862166584,17.26896095275879,56752700
2009-06-24,MSFT,17.350351875850162,17.57231742621864,17.28376192849511,17.365148544311523,54287700
2009-06-25,MSFT,17.335551786261657,17.698096229148362,17.16537812329446,17.601911544799805,57724300
2009-06-26,MSFT,17.439138020219684,17.527925089588756,17.25416625265482,17.276363372802734,65126400
2009-06-29,MSFT,17.461334793135105,17.779486452815586,17.424339593624257,17.653705596923828,62854900
2009-06-30,MSFT,17.735090887418515,17.934860716173393,17.483529194443292,17.587114334106445,66452400
2009-07-01,MSFT,17.794281936048147,17.97925368761298,17.72769199258701,17.786884307861328,54908400
2009-07-02,MSFT,17.579716074797386,17.786884952093647,17.172777359882144,17.291160583496094,65422200
2009-07-06,MSFT,17.172778106681733,17.224571386675045,16.921217802827133,17.165380477905273,49207700
2009-07-07,MSFT,17.07659018336146,17.120983003747316,16.617859668633244,16.669652938842773,52842500
2009-07-08,MSFT,16.506875136068352,16.788032927780822,16.27751060899293,16.69184684753418,73023400
2009-07-09,MSFT,16.758437240572132,16.876819026290278,16.551269821176476,16.60306167602539,46981200
2009-07-10,MSFT,16.418093993742783,16.67705474284219,16.388497834429685,16.566070556640625,43229200
2009-07-13,MSFT,16.588266321666428,17.231968621941462,16.38109745705807,17.18757438659668,67584000
2009-07-14,MSFT,17.16537724396259,17.180173909950415,16.913815576279415,17.098787307739258,45448700
2009-07-15,MSFT,17.572318125180743,17.84607696533203,17.431739185036967,17.84607696533203,67238700
2009-07-16,MSFT,17.70549366444617,18.082836151123047,17.65370180747092,18.082836151123047,64555100
2009-07-17,MSFT,18.0532379386022,18.09023312595195,17.831272459392107,17.971851348876953,52860100
2009-07-20,MSFT,18.082837475460455,18.14942741394043,17.868269582308898,18.14942741394043,47798000
2009-07-21,MSFT,18.2678056874931,18.371389389038086,18.031042134691948,18.371389389038086,52028400
2009-07-22,MSFT,18.275207915595374,18.423184456320325,18.134629002367685,18.34919548034668,66192500
2009-07-23,MSFT,18.445384159935067,19.029894188553026,18.378794213340008,18.91151237487793,106060500
2009-07-24,MSFT,17.468729304219675,17.675896722881433,16.8768189665036,17.3503475189209,215135700
2009-07-27,MSFT,17.342949936817362,17.350348975422435,16.943410319477383,17.098787307739258,80950000
2009-07-28,MSFT,17.01000309923294,17.424339451824622,16.943413151877884,17.365148544311523,70288400
2009-07-29,MSFT,17.557520187343723,17.690700088431658,17.26896467580161,17.609312057495117,73626900
2009-07-30,MSFT,17.905273394255264,18.07544713617521,17.542727371941574,17.616716384887695,67820000
2009-07-31,MSFT,17.587121020823655,17.809086640795503,17.387351116115198,17.402149200439453,54258200
2009-08-03,MSFT,17.62410883388632,17.65370499248166,17.387345210013653,17.631507873535156,46902900
2009-08-04,MSFT,17.520524391188154,17.60191241280439,17.409541623398486,17.587114334106445,49218300
2009-08-05,MSFT,17.638913512138444,17.942267195116802,17.601919711276903,17.616716384887695,53310300
2009-08-06,MSFT,17.70549581856802,17.742489603416224,17.21717052021509,17.35774803161621,59686000
2009-08-07,MSFT,17.572314906828527,17.624106767074128,17.387343170967174,17.43173599243164,46169700
2009-08-10,MSFT,17.35774835641735,17.424338299368106,17.239366549221003,17.328153610229492,35261900
2009-08-11,MSFT,17.254159587925855,17.313350474234163,17.05438981742704,17.11358070373535,33615800
2009-08-12,MSFT,17.11358989669432,17.683303365460294,17.03960230748133,17.4095458984375,61972300
2009-08-13,MSFT,17.483529067281694,17.64630510933026,17.313355397160418,17.476131439208984,38954500
2009-08-14,MSFT,17.476129817597858,17.60930827888571,17.394741804125573,17.527921676635742,46330200
2009-08-17,MSFT,17.2541653711151,17.46133424824333,17.187575425296114,17.202373504638672,42474400
2009-08-18,MSFT,17.328862787573467,17.596718858110723,17.313981500555386,17.544635772705078,38878900
2009-08-19,MSFT,17.299101082301412,17.648802829842555,17.299101082301412,17.59671974182129,41821300
2009-08-20,MSFT,17.55951208316387,17.76040514349973,17.514869653919423,17.611595153808594,39505900
2009-08-21,MSFT,17.80505282800585,18.169635849284905,17.686005368778307,18.162195205688477,69011400
2009-08-24,MSFT,18.16219012034676,18.400284972136227,18.065464618991264,18.33332061767578,54180900
2009-08-25,MSFT,18.30355947078073,18.46724932659667,18.199391908754894,18.33332061767578,43980300
2009-08-26,MSFT,18.296125721184396,18.415173191922786,18.169637606130127,18.2663631439209,41079000
2009-08-27,MSFT,18.162193523524685,18.43749163446408,18.080347870702088,18.370527267456055,45495600
2009-08-28,MSFT,18.65326080425709,18.965760646949004,18.310999815153075,18.363082885742188,55808000
2009-08-31,MSFT,18.281243175462173,18.489576944507405,18.07291082557464,18.34076690673828,49592800
2009-09-01,MSFT,18.117560360545212,18.40773848669869,17.782738354092544,17.85714340209961,62608500
2009-09-02,MSFT,17.72320526328486,17.961300156157193,17.69344411125457,17.752967834472656,40771300
2009-09-03,MSFT,17.7901681896091,17.96129870261746,17.678561395001797,17.93897819519043,34120000
2009-09-04,MSFT,17.924103357179522,18.452376370586855,17.9166627123087,18.318449020385742,44999700
2009-09-08,MSFT,18.318446023077538,18.48213592597861,18.162195344672167,18.467254638671875,53737100
2009-09-09,MSFT,18.407731702057735,18.563982387198205,18.35564861339682,18.4374942779541,49900300
2009-09-10,MSFT,18.452374798547826,18.63838664699753,18.340767973309557,18.601184844970703,46256000
2009-09-11,MSFT,18.54909807957176,18.727669248406496,18.459811785575642,18.49701499938965,54303500
2009-09-14,MSFT,18.340767973309557,18.66814922394522,18.333327329072635,18.601184844970703,42806800
2009-09-15,MSFT,18.57885852453898,18.802073541457183,18.497014295577337,18.749990463256836,44716600
2009-09-16,MSFT,18.787192256497814,18.861597262137213,18.563978658737057,18.749990463256836,50055800
2009-09-17,MSFT,18.645828730127047,18.88392368745114,18.645828730127047,18.824399948120117,42428800
2009-09-18,MSFT,18.94343862022866,18.95831990293278,18.675582627340702,18.79463005065918,68016500
2009-09-21,MSFT,18.683031954182617,18.876484461797915,18.675591309371505,18.824399948120117,28878700
2009-09-22,MSFT,18.898800847284672,19.211300765274157,18.816956610562897,19.17409896850586,61376700
2009-09-23,MSFT,19.28571008456865,19.53124568787852,19.077376286334438,19.129459381103516,60599900
2009-09-24,MSFT,19.285705414349678,19.427074793887435,19.092252952655258,19.300586700439453,56302900
2009-09-25,MSFT,19.114579826604864,19.211305372895556,18.98809170043524,19.010412216186523,50158900
2009-09-28,MSFT,19.04761560698171,19.4642817948114,19.04761560698171,19.218746185302734,44358000
2009-09-29,MSFT,19.278259530466546,19.31546131642004,19.11456968545113,19.159212112426758,39050300
2009-09-30,MSFT,19.1666548861258,19.33778539120507,18.88391617245305,19.136892318725586,63533400
2009-10-01,MSFT,18.9062456078695,18.950888057545203,18.45237620883322,18.511899948120117,75958100
2009-10-02,MSFT,18.199398873817355,18.66814953443527,18.177078359893134,18.571422576904297,51219700
2009-10-05,MSFT,18.5862967524914,18.645820465438767,18.244035757833363,18.33332061767578,60804900
2009-10-06,MSFT,18.36308859131214,18.75743277353141,18.348207303903727,18.683029174804688,48795300
2009-10-07,MSFT,18.593744844853084,18.73511425193632,18.51189917456945,18.67559051513672,38472700
2009-10-08,MSFT,18.928562768444394,19.270823828235294,18.764871462320457,19.099693298339844,60521300
2009-10-09,MSFT,19.025293506125987,19.188984857144273,18.943447830616844,19.010412216186523,39520000
2009-10-12,MSFT,19.092249886782586,19.263380391861855,19.010404245589317,19.136892318725586,29145800
2009-10-13,MSFT,19.040169443380734,19.300586267479794,18.988086362392423,19.203859329223633,37749000
2009-10-14,MSFT,19.44940042089874,19.49404429091363,19.211305457451026,19.315471649169922,45365500
2009-10-15,MSFT,19.270821115778293,19.873498916625977,19.270821115778293,19.873498916625977,65620100
2009-10-16,MSFT,19.680058550341922,19.813985919189847,19.41964162023667,19.717260360717773,56500900
2009-10-19,MSFT,19.70982372267182,19.776788130291596,19.531252442071885,19.61309814453125,48143200
2009-10-20,MSFT,19.657732885475635,19.724697266782062,19.30059046461324,19.62053108215332,54604700
2009-10-21,MSFT,19.6874928653569,19.903267285347034,19.63540977616142,19.776779174804688,61672700
2009-10-22,MSFT,19.76189590456019,19.880943359111466,19.441955338269544,19.784217834472656,61600000
2009-10-23,MSFT,21.726179614737465,21.837786415051905,20.74403608216101,20.848203659057617,281761000
2009-10-26,MSFT,20.93005226259676,21.592255398596425,20.915172393494355,21.339279174804688,124149700
2009-10-27,MSFT,21.376476414232993,21.488083214050114,21.160703457140887,21.272310256958008,69685800
2009-10-28,MSFT,21.01189353824163,21.40623907978727,20.796120580188045,20.848203659057617,73542400
2009-10-29,MSFT,20.885410081688008,21.138386308686112,20.721720166224788,20.99701690673828,65225500
2009-10-30,MSFT,20.855644140991824,21.130940818369794,20.5803460444564,20.632429122924805,73371800
2009-11-02,MSFT,20.610112204344077,20.87052764204457,20.39433779121201,20.74403953552246,62428900
2009-11-03,MSFT,20.565462000997968,20.639866997040446,20.40921278655029,20.483617782592773,50294800
2009-11-04,MSFT,20.602672997294537,21.123505328174407,20.55058990612233,20.87796974182129,63898400
2009-11-05,MSFT,21.220222843171836,21.383912688185717,21.041651716113833,21.183019638061523,52681700
2009-11-06,MSFT,21.116066307723347,21.30207817287621,20.98213895690593,21.220233917236328,38908500
2009-11-09,MSFT,21.294636207344162,21.577373581569816,21.227671830972188,21.56993293762207,57518000
2009-11-10,MSFT,21.502966507854914,21.785705274238556,21.436002137877608,21.58481216430664,65881100
2009-11-11,MSFT,21.63688820882834,21.8005780493221,21.59224578308588,21.666650772094727,49693400
2009-11-12,MSFT,21.584811368124214,21.941953715391147,21.57737072516146,21.84522819519043,55352400
2009-11-13,MSFT,21.92707034482184,22.16516663952111,21.852666760583055,22.046117782592773,53037600
2009-11-16,MSFT,22.03124339842583,22.172611378976594,21.85267219734243,21.97916030883789,54129500
2009-11-17,MSFT,22.046415932973225,22.42008399963379,22.023995335818594,22.42008399963379,75648900
2009-11-18,MSFT,22.420079496718422,22.524706078232093,22.2780852607854,22.502286911010742,59431200
2009-11-19,MSFT,22.41261621355943,22.42008974786043,22.19588942055419,22.25567626953125,51967700
2009-11-20,MSFT,22.16599156845756,22.248199006560117,21.994104584634655,22.136098861694336,42647100
2009-11-23,MSFT,22.30051594544193,22.427563177101906,22.195889316579922,22.3752498626709,41832700
2009-11-24,MSFT,22.38271738648274,22.412610090088663,22.233249592161542,22.35282325744629,37341400
2009-11-25,MSFT,22.278089178394385,22.315456839384854,22.106202214129762,22.26314353942871,32033500
2009-11-27,MSFT,21.754954109588425,21.96420730322038,21.48591266014108,21.837160110473633,29357900
2009-11-30,MSFT,21.78484702974187,22.009048714998393,21.67274689982885,21.979154586791992,44172000
2009-12-01,MSFT,22.061354961303056,22.45744205540236,21.979147560446204,22.427549362182617,49904200
2009-12-02,MSFT,22.345355830281378,22.41261621355943,22.158521749049207,22.25567626953125,36308600
2009-12-03,MSFT,22.300510947141696,22.569552418692307,22.240724111844962,22.29303741455078,43095200
2009-12-04,MSFT,22.457451319534393,22.696600091095984,22.293037875427004,22.40513801574707,58810700
2009-12-07,MSFT,22.255670007230616,22.479870271451382,22.18093611068019,22.26314353942871,38082700
2009-12-08,MSFT,22.061360041096965,22.22577345523806,21.956732027161397,22.098726272583008,37402200
2009-12-09,MSFT,22.023991504741684,22.278085859905556,21.859578097165773,22.203351974487305,44713300
2009-12-10,MSFT,22.20335240075257,22.39018640516993,22.16598617004123,22.322927474975586,45940200
2009-12-11,MSFT,22.397662934320433,22.420083531006426,22.26314363049603,22.3079833984375,43744200
2009-12-14,MSFT,22.352819144193848,22.539653139999835,22.345345613309977,22.502286911010742,34651200
2009-12-15,MSFT,22.337877391717292,22.577024735120915,22.330403859057103,22.43503189086914,49473200
2009-12-16,MSFT,22.47239904222134,22.72649346127404,22.44997986876006,22.49481964111328,55737800
2009-12-17,MSFT,22.38272084557797,22.39019295356132,22.09873227756533,22.121152877807617,43691200
2009-12-18,MSFT,22.300511811182677,22.75638733887747,22.270617679660756,22.68912696838379,94118000
2009-12-21,MSFT,22.719023392409426,23.04785176580961,22.696604215529764,22.808704376220703,40129100
2009-12-22,MSFT,22.86848262967181,23.115103460684445,22.823642867332335,23.032896041870117,36321000
2009-12-23,MSFT,22.95070173146982,23.130063734131966,22.935756085773942,23.107643127441406,28362700
2009-12-24,MSFT,23.0777365731477,23.167417526245117,22.988057045480673,23.167417526245117,11083900
2009-12-28,MSFT,23.1674245169993,23.301945274521774,23.085217070639825,23.294471740722656,25384000
2009-12-29,MSFT,23.428986768370212,23.541086897079733,23.33930581014431,23.458879470825195,29716200
2009-12-30,MSFT,23.279514063030728,23.384142063101297,23.01794620099956,23.13751983642578,42006200
2009-12-31,MSFT,23.152476719338146,23.159950252901602,22.77880859375,22.77880859375,31929700
2010-01-04,MSFT,22.883435487753392,23.24215652818009,22.86101488819021,23.130056381225586,38409100
2010-01-05,MSFT,23.05531385296411,23.24214783649635,22.898372565573343,23.13751983642578,49749600
2010-01-06,MSFT,23.077744736750745,23.227212569642923,22.808704633148075,22.99553871154785,58182400
2010-01-07,MSFT,22.890907028325184,22.94322175934304,22.56208012879699,22.75638771057129,50559700
2010-01-08,MSFT,22.629337269679365,23.07773778237048,22.59944314193704,22.9133243560791,51197400
2010-01-11,MSFT,22.950691179877225,22.988058840515016,22.509764187795284,22.621864318847656,68754700
2010-01-12,MSFT,22.53217794576722,22.719011927780926,22.352817494085677,22.47239112854004,65912100
2010-01-13,MSFT,22.614387899264955,22.808695433480356,22.427553896222875,22.68164825439453,51863500
2010-01-14,MSFT,22.651751764327997,23.24214783649635,22.61438553779362,23.13751983642578,63228100
2010-01-15,MSFT,23.227205248353865,23.346778906805255,22.950690272291006,23.06279182434082,79913200
2010-01-19,MSFT,22.980585245695632,23.346779766363998,22.928271946375936,23.24215316772461,46575700
2010-01-20,MSFT,23.02542877676637,23.122583284610474,22.651760662909066,22.86101531982422,54849500
2010-01-21,MSFT,22.875951163919026,22.958157139345843,22.420075832520173,22.427549362182617,73086700
2010-01-22,MSFT,22.420088939353423,22.56955676912146,21.553178947732896,21.642858505249023,102004600
2010-01-25,MSFT,21.852110818945533,22.165992087173393,21.747484204679818,21.911897659301758,63373000
2010-01-26,MSFT,21.82221506529767,22.307983253561964,21.74000763674676,22.046415328979492,66639900
2010-01-27,MSFT,21.93431270583419,22.28556012582242,21.687691873623233,22.173460006713867,63949500
2010-01-28,MSFT,22.300510972120254,22.322931569918115,21.590541054924508,21.792322158813477,117513700
2010-01-29,MSFT,22.34535238353688,22.360299449833306,20.67131944496597,21.059934616088867,193888500
2010-02-01,MSFT,21.21687208825995,21.28413245340379,20.8656246233992,21.23181915283203,85931100
2010-02-02,MSFT,21.20193278213979,21.29908588001691,21.03004433907879,21.26919174194336,54413700
2010-02-03,MSFT,21.119719037315075,21.515807696228016,21.015092436082824,21.39623260498047,61397900
2010-02-04,MSFT,21.209402282257024,21.299083260015053,20.783420845125647,20.80584144592285,77850000
2010-02-05,MSFT,20.925413956591143,21.134668609312108,20.60405915704601,20.94036102294922,80960100
2010-02-08,MSFT,20.932886084559193,20.98519938787,20.604057773909048,20.716157913208008,52820600
2010-02-09,MSFT,20.902990088267252,21.179505070927746,20.738576660331308,20.932884216308594,59195800
2010-02-10,MSFT,20.947828541857948,21.104768417267092,20.80583430308518,20.91793441772461,48591300
2010-02-11,MSFT,20.873096689781253,21.224344129974128,20.70120973556541,21.015090942382812,65993700
2010-02-12,MSFT,20.783419309629394,20.970253359510284,20.61153232584234,20.87310028076172,81117200
2010-02-16,MSFT,21.120869017233538,21.30106966302251,21.038278606017645,21.286052703857422,51935600
2010-02-17,MSFT,21.42120954241734,21.511308462953753,21.293568211576993,21.466259002685547,45882900
2010-02-18,MSFT,21.466252765647383,21.796618719851327,21.406186358709945,21.751567840576172,42856500
2010-02-19,MSFT,21.616415424945686,21.714022780786703,21.541332072400987,21.601398468017578,44451800
2010-02-22,MSFT,21.653957190525823,21.729040545863025,21.51129895859473,21.571365356445312,36707100
2010-02-23,MSFT,21.533827210059666,21.646451541741516,21.09083693096111,21.27103614807129,52266200
2010-02-24,MSFT,21.41369217331543,21.616416808533014,21.30857490018635,21.49628257751465,43165900
2010-02-25,MSFT,21.22598838996256,21.51130348172133,21.038280678198678,21.47376251220703,48735300
2010-02-26,MSFT,21.5113006377767,21.661467360173187,21.406184791356758,21.526317596435547,40370600
2010-03-01,MSFT,21.601406265343563,21.81163800983976,21.421207013448388,21.789113998413086,43805400
2010-03-02,MSFT,21.83416045864124,21.999342725531726,21.203462447464982,21.36864471435547,93123900
2010-03-03,MSFT,21.406187115077955,21.48127048442678,21.2860542969583,21.36864471435547,48442100
2010-03-04,MSFT,21.368641299647567,21.511299535403936,21.225984495987127,21.49628257751465,42890600
2010-03-05,MSFT,21.518816945014542,21.533833909136117,21.338617671845196,21.466259002685547,56001800
2010-03-08,MSFT,21.41369217331543,21.721532649566164,21.39867521542614,21.49628257751465,39414500
2010-03-09,MSFT,21.44373640237865,21.856694377947992,21.436227919321386,21.62393569946289,50271600
2010-03-10,MSFT,21.668977426097264,21.85668512678876,21.62392654682211,21.751567840576172,44891400
2010-03-11,MSFT,21.69149912561616,21.916749201736526,21.661466641391016,21.90924072265625,35349700
2010-03-12,MSFT,22.014360962869507,22.059410414253648,21.804129235012688,21.97681999206543,31700200
2010-03-15,MSFT,21.909244695089512,22.05190295928863,21.781603391773718,21.991836547851562,37512000
2010-03-16,MSFT,22.089443740787633,22.14200167133427,21.92426146877018,22.051902770996094,36723500
2010-03-17,MSFT,22.149506815504665,22.427314819245094,22.074423455134607,22.247114181518555,50385700
2010-03-18,MSFT,22.247115060071252,22.314689943863282,22.149507690202785,22.232099533081055,43845200
2010-03-19,MSFT,22.344722349346192,22.44983819164166,22.036881869398652,22.21708106994629,81332100
2010-03-22,MSFT,22.149510742528882,22.299677489892996,22.066918888268994,22.224594116210938,37718200
2010-03-23,MSFT,22.217087577165195,22.449844767033408,22.081937779146113,22.43482780456543,42026600
2010-03-24,MSFT,22.314698218242338,22.412307056400593,22.22459929450795,22.26214027404785,33987700
2010-03-25,MSFT,22.39728467846765,22.95289934752982,22.37475923693002,22.532434463500977,73168700
2010-03-26,MSFT,22.592495486064013,22.675087319903476,22.217080142569557,22.269638061523438,55595500
2010-03-29,MSFT,22.307179954172135,22.389771791459115,22.187047153807043,22.21708106994629,33336000
2010-03-30,MSFT,22.24711090280823,22.419803035837333,22.14950355117941,22.35222816467285,34954800
2010-03-31,MSFT,22.2546262028286,22.314692614265667,21.901736214647855,21.991836547851562,63760000
2010-04-01,MSFT,22.036882407825207,22.179540648780296,21.488776313755622,21.894224166870117,74768100
2010-04-05,MSFT,21.87170269604078,22.096952817153962,21.796620754432627,21.97681999206543,34331200
2010-04-06,MSFT,21.88672102157955,22.20957854616743,21.759079707954022,22.014362335205078,47366800
2010-04-07,MSFT,21.89422984460853,22.19456193074312,21.879212882277717,22.036888122558594,58318800
2010-04-08,MSFT,22.014356475784748,22.50990463629372,21.99933951768546,22.464855194091797,63713800
2010-04-09,MSFT,22.48738689102578,22.832768430877167,22.449844485326924,22.780210494995117,54752500
2010-04-12,MSFT,22.71262648766275,22.892825666457178,22.682592575149126,22.76518440246582,37068800
2010-04-13,MSFT,22.63755614322457,22.900347300303107,22.622539178340865,22.86280632019043,41374600
2010-04-14,MSFT,23.11808001268739,23.275753786415073,23.02047121096413,23.14060401916504,68941200
2010-04-15,MSFT,23.14060586902937,23.238214678555497,23.058014019752818,23.17814826965332,52745400
2010-04-16,MSFT,23.118092619869046,23.26074951234387,22.975434295297397,23.027992248535156,88703100
2010-04-19,MSFT,23.103063386366458,23.46346181615962,23.09555490673376,23.305788040161133,64970300
2010-04-20,MSFT,23.440939450891587,23.606123160278095,23.373364557432787,23.546056747436523,52199500
2010-04-21,MSFT,23.523529052734375,23.65117034681053,23.448445685849087,23.523529052734375,55343100
2010-04-22,MSFT,23.305787195603003,23.6736940916966,23.20066991665054,23.56857681274414,84847600
2010-04-23,MSFT,23.36586181900198,23.711243398526392,23.012970325378806,23.2457275390625,126766600
2010-04-26,MSFT,23.275758892989835,23.48599206951346,23.170643020776197,23.35835075378418,63649300
2010-04-27,MSFT,23.238215084330015,23.46346376362232,23.08804834340436,23.163131713867188,68730900
2010-04-28,MSFT,23.215693677483415,23.275760097871483,22.99044495905226,23.20818519592285,64557900
2010-04-29,MSFT,23.22319700143388,23.598612403507897,23.02798082050386,23.275754928588867,52665200
2010-04-30,MSFT,23.328317448201155,23.3358259295723,22.915360997462784,22.930377960205078,63214800
2010-05-03,MSFT,23.027975097717643,23.320798580293733,22.96040022756997,23.17063331604004,43989500
2010-05-04,MSFT,22.91536074746093,22.93788475923225,22.33722057705749,22.622535705566406,82085600
2010-05-05,MSFT,22.352233701958664,22.592499333577123,22.29216729405405,22.41230010986328,66833800
2010-05-06,MSFT,22.21708238842741,22.434822564975033,20.95568647763999,21.759075164794922,128613000
2010-05-07,MSFT,21.72154179013504,21.736558754343562,20.51270338118287,21.18094253540039,173718100
2010-05-10,MSFT,21.781601887938017,22.13449185175469,21.55635178652847,21.72904396057129,86653300
2010-05-11,MSFT,21.533827088501493,22.262132432555873,21.451235244089528,21.683992385864258,63789400
2010-05-12,MSFT,21.759069330173475,22.209567953525863,21.71401989746693,22.10445213317871,47146800
2010-05-13,MSFT,21.96930734832908,22.322197276142422,21.909240947167323,21.95429039001465,45188800
2010-05-14,MSFT,21.92425938362865,21.931766431196028,21.503793115052275,21.721534729003906,63334000
2010-05-17,MSFT,21.864193734997794,21.946784149961456,21.36113703690809,21.72904396057129,46053300
2010-05-18,MSFT,21.774291373048037,21.872339156993263,21.419807714309428,21.57065200805664,52690600
2010-05-19,MSFT,21.510328512558832,21.638545813735185,20.959748929266908,21.29914665222168,61746700
2010-05-20,MSFT,20.854155962763176,20.997457981747306,20.394083331117237,20.44687843322754,87991100
2010-05-21,MSFT,20.0848460308443,20.446872148505598,19.94154549446486,20.24323272705078,117596300
2010-05-24,MSFT,20.25077852514733,20.258320887062027,19.805789242089208,19.813331604003906,73711700
2010-05-25,MSFT,19.34571690245278,19.858586048384794,19.1420774288812,19.66248893737793,98373600
2010-05-26,MSFT,19.78316273045962,20.069766737301748,18.52361702532133,18.86301612854004,176684100
2010-05-27,MSFT,19.406055944418767,19.881214754772373,19.406055944418767,19.609695434570312,136433600
2010-05-28,MSFT,19.489014582102683,19.700196371298087,19.353254963231226,19.458845138549805,67496900
2010-06-01,MSFT,19.255206077614474,19.84349580858598,19.247663717145844,19.526723861694336,76152400
2010-06-02,MSFT,19.654939688001036,19.9717116119338,19.406047564808016,19.956626892089844,65718800
2010-06-03,MSFT,20.024512848305662,20.3111168592098,19.91892265405598,20.25832176208496,67837000
2010-06-04,MSFT,19.68510897625749,20.039591258515156,19.323084334135867,19.45130157470703,89832200
2010-06-07,MSFT,19.47393094117045,19.481473302477287,19.036484055282223,19.074195861816406,80456200
2010-06-08,MSFT,19.04402285491268,19.051565214808917,18.591491331044725,18.938432693481445,87355000
2010-06-09,MSFT,19.0213934161506,19.247659869301565,18.666911176339337,18.697080612182617,87794000
2010-06-10,MSFT,18.95352614086834,18.968610868751856,18.689550595701,18.855478286743164,78930900
2010-06-11,MSFT,18.88564132848119,19.398508955308706,18.682001886891214,19.353256225585938,68057700
2010-06-14,MSFT,19.504107161460436,19.57952792361075,19.209960722550665,19.232587814331055,50972400
2010-06-15,MSFT,19.421138435263707,20.099935219075782,19.413596072953087,20.04714012145996,81641500
2010-06-16,MSFT,19.964172426175434,20.04713695994991,19.783160074942455,19.85103988647461,48698000
2010-06-17,MSFT,20.03205061027921,20.11501513731355,19.639857933749116,19.888750076293945,47995500
2010-06-18,MSFT,19.888752302887596,20.00942720741565,19.73790795294836,19.941547393798828,52075600
2010-06-21,MSFT,20.197983072293386,20.280946174767664,19.52672725936765,19.57198143005371,54625300
2010-06-22,MSFT,19.730363124912206,19.94908726112345,19.4286759013089,19.43621826171875,55985400
2010-06-23,MSFT,19.44376490673933,19.44376490673933,19.02140126206487,19.08928108215332,61466200
2010-06-24,MSFT,19.202418396711,19.398515543520187,18.802683177709696,18.855478286743164,85243400
2010-06-25,MSFT,18.893186539515472,18.938440718067987,18.33506461772915,18.500993728637695,156256700
2010-06-28,MSFT,18.485908313428123,18.5613305029791,18.191763356593793,18.335063934326172,73784800
2010-06-29,MSFT,18.19929239609661,18.25208890129543,17.429990593020698,17.580833435058594,119882100
2010-06-30,MSFT,17.57329690041927,17.859900840810983,17.30932147974026,17.35457420349121,81050500
2010-07-01,MSFT,17.414911596318763,17.588381568980953,17.143392377502707,17.46770668029785,92239400
2010-07-02,MSFT,17.618559999860466,17.709065493271883,17.384751025003393,17.55068016052246,62485100
2010-07-06,MSFT,17.874988692529122,18.16913360626939,17.784481790616056,17.96549415588379,73592000
2010-07-07,MSFT,17.96549187128782,18.342601277279783,17.807106611279142,18.327516555786133,79965300
2010-07-08,MSFT,18.553786316167994,18.56887104030695,18.078627575700146,18.410484313964844,50758100
2010-07-09,MSFT,18.350138577701436,18.41047600847887,18.214378998812748,18.304885864257812,53806100
2010-07-12,MSFT,18.425565724473348,18.772505685925285,18.418023363760277,18.727252960205078,49854200
2010-07-13,MSFT,18.96106409070153,19.081739008559033,18.780051713915277,18.953521728515625,61928700
2010-07-14,MSFT,19.232577244056724,19.315541763095148,18.94597476515004,19.18732452392578,72808100
2010-07-15,MSFT,19.232579480772003,19.300459288141738,18.840385357870918,19.240121841430664,56934700
2010-07-16,MSFT,19.24012498863568,19.338172816120032,18.764966259323415,18.77250862121582,65064800
2010-07-19,MSFT,18.82530077717531,19.08173528725245,18.787590412158526,19.028940200805664,38181800
2010-07-20,MSFT,18.749885690049272,19.217500686645508,18.629210759407748,19.217500686645508,45530700
2010-07-21,MSFT,19.30800286779543,19.34571323491134,18.84038654734338,18.94597816467285,73297300
2010-07-22,MSFT,19.240121528421167,19.602146202797986,19.209952086277344,19.489013671875,73016400
2010-07-23,MSFT,19.48901578645551,19.62477541371644,19.044026536459512,19.466388702392578,108520100
2010-07-26,MSFT,19.504097760841084,19.760532256520122,19.458843599091985,19.685110092163086,67249900
2010-07-27,MSFT,19.715282936235088,19.79070511911348,19.57952329476568,19.73036766052246,60672100
2010-07-28,MSFT,19.662486894309,19.752993797122706,19.481474527240007,19.57198143005371,69704800
2010-07-29,MSFT,19.70773157719872,19.918913305138705,19.30799663597803,19.63231086730957,69446200
2010-07-30,MSFT,19.42113597282505,19.48901578645551,19.119448711444285,19.466388702392578,83534800
2010-08-02,MSFT,19.602148910900304,19.896293819648797,19.421136548704432,19.858583450317383,55044600
2010-08-03,MSFT,19.760537109097214,19.873669664135555,19.587065656909367,19.73036766052246,56877700
2010-08-04,MSFT,19.72281974916033,19.790699550796354,19.1873251346518,19.406047821044922,78531900
2010-08-05,MSFT,19.225032636099076,19.29291242763664,19.013850902586885,19.1345272064209,64922100
2010-08-06,MSFT,18.991224576329373,19.277827011336168,18.87054971542569,19.27028465270996,55982100
2010-08-09,MSFT,19.270295672827086,19.406055328620152,19.13453745559266,19.315549850463867,57096500
2010-08-10,MSFT,19.10436313831278,19.111905499331346,18.764964085268673,18.908266067504883,87257700
2010-08-11,MSFT,18.614120222803844,18.780047840999863,18.523613333796256,18.749879837036133,76746900
2010-08-12,MSFT,18.41802058011535,18.614117613343005,18.372767861234507,18.470815658569336,70240500
2010-08-13,MSFT,18.365234187676144,18.606584053933393,18.282269631690713,18.402944564819336,45263500
2010-08-16,MSFT,18.372774747971267,18.56132949230247,18.327520573569632,18.478364944458008,40909700
2010-08-17,MSFT,18.736162185668945,18.925722716626655,18.652756535485363,18.736162185668945,52912600
2010-08-18,MSFT,18.713424686096868,18.91815050332113,18.508698868872603,18.819578170776367,46818900
2010-08-19,MSFT,18.66792264794872,18.75891089741667,18.357042031275473,18.53143882751465,54064600
2010-08-20,MSFT,18.432865044398195,18.501106949090627,18.349459396843475,18.37220573425293,49560100
2010-08-23,MSFT,18.531436719337904,18.683084266610113,18.37978772583371,18.410118103027344,51643000
2010-08-24,MSFT,18.266051401952858,18.463194511757486,18.19780950062695,18.228139877319336,66522500
2010-08-25,MSFT,18.197817059310072,18.364629861710025,18.099246186581137,18.27364158630371,47404800
2010-08-26,MSFT,18.266054628075526,18.34187913696654,18.0385825476347,18.061328887939453,49105300
2010-08-27,MSFT,18.10682426347615,18.21297916173718,17.826275441333884,18.144737243652344,60939400
2010-08-30,MSFT,18.00066350311044,18.061322800532135,17.894510094180408,17.92483901977539,45453100
2010-08-31,MSFT,17.89451651142177,17.993087362744106,17.68220817119303,17.795944213867188,66074600
2010-09-01,MSFT,17.94759293754914,18.159901274260164,17.849022087860014,18.12198829650879,65235900
2010-09-02,MSFT,18.106819575338584,18.159897733842495,17.97791836857868,18.152315139770508,48837100
2010-09-03,MSFT,18.379796361281098,18.539028023896098,18.349467416069892,18.417709350585938,64189100
2010-09-07,MSFT,18.273633430305807,18.425280970376278,18.13714963188004,18.167478561401367,51928700
2010-09-08,MSFT,18.250890695681058,18.34946299790685,18.000670811447435,18.144737243652344,65512400
2010-09-09,MSFT,18.341884332335606,18.357048081423194,18.190235271598734,18.205400466918945,46028900
2010-09-10,MSFT,18.18264869060489,18.220561670599697,18.038583705321546,18.084077835083008,58284300
2010-09-13,MSFT,18.34945904645208,19.17594303529426,18.266051954258025,19.039459228515625,114680400
2010-09-14,MSFT,18.986388138640898,19.221442849821187,18.872650635142676,18.978805541992188,87160400
2010-09-15,MSFT,19.03187956288984,19.122867817256257,18.89539573510799,19.04704475402832,56201900
2010-09-16,MSFT,19.001546413385913,19.236602503104034,18.99396381892094,19.20627212524414,44548300
2010-09-17,MSFT,19.259343726500113,19.357915982139712,19.016706552974387,19.122859954833984,70341600
2010-09-20,MSFT,19.168368421264198,19.350346423988,19.039467155222432,19.2821044921875,49838700
2010-09-21,MSFT,19.27452139865398,19.27452139865398,19.01671887320425,19.069795608520508,52675700
2010-09-22,MSFT,18.872646227115027,18.93330553990426,18.470778822223377,18.66033935546875,94299400
2010-09-23,MSFT,18.584516434651164,18.64517575260311,18.470780394270292,18.52385711669922,46201800
2010-09-24,MSFT,18.683085005280095,18.80440362638721,18.63759088392294,18.78923988342285,51948800
2010-09-27,MSFT,18.842319123130647,18.94847256925962,18.645175975868092,18.75132942199707,43603300
2010-09-28,MSFT,18.804407220677177,18.880231734920294,18.463199075931627,18.71341896057129,56041200
2010-09-29,MSFT,18.67550375149392,18.698251536921703,18.501108401910695,18.576932907104492,44318900
2010-09-30,MSFT,18.660337062711985,18.827149790828425,18.470776552757517,18.569347381591797,61262700
2010-10-01,MSFT,18.781662135993272,18.819573672536436,18.42528732906493,18.485946655273438,62672300
2010-10-04,MSFT,18.16747962565609,18.190227408803594,18.030997265467075,18.129568099975586,98143400
2010-10-05,MSFT,18.243303008472758,18.53901838639229,18.129566992149204,18.463193893432617,78152900
2010-10-06,MSFT,18.44045001217821,18.607264221220227,18.296383589705258,18.52385711669922,50489700
2010-10-07,MSFT,18.66792951160155,18.766500392472157,18.410126966268976,18.599687576293945,50096100
2010-10-08,MSFT,18.667925493791802,18.690671836510294,18.47836492456506,18.63001251220703,41327800
2010-10-11,MSFT,18.758906218373774,18.758906218373774,18.57692831859656,18.645170211791992,27587800
2010-10-12,MSFT,18.69066843578972,18.902976755338358,18.52385568586501,18.827152252197266,50141500
2010-10-13,MSFT,18.971220375791773,19.365506670726116,18.87264807894207,19.213857650756836,75336500
2010-10-14,MSFT,19.17594677768574,19.213858310864424,18.956055835798978,19.130451202392578,51949100
2010-10-15,MSFT,19.229017612202764,19.373082551136168,19.130445342162176,19.365501403808594,68954800
2010-10-18,MSFT,19.40341684641138,19.67638448478427,19.297263407591757,19.57781219482422,48330500
2010-10-19,MSFT,19.16078257659479,19.236607093104812,18.91814528074861,19.03188133239746,66150900
2010-10-20,MSFT,19.153199077609894,19.259352527981385,19.03188043540468,19.191110610961914,56283600
2010-10-21,MSFT,19.259351868012118,19.365506760978242,18.993966804945178,19.274517059326172,50032400
2010-10-22,MSFT,19.350345128554448,19.365510322657663,19.16078454096179,19.244190216064453,25837900
2010-10-25,MSFT,19.13803589646596,19.221443014082116,19.084959165703843,19.10012435913086,50912400
2010-10-26,MSFT,19.04704919545088,19.69155406056842,19.001553611426708,19.638477325439453,69304200
2010-10-27,MSFT,19.555076452178028,19.797713841663104,19.42617515823497,19.75221824645996,64805500
2010-10-28,MSFT,19.87352895887353,20.00243020104259,19.65363945531004,19.926607131958008,80730300
2010-10-29,MSFT,20.586268717282476,20.624181682639442,20.07824655135312,20.222312927246094,114193200
2010-11-01,MSFT,20.381555072178553,20.639357603833155,20.24507265503724,20.434633255004883,61912100
2010-11-02,MSFT,20.518033459094095,20.79100111298427,20.48770452323531,20.768253326416016,54402100
2010-11-03,MSFT,20.821327931102815,20.844075715357388,20.442206870919016,20.495285034179688,110255300
2010-11-04,MSFT,20.783422989054618,20.79858818336294,20.4801263340508,20.578697204589844,93599300
2010-11-05,MSFT,20.60143427105163,20.616599457465036,20.116159875676882,20.358797073364258,110953700
2010-11-08,MSFT,20.229908884264827,21.89046026184042,20.154084349692695,20.328479766845703,71670800
2010-11-09,MSFT,20.32847833558483,20.555951923285566,20.25265380635125,20.434633255004883,58538600
2010-11-10,MSFT,20.480118721564207,20.533195435682124,20.32846972731416,20.42704200744629,52277300
2010-11-11,MSFT,20.229896545410156,20.260225473000812,19.926600038344482,20.229896545410156,62073100
2010-11-12,MSFT,20.070676856023677,20.108589845744145,19.79012796325561,19.919029235839844,64962200
2010-11-15,MSFT,19.96450899645091,20.093410176185138,19.84319040919889,19.865938186645508,51794600
2010-11-16,MSFT,19.865945733560253,19.865945733560253,19.5684133092222,19.69047737121582,65339200
2010-11-17,MSFT,19.759142614967022,19.76677180228628,19.49212687926773,19.50738525390625,58299700
2010-11-18,MSFT,19.614187591839833,19.896461653617028,19.537898642008894,19.71336555480957,59514000
2010-11-19,MSFT,19.682838915793837,19.705726462308125,19.530259637718412,19.598920822143555,52423200
2010-11-22,MSFT,19.568408292267783,19.637069491425617,19.40819979764486,19.629440307617188,53350500
2010-11-23,MSFT,19.507380465831,19.53026802217104,19.141188295100388,19.16407585144043,69742500
2010-11-24,MSFT,19.225104146112596,19.423457108730016,19.194587410252648,19.35479736328125,56825900
2010-11-26,MSFT,19.23274122964358,19.385322072921554,19.202225934059243,19.26325798034668,21356500
2010-11-29,MSFT,19.217481297962305,19.392948221652542,19.019126814831303,19.30902862548828,56603600
2010-11-30,MSFT,19.11067166772925,19.431090182816465,19.072527195385817,19.27088165283203,75282100
2010-12-01,MSFT,19.507383232139,20.026156275132834,19.499754045610437,19.865947723388672,74123500
2010-12-02,MSFT,20.018526458470625,20.583073147746756,19.98801116843547,20.51441192626953,91759200
2010-12-03,MSFT,20.453378343432817,20.644103620856036,20.4304922414178,20.613588333129883,52622000
2010-12-06,MSFT,20.544924252975406,20.583068721095522,20.41523102420155,20.47626304626465,36264200
2010-12-07,MSFT,20.659357824770392,20.69750229051299,20.48389095416549,20.499149322509766,57860500
2010-12-08,MSFT,20.468643457559274,20.781432899161814,20.445755892886332,20.7738037109375,41666800
2010-12-09,MSFT,20.811937838561853,20.857711486806338,20.605954238784612,20.65935707092285,47148300
2010-12-10,MSFT,20.74328073591568,20.9034892639753,20.682248707828446,20.857715606689453,37625800
2010-12-13,MSFT,20.804313241757256,20.941635671886615,20.728022841116683,20.78905487060547,47943900
2010-12-14,MSFT,20.8348324989565,21.17050945266623,20.79668801892708,21.071332931518555,64070500
2010-12-15,MSFT,21.002671309103945,21.35360517516645,21.002671309103945,21.24679946899414,69634200
2010-12-16,MSFT,21.178132661545376,21.353599548339844,21.101842267903102,21.353599548339844,57680200
2010-12-17,MSFT,21.30019527363087,21.429888497545566,21.17050204971617,21.284936904907227,87456500
2010-12-20,MSFT,21.323092881879994,21.353608178599007,21.11710917233109,21.216285705566406,52811000
2010-12-21,MSFT,21.246796978121477,21.468037551415303,21.178135759312045,21.414634704589844,38153000
2010-12-22,MSFT,21.368866871245494,21.66639793048023,21.345979307027882,21.506189346313477,42252300
2010-12-23,MSFT,21.33834581428374,21.605361522481,21.33071662775027,21.590103149414062,24902500
2010-12-27,MSFT,21.452780634549775,21.51381266736722,21.269683080978993,21.414634704589844,21652800
2010-12-28,MSFT,21.338341597299326,21.490922387577893,21.330712412273574,21.368858337402344,23042200
2010-12-29,MSFT,21.315456565520083,21.45277899262877,21.269681453071634,21.338342666625977,19502500
2010-12-30,MSFT,21.300202322080295,21.361234362052844,21.193396615907986,21.24679946899414,20786100
2010-12-31,MSFT,21.208654325073333,21.300203116003765,21.078961053407774,21.292573928833008,24752000
2011-01-03,MSFT,21.399371080177815,21.498549018612188,21.30019459686153,21.34596824645996,53443800
2011-01-04,MSFT,21.31545102312842,21.490917876534684,21.246789827427193,21.429885864257812,54405600
2011-01-05,MSFT,21.2849366479434,21.36885621979218,21.1857601626733,21.36122703552246,58998700
2011-01-06,MSFT,21.39174686886867,22.009696332977395,21.25442444237377,21.98680877685547,88026300
2011-01-07,MSFT,21.849477371004856,21.92576773827366,21.55194653928601,21.81896209716797,73762000
2011-01-10,MSFT,21.559582824824485,21.66638850111976,21.391745125629306,21.52906608581543,57573600
2011-01-11,MSFT,21.513813504195006,21.55195798052021,21.3993771649824,21.445152282714844,50298900
2011-01-12,MSFT,21.452789699780503,21.811352862209983,21.414643753701373,21.78083610534668,52631100
2011-01-13,MSFT,21.612995069091312,21.658768742407695,21.368866871245494,21.506189346313477,67077600
2011-01-14,MSFT,21.422265411033365,21.651135186563277,21.29257215020147,21.590103149414062,62688400
2011-01-18,MSFT,21.483297405887395,21.925780038127687,21.468039032850495,21.864748001098633,53322700
2011-01-19,MSFT,21.712166040932914,21.880005225289047,21.567215870048848,21.71979522705078,50005900
2011-01-20,MSFT,21.742679263016644,21.780823732307976,21.46040524285879,21.628244400024414,58613600
2011-01-21,MSFT,21.666395289808843,21.68928285123695,21.376493453979492,21.376493453979492,58080300
2011-01-24,MSFT,21.376498592794302,21.788464611704345,21.35361102586413,21.651142120361328,52047800
2011-01-25,MSFT,21.46803982721816,21.704540252685547,21.452782908735262,21.704540252685547,42436600
2011-01-26,MSFT,21.750307580488215,22.11649970950677,21.74267839591056,21.95629119873047,74628800
2011-01-27,MSFT,21.933405076374875,22.4750641206738,21.73505062976564,22.024953842163086,146938600
2011-01-28,MSFT,22.047843483995216,22.070731042898448,20.94163766247194,21.170507431030273,141249400
2011-01-31,MSFT,21.185761566371315,21.284938058212518,20.918745919712094,21.155244827270508,65029000
2011-02-01,MSFT,21.208647945931347,21.40700238735397,21.06369779864108,21.353599548339844,62810700
2011-02-02,MSFT,21.307829111701427,21.445151549969676,21.26968318156111,21.315458297729492,45824000
2011-02-03,MSFT,21.33833772709328,21.33833772709328,21.01029156119424,21.094209671020508,60340100
2011-02-04,MSFT,21.132357662431595,21.23916333366216,20.987406069248586,21.185760498046875,40412200
2011-02-07,MSFT,21.20864763402041,21.62061488055904,21.201019904374768,21.513809204101562,68980900
2011-02-08,MSFT,21.437527610521173,21.620623754649955,21.39938167104509,21.57485008239746,34904200
2011-02-09,MSFT,21.50618183536696,21.559584678105153,21.29256900929586,21.338342666625977,52905100
2011-02-10,MSFT,21.30782983930866,21.315459025597242,20.81957355778749,20.979782104492188,76672400
2011-02-11,MSFT,21.178134604265868,21.21627907702697,20.65173244047611,20.78905487060547,83939700
2011-02-14,MSFT,20.758545334488872,20.804320463834756,20.560192261132176,20.7738037109375,56766200
2011-02-15,MSFT,20.750774873914256,20.97332309612675,20.68170783095063,20.689380645751953,44116500
2011-02-16,MSFT,20.75844732053026,20.773795877298603,20.41311357555615,20.73542594909668,70817900
2011-02-17,MSFT,20.697062484123183,21.004027882181646,20.651018259902212,20.881240844726562,57207300
2011-02-18,MSFT,20.819841306116984,20.881234073075493,20.712404329869347,20.766122817993164,68667800
2011-02-22,MSFT,20.551245818283938,20.7968168497062,20.35171898932365,20.405437469482422,60889000
2011-02-23,MSFT,20.359393267020447,20.612638576139503,20.282651953771293,20.405437469482422,60234100
2011-02-24,MSFT,20.443811122332928,20.76612352578048,20.336374142423438,20.543575286865234,64494200
2011-02-25,MSFT,20.651014545708357,20.68171166548096,20.33637638663531,20.374746322631836,53006300
2011-02-28,MSFT,20.482183631559877,20.612643455852073,20.344049527754123,20.397768020629883,51379900
2011-03-01,MSFT,20.41311761641289,20.5512517272343,20.067782339359372,20.075456619262695,60055000
2011-03-02,MSFT,20.037089539158195,20.236616453923624,19.983371035898163,20.014066696166992,48658200
2011-03-03,MSFT,20.15218814470291,20.25962508361184,20.09079539908088,20.106143951416016,68271500
2011-03-04,MSFT,20.121498691672976,20.136847249844738,19.79918628866132,19.91429901123047,70437200
2011-03-07,MSFT,20.05243108389324,20.159869524377562,19.6073331553697,19.73779296875,64980400
2011-03-08,MSFT,19.776163264190096,19.96801583416388,19.684073386566343,19.88360023498535,50549800
2011-03-09,MSFT,19.80685903631591,19.93731884325083,19.691747786366033,19.86825180053711,39789100
2011-03-10,MSFT,19.661050092631616,19.730115664448004,19.453848986026035,19.499893188476562,66549500
2011-03-11,MSFT,19.499896861567205,19.83755782515166,19.46152692958403,19.70709800720215,49905800
2011-03-14,MSFT,19.56127916078953,19.76848019552004,19.453842237767027,19.71476173400879,54473400
2011-03-15,MSFT,19.246651767007034,19.545941338966475,19.185258996766148,19.484548568725586,76067300
2011-03-16,MSFT,19.354080621933015,19.400126278067752,18.93967996274979,19.02409553527832,100725400
2011-03-17,MSFT,19.23130001472466,19.354085534815123,18.99340325251425,19.01642608642578,62497000
2011-03-18,MSFT,19.231297516332383,19.323387376296004,19.031770706176758,19.031770706176758,85486700
2011-03-21,MSFT,19.323390114554638,19.630353918401166,19.300367280371567,19.438501358032227,46878100
2011-03-22,MSFT,19.41547966003418,19.538265188758146,19.361761174182316,19.41547966003418,30895600
2011-03-23,MSFT,19.361758844681656,19.653375538104573,19.32338892046649,19.59965705871582,43969000
2011-03-24,MSFT,19.645704505309205,19.852905643218673,19.568963180485067,19.806859970092773,38696700
2011-03-25,MSFT,19.898951419546684,19.914299978463923,19.638031772830196,19.661054611206055,57029800
2011-03-28,MSFT,19.691745739692365,19.737789942142893,19.476870355391895,19.499893188476562,48973200
2011-03-29,MSFT,19.4461775786417,19.584311670101066,19.41548046333116,19.561288833618164,40763500
2011-03-30,MSFT,19.64571278761248,19.737801245249177,19.56897143043547,19.65338706970215,41999300
2011-03-31,MSFT,19.645705505432353,19.707098275673243,19.446178636219695,19.484548568725586,63233700
2011-04-01,MSFT,19.591988877290433,19.591988877290433,19.42315764528578,19.553617477416992,63114200
2011-04-04,MSFT,19.530586672308132,19.691742082816848,19.499889567229218,19.60732650756836,35433700
2011-04-05,MSFT,19.814535833596455,20.090804039570042,19.75314306157112,19.78384017944336,73651100
2011-04-06,MSFT,19.937317833340423,20.190563155889777,19.845229423532775,20.067777633666992,65581400
2011-04-07,MSFT,20.098469675248445,20.15218814470291,19.929638526998968,20.106143951416016,46134700
2011-04-08,MSFT,20.083130953441348,20.16754656888684,19.921974002474432,20.006389617919922,39887600
2011-04-11,MSFT,20.098483413514764,20.144527638275072,19.79919229327398,19.937326431274414,34286300
2011-04-12,MSFT,19.822207594888663,19.83755615187493,19.60733218823778,19.67639923095703,36920400
2011-04-13,MSFT,19.68407070751143,19.85290188289011,19.615003674623562,19.66872215270996,38144700
2011-04-14,MSFT,19.507572174072266,19.52292073316622,19.254326803898657,19.507572174072266,55239900
2011-04-15,MSFT,19.53826188706209,19.615003195476092,19.323387979965354,19.469196319580078,65080400
2011-04-18,MSFT,19.261997344566847,19.400131422161397,18.97038063326305,19.24664878845215,58045100
2011-04-19,MSFT,19.185263695313225,19.31572354699013,19.085500968134156,19.30037498474121,38892400
2011-04-20,MSFT,19.599661986792057,19.95267006223095,19.576639148242897,19.768491744995117,61608600
2011-04-21,MSFT,19.791511656760143,19.86825151313736,19.46152500494994,19.58431053161621,46892300
2011-04-25,MSFT,19.61501565925382,19.661061351791812,19.446185844440116,19.65338706970215,33525100
2011-04-26,MSFT,19.753144934400563,20.290332838343318,19.699426436750144,20.098480224609375,69200000
2011-04-27,MSFT,20.182887105729083,20.251954138880176,20.052427316856882,20.244279861450195,52689000
2011-04-28,MSFT,20.30567172530782,20.62031123124255,20.25962752646903,20.49752426147461,80200000
2011-04-29,MSFT,20.37473935245745,20.44380638459883,19.461522307421397,19.891271591186523,319317900
2011-05-02,MSFT,19.90662499888056,19.952669210293738,19.553615474795283,19.691749572753906,89825600
2011-05-03,MSFT,19.645704505309205,19.83755708551004,19.56128890163075,19.806859970092773,71892900
2011-05-04,MSFT,19.83755518299621,20.144518989134482,19.79151097800519,19.99871063232422,73292300
2011-05-05,MSFT,19.991034990889705,20.014057823674584,19.70709403847013,19.7915096282959,55600000
2011-05-06,MSFT,20.006382612319626,20.121493843433846,19.760811595617625,19.852901458740234,55993000
2011-05-09,MSFT,19.79919128352116,19.921976852432966,19.699428557675112,19.822214126586914,38696400
2011-05-10,MSFT,19.476875028263095,19.837558847863715,19.377112321732188,19.699424743652344,120798700
2011-05-11,MSFT,19.684078968570706,19.6917532491922,19.34641793982174,19.461530685424805,78600000
2011-05-12,MSFT,19.453847110650393,19.48454275475204,19.261994577929418,19.430824279785156,77400000
2011-05-13,MSFT,19.400138919823696,19.430834580197317,19.14689350093371,19.20828628540039,66812300
2011-05-16,MSFT,19.154563802440318,19.238979418889485,18.801555704051527,18.855274200439453,91350900
2011-05-17,MSFT,18.84754735443685,19.079280381651458,18.74713074062982,18.94024085998535,82882100
2011-05-18,MSFT,18.947961940922163,19.11017370402181,18.73167811680961,19.071552276611328,53931100
2011-05-19,MSFT,19.19514655906394,19.21831883094953,18.924792091663228,19.094728469848633,37783600
2011-05-20,MSFT,19.09472367470285,19.210590898287037,18.87844133374665,18.917062759399414,45451500
2011-05-23,MSFT,18.70078630809773,18.731684639435745,18.56174823701724,18.669889450073242,52692500
2011-05-24,MSFT,18.69306092828055,18.76258069203429,18.569470564565748,18.654438018798828,47691800
2011-05-25,MSFT,18.669884090718934,18.77802527273206,18.662159510101837,18.685333251953125,34904200
2011-05-26,MSFT,18.80892585124005,19.33418560970006,18.785752106609188,19.056106567382812,78016600
2011-05-27,MSFT,19.063834236006404,19.233770637544687,19.040660487622926,19.125629425048828,50251000
2011-05-31,MSFT,19.280110314074047,19.357354643276977,19.079277120784685,19.31873321533203,60196300
2011-06-01,MSFT,19.30328808830059,19.38825701550959,18.82437579913594,18.8707218170166,74033500
2011-06-02,MSFT,18.917070674276005,19.040661056050435,18.677614493752237,18.708511352539062,51487800
2011-06-03,MSFT,18.577188717460878,18.646708462669398,18.41497696084964,18.46904754638672,60697700
2011-06-06,MSFT,18.453607358281154,18.731686474308585,18.36091530181446,18.546300888061523,54778700
2011-06-07,MSFT,18.60809081269094,18.669885990602992,18.461326712657335,18.584917068481445,41112600
2011-06-08,MSFT,18.461323512019575,18.554016999474026,18.43042666507676,18.49222183227539,42205000
2011-06-09,MSFT,18.546292349025734,18.56946608912965,18.399528274993585,18.50766944885254,42878700
2011-06-10,MSFT,18.554015572805852,18.554015572805852,18.299110343547714,18.314558029174805,49327200
2011-06-13,MSFT,18.376357448493213,18.685333307530513,18.30683769604568,18.569467544555664,47572500
2011-06-14,MSFT,18.77030654342628,18.88617381548918,18.685339076777336,18.708511352539062,42894500
2011-06-15,MSFT,18.538572752054236,18.5462973341652,18.283667435646027,18.337738037109375,49410200
2011-06-16,MSFT,18.345462183157604,18.615816657361545,18.268217837197426,18.538572311401367,57184100
2011-06-17,MSFT,18.708502546091495,18.770297707890556,18.523117060694318,18.73940086364746,83320400
2011-06-20,MSFT,18.669891159221752,19.048386912880947,18.662166575680097,18.901622772216797,54338400
2011-06-21,MSFT,18.94024385792156,19.202873779680235,18.847550337701165,19.125629425048828,49708700
2011-06-22,MSFT,19.00203941674378,19.164251238644212,18.994314833798967,19.040660858154297,44287300
2011-06-23,MSFT,18.87845057361477,19.040662408724874,18.693064987783078,19.02521324157715,59470400
2011-06-24,MSFT,18.932515074917692,18.955688818160038,18.68533437358544,18.770301818847656,101387200
2011-06-27,MSFT,18.716229866556784,19.66633117085627,18.716229866556784,19.465497970581055,92044200
2011-06-28,MSFT,19.54274248858843,20.02165620832081,19.43460129874795,19.92896270751953,81032100
2011-06-29,MSFT,19.859440991335642,19.859440991335642,19.58908804340173,19.7899227142334,66051000
2011-06-30,MSFT,19.882625078787058,20.083459854125977,19.82082987662999,20.083459854125977,52535400
2011-07-01,MSFT,20.02938198722738,20.214767526602532,19.959862225797536,20.098901748657227,52906200
2011-07-05,MSFT,20.160691371825052,20.199312796057676,20.006202728268764,20.10662078857422,37805300
2011-07-06,MSFT,20.060278879159295,20.369256252027146,20.05255429750627,20.33835792541504,48744200
2011-07-07,MSFT,20.461944551417727,20.76319581434804,20.361527954878635,20.6782283782959,51946500
2011-07-08,MSFT,20.50056740370707,20.840440093730557,20.477393663031954,20.79409408569336,58320700
2011-07-11,MSFT,20.562362418658356,20.70140044173177,20.461944349795697,20.570085525512695,43999800
2011-07-12,MSFT,20.50829531331047,20.693682335499783,20.346083510536538,20.500572204589844,47319300
2011-07-13,MSFT,20.546913258323634,20.824990777783487,20.47739351013042,20.570085525512695,40861800
2011-07-14,MSFT,20.562360366436987,20.863611596332614,20.361525722068947,20.44649314880371,46382300
2011-07-15,MSFT,20.446497455816083,20.801820816334708,20.446497455816083,20.685955047607422,49132400
2011-07-18,MSFT,20.57008714214304,20.778646403113644,20.284285020054263,20.5391902923584,44501900
2011-07-19,MSFT,20.709125760727186,21.350251204360926,20.685953492711423,21.273008346557617,86730600
2011-07-20,MSFT,21.07217669328515,21.126247290817577,20.84044366674338,20.902238845825195,49795400
2011-07-21,MSFT,20.886788069844457,21.09534584760865,20.58553532718406,20.933134078979492,81737400
2011-07-22,MSFT,20.747748485839633,21.280731272035684,20.6087089856796,21.265283584594727,76380600
2011-07-25,MSFT,21.05672709135261,21.69785261345752,21.00265649494704,21.558813095092773,108482400
2011-07-26,MSFT,21.489293627531865,21.744198923555352,21.458396774872217,21.690128326416016,74636500
2011-07-27,MSFT,21.53564149489291,21.62061042531111,21.010383168009074,21.11079978942871,71488700
2011-07-28,MSFT,21.07990019019013,21.68240278690837,21.018103540974714,21.41204833984375,83761400
2011-07-29,MSFT,21.257564732007356,21.404327378776113,21.056730008029977,21.164871215820312,104394800
2011-08-01,MSFT,21.249838671163058,21.388878199113687,20.662783704990037,21.064453125,61838400
2011-08-02,MSFT,20.84044793597557,21.20349597660191,20.67051152701688,20.70140838623047,63883100
2011-08-03,MSFT,20.724574336981046,20.85588925418063,20.454219922356838,20.79409408569336,64581200
2011-08-04,MSFT,20.492847491550474,20.755477385774142,20.029382885666745,20.037107467651367,92949500
2011-08-05,MSFT,20.06027439593525,20.16069246166909,19.48866874117783,19.836267471313477,112071700
2011-08-08,MSFT,19.32646036121522,19.77447576209163,18.83982205395355,18.90934181213379,134257200
2011-08-09,MSFT,19.087007298081456,19.789929628228354,18.561748906219908,19.759031295776367,126268900
2011-08-10,MSFT,19.27239223892179,19.380533444052418,18.615817479242796,18.69306182861328,127819900
2011-08-11,MSFT,18.924794509501343,19.604541582401,18.847550155616187,19.457778930664062,90690100
2011-08-12,MSFT,19.411434073039963,19.573647385580625,19.04066289196661,19.388261795043945,64787100
2011-08-15,MSFT,19.496394892448308,19.759024737870547,19.42687514081812,19.704954147338867,56529400
2011-08-16,MSFT,19.603902271687286,19.89150974552782,19.471758537643602,19.704954147338867,54251500
2011-08-17,MSFT,19.62722396850586,19.97701667188056,19.378483149489284,19.62722396850586,50923700
2011-08-18,MSFT,19.098652082970712,19.50285672070646,18.67890225348549,19.17638397216797,105714200
2011-08-19,MSFT,18.974286566288878,19.137523724131157,18.58562850228032,18.6944522857666,77397900
2011-08-22,MSFT,18.98205893799666,19.03647082696651,18.492350454655206,18.640039443969727,54721000
2011-08-23,MSFT,18.67889565340444,19.238562389167186,18.67889565340444,19.215242385864258,59670600
2011-08-24,MSFT,19.160834619693237,19.378483582502227,18.982052337356706,19.35516357421875,45329700
2011-08-25,MSFT,19.49508512939182,19.557270349796077,19.044241910807813,19.09865379333496,48192000
2011-08-26,MSFT,19.052010453876978,19.6971825091808,18.982051913202035,19.62722396850586,71957000
2011-08-29,MSFT,19.844870859868912,20.101384988093706,19.720500463312167,20.085838317871094,38863200
2011-08-30,MSFT,20.000332553231047,20.544454134862747,19.97701403116331,20.38899040222168,57341400
2011-08-31,MSFT,20.435633917331113,20.7621051431821,20.412313908650777,20.67660140991211,59300800
2011-09-01,MSFT,20.567774452322844,20.87870194474631,20.373445510864258,20.373445510864258,60510800
2011-09-02,MSFT,20.039199533047633,20.21020845546895,19.94592099551924,20.054744720458984,43894400
2011-09-06,MSFT,19.588359141985517,19.891511835568917,19.518400599987466,19.829326629638672,54929300
2011-09-07,MSFT,19.9692470865147,20.210214614868164,19.87596852055811,20.210214614868164,41961000
2011-09-08,MSFT,20.210212811956442,20.72324117242019,20.171347611132244,20.381221771240234,65811900
2011-09-09,MSFT,20.21021234777798,20.350129439711342,19.82155441801302,20.00811004638672,64529200
2011-09-12,MSFT,19.774911287652397,20.155795792425092,19.642767562926196,20.12470245361328,55046100
2011-09-13,MSFT,20.14802964518133,20.357905309194553,20.062524415558347,20.241308212280273,48792300
2011-09-14,MSFT,20.342351394074253,20.832059619864253,20.124702470049808,20.598865509033203,66739200
2011-09-15,MSFT,20.777656873056145,21.010852568784042,20.451184085127213,20.979759216308594,67808300
2011-09-16,MSFT,21.026395279120738,21.19740573231348,20.855386308540474,21.080808639526367,89681500
2011-09-19,MSFT,20.832066950511376,21.228498264514943,20.676604649455335,21.150766372680664,52324900
2011-09-20,MSFT,21.228491355627657,21.376181753785183,20.93311204192465,20.97197723388672,49211900
2011-09-21,MSFT,21.026394708815516,21.034168045805483,20.18689358786089,20.20244026184082,72750700
2011-09-22,MSFT,19.666089769158777,19.93815060428879,19.12196958151102,19.479534149169922,96278300
2011-09-23,MSFT,19.35516373584402,19.549492691992278,19.191928124333373,19.479534149169922,64768100
2011-09-26,MSFT,19.580586732139533,19.837100904062222,19.22302066916748,19.77491569519043,51057600
2011-09-27,MSFT,19.945923868458497,20.14802616003672,19.78268825753701,19.953697204589844,55620700
2011-09-28,MSFT,20.155800316658524,20.497819707299186,19.82932759891342,19.883739471435547,60736200
2011-09-29,MSFT,20.194666522184402,20.34235695682404,19.502855852608434,19.782690048217773,63407300
2011-09-30,MSFT,19.58836011072251,19.821554273840402,19.3396177920878,19.34739112854004,54060500
2011-10-03,MSFT,19.21525492072811,19.697191591757832,19.059792578463586,19.06756591796875,64592500
2011-10-04,MSFT,18.88878173572364,19.736056452619007,18.857689860873666,19.69719123840332,83485400
2011-10-05,MSFT,19.75936461824649,20.334578042757013,19.557262363805712,20.12470245361328,94061300
2011-10-06,MSFT,20.13247749850726,20.52113537099818,19.977015239078167,20.474496841430664,55111400
2011-10-07,MSFT,20.47450338834952,20.60664716655516,20.3656796236905,20.404544830322266,52741600
2011-10-10,MSFT,20.66105329696706,20.964205975614153,20.575548087046215,20.940887451171875,41815300
2011-10-11,MSFT,20.87870220579983,21.041937807012193,20.76987698904607,20.987525939941406,38826200
2011-10-12,MSFT,21.127444682857256,21.228495089298615,20.90979571479825,20.95643424987793,52489800
2011-10-13,MSFT,20.800974379725297,21.142993802659372,20.69215062440592,21.1274471282959,43823500
2011-10-14,MSFT,21.22850245680244,21.376192932192815,21.003081556839795,21.197410583496094,50947700
2011-10-17,MSFT,21.073029105167354,21.313996557078653,20.870926845218122,20.97197723388672,39453300
2011-10-18,MSFT,20.94088485780806,21.298449359355164,20.832059654309898,21.228490829467773,52487900
2011-10-19,MSFT,21.275134369584983,21.352864764486178,20.995300203581476,21.088577270507812,42880000
2011-10-20,MSFT,21.189634244908284,21.251819465330836,20.521142013406386,21.018625259399414,76300200
2011-10-21,MSFT,21.10412127251483,21.13521461263129,20.832060476944058,21.111894607543945,76620600
2011-10-24,MSFT,21.034165779257762,21.29845327798841,21.018620589565344,21.135217666625977,56897800
2011-10-25,MSFT,21.04972137459198,21.166318501078425,20.769887084934183,20.839845657348633,53554600
2011-10-26,MSFT,21.010846420975994,21.03416494589689,20.2879424961839,20.668827056884766,63029900
2011-10-27,MSFT,21.088571907532423,21.298447478662187,20.715460769487425,21.18185043334961,74512400
2011-10-28,MSFT,21.096347627299778,21.135214301873884,20.82428831834123,20.97197723388672,57712100
2011-10-31,MSFT,20.800968712819685,20.987524306519745,20.692144987147664,20.69991683959961,46799000
2011-11-01,MSFT,20.357904036415263,20.458954452059945,20.101389846196138,20.20244026184082,61182600
2011-11-02,MSFT,20.287945611275706,20.365677499042462,19.977019542821136,20.217987060546875,53533100
2011-11-03,MSFT,20.396770048986212,20.668830923992513,20.194667727056178,20.6221923828125,65836100
2011-11-04,MSFT,20.505595257132413,20.521141932830158,20.210215831938243,20.404544830322266,36549200
2011-11-07,MSFT,20.373449081448523,20.847612256143655,20.311263868587886,20.83206558227539,42589700
2011-11-08,MSFT,20.995297547331344,21.142987947660405,20.746556756847916,21.111894607543945,47822500
2011-11-09,MSFT,20.66882960208298,20.793200025683685,20.256851647272896,20.365676879882812,62950900
2011-11-10,MSFT,20.575553040436947,20.598873053105507,20.303493639033135,20.42786407470703,32514400
2011-11-11,MSFT,20.661059702159964,21.049717711216857,20.653286364065305,20.917573928833008,37903000
2011-11-14,MSFT,20.89425288688337,20.987531456818758,20.715470567337483,20.800975799560547,34199200
2011-11-15,MSFT,20.800971533517313,21.098576637414507,20.675664593068987,20.94194221496582,43874200
2011-11-16,MSFT,20.73048458140917,20.76181206097444,20.393723138741162,20.417217254638672,53262800
2011-11-17,MSFT,20.370225108971017,20.39372071585356,19.923819034636534,20.00213623046875,70977500
2011-11-18,MSFT,19.95514530789946,19.97080904604973,19.696699603525165,19.81417465209961,47626200
2011-11-21,MSFT,19.767187851752677,19.77501972198486,19.500910238964423,19.579227447509766,61882500
2011-11-22,MSFT,19.49308012612624,19.547901728917456,19.305119704937802,19.414764404296875,49204500
2011-11-23,MSFT,19.27379302612892,19.414763710426215,19.164148330688477,19.164148330688477,49099700
2011-11-25,MSFT,19.093661232451534,19.320780979325463,19.031007766723633,19.031007766723633,26164600
2011-11-28,MSFT,19.53223476705121,19.555728880419466,19.33644252217557,19.477413177490234,46766700
2011-11-29,MSFT,19.43826043565963,19.610558625698776,19.383438827475096,19.45392417907715,40917100
2011-11-30,MSFT,19.86900343007543,20.04130011777971,19.688873377274692,20.03346824645996,81350900
2011-12-01,MSFT,20.017803639551197,20.07262524264578,19.735863753096663,19.79851722717285,48545400
2011-12-02,MSFT,20.041295257661236,20.064790865922667,19.70453234146247,19.751522064208984,52293800
2011-12-05,MSFT,20.190100598601756,20.205762845845797,19.970812705642974,20.1274471282959,56818400
2011-12-06,MSFT,20.21358823740383,20.260579445403803,20.056955358732157,20.096113204956055,46175300
2011-12-07,MSFT,20.103951084701343,20.174436424002668,19.845505338521995,20.049129486083984,62667000
2011-12-08,MSFT,19.955151494606707,20.143111929354564,19.86900389562441,19.892498016357422,60522200
2011-12-09,MSFT,19.98647644666358,20.260585939417915,19.970812705642974,20.1274471282959,53788500
2011-12-12,MSFT,19.90032431070273,20.025631232083455,19.80634486655535,19.978641510009766,38945900
2011-12-13,MSFT,20.16660088559914,20.440710322605256,20.088283690200786,20.1744327545166,54581100
2011-12-14,MSFT,20.143111158036547,20.252755861106852,20.025636077539573,20.04129981994629,47926400
2011-12-15,MSFT,20.143113976066765,20.268420945297592,20.00214475601476,20.017807006835938,46213900
2011-12-16,MSFT,20.103952384691674,20.495536964452885,20.072624901297996,20.362398147583008,101408100
2011-12-19,MSFT,20.378065054903693,20.456382281777426,19.93948918192154,19.994312286376953,52258300
2011-12-20,MSFT,20.252750267214516,20.440710642849584,20.2135909220137,20.385889053344727,60767600
2011-12-21,MSFT,20.37022499612436,20.511195649086147,19.92381892426287,20.1744327545166,64132500
2011-12-22,MSFT,20.2214205827845,20.25274805552405,19.955143039602774,20.21358871459961,35794100
2011-12-23,MSFT,20.29190811863905,20.393720922384887,20.150937463468676,20.385889053344727,23205800
2011-12-27,MSFT,20.331069478395268,20.472040157891556,20.30757536099691,20.39372444152832,21287200
2011-12-28,MSFT,20.448547695894526,20.479873686220493,20.174438185103188,20.22142791748047,29822500
2011-12-29,MSFT,20.323243498428166,20.40155923173391,20.252758143431503,20.37806510925293,22616900
2011-12-30,MSFT,20.362399338864154,20.45638030076682,20.291913990881334,20.331071853637695,27395700
2012-01-03,MSFT,20.793138779298694,21.114237987272723,20.667831844175975,20.965436935424805,64731500
2012-01-04,MSFT,21.00459752935603,21.51365720634395,20.973271538381862,21.45883560180664,80516100
2012-01-05,MSFT,21.44316238686693,21.71727178224175,21.372678564867265,21.67811393737793,56081400
2012-01-06,MSFT,21.56064317242195,22.077534594470055,21.56064317242195,22.014881134033203,99455500
2012-01-09,MSFT,21.967889157050024,22.007048502076145,21.709443454982715,21.725107192993164,59706800
2012-01-10,MSFT,21.873906336888147,22.046202947053388,21.732935704127478,21.803421020507812,60014400
2012-01-11,MSFT,21.482329588579773,21.913072014848456,21.435339858788563,21.709447860717773,65582400
2012-01-12,MSFT,21.826926301455124,21.944401382916112,21.654628121120755,21.92873764038086,49370800
2012-01-13,MSFT,21.873911219904,22.12452507019043,21.764268033847777,22.12452507019043,60196100
2012-01-17,MSFT,22.242001745063913,22.437794016576404,22.061873213778775,22.13235855102539,72395300
2012-01-18,MSFT,22.171521125728738,22.24200647797404,21.905243460308004,22.108867645263672,64860600
2012-01-19,MSFT,22.054044420614215,22.27333233306248,21.9522330824848,22.02271842956543,74053500
2012-01-20,MSFT,22.570937533279206,23.29145330262434,22.516115924814383,23.26795768737793,165902900
2012-01-23,MSFT,23.142642550835028,23.455911335004544,22.986009652526537,23.283613204956055,76078100
2012-01-24,MSFT,23.079991250370078,23.158308453733873,22.852873003769115,22.978179931640625,51703300
2012-01-25,MSFT,22.766727555950332,23.22096561525925,22.766727555950332,23.150480270385742,59231700
2012-01-26,MSFT,23.189643746270537,23.260129103670142,23.025177414412486,23.10349464416504,49102800
2012-01-27,MSFT,23.06432693932018,23.12698039764535,22.845039088293937,22.89202880859375,44187700
2012-01-30,MSFT,22.688408884890336,23.197470008276177,22.578765686020304,23.189638137817383,51114800
2012-01-31,MSFT,23.228798797966117,23.260126283579716,22.892035796503603,23.12698745727539,50572400
2012-02-01,MSFT,23.330612189131227,23.53423487537138,23.307116574360396,23.40892791748047,67409900
2012-02-02,MSFT,23.416758003433134,23.628214038915814,23.267955442118286,23.455917358398438,52223300
2012-02-03,MSFT,23.604715782119822,23.808339923802773,23.565557925316998,23.683032989501953,41838500
2012-02-06,MSFT,23.526397865640195,23.667367033196722,23.471574779962474,23.651704788208008,28039700
2012-02-07,MSFT,23.612547789525216,23.878825399906784,23.534230581687726,23.769182205200195,39242400
2012-02-08,MSFT,23.69869745266533,24.019796668328407,23.66736997124623,24.011964797973633,49659100
2012-02-09,MSFT,24.027626772089132,24.121606221883663,23.870992364063017,24.098112106323242,50481600
2012-02-10,MSFT,23.996304743799197,24.121611701173336,23.77701831528283,23.886661529541016,44605300
2012-02-13,MSFT,23.988466248586676,24.098110926346717,23.831833342006593,23.949308395385742,33319800
2012-02-14,MSFT,23.90989630556512,24.01237789018624,23.53150068042636,23.846830368041992,59644000
2012-02-15,MSFT,23.9098889512041,23.957188013895248,23.67339213413826,23.689157485961914,43311300
2012-02-16,MSFT,23.89413115690332,24.871654010340503,23.886247726196892,24.666690826416016,94705100
2012-02-17,MSFT,24.59573146081902,24.69032958364114,24.39865028406121,24.635147094726562,70036500
2012-02-21,MSFT,24.579968453860957,24.918948371530067,24.556318167647895,24.78493309020996,50829900
2012-02-22,MSFT,24.79281959558649,24.974133968222446,24.57997150408664,24.650920867919922,49253200
2012-02-23,MSFT,24.595738197218225,24.90318443601005,24.438072611185742,24.729753494262695,35034700
2012-02-24,MSFT,24.81646728515625,24.832234143891885,24.627269491159847,24.81646728515625,35575400
2012-02-27,MSFT,24.627273025930467,24.832237708081237,24.51690800616106,24.7139892578125,34568400
2012-02-28,MSFT,24.761284490053377,25.171213790664474,24.737634202229913,25.12391471862793,45230600
2012-02-29,MSFT,25.139677481594457,25.22639369106276,24.91894749910821,25.02142906188965,59323600
2012-03-01,MSFT,25.17121769898994,25.533846480259335,25.10815175861219,25.455015182495117,77344100
2012-03-02,MSFT,25.470777400798458,25.573257467768105,25.226395610720154,25.28946304321289,47314200
2012-03-05,MSFT,25.234278815840955,25.265812533686447,24.926834088509963,25.0687313079834,45240000
2012-03-06,MSFT,24.8637722245057,25.21063415589523,24.82435507074961,24.87953758239746,51932900
2012-03-07,MSFT,24.966248309594942,25.16332952406803,24.855883310645325,25.100263595581055,34340400
2012-03-08,MSFT,25.257927607055677,25.39194138114617,25.147561111319025,25.234275817871094,36747400
2012-03-09,MSFT,25.305224377906658,25.352524947572906,25.163327179738506,25.218509674072266,34628400
2012-03-12,MSFT,25.202748652244175,25.384064537387786,25.084500207923067,25.257932662963867,34073600
2012-03-13,MSFT,25.415596871365704,25.77034068136702,25.344647507921252,25.754573822021484,48951700
2012-03-14,MSFT,25.64420336891325,25.920118838044942,25.61267266413787,25.833402633666992,41986900
2012-03-15,MSFT,25.849179167124905,25.967426120547735,25.683631628000093,25.89647674560547,49068300
2012-03-16,MSFT,25.943770286294736,25.9753040015331,25.620557223153014,25.69938850402832,65626400
2012-03-19,MSFT,25.65209239364486,25.70727489483222,25.344646170680775,25.384061813354492,44789200
2012-03-20,MSFT,25.305224377906658,25.344643022905398,25.021428477960157,25.218509674072266,41566800
2012-03-21,MSFT,25.194862649103765,25.344646302149943,25.084497646156553,25.155447006225586,37928600
2012-03-22,MSFT,25.076608722007904,25.29734018314548,25.060843370477414,25.226390838623047,31749500
2012-03-23,MSFT,25.305225170983853,25.31311010311888,25.005662405093503,25.234275817871094,35912200
2012-03-26,MSFT,25.376174308260786,25.70727228904436,25.344643601650347,25.691505432128906,36758300
2012-03-27,MSFT,25.738812744060194,25.77822839306184,25.5417314918307,25.636329650878906,36274900
2012-03-28,MSFT,25.636333195883605,25.77823195768837,25.257937500144788,25.376184463500977,41344800
2012-03-29,MSFT,25.273705375856487,25.37618548009296,25.076622584868357,25.321002960205078,37038500
2012-03-30,MSFT,25.541732089344524,25.54961401644074,25.2579345983396,25.431364059448242,31749400
2012-04-02,MSFT,25.399832672615915,25.589028990138534,25.18698455998703,25.455015182495117,35853600
2012-04-03,MSFT,25.352523307284702,25.376172086977572,24.95836094056248,25.179092407226562,42752100
2012-04-04,MSFT,24.95836541694548,24.982015704490223,24.477486762141613,24.603618621826172,49455900
2012-04-05,MSFT,24.556324372248064,24.934720025603838,24.477491568562943,24.848005294799805,50368600
2012-04-09,MSFT,24.61150297745178,24.75340170084096,24.41442175132469,24.516904830932617,31056400
2012-04-10,MSFT,24.485375570495762,24.58785866876038,23.886248353567144,24.020263671875,54131300
2012-04-11,MSFT,23.988725106703455,24.06755789137598,23.83105953735841,23.9256591796875,43014000
2012-04-12,MSFT,24.028145470899393,24.46960855040811,23.98084639224153,24.42230796813965,38304000
2012-04-13,MSFT,24.35135978097781,24.564207900691116,24.217344465263206,24.288293838500977,39749200
2012-04-16,MSFT,24.430187421542865,24.587852996216927,24.25675649228968,24.501136779785156,38124800
2012-04-17,MSFT,24.650917808889854,24.918948371530067,24.59573531133633,24.78493309020996,34361500
2012-04-18,MSFT,24.658809375717517,24.682458166125045,24.46961153440336,24.548442840576172,40552900
2012-04-19,MSFT,24.540551507533078,24.974131069931087,24.390770871143314,24.445953369140625,54781200
2012-04-20,MSFT,25.34464623010892,25.92800496037767,25.26581193735586,25.557491302490234,106045000
2012-04-23,MSFT,25.470786663233724,25.620567359040578,25.250053576460402,25.321002960205078,61398200
2012-04-24,MSFT,25.391935811361144,25.63631753119279,25.092373111180624,25.16332244873047,40871100
2012-04-25,MSFT,25.163330304994663,25.478659957215573,25.123914662320946,25.384061813354492,62495500
2012-04-26,MSFT,25.32099990832454,25.407716145474307,25.163335799592176,25.31311798095703,40308100
2012-04-27,MSFT,25.320991592400492,25.39982587629198,25.131793821891588,25.21062660217285,41419100
2012-04-30,MSFT,25.210628987927052,25.313112063074033,25.163329916726333,25.242162704467773,35697200
2012-05-01,MSFT,25.26580953197021,25.494424448358046,25.186978253942915,25.234275817871094,43832300
2012-05-02,MSFT,25.108148455290262,25.17121438737082,24.94259944382228,25.0687313079834,37385300
2012-05-03,MSFT,25.131797166424178,25.147564025300724,24.918950586032484,25.037199020385742,31501300
2012-05-04,MSFT,24.79282167785627,24.887419835171997,24.375008889481784,24.42230796813965,57927200
2012-05-07,MSFT,24.20157993591589,24.327711825187798,24.099096836125764,24.16216278076172,48641400
2012-05-08,MSFT,24.02814793255043,24.26464635728988,23.783767580236002,24.043914794921875,46328300
2012-05-09,MSFT,23.799537189527207,24.304064814759595,23.728587804277534,24.248882293701172,50309300
2012-05-10,MSFT,24.327708175073433,24.453840045420588,24.004495069357528,24.233108520507812,43839200
2012-05-11,MSFT,24.193692986770703,24.86376949084555,24.193692986770703,24.564205169677734,43459300
2012-05-14,MSFT,24.29617893480609,24.46961141621447,24.154280178603152,24.185813903808594,40528900
2012-05-15,MSFT,24.31276757173233,24.439727074967745,23.92395390388928,23.9715633392334,61822800
2012-05-16,MSFT,24.0509122081119,24.058847365853104,23.598618811199376,23.72557830810547,60083700
2012-05-17,MSFT,23.796993130918,23.97156206018306,23.574813255372536,23.582748413085938,48484000
2012-05-18,MSFT,23.63829664766216,23.654165451042676,23.14632741942492,23.225677490234375,56205300
2012-05-21,MSFT,23.090780884642452,23.63829466242083,23.059040253593693,23.60655403137207,38787900
2012-05-22,MSFT,23.558945915069877,23.709709380548425,23.408180936114654,23.614490509033203,39504900
2012-05-23,MSFT,23.28915983356756,23.32883411664507,22.7257756303102,23.09872055053711,65171000
2012-05-24,MSFT,23.138393370394756,23.24948256676827,22.820994585415587,23.066978454589844,52575000
2012-05-25,MSFT,23.170138430038016,23.297097968272983,23.019373410830084,23.05904769897461,29507200
2012-05-29,MSFT,23.312967333134203,23.58275673670665,23.186007791862128,23.45579719543457,37758800
2012-05-30,MSFT,23.289156547961905,23.392310577496723,23.106652449989788,23.281221389770508,41585500
2012-05-31,MSFT,23.249480826449844,23.344701211554355,22.963822698089665,23.16219711303711,39134000
2012-06-01,MSFT,22.8209864517913,22.979685030980754,22.567067514307176,22.575002670288086,56634300
2012-06-04,MSFT,22.70990401846751,22.836863524796993,22.471853808992204,22.65435791015625,47926300
2012-06-05,MSFT,22.622615814208984,22.813055048650103,22.527395440250178,22.622615814208984,45715400
2012-06-06,MSFT,22.91621673229975,23.305032002010364,22.860672126191663,23.289161682128906,46860500
2012-06-07,MSFT,23.51926543376175,23.566876373501323,23.14632215332664,23.193931579589844,37792800
2012-06-08,MSFT,23.17806325224514,23.55100807811062,23.051103762347765,23.527202606201172,42551100
2012-06-11,MSFT,23.59069008180012,23.654169847551078,22.868607178829123,22.932086944580078,46361900
2012-06-12,MSFT,23.090783550275056,23.249482183409476,22.884473965071223,23.241548538208008,35337900
2012-06-13,MSFT,23.185998872794887,23.360569309999,23.051104222899223,23.11458396911621,32984600
2012-06-14,MSFT,23.27328623157911,23.376440261113927,22.9162116803496,23.281221389770508,39458900
2012-06-15,MSFT,23.47959653577105,23.868410218405266,23.40024646486113,23.82080078125,62314400
2012-06-18,MSFT,23.7969990693777,23.82873970815207,23.574819138387998,23.677974700927734,58679900
2012-06-19,MSFT,23.955698036829286,24.685716043841076,23.84460732015829,24.360382080078125,75725800
2012-06-20,MSFT,24.54288101196289,24.638099876423023,24.312765981477202,24.54288101196289,36257100
2012-06-21,MSFT,24.566685331787006,24.709515144049398,23.852537783951632,23.916017532348633,48456600
2012-06-22,MSFT,24.04298176213457,24.384186044490075,23.828738515042616,24.360382080078125,45098100
2012-06-25,MSFT,24.04298310718053,24.058853426660924,23.503405866139847,23.701780319213867,42217200
2012-06-26,MSFT,23.804930464372674,24.01917520178644,23.757321027217408,23.82080078125,38421300
2012-06-27,MSFT,23.955691557586277,24.201675375332638,23.82873207013806,23.939821243286133,33781700
2012-06-28,MSFT,23.789059379567508,23.844603973368418,23.34470111568357,23.7335147857666,45328400
2012-06-29,MSFT,24.16200308762499,24.3524423344392,23.91601773619794,24.27309226989746,55227200
2012-07-02,MSFT,24.29689568704436,24.29689568704436,23.971560298608875,24.249284744262695,30589100
2012-07-03,MSFT,23.9874370494087,24.407991409301758,23.939827607328485,24.407991409301758,20938100
2012-07-05,MSFT,24.27309684129596,24.423861840971462,24.106461523027903,24.360382080078125,28801900
2012-07-06,MSFT,24.288963268270706,24.360378177018102,23.765254946440887,23.9556941986084,38294800
2012-07-09,MSFT,23.90014628818305,23.9874299873872,23.63035700669437,23.8049259185791,30680800
2012-07-10,MSFT,23.86841263609212,23.97950183853246,23.41611915361146,23.598623275756836,37534100
2012-07-11,MSFT,23.57481899392807,23.598624472862973,23.0987215230456,23.24948501586914,39184900
2012-07-12,MSFT,23.130451625022676,23.15425709467113,22.646419183314972,22.717832565307617,63523600
2012-07-13,MSFT,22.821002612432245,23.392320626349072,22.78926196603154,23.320905685424805,39085000
2012-07-16,MSFT,23.39231384601374,23.43198964251447,23.043175917668613,23.36057472229004,27900600
2012-07-17,MSFT,23.51927258049058,23.6938430522958,23.170134663833796,23.53514289855957,33771300
2012-07-18,MSFT,23.48753671614093,24.162010192871094,23.37644598772376,24.162010192871094,41090400
2012-07-19,MSFT,24.209615043339408,24.439728589661534,24.10645949464448,24.33657455444336,46663200
2012-07-20,MSFT,24.598429540346093,24.638103821310764,23.844606094202828,23.9001522064209,64021700
2012-07-23,MSFT,23.463725595245002,23.471660753472754,23.019367328827578,23.233612060546875,55151900
2012-07-24,MSFT,23.201873749506884,23.297094144292192,22.93208439667148,23.13045883178711,47723300
2012-07-25,MSFT,23.2018693058525,23.273284209894793,22.836861141615493,22.876535415649414,45579500
2012-07-26,MSFT,23.19393035265329,23.408175029718922,23.082841192756867,23.138385772705078,45301400
2012-07-27,MSFT,23.392310619703224,23.68590541940796,23.15426192743849,23.614490509033203,44242600
2012-07-30,MSFT,23.606549426070803,23.662094006093586,23.376434436289223,23.519264221191406,28905000
2012-07-31,MSFT,23.392311684445804,23.57481579105421,23.273287332895833,23.384376525878906,37620900
2012-08-01,MSFT,23.4795951055489,23.52720453980411,23.178065157153767,23.33676528930664,31721800
2012-08-02,MSFT,23.178065915990633,23.43198643844377,22.987626659258286,23.16219711303711,39520500
2012-08-03,MSFT,23.431985101033664,23.7573190019005,23.392309312222714,23.60655403137207,35859400
2012-08-06,MSFT,23.80492734052687,23.89221255842129,23.65416237693011,23.7652530670166,27471800
2012-08-07,MSFT,23.860475022349675,24.082654917851833,23.70177639425675,24.011240005493164,28002900
2012-08-08,MSFT,23.97155972054139,24.177869260524087,23.892211178105022,24.06678009033203,26257600
2012-08-09,MSFT,24.11439780160006,24.32070741244853,24.042982878095707,24.201683044433594,24920800
2012-08-10,MSFT,24.201678604733726,24.296898989764053,24.003304189940824,24.138198852539062,27810300
2012-08-13,MSFT,24.08265030540662,24.169934004423812,23.93188535113849,24.114389419555664,23049100
2012-08-14,MSFT,24.202263254595856,24.27415128894345,23.970625217756297,24.06647491455078,34551400
2012-08-15,MSFT,24.050495100903326,24.186283407750953,23.978607084130868,24.12238311767578,24351000
2012-08-16,MSFT,24.250182144813547,24.713459599065445,24.17030640645915,24.58565902709961,35787200
2012-08-17,MSFT,24.697484470525282,24.697484470525282,24.43389559695172,24.681509017944336,32589900
2012-08-20,MSFT,24.617605493871896,24.641568669592118,24.42590465861852,24.5537052154541,23737700
2012-08-21,MSFT,24.569683690508896,24.72943364446749,24.449870844164202,24.601633071899414,28822700
2012-08-22,MSFT,24.433901885684318,24.569690220565175,24.33805066903172,24.393964767456055,33437400
2012-08-23,MSFT,24.274152218238203,24.282139947194118,24.026538714618948,24.17031478881836,28355600
2012-08-24,MSFT,24.162317774398723,24.465843740562274,24.106405216697773,24.409931182861328,22943300
2012-08-27,MSFT,24.70547575993634,24.729437418760593,24.433899120904456,24.513774871826172,34691100
2012-08-28,MSFT,24.52176492748434,24.60163916248647,24.377988866875107,24.465850830078125,23947900
2012-08-29,MSFT,24.481826782226562,24.56170254234952,24.31408905712142,24.481826782226562,23346800
2012-08-30,MSFT,24.38597232435621,24.44987261526907,24.138357364003657,24.218233108520508,23982100
2012-08-31,MSFT,24.441879826608332,24.729430314413584,24.266152920363286,24.617605209350586,36590100
2012-09-04,MSFT,24.322067663847246,24.489805326044824,24.08244047334706,24.274141311645508,48556700
2012-09-05,MSFT,24.13835302741292,24.38596794328006,24.130365302045963,24.274141311645508,33650000
2012-09-06,MSFT,24.362005518351946,25.048934686062466,24.330054615898955,25.04094696044922,48371700
2012-09-07,MSFT,24.793340740848535,24.81730240112493,24.54572574563472,24.721452713012695,42649100
2012-09-10,MSFT,24.625590801468963,24.681503349157406,24.3699897128917,24.53772735595703,40524000
2012-09-11,MSFT,24.513771264007843,24.68949667137061,24.449870977375653,24.593647003173828,25191800
2012-09-12,MSFT,24.713459599065445,24.905160457014198,24.545720396170918,24.58565902709961,32775800
2012-09-13,MSFT,24.67351657637549,24.905156024022286,24.28212720395758,24.713455200195312,45047300
2012-09-14,MSFT,24.769365385886633,24.961066191416403,24.60961395286054,24.929115295410156,51422800
2012-09-17,MSFT,24.913141370909607,24.969053915417966,24.79332855789132,24.929115295410156,36488500
2012-09-18,MSFT,24.841262519255938,24.929124468598598,24.785349954173387,24.905162811279297,34542700
2012-09-19,MSFT,24.833270023942635,24.913145754510243,24.79333292041025,24.801319122314453,48871900
2012-09-20,MSFT,24.72144764048122,25.144786469202536,24.689496735330852,25.120824813842773,45543000
2012-09-21,MSFT,25.104847821290154,25.248623838641308,24.833271238183062,24.91314697265625,102348900
2012-09-24,MSFT,24.761384432676884,24.817296992474063,24.47383238400226,24.58565902709961,46825900
2012-09-25,MSFT,24.72144479117805,24.76138189451,24.250179659047475,24.274141311645508,54266400
2012-09-26,MSFT,24.186276913983814,24.44187800565824,23.994576095228,24.098413467407227,54672000
2012-09-27,MSFT,24.098418939745443,24.282132075666706,23.874767171991497,24.090431213378906,47129900
2012-09-28,MSFT,24.1064023516883,24.170302627681064,23.754950071976705,23.770925521850586,54229300
2012-10-01,MSFT,23.81086657300839,23.946654872456733,23.4993528663046,23.555265426635742,54042700
2012-10-02,MSFT,23.707026934165874,23.87476459927888,23.56325092206738,23.691051483154297,43338900
2012-10-03,MSFT,23.762939916603003,23.954640761681304,23.69903963491024,23.85080337524414,46655900
2012-10-04,MSFT,23.938668792939605,23.986595153808594,23.61916733799524,23.986595153808594,43634900
2012-10-05,MSFT,24.146337489887394,24.162312938462545,23.75494814081195,23.842811584472656,41133900
2012-10-08,MSFT,23.675080541168832,23.89873232741786,23.603192521428188,23.786907196044922,29752000
2012-10-09,MSFT,23.707026961558135,23.75495179114539,23.30764982682435,23.38752555847168,45121100
2012-10-10,MSFT,23.283697514537653,23.41149813540447,23.123947500205915,23.14790916442871,47227100
2012-10-11,MSFT,23.339603960339605,23.363567141766666,23.060041127873145,23.12394142150879,41488500
2012-10-12,MSFT,23.139916599451748,23.419480970488937,23.004128277719587,23.323631286621094,46464700
2012-10-15,MSFT,23.459416255751613,23.73897906333303,23.36356506207867,23.57124137878418,42440200
2012-10-16,MSFT,23.523316045090663,23.75495401267725,23.4194771271874,23.555265426635742,47739400
2012-10-17,MSFT,23.40349432494146,23.675070838551235,23.235756696624996,23.635133743286133,44206100
2012-10-18,MSFT,23.683068167951483,23.74696846039457,23.371554432729344,23.563255310058594,59238500
2012-10-19,MSFT,23.203814790547924,23.227777971091612,22.764500478435505,22.876325607299805,90470800
2012-10-22,MSFT,22.948216066521905,23.028091819994447,22.22933733227559,22.36512565612793,83374000
2012-10-23,MSFT,22.18140767413848,22.52487227305394,22.17341994817499,22.405057907104492,64414800
2012-10-24,MSFT,22.49292605791572,22.524876968429954,22.2612880507006,22.285249710083008,53320400
2012-10-25,MSFT,22.5168810241583,22.524868748872056,22.25329220261524,22.26926612854004,54084300
2012-10-26,MSFT,22.25329699457796,22.636698722382576,22.23732154171034,22.532859802246094,57790000
2012-10-31,MSFT,22.804435863995497,23.068024736022835,22.764498756280418,22.796449661254883,69464100
2012-11-01,MSFT,23.036076139801565,23.611178737418946,23.020100686769766,23.5792293548584,72047900
2012-11-02,MSFT,23.63514332949496,23.77891936836768,23.42746699817915,23.563255310058594,57131600
2012-11-05,MSFT,23.659107073297424,23.754956752490628,23.427467555491344,23.66709327697754,38070800
2012-11-06,MSFT,23.818852472646313,24.12237995331412,23.651114804516386,23.85080337524414,43401500
2012-11-07,MSFT,23.587221437864166,23.82684718358714,23.203818111802732,23.227781295776367,57871800
2012-11-08,MSFT,23.259728529224308,23.45941712691389,23.004125844439038,23.012113571166992,49841800
2012-11-09,MSFT,23.06802663431698,23.315641597736604,23.012114069513558,23.02808952331543,43291200
2012-11-12,MSFT,23.115953855912036,23.17186642279607,22.53286195847077,22.540849685668945,61112300
2012-11-13,MSFT,21.75969852738161,21.985186644417677,21.542262240791743,21.816070556640625,131689200
2012-11-14,MSFT,21.936861533612888,21.97712835412106,21.58252119325166,21.614734649658203,76086100
2012-11-15,MSFT,21.646947470452027,21.719426214359366,21.445617967603237,21.469778060913086,50955600
2012-11-16,MSFT,21.47783208142231,21.501992175470164,21.212077190984914,21.35703468322754,64083300
2012-11-19,MSFT,21.582514114561594,21.582514114561594,21.31675933045917,21.526142120361328,57179300
2012-11-20,MSFT,21.550307099650638,21.582519016786662,21.308710809031528,21.510040283203125,47070400
2012-11-21,MSFT,21.510038107508812,21.88048510124607,21.477826193630957,21.70331573486328,66360300
2012-11-23,MSFT,21.928809646215452,22.363682120855557,21.904651088305833,22.307310104370117,57845700
2012-11-26,MSFT,22.178454240321933,22.210666155465685,21.880485961127288,22.057655334472656,85198700
2012-11-27,MSFT,22.03349389986951,22.04959908732368,21.775792468342424,21.80800437927246,45018600
2012-11-28,MSFT,21.751631536225624,22.05765159024368,21.558355470105543,22.033493041992188,53018400
2012-11-29,MSFT,21.83216646241837,22.033495916225927,21.630837008610815,21.70331573486328,69551400
2012-11-30,MSFT,21.783848345509444,21.848273715373317,21.332870756462356,21.437562942504883,83690200
2012-12-03,MSFT,21.566411250516197,21.598623163805094,21.26038962615174,21.284549713134766,53173800
2012-12-04,MSFT,21.340915737072326,21.445606345970823,21.212065047956617,21.236225128173828,49777500
2012-12-05,MSFT,21.24427472583993,21.687200267275596,21.147637487141353,21.47781753540039,68283800
2012-12-06,MSFT,21.590567476021867,21.727471548803216,21.42950485488134,21.526142120361328,39182300
2012-12-07,MSFT,21.598623089631452,21.598623089631452,21.2362310022614,21.30870819091797,46162100
2012-12-10,MSFT,21.3892450322968,21.71942527988103,21.357033111958458,21.695266723632812,47031100
2012-12-11,MSFT,21.783853120713125,22.138193500649788,21.783853120713125,22.00128936767578,52282800
2012-12-12,MSFT,22.170402056160306,22.24288078911425,21.80800839139058,21.936859130859375,43966300
2012-12-13,MSFT,22.00128267728234,22.16234685628146,21.703315942962373,21.83216667175293,45080100
2012-12-14,MSFT,21.832170576232283,21.84827576819498,21.50199033265411,21.590574264526367,42077500
2012-12-17,MSFT,21.574465744657726,21.92075112678336,21.485880290427833,21.824113845825195,42046100
2012-12-18,MSFT,21.94491288447938,22.25093301215638,21.8563274235104,22.194561004638672,50486900
2012-12-19,MSFT,22.29925053964866,22.331462453246044,21.944910273946533,21.993228912353516,53519900
2012-12-20,MSFT,22.03349348904931,22.291194915771484,21.86437596774934,22.291194915771484,52607300
2012-12-21,MSFT,22.105976104736328,22.138188020744924,21.74358244950251,22.105976104736328,98776500
2012-12-24,MSFT,21.9046500129209,21.944915298141648,21.74358579999356,21.79190444946289,20842400
2012-12-26,MSFT,21.767730976441598,21.90463500280995,21.501976282434924,21.630826950073242,31631100
2012-12-27,MSFT,21.65499845928967,21.816062658308503,21.39729696967717,21.71137046813965,39394000
2012-12-28,MSFT,21.510040085718558,21.66305091477033,21.381189346313477,21.381189346313477,28239900
2012-12-31,MSFT,21.413402995773072,21.558360462940144,21.23623361146998,21.510040283203125,42749500
2013-01-02,MSFT,21.944917230256404,22.33146953208896,21.864385116702376,22.24288558959961,52899300
2013-01-03,MSFT,22.250932071527515,22.26703879757226,21.87243322560771,21.94491195678711,48294400
2013-01-04,MSFT,21.961023602705485,22.017395620469028,21.52615111820568,21.534204483032227,52521100
2013-01-07,MSFT,21.558361913324674,21.6469458434249,21.45366971953974,21.49393653869629,37110400
2013-01-08,MSFT,21.542253538580816,21.57446699144307,21.308710613395373,21.381189346313477,44703100
2013-01-09,MSFT,21.518096464638912,21.54225655767158,21.389245707175736,21.501991271972656,49047900
2013-01-10,MSFT,21.46171900257473,21.72747381438816,21.171805639883043,21.30870819091797,71431300
2013-01-11,MSFT,21.332873581543502,21.68721393073055,21.163757539263298,21.60668182373047,55512100
2013-01-14,MSFT,21.6630483268531,21.80800577537236,21.550304327347803,21.65499496459961,48324400
2013-01-15,MSFT,21.606678627621047,21.977125650615175,21.606678627621047,21.91269874572754,48244500
2013-01-16,MSFT,21.86438081532102,21.92880618628537,21.751636800138908,21.77579689025879,41077400
2013-01-17,MSFT,21.896593314674824,22.12208133521346,21.79190113140594,21.94491195678711,51685900
2013-01-18,MSFT,21.824114583495422,21.977125408876596,21.775795941383134,21.94491195678711,52167700
2013-01-22,MSFT,21.985181091988828,22.105980022490098,21.743586303030703,21.864383697509766,58650600
2013-01-23,MSFT,21.904650593490913,22.258989413687132,21.904650593490913,22.234830856323242,50387700
2013-01-24,MSFT,22.307306236213783,22.60527299626053,22.122081953565772,22.250932693481445,101739300
2013-01-25,MSFT,22.210666230597333,22.734122525634607,22.057655409086717,22.452260971069336,81847700
2013-01-28,MSFT,22.556953449428786,22.734122825711996,22.355623984370716,22.476421356201172,56056500
2013-01-29,MSFT,22.403936923544627,22.65358496658892,22.226767592355376,22.556947708129883,49242600
2013-01-30,MSFT,22.5569513084632,22.70190875531006,22.355621862514074,22.4281005859375,43580500
2013-01-31,MSFT,22.379784302908114,22.524740228979706,22.065709289698162,22.105976104736328,50530000
2013-02-01,MSFT,22.283147969257694,22.589168117584705,22.186509138404787,22.492530822753906,55565900
2013-02-04,MSFT,22.444214090919214,22.565011487778648,22.08182036431867,22.09792709350586,50540000
2013-02-05,MSFT,22.2428828807725,22.275094800657826,22.033500025440432,22.146244049072266,35410400
2013-02-06,MSFT,22.049608852075092,22.178461160923053,21.944918175162694,22.017396926879883,41889600
2013-02-07,MSFT,22.025446260056132,22.05765817935441,21.8241167723701,21.969074249267578,38028300
2013-02-08,MSFT,22.025441728614595,22.31535508674164,21.993228279921716,22.186504364013672,33318500
2013-02-11,MSFT,22.26704156149331,22.484477782021024,22.146244173207517,22.436159133911133,32247700
2013-02-12,MSFT,22.452260971069336,22.548899788871278,22.347570326470642,22.452260971069336,35990900
2013-02-13,MSFT,22.492532694335743,22.637490184665825,22.452265871453925,22.57306480407715,41715600
2013-02-14,MSFT,22.48447309585831,22.597217096624256,22.44420782016242,22.581111907958984,32663200
2013-02-15,MSFT,22.581107790755407,22.67774504921444,22.452255552774144,22.556947708129883,49650900
2013-02-19,MSFT,22.638152224408955,22.808669963405777,22.573193454490937,22.77618980407715,38781400
2013-02-20,MSFT,22.841150256621837,22.897990539634158,22.597555238669297,22.630035400390625,44110200
2013-02-21,MSFT,22.52447808421865,22.52447808421865,22.110365284176172,22.321481704711914,49078500
2013-02-22,MSFT,22.475759299373337,22.54071807861328,22.313361576903745,22.54071807861328,31425900
2013-02-25,MSFT,22.711236831531167,22.776195618030854,22.22404670715332,22.22404670715332,48011800
2013-02-26,MSFT,22.2321652003186,22.41080302474747,22.199686581438574,22.22404670715332,49923300
2013-02-27,MSFT,22.264642149446335,22.735593670675026,22.191563331605725,22.581315994262695,36394700
2013-02-28,MSFT,22.63815327672174,22.711232089868915,22.524475811265834,22.57319450378418,35840200
2013-03-01,MSFT,22.508230467065257,22.719346816925437,22.345834347069008,22.694988250732422,34849700
2013-03-04,MSFT,22.61379444157797,22.857389450073242,22.491996937330335,22.857389450073242,38157500
2013-03-05,MSFT,22.971070046755177,23.174066417410533,22.865511066720327,23.01978874206543,41432200
2013-03-06,MSFT,22.90610550930006,22.92234558766366,22.556953116917317,22.80866813659668,51448500
2013-03-07,MSFT,22.824918916111418,22.962956549440857,22.743720034963538,22.84927749633789,29196700
2013-03-08,MSFT,22.938592093331476,23.003550876247964,22.70311553729698,22.735595703125,37667800
2013-03-11,MSFT,22.686874134663594,22.711232707215235,22.467637689262695,22.630035400390625,36627500
2013-03-12,MSFT,22.605674999340604,22.694993894229523,22.443277290222444,22.662513732910156,39255200
2013-03-13,MSFT,22.63003085608303,22.751828340601303,22.532591939224986,22.670629501342773,29093400
2013-03-14,MSFT,22.735599991974766,22.865517582315434,22.678761239793204,22.84927749633789,55914800
2013-03-15,MSFT,22.75995399484136,22.86551142780373,22.719353790825505,22.76807403564453,92710300
2013-03-18,MSFT,22.638153743606853,22.962949163732503,22.581315009706667,22.816791534423828,44809400
2013-03-19,MSFT,22.833027607143066,22.914224899182027,22.759948805316743,22.881746292114258,51901600
2013-03-20,MSFT,23.01166244021242,23.133459919718224,22.881744922241033,22.99542236328125,35447800
2013-03-21,MSFT,22.824913024902344,23.02790940100787,22.77619277954462,22.824913024902344,34233200
2013-03-22,MSFT,22.889870402432667,23.011667910894015,22.816791587607987,22.938589096069336,28720900
2013-03-25,MSFT,22.97918266140145,23.01978285439202,22.703107544021588,22.86550521850586,44154000
2013-03-26,MSFT,22.93046397855177,23.011662815793905,22.824906574254296,22.86550521850586,27824300
2013-03-27,MSFT,22.849264402043055,23.100980944223526,22.800545720769623,23.036022186279297,36047400
2013-03-28,MSFT,22.995425219605472,23.27150036677146,22.946706531499466,23.23090171813965,55453800
2013-04-01,MSFT,23.255260287823067,23.27150036677146,23.027905377502258,23.23090171813965,29201100
2013-04-02,MSFT,23.214669004856376,23.425785451952038,23.157830259242097,23.38518524169922,28456500
2013-04-03,MSFT,23.34457955016357,23.50697724479082,23.174063364670232,23.1903018951416,35062800
2013-04-04,MSFT,23.052262506835632,23.230900266627973,22.954825136711698,23.222780227661133,45263200
2013-04-05,MSFT,22.914225733479686,23.368938638896964,22.824908399237003,23.303979873657227,50927300
2013-04-08,MSFT,23.328345761575125,23.328345761575125,23.117229321126622,23.21466827392578,34759500
2013-04-09,MSFT,23.328338757974482,24.213402914290683,23.287740109928073,24.04288673400879,77733800
2013-04-10,MSFT,24.010407451742168,24.619396487070382,23.96980880221597,24.586917877197266,71116700
2013-04-11,MSFT,23.628775035994877,23.70997388432089,23.328339761810398,23.498857498168945,130923200
2013-04-12,MSFT,23.42578053721459,23.5638181256345,23.271502868100722,23.37706184387207,62886300
2013-04-15,MSFT,23.263382037591292,23.5313371649828,23.149704574073468,23.295862197875977,56332900
2013-04-16,MSFT,23.466381323399496,23.661257663223953,23.30398514791552,23.52322006225586,52797300
2013-04-17,MSFT,23.425778348219385,23.58005600291695,23.222782004731762,23.40953826904297,52840700
2013-04-18,MSFT,23.50697939194501,23.5313379642466,23.141585320027783,23.37706184387207,56906600
2013-04-19,MSFT,24.051008285596303,24.55443836747767,24.042888245728637,24.172805786132812,99790700
2013-04-22,MSFT,24.603163005590062,25.317711199289384,24.57880442883779,25.03351593017578,137904000
2013-04-23,MSFT,24.92796057988538,25.09035678393397,24.668123865676087,24.84676170349121,59126900
2013-04-24,MSFT,24.862997061266455,25.918577607471764,24.84675697932743,25.788660049438477,90946600
2013-04-25,MSFT,25.74805473799605,26.665599051962054,25.6100187151093,25.934812545776367,110700200
2013-04-26,MSFT,25.902334233312867,25.967293004073166,25.536941728563402,25.813016891479492,47799300
2013-04-29,MSFT,25.82113813721943,26.535686240548397,25.796779563547837,26.47884750366211,59116400
2013-04-30,MSFT,26.43824308123561,26.88483438684375,26.210885085806712,26.876712799072266,75165200
2013-05-01,MSFT,26.73868102596853,26.86048008204853,26.470724341583985,26.568164825439453,54330900
2013-05-02,MSFT,26.49507911402856,26.933548787320095,26.30020129452732,26.925430297851562,46059500
2013-05-03,MSFT,26.982281436229698,27.217758006416748,26.860485453273117,27.19339942932129,46784600
2013-05-06,MSFT,27.136551908799447,27.534426137155002,26.998515870836048,27.404508590698242,40978300
2013-05-07,MSFT,27.3233106559337,27.436988119278343,26.99039675721928,27.0472354888916,43078300
2013-05-08,MSFT,26.85236033624002,26.990399482438157,26.511327911772064,26.787403106689453,51595700
2013-05-09,MSFT,26.67372154406026,26.795520603978943,26.462606684010474,26.519445419311523,46417800
2013-05-10,MSFT,26.527569805983866,26.568171566631605,26.243376066326398,26.54380989074707,36394900
2013-05-13,MSFT,26.478839583159655,26.852352055964865,26.430119352911092,26.81987190246582,36027600
2013-05-14,MSFT,26.868942554808065,27.416786193847656,26.81988067342581,27.416786193847656,56870100
2013-05-15,MSFT,27.351372165340415,27.71932846014208,27.335018205660464,27.678442001342773,46303900
2013-05-16,MSFT,27.506733289696882,27.923751511842987,27.43314202221223,27.866514205932617,59382900
2013-05-17,MSFT,27.907387572104412,28.512468338012695,27.882855078914858,28.512468338012695,60666700
2013-05-20,MSFT,28.39799357622609,28.700533957146504,28.35711024678248,28.68418312072754,54020800
2013-05-21,MSFT,28.700538343187976,28.839545427577143,28.389822496574208,28.496118545532227,48702400
2013-05-22,MSFT,28.44705391816787,28.48793724541992,28.095451689243966,28.29987144470215,66047500
2013-05-23,MSFT,27.989164558900352,28.25082170868154,27.71933198783818,27.923751831054688,51102700
2013-05-24,MSFT,27.735678148363945,28.03004317197609,27.71932730856215,28.021867752075195,33174400
2013-05-28,MSFT,28.144518594376507,28.765956577897462,28.13634317423492,28.635128021240234,48212100
2013-05-29,MSFT,28.40618577521422,28.635135025567028,28.26717864521459,28.520660400390625,38412200
2013-05-30,MSFT,28.496122301581075,28.823195268620907,28.46341750023628,28.6433048248291,51131000
2013-05-31,MSFT,28.471584833621268,28.84771645544027,28.44705545978032,28.53700065612793,56165700
2013-06-03,MSFT,28.55335534096984,29.13390992677009,28.479767209528806,29.1012020111084,51252600
2013-06-04,MSFT,29.125735220886895,29.223858980784,28.430709077209833,28.610599517822266,65529500
2013-06-05,MSFT,28.291698418276813,28.528826129402592,28.15269445470562,28.438880920410156,46025100
2013-06-06,MSFT,28.48794465758428,28.708718425225108,28.201758173160282,28.5860652923584,37618500
2013-06-07,MSFT,28.82319454764554,29.256563566814005,28.66783660774714,29.16661834716797,40757300
2013-06-10,MSFT,29.035796620356823,29.150274366336188,28.733256089696177,29.00309181213379,35994500
2013-06-11,MSFT,28.659655533868882,28.765954703977798,28.35711510115742,28.487943649291992,39435900
2013-06-12,MSFT,28.73324901264693,28.839548190989134,28.49612127603697,28.6187744140625,37372700
2013-06-13,MSFT,28.61059383600327,28.635123211506762,28.283520939697986,28.389820098876953,45654900
2013-06-14,MSFT,28.25081812493071,28.36529272353842,28.005514968028628,28.1281681060791,53192600
2013-06-17,MSFT,28.36529271776921,28.74960297233026,28.316233957918094,28.6187744140625,49670100
2013-06-18,MSFT,28.59423966613141,28.757772993866794,28.53700237758437,28.602415084838867,28616500
2013-06-19,MSFT,28.58605435044293,28.692353483625922,28.28351402282715,28.28351402282715,30816200
2013-06-20,MSFT,28.013700953378137,28.070941393468562,27.28596662845758,27.384090423583984,54493700
2013-06-21,MSFT,27.523083712232683,27.580321010783234,27.024298865550342,27.20418930053711,85338500
2013-06-24,MSFT,26.93435724887779,27.964634998921866,26.63181675620737,27.5721492767334,56109000
2013-06-25,MSFT,27.86651682375705,28.11182003201698,27.359553324927063,27.531265258789062,44073400
2013-06-26,MSFT,27.89921442503809,28.193579446601937,27.711148576638678,28.0872802734375,48665900
2013-06-27,MSFT,28.22627778610537,28.438872941093752,28.209923832768162,28.30804443359375,28993100
2013-06-28,MSFT,28.11180530244424,28.44705357255469,28.079097393360808,28.242633819580078,65545500
2013-07-01,MSFT,28.41435145762289,28.61059583294303,28.070927699810795,28.095457077026367,31055400
2013-07-02,MSFT,28.136341553993393,28.160870932204457,27.498552766916568,27.752031326293945,37630000
2013-07-03,MSFT,27.52307869612378,28.103630115158296,27.474016826651102,27.80926513671875,15994400
2013-07-05,MSFT,27.87468059006065,27.99733370250362,27.45766562231135,27.972801208496094,26085900
2013-07-08,MSFT,28.087285138174295,28.2835295596061,27.784744644366217,28.070934295654297,32396900
2013-07-09,MSFT,28.27534924103563,28.29170008072365,27.915568383924825,28.0872802734375,25318500
2013-07-10,MSFT,28.07910339279813,28.463413608646217,28.062749434762196,28.37346839904785,29658800
2013-07-11,MSFT,28.618768770871146,29.2483820581341,28.537002107776534,29.182966232299805,53638300
2013-07-12,MSFT,29.093030206583652,29.215680226756415,28.84772392784031,29.16661834716797,35501200
2013-07-15,MSFT,29.158447220594926,29.61634880658587,29.093034490710142,29.575462341308594,34142600
2013-07-16,MSFT,29.444622531221757,29.78804936952086,29.403739200738055,29.6572208404541,36378500
2013-07-17,MSFT,29.714466123211555,29.755349464697076,29.0194399603607,29.223859786987305,37285100
2013-07-18,MSFT,29.207506101001133,29.34651008719785,28.798666443906264,28.978553771972656,49547100
2013-07-19,MSFT,26.492809771802932,26.7135804312756,25.36441149832569,25.675128936767578,248428500
2013-07-22,MSFT,25.92043724879671,26.17391586303711,25.838668997996788,26.17391586303711,79040700
2013-07-23,MSFT,26.092140209937593,26.19843936734669,25.92860376450781,26.0185489654541,65810400
2013-07-24,MSFT,26.198440043237113,26.321090041074992,26.075786926200898,26.133024215698242,52803100
2013-07-25,MSFT,25.855013789143875,25.87954316396337,25.552471836377556,25.666946411132812,63213000
2013-07-26,MSFT,25.56065547177727,25.85502052307129,25.51977057043115,25.85502052307129,38633600
2013-07-29,MSFT,25.732361523454088,25.83866068316703,25.67512423419289,25.789600372314453,28870700
2013-07-30,MSFT,25.985840186194824,26.263849622113014,25.797772823628044,26.04307746887207,45799500
2013-07-31,MSFT,26.14120016901571,26.2066144343902,25.92860341664885,26.034902572631836,43898400
2013-08-01,MSFT,26.214808264791348,26.239337653866812,25.838674849767383,25.895912170410156,42557900
2013-08-02,MSFT,25.91226307495129,26.083975016593776,25.81414085144142,26.07579803466797,29199900
2013-08-05,MSFT,26.083973718054906,26.16574197364249,25.87137687736709,25.920438766479492,30984000
2013-08-06,MSFT,25.79777665062676,25.895898835200207,25.65877113224725,25.822307586669922,36331500
2013-08-07,MSFT,25.789604387776393,26.24750277316114,25.55247665580283,26.214797973632812,38078600
2013-08-08,MSFT,26.361981108738142,27.040653282695207,26.20662005072954,26.893470764160156,59034400
2013-08-09,MSFT,26.795346881213614,26.901646047109743,26.55004375308283,26.738109588623047,26800700
2013-08-12,MSFT,26.541859357955694,26.958877391038797,26.541859357955694,26.877107620239258,25493700
2013-08-13,MSFT,26.770069420581084,26.803007819253487,26.523037712895242,26.539506912231445,39464100
2013-08-14,MSFT,26.465395238959164,27.46999434011285,26.103082302381978,26.638317108154297,48519600
2013-08-15,MSFT,26.35011456091144,26.498334206610842,25.394923033725536,26.17719268798828,33338000
2013-08-16,MSFT,26.177184149296714,26.341871369229832,26.070135964280915,26.18541717529297,32866300
2013-08-19,MSFT,26.15249037525599,26.325412257998593,25.83958186754656,25.847816467285156,27902500
2013-08-20,MSFT,25.88899080270837,26.26777298670568,25.831350172151335,26.03721046447754,22979600
2013-08-21,MSFT,26.028972625732422,26.358347167765587,25.971332002347157,26.028972625732422,37409100
2013-08-22,MSFT,26.506562482286746,26.753597274941168,26.432452672725997,26.67125129699707,31169900
2013-08-23,MSFT,28.960423931972755,28.985129302639972,27.99699928777681,28.614580154418945,225493800
2013-08-26,MSFT,28.32637802701041,28.548704382774357,28.021702526841317,28.12051773071289,72786800
2013-08-27,MSFT,27.60174790292205,28.079342139588732,27.29707555498751,27.387651443481445,58522300
2013-08-28,MSFT,27.49470344132535,27.66762535375628,27.173561849331012,27.190031051635742,44257400
2013-08-29,MSFT,27.11591883041676,27.667622923865963,27.008870595427034,27.62645149230957,45284700
2013-08-30,MSFT,27.478226228004576,27.56880524368356,27.247663745314977,27.502931594848633,42790200
2013-09-03,MSFT,26.144250363805224,26.40775121853989,25.765468277771387,26.251296997070312,154507000
2013-09-04,MSFT,25.847815055702775,25.913690279424706,25.61725255797062,25.691362380981445,142320600
2013-09-05,MSFT,25.60902540182971,25.888995576667305,25.485509517775405,25.71607208251953,71644900
2013-09-06,MSFT,25.781940805813885,25.847816032024053,25.633721154193694,25.650190353393555,75434900
2013-09-09,MSFT,25.707824493245298,26.177187128473165,25.691356868789928,26.070138931274414,49628500
2013-09-10,MSFT,26.26776542860461,26.67948746538042,26.177187994043972,26.67125129699707,56881200
2013-09-11,MSFT,26.819478395898074,27.115917716816092,26.786539995534124,26.95946502685547,39087500
2013-09-12,MSFT,26.943002190662636,26.99240666169924,26.835953934784182,26.918296813964844,32860200
2013-09-13,MSFT,26.984160366251423,27.23119202354507,26.770063959733104,27.198253631591797,40899000
2013-09-16,MSFT,27.486470429464493,27.58528250218095,26.951232348323646,27.008872985839844,52839700
2013-09-17,MSFT,27.51939967280957,27.56057424018169,27.091213070981418,27.115915298461914,84716500
2013-09-18,MSFT,27.165317897238875,27.50292855580514,27.033567472949063,27.43705177307129,64099900
2013-09-19,MSFT,27.568809158531838,27.733498015772792,27.437058700974813,27.700559616088867,42026600
2013-09-20,MSFT,27.511163876432054,27.568804495540242,26.918285347115656,27.00063133239746,102904900
2013-09-23,MSFT,26.794776166214486,27.14885611718004,26.76183776585054,26.95946502685547,39826100
2013-09-24,MSFT,27.066506808701263,27.066506808701263,26.47363138049426,26.72066307067871,40685000
2013-09-25,MSFT,26.753599251989424,27.0088639495351,26.679489436952075,26.770065307617188,28907500
2013-09-26,MSFT,26.877122668594616,27.173562029688984,26.835951233149103,26.98417091369629,28504000
2013-09-27,MSFT,27.07474205971949,27.791134879300433,27.066505890325057,27.395883560180664,55348000
2013-09-30,MSFT,27.173553200356892,27.42882104306317,26.926521526771097,27.404115676879883,39839500
2013-10-01,MSFT,27.4617631363418,27.675859610308496,27.420591704018648,27.65115737915039,36718700
2013-10-02,MSFT,27.46999680035271,28.021700853723107,27.412356172125314,27.931121826171875,46946800
2013-10-03,MSFT,27.89818497325661,27.996997024400994,27.519399685042604,27.881715774536133,38703800
2013-10-04,MSFT,27.7417299084814,27.98876475481076,27.6840892819855,27.89818572998047,33008100
2013-10-07,MSFT,27.667626935401817,27.758205982666286,27.338252294015685,27.420595169067383,35069300
2013-10-08,MSFT,27.42882424176609,27.44529344074951,27.00886752063526,27.18178939819336,41017600
2013-10-09,MSFT,27.231199264526367,27.46176178715169,27.140620233158195,27.231199264526367,35878600
2013-10-10,MSFT,27.42882383451141,27.90641803322525,27.387649267074956,27.79936981201172,42875100
2013-10-11,MSFT,27.733492977047927,28.112275081058492,27.733492977047927,28.104042053222656,30033300
2013-10-14,MSFT,27.91464848113775,28.408711777315585,27.81583330895992,28.36754035949707,27757900
2013-10-15,MSFT,28.548700588835672,28.812204622963037,28.384014886626396,28.400484085083008,47097800
2013-10-16,MSFT,28.491059863701736,28.738094698495672,28.458124608083832,28.523998260498047,35111600
2013-10-17,MSFT,28.36754154283225,28.81220041264768,28.301664758632352,28.75455665588379,31359200
2013-10-18,MSFT,28.672219128939602,28.812205750710852,28.268734745084178,28.787500381469727,41811700
2013-10-21,MSFT,28.803968191219294,28.98512623141626,28.746327567734514,28.812204360961914,27433500
2013-10-22,MSFT,28.836908992994054,28.902782650537297,28.425188424518144,28.47459602355957,40438500
2013-10-23,MSFT,28.28520018068424,28.40048457185645,27.725259988275962,27.79936981201172,58600500
2013-10-24,MSFT,27.848780391855488,28.079342916544675,27.642920097331906,27.766437530517578,53209700
2013-10-25,MSFT,29.54506434411422,29.88267503286173,29.20745365536671,29.421546936035156,113494000
2013-10-28,MSFT,29.322737133398988,29.421549182700744,29.042767042728666,29.289798736572266,38383600
2013-10-29,MSFT,29.339203814548465,29.413313630460866,29.034528381809636,29.248624801635742,31702200
2013-10-30,MSFT,29.256860494589233,29.470956933917638,29.174517643265034,29.26509666442871,36997700
2013-10-31,MSFT,29.363910821370578,29.388613050304752,29.100409908810533,29.158050537109375,41682300
2013-11-01,MSFT,29.37214964175377,29.388618844683236,29.141587083099747,29.256868362426758,40264600
2013-11-04,MSFT,29.30626974801439,29.627411283996288,29.273331349149938,29.594472885131836,28060700
2013-11-05,MSFT,29.47096318515284,30.228527629797274,29.454493983158947,30.170886993408203,51681900
2013-11-06,MSFT,30.66494477213133,31.471916589663973,30.516725138178582,31.43897819519043,88948800
2013-11-07,MSFT,31.257825759788975,31.298997189658696,30.821402949048206,30.879043579101562,60437400
2013-11-08,MSFT,31.019032465052454,31.10961151123047,30.7472984676977,31.10961151123047,36737800
2013-11-11,MSFT,31.035492645658067,31.109602467242677,30.755522557580473,30.953149795532227,26872500
2013-11-12,MSFT,30.780228811772126,30.961383715500386,30.632009164335432,30.76375961303711,31651600
2013-11-13,MSFT,30.450858704682116,31.42251968383789,30.3849850345115,31.42251968383789,44957600
2013-11-14,MSFT,31.183710678390636,31.39780710354654,31.060196409580588,31.307228088378906,46183700
2013-11-15,MSFT,31.249590865836712,31.307231492451045,31.060199786792676,31.159011840820312,50601300
2013-11-18,MSFT,30.755516126191335,30.94491029599701,30.524953681109963,30.632001876831055,53277500
2013-11-19,MSFT,30.573930733026423,30.88921232912175,30.42458698566554,30.482667922973633,44275000
2013-11-20,MSFT,30.632008161570607,31.038555728157522,30.58222902300976,30.764760971069336,32229900
2013-11-21,MSFT,30.92239621000976,31.138113167714074,30.914097577982226,31.030256271362305,23064700
2013-11-22,MSFT,31.138116501097347,31.2625706748272,30.97218182279236,31.17130470275879,27982000
2013-11-25,MSFT,31.46998550266543,31.486579599971133,31.17129808116366,31.2293758392334,30646800
2013-11-26,MSFT,31.171303374960175,31.237679775455632,30.988771438598633,30.988771438598633,34465300
2013-11-27,MSFT,31.17130031512899,31.328939503330094,31.10492708614982,31.196189880371094,26002100
2013-11-29,MSFT,31.378729083481776,31.768682576140513,31.378729083481776,31.63593292236328,22090400
2013-12-02,MSFT,31.602746416397796,32.175228735646755,31.577856844039623,31.90143394470215,42950400
2013-12-03,MSFT,31.644216733382304,31.934608669978772,31.59443760968023,31.78526496887207,52109800
2013-12-04,MSFT,31.70230903575685,32.34116779143837,31.627637150936888,32.307979583740234,51983600
2013-12-05,MSFT,32.23331013867918,32.25820287883777,30.84773559492475,31.528078079223633,116305000
2013-12-06,MSFT,31.876528927175094,31.98438897417761,31.519766922475124,31.826749801635742,36457300
2013-12-09,MSFT,31.992679332871113,32.249879854988635,31.835037036089886,32.117130279541016,30286000
2013-12-10,MSFT,32.03418205515728,32.274791792979315,31.544667110795853,31.619338989257812,37828600
2013-12-11,MSFT,31.577861571994095,31.776984510676037,31.021970107752736,31.20450210571289,39853400
2013-12-12,MSFT,31.22937936856144,31.22937936856144,30.847724582399614,30.88091278076172,36012800
2013-12-13,MSFT,31.04685164239754,31.071744377036854,30.383103410371636,30.441181182861328,40066100
2013-12-16,MSFT,30.474357567551596,30.698373102423332,30.31671841264185,30.607107162475586,31734200
2013-12-17,MSFT,30.648597418974287,30.789645674274468,30.14249165525194,30.30013084411621,45687700
2013-12-18,MSFT,30.16738641483829,30.366509301899242,29.478745448332873,30.349918365478516,63192100
2013-12-19,MSFT,30.291831601531936,30.325019797992265,29.935069567085534,30.076114654541016,34160100
2013-12-20,MSFT,30.034629916462073,30.6403002376821,30.026331285143705,30.532440185546875,62649100
2013-12-23,MSFT,30.540742875637655,30.607116110002863,30.32502274269865,30.383100509643555,25128700
2013-12-24,MSFT,30.46607347969955,30.839429678910605,30.399697074950183,30.764760971069336,14243000
2013-12-26,MSFT,30.86430609978529,31.104915692325164,30.839413378660797,31.06342887878418,17612800
2013-12-27,MSFT,31.17959932285954,31.212784355248957,30.839425047111863,30.938989639282227,14563000
2013-12-30,MSFT,30.880911876349867,31.01366150090964,30.615412627230313,30.938989639282227,16290500
2013-12-31,MSFT,31.030252049970905,31.179595756141914,30.880908343799895,31.03854751586914,17503500
2014-01-02,MSFT,30.98877209581243,31.030258929502438,30.78135058736656,30.831132888793945,30632200
2014-01-03,MSFT,30.864326102848338,30.88092020601941,30.36651250272082,30.623716354370117,31134800
2014-01-06,MSFT,30.573934396011914,30.60712260273524,29.959968396638338,29.9765625,43603700
2014-01-07,MSFT,30.142490984255268,30.275240604817608,30.042926395083054,30.208864212036133,35802800
2014-01-08,MSFT,29.868693121565,29.984848643970988,29.520226554347033,29.669567108154297,59971700
2014-01-09,MSFT,29.769130746530468,29.794020310536602,29.37088189742979,29.47873878479004,36516300
2014-01-10,MSFT,29.785726645908763,29.993148131841274,29.661272488348978,29.90188217163086,40548800
2014-01-13,MSFT,29.860393884931167,29.88528344658984,28.89795846579336,29.022409439086914,45901900
2014-01-14,MSFT,28.81499146305913,29.769131531803048,28.732024137516436,29.686161041259766,41623300
2014-01-15,MSFT,29.78573441691475,30.524154593085917,29.7442475769039,30.4992618560791,44812600
2014-01-16,MSFT,30.441169377570596,30.698373102423332,30.125891067751112,30.607107162475586,38018700
2014-01-17,MSFT,30.557349971234103,30.557349971234103,29.99316299668224,30.183990478515625,46267500
2014-01-21,MSFT,30.54904187384229,30.54904187384229,29.918481831990057,30.00974464416504,31567300
2014-01-22,MSFT,30.084417948477043,30.13420025611983,29.66127941101839,29.810623168945312,21904300
2014-01-23,MSFT,29.943358034368742,29.976546223071253,29.470437422857504,29.918468475341797,43954000
2014-01-24,MSFT,31.071747230577532,31.154714580324793,30.308434319896342,30.540748596191406,76395500
2014-01-27,MSFT,30.590521563235693,30.607115662834786,29.85210153858083,29.893585205078125,44420800
2014-01-28,MSFT,29.968256333563883,30.192271925139625,29.661273411034518,30.092710494995117,36205500
2014-01-29,MSFT,29.85211287924881,30.59883181987844,29.78573962063844,30.41629981994629,52745900
2014-01-30,MSFT,30.524148034026997,30.598819898998826,30.059522744757732,30.582225799560547,35036300
2014-01-31,MSFT,30.656900799328696,31.436804562671135,30.33332373969727,31.395320892333984,93162300
2014-02-03,MSFT,31.31234904391063,31.51977053073701,30.22545931354014,30.266942977905273,64063100
2014-02-04,MSFT,30.67348609045935,30.856014820517352,30.076111281177937,30.15907859802246,54697900
2014-02-05,MSFT,30.10930809331856,30.258651838391604,29.702760528397246,29.7193546295166,55814400
2014-02-06,MSFT,29.702758137482203,30.076117470111353,29.611492171172753,30.01803970336914,35351800
2014-02-07,MSFT,30.13419837920594,30.35821400214347,29.876994553240355,30.333324432373047,33260500
2014-02-10,MSFT,30.391395103139697,30.532440185546875,30.10930177332484,30.532440185546875,26767000
2014-02-11,MSFT,30.598815729385983,30.91409408074866,30.58222163220893,30.83942222595215,32141400
2014-02-12,MSFT,30.988776143417923,31.1961976789562,30.947292469310558,31.088340759277344,27051800
2014-02-13,MSFT,30.972190955583272,31.411923679757777,30.972190955583272,31.20450210571289,37635500
2014-02-14,MSFT,31.021954533609126,31.345531520271464,30.972175406430583,31.21278190612793,31407500
2014-02-18,MSFT,31.45520036370154,31.58058457644112,31.271299691869263,31.2796573638916,32834000
2014-02-19,MSFT,31.112497090524933,31.55552731454555,31.104136224749453,31.354907989501953,29750400
2014-02-20,MSFT,31.40503646401513,31.65580801194147,31.262933756059056,31.555500030517578,27526100
2014-02-21,MSFT,31.71433133476574,32.05705330310227,31.64746038883225,31.74776840209961,38021300
2014-02-24,MSFT,31.505359649658203,31.74777364475834,31.379975409552284,31.505359649658203,32085100
2014-02-25,MSFT,31.43848191370116,31.639097930106345,31.22114417573911,31.379968643188477,30736500
2014-02-26,MSFT,31.413409162796675,31.54715425135035,31.08740252000856,31.32145881652832,41041800
2014-02-27,MSFT,31.30473707652849,31.672535235208077,31.120836402821638,31.647459030151367,33903400
2014-02-28,MSFT,31.747765791055368,32.1490009998601,31.61402072145379,32.023616790771484,41215000
2014-03-03,MSFT,31.697615852634055,31.873158878669297,31.338178504761736,31.580589294433594,29717500
2014-03-04,MSFT,31.93167602279951,32.16572916753037,31.82300712471664,32.107215881347656,26802400
2014-03-05,MSFT,31.973460402822415,31.99017893470072,31.705970270237387,31.856433868408203,20520100
2014-03-06,MSFT,31.881508829960985,31.96510148609627,31.67253197272345,31.889869689941406,23582200
2014-03-07,MSFT,31.99854125198484,32.06541538920718,31.505355650540373,31.680898666381836,26591600
2014-03-10,MSFT,31.756123402145924,31.772838743993496,31.530428022399757,31.614017486572266,19006600
2014-03-11,MSFT,31.655803521648462,31.956730611967643,31.530419359837325,31.781190872192383,25216400
2014-03-12,MSFT,31.597295881249913,32.123918382745195,31.588938211139414,31.99017333984375,30494100
2014-03-13,MSFT,32.11556683514651,32.140646230215964,31.46355996055771,31.672536849975586,32169700
2014-03-14,MSFT,31.47192481327845,31.881517782793253,31.354895061825253,31.51371955871582,27195600
2014-03-17,MSFT,31.68089782260613,32.107209275474055,31.588947480741563,31.80628204345703,20479600
2014-03-18,MSFT,31.981824717168465,33.352715917324616,31.948390835201394,33.06014633178711,64063900
2014-03-19,MSFT,32.993281592007285,33.06015255726831,32.52517208023939,32.82609939575195,35597200
2014-03-20,MSFT,32.80935781707388,33.979629180309814,32.801000148061064,33.71213912963867,59269800
2014-03-21,MSFT,34.038150956805424,34.22204841975358,33.44465426875945,33.57004165649414,80721800
2014-03-24,MSFT,33.720502996955204,33.97127456696313,33.31926784719582,33.854248046875,46098400
2014-03-25,MSFT,33.98799871953074,34.26384972428777,33.402862833555794,33.72050857543945,43193100
2014-03-26,MSFT,33.83753630660891,34.02979465514977,33.10193679008385,33.26076126098633,41977500
2014-03-27,MSFT,33.21896331887377,33.41122164887395,32.88459906486155,32.90131759643555,35369200
2014-03-28,MSFT,33.26076508392366,33.97128528796826,33.168814735197635,33.687076568603516,43472700
2014-03-31,MSFT,33.79575308729505,34.69017419085193,33.770676873335496,34.26386260986328,46886300
2014-04-01,MSFT,34.397602561144566,34.765400795112235,34.330728415658754,34.623294830322266,32605000
2014-04-02,MSFT,34.640001538488484,34.82390218704482,34.414306157642166,34.56476974487305,28666700
2014-04-03,MSFT,34.5146196104223,34.5146196104223,34.02979175553425,34.28056335449219,30139600
2014-04-04,MSFT,34.48118620822813,34.59821275425252,33.1353745514792,33.327632904052734,51409600
2014-04-07,MSFT,33.40287583087402,33.662008403864085,33.218978278214074,33.26913070678711,37559600
2014-04-08,MSFT,33.2273334221705,33.377797073898,32.767584792440935,33.28584671020508,35918600
2014-04-09,MSFT,33.37779832838926,33.89606026563207,33.33600357661302,33.82918930053711,27398700
2014-04-10,MSFT,33.80409598029438,34.013072841868556,32.675622203287375,32.90131759643555,45960800
2014-04-11,MSFT,32.600388708028845,33.260756321513206,32.600388708028845,32.77592849731445,34330200
2014-04-14,MSFT,32.69233741728602,32.94310898798029,32.51679763667338,32.750850677490234,32006600
2014-04-15,MSFT,32.88459969277943,33.4028614265339,32.64218576342847,33.22732162475586,33968700
2014-04-16,MSFT,33.486466885826985,33.787391008728264,33.36107944306678,33.77067565917969,30615800
2014-04-17,MSFT,33.44466018676758,33.60348466449989,33.0267064053403,33.44466018676758,36688400
2014-04-21,MSFT,33.54496718855178,33.561685720362924,33.26075852523018,33.38614273071289,22221200
2014-04-22,MSFT,33.40285335311267,33.553316915051,33.29418770517187,33.42793273925781,27056700
2014-04-23,MSFT,33.42793693090836,33.42793693090836,32.99326471844063,33.177162170410156,24602800
2014-04-24,MSFT,33.21897449727385,33.41123289197022,32.85117305634607,33.31928253173828,42381600
2014-04-25,MSFT,33.6787183244788,34.00472178171939,33.227327450422074,33.3610725402832,56876800
2014-04-28,MSFT,33.553320278596566,34.51461499970811,33.51152554914247,34.16353225708008,50610200
2014-04-29,MSFT,34.35580313364097,34.43103494967751,33.7623094675386,33.86261749267578,29636200
2014-04-30,MSFT,33.77067565917969,33.854265161863076,33.57841406328466,33.77067565917969,35458700
2014-05-01,MSFT,33.63691756362641,33.737225565892004,33.394503635145156,33.43629837036133,28787400
2014-05-02,MSFT,33.6954270326218,33.720503233178206,33.15208596985375,33.177162170410156,43416600
2014-05-05,MSFT,33.035063036365464,33.1353710382175,32.85116237569183,32.95983123779297,22460900
2014-05-06,MSFT,32.84280152647756,32.89295392818415,32.558592891450445,32.650543212890625,27112400
2014-05-07,MSFT,32.78430187209266,33.02671268799611,32.19080496612723,32.951480865478516,41744500
2014-05-08,MSFT,32.88461191184617,33.35272141259218,32.57532692873394,33.13538360595703,32120400
2014-05-09,MSFT,33.05177307128906,33.31090227518523,32.9096671821914,33.05177307128906,29647600
2014-05-12,MSFT,33.21897360509611,33.453026742138675,33.14374178408459,33.411231994628906,22782600
2014-05-13,MSFT,33.60483926247082,34.093087488887164,33.545913195314334,34.02574157714844,27004800
2014-05-14,MSFT,33.924716566313585,34.05098851039036,33.7142654670049,33.874210357666016,18818700
2014-05-15,MSFT,33.74794632715138,34.00890690752926,33.259698120875946,33.3354606628418,37793200
2014-05-16,MSFT,33.39439141512524,33.5374998861398,33.05767145674595,33.529083251953125,29867100
2014-05-19,MSFT,33.34387503223312,33.52065319738441,33.21760307927982,33.461727142333984,24537400
2014-05-20,MSFT,33.402809143066406,33.621676941576936,33.21761109039831,33.402809143066406,21320900
2014-05-21,MSFT,33.50382403860992,33.96681594848633,33.45331781538368,33.96681594848633,22398700
2014-05-22,MSFT,33.91631167576404,33.96681790189486,33.5459155575778,33.75636672973633,20201800
2014-05-23,MSFT,33.98364830862621,33.98364830862621,33.672181528630624,33.773197174072266,18020000
2014-05-27,MSFT,33.89102975605151,33.89102975605151,33.512220501237124,33.83210372924805,26160600
2014-05-28,MSFT,33.79003853226761,33.83212812301373,33.52066129801651,33.68060302734375,25711500
2014-05-29,MSFT,33.79845140061113,33.96680972884375,33.596416911011005,33.95839309692383,19888200
2014-05-30,MSFT,34.05099941462904,34.488738226716784,33.88263783902145,34.46348190307617,34567600
2014-06-02,MSFT,34.47190405082152,34.58975619825059,34.244616390252524,34.337215423583984,18504300
2014-06-03,MSFT,34.177274425231765,34.24462035225735,33.88264402257119,33.916316986083984,18068900
2014-06-04,MSFT,33.84895602028931,33.98364460326908,33.55432574853016,33.94155502319336,23209000
2014-06-05,MSFT,34.16885496389515,34.72444597098164,34.008913217283826,34.690773010253906,31865200
2014-06-06,MSFT,34.91806411743164,35.06958924440001,34.71603275562755,34.91806411743164,24060500
2014-06-09,MSFT,34.84229909050803,34.9180616486356,34.53083222319704,34.74128341674805,15019200
2014-06-10,MSFT,34.53923674189908,34.648672223300984,34.39613152187519,34.60658264160156,15117700
2014-06-11,MSFT,34.455067125198184,34.572919271102364,34.32037849970339,34.396141052246094,18040000
2014-06-12,MSFT,34.35405324611714,34.412979322134795,33.916314387678625,34.160438537597656,29818900
2014-06-13,MSFT,34.59816795687186,34.993817148539364,34.396136650101454,34.707603454589844,26310000
2014-06-16,MSFT,34.54766517587452,35.02749359127028,34.54766517587452,34.93489456176758,24205300
2014-06-17,MSFT,34.75811107237284,35.28002900071804,33.95839609768339,35.0864143371582,22518600
2014-06-18,MSFT,35.027488088325285,35.13692357974758,34.66551187235345,35.061161041259766,27097000
2014-06-19,MSFT,34.99381921923181,35.16218079232278,34.79178790050658,34.94330978393555,19828200
2014-06-20,MSFT,34.89279967359836,35.212686305720055,34.833873611264046,35.0864143371582,47764900
2014-06-23,MSFT,35.12851814854764,35.35580585726346,35.094845181797695,35.347389221191406,18743900
2014-06-24,MSFT,35.2126935152309,35.305289338407675,34.98540585202201,35.145347595214844,26509100
2014-06-25,MSFT,35.103263801363774,35.397894222043924,34.90122921916114,35.38105773925781,20049100
2014-06-26,MSFT,35.296876355498306,35.305292990755916,34.87597394554601,35.12009811401367,23604400
2014-06-27,MSFT,35.027491577021976,35.599918989003115,34.943309186301306,35.566246032714844,74640000
2014-06-30,MSFT,35.49889838867363,35.532571343319496,35.10325241088867,35.10325241088867,30793100
2014-07-01,MSFT,35.237940331228806,35.48206443080723,35.09483188238883,35.24635696411133,26917000
2014-07-02,MSFT,35.128509421883635,35.2716178894043,34.960147841189354,35.2716178894043,20208100
2014-07-03,MSFT,35.28003417918643,35.34738009529912,34.98540382426845,35.187435150146484,15969300
2014-07-07,MSFT,35.14535463192261,35.456821546282434,35.11168166517267,35.347389221191406,21952400
2014-07-08,MSFT,35.24635580007789,35.355791291314326,35.02748802883456,35.17059326171875,31218200
2014-07-09,MSFT,35.33895587608418,35.34737572017111,34.96014317291294,35.07799530029297,18445900
2014-07-10,MSFT,34.82546372395211,35.35580164781385,34.556086444486255,35.09484100341797,21854700
2014-07-11,MSFT,35.10325341256901,35.431556701660156,34.918055367961784,35.431556701660156,24083000
2014-07-14,MSFT,35.54099780782259,35.7346125162564,35.389472694921295,35.47365188598633,21881100
2014-07-15,MSFT,35.633580626892346,35.75143272523772,35.38103674617644,35.734596252441406,28748700
2014-07-16,MSFT,35.785099519029394,37.300349833896654,35.759846417524464,37.10673522949219,63318000
2014-07-17,MSFT,38.26001945273883,38.47888723431324,37.249853297344565,37.485557556152344,82180300
2014-07-18,MSFT,37.586580954604784,37.74652269077521,37.24985779176908,37.6202507019043,43407500
2014-07-21,MSFT,37.51081292855228,38.015894387855454,37.22459924528592,37.746517181396484,37604400
2014-07-22,MSFT,37.88119571310755,38.00746764997607,37.53605605839283,37.73809051513672,43095800
2014-07-23,MSFT,38.26000708140726,38.26000708140726,37.561307952679684,37.771759033203125,52362900
2014-07-24,MSFT,37.822280743846186,37.881206808650155,37.30877942664329,37.37612533569336,30725300
2014-07-25,MSFT,37.291946497536856,37.59499669463663,37.291946497536856,37.46030807495117,26737700
2014-07-28,MSFT,37.34245968430453,37.46872847162351,36.98048338044221,37.014156341552734,29684200
2014-07-29,MSFT,36.96364434071772,37.11516944399394,36.73635668580338,36.946807861328125,27763100
2014-07-30,MSFT,37.09833071683149,37.123583828770755,36.441724116571436,36.685848236083984,31921400
2014-07-31,MSFT,36.51748871062979,36.77844611191005,36.26494794339112,36.33229064941406,31537500
2014-08-01,MSFT,36.37438426825092,36.40805723060459,35.86088283166402,36.07975387573242,31170300
2014-08-04,MSFT,36.17233247703303,36.59323463492737,36.037643914955986,36.50905227661133,34277400
2014-08-05,MSFT,36.458560668682445,36.58482943986406,36.05449482068746,36.26494598388672,26266400
2014-08-06,MSFT,35.978729248046875,36.34070226397989,35.53257063594544,35.978729248046875,24634000
2014-08-07,MSFT,36.06290918325932,36.57641050292522,35.90296746534277,36.391212463378906,30314900
2014-08-08,MSFT,36.39121609509797,36.466978645088695,36.12183885318206,36.365962982177734,28942700
2014-08-11,MSFT,36.4164692080182,36.576414153126414,36.214437882196286,36.365962982177734,20351600
2014-08-12,MSFT,36.231268220502486,36.69426007587262,36.19759526816261,36.63533401489258,21431100
2014-08-13,MSFT,36.770012223693115,37.19091437532767,36.6353236636192,37.10673522949219,22889500
2014-08-14,MSFT,37.106743787373844,37.39295423371427,37.04781451822394,37.266685485839844,19313200
2014-08-15,MSFT,37.527651427307084,37.79702864827979,37.37612633910621,37.704429626464844,41611300
2014-08-18,MSFT,37.830696027863475,37.97380447387695,37.61182825371469,37.97380447387695,26891100
2014-08-19,MSFT,38.09239968071579,38.40581188467864,37.973811453880494,38.397342681884766,28139500
2014-08-20,MSFT,38.405812371637424,38.45663728290562,38.03310604953127,38.07545852661133,24770500
2014-08-21,MSFT,37.98227646922078,38.329571908644326,37.973807267360606,38.304161071777344,22285500
2014-08-22,MSFT,38.41427146652634,38.515921262315445,38.17709507225713,38.2448616027832,18294500
2014-08-25,MSFT,38.45662601242927,38.490506045391975,38.1516830967634,38.26179885864258,16910000
2014-08-26,MSFT,38.38040307354445,38.45663882786601,38.0669876217297,38.12628173828125,14873100
2014-08-27,MSFT,38.03311213442555,38.117817102137565,37.91452065582638,38.00769805908203,21287900
2014-08-28,MSFT,37.90604004769051,38.10086399984606,37.787451836055524,38.01615905761719,17657600
2014-08-29,MSFT,38.194050453530146,38.490521053086624,37.999226455066285,38.482051849365234,21607600
2014-09-02,MSFT,38.4820473829158,38.50745822241783,37.990749610631134,38.19404602050781,22976800
2014-09-03,MSFT,37.719686262621934,38.21098398772541,37.719686262621934,38.08392333984375,33684500
2014-09-04,MSFT,37.89757360370478,38.346515646501885,37.88063196776891,38.338043212890625,26475500
2014-09-05,MSFT,38.210988218657846,38.90557917973713,38.210988218657846,38.88863754272461,36939400
2014-09-08,MSFT,38.981805045707254,39.64251256522034,38.956394212275534,39.36298370361328,45736700
2014-09-09,MSFT,39.36298173544427,39.78651283832175,39.32062604012782,39.60862731933594,40302400
2014-09-10,MSFT,39.65945759678862,39.76110417051275,39.20204316810055,39.67639923095703,27302400
2014-09-11,MSFT,39.59168922726624,39.81192398071289,39.362982042175915,39.81192398071289,29216400
2014-09-12,MSFT,39.735694052110034,39.82887142607492,39.473103564689566,39.55781173706055,38244700
2014-09-15,MSFT,39.42227367171424,39.56627268778681,39.049564253576854,39.168155670166016,37667600
2014-09-16,MSFT,39.29521520796665,39.68486304710532,39.210510279905506,39.60862731933594,27910600
2014-09-17,MSFT,39.18510407486659,39.54934115489031,39.15969323760938,39.40534210205078,38311900
2014-09-18,MSFT,39.464627311241095,39.66792365731845,39.35450832247896,39.540863037109375,35556600
2014-09-19,MSFT,39.650989766293215,40.294755730519555,39.473104217017635,40.252403259277344,202522400
2014-09-22,MSFT,40.06604797354136,40.133814511653625,39.794988283665084,39.862754821777344,38686100
2014-09-23,MSFT,39.684862192370474,39.79498118150691,39.362980887642124,39.43921661376953,33430300
2014-09-24,MSFT,39.498513420823464,39.90510291099559,39.25286459406758,39.87969207763672,26582700
2014-09-25,MSFT,39.7102812352899,39.8881635414666,38.990276346839195,38.998748779296875,33077400
2014-09-26,MSFT,38.90557853364989,39.49005046008512,38.76157623707822,39.31216812133789,27078800
2014-09-29,MSFT,38.94791854943356,39.439216163599255,38.761563836296816,39.33756637573242,26091000
2014-09-30,MSFT,39.278275108825376,39.37145247210016,38.973332185848285,39.269805908203125,33033100
2014-10-01,MSFT,39.19357728049658,39.41381208073422,38.83780939545228,38.880165100097656,38088400
2014-10-02,MSFT,38.82087113196522,39.04957513518963,38.65992720881677,38.761573791503906,25119400
2014-10-03,MSFT,38.94793359985727,39.21899334300798,38.63452137770558,39.04111099243164,32453200
2014-10-06,MSFT,39.066521833574825,39.21899334300798,38.89710868628388,39.04111099243164,20604000
2014-10-07,MSFT,38.84627018536079,38.90556427654797,38.47356077642922,38.56673812866211,25723700
2014-10-08,MSFT,38.524384475578785,39.71874192454415,38.405796296874996,39.62556457519531,33031000
2014-10-09,MSFT,39.38839851099507,39.64251656480873,38.744632559248025,38.837806701660156,34422800
2014-10-10,MSFT,38.626041645573494,39.06651445279729,37.22839071487505,37.2961540222168,51978100
2014-10-13,MSFT,37.11828039239185,37.74510809625912,36.838751433345905,36.974281311035156,37100200
2014-10-14,MSFT,37.16062618157954,37.59262981043062,36.898038908441215,37.04203796386719,38115700
2014-10-15,MSFT,36.4236726054258,36.754026328329765,35.66131537465843,36.61002731323242,60218700
2014-10-16,MSFT,36.02555988935214,36.49144675624932,35.762972634867936,36.20344543457031,49040400
2014-10-17,MSFT,36.59309552852149,37.219919881336104,36.24580008134406,36.957332611083984,40683300
2014-10-20,MSFT,36.47449347277104,37.38931881745086,36.262727957736736,37.338497161865234,34527900
2014-10-21,MSFT,37.57568624919691,38.10086399984606,37.431683969864125,38.01615905761719,36433800
2014-10-22,MSFT,38.11779850198785,38.177092596710295,37.46556022875509,37.592620849609375,33570900
2014-10-23,MSFT,37.795927888009984,38.49899131482334,37.71969213367223,38.1347541809082,45451900
2014-10-24,MSFT,39.66792202586877,39.7272161178515,38.27026818619445,39.07497787475586,61076700
2014-10-27,MSFT,38.7192244038862,39.04957824741332,38.7192244038862,38.88863754272461,30371300
2014-10-28,MSFT,38.84627842372256,39.388397790281914,38.77004268584475,39.37992858886719,29049800
2014-10-29,MSFT,39.33758356708079,39.55782163908847,39.25287860479303,39.490055084228516,30276100
2014-10-30,MSFT,39.235928447993274,39.235928447993274,38.77004479397913,39.00722122192383,30073900
2014-10-31,MSFT,39.76111603520345,39.786530109682765,39.37146802691831,39.769588470458984,35849700
2014-11-03,MSFT,39.71874776370676,40.20157298014536,39.58321793507989,40.18463134765625,23130400
2014-11-04,MSFT,40.066039229638896,40.430276214286266,40.02368676820481,40.29474639892578,21530800
2014-11-05,MSFT,40.48957655840024,40.57428472563357,40.03216214919877,40.540401458740234,22449600
2014-11-06,MSFT,40.54039410289392,41.38745623381511,40.48110001223228,41.25192642211914,33037800
2014-11-07,MSFT,41.43828228972776,41.43828228972776,40.904635417159824,41.234989166259766,28000600
2014-11-10,MSFT,41.209586778718844,41.63311797590491,41.12487860050967,41.412879943847656,36370100
2014-11-11,MSFT,41.37900105055398,41.463709237725475,41.209591138784894,41.39594268798828,23445200
2014-11-12,MSFT,41.13335821580829,41.43829801674364,41.099474938608644,41.31970977783203,22722100
2014-11-13,MSFT,41.34511308744833,42.056645566962345,41.260404916502424,42.022762298583984,26210400
2014-11-14,MSFT,42.13288627300219,42.39547355568001,41.83641248666417,41.99735641479492,29081700
2014-11-17,MSFT,41.853346080677845,42.10746411207654,41.62463888303319,41.89569854736328,30318600
2014-11-18,MSFT,41.878648593288496,42.04913020304703,41.512114270390825,41.54621124267578,23995500
2014-11-19,MSFT,41.47803100203923,41.55474758919367,40.855775684749844,41.10297393798828,26177500
2014-11-20,MSFT,40.91542017323111,41.51210403442383,40.80460666646229,41.51210403442383,21510600
2014-11-21,MSFT,41.784885913900744,41.81045701873083,40.5488982376726,40.89838409423828,42884800
2014-11-24,MSFT,40.906911739978675,40.91543435806997,40.395466859502854,40.565948486328125,35434200
2014-11-25,MSFT,40.62562844234456,40.88987520374318,40.4466241451072,40.46367263793945,28008000
2014-11-26,MSFT,40.48071909472328,40.906921639090406,40.30171155482189,40.70234298706055,27163600
2014-11-28,MSFT,40.8728189942314,41.08592023690032,40.583001174135,40.753482818603516,21534400
2014-12-01,MSFT,40.81315367936667,41.580316254097596,40.66824313363942,41.443931579589844,31191600
2014-12-02,MSFT,41.63145182313576,41.810456056158124,41.08591325487731,41.30753707885742,25773500
2014-12-03,MSFT,41.29050186798688,41.341647344580444,40.753488996257815,40.983638763427734,23534800
2014-12-04,MSFT,41.247882960102395,41.81899607754205,41.08592715898806,41.631465911865234,30320400
2014-12-05,MSFT,41.61440455568188,41.74226658396772,41.23934759193197,41.273441314697266,27313400
2014-12-08,MSFT,41.13705068162955,41.21376723710259,40.44660493403822,40.659706115722656,26663100
2014-12-09,MSFT,40.156794532947416,40.84724040667324,40.10564906939986,40.565948486328125,24330500
2014-12-10,MSFT,40.55743416063269,40.62562487430516,39.80731680023201,39.97779846191406,30431800
2014-12-11,MSFT,40.131233440381095,40.69382067311226,39.79027010165483,40.20794677734375,29060400
2014-12-12,MSFT,39.875517118440555,40.68530276772725,39.78175201934752,40.02042770385742,34248400
2014-12-15,MSFT,40.23351512525871,40.6341432489391,39.67945059559404,39.78173828125,29247800
2014-12-16,MSFT,39.12539484337107,39.500451911524415,38.4690425353522,38.49461364746094,47801400
2014-12-17,MSFT,38.400840755593556,39.1680064794641,38.27298196939293,38.9890022277832,34970900
2014-12-18,MSFT,39.705023339975796,40.506282806396484,39.50044472532223,40.506282806396484,40105600
2014-12-19,MSFT,40.600058311015665,41.00068652142816,40.20794946972409,40.62562942504883,64551200
2014-12-22,MSFT,40.72790247481605,41.017720252333916,40.66823439576823,40.89838409423828,26566000
2014-12-23,MSFT,41.23083633092986,41.597370806771366,41.02626091518944,41.29903030395508,23648100
2014-12-24,MSFT,41.460969557101855,41.460969557101855,40.98362494319859,41.034767150878906,11437800
2014-12-26,MSFT,41.26492206580624,41.26492206580624,40.762003032711995,40.813148498535156,13197800
2014-12-29,MSFT,40.65972604197911,40.72791676267029,40.28466569734113,40.446624755859375,14439500
2014-12-30,MSFT,40.438086616276095,40.591519755870586,39.92664498540551,40.080078125,16384700
2014-12-31,MSFT,39.83288776755906,40.438094575260976,39.594215393066406,39.594215393066406,21552500
2015-01-02,MSFT,39.77320123398954,40.421027343691314,39.67091358543994,39.85844039916992,27913900
2015-01-05,MSFT,39.5260256498043,39.83289202216725,39.423737942905845,39.4919319152832,39673900
2015-01-06,MSFT,39.534540035721925,39.84992893716437,38.81851979213187,38.91228485107422,36447900
2015-01-07,MSFT,39.193583614047185,39.60273764581403,38.775906962556256,39.40668487548828,29114100
2015-01-08,MSFT,39.84992825499524,40.70233313745503,39.82435714905475,40.565948486328125,29645200
2015-01-09,MSFT,40.582994938876915,40.761999174816154,39.977788283082496,40.22498321533203,23944200
2015-01-12,MSFT,40.42104833887965,40.52333929222615,39.51750101265745,39.722076416015625,23651900
2015-01-13,MSFT,40.037461744050454,40.838721230493306,39.261773365703235,39.517494201660156,35270600
2015-01-14,MSFT,39.1765251159668,39.415200678948985,38.88670734436914,39.1765251159668,29719600
2015-01-15,MSFT,39.39815702692828,39.53454168608323,38.707707860893805,38.76737594604492,32750800
2015-01-16,MSFT,38.62248124759394,39.44931209041444,38.50314178675622,39.415218353271484,35695300
2015-01-20,MSFT,39.46635135108754,39.76469505587822,38.844096083381814,39.543067932128906,36161900
2015-01-21,MSFT,39.15948547181151,39.329967126247716,38.767379942775186,39.14243698120117,39081100
2015-01-22,MSFT,39.53453596217542,40.182362186450845,39.278815169742124,40.1738395690918,35898000
2015-01-23,MSFT,40.3698866566477,40.395457756826026,39.89253885943538,40.216453552246094,26211600
2015-01-26,MSFT,40.06303728625299,40.17385085304349,39.41521088001737,40.07155990600586,42525500
2015-01-27,MSFT,36.61079610503129,36.82389735913314,35.894775761182395,36.36359786987305,169164000
2015-01-28,MSFT,36.43180361917929,36.474423233455454,35.08500169670934,35.110572814941406,84507100
2015-01-29,MSFT,34.88894390131613,35.90330488397761,34.7696076976698,35.809539794921875,63585300
2015-01-30,MSFT,35.41742421099202,35.44299857003973,34.39453764408609,34.43716049194336,78004900
2015-02-02,MSFT,34.599116694022364,35.263991507637435,34.292250394917936,35.18727493286133,50352500
2015-02-03,MSFT,35.485619220647465,35.74134005705573,34.99122278548022,35.460044860839844,52082400
2015-02-04,MSFT,35.74985098344151,35.98000063643566,35.25545796163858,35.66461181640625,41614800
2015-02-05,MSFT,35.988536645227555,36.346545149656606,35.68167035476453,36.18458938598633,36548200
2015-02-06,MSFT,36.38064334739546,36.47440841170149,35.92886976664841,36.15049362182617,34616600
2015-02-09,MSFT,36.00558052806558,36.431782932153325,35.98000617268724,36.10786819458008,31381100
2015-02-10,MSFT,36.43178600886089,36.45735711473245,35.95443810537016,36.31244659423828,29670700
2015-02-11,MSFT,36.355069600218116,36.355069600218116,35.98000937022295,36.12491989135742,38262500
2015-02-12,MSFT,36.363598631772355,36.730133056640625,36.23573657596541,36.730133056640625,33268800
2015-02-13,MSFT,36.977327667599184,37.39500427246094,36.78127491916065,37.39500427246094,40264900
2015-02-17,MSFT,37.74698129764625,37.77273438678963,37.07737150664744,37.41217803955078,33695700
2015-02-18,MSFT,37.45509651485719,37.51518923228707,37.249062001663674,37.36924743652344,27111700
2015-02-19,MSFT,37.068799060293685,37.36926277073625,36.95719685006837,37.343509674072266,27603400
2015-02-20,MSFT,37.352082839714015,37.66971956171807,37.1632213906069,37.652549743652344,29721100
2015-02-23,MSFT,37.515191824425855,37.93584087550007,37.47226891969694,37.90150451660156,32518800
2015-02-24,MSFT,37.901500289541175,38.03026898936668,37.70404905515551,37.84999084472656,25271700
2015-02-25,MSFT,37.729820512632514,37.85000599048506,37.601048486471264,37.76416015625,29759800
2015-02-26,MSFT,37.7641489171417,37.97018016791169,37.678299833647806,37.824241638183594,28957300
2015-02-27,MSFT,37.8843331970112,37.94442591620957,37.48085070398711,37.643959045410156,33807700
2015-03-02,MSFT,37.48943444667516,37.93583984834599,37.38641882315348,37.669715881347656,31924000
2015-03-03,MSFT,37.39500673174813,37.626794349225996,36.991524218937656,37.154632568359375,31748600
2015-03-04,MSFT,36.92285216250694,37.09454709137433,36.811253242330274,36.96577835083008,25748700
2015-03-05,MSFT,36.97434643904122,37.12028821482629,36.75972868479798,37.00868606567383,23193500
2015-03-06,MSFT,36.91425090189312,37.00868323049495,36.18455190329004,36.364830017089844,36248800
2015-03-09,MSFT,36.21890104641315,37.02586612147543,36.21890104641315,36.785491943359375,32108000
2015-03-10,MSFT,36.35626117429325,36.66531139116267,36.08155059814453,36.08155059814453,39159700
2015-03-11,MSFT,36.32192090308775,36.373427083822506,35.918438355022644,36.03862380981445,32215300
2015-03-12,MSFT,35.48061623382947,35.755326755581,35.07713372227853,35.2144889831543,59992500
2015-03-13,MSFT,34.93977229306596,35.60079539270966,34.862509767787934,35.52353286743164,58007700
2015-03-16,MSFT,35.60079990389643,35.746738428577004,35.437688288303356,35.678062438964844,35273500
2015-03-17,MSFT,35.51495123421833,35.909850459584945,35.326089804494416,35.798248291015625,31673400
2015-03-18,MSFT,35.56647079546785,36.76833207997192,35.48062496434979,36.48503494262695,44194800
2015-03-19,MSFT,36.278999795771384,36.5622969286853,36.24466342874634,36.30475616455078,33879100
2015-03-20,MSFT,36.53652309142098,36.897079301544956,36.47643038973366,36.81123352050781,71904500
2015-03-23,MSFT,36.81124101217285,37.02585878325043,36.725391938857435,36.794071197509766,26246100
2015-03-24,MSFT,36.725388409519354,37.06019157625637,36.69963532740327,36.828407287597656,25513300
2015-03-25,MSFT,36.84557580636682,36.85416235073839,35.57503904836871,35.59220886230469,43469900
2015-03-26,MSFT,35.386188170460834,35.720991454783224,35.12864415962071,35.377601623535156,37495600
2015-03-27,MSFT,35.30033472426187,35.56646197441772,35.051380565840695,35.171566009521484,34401400
2015-03-30,MSFT,35.283153085296014,35.66088238151036,35.12004479135313,35.162967681884766,35049700
2015-03-31,MSFT,35.00846074434047,35.22307858269431,34.80242945341344,34.90544509887695,34887200
2015-04-01,MSFT,34.85392462424695,34.991279866394244,34.604970499284995,34.95694351196289,36865300
2015-04-02,MSFT,34.9054362906267,34.974115553476985,34.44186109080979,34.58780288696289,37487500
2015-04-06,MSFT,34.63072625197394,35.86692352654381,34.49337099924395,35.66947555541992,39223700
2015-04-07,MSFT,35.72099633267052,35.978537103871034,35.463455561470006,35.65231704711914,28809400
2015-04-08,MSFT,35.592223858649135,35.789671889894464,35.231667438499024,35.557884216308594,24753400
2015-04-09,MSFT,35.411942246512766,35.729575720626094,35.411942246512766,35.60939025878906,25723900
2015-04-10,MSFT,35.73817093302458,36.01288156234769,35.549306147311555,35.815433502197266,28022000
2015-04-13,MSFT,35.540703683777316,36.1072944601943,35.532117139166935,35.84975051879883,30276700
2015-04-14,MSFT,35.884082541888596,36.081530453583476,35.53210960803138,35.755313873291016,24244400
2015-04-15,MSFT,35.84974855739238,36.450678929758375,35.78107257830296,36.27898406982422,27343600
2015-04-16,MSFT,36.012871381150234,36.34767466130999,35.90126919616095,36.19314956665039,22509700
2015-04-17,MSFT,35.77248756486649,35.832583552000955,35.33466876436686,35.72956466674805,42387600
2015-04-20,MSFT,35.824001737421725,37.06019905040983,35.781078833636066,36.836997985839844,46057700
2015-04-21,MSFT,36.914251795072744,37.04302375079226,36.51076939030468,36.605201721191406,26013800
2015-04-22,MSFT,36.630975361463996,37.02587471906366,36.527959703955204,36.90568923950195,25064300
2015-04-23,MSFT,36.81981840025636,37.437918530158676,36.74255588401857,37.20613098144531,46309500
2015-04-24,MSFT,39.19778494910242,41.326792593765425,39.18920168018827,41.09500503540039,130933700
2015-04-27,MSFT,40.54559595231583,41.31822137214293,40.537012680899025,41.23237228393555,59248200
2015-04-28,MSFT,41.017758464574726,42.24537270945796,40.949082462138,42.202449798583984,60730800
2015-04-29,MSFT,41.82470832047253,42.331206343312004,41.63584365184551,42.1165885925293,47804600
2015-04-30,MSFT,41.80754429732608,42.52866017081502,41.72169522023964,41.75603485107422,64725500
2015-05-01,MSFT,41.70452500795407,41.96206566692458,41.549999957610325,41.77320098876953,38937300
2015-05-04,MSFT,41.52425760722929,41.95349327524847,41.361149232312975,41.41265869140625,34039500
2015-05-05,MSFT,41.05209255633465,41.343972895570964,40.61427368488404,40.86322784423828,50369200
2015-05-06,MSFT,40.837470010082136,41.00916488523308,39.50684045857517,39.73004150390625,52433000
2015-05-07,MSFT,39.72146380231151,40.42540994178905,39.627031443999776,40.090606689453125,32971700
2015-05-08,MSFT,40.82030948032552,41.189452399685,40.7945563893775,40.99200439453125,35364900
2015-05-11,MSFT,40.820311847429075,41.129362055959085,40.66578674316406,40.66578674316406,24609400
2015-05-12,MSFT,40.21937734475429,40.9319100646532,39.85023443983451,40.64861297607422,29928300
2015-05-13,MSFT,41.36972646226245,41.48132863659305,40.83747522860602,40.88898468017578,34184600
2015-05-14,MSFT,41.23236748281439,41.91056046404811,41.23236748281439,41.82471466064453,32980900
2015-05-15,MSFT,41.95348155262423,41.98782118242458,41.24953551575374,41.46415328979492,28642700
2015-05-18,MSFT,41.18943018100052,41.395464621868506,40.87179688968511,41.21518325805664,24136500
2015-05-19,MSFT,41.09423745664945,41.310250052686335,40.76589738776801,41.11151885986328,28574800
2015-05-20,MSFT,40.94734717737724,41.41393517587866,40.84366205418491,41.11151885986328,25047900
2015-05-21,MSFT,40.85230007820489,41.12879593047673,40.61900608483355,40.9732666015625,22410700
2015-05-22,MSFT,40.86958979522199,40.91279166291118,40.45484593244149,40.52397155761719,25720600
2015-05-26,MSFT,40.46348087177267,40.5066827315484,39.910485859935136,40.256107330322266,29581900
2015-05-27,MSFT,40.45483162362403,41.27568000375075,40.28202091789892,41.13743209838867,27335600
2015-05-28,MSFT,41.042400781494386,41.49170745926485,40.947354694415274,40.99919891357422,19283700
2015-05-29,MSFT,40.981918963583794,41.102885516495604,40.25611635002154,40.489410400390625,36519600
2015-06-01,MSFT,40.662217915837566,41.275692982781734,40.28203358447637,40.809104919433594,28837300
2015-06-02,MSFT,40.549883041417864,40.912782604971966,40.28202624730139,40.54124069213867,21498300
2015-06-03,MSFT,40.93006139956066,41.249762380710884,40.454834398289876,40.48075485229492,28002200
2015-06-04,MSFT,40.42891109515453,40.74860875768454,39.919121327076375,40.057369232177734,27745500
2015-06-05,MSFT,40.01417314180437,40.1956229253614,39.608068420051524,39.86728286743164,25438100
2015-06-08,MSFT,40.00552796581839,40.11785542697971,39.461175357518435,39.51301956176758,22121600
2015-06-09,MSFT,39.53894383484639,39.69447316652583,39.27972938074419,39.44390106201172,24406100
2015-06-10,MSFT,39.564859380456774,40.46347237796018,39.47845238295264,40.273380279541016,28417400
2015-06-11,MSFT,40.31659515053227,40.541246824414635,39.858649452181105,40.126502990722656,27347800
2015-06-12,MSFT,39.936399042925395,40.15241158072384,39.659903258230564,39.72038650512695,23931000
2015-06-15,MSFT,39.271095683680336,39.44390644201609,38.89955370689033,39.29701614379883,33254500
2015-06-16,MSFT,39.184675456109844,39.95368290683964,39.14147360510231,39.599422454833984,27070300
2015-06-17,MSFT,39.513013018560954,39.80679020181043,39.193315385524386,39.72038650512695,28704100
2015-06-18,MSFT,39.93640216721639,40.43754958014771,39.893197019404894,40.36842727661133,32658300
2015-06-19,MSFT,40.4289147177523,40.46347752114713,39.737675130307565,39.83271789550781,63837000
2015-06-22,MSFT,40.031448656973225,40.36842771861655,39.8845584042038,39.94504165649414,20318100
2015-06-23,MSFT,39.85865220099531,39.988257803911,39.4179845812448,39.66856002807617,25896500
2015-06-24,MSFT,39.46118123064232,39.96233205803422,39.35749610280257,39.43526077270508,34890900
2015-06-25,MSFT,39.772237832365555,39.7981615850392,39.31429218691532,39.44390106201172,20616000
2015-06-26,MSFT,39.443885358040134,39.98823450610339,38.90817196394555,39.106903076171875,49835300
2015-06-29,MSFT,38.91683284009077,39.081001238074336,38.329278273709456,38.33791732788086,34081700
2015-06-30,MSFT,38.63168940835494,38.6403317574533,37.9663702596693,38.147823333740234,35945400
2015-07-01,MSFT,38.41567106465172,39.080990113554066,38.10461246557115,38.40703201293945,28343900
2015-07-02,MSFT,38.43295286910248,38.66624682087093,38.07005336374486,38.36383056640625,21752000
2015-07-06,MSFT,37.98364462616269,38.432951109431336,37.975005574754945,38.355186462402344,23034000
2015-07-07,MSFT,38.31198665829818,38.4415955089617,37.430655043620256,38.27742385864258,36435800
2015-07-08,MSFT,38.39839718902244,38.79586286355585,38.04413666978591,38.225589752197266,39785900
2015-07-09,MSFT,38.66624901644305,39.07235369214671,38.45023645210537,38.4675178527832,32424700
2015-07-10,MSFT,38.890906261240424,39.00323373385692,38.510725279580015,38.5452880859375,25465800
2015-07-13,MSFT,38.86498091044257,39.417972558164244,38.83906045698381,39.34885025024414,28178300
2015-07-14,MSFT,39.27107799932193,39.71174210335392,39.15011151178725,39.417964935302734,22880300
2015-07-15,MSFT,39.4698181193888,39.65126789202452,39.253805543558556,39.5389404296875,26629600
2015-07-16,MSFT,39.75495906891129,40.34251362847011,39.720399556536115,40.316593170166016,26271700
2015-07-17,MSFT,40.22154493472051,40.4202761285904,39.97096953093604,40.28202819824219,29467100
2015-07-20,MSFT,40.30794999904846,40.72269377000622,40.126496921180916,40.54124069213867,30631900
2015-07-21,MSFT,40.420284892641504,40.895515346339415,40.161070379046244,40.85231018066406,42781900
2015-07-22,MSFT,39.262443245231246,40.54987960315657,39.05507302538072,39.34885025024414,59152400
2015-07-23,MSFT,39.11556332190253,39.94505094279825,38.96867303498449,39.841365814208984,33934000
2015-07-24,MSFT,39.66855280995318,40.0228133338738,39.57350674078827,39.69447326660156,32333200
2015-07-27,MSFT,39.69447849120619,39.75496176207367,39.098284837187705,39.184688568115234,39701400
2015-07-28,MSFT,39.38341800613678,39.43525891957517,38.700817413079186,39.17604446411133,34328900
2015-07-29,MSFT,39.22787926394832,40.4202661322792,39.10690947073127,39.996883392333984,40945900
2015-07-30,MSFT,39.97097349697291,40.95599380654252,39.685838554377455,40.50668716430664,39777900
2015-07-31,MSFT,40.86094033219528,40.9300626436732,40.178339789864914,40.35115051269531,31201500
2015-08-03,MSFT,40.5930806565563,40.61036205721785,40.13513507534078,40.44619369506836,24125900
2015-08-04,MSFT,40.39434957808037,41.2238370350392,40.333866323682756,41.07695007324219,33403900
2015-08-05,MSFT,41.45713703586791,41.8286789647386,41.07695605343562,41.11151885986328,26959700
2015-08-06,MSFT,41.223843253767726,41.2756874636823,40.031456090548375,40.28202819824219,27368000
2015-08-07,MSFT,40.08328830714422,40.420267358244985,39.97096085808066,40.38570785522461,19163000
2015-08-10,MSFT,40.567160163044655,41.03374809216947,40.47211410754625,40.89550018310547,23079900
2015-08-11,MSFT,40.45484268314623,40.55852781649066,39.65991783402071,40.100582122802734,29237400
2015-08-12,MSFT,39.91047760768257,40.52395575557594,39.495733906628566,40.38570785522461,30181400
2015-08-13,MSFT,40.662213412252626,40.69677292356507,40.1697049430749,40.3770751953125,22627200
2015-08-14,MSFT,40.204258321777004,40.696766715829305,40.195619269289345,40.6103630065918,21473400
2015-08-17,MSFT,40.44619569149366,40.99918735559831,40.238822169409254,40.88685989379883,21099700
2015-08-18,MSFT,40.73899562052418,41.25214706275488,40.617231433863545,41.11298751831055,23574100
2015-08-19,MSFT,40.68682274495254,40.94774987852094,40.26934397619997,40.53896713256836,31485500
2015-08-20,MSFT,40.06928879647676,40.4171893123362,39.71269226074219,39.71269226074219,36238200
2015-08-21,MSFT,39.39959046323812,39.556145395393216,37.460052490234375,37.460052490234375,70053100
2015-08-24,MSFT,35.181308939975416,37.12954269482774,34.546393267860346,36.2510986328125,88753700
2015-08-25,MSFT,37.025185336038604,37.607918429712925,35.12913375252009,35.19871520996094,70616600
2015-08-26,MSFT,36.53812903567384,37.26002180440973,35.711870705152144,37.14695358276367,63408000
2015-08-27,MSFT,37.59921656097894,38.22543636454236,37.338292748769604,38.181949615478516,50943200
2015-08-28,MSFT,37.74708038749078,38.39939166157534,37.73838104585336,38.208045959472656,28246700
2015-08-31,MSFT,37.88623115246531,38.208037043595205,37.48614447617237,37.8514404296875,34441700
2015-09-01,MSFT,36.67726272491899,37.04255852211896,36.23369281170245,36.37285232543945,49688900
2015-09-02,MSFT,36.84252467095277,37.729668001643795,36.4250460420085,37.71227264404297,37671500
2015-09-03,MSFT,37.755779362526184,38.251535704155685,37.6427111371886,37.83405685424805,28285200
2015-09-04,MSFT,37.23392115703853,37.43396284232391,36.70337423101704,37.05997085571289,37138800
2015-09-08,MSFT,37.66008918911407,38.268913476163576,37.573115712889326,38.173240661621094,32469800
2015-09-09,MSFT,38.451564848666024,38.616819120288554,37.32089291918828,37.460052490234375,33469500
2015-09-10,MSFT,37.50352739714037,38.08626019797765,37.18172161275775,37.65138626098633,31366600
2015-09-11,MSFT,37.52093209245154,37.912319396732634,37.34698181079042,37.816646575927734,27132500
2015-09-14,MSFT,37.77316889613596,37.78186491928349,37.277412631064614,37.43396759033203,23656000
2015-09-15,MSFT,37.56440526583119,38.52112981050301,37.468735797406026,38.25150680541992,28882200
2015-09-16,MSFT,38.24281963995174,38.59941617808434,38.12975147386329,38.52983474731445,23372200
2015-09-17,MSFT,38.52115318571852,39.13867368536481,38.338506838131835,38.48636245727539,32768200
2015-09-18,MSFT,37.834041935876414,38.26021996005486,37.68618635305114,37.816646575927734,63143700
2015-09-21,MSFT,37.9384003401418,38.67768800435253,37.92100498497892,38.36457824707031,26177200
2015-09-22,MSFT,37.729680125996744,38.312409862670044,37.66879801374211,38.181949615478516,28085900
2015-09-23,MSFT,38.20803553889865,38.41677323169319,37.84273959976949,38.15584945678711,17145200
2015-09-24,MSFT,37.790563709756135,38.38199280996728,37.634008752769276,38.19064712524414,27905600
2015-09-25,MSFT,38.68639681638519,38.903833851089125,38.06017709473358,38.216732025146484,29384600
2015-09-28,MSFT,38.121050909214915,38.347183896607476,37.5818048385118,37.65138626098633,27613800
2015-09-29,MSFT,37.72097824341081,37.894928545769666,37.44265908676706,37.7818603515625,32763600
2015-09-30,MSFT,38.164557987547745,38.52985069682765,37.973212291547824,38.495059967041016,34958900
2015-10-01,MSFT,38.921240868584576,38.921240868584576,38.0514924692866,38.799476623535156,28657900
2015-10-02,MSFT,38.503746682848245,39.63441848754883,38.19933287377371,39.63441848754883,41839000
2015-10-05,MSFT,39.790979014257054,40.782491403104416,39.7474922690635,40.556358337402344,34369300
2015-10-06,MSFT,40.295450923912085,41.03473584611532,40.19977805491059,40.660743713378906,27017200
2015-10-07,MSFT,40.96513212736595,41.18256914145563,39.96492385324873,40.70420837402344,27711500
2015-10-08,MSFT,40.49548997450493,41.33044770977461,40.4433038718654,41.26956558227539,33772700
2015-10-09,MSFT,41.26954564654593,41.34782310377883,40.808576923807514,40.97383117675781,28600600
2015-10-12,MSFT,40.86075939702958,40.93903684735786,40.443280767887195,40.87815475463867,19769100
2015-10-13,MSFT,40.49547840337041,40.99123462439413,40.49547840337041,40.782493591308594,19987800
2015-10-14,MSFT,40.57375831440884,40.9651423834977,40.46938613268054,40.599849700927734,24697800
2015-10-15,MSFT,40.88685989379883,40.904255255287715,40.46938117154338,40.88685989379883,27189400
2015-10-16,MSFT,40.895564398861474,41.3478339012196,40.791195534571564,41.321739196777344,26450300
2015-10-19,MSFT,41.24346148614764,41.643548213014185,40.89556416787083,41.41741180419922,29387600
2015-10-20,MSFT,41.26085972293526,41.5826689949791,40.8955670156335,41.54787826538086,30802200
2015-10-21,MSFT,41.6783251066792,41.739210522787914,40.9738313071664,41.05210876464844,25144300
2015-10-22,MSFT,41.339131780465166,42.57417597650861,40.95644375858646,41.77400588989258,56637100
2015-10-23,MSFT,45.48783293395409,47.02728773873969,45.444346184902216,45.98358917236328,135227100
2015-10-26,MSFT,45.6878773745467,47.24472763590957,45.66178598711568,47.18384552001953,64633300
2015-10-27,MSFT,46.95770444504836,47.28820635579469,46.60110783347664,46.69677734375,50999900
2015-10-28,MSFT,46.56632091581018,46.94900894165039,45.97489185544046,46.94900894165039,47000800
2015-10-29,MSFT,46.566310618608725,46.81853834519083,46.28799151266484,46.40975570678711,30202100
2015-10-30,MSFT,46.374971647560564,46.95770464030381,45.76614727170936,45.78354263305664,46619800
2015-11-02,MSFT,45.96619243841913,46.40976589186878,45.766150744484925,46.305397033691406,30285000
2015-11-03,MSFT,46.03576527881306,47.30559665558509,46.00967389860525,47.096858978271484,36596900
2015-11-04,MSFT,47.12294728447161,47.7317715529339,47.018578452623174,47.314292907714844,37087800
2015-11-05,MSFT,47.392585990145186,47.57523233556923,46.966407866329305,47.296913146972656,31468500
2015-11-06,MSFT,47.044696769805896,47.81877240843057,46.93162853516032,47.76658630371094,32851200
2015-11-09,MSFT,47.44476923926205,47.72308843064445,46.58372027774352,47.105567932128906,32513100
2015-11-10,MSFT,47.02728618227509,47.0794722701059,46.3314882669951,46.540225982666016,55283700
2015-11-11,MSFT,46.70547404650684,47.14034810035174,46.49673304081797,46.6619873046875,36516300
2015-11-12,MSFT,46.514140527309806,46.94901469452604,46.261912714046005,46.37498092651367,35361100
2015-11-13,MSFT,46.15753833798898,46.34888401044805,45.68787349713101,45.957496643066406,36848200
2015-11-16,MSFT,46.166243702883904,46.87073773827977,45.96619866402964,46.7663688659668,32165200
2015-11-17,MSFT,46.5562115100206,46.87143184360062,46.27601640021374,46.3810920715332,31551300
2015-11-18,MSFT,46.40735520407604,47.265453069291006,46.3898425937424,47.1516227722168,29710000
2015-11-19,MSFT,47.274213801509255,47.86087125104908,47.090333052376856,47.230430603027344,28149200
2015-11-20,MSFT,47.501871024934346,47.545650883186795,46.643773110467905,47.44933319091797,37147600
2015-11-23,MSFT,47.501871024934346,47.68574843370807,47.06406576203173,47.44933319091797,28235900
2015-11-24,MSFT,47.21291613594462,47.66823399270947,46.915211775179195,47.501869201660156,24600000
2015-11-25,MSFT,47.361769719065975,47.484354648528615,47.01152420043945,47.01152420043945,21005100
2015-11-27,MSFT,47.107849374820006,47.353022612914565,47.09909473854739,47.2216796875,9009100
2015-11-30,MSFT,47.755807559955706,48.12356244435241,47.28297698842592,47.589439392089844,56241400
2015-12-01,MSFT,47.64197337738942,48.35997381370335,47.545655675412526,48.351219177246094,39952800
2015-12-02,MSFT,48.438793622359604,48.9991840512214,48.211136263205915,48.34247589111328,47274900
2015-12-03,MSFT,48.587630129320374,48.832800010625625,47.22167649021445,47.458091735839844,38627800
2015-12-04,MSFT,47.38803969198947,49.235578395737555,47.37052708103108,48.95538330078125,43963700
2015-12-07,MSFT,48.850327196458785,49.00793740723138,48.41252179768828,48.86783981323242,30709800
2015-12-08,MSFT,48.57012376823038,49.12175607215641,48.14983105753884,48.850318908691406,32878000
2015-12-09,MSFT,48.48255124225029,48.9203564813464,47.729525696574754,48.14106369018555,36373200
2015-12-10,MSFT,48.500057507358136,48.73647270636243,48.167324633923755,48.39498519897461,31775800
2015-12-11,MSFT,47.904651279414466,48.246138851575566,47.291723240571635,47.335506439208984,39549500
2015-12-14,MSFT,47.57192365589408,48.342458549067366,47.002775451896575,48.281166076660156,46768900
2015-12-15,MSFT,48.736485977404676,48.946633991583916,48.237388201442016,48.33370590209961,39843000
2015-12-16,MSFT,48.63141888287527,49.25310167571431,47.94844026830969,49.14802932739258,37503300
2015-12-17,MSFT,49.34941780005126,49.72593065463721,48.62265934206781,48.771514892578125,41280900
2015-12-18,MSFT,48.83279786210751,49.03418787577463,47.309234126284224,47.39679718017578,84684200
2015-12-21,MSFT,48.05350733695901,48.465042019143546,47.484359150280056,48.009727478027344,37246300
2015-12-22,MSFT,48.149832704990665,48.57888006716859,47.72078200262308,48.465049743652344,28322200
2015-12-23,MSFT,48.77151456981446,48.929124756281325,48.54385392705582,48.8765869140625,27279800
2015-12-24,MSFT,48.91161506073225,48.99917479613199,48.53510218617174,48.74524688720703,9558500
2015-12-28,MSFT,48.46503398106636,48.99040222167969,48.14105907047738,48.99040222167969,22458300
2015-12-29,MSFT,49.28812030697194,49.778460093624275,49.08673027456983,49.515777587890625,27731400
2015-12-30,MSFT,49.44573875684264,49.717175944130425,49.2881285589769,49.305641174316406,21704500
2015-12-31,MSFT,49.069223495188986,49.200563093573955,48.5263424665908,48.578880310058594,27334100
2016-01-04,MSFT,47.56316301067075,47.983455657958984,46.74884496274072,47.983455657958984,53778000
2016-01-05,MSFT,48.09728972554683,48.50006979320474,47.755802131654725,48.202362060546875,34079700
2016-01-06,MSFT,47.56315546778534,47.63320590131883,46.96774014350472,47.32674026489258,39518900
2016-01-07,MSFT,46.14467505944843,46.83640817170509,45.593039496745995,45.680599212646484,56564900
2016-01-08,MSFT,45.85573111773771,46.65253671581279,45.66309903635223,45.820709228515625,48754000
2016-01-11,MSFT,45.9783110176299,46.27601875446898,45.05892055804105,45.79443359375,36943800
2016-01-12,MSFT,46.197209068653166,46.4949167758588,45.584284383396586,46.2147216796875,36095500
2016-01-13,MSFT,47.107852540873054,47.3442678183948,44.91882590477124,45.21653366088867,66883600
2016-01-14,MSFT,45.53174537732822,46.7751106670338,45.15523260026212,46.5036735534668,52381900
2016-01-15,MSFT,44.92758359869205,45.50548649337345,44.07824020037638,44.64738845825195,71820700
2016-01-19,MSFT,45.07643418824965,45.251556979788205,43.83306871468582,44.2708740234375,43564500
2016-01-20,MSFT,43.76301379129294,44.98886986664352,42.992475591352886,44.472259521484375,63273000
2016-01-21,MSFT,44.656134963506844,45.16399065069624,44.04320695283268,44.2008171081543,40191200
2016-01-22,MSFT,45.015148104839795,45.82071172423945,44.88380515748651,45.78568649291992,37555800
2016-01-25,MSFT,45.47922857635854,46.10091484888419,45.225303955953365,45.3478889465332,34707700
2016-01-26,MSFT,45.34786962007338,45.917014453804676,45.13772162564753,45.680599212646484,28900800
2016-01-27,MSFT,45.540499886686746,45.7068680166728,44.67364737644257,44.84877014160156,36775200
2016-01-28,MSFT,45.4091667607752,45.71562913814373,44.875043754342,45.58428955078125,62513800
2016-01-29,MSFT,47.92216825699034,48.237388610839844,47.28297291287969,48.237388610839844,83611700
2016-02-01,MSFT,48.053503343372086,48.23738073971701,47.72077043080351,47.90464782714844,44208500
2016-02-02,MSFT,47.431834534300435,47.51063963841539,46.10090908287686,46.407371520996094,56313800
2016-02-03,MSFT,46.62625618617595,46.748841114019264,44.88378993131937,45.67184066772461,57559800
2016-02-04,MSFT,45.619309446430215,46.24099549083929,44.980114129954856,45.5317497253418,46987100
2016-02-05,MSFT,45.47920944418777,45.531747278130595,43.395258800624845,43.920623779296875,62009000
2016-02-08,MSFT,43.38650860601537,43.40402122047044,42.195677544587795,43.26392364501953,59290500
2016-02-09,MSFT,42.922428183214016,43.99067408876398,42.61596249644377,43.15008544921875,46740500
2016-02-10,MSFT,43.684221536667074,44.12202692924171,43.36024648141506,43.526611328125,38237000
2016-02-11,MSFT,42.62472143156917,43.87684477325074,42.47586590260138,43.50908660888672,48878600
2016-02-12,MSFT,43.9994315534535,44.37594436928526,43.56162626436441,44.21833419799805,34243300
2016-02-16,MSFT,44.888573994072644,45.05613327026367,44.20951266818602,45.05613327026367,37291200
2016-02-17,MSFT,45.40889962141107,46.53772724211258,45.373622917221226,46.229061126708984,40789000
2016-02-18,MSFT,46.14968686097221,46.69646223952072,45.946847523535794,46.02621841430664,27176000
2016-02-19,MSFT,45.83221042891831,46.10559647864308,45.44417340736566,45.69992446899414,33559100
2016-02-22,MSFT,46.10559934810273,46.740566612582256,46.10559934810273,46.43190383911133,25008300
2016-02-23,MSFT,46.15851034696903,46.184966192604,44.95912933699987,45.1355094909668,28895300
2016-02-24,MSFT,44.70338501748456,45.41772323480382,44.27125710753641,45.29425811767578,33014500
2016-02-25,MSFT,45.62055253851472,45.94685363769531,44.63282838295173,45.94685363769531,26939500
2016-02-26,MSFT,46.38779888049169,46.458352282710166,45.064952866437686,45.2413330078125,35975900
2016-02-29,MSFT,45.285438357036654,45.55001031635517,44.67693025178291,44.870948791503906,31654000
2016-03-01,MSFT,44.95031143022364,46.378984272304564,44.90621386900832,46.37016677856445,33024500
2016-03-02,MSFT,46.220231618915115,46.70527440084942,45.99975732129309,46.69645690917969,29289900
2016-03-03,MSFT,46.714102835172255,46.714102835172255,45.664642855167,46.16732406616211,24427800
2016-03-04,MSFT,46.211413324771115,46.25550751069565,45.60290212083198,45.885108947753906,33034200
2016-03-07,MSFT,45.47063903926463,45.68229256802718,44.606379841111156,45.003231048583984,38407800
2016-03-08,MSFT,44.800388226862246,45.97331340931419,44.62400807017084,45.55000305175781,33835100
2016-03-09,MSFT,45.7616536195757,46.60827428050235,45.73519777522532,46.599456787109375,28251600
2016-03-10,MSFT,46.67883409454228,46.68765158914612,45.117875144252324,45.90276336669922,38387800
2016-03-11,MSFT,46.740574563710624,46.80230712890625,46.19379897304683,46.80230712890625,32275700
2016-03-14,MSFT,46.48481941682281,47.260890208863444,46.414269361640315,46.8904914855957,24083600
2016-03-15,MSFT,46.520093111641934,47.260887145996094,46.511275616880134,47.260887145996094,21104800
2016-03-16,MSFT,47.13741619325519,48.15159617378844,47.093321996566196,47.931121826171875,31691700
2016-03-17,MSFT,47.807647682272666,48.504347296293176,47.622450072724206,48.20450210571289,28223900
2016-03-18,MSFT,48.43379756039884,48.47789511624343,47.13741083151038,47.17268753051758,67625500
2016-03-21,MSFT,46.96102744258902,47.560717827421485,46.678820598452674,47.498985290527344,23925700
2016-03-22,MSFT,47.27850552756963,47.84291915071165,47.14621961282109,47.68417739868164,23124100
2016-03-23,MSFT,47.71946193652884,47.834109523881594,47.39316088778603,47.59599685668945,20129000
2016-03-24,MSFT,47.48135046283067,47.91348161730168,47.384341222183835,47.80765151977539,19950000
2016-03-28,MSFT,47.80764345961645,47.87819684607232,47.031576393625706,47.216773986816406,17025100
2016-03-29,MSFT,47.32260852294836,48.38088594548476,47.13741089915156,48.248600006103516,23924300
2016-03-30,MSFT,48.44262372552391,49.06877006274383,48.41616788045509,48.5484504699707,23008300
2016-03-31,MSFT,48.46025748422388,49.02467122001089,48.380886592368135,48.70718765258789,26360500
2016-04-01,MSFT,48.54845106599353,49.042314819760946,48.125140718837855,49.00703811645508,24399200
2016-04-04,MSFT,48.883567810058594,49.08640378619591,48.504351700358455,48.883567810058594,18928800
2016-04-05,MSFT,48.671910624087225,48.76891986505204,48.02812600079578,48.11631774902344,19272300
2016-04-06,MSFT,47.939943172472375,48.680737122578826,47.80765721688595,48.61018371582031,21188700
2016-04-07,MSFT,48.3897150487023,48.42499175622435,47.825301185037446,48.02813720703125,19225100
2016-04-08,MSFT,48.21332942284298,48.7512873771149,47.90466667736153,47.992855072021484,22167200
2016-04-11,MSFT,48.054592943447624,48.63664511876733,47.8870302769255,47.895851135253906,21414200
2016-04-12,MSFT,47.948756616402484,48.31033438507146,47.41079870990616,48.1956901550293,24944300
2016-04-13,MSFT,48.61017900561183,48.89238587695755,48.4073430270928,48.81301498413086,20818000
2016-04-14,MSFT,48.698365676695715,49.015849214891674,48.566079747723755,48.82183074951172,20877100
2016-04-15,MSFT,48.76893241977656,49.31570794286116,48.60137310126556,49.077598571777344,28793800
2016-04-18,MSFT,48.93649662943528,49.906582590742794,48.68956302729512,49.791934967041016,23786000
2016-04-19,MSFT,49.94184711813813,50.06531220700587,49.10404397545817,49.73019027709961,29596800
2016-04-20,MSFT,49.641994549760376,49.82719215568137,48.936477457558354,49.02466583251953,36195700
2016-04-21,MSFT,49.209872390341694,49.58908852716655,48.87475044901872,49.19223403930664,38909100
2016-04-22,MSFT,45.77929757655578,46.23788466509138,44.77393499806966,45.664649963378906,126834100
2016-04-25,MSFT,45.6646530473349,45.97331920147653,45.53237043627887,45.95568084716797,33226900
2016-04-26,MSFT,46.087962824757064,46.1673337359686,45.05614434317922,45.36480712890625,33532600
2016-04-27,MSFT,45.400068692195994,45.417707040378204,44.579904004663256,44.92384338378906,43369300
2016-04-28,MSFT,44.64165108487446,44.7739370572526,43.70684187586527,44.00668716430664,43134800
2016-04-29,MSFT,43.52163753459562,44.315346580208356,43.52163753459562,43.980224609375,48411700
2016-05-02,MSFT,44.09487357757244,44.75629668123603,43.90085505729613,44.63283157348633,33114500
2016-05-03,MSFT,44.3947275392669,44.45646010522108,43.74212180238661,43.90086364746094,26460200
2016-05-04,MSFT,43.9537687625785,44.147787276877565,43.61864679174515,43.980224609375,24257600
2016-05-05,MSFT,43.9802291116293,44.35944532066776,43.85676399504415,44.041961669921875,25390700
2016-05-06,MSFT,44.0243193751323,44.438812255859375,43.795027516878655,44.438812255859375,24787300
2016-05-09,MSFT,44.526995749427854,44.615184132951676,44.09486459615026,44.15659713745117,17951600
2016-05-10,MSFT,44.38589587007912,45.06495387874321,44.26242741342328,44.99440383911133,22891000
2016-05-11,MSFT,45.09140834633651,45.664639553197425,44.976760759295885,45.02085494995117,24039100
2016-05-12,MSFT,45.15314291779736,45.69110081484264,44.90620938350877,45.42652893066406,24102800
2016-05-13,MSFT,45.364809244454094,45.77048467854915,45.01205223919726,45.04732894897461,22592300
2016-05-16,MSFT,44.80038369672576,45.82338446508587,44.75628950305455,45.708740234375,20032000
2016-05-17,MSFT,45.93075943699441,45.93963860347307,44.72298953378685,44.856197357177734,27803500
2016-05-18,MSFT,44.82956011048171,45.41568338902323,44.669707999270194,45.122623443603516,24907500
2016-05-19,MSFT,44.82067687755117,44.953884699675946,44.24343281857178,44.68746566772461,23842400
2016-05-20,MSFT,44.829551666468426,45.48672170963263,44.7585081791461,44.953880310058594,23905800
2016-05-23,MSFT,44.93612502600284,45.0071719112003,44.3855252165303,44.429927825927734,26118700
2016-05-24,MSFT,45.02492972040033,45.92187454802242,44.7585106994622,45.8153076171875,34757900
2016-05-25,MSFT,46.10836261894718,46.614563108892675,45.99291653436608,46.28597640991211,24040200
2016-05-26,MSFT,46.11725714857211,46.16165976091956,45.61105991486641,46.08173370361328,24335200
2016-05-27,MSFT,46.10836871509838,46.46359634399414,45.975160895038776,46.46359634399414,17721400
2016-05-31,MSFT,46.41032317181734,47.0674934387207,46.25047442399488,47.0674934387207,37653100
2016-06-01,MSFT,46.570158379859016,47.023073728453674,46.570158379859016,46.93426513671875,25324800
2016-06-02,MSFT,46.747768907490574,46.83657749301689,46.03731716178577,46.60567855834961,22840800
2016-06-03,MSFT,46.51689035504164,46.55241041452795,45.824196685671716,45.9929313659668,23368300
2016-06-06,MSFT,46.17054741524779,46.49024829207962,46.08173879304238,46.29487609863281,18243300
2016-06-07,MSFT,46.3925548557157,46.82770516283144,46.26822280883789,46.26822280883789,20866800
2016-06-08,MSFT,46.19716977072319,46.57015567121185,46.06395858471942,46.21493148803711,21149400
2016-06-09,MSFT,46.17940768436121,46.17940768436121,45.72649575343002,45.841941833496094,20305700
2016-06-10,MSFT,45.33575990144582,46.22382573061304,45.32688073374316,45.717628479003906,25833200
2016-06-13,MSFT,44.03029618707181,45.042690477623495,43.56850164638653,44.527610778808594,83217800
2016-06-14,MSFT,44.314479849314196,44.492090279410206,44.02141654179254,44.252315521240234,42577100
2016-06-15,MSFT,44.207905319583325,44.5098477647989,44.12797927856445,44.12797927856445,33757600
2016-06-16,MSFT,43.9770175145976,44.82068067704653,43.968134959748554,44.7496337890625,31188600
2016-06-17,MSFT,44.767391287351145,44.785153007671376,44.2434323948606,44.518733978271484,45710500
2016-06-20,MSFT,44.97163975951706,45.140374385333374,44.42991922175134,44.4654426574707,35607900
2016-06-21,MSFT,44.58089984172744,45.673220271297836,44.5453763998629,45.4600830078125,34097800
2016-06-22,MSFT,45.36239292873684,45.699855420974,45.24694345102336,45.282466888427734,28816800
2016-06-23,MSFT,45.5399974653072,46.232690854523256,45.424551390188704,46.09947967529297,29028800
2016-06-24,MSFT,44.23455380069027,45.238065603999566,43.97701393426854,44.252315521240234,133503000
2016-06-27,MSFT,43.60403574932821,43.64844175593068,42.662688032922816,43.009033203125,50216300
2016-06-28,MSFT,43.44417690883851,43.932615804491114,43.2221604608881,43.90597152709961,38140700
2016-06-29,MSFT,44.32335688935419,45.04269129245991,44.22566912486681,44.88283920288086,31304000
2016-06-30,MSFT,45.0426986901613,45.55777509518739,44.84732312909855,45.442325592041016,28527800
2016-07-01,MSFT,45.40680408758418,45.93076303107244,45.35351892143717,45.43344497680664,21400400
2016-07-05,MSFT,45.14038647069268,45.540013372572396,45.0604604127763,45.442325592041016,24806400
2016-07-06,MSFT,45.095969496883946,45.770901241210595,44.74962445942483,45.62881088256836,28167500
2016-07-07,MSFT,45.66433093145289,45.83306556138523,45.353509330579676,45.62881088256836,19585200
2016-07-08,MSFT,45.93964171213968,46.49912409380583,45.77978960309221,46.445838928222656,28391000
2016-07-11,MSFT,46.62345071899318,46.916514035323765,46.596809831218366,46.70337677001953,22269200
2016-07-12,MSFT,47.01419676988615,47.42270956507503,46.88098894798476,47.25397491455078,27317600
2016-07-13,MSFT,47.564807002571364,47.831226073628734,47.22734103912414,47.52040100097656,25356800
2016-07-14,MSFT,47.81345654996675,47.94666775761373,47.582560962773954,47.72465133666992,24545500
2016-07-15,MSFT,47.911137636322984,47.95554023677975,47.25396763137856,47.68912124633789,32024400
2016-07-18,MSFT,47.68913307426046,48.257494631555886,47.55592185214968,47.92002868652344,31433900
2016-07-19,MSFT,47.69799187299378,47.8667264673063,47.00530194430221,47.14739227294922,53336500
2016-07-20,MSFT,49.86489355866787,50.4776577107866,49.314290350756195,49.651756286621094,89893300
2016-07-21,MSFT,49.71391014839467,49.93592654065493,49.518534639141215,49.55405807495117,32776700
2016-07-22,MSFT,49.802722810094636,50.29115823546443,49.536300407436954,50.23787307739258,32157200
2016-07-25,MSFT,50.14905975287147,50.388837843840044,49.96256342365079,50.37995529174805,25610600
2016-07-26,MSFT,50.193474706680824,50.877285714958774,50.184592152402146,50.40660858154297,28079000
2016-07-27,MSFT,50.27339520516269,50.442126453104635,49.82936239591405,49.90040588378906,32327500
2016-07-28,MSFT,49.73166654835517,50.060249825207684,49.4830092996777,49.91815948486328,37550400
2016-07-29,MSFT,49.962574307674316,50.40660715337519,49.77608132552837,50.33556365966797,30558700
2016-08-01,MSFT,50.26450820755216,50.39771939362901,49.85599887221156,50.24674987792969,26003400
2016-08-02,MSFT,50.48652459254612,50.53093057970586,50.006971775612065,50.24674987792969,35122000
2016-08-03,MSFT,50.33556923875924,50.71743779940367,50.16683795826371,50.593109130859375,22075600
2016-08-04,MSFT,50.44213602089788,51.08154447156248,50.32668652003852,50.966094970703125,26587700
2016-08-05,MSFT,51.196988030492996,51.69430264533407,51.01937421617758,51.472286224365234,29335200
2016-08-08,MSFT,51.56110382080078,51.58774471190029,51.31244308229679,51.56110382080078,19473500
2016-08-09,MSFT,51.65877290438919,51.95183617042153,51.525565100675564,51.68541717529297,16920700
2016-08-10,MSFT,51.64990621374053,51.791996604640275,51.34796370961579,51.525577545166016,15756900
2016-08-11,MSFT,51.53444521131156,51.907434521495595,51.53444521131156,51.77422332763672,18162300
2016-08-12,MSFT,51.53445868295958,51.67654907929233,51.17035183062552,51.454532623291016,21655200
2016-08-15,MSFT,51.51668449438269,51.95183813343945,51.47228189146705,51.61437225341797,19283900
2016-08-16,MSFT,51.480332610697914,51.48926711707918,51.176508261496856,51.32841873168945,20523500
2016-08-17,MSFT,51.417785078169004,51.54288863071476,51.14076763409189,51.4356575012207,18856400
2016-08-18,MSFT,51.310556611613976,51.5607671551299,51.17651853608926,51.471405029296875,14214300
2016-08-19,MSFT,51.31949396200292,51.58757351890912,51.11396618808096,51.48927688598633,17271000
2016-08-22,MSFT,51.471402839347874,51.605444317986084,51.167578442075474,51.53395462036133,15221900
2016-08-23,MSFT,51.73946769864115,51.989674735174894,51.69478494884709,51.73052978515625,18732400
2016-08-24,MSFT,51.65011153747895,51.864577171140134,51.57862526546896,51.78415298461914,18151500
2016-08-25,MSFT,51.72162081256225,52.08799704355267,51.632258677676234,51.98076248168945,18552600
2016-08-26,MSFT,52.07905204910261,52.45436614699202,51.55182745577405,51.85565185546875,20971200
2016-08-29,MSFT,51.9896796818618,52.36499027237228,51.918190002441406,51.918190002441406,16417200
2016-08-30,MSFT,51.81095396244427,51.99860923984458,51.480322748622505,51.73052978515625,16930200
2016-08-31,MSFT,51.516073059786564,51.650111096967976,51.203310822065454,51.34628677368164,20860300
2016-09-01,MSFT,50.94418090001239,51.667998786437586,50.94418090001239,51.46247100830078,26075400
2016-09-02,MSFT,51.53395462036133,51.99862742847303,51.310554428508574,51.53395462036133,18900500
2016-09-06,MSFT,51.63224953948781,51.65012196330184,51.12289739164489,51.48033905029297,16278400
2016-09-07,MSFT,51.35523007487248,51.685861358512575,51.30161280908654,51.5250129699707,17493400
2016-09-08,MSFT,51.49820934733385,51.6411853231252,51.09608835016564,51.319488525390625,20146100
2016-09-09,MSFT,50.74758000413364,51.39990804737003,50.22929000854492,50.22929000854492,35113900
2016-09-12,MSFT,50.041635632549365,51.12289158435113,49.69313192980465,50.979915618896484,29303000
2016-09-13,MSFT,50.48845566502463,50.622497176334775,50.08633453991143,50.515262603759766,30130200
2016-09-14,MSFT,50.390140597714435,50.604606255677346,50.06844381517806,50.27397155761719,24062500
2016-09-15,MSFT,50.17568029994693,51.247998405017,50.02376640947846,51.10502243041992,26847000
2016-09-16,MSFT,51.49821104720468,51.49821104720468,50.71184144998742,51.15864181518555,44607000
2016-09-19,MSFT,51.17650883134389,51.60543672755396,50.80119479165013,50.872684478759766,20937100
2016-09-20,MSFT,51.2479950911756,51.2479950911756,50.711836073310145,50.76545333862305,17384000
2016-09-21,MSFT,51.39097209001208,51.694796448596726,51.006726945064635,51.61437225341797,33707300
2016-09-22,MSFT,51.75735034368324,51.828840035135855,51.49820873420781,51.667991638183594,19822200
2016-09-23,MSFT,51.7126716066128,51.74841645276467,51.27480917210886,51.319488525390625,19955300
2016-09-26,MSFT,51.006730818343286,51.06034467998973,50.78333063797314,50.845882415771484,21688700
2016-09-27,MSFT,50.87268000698641,51.882449591346536,50.64927986762982,51.78415298461914,28065100
2016-09-28,MSFT,51.721613784578295,51.88246219669998,51.533955031225375,51.85565185546875,20536400
2016-09-29,MSFT,51.659062648184516,51.98075606762877,51.122900131477806,51.292686462402344,25463500
2016-09-30,MSFT,51.44459809595524,51.62331893880474,51.2390703197641,51.471405029296875,29910800
2016-10-03,MSFT,51.30161236852037,51.42671591213059,50.98885350949481,51.310546875,19189500
2016-10-04,MSFT,51.176510908838566,51.47139735809686,50.90843138892665,51.14970397949219,20085900
2016-10-05,MSFT,51.194378456603715,51.793089213770436,51.167568120994176,51.507137298583984,16726400
2016-10-06,MSFT,51.59650421142578,51.7037353374108,51.185445312320475,51.59650421142578,16212600
2016-10-07,MSFT,51.69479149873948,51.81096052705564,51.310542981768464,51.65011215209961,20089000
2016-10-10,MSFT,51.74842063618531,52.17734859823454,51.712675787143766,51.86458969116211,18196500
2016-10-11,MSFT,51.73054359758821,51.84671264220338,50.8369429041524,51.10502243041992,26497400
2016-10-12,MSFT,51.033538818359375,51.17651480043908,50.39908311093171,51.033538818359375,22177500
2016-10-13,MSFT,50.66716062079241,51.20331967990117,50.3275913986549,50.86375045776367,25313700
2016-10-14,MSFT,51.042467366004395,51.596502214586664,51.042467366004395,51.310546875,27402500
2016-10-17,MSFT,51.25693949692223,51.346298208276295,50.81907363012811,51.1318359375,23830000
2016-10-18,MSFT,51.40884393184248,51.78415797471216,51.30161280908654,51.5250129699707,19149500
2016-10-19,MSFT,51.3552339478246,51.68586525639925,51.29268217076497,51.40884780883789,22878400
2016-10-20,MSFT,51.38204199778461,51.39991442145049,50.63141724789911,51.15864181518555,49455600
2016-10-21,MSFT,53.86624533849501,54.018159219456585,53.16030342555941,53.31221389770508,80032200
2016-10-24,MSFT,53.562429319070716,54.509647369384766,53.55349481118448,54.509647369384766,54067000
2016-10-25,MSFT,54.375587345445645,54.84025999983898,54.330908003618745,54.500694274902344,35137200
2016-10-26,MSFT,54.33986452599294,54.68836828392944,54.0360401251838,54.17901611328125,29911600
2016-10-27,MSFT,54.161129113152214,54.3577223221864,53.69645642468129,53.70539093017578,28479900
2016-10-28,MSFT,53.624977670293255,54.08071594611565,53.240732497069494,53.499874114990234,33574700
2016-10-31,MSFT,53.75901368543173,53.991348349011254,53.54454803466797,53.54454803466797,26434700
2016-11-01,MSFT,53.58923077393775,53.63391012359288,52.94583723069306,53.43731689453125,24533000
2016-11-02,MSFT,53.455197017685,53.55349364637785,52.99052421492923,53.106693267822266,22147000
2016-11-03,MSFT,53.19605482912379,53.294351463081284,52.82074412726776,52.91010284423828,21600400
2016-11-04,MSFT,52.40967350227907,52.972639393156314,52.293504476573915,52.463287353515625,28697000
2016-11-07,MSFT,53.41945195910572,54.080718016645434,53.41945195910572,53.991355895996094,31664800
2016-11-08,MSFT,54.10751991141937,54.313047656555206,53.75008168854593,54.036033630371094,22935400
2016-11-09,MSFT,53.61603768010609,54.14326218697976,52.901157859467844,53.767948150634766,49632500
2016-11-10,MSFT,54.04496516216246,54.05390307731151,51.49820475521959,52.4543571472168,57822400
2016-11-11,MSFT,52.03436910234604,52.829673191404794,51.837775854689745,52.74031448364258,38767800
2016-11-14,MSFT,52.74030757358063,52.79392483650271,51.18544103699771,51.936065673828125,41328400
2016-11-15,MSFT,52.47585683769406,53.51943619674933,52.46685854089268,52.9616584777832,35904100
2016-11-16,MSFT,53.02463818835983,53.67237834975271,52.90768777287671,53.66338348388672,27332500
2016-11-17,MSFT,54.347099905176044,54.8329049669072,53.95126065034582,54.55401611328125,32132700
2016-11-18,MSFT,54.679965734485755,55.003835781109096,54.24814014960287,54.293121337890625,27686300
2016-11-21,MSFT,54.428060238369056,54.85089089543578,54.3560876023389,54.751930236816406,19652600
2016-11-22,MSFT,54.85988734420483,55.11178471390065,54.70695063598787,54.985836029052734,23206700
2016-11-23,MSFT,54.886884072062436,54.96785158685445,54.20316106080918,54.33810806274414,21848900
2016-11-25,MSFT,54.24814282969171,54.45505905151367,54.09520609558867,54.45505905151367,8409600
2016-11-28,MSFT,54.284113210412976,54.89586683082947,54.16715940396292,54.527015686035156,20732600
2016-11-29,MSFT,54.56301541318416,55.246738398980234,54.44606157798474,54.95885467529297,22366700
2016-11-30,MSFT,54.75193124365297,55.03981492937915,54.17616387220061,54.2121467590332,34655400
2016-12-01,MSFT,54.0772149747078,54.11320130121242,53.024637231439925,53.258544921875,34542100
2016-12-02,MSFT,53.15057967596821,53.501437715755756,52.89867886824446,53.30351638793945,25515700
2016-12-05,MSFT,53.7083546641694,54.509031418930945,53.58240597445559,54.17616653442383,23552700
2016-12-06,MSFT,54.36509893967083,54.39208696873434,53.79832630642215,53.93327331542969,19907000
2016-12-07,MSFT,53.98724307138704,55.21974887636808,53.7983200263063,55.210750579833984,30809000
2016-12-08,MSFT,55.14777081694767,55.39967161750109,54.73393844496997,54.88687515258789,21220800
2016-12-09,MSFT,55.03982341220958,55.768531034426005,54.99484222285308,55.75053787231445,27349400
2016-12-12,MSFT,55.61557875074054,56.04740425176523,55.52561639163523,55.930450439453125,20198100
2016-12-13,MSFT,56.22733887794962,57.05500365894772,55.99343465822889,56.65916442871094,35718900
2016-12-14,MSFT,56.677162135466055,57.08199969423118,56.2543314149953,56.389278411865234,30352700
2016-12-15,MSFT,56.407264301326556,56.81210180789846,56.04740797729726,56.29930877685547,27669900
2016-12-16,MSFT,56.632174737475154,56.632174737475154,55.885474051867114,56.04740905761719,42453100
2016-12-19,MSFT,56.28132222401633,57.369882755810764,56.155370093530294,57.23493576049805,34338200
2016-12-20,MSFT,57.297911248033465,57.39687192231601,56.70415063418292,57.162967681884766,26028400
2016-12-21,MSFT,57.06400700760222,57.30690954488354,56.78511814661003,57.162967681884766,17096300
2016-12-22,MSFT,57.43286610225627,57.666770374683225,57.0460216490598,57.17197036743164,22176600
2016-12-23,MSFT,57.0819932497603,57.16296075237222,56.497227571802654,56.893070220947266,12403800
2016-12-27,MSFT,56.86607610556463,57.639764776145505,56.86607610556463,56.92905044555664,11763200
2016-12-28,MSFT,57.03701066954044,57.03701066954044,56.524217642839126,56.66815948486328,14653300
2016-12-29,MSFT,56.551206216582784,56.85708306284392,56.434252396347695,56.58719253540039,10250600
2016-12-30,MSFT,56.6411676352074,56.66815908979166,55.80450461182362,55.903465270996094,25579900
2017-01-03,MSFT,56.48823180264094,56.53321298518354,55.894471270283574,56.29930877685547,20694100
2017-01-04,MSFT,56.20934406336726,56.45224657199237,55.885474051867114,56.04740905761719,21340000
2017-01-05,MSFT,55.94844839500944,56.371279069117335,55.80450654899208,56.04740905761719,24876000
2017-01-06,MSFT,56.047424675260785,56.812118733683924,55.81352039724664,56.53322982788086,19922900
2017-01-09,MSFT,56.46124609331832,56.74913324094463,56.26332818362127,56.35329055786133,20382700
2017-01-10,MSFT,56.43426494308161,56.74014185734675,56.029427345988765,56.335304260253906,18593000
2017-01-11,MSFT,56.32629939196622,56.88407363121877,56.16436438188574,56.848087310791016,21517300
2017-01-12,MSFT,56.73114295771126,57.03701985022711,55.73254476650233,56.3263053894043,20968200
2017-01-13,MSFT,56.335292071408325,56.56020141759295,56.09238956570762,56.407264709472656,19422300
2017-01-17,MSFT,56.38928049795597,56.40727366032726,55.80451473234607,56.25433349609375,20664000
2017-01-18,MSFT,56.38027741765603,56.407268874845464,55.88547750588041,56.22734069824219,19670100
2017-01-19,MSFT,55.993433010263374,56.65916276115206,55.95744669079795,56.04740905761719,18451700
2017-01-20,MSFT,56.38027478753546,56.51522177165382,56.1103842511431,56.44325256347656,30213500
2017-01-23,MSFT,56.40727008409874,56.78511617440578,56.290316252022684,56.64117431640625,23097600
2017-01-24,MSFT,56.85708623726023,57.342891272888366,56.62317858373064,57.14496994018555,24672900
2017-01-25,MSFT,57.531823914568534,57.6667674924315,57.08200512466861,57.28892135620117,23672700
2017-01-26,MSFT,57.68474678410822,58.062592806996776,57.171950360147484,57.81968688964844,43554600
2017-01-27,MSFT,58.827295913779224,59.295111260132195,58.37747716119569,59.17815399169922,44818000
2017-01-30,MSFT,59.09718926848641,59.187151645287436,58.29651244668532,58.593387603759766,31651400
2017-01-31,MSFT,58.350475437294605,58.61137107619428,57.8106944336381,58.16155242919922,25270500
2017-02-01,MSFT,57.90067170780073,58.13457938633462,57.099994858958546,57.19895553588867,39671500
2017-02-02,MSFT,56.90207366273027,57.046015529978796,56.452254898598014,56.830101013183594,45827000
2017-02-03,MSFT,57.12698631728961,57.30691451961857,56.74014188342807,57.28892135620117,30301800
2017-02-06,MSFT,57.12697718086916,57.26192416899483,56.80310715484314,57.252925872802734,19796400
2017-02-07,MSFT,57.34289183208316,57.37887472141639,56.88407481667861,57.064002990722656,20277200
2017-02-08,MSFT,57.189952242288385,57.40586673962167,56.875080508515374,56.983036041259766,18096400
2017-02-09,MSFT,57.144970032395314,57.97263825352445,56.96504185981554,57.63077163696289,22644400
2017-02-10,MSFT,57.80170302093029,57.846687636460956,57.5588005108109,57.5767936706543,18170700
2017-02-13,MSFT,57.79271168588499,58.35048941267848,57.69375101074921,58.22454071044922,22920100
2017-02-14,MSFT,58.29695376507102,58.577529953754826,57.943961685199795,58.44176483154297,23108400
2017-02-15,MSFT,58.378411709707976,58.44176784930491,58.070683861751824,58.40556335449219,17005200
2017-02-16,MSFT,58.59562469324606,59.04817046577255,58.324101372910455,58.39650344848633,20546300
2017-02-17,MSFT,58.351257277166205,58.55037853647241,58.197393360539046,58.487022399902344,21248800
2017-02-21,MSFT,58.47796772390373,58.78569554754699,58.33314975609459,58.369354248046875,20655900
2017-02-22,MSFT,58.22454208346084,58.27884536771103,57.971117549892455,58.25169372558594,19292700
2017-02-23,MSFT,58.30599993448716,58.58658302955544,58.09783273088595,58.487022399902344,20273100
2017-02-24,MSFT,58.405560564140266,58.649939166125506,58.052575388206904,58.487022399902344,21796800
2017-02-27,MSFT,58.41460937348622,58.41460937348622,57.97111644816998,58.134033203125,15871500
2017-02-28,MSFT,57.99826803177678,58.106874598104504,57.70863556008509,57.90775680541992,23239800
2017-03-01,MSFT,58.043513064710154,58.821892275695376,57.9439524513074,58.776641845703125,26937500
2017-03-02,MSFT,58.550380037539526,58.60468332590577,57.81725457074001,57.93491744995117,24539600
2017-03-03,MSFT,57.916796453271544,58.179270318254524,57.581910171057956,58.15211868286133,18135900
2017-03-06,MSFT,57.89870754372739,58.4327082435483,57.75389303386997,58.170230865478516,18750300
2017-03-07,MSFT,58.09783061454744,58.63183133114286,58.09783061454744,58.287899017333984,18521000
2017-03-08,MSFT,58.1611864325356,58.90336124641418,58.152133583318594,58.8218994140625,21510900
2017-03-09,MSFT,59.00290428130061,59.011950222520035,58.36029028449021,58.58656311035156,19846800
2017-03-10,MSFT,58.930506310307926,59.06627141220469,58.60467282787567,58.7675895690918,19538200
2017-03-13,MSFT,58.8400155422448,59.00293233052543,58.44177296971394,58.568485260009766,20100000
2017-03-14,MSFT,58.40555786287035,58.42366356122497,58.06162555243994,58.29695129394531,14280200
2017-03-15,MSFT,58.42365214719642,58.75853154302528,58.1521219673304,58.60466766357422,24833800
2017-03-16,MSFT,58.604676129012304,58.61372897772867,58.19738770567984,58.5051155090332,20674300
2017-03-17,MSFT,58.74949184169694,59.04816678491771,58.54131776097938,58.713287353515625,49219700
2017-03-20,MSFT,58.74949077797886,58.99386243715309,58.5775211885563,58.7675895690918,14598100
2017-03-21,MSFT,59.002913677468584,59.283489816522625,58.04351204742944,58.11592102050781,26640500
2017-03-22,MSFT,58.034467431050935,58.95765769034914,58.034467431050935,58.858097076416016,20680000
2017-03-23,MSFT,58.77664348150791,59.04816678491771,58.622772680412304,58.713287353515625,19269200
2017-03-24,MSFT,59.15677557535148,59.238230488348464,58.613722106139704,58.812843322753906,22617100
2017-03-27,MSFT,58.496072634096215,59.03008031460703,58.24264806923068,58.92146682739258,18614700
2017-03-28,MSFT,58.794743893976644,59.256342499390094,58.51416773446075,59.09342575073242,20080400
2017-03-29,MSFT,58.939559391378076,59.28349166628211,58.785688592460524,59.25634002685547,13618400
2017-03-30,MSFT,59.21108677322871,59.717942730237475,59.15678349063151,59.47356414794922,15122800
2017-03-31,MSFT,59.41925702682348,59.90800725452593,59.23823458769296,59.60932540893555,21040300
2017-04-03,MSFT,59.5640655987999,59.6817319056724,59.00291332405302,59.3287467956543,20400900
2017-04-04,MSFT,59.183926403410645,59.56406313612885,59.084365796465484,59.491661071777344,12997400
2017-04-05,MSFT,60.007575640529495,60.05282607719693,59.229196314720326,59.33780288696289,21448600
2017-04-06,MSFT,59.373994769769745,59.79033598731341,59.26538822059278,59.491661071777344,18103500
2017-04-07,MSFT,59.600275033482305,59.69983565280989,59.229191102143346,59.4464111328125,14108500
2017-04-10,MSFT,59.38305121647123,59.57311959435026,59.156778351572406,59.31064224243164,17952700
2017-04-11,MSFT,59.37400268181369,59.38305553055127,58.69518403780218,59.26539611816406,18791500
2017-04-12,MSFT,59.21108623023722,59.29254805868641,58.93051006565746,59.03912353515625,17108500
2017-04-13,MSFT,59.093421174464275,59.60932302104479,58.78568649291992,58.78568649291992,17896500
2017-04-17,MSFT,58.86715363731453,59.274442061601306,58.84000199640212,59.26539611816406,16689300
2017-04-18,MSFT,59.129626165981634,59.47355843154027,58.97576227654486,59.183929443359375,15155600
2017-04-19,MSFT,59.41925954620712,59.50976731695993,58.73138805894526,58.86715316772461,26992800
2017-04-20,MSFT,59.24728474111558,59.50976208694109,58.95765575698048,59.28348922729492,22299500
2017-04-21,MSFT,59.43735227286008,60.369595336552365,59.238231054343366,60.09807205200195,32522600
2017-04-24,MSFT,61.07559153772923,61.238508321497484,60.73165226905084,61.12084197998047,29770000
2017-04-25,MSFT,61.45571331187425,61.58242556755501,61.184183103815435,61.473812103271484,30242700
2017-04-26,MSFT,61.618622085512186,61.82678923350493,61.202280884227534,61.39234924316406,26190800
2017-04-27,MSFT,61.6819818275924,61.890148987810306,61.16607999295297,61.79058837890625,34971000
2017-04-28,MSFT,62.369854034839584,62.57802119770299,61.26564138045224,61.96255874633789,39548800
2017-05-01,MSFT,62.16169823354374,62.94913049846921,61.998781451328185,62.822418212890625,31954400
2017-05-02,MSFT,63.093923253937646,63.093923253937646,62.568968563128315,62.72283935546875,23906100
2017-05-03,MSFT,62.79525840779084,62.79525840779084,62.18884863815662,62.52373504638672,28928000
2017-05-04,MSFT,62.47846005531237,62.523717388749134,62.12547495146424,62.27933883666992,21749400
2017-05-05,MSFT,62.36080525055624,62.47846465874159,61.989714423871504,62.45131301879883,19128800
2017-05-08,MSFT,62.42416625998576,62.496575242361736,61.92636313777669,62.39701461791992,18566100
2017-05-09,MSFT,62.32459014924069,62.70472685430795,62.16167343202631,62.48750686645508,22858400
2017-05-10,MSFT,62.442258822080376,62.95816068575346,62.37890269514859,62.73188781738281,17977800
2017-05-11,MSFT,61.87205098399295,62.206937300498836,61.65483097330516,61.96255874633789,28789400
2017-05-12,MSFT,62.098329880641195,62.098329880641195,61.58242798928166,61.89015579223633,18714100
2017-05-15,MSFT,61.67292839252655,61.980663064017286,61.15702656280044,61.93540573120117,31530300
2017-05-16,MSFT,62.108376420226165,63.20981383645223,62.04465712986207,63.1825065612793,34956000
2017-05-17,MSFT,62.709141779757196,62.90029960351229,61.38013480635506,61.42565155029297,30548800
2017-05-18,MSFT,61.35282920589987,62.017329238226196,61.11615463177257,61.635013580322266,25201300
2017-05-19,MSFT,61.44385835453048,61.99002459537242,61.3801390755136,61.61681365966797,26961100
2017-05-22,MSFT,61.79886622514376,62.35413719959188,61.44385782441535,62.30862045288086,16237600
2017-05-23,MSFT,62.5543944882265,62.58170175599379,62.24489591547749,62.517982482910156,15425800
2017-05-24,MSFT,62.69094423119428,62.700042024800815,62.30862160842064,62.599910736083984,14593900
2017-05-25,MSFT,62.781962863280675,63.61031339424292,62.72734832900705,63.3736457824707,21854100
2017-05-26,MSFT,63.53750633446509,63.91982202433746,63.28262226300268,63.68314743041992,19827900
2017-05-30,MSFT,63.528382606490894,64.09275817871094,63.51017313438899,64.09275817871094,17072800
2017-05-31,MSFT,64.20200091349278,64.39315874202664,63.54659867573084,63.57390594482422,30436400
2017-06-01,MSFT,63.938019761007006,64.27482562151503,63.218898239304124,63.81058120727539,21603600
2017-06-02,MSFT,64.12010165539937,65.41269710950931,63.9380415559512,65.32167053222656,34770300
2017-06-05,MSFT,65.51279096906782,66.35024611304107,65.36714297278792,65.79497528076172,33316800
2017-06-06,MSFT,65.81322543877094,66.10451466652835,65.78591121392365,66.01348114013672,31511100
2017-06-07,MSFT,66.12270385242684,66.24103769000408,65.49460876055025,65.89513397216797,22301800
2017-06-08,MSFT,66.00435956224426,66.0134573556991,65.0849754470274,65.49459838867188,24588300
2017-06-09,MSFT,65.57653853992167,65.61295055471032,62.436069976996684,64.01085662841797,49187400
2017-06-12,MSFT,63.03687805891931,63.66497336230245,62.01736215188759,63.519325256347656,47761700
2017-06-13,MSFT,63.73777580455524,64.46600227699894,63.68316124983078,64.3112564086914,25258600
2017-06-14,MSFT,64.54792110099987,64.72086947925366,63.20070441817786,63.965335845947266,25510700
2017-06-15,MSFT,63.05506705554811,63.91073213202654,62.62724146219134,63.62854766845703,26068700
2017-06-16,MSFT,63.473797730757674,63.74687743594238,63.009553203597065,63.71957015991211,48345100
2017-06-19,MSFT,64.17469165114754,64.57521677175744,64.03814836504144,64.5114974975586,23798300
2017-06-20,MSFT,64.46600808125307,64.51152484420982,63.60124514413854,63.637657165527344,21512200
2017-06-21,MSFT,63.9107212996441,64.28393921906579,63.66494889639858,63.965335845947266,19891100
2017-06-22,MSFT,64.2111111046288,64.25662090868929,63.45557751944045,63.956233978271484,22965700
2017-06-23,MSFT,63.80147614653581,64.85740352340679,63.6467303241986,64.82099151611328,27617300
2017-06-26,MSFT,64.99394903875908,65.27613342384036,64.12008166845018,64.2020034790039,19607000
2017-06-27,MSFT,63.81968770411164,63.883406982733426,62.973127605347585,63.00043487548828,25215100
2017-06-28,MSFT,63.000452765797206,63.57392643624326,62.61813698549984,63.53752136230469,25806200
2017-06-29,MSFT,63.155191410006,63.255322714084826,61.980929980712,62.34504318237305,28918700
2017-06-30,MSFT,62.60901258619993,63.15517880726209,62.57260057881175,62.74555587768555,24161100
2017-07-03,MSFT,63.10967271137731,63.355445094574605,61.917201970274355,62.05374526977539,16165500
2017-07-05,MSFT,62.13568920964126,63.20981944601826,62.0992771912187,62.882118225097656,21176300
2017-07-06,MSFT,62.144775324081344,62.60901979060078,62.00823896176483,62.41786193847656,21117600
2017-07-07,MSFT,62.53616754932744,63.57388510397152,62.53616754932744,63.22798156738281,16878300
2017-07-10,MSFT,63.227994447902866,63.94711587259587,62.99131990366582,63.70134353637695,15014500
2017-07-11,MSFT,63.71956158722369,64.33855189186625,63.49199172441217,63.71045684814453,17460000
2017-07-12,MSFT,64.34766020202767,64.88472177452506,64.22022162737129,64.76638793945312,17750900
2017-07-13,MSFT,65.08495432727648,65.57650586467207,64.91199907943037,65.33072662353516,20269800
2017-07-14,MSFT,65.75857044662735,66.69615695398109,65.50369337024529,66.2501220703125,25868100
2017-07-17,MSFT,66.26834765488414,66.8600237496661,66.19552363110505,66.76899719238281,21803900
2017-07-18,MSFT,66.53233066155926,66.80541731143066,66.1409171122293,66.72349548339844,26435300
2017-07-19,MSFT,66.90555985149435,67.39711173685048,66.86004308724755,67.23326110839844,22416200
2017-07-20,MSFT,67.52454684177182,67.63378290337042,66.70529374198941,67.56095886230469,42361000
2017-07-21,MSFT,66.86001891086832,67.62465721544805,66.60514179096863,67.16951751708984,46717100
2017-07-24,MSFT,66.93282462173109,67.13308714541326,66.56871157366157,66.99654388427734,21394800
2017-07-25,MSFT,67.1786219635085,67.64285945350115,66.90553536772879,67.53363037109375,22018700
2017-07-26,MSFT,67.67017918464515,67.70659120044593,67.18773212882813,67.40620422363281,16252200
2017-07-27,MSFT,67.1422204088687,67.74300129029646,65.83141565683472,66.59605407714844,36844200
2017-07-28,MSFT,66.15000289582376,66.73258116120566,66.03166907297081,66.48680877685547,18306700
2017-07-31,MSFT,66.7234879967608,66.85092656709982,65.91333982322797,66.17731475830078,23600100
2017-08-01,MSFT,66.54144234723604,66.83273156322443,65.98617119412026,66.06809997558594,22132300
2017-08-02,MSFT,66.04076864518647,66.04986643823831,65.03035802601741,65.77678680419922,26499200
2017-08-03,MSFT,65.71305537169383,65.94062516373334,65.40355684318304,65.67664337158203,18214400
2017-08-04,MSFT,65.90424148690305,66.4868198493052,65.75859342386156,66.15911865234375,22579000
2017-08-07,MSFT,66.26834902136625,66.35937558052655,65.77679726804308,65.90423583984375,18705700
2017-08-08,MSFT,65.62206966589359,66.56876152326933,65.31257785697973,66.25926971435547,22044600
2017-08-09,MSFT,65.76770154781852,66.00437618999707,65.58564840453178,65.96796417236328,22213400
2017-08-10,MSFT,65.44909437677133,65.71307625280602,64.94843789724325,65.00305938720703,24734500
2017-08-11,MSFT,65.18511396627713,66.17731526361875,64.88472007180661,65.9952621459961,21443700
2017-08-14,MSFT,66.50502545661382,67.10581332708753,66.4048941448682,66.98747253417969,20096600
2017-08-15,MSFT,67.34436119162257,67.34436119162257,66.84104427056573,67.00576782226562,19181400
2017-08-16,MSFT,67.1155742953688,67.8110744642509,66.96000400210944,67.3992691040039,18150400
2017-08-17,MSFT,67.33523183730368,67.60062023624529,66.25537872314453,66.25537872314453,22977500
2017-08-18,MSFT,66.13638560358841,66.65800897928894,65.82524502034474,66.33771514892578,18761500
2017-08-21,MSFT,66.31939891943341,66.32855216424564,65.6147456883746,66.02655792236328,17734800
2017-08-22,MSFT,66.20961472183424,67.02407937883584,66.20961472183424,66.95087432861328,14343700
2017-08-23,MSFT,66.76782393286223,66.94170071073799,66.37431810737814,66.5481948852539,13766500
2017-08-24,MSFT,66.5665118642578,66.6763299078197,65.95337683027475,66.52075958251953,17098300
2017-08-25,MSFT,66.67633074642634,67.12474221164803,66.32858407693168,66.63972473144531,12794300
2017-08-28,MSFT,66.85935587006192,66.8868086366606,66.39264487411677,66.64888000488281,14569700
2017-08-29,MSFT,66.11809062007497,66.95086161794275,65.93506755644015,66.8501968383789,11478400
2017-08-30,MSFT,66.81356973741994,67.91172173632646,66.64884623939595,67.72869873046875,16897800
2017-08-31,MSFT,67.74699325641187,68.59806343663756,67.53651751334121,68.42418670654297,27652800
2017-09-01,MSFT,68.36930402880732,68.39675678864369,67.39011603064587,67.66465759277344,21736200
2017-09-05,MSFT,67.11559727098712,67.61892131193093,66.78615705914174,67.36268615722656,21556000
2017-09-06,MSFT,67.4816270351086,67.7561685951113,67.12472719623423,67.17048645019531,16535800
2017-09-07,MSFT,67.42671904832567,68.26863622809651,67.35350703741994,68.03070068359375,17471200
2017-09-08,MSFT,68.02157259245917,68.12223738887946,67.57315414226564,67.70127868652344,14703800
2017-09-11,MSFT,68.00325719898338,68.57979313613951,68.00325719898338,68.41506958007812,17910400
2017-09-12,MSFT,68.41507756898991,68.85433578185793,68.05817765282839,68.34186553955078,14394900
2017-09-13,MSFT,68.57064629352274,68.8451879065653,68.22289963463432,68.8268814086914,13380800
2017-09-14,MSFT,68.63466943149325,69.08308065018605,68.19540447510467,68.42418670654297,15733900
2017-09-15,MSFT,68.47912261255068,68.99159275205768,67.78362243616115,68.91838073730469,38578400
2017-09-18,MSFT,68.84518670736384,69.52238049735412,68.67130989000673,68.7811279296875,23307000
2017-09-19,MSFT,68.82687832021416,69.2844430001639,68.64385524098743,69.03736114501953,16093300
2017-09-20,MSFT,68.95501058321778,69.1380406833759,68.00327500804887,68.5798110961914,21587900
2017-09-21,MSFT,68.7353377482869,68.85430200134805,67.82020877491802,67.9117202758789,19186100
2017-09-22,MSFT,67.71041273919793,68.18628386949996,67.5822951999356,68.09477233886719,14111400
2017-09-25,MSFT,67.80191794492322,67.94834196578228,66.73121847444732,67.04236602783203,24149200
2017-09-26,MSFT,67.41756536299057,67.54568289030146,66.79527723810277,67.04236602783203,18019600
2017-09-27,MSFT,67.3077712728054,67.87514704175739,66.96001762666491,67.58230590820312,19565100
2017-09-28,MSFT,67.29859926842416,67.69210508652395,67.0881164895832,67.60059356689453,10883800
2017-09-29,MSFT,67.66468219650774,68.21375853853202,67.60976967498617,68.16799926757812,17079100
2017-10-02,MSFT,68.36933597135875,68.64387766175378,67.99413644182975,68.27782440185547,15304800
2017-10-03,MSFT,68.33270365764002,68.52487997422675,67.89344550026536,67.95750427246094,12190400
2017-10-04,MSFT,67.80193755781649,68.37847357937015,67.45419088050683,68.35102081298828,13317700
2017-10-05,MSFT,68.83603756385428,69.65965545587147,68.59810195463075,69.52238464355469,21195300
2017-10-06,MSFT,69.2478484201971,69.5772956027006,69.12888409724799,69.54984283447266,13959800
2017-10-09,MSFT,69.52236736643619,70.05314398515237,69.4217025945458,69.8152084350586,11386500
2017-10-10,MSFT,69.85181444137163,70.12634901589662,69.67793765685519,69.8152084350586,13944500
2017-10-11,MSFT,69.87928331158611,69.97079485752613,69.50407689678357,69.93418884277344,15388900
2017-10-12,MSFT,69.99824732266933,70.73035365081394,69.888436260766,70.57478332519531,16876500
2017-10-13,MSFT,71.00486448117414,71.26110649743113,70.7303299365775,70.9133529663086,15335700
2017-10-16,MSFT,70.84929354025158,71.20619333218163,70.78523478226109,71.05977630615234,12380100
2017-10-17,MSFT,70.89507937665931,71.03235019008693,70.6937497812166,71.00489044189453,16824000
2017-10-18,MSFT,71.07809125393148,71.24281480766699,70.80355665229395,71.02318572998047,13300700
2017-10-19,MSFT,70.9865666970326,71.3160137440641,70.78523717030433,71.29771423339844,15092800
2017-10-20,MSFT,71.67294165252109,72.26777721968016,71.58143009954675,72.12135314941406,22866400
2017-10-23,MSFT,72.28606550312661,72.60635937970002,72.07558966218532,72.1396484375,20627200
2017-10-24,MSFT,72.20369737651944,72.47823195537563,71.80103828260542,72.1670913696289,17517200
2017-10-25,MSFT,71.91083648552421,72.38670048019507,71.38921324938038,71.95658874511719,20410800
2017-10-26,MSFT,72.47822887715768,72.67955841556405,72.06642353542219,72.07557678222656,32120700
2017-10-27,MSFT,77.20946048599035,78.88414177558407,76.51396027268817,76.69698333740234,71066700
2017-10-30,MSFT,76.59631820931789,77.17285412612527,76.05639528354588,76.77019500732422,31756700
2017-10-31,MSFT,77.20031343526804,77.20031343526804,76.05640173427354,76.1204605102539,27086600
2017-11-01,MSFT,76.57802519065172,76.65123721516727,75.84591890926205,76.1204605102539,22307400
2017-11-02,MSFT,76.27602366561634,77.29181771929365,76.06554784224596,76.91661834716797,23992900
2017-11-03,MSFT,76.94406451415273,77.36502310669931,76.32177638128348,76.99897003173828,17633500
2017-11-06,MSFT,77.05389077254308,77.51145546117311,76.94407971567703,77.30097961425781,19860900
2017-11-07,MSFT,77.57549978403829,77.69447104931992,76.80679460167283,77.11793518066406,17939700
2017-11-08,MSFT,76.99899385185299,77.42910582434887,76.71530594739139,77.38334655761719,18034200
2017-11-09,MSFT,76.97154594151932,77.11796303690876,75.86424003920287,76.95323944091797,21178400
2017-11-10,MSFT,76.67869531901856,76.96238320641952,76.16622507548563,76.75190734863281,19397800
2017-11-13,MSFT,76.55971140356412,76.8159464597195,76.37668137639484,76.80679321289062,14196900
2017-11-14,MSFT,76.41329445322614,76.96237062178304,75.9374303023121,76.91661834716797,18801300
2017-11-15,MSFT,76.76946527315523,76.97180594436432,76.05208072392053,76.31880187988281,19383100
2017-11-16,MSFT,76.42916230673407,76.72347408847787,76.28200992433536,76.52113342285156,20962800
2017-11-17,MSFT,76.44754246028546,76.44754246028546,75.63817999131184,75.78533935546875,22079000
2017-11-20,MSFT,75.78536834833692,75.96011138894303,75.64740814589717,75.9049301147461,16315000
2017-11-21,MSFT,76.09805592606476,77.10975217411249,76.09805592606476,76.9993896484375,21237500
2017-11-22,MSFT,77.1005653899241,77.16494587340478,76.37398163810136,76.43836212158203,20553100
2017-11-24,MSFT,76.34640076233218,76.73268371258582,76.1348608513186,76.57633209228516,7425600
2017-11-27,MSFT,76.6223087051093,77.23852995848891,76.61311650476624,77.13735961914062,18265200
2017-11-28,MSFT,77.32129378799804,78.23181973009254,77.27530472329842,78.06626892089844,21926000
2017-11-29,MSFT,77.9099362726745,78.10307776087437,76.50275756082702,76.64990997314453,27381100
2017-11-30,MSFT,76.80623134602654,77.73514847889535,76.6498727740778,77.41324615478516,33054600
2017-12-01,MSFT,76.88904867725496,78.00191566533573,76.53955552117169,77.4960708618164,29532100
2017-12-04,MSFT,77.64319832556843,77.6523975421506,74.22181951941894,74.57131958007812,39094900
2017-12-05,MSFT,74.8104434587519,76.04287886006003,74.47934884650778,75.04037475585938,26152300
2017-12-06,MSFT,75.00359150240826,76.46595117567259,74.89322195431525,76.13484954833984,26162100
2017-12-07,MSFT,75.91412261398065,76.15325314258213,75.41747013932223,75.86813354492188,23184500
2017-12-08,MSFT,76.91660779461333,77.79035085214026,76.64069447403561,77.40406799316406,24489100
2017-12-11,MSFT,77.52363209621443,78.516936921277,77.3672805080877,78.38817596435547,22857900
2017-12-12,MSFT,78.46173806775187,79.14233962483733,78.2502052457227,78.71006774902344,23924100
2017-12-13,MSFT,78.85722738057987,79.09635786911498,78.33298435910194,78.49853515625,22062700
2017-12-14,MSFT,78.57211221936015,78.97679349150653,77.74435826130862,77.89151763916016,19306000
2017-12-15,MSFT,78.41577591785993,80.09886777398113,78.06627583585541,79.87813568115234,53936700
2017-12-18,MSFT,80.12644814051872,80.47594113018381,79.30789341495017,79.44584655761719,22283800
2017-12-19,MSFT,79.41825637822876,79.41825637822876,78.4249516437375,78.94000244140625,23524800
2017-12-20,MSFT,79.28032073237526,79.37229887904125,77.90993195381033,78.6549072265625,23674900
2017-12-21,MSFT,79.14236447559425,79.18834653019576,78.5445416301975,78.63651275634766,17990700
2017-12-22,MSFT,78.54453584036617,78.75606871322388,78.10306464366201,78.64570617675781,14145800
2017-12-26,MSFT,78.46176148116625,78.66410216570932,78.20423952518307,78.54454040527344,9891200
2017-12-27,MSFT,78.77443911273319,79.07795001389358,78.37895712493321,78.82962036132812,14678000
2017-12-28,MSFT,79.00437982313242,79.03197045074245,78.68247747277393,78.83882904052734,10594300
2017-12-29,MSFT,78.75607360426734,79.1423635567285,78.636511843355,78.67330169677734,18717400
2018-01-02,MSFT,79.21593535154082,79.38148618159725,78.63651095481676,79.05038452148438,22483800
2018-01-03,MSFT,79.1515451575039,79.56542569036873,79.06877326109861,79.41826629638672,26061400
2018-01-04,MSFT,79.63899517027336,80.62310778985463,79.62060375523768,80.11725616455078,21912000
2018-01-05,MSFT,80.62310438342551,81.31289819772473,80.41156452625106,81.11055755615234,23407100
2018-01-08,MSFT,81.11976441199062,81.4692644985637,80.5679306642319,81.19334411621094,22113000
2018-01-09,MSFT,81.5336351675501,81.60721486291023,80.80705146399727,81.13815307617188,19484300
2018-01-10,MSFT,80.80705352049134,81.11056450886657,80.39318000321322,80.770263671875,18652200
2018-01-11,MSFT,81.05538909881966,81.05538909881966,80.23683413372385,81.00940704345703,17808900
2018-01-12,MSFT,81.55201930596458,82.57291468291663,81.34967867025223,82.40736389160156,24271500
2018-01-16,MSFT,82.86724006569965,83.50185270639079,80.94501774381847,81.25772094726562,36599700
2018-01-17,MSFT,81.92913090894825,83.03279845544574,81.62561987772993,82.90403747558594,25621200
2018-01-18,MSFT,82.59131234198878,83.39146864508182,82.46255139627392,82.86722564697266,24159700
2018-01-19,MSFT,82.90402952219463,83.33630149180276,82.46256535272632,82.7752685546875,36875000
2018-01-22,MSFT,82.77526906919721,84.26522643854351,82.5361385493634,84.25602722167969,23601600
2018-01-23,MSFT,84.52273559570312,84.89062702822089,84.19163400813169,84.52273559570312,23412800
2018-01-24,MSFT,85.12056780989315,85.92992343833319,84.22843326683576,84.44916534423828,33277500
2018-01-25,MSFT,85.04699675512492,85.75518212486476,84.55034426778468,84.9182357788086,26383200
2018-01-26,MSFT,85.64481668553067,86.50935363769531,85.14816421499522,86.50935363769531,29172200
2018-01-29,MSFT,87.50265825507105,87.78777083236298,86.19665010605726,86.3805923461914,31569900
2018-01-30,MSFT,85.81035416944457,86.141455764997,84.70667984528792,85.29530334472656,38635100
2018-01-31,MSFT,86.22423905002036,87.74178706069002,86.00350696279733,87.38309478759766,48756300
2018-02-01,MSFT,87.18072855076174,88.35797535997564,86.06786220714721,86.69327545166016,47227900
2018-02-02,MSFT,86.12305802621047,86.4265689940653,84.15484686845686,84.41236877441406,47867800
2018-02-05,MSFT,83.29031591420062,85.7551798506624,80.93582153320312,80.93582153320312,51031500
2018-02-06,MSFT,79.91493700091026,84.13648010663182,78.40658795239018,83.99851989746094,67998600
2018-02-07,MSFT,83.22595130259529,84.40319871764684,82.039504668597,82.41659545898438,41107600
2018-02-08,MSFT,82.50855828299028,82.66490990458844,77.95592071892018,78.18585205078125,55628700
2018-02-09,MSFT,79.37226097690481,81.79113491647627,77.10053937122488,81.1013412475586,63499100
2018-02-12,MSFT,81.61642061179207,82.57293575943311,80.87144536919402,81.97511291503906,35720300
2018-02-13,MSFT,81.79115015347594,82.77525569045127,80.7518633581295,82.61890411376953,26407700
2018-02-14,MSFT,81.78727421709193,84.07890325030858,81.69487107138141,83.9125747680664,34960900
2018-02-15,MSFT,84.28220744701257,85.67751842792096,83.73702386799485,85.62207794189453,27823900
2018-02-16,MSFT,85.42797878888466,86.39822910142982,84.8273550286388,85.01216125488281,30596900
2018-02-20,MSFT,84.53169097217695,85.99167759976208,84.09738843077885,85.67750549316406,30911700
2018-02-21,MSFT,85.91776474979562,86.26889954702081,84.54093170166016,84.54093170166016,26922500
2018-02-22,MSFT,85.05837427323611,85.6867253709654,84.42078074836051,84.76268005371094,24392800
2018-02-23,MSFT,86.49068076789474,86.92498339826919,85.34486601216253,86.91574096679688,26329200
2018-02-26,MSFT,87.22989341350915,88.2001369230107,87.0912851836068,88.17241668701172,30199800
2018-02-27,MSFT,88.46812849709934,88.56053165205499,87.04509735107422,87.04509735107422,25869100
2018-02-28,MSFT,87.63648705863406,88.44040932124332,86.51839265540829,86.64775848388672,31167300
2018-03-01,MSFT,86.851041702564,87.38698982854977,84.86434230445002,85.7976303100586,37135600
2018-03-02,MSFT,84.62408911229147,86.07484027438659,83.95877522013691,85.98243713378906,32830400
2018-03-05,MSFT,85.32634893764076,87.10975684342608,85.25243066349587,86.5276107788086,23901600
2018-03-06,MSFT,87.17445698721748,87.31306523476196,85.8807988098912,86.23193359375,22175800
2018-03-07,MSFT,86.08409736938256,86.8048518587075,85.4095409332732,86.73092651367188,26716100
2018-03-08,MSFT,87.10977109284765,87.87673059305398,86.64774831680646,87.25762176513672,25887800
2018-03-09,MSFT,88.05229483198872,89.20735168457031,87.78432079620089,89.20735168457031,36937300
2018-03-12,MSFT,89.17040975061411,89.82648134942227,88.74534957603034,89.4198989868164,26073700
2018-03-13,MSFT,89.63241795148544,89.85418690852516,86.83256107541916,87.23914337158203,35387800
2018-03-14,MSFT,87.89522930089198,88.16320339920708,86.39827273268983,86.72168731689453,32132000
2018-03-15,MSFT,86.42598030272626,87.39623096297869,85.77915122916339,87.026611328125,27611000
2018-03-16,MSFT,87.48865160906345,88.13548081200781,86.78637486735988,87.41472625732422,49081300
2018-03-19,MSFT,86.6200397712735,86.76789046352128,85.11384785602169,85.83460235595703,33344100
2018-03-20,MSFT,85.98247054372489,86.64777764448797,85.93626543051847,86.05638885498047,23075200
2018-03-21,MSFT,85.87153659104085,86.9064699443105,85.20622279607512,85.45571899414062,24457100
2018-03-22,MSFT,84.33764591105775,84.78119093836284,82.84993885571232,82.97006225585938,38604700
2018-03-23,MSFT,82.70207389486015,83.5891567465144,80.46588543236248,80.55828857421875,44068900
2018-03-26,MSFT,83.72777473814205,86.860288846375,83.53372600266577,86.65699768066406,56396800
2018-03-27,MSFT,87.72888472151247,87.91369100722773,81.78727169195523,82.67435455322266,56569000
2018-03-28,MSFT,82.99777322868422,84.3006808728279,82.11993275277638,82.60043334960938,52501100
2018-03-29,MSFT,83.33043253439982,85.28016931543144,81.68563249350872,84.33763885498047,45867500
2018-04-02,MSFT,83.59840183721218,83.97725684585691,80.86322786172097,81.7965087890625,48515400
2018-04-03,MSFT,82.7760176460961,83.21032026435213,81.21437811659908,82.8961410522461,37213800
2018-04-04,MSFT,81.17738917766125,85.71445559844452,81.06650823859991,85.3171157836914,35560000
2018-04-05,MSFT,85.41875165132933,86.00089766506228,84.45774367237678,85.3633041381836,29771900
2018-04-06,MSFT,84.54092500207733,85.43725030939119,82.68359853115503,83.37663269042969,38026000
2018-04-09,MSFT,84.12512189885736,86.09333671417001,83.73702439441418,83.87562561035156,31533900
2018-04-10,MSFT,85.37255996701592,86.19495986706269,84.67952586810632,85.8253402709961,26812000
2018-04-11,MSFT,85.02145128982912,86.20422871987309,84.53170817113056,84.88284301757812,24872100
2018-04-12,MSFT,85.4095219121202,87.00812365543088,85.4095219121202,86.47217559814453,26758900
2018-04-13,MSFT,86.90647996514002,87.02660333922938,85.41876618260692,86.0101547241211,23346100
2018-04-16,MSFT,86.92496136038544,87.47015188047808,86.32433036533374,87.01736450195312,20288100
2018-04-17,MSFT,87.78435020342538,89.20738156850166,87.673462170464,88.77307891845703,26771000
2018-04-18,MSFT,88.91167616926518,89.37369900776694,88.26483996541728,89.1149673461914,21043300
2018-04-19,MSFT,89.11495717737064,89.69710334948749,88.0985014087263,88.81002044677734,23552500
2018-04-20,MSFT,88.62523256293744,88.8100388956771,86.90650687880178,87.78434753417969,31154400
2018-04-23,MSFT,88.46810419103304,88.97633197851985,87.44241323803737,88.10772705078125,22331800
2018-04-24,MSFT,88.9301365767113,89.14267014278806,85.39104768433849,86.047119140625,34524800
2018-04-25,MSFT,86.21345521736691,86.21345521736691,83.42283362482922,85.29864501953125,33729300
2018-04-26,MSFT,86.44446105971308,87.92293247905914,86.02863634651999,87.10053253173828,42529000
2018-04-27,MSFT,90.18684556794766,90.46406205690046,86.77712223331392,88.54204559326172,48272800
2018-04-30,MSFT,89.01330545895891,89.07798836250905,86.07484046213857,86.41673278808594,41523600
2018-05-01,MSFT,86.13030477149388,88.05232165158898,85.74220724279478,87.78434753417969,31408900
2018-05-02,MSFT,87.77506918434537,87.94139763571206,86.11179172058512,86.40748596191406,27471000
2018-05-03,MSFT,85.89927377677286,87.71964464450473,85.42800857068147,86.92496490478516,31142500
2018-05-04,MSFT,86.2319272673005,88.12622339497965,85.86230765093534,87.93217468261719,22531300
2018-05-07,MSFT,87.94140864463846,89.3644395622717,87.87672574156002,88.91165924072266,24242000
2018-05-08,MSFT,88.56977669893483,88.85623565264099,87.83977976837565,88.5328140258789,23484600
2018-05-09,MSFT,88.71763303365299,89.60471609368709,87.83054997361889,89.57699584960938,27327400
2018-05-10,MSFT,90.0574724195726,90.51025273474403,89.67861743542318,90.47329711914062,22388100
2018-05-11,MSFT,90.3716460229218,90.43632892113212,89.66936952099023,90.27923583984375,16778300
2018-05-14,MSFT,90.48252954550179,91.19404849603221,89.91886125219075,90.58417510986328,19454100
2018-05-15,MSFT,89.85417525987188,90.41784353378472,89.02253296640156,89.9281005859375,24594000
2018-05-16,MSFT,90.35500788131046,90.39213075533547,89.66825241300842,90.16011810302734,17384700
2018-05-17,MSFT,89.7982046786783,90.52208322855478,88.93511708141027,89.25993347167969,17246700
2018-05-18,MSFT,89.10217029033,89.95597543242178,89.10217029033,89.42698669433594,17865800
2018-05-21,MSFT,90.02092212959856,90.95825536316899,89.83531481306385,90.57775115966797,19422500
2018-05-22,MSFT,90.65200426458883,91.10674718327533,90.206536756155,90.48495483398438,15441200
2018-05-23,MSFT,89.75179713781101,91.6264638258033,89.38985787160316,91.5615005493164,21251200
2018-05-24,MSFT,91.6264351770837,91.82132494560845,89.84457271542446,91.23664855957031,26649300
2018-05-25,MSFT,91.22738502063693,91.8584597686383,90.81904045414639,91.28306579589844,18363900
2018-05-29,MSFT,90.80047033531291,91.76564384117565,90.23436596444952,90.95824432373047,28671000
2018-05-30,MSFT,91.23663757222955,92.10900726191932,90.86542305619929,91.8305892944336,22158500
2018-05-31,MSFT,92.14615029702637,92.79578292272309,91.51507556900758,91.72852325439453,34140900
2018-06-01,MSFT,92.13687987165918,93.6032017964661,92.03479371990264,93.53823852539062,28655600
2018-06-04,MSFT,93.97442230236908,94.53125134442237,93.59391809067897,94.35491943359375,27281600
2018-06-05,MSFT,94.66115440000812,94.96741277531942,94.22496951646723,94.83748626708984,23514400
2018-06-06,MSFT,95.10662272483174,95.21798425845137,94.56835171079105,95.11589813232422,21122900
2018-06-07,MSFT,95.264411306838,95.30153418665097,93.15773213036005,93.62175750732422,28232200
2018-06-08,MSFT,93.81665413599112,94.61477840882634,93.3062304325045,94.31780242919922,22165100
2018-06-11,MSFT,93.742402879303,94.28066690236834,93.42686196050546,93.77952575683594,23490900
2018-06-12,MSFT,93.82593080692773,94.15074715817448,93.50111445568098,94.02082061767578,18325200
2018-06-13,MSFT,94.40133225306563,94.6704678453961,93.32478988374376,93.59392547607422,29492900
2018-06-14,MSFT,94.33634904988978,94.6890057444134,93.73311471729942,94.12289428710938,25691800
2018-06-15,MSFT,94.20643479741581,94.22499269724399,92.8700394348938,92.92572021484375,65738600
2018-06-18,MSFT,92.81435350290982,93.83520786796288,92.26679990208967,93.60319519042969,23586000
2018-06-19,MSFT,92.48025468082483,93.73312172341107,92.3410456582119,93.60319519042969,28653100
2018-06-20,MSFT,94.07651717771542,95.14376999043695,93.84450446530359,94.54054260253906,26180800
2018-06-21,MSFT,94.73543003995546,95.08808680495173,93.62176480021067,93.8630599975586,23198200
2018-06-22,MSFT,93.18557739257812,93.51966914204806,92.46169187407527,93.18557739257812,38923100
2018-06-25,MSFT,92.80506761152571,92.90715375233557,90.29933361820042,91.31090545654297,35433300
2018-06-26,MSFT,91.70996826747522,92.87931411130748,91.64500500284369,91.95126342773438,26897200
2018-06-27,MSFT,92.4153040244312,92.8236415778912,90.39215291706353,90.52207946777344,31298400
2018-06-28,MSFT,90.37357462538111,91.979105451934,90.26221307286839,91.53363800048828,26650700
2018-06-29,MSFT,91.81205161006476,92.72154436764353,91.2552226329897,91.51507568359375,28053200
2018-07-02,MSFT,91.04178864686662,92.86076749673566,90.9489849762494,92.81436920166016,19564500
2018-07-03,MSFT,93.25055201739619,93.38975397976797,91.82135286649557,91.9234390258789,14670300
2018-07-05,MSFT,92.34105648910352,92.73083613376583,91.90487147130558,92.58235168457031,18977400
2018-07-06,MSFT,92.70299383354514,94.13219291501574,92.49882152469709,93.88162231445312,19234600
2018-07-09,MSFT,94.33635771384182,94.8931867333479,93.96513600734939,94.52196502685547,18212000
2018-07-10,MSFT,94.66116860177004,95.13447642730901,94.53124207404792,94.77253723144531,19293100
2018-07-11,MSFT,93.87233246911178,94.97670801972511,93.82592710056733,94.64261627197266,19644600
2018-07-12,MSFT,95.37578120742344,96.89779109100976,95.33866540482964,96.69361877441406,24335900
2018-07-13,MSFT,96.86065178706629,98.00215015565422,96.60079164970232,97.8443832397461,24635200
2018-07-16,MSFT,97.81656699746755,98.20634667903013,96.99987766794612,97.36182403564453,21786900
2018-07-17,MSFT,97.0833959027348,98.83741136904395,96.81426031789559,98.32698059082031,25901700
2018-07-18,MSFT,98.3176799585302,98.41976608798608,97.18545712672078,97.55667877197266,29493900
2018-07-19,MSFT,97.38034681045926,97.7330034788786,96.41517336585142,96.88848114013672,40171600
2018-07-20,MSFT,100.3037237656363,100.4150853208148,98.4476223210337,98.62394714355469,56004000
2018-07-23,MSFT,98.65179426657437,100.35940419099228,98.4940202631834,100.2016372680664,29707000
2018-07-24,MSFT,100.758462873596,100.9904755455054,99.54271873853949,99.9139404296875,26316600
2018-07-25,MSFT,100.19234243523124,103.15282613001636,99.85824365109718,102.85585021972656,30702100
2018-07-26,MSFT,102.77233771997624,103.01363289667893,101.62155677645353,101.73292541503906,31372100
2018-07-27,MSFT,102.25266079436403,102.25266079436403,98.50333385589849,99.93253326416016,37005300
2018-07-30,MSFT,99.47773261035546,99.79326637300903,97.2225696744884,97.78868103027344,34668300
2018-07-31,MSFT,98.82812132813208,99.0415761137542,97.79798444021083,98.44762420654297,27655200
2018-08-01,MSFT,98.40121181883418,98.79099140255309,97.83510034132898,98.63322448730469,23628700
2018-08-02,MSFT,97.81656791902978,100.31302006724324,97.29685459158344,99.83043670654297,26104300
2018-08-03,MSFT,100.04384853283732,100.27586116201323,99.1343559110638,100.2665786743164,18659600
2018-08-06,MSFT,100.34085276397428,100.6192637493659,99.82113951307196,100.35012817382812,20265900
2018-08-07,MSFT,100.74917428866173,101.25032247932135,100.3872351088183,101.04615020751953,16080200
2018-08-08,MSFT,101.4637897324434,101.85356934634783,100.93480109058304,101.61227416992188,15487500
2018-08-09,MSFT,101.81642737692017,102.23405438248557,101.71434124759067,101.77930450439453,13677200
2018-08-10,MSFT,101.54730369513234,101.7978813437651,100.58213013838261,101.15752410888672,18183700
2018-08-13,MSFT,101.3802455381283,101.69578642389703,100.32226842080902,100.42435455322266,18472500
2018-08-14,MSFT,100.74918770924316,101.85357037357572,100.26660443198952,101.67723846435547,16788300
2018-08-15,MSFT,101.07167228133481,101.53748329742614,99.5158651934407,100.29843139648438,29982800
2018-08-16,MSFT,100.89468975368383,101.41639592492129,99.96306752920924,100.27981567382812,21384300
2018-08-17,MSFT,100.01896469854913,100.52204156330565,99.39477950083246,100.22392272949219,18061500
2018-08-20,MSFT,100.15871481131892,100.5220469373372,99.19914498579813,99.5624771118164,17914200
2018-08-21,MSFT,99.60903446581422,100.0096322581083,98.6121990907168,98.73331451416016,22881900
2018-08-22,MSFT,98.61220187225227,100.00031686752256,98.54698860690971,99.73946380615234,18000600
2018-08-23,MSFT,99.82330750227504,100.78287710944753,99.56245445656357,100.20526885986328,18167700
2018-08-24,MSFT,100.30775905140142,101.13690222824692,100.20528004233392,100.98784637451172,17234000
2018-08-27,MSFT,101.79834455386565,102.14304729239936,101.09031686975536,102.10578155517578,19662300
2018-08-28,MSFT,102.42253094610703,102.94423702215866,102.28278621638972,102.72064971923828,19151500
2018-08-29,MSFT,102.89766687808631,104.36963162748161,102.72997460147528,104.36031341552734,20818000
2018-08-30,MSFT,104.03423667474098,104.90996371036017,103.8199675752038,104.29508972167969,22798700
2018-08-31,MSFT,104.05288650205883,105.06835129528142,103.89450532511663,104.64912414550781,23222700
2018-09-04,MSFT,103.27031469123203,104.30441585421244,102.68339529104571,104.0715103149414,22634600
2018-09-05,MSFT,103.41936979962729,103.80133115903418,100.7083461165484,101.0716781616211,32872400
2018-09-06,MSFT,100.8480802747873,101.53747855625244,100.15868199332218,101.30457305908203,23477600
2018-09-07,MSFT,100.82946558539263,101.2859584358911,99.89784346160071,100.81082916259766,22498600
2018-09-10,MSFT,101.39774110820184,102.14304159568147,100.95056650188384,101.90081787109375,20727900
2018-09-11,MSFT,101.45364425517536,103.95970277567271,101.44432604437003,103.63363647460938,24301800
2018-09-12,MSFT,103.81065724819193,104.20193684831615,102.95356656952566,104.0715103149414,18891100
2018-09-13,MSFT,104.4534784002669,105.95339063589071,104.4534784002669,105.18946075439453,26055600
2018-09-14,MSFT,105.60867800499783,105.95338072830725,104.7515874098478,105.61799621582031,19122300
2018-09-17,MSFT,105.91612410366685,105.92543520757799,104.21125386982355,104.47210693359375,20736500
2018-09-18,MSFT,104.51867416608926,105.9254182646554,104.08081069006349,105.46892547607422,22170900
2018-09-19,MSFT,105.31987501213203,105.5714098368452,103.44731271184627,104.06217956542969,21728400
2018-09-20,MSFT,104.60255810175286,106.0186280781833,104.27649169524408,105.80435180664062,23714500
2018-09-21,MSFT,106.204912205542,107.40670548605648,105.74841939762493,106.44713592529297,71229700
2018-09-24,MSFT,105.30124944942493,107.04338541169668,104.5466377897588,106.82910919189453,27334500
2018-09-25,MSFT,106.95021892594242,107.22970128870917,105.97201288697764,106.6241455078125,22668000
2018-09-26,MSFT,106.64280273810846,107.19245646753025,105.96271535135699,106.18630981445312,19352000
2018-09-27,MSFT,106.93160212119267,107.05271756421902,106.39125950324964,106.58690643310547,19091300
2018-09-28,MSFT,106.38193693798134,106.73595080071384,105.90680764526986,106.54962921142578,21647800
2018-10-01,MSFT,106.9036383916463,107.77004724854069,106.88500907661869,107.704833984375,18883100
2018-10-02,MSFT,107.41603563616371,107.91910533721561,106.61484002676569,107.27629089355469,20787200
2018-10-03,MSFT,107.52781212181583,108.23584684901405,107.07131932098959,107.29490661621094,16648000
2018-10-04,MSFT,106.77321933093434,106.91296408040951,103.9969820886142,105.07766723632812,34821700
2018-10-05,MSFT,104.92857187456643,105.4316485527071,103.0746462866171,104.46276092529297,29068900
2018-10-08,MSFT,104.02491282012511,104.36960840087909,101.86354302137234,103.27029418945312,29640600
2018-10-09,MSFT,103.54048112576369,105.34783030042159,103.2237330188758,104.58390045166016,26198600
2018-10-10,MSFT,103.633651612918,103.87587537525322,98.55631346232504,98.90101623535156,61376300
2018-10-11,MSFT,98.1463852487798,101.48159401945996,97.07501842931732,98.66809844970703,63904300
2018-10-12,MSFT,101.55612897191689,103.63364231266301,99.79536373927236,102.07783508300781,47742100
2018-10-15,MSFT,101.46296053741106,101.99398481982422,99.63697507073942,100.2425308227539,32068100
2018-10-16,MSFT,102.04988960260663,103.79202555522936,101.50022884650546,103.4100570678711,31610200
2018-10-17,MSFT,104.04357494270002,104.16468327849316,102.05922207505888,103.13990020751953,26548200
2018-10-18,MSFT,102.571595270802,102.97219307171095,100.45681615939797,101.08100128173828,32506200
2018-10-19,MSFT,101.48156864721987,103.2795991063233,100.81079977638389,101.23003387451172,32785500
2018-10-22,MSFT,101.84492745148158,102.9815075480795,100.83877387996415,102.13372802734375,26545600
2018-10-23,MSFT,100.40089891336757,101.51884956798173,97.92278811157287,100.70833587646484,43770400
2018-10-24,MSFT,100.99716045710731,101.07168482707127,94.64349058555548,95.32357788085938,63897800
2018-10-25,MSFT,99.26434504065232,101.79835137216658,98.89169475116951,100.89468383789062,61646800
2018-10-26,MSFT,98.46313676373249,101.3138979629816,97.59672797270609,99.64629364013672,55523100
2018-10-29,MSFT,100.71766695462088,101.26732058822215,94.6807525499976,96.74895477294922,55162000
2018-10-30,MSFT,96.57196324223918,97.24272527366979,93.26470150084772,96.63717651367188,65350900
2018-10-31,MSFT,98.23025099230718,100.74562819036518,98.18366703734871,99.5065689086914,51062400
2018-11-01,MSFT,99.73015149238981,99.98168633917005,98.31408187968445,98.67741394042969,33384200
2018-11-02,MSFT,99.19913505525899,99.98169429212354,97.80170175424662,98.90101623535156,37680200
2018-11-05,MSFT,99.09666545344349,100.37298344061345,98.65880184031856,100.1587142944336,27922100
2018-11-06,MSFT,100.03759958175962,101.39776728094031,99.01281647774283,100.35435485839844,24340200
2018-11-07,MSFT,101.95672820114208,104.56526590101265,101.91946246300942,104.30441284179688,37901700
2018-11-08,MSFT,104.15537149269838,104.53733292321978,103.32622825006185,104.1087875366211,25644100
2018-11-09,MSFT,103.27031025562287,103.8292821043221,101.32322344264949,102.07783508300781,32039200
2018-11-12,MSFT,101.93810969672714,102.44118658837877,98.84512396516512,99.5624771118164,33621800
2018-11-13,MSFT,100.1959449955241,101.30457029860202,99.3481655972236,99.62765502929688,35374600
2018-11-14,MSFT,101.14340774799876,101.29311464777986,97.74701276641638,98.21483612060547,39495100
2018-11-15,MSFT,98.23356556746855,100.86273819815426,97.22307234544822,100.3761978149414,38505200
2018-11-16,MSFT,100.18905814192404,101.87321804986729,99.9270781876941,101.3211898803711,33502100
2018-11-19,MSFT,101.30248012996041,101.57381856991371,96.88623304561455,97.88737487792969,44773900
2018-11-20,MSFT,95.24884662815442,96.34355166556425,92.95650769634763,95.16463470458984,64052500
2018-11-21,MSFT,96.93302096829963,97.7096096370094,95.6605405665452,96.47455596923828,28130600
2018-11-23,MSFT,95.59503495517306,97.1294951860587,95.43597670721489,96.43711853027344,13823100
2018-11-26,MSFT,98.04643723862492,99.76802406834275,97.84995225078228,99.61832427978516,32336200
2018-11-27,MSFT,99.4311933637874,100.42298393631827,98.57975839298322,100.24520874023438,29124500
2018-11-28,MSFT,100.94692085433529,104.16554775354606,100.91885259577063,103.96906280517578,46788500
2018-11-29,MSFT,103.2299203489389,103.96908222904433,102.01357656883246,103.09893035888672,28123200
2018-11-30,MSFT,103.5760929352627,103.82872155665649,102.32232970985662,103.75386810302734,33665600
2018-12-03,MSFT,105.72808997635425,106.12105992499279,103.6041748495919,104.87664794921875,34732800
2018-12-04,MSFT,104.73630983861113,105.391259773024,101.24634397501964,101.53639221191406,45197000
2018-12-06,MSFT,99.0101369834713,102.21004709655985,98.24290694808015,102.16326904296875,49107400
2018-12-07,MSFT,101.40539360005613,102.40653535088938,97.58796023236663,98.07449340820312,45044900
2018-12-10,MSFT,98.0557736958329,101.03113038664328,97.20433180121667,100.66622161865234,40801500
2018-12-11,MSFT,102.73402184826766,103.81000996122891,100.52589482160907,101.60188293457031,42381900
2018-12-12,MSFT,103.75386683245786,104.10941002521496,102.02292178438594,102.06034851074219,36183000
2018-12-13,MSFT,102.52816329327518,103.73514834808086,101.63929467822015,102.40652465820312,31333400
2018-12-14,MSFT,101.28377946307712,102.2287848545155,98.71075042359942,99.2066421508789,47043100
2018-12-17,MSFT,98.62652578689186,98.9914274425576,95.16462858349503,96.26869201660156,56957300
2018-12-18,MSFT,97.0733694838605,97.78446315305398,95.92252061317132,97.27921295166016,49319200
2018-12-19,MSFT,96.97980806753063,100.0019437270026,94.82781722111935,97.0172348022461,68198200
2018-12-20,MSFT,96.41840547168374,97.59731529851008,92.42318964329434,94.97750854492188,70334200
2018-12-21,MSFT,95.08976998210532,96.37160850978428,91.18812502070615,91.90857696533203,111242100
2018-12-24,MSFT,91.39395881965866,91.6652971862492,87.9320693063087,88.0724105834961,43935200
2018-12-26,MSFT,89.01744166827825,94.21028459541802,87.91337808820255,94.0886459350586,51634800
2018-12-27,MSFT,92.90971849490948,94.67809015504186,90.19634168601071,94.66873168945312,49498500
2018-12-28,MSFT,95.5201851348932,95.81959898493123,93.11557297452313,93.9295883178711,38196300
2018-12-31,MSFT,94.77167327518096,95.81024188243391,93.97637485534001,95.03365325927734,33173800
2019-01-02,MSFT,93.14363711720264,95.2020571184505,92.57289202679499,94.61260223388672,35329300
2019-01-03,MSFT,93.6582317189333,93.74244363254081,90.94485490538372,91.13198852539062,42579100
2019-01-04,MSFT,93.30269725923947,95.91315261010045,92.56353545264427,95.37047576904297,44060600
2019-01-07,MSFT,95.09915645481702,96.62425842997017,94.48163317312071,95.49212646484375,35656100
2019-01-08,MSFT,96.40907019370364,97.27922221141725,95.16465793876758,96.18451690673828,31514400
2019-01-09,MSFT,97.17627926297949,98.13063587814827,96.5961756649475,97.55989074707031,32280800
2019-01-10,MSFT,96.5774630752603,97.07335473319617,95.791516057491,96.9330062866211,30067600
2019-01-11,MSFT,96.5494186749646,96.7833304309261,95.09916293263517,96.18451690673828,28314200
2019-01-14,MSFT,95.34239388611878,96.24997226756568,94.74358060858178,95.48274230957031,28437100
2019-01-15,MSFT,95.91316398131302,98.28970792089758,95.32370187639646,98.25228118896484,31587600
2019-01-16,MSFT,98.48620715099551,99.42185416935232,98.20551019012036,98.59848022460938,29853900
2019-01-17,MSFT,98.24291317192788,99.76801487324238,98.01835994057781,99.29084014892578,28393000
2019-01-18,MSFT,100.54459935879218,100.95628621497116,99.09435117270229,100.77851104736328,37427600
2019-01-22,MSFT,99.88028443679323,100.2077593515254,98.11191275882179,98.87914276123047,32371300
2019-01-23,MSFT,99.29083682779277,100.15163013452457,98.56102635808371,99.84286499023438,25874300
2019-01-24,MSFT,99.983222483155,100.11421247045405,98.56103528045266,99.36569213867188,23164800
2019-01-25,MSFT,100.33876464627248,100.93757804995484,99.36569108068393,100.27326965332031,31225600
2019-01-28,MSFT,99.42185090131699,99.62769438073657,97.92481714883823,98.31778717041016,29476700
2019-01-29,MSFT,98.13064078955732,98.21485271952099,95.59503863793019,96.31549072265625,31490500
2019-01-30,MSFT,97.88738518182514,99.53411865234375,97.61604671331,99.53411865234375,49471900
2019-01-31,MSFT,97.12014740108845,98.44876423560315,96.54004377520414,97.70960235595703,55636400
2019-02-01,MSFT,97.10143363833151,97.40084035924833,95.76345829270528,96.16578674316406,35535700
2019-02-04,MSFT,96.24998581387895,98.99143113591866,96.15641542613052,98.93528747558594,31315100
2019-02-05,MSFT,99.23471445753725,100.36684642440053,99.14115118906636,100.320068359375,27325400
2019-02-06,MSFT,100.11422080876908,100.11422080876908,98.73881868915569,99.2066421508789,20609800
2019-02-07,MSFT,98.42067523720858,98.79492819346916,97.57859180878714,98.49552154541016,29760700
2019-02-08,MSFT,97.6721775146076,98.97272611049542,97.55054598968673,98.86980438232422,21461100
2019-02-11,MSFT,99.36568346974217,99.72123380860805,98.21484194767181,98.47682189941406,18914100
2019-02-12,MSFT,99.30955636445228,100.24520321705758,98.69203315371065,100.01129150390625,25056600
2019-02-13,MSFT,100.58203045757797,100.84401041801819,99.84286863295391,99.93643188476562,18394900
2019-02-14,MSFT,99.4686098132421,100.3855468254245,98.86044509914963,100.02064514160156,21784700
2019-02-15,MSFT,100.96566614530893,101.33056788597995,100.45105746568585,101.2557144165039,26606900
2019-02-19,MSFT,100.85336488291054,101.66738013205165,100.84400641657516,101.20890808105469,18038500
2019-02-20,MSFT,101.34986950386279,101.4250426458207,99.87463064523934,100.68272399902344,21607700
2019-02-21,MSFT,100.44779989225414,102.87207962984323,100.41961176001081,102.80630493164062,29063200
2019-02-22,MSFT,103.40767859732853,104.48826193162081,103.19155762912727,104.27214813232422,27763200
2019-02-25,MSFT,105.01446577002683,105.40911396699464,104.54464443966386,104.85472106933594,23750600
2019-02-26,MSFT,104.54464916002046,106.40513769767531,104.4600775889062,105.57825469970703,21536700
2019-02-27,MSFT,104.94869475986418,105.5782536441448,104.18757930306504,105.39971923828125,21487100
2019-02-28,MSFT,105.2775716523064,106.06686809935508,104.98628470192965,105.26817321777344,29083900
2019-03-01,MSFT,106.07626327675757,106.19841424631532,104.92989804170614,105.73799133300781,23501200
2019-03-04,MSFT,106.1984066830746,106.4145276418749,104.11240607038502,105.48428344726562,26608000
2019-03-05,MSFT,105.47489811308745,105.6064475238586,104.51646566762534,104.95809173583984,19538300
2019-03-06,MSFT,105.11783325412598,105.86015186027751,104.70438816490108,105.00507354736328,17687000
2019-03-07,MSFT,104.67619103256415,104.81713886167553,103.23853894721778,103.7271499633789,25339000
2019-03-08,MSFT,102.57140379290612,104.02784572228255,102.233131836775,103.83992004394531,22818400
2019-03-11,MSFT,104.29095100366997,106.13265000736642,104.28155973740459,106.0198974609375,26491600
2019-03-12,MSFT,106.01050514886828,107.10988555348314,105.85076758626393,106.76222229003906,26132700
2019-03-13,MSFT,107.24140285294936,108.05889446141938,106.91252939054318,107.58907318115234,35513800
2019-03-14,MSFT,107.62668244172852,108.24684293463953,107.42935832267023,107.67366027832031,30763400
2019-03-15,MSFT,108.37839058952838,110.17311167061027,107.67365853193387,108.91399383544922,54681100
2019-03-18,MSFT,109.15829180317301,110.51137959842035,109.04553926617237,110.47379302978516,31207600
2019-03-19,MSFT,110.96238805275766,111.29126868857384,109.9287826557889,110.5489501953125,37588700
2019-03-20,MSFT,110.30465262239059,111.58256722900994,109.66569531908091,110.42680358886719,28113300
2019-03-21,MSFT,110.06973568627953,113.52762080687583,110.02275068782326,112.96383666992188,29854400
2019-03-22,MSFT,112.28731331123014,112.37187772118484,109.97579291002913,109.98519134521484,33624500
2019-03-25,MSFT,109.52475215046488,110.88723838338427,109.2992399070146,110.55836486816406,27067100
2019-03-26,MSFT,111.46041938087303,111.54498378259086,109.79724779137383,110.79327392578125,26097700
2019-03-27,MSFT,110.76508810262303,111.07517193993614,108.54753057277455,109.72208404541016,22733400
2019-03-28,MSFT,110.35163338656264,110.48318278199572,109.12069665943253,109.8724136352539,18334800
2019-03-29,MSFT,110.94360787339667,111.17851853690169,109.900603953922,110.82145690917969,25399800
2019-04-01,MSFT,111.77048324001055,111.9208294955209,110.9717884720979,111.83625793457031,22789100
2019-04-02,MSFT,111.87382883075637,112.26848411174839,111.36642104282636,111.99598693847656,18142300
2019-04-03,MSFT,112.62555110456188,113.1611470450934,111.95840578698075,112.72891235351562,22860700
2019-04-04,MSFT,112.85109536198829,112.97325351031631,111.23490864886249,112.15576171875,20112800
2019-04-05,MSFT,112.18391867428758,112.97322211036891,112.16512897840863,112.65373992919922,15826200
2019-04-08,MSFT,112.57858551412339,112.77590961370556,111.47920531549212,112.69134521484375,15116200
2019-04-09,MSFT,111.46980487995941,112.32488313169948,111.42282704884794,112.08057403564453,17612000
2019-04-10,MSFT,112.53159945355667,113.08598514485826,112.32487693513774,112.9356460571289,16477200
2019-04-11,MSFT,113.26450851420013,113.5557953969614,112.68192757977423,113.06718444824219,14209100
2019-04-12,MSFT,113.35849333413681,113.67797557596433,113.10479296263375,113.6497802734375,19745100
2019-04-15,MSFT,113.64039787798862,114.24176867187921,113.29272747540283,113.74375915527344,15792600
2019-04-16,MSFT,114.29813594508431,114.30753437925357,112.85108534592526,113.48064422607422,14071800
2019-04-17,MSFT,113.92227860343665,114.49546122225212,113.26453158294588,114.4202880859375,19300900
2019-04-18,MSFT,114.81494265187598,116.06466198193463,113.97866123080235,115.92372131347656,27991000
2019-04-22,MSFT,115.21898434392685,116.51568862034767,115.17199934385685,116.29017639160156,15648700
2019-04-23,MSFT,116.60965710337997,118.00033144734353,116.35595672985738,117.86878204345703,24025500
2019-04-24,MSFT,118.19766478071544,118.2540410528095,117.00431444941829,117.4647445678711,31257000
2019-04-25,MSFT,122.2099290797944,123.44085874099422,121.05417255624629,121.35485076904297,38033900
2019-04-26,MSFT,121.87166699187108,122.64218096179786,121.23271677683911,122.05020141601562,23654900
2019-04-29,MSFT,122.05959040494422,122.32268923420278,121.54279835035042,121.93744659423828,16324200
2019-04-30,MSFT,121.97499765629547,122.81127895595016,121.58034950410189,122.71732330322266,24166500
2019-05-01,MSFT,122.65154568232289,122.76429820461674,119.99235544169818,120.16149139404297,26821700
2019-05-02,MSFT,120.25545648126503,120.27424617791269,117.94392950389799,118.59228515625,27350200
2019-05-03,MSFT,119.67289068299922,121.6179435486845,119.56952941608199,121.11993408203125,24911100
2019-05-06,MSFT,118.76144091001109,120.80046385929943,118.49834209963903,120.41520690917969,24239800
2019-05-07,MSFT,118.82722863067283,119.503772599408,116.72243074820122,117.94396209716797,36017700
2019-05-08,MSFT,117.86877272757172,118.74264065226775,117.22041702472826,117.9345474243164,28419000
2019-05-09,MSFT,116.7881888638694,118.19765287549865,116.1116449912626,117.92515563964844,27235800
2019-05-10,MSFT,117.37079360223443,120.20851189765315,116.34657915247814,119.45679473876953,30915100
2019-05-13,MSFT,116.61905292538538,117.97214067094319,115.61363555025692,115.90492248535156,33944900
2019-05-14,MSFT,116.39355154836042,118.28222833899515,116.23380683039936,117.20164489746094,25266300
2019-05-15,MSFT,117.19220889978928,119.50285230254299,116.66405628553342,118.85209655761719,24722700
2019-05-16,MSFT,119.5405911860931,122.02100411322301,119.26708522249037,121.59658813476562,30112200
2019-05-17,MSFT,121.0118317330277,123.03955015772495,120.64401518393481,120.78549194335938,25770500
2019-05-20,MSFT,119.32365002405018,120.33278907320177,118.60688333925702,119.04071807861328,23706900
2019-05-21,MSFT,120.18191323672775,120.27622390071461,119.38026179967582,119.68206024169922,15293300
2019-05-22,MSFT,119.41796866318728,120.94582708230924,119.323650818639,120.40824127197266,15396500
2019-05-23,MSFT,119.02184997391286,119.10673459317054,117.64489437806272,119.00299072265625,23603800
2019-05-24,MSFT,119.69147440037712,120.17246086872368,118.80493847014878,119.05957794189453,14123400
2019-05-28,MSFT,119.75748199587605,120.71946204303762,118.88037936665198,118.98412322998047,23128400
2019-05-29,MSFT,118.24850256738999,118.25793579164933,116.98472394342744,117.83353424072266,22763100
2019-05-30,MSFT,118.13533003286577,118.60689049916843,117.68262881922088,118.57859802246094,16829600
2019-05-31,MSFT,117.16390672521642,117.53172328222298,116.3056632952404,116.64518737792969,26646800
2019-06-03,MSFT,116.80550640587018,117.2959332377341,112.24080531410551,113.02359008789062,37983600
2019-06-04,MSFT,114.38169054240298,116.26793216004272,113.78752702320513,116.1547622680664,29382600
2019-06-05,MSFT,117.8429691204964,118.71064593147985,117.14506157716491,118.67292022705078,24926100
2019-06-06,MSFT,119.24819378924208,120.69116743213999,118.45596859199114,120.54969787597656,21459000
2019-06-07,MSFT,121.8418121982268,124.72776034293956,120.96470212805578,123.92610168457031,33885600
2019-06-10,MSFT,124.8692255988678,126.4536765011372,124.4919829221247,125.057861328125,26477100
2019-06-11,MSFT,126.26504266195654,126.60456679376516,123.8129223332405,124.58628845214844,23913700
2019-06-12,MSFT,123.92607162795045,124.46365741007185,123.27533034189874,124.0109634399414,17092500
2019-06-13,MSFT,124.47309016958411,125.43507750016029,124.07698112543689,124.79376220703125,17200800
2019-06-14,MSFT,124.73714082084096,126.18011436624668,124.1524105815179,124.91633605957031,17821700
2019-06-17,MSFT,125.08612188262495,126.12354617432133,124.99180404206983,125.29360961914062,14517800
2019-06-18,MSFT,126.55738539657996,127.54766513777695,125.97265509206896,127.47221374511719,25934500
2019-06-19,MSFT,127.32131310598274,128.19840857753397,126.19899700643333,127.9720687866211,23744400
2019-06-20,MSFT,129.63197614056992,129.83003787884442,128.00038087061822,129.16041564941406,33042600
2019-06-21,MSFT,128.8114893546655,129.89607292890034,128.69831942090514,129.17930603027344,36727900
2019-06-24,MSFT,129.20755840545763,130.52792185908748,129.20755840545763,129.9431915283203,20628800
2019-06-25,MSFT,129.4433273556493,129.76398496778262,125.18041739070144,125.8405990600586,33327400
2019-06-26,MSFT,126.70829536768395,128.0192328088685,126.00095471112647,126.31217193603516,23657700
2019-06-27,MSFT,126.51023492157603,127.04782073357877,125.91606415902196,126.51966094970703,16557500
2019-06-28,MSFT,126.9158042835369,126.94409676324833,125.58600017356018,126.34049987792969,30043000
2019-07-01,MSFT,128.8585845057869,128.9245954708428,127.29300070625982,127.96260833740234,22613500
2019-07-02,MSFT,128.3776052214973,128.8208731713169,127.6419721113461,128.8114471435547,15237800
2019-07-03,MSFT,129.0189095892121,129.90544531505958,128.53790884087223,129.64137268066406,13629300
2019-07-05,MSFT,128.20783898785004,129.51877627445242,128.00035126845566,129.26412963867188,18141100
2019-07-08,MSFT,128.64168578550303,129.30188193222187,127.67027240386963,129.1698455810547,16779700
2019-07-09,MSFT,128.26444600568286,129.1792744556705,128.07582469855703,128.6982879638672,19953100
2019-07-10,MSFT,129.33016813811668,130.69769050695328,129.22642426788042,130.00921630859375,24204400
2019-07-11,MSFT,130.33933276029182,131.30132030892395,130.02810107129656,130.5279541015625,22327900
2019-07-12,MSFT,130.95235192435405,131.21642464364177,130.16011937560694,130.99949645996094,18936800
2019-07-15,MSFT,131.5087898406472,131.6030933027449,130.58453532314013,130.99949645996094,16651500
2019-07-16,MSFT,131.05610745764238,131.14098489834137,128.7548897927908,129.2830352783203,22726100
2019-07-17,MSFT,129.86772930214644,130.08464305339308,128.47191456887074,128.51907348632812,20211000
2019-07-18,MSFT,127.84002722937852,128.84915900141928,127.01007632087297,128.66053771972656,30381800
2019-07-19,MSFT,132.24437638972378,132.6687777966522,128.6888075717385,128.84913635253906,48992400
2019-07-22,MSFT,129.59424046581816,131.27299444067646,129.5187890703222,130.55621337890625,25074900
2019-07-23,MSFT,131.81059287423204,132.02752107734537,130.178997485856,131.36732482910156,18034600
2019-07-24,MSFT,130.99948597156595,132.73483934765318,130.95234143973366,132.71597290039062,20738300
2019-07-25,MSFT,132.4424653013314,132.61223455200232,131.39561488420782,132.21612548828125,18356900
2019-07-26,MSFT,132.385891683082,133.6213779047087,132.31988069558489,133.30072021484375,19037600
2019-07-29,MSFT,133.4515839365404,133.46100996316883,131.44273216690158,133.00831604003906,16605900
2019-07-30,MSFT,132.16898841085703,133.18756091060058,131.84833069544305,132.36705017089844,16846500
2019-07-31,MSFT,132.34814157341756,132.49904435292876,127.39675744889547,128.51907348632812,38598800
2019-08-01,MSFT,129.20759977453332,132.92349947205085,129.14157438527096,130.20730590820312,40557500
2019-08-02,MSFT,130.23555156042286,130.4524797120907,127.56651789282414,129.1132354736328,30791600
2019-08-05,MSFT,125.71802369642214,126.3121801005351,123.34135490732002,124.69002532958984,42749600
2019-08-06,MSFT,126.18957654519347,127.96263401271166,125.63313868014475,127.0289535522461,32696700
2019-08-07,MSFT,126.18017820032564,127.9343841966212,124.3316687191722,127.58543395996094,33414500
2019-08-08,MSFT,128.8303409190795,131.08439964826775,128.1984371529115,130.99008178710938,27496500
2019-08-09,MSFT,130.72600039635486,131.45220758475168,128.69829603356456,129.877197265625,23466700
2019-08-12,MSFT,129.27353746953082,130.0185963534485,127.54762517920327,128.0663299560547,20484300
2019-08-13,MSFT,128.31162169690901,130.90520458372646,127.3213417164926,130.71658325195312,25154600
2019-08-14,MSFT,129.0322357669996,129.56213996680884,126.48678968545283,126.7801284790039,32527300
2019-08-15,MSFT,127.16804475125848,127.34783669322837,125.14304631844026,126.4961929321289,28074400
2019-08-16,MSFT,127.6317332697701,129.12682790920258,127.48032799111316,128.81455993652344,24449100
2019-08-19,MSFT,130.44214181631492,131.10452191896815,129.53372450495954,130.9720458984375,24355700
2019-08-20,MSFT,130.78282545059628,131.2559562627572,129.86495051989957,129.8838653564453,21170800
2019-08-21,MSFT,131.10449529250204,131.99398315204576,130.5840487322583,131.3315887451172,14970300
2019-08-22,MSFT,131.20863031382734,131.71960519902063,128.96598061637593,130.37591552734375,18697000
2019-08-23,MSFT,129.81762918700056,130.91529609117305,125.66354140542228,126.22183227539062,38508600
2019-08-26,MSFT,127.73582466705759,128.2751861276735,126.70438882341962,128.1710968017578,20312600
2019-08-27,MSFT,129.06059025029055,129.37285824127366,127.423562090412,128.44552612304688,23102100
2019-08-28,MSFT,127.63171107894945,128.46441108918015,126.37318199168311,128.27516174316406,17393300
2019-08-29,MSFT,129.87438896347172,131.00044244210687,129.55266352352007,130.6976318359375,20168700
2019-08-30,MSFT,131.67230079530856,131.70068748926707,128.94707710364324,130.45162963867188,23940100
2019-09-03,MSFT,129.26879191180686,129.82708276526384,128.40769042940715,128.7294158935547,18869300
2019-09-04,MSFT,129.92166456905386,130.2907058564378,129.1457234608723,130.2339324951172,17995900
2019-09-05,MSFT,131.63445281863304,132.83620910322242,131.3032554804308,132.52394104003906,26101800
2019-09-06,MSFT,132.50501639524452,132.64694986583015,130.77335586006583,131.625,20824500
2019-09-09,MSFT,132.08863656852438,132.240041870684,129.1268479536001,130.1298828125,25773900
2019-09-10,MSFT,129.4486130966854,129.53377319071924,127.28166555643176,128.76730346679688,28903400
2019-09-11,MSFT,128.60637744017552,128.94703208756022,127.83043623937644,128.80508422851562,24726100
2019-09-12,MSFT,130.4421508336526,130.98151236924028,129.51480418702818,130.1298828125,27010000
2019-09-13,MSFT,130.3759155389344,130.64086761851087,129.23094714622312,129.94064331054688,23363100
2019-09-16,MSFT,128.53068401082606,129.35392678481404,128.36982131009293,129.00381469726562,16731400
2019-09-17,MSFT,129.59996573108685,130.1298697968399,129.0984339129961,130.00685119628906,17814200
2019-09-18,MSFT,129.97845946854483,131.21805952545353,129.19306081626476,131.0761260986328,23982100
2019-09-19,MSFT,132.7604798895748,134.7192335174894,132.5428438062073,133.48910522460938,35772100
2019-09-20,MSFT,133.43232404235206,134.03793080267528,130.82064759573402,131.9467010498047,39167300
2019-09-23,MSFT,131.74792553443604,132.12643862801673,131.00038563766117,131.6627655029297,17139300
2019-09-24,MSFT,132.8172299778543,133.129497923834,129.52424486203338,129.99737548828125,29773200
2019-09-25,MSFT,130.11094018819685,132.43874954390984,128.7199347998079,131.87098693847656,21382000
2019-09-26,MSFT,131.9467338116057,132.64695822905213,131.00047211122276,132.04135131835938,17456600
2019-09-27,MSFT,132.6185647463305,132.8172860463166,129.306648964479,130.32861328125,22477700
2019-09-30,MSFT,130.63136857847746,131.73849250940805,130.37587399786247,131.55870056152344,17280900
2019-10-01,MSFT,132.15488487045303,132.71317569147124,129.6378258091377,129.70407104492188,21466600
2019-10-02,MSFT,128.9281324884508,129.04167925077533,126.4016159550952,127.41410827636719,30521700
2019-10-03,MSFT,127.69799806865632,129.4012718102267,126.06096956869425,128.95652770996094,24132900
2019-10-04,MSFT,129.40125822043538,130.82065044954436,129.08899019737487,130.6976318359375,22897700
2019-10-07,MSFT,129.77028730301623,130.75439280203412,129.65674055588423,129.75135803222656,15303700
2019-10-08,MSFT,129.71355064901513,130.35700164998332,128.3320022663377,128.3793182373047,25550500
2019-10-09,MSFT,130.07307462456075,131.24642930528125,129.60940142533383,130.8111572265625,19749900
2019-10-10,MSFT,131.0477798216071,132.1643616270322,130.8206718298633,131.625,17654600
2019-10-11,MSFT,132.59010905145118,133.45121017192574,132.00343175296493,132.1737518310547,25446000
2019-10-14,MSFT,132.18327254253708,132.75102078482652,132.02240981861482,132.05079650878906,13304300
2019-10-15,MSFT,132.5333705297735,134.1703987231871,132.29680517771013,133.9622344970703,19695700
2019-10-16,MSFT,133.2241630921818,133.41342696149533,132.03187868505913,132.86459350585938,20751600
2019-10-17,MSFT,133.3755576261333,133.82030169320313,131.54927983315682,132.1832733154297,21460600
2019-10-18,MSFT,132.24949306427663,132.47660100682907,129.22145935759556,130.02578735351562,32273500
2019-10-21,MSFT,131.00991132990816,131.05722729611554,129.6472923604472,130.99098205566406,20078200
2019-10-22,MSFT,131.50195734491172,132.48606291842205,128.93758241391188,129.0416717529297,27431000
2019-10-23,MSFT,129.5242744928379,130.06363602197183,128.32251838438262,129.86492919921875,29844600
2019-10-24,MSFT,131.89938363425736,132.8740317777983,131.21807423155636,132.41983032226562,37029300
2019-10-25,MSFT,131.85211610556607,133.55539023796396,131.71964003075786,133.16741943359375,25959700
2019-10-28,MSFT,136.64014358049613,137.84189962947013,135.79797149234983,136.44143676757812,35280100
2019-10-29,MSFT,136.33735257914375,136.7347806587827,134.98419118624554,135.15452575683594,20589500
2019-10-30,MSFT,135.80744568493486,137.20790857093175,135.11666443894944,136.8388671875,18496600
2019-10-31,MSFT,137.11329108302127,137.14167777405734,135.30594251890233,135.66551208496094,24605100
2019-11-01,MSFT,136.50769427523417,136.65909959772023,135.2870231548552,135.99671936035156,33128400
2019-11-04,MSFT,137.04708713722175,137.20794989754813,136.4130935151797,136.78213500976562,16912000
2019-11-05,MSFT,137.17951805379514,137.22683401215616,136.17648326727598,136.69692993164062,18250200
2019-11-06,MSFT,136.61175914564606,136.7537070245888,135.50463499615046,136.31842041015625,16575800
2019-11-07,MSFT,136.11024708409755,137.09436710372245,136.04401628903287,136.50767517089844,17786700
2019-11-08,MSFT,136.24269476385365,138.14468917347034,136.03451612758914,138.11630249023438,16732700
2019-11-11,MSFT,137.52964485568222,138.5516090225391,136.95242475510946,138.25827026367188,14362600
2019-11-12,MSFT,138.41911715730924,139.63980245539213,138.21093849312152,139.1666717529297,18641600
2019-11-13,MSFT,138.85440680607223,139.53571618768487,138.41912019717392,139.39376831054688,16919200
2019-11-14,MSFT,139.11936428055844,140.4346671360793,139.10043500844046,140.1034698486328,19729800
2019-11-15,MSFT,140.9266773590602,141.9297263865115,140.302155923825,141.91079711914062,23485700
2019-11-18,MSFT,142.00546036046342,142.45966180601263,140.9740244236987,142.2609405517578,21534000
2019-11-19,MSFT,142.77193136240143,143.19774612465324,142.12846607198227,142.30825805664062,23935700
2019-11-20,MSFT,142.71653051718937,143.21975444233186,140.9599988217842,142.06138610839844,25696800
2019-11-21,MSFT,141.85252180166486,142.23232307166091,140.99799429806353,141.92848205566406,18576100
2019-11-22,MSFT,142.48867469225863,142.7070513485023,141.30182299190173,142.0329132080078,15901800
2019-11-25,MSFT,142.42219939463277,143.7040049843586,142.34623914973673,143.59005737304688,22420900
2019-11-26,MSFT,143.71348916448176,144.71993701752783,143.67551628743283,144.34963989257812,24620100
2019-11-27,MSFT,144.634474337647,144.79588440466082,143.86539687625552,144.62498474121094,15184400
2019-11-29,MSFT,144.416079938088,144.60597325896703,143.63749848817275,143.73245239257812,11977300
2019-12-02,MSFT,144.1407721356058,144.15976582063908,140.82709125016626,141.9949493408203,27418400
2019-12-03,MSFT,140.03902586014226,141.88100772410974,139.2414504222886,141.76707458496094,24066000
2019-12-04,MSFT,142.55514365956435,142.59311654269516,141.6626287826511,142.27980041503906,17574700
2019-12-05,MSFT,142.46964521824145,142.72600917773866,141.92843402462867,142.35569763183594,17869100
2019-12-06,MSFT,143.36218544473041,144.1977191296033,142.67855775569407,144.0837860107422,16403500
2019-12-09,MSFT,143.4381577535063,144.52056593755012,143.28623725695448,143.7135009765625,16687400
2019-12-10,MSFT,143.64703846350994,144.21673311388275,143.14381446711988,143.49513244628906,16476100
2019-12-11,MSFT,143.88441066964705,144.19774128258666,142.73554624347213,144.0363311767578,18856600
2019-12-12,MSFT,143.98883361683096,145.6884132602261,143.39067024851747,145.49851989746094,24612100
2019-12-13,MSFT,145.27063767776494,147.06515674014935,145.10922759667514,146.7233428955078,23845400
2019-12-16,MSFT,147.27404064931557,148.024124479351,146.99869745518305,147.67282104492188,24144200
2019-12-17,MSFT,147.5968906136444,147.84376506645128,146.64740915007906,146.8752899169922,25425600
2019-12-18,MSFT,146.50495498121165,147.62533586536176,146.39100738314306,146.5714111328125,24129200
2019-12-19,MSFT,146.22014557928765,147.90073182860712,145.98277521308748,147.84376525878906,24958900
2019-12-20,MSFT,149.4008886645591,150.4832967693194,148.3944263145759,149.45785522460938,53477500
2019-12-23,MSFT,150.1319788357844,150.1319788357844,149.32492842184706,149.45785522460938,17718200
2019-12-24,MSFT,149.5242912312849,149.74268233262595,149.182477429113,149.42935180664062,8989200
2019-12-26,MSFT,149.60026528341558,150.71115662111214,149.4483448044312,150.65419006347656,14520600
2019-12-27,MSFT,151.39480203018746,151.48975596266368,150.22694399799698,150.9295654296875,18412800
2019-12-30,MSFT,150.95800537793562,150.9864886519149,148.81216881861758,149.62872314453125,16348400
2019-12-31,MSFT,148.850204575692,149.79968598488423,148.54636357054093,149.73321533203125,18369400
2020-01-02,MSFT,150.7586493016358,152.61013505752078,150.33138558688324,152.5056915283203,22622100
2020-01-03,MSFT,150.32190239946755,151.86954723170166,150.07502796286428,150.6067352294922,21116200
2020-01-06,MSFT,149.14451665528264,151.06247283904833,148.60330538796924,150.99600219726562,20813700
2020-01-07,MSFT,151.27133449304822,151.60364418240442,149.37237230953278,149.61923217773438,21634100
2020-01-08,MSFT,150.90105488844765,152.67659475751987,149.97056727826134,152.00245666503906,27746500
2020-01-09,MSFT,153.66404265039787,154.02485016301017,152.89496515282673,153.9014129638672,21385000
2020-01-10,MSFT,154.59455860928736,154.97434534980923,153.0373953045155,153.18931579589844,20725900
2020-01-13,MSFT,153.58806511756865,155.0597637929525,153.11332454408566,155.03128051757812,21626500
2020-01-14,MSFT,155.13576394480137,155.33516141166606,153.55013175988464,153.93942260742188,23477400
2020-01-15,MSFT,154.40466357354921,155.65798599963676,154.35720109299407,154.93637084960938,21417900
2020-01-16,MSFT,156.04726580624668,157.84178497982282,155.74342481976777,157.7753143310547,23865400
2020-01-17,MSFT,158.9621822424408,159.00965921241536,157.07270894577653,158.65835571289062,34371700
2020-01-21,MSFT,158.25956853803012,159.6932948669055,158.02219816442164,158.0886688232422,29517200
2020-01-22,MSFT,158.94314034249766,159.02860465770164,157.31003158873907,157.3290252685547,24138800
2020-01-23,MSFT,157.79426154285446,158.37344557581127,156.92074069589083,158.2974853515625,19680800
2020-01-24,MSFT,159.04759713884232,159.06659082024498,156.14218686539624,156.70237731933594,24918100
2020-01-27,MSFT,153.00888401508118,155.12623744531845,152.1068798055021,154.08180236816406,32078100
2020-01-28,MSFT,155.50606002902032,157.386029114127,154.83193635911937,157.1011962890625,24899900
2020-01-29,MSFT,159.36094890964196,160.22498042935823,157.3195697689756,159.55084228515625,34754500
2020-01-30,MSFT,165.25725238117488,165.25725238117488,162.16193352362347,164.05140686035156,51597500
2020-01-31,MSFT,163.51018671757376,163.69057600096366,161.0130461758437,161.6302032470703,36142700
2020-02-03,MSFT,161.82004910989713,165.6844439546216,161.7915658373062,165.5705108642578,30107000
2020-02-04,MSFT,168.1911186016925,171.51430318526613,167.40304737617856,171.02056884765625,36433300
2020-02-05,MSFT,174.733038337566,174.89444841618726,169.39695819420768,170.81167602539062,39186300
2020-02-06,MSFT,171.8276475214221,174.53367526571967,170.96361598336935,174.353271484375,27751400
2020-02-07,MSFT,173.61270427083156,176.2522617760695,173.26138625148627,174.60015869140625,33529100
2020-02-10,MSFT,174.30575990590592,179.30002578710295,173.9924293723042,179.16709899902344,35844300
2020-02-11,MSFT,181.01861612373997,181.06609308949365,174.22983017110295,175.12234497070312,53159900
2020-02-12,MSFT,176.20476736113224,176.46113140653625,172.66320564680828,175.37872314453125,47062900
2020-02-13,MSFT,173.83103662761303,176.8218969013737,173.63163918165944,174.42921447753906,35295800
2020-02-14,MSFT,173.99244218660291,176.0433252005315,173.42274763120017,175.98635864257812,23149500
2020-02-18,MSFT,176.23323763923193,178.2176502251347,176.12879410902988,177.77139282226562,27792200
2020-02-19,MSFT,179.04715195867632,179.1613962650694,177.53335678894416,178.30453491210938,29997500
2020-02-20,MSFT,177.99041356214184,178.27603895996978,172.42078367829703,175.5816650390625,36862400
2020-02-21,MSFT,174.39150943819044,174.705695811561,168.7552293329656,170.031005859375,48572600
2020-02-24,MSFT,159.7295593689588,166.1846239809881,155.40713255877654,162.7000274658203,68311100
2020-02-25,MSFT,165.85142145386897,166.4607487234575,159.6153288264737,160.0152130126953,68073300
2020-02-26,MSFT,161.5766106394394,164.95646434698395,160.14849852836164,162.01455688476562,56206100
2020-02-27,MSFT,155.49286045756762,159.0250497653848,150.4087700779,150.59918212890625,93174900
2020-02-28,MSFT,145.1057120982535,155.86415937952862,144.7153579750086,154.24562072753906,97012700
2020-03-02,MSFT,157.38750165763997,164.6327923319189,154.53127691657093,164.50901794433594,71030800
2020-03-03,MSFT,165.47057497886473,166.6130616388873,154.48362552167413,156.62579345703125,71677000
2020-03-04,MSFT,160.41508629294538,162.5191634394525,157.68262177211892,162.37635803222656,49814400
2020-03-05,MSFT,158.09199505613142,162.6809872137587,157.74924760857994,158.30145263671875,47817300
2020-03-06,MSFT,154.8168725190958,155.29290988438083,148.5236579689275,153.82672119140625,72821100
2020-03-09,MSFT,143.76325170458367,150.18975467813294,142.8111771899838,143.40145874023438,70419300
2020-03-10,MSFT,150.5801343469339,153.31258402014208,145.2675559078778,153.20785522460938,65354400
2020-03-11,MSFT,149.5995195250043,150.14219461233048,143.90610170212486,146.2672576904297,56371600
2020-03-12,MSFT,138.33647521956644,146.11492481009816,131.93853122219355,132.39552307128906,93226400
2020-03-13,MSFT,140.43105262010113,154.15045589148778,133.98550125586877,151.2180633544922,92727400
2020-03-16,MSFT,133.29043474929534,142.1923374524822,128.53006207967763,128.929931640625,87905900
2020-03-17,MSFT,133.29044104633834,140.43100038810647,128.53006815182624,139.5455780029297,81059800
2020-03-18,MSFT,131.38627647927117,139.00287221719995,128.5490986345937,133.67124938964844,81593200
2020-03-19,MSFT,135.9276971037771,142.9539978968266,132.33837173085726,135.87057495117188,85922700
2020-03-20,MSFT,139.00292822092638,140.0502163678412,129.34888981462817,130.76748657226562,84866200
2020-03-23,MSFT,130.4437553300874,133.83315361883407,126.16894903091577,129.46311950683594,78975200
2020-03-24,MSFT,136.86076881812787,142.43041287320884,134.49962710030758,141.2307891845703,82516700
2020-03-25,MSFT,141.77346406617644,146.9337078157321,137.51768848459022,139.8788299560547,75638200
2020-03-26,MSFT,141.28791386311786,149.15206208598235,141.25935277740615,148.62841796875,64568100
2020-03-27,MSFT,144.47731422169113,147.46682775364604,142.0495211925308,142.5255584716797,57042300
2020-03-30,MSFT,145.13427789282522,152.90321137574261,142.82072868520657,152.55093383789062,63420300
2020-03-31,MSFT,151.760681450788,156.88284731331882,149.05679314426825,150.1516876220703,77927200
2020-04-01,MSFT,145.6674295225216,150.1897843606391,143.59191364370474,144.82008361816406,57969900
2020-04-02,MSFT,144.582029160815,148.02853408305677,143.15391746010667,147.81907653808594,49630700
2020-04-03,MSFT,147.66682659973765,149.83755626537894,144.89628508286296,146.4576873779297,41243300
2020-04-06,MSFT,152.63661391051838,158.52042823766854,150.02792415586416,157.34938049316406,67111700
2020-04-07,MSFT,161.46238787981076,161.85274209735405,155.4357516807668,155.6547393798828,62769000
2020-04-08,MSFT,157.73020890061215,158.68228357100458,155.66420860916136,157.21609497070312,48318200
2020-04-09,MSFT,158.38714875924393,159.34873898293552,155.502363560662,157.22561645507812,51385100
2020-04-13,MSFT,156.47348523081303,157.63501754538458,154.52172915944234,157.577880859375,41905300
2020-04-14,MSFT,160.90061819618973,165.42297284963294,159.94854353230696,165.3753662109375,52874300
2020-04-15,MSFT,162.99520547266337,165.2516326636138,161.12914697009398,163.6426239013672,40940800
2020-04-16,MSFT,165.9466375037729,168.78381628806628,164.6137240916995,168.55531311035156,50479600
2020-04-17,MSFT,170.8974039982127,171.37344133525505,167.44136828248293,170.04054260253906,52765600
2020-04-20,MSFT,168.16496080222765,170.1833545401392,166.6035588577569,166.67019653320312,36669600
2020-04-21,MSFT,165.18496875685338,165.3468197206917,158.14913695113438,159.77719116210938,56203700
2020-04-22,MSFT,163.17607112940274,165.66098650812486,162.63339614169652,165.20399475097656,34620200
2020-04-23,MSFT,165.76570326828318,166.67017120048723,162.7190675625672,163.20462036132812,32790800
2020-04-24,MSFT,163.81399034596006,166.1941773834813,162.52869806220386,166.18466186523438,34277600
2020-04-27,MSFT,168.1268507472983,168.42199154998565,164.99453169385157,165.70858764648438,33194400
2020-04-28,MSFT,167.1747734031397,167.25094111347252,161.27191386364734,161.67178344726562,34392700
2020-04-29,MSFT,164.91837891627318,169.16462389704049,163.64260231864407,168.92660522460938,51286600
2020-04-30,MSFT,171.37345529352075,171.7542793831699,167.78412941217093,170.62132263183594,53875900
2020-05-01,MSFT,167.37478350305727,170.07867294533432,165.6705611624768,166.2037353515625,39370500
2020-05-04,MSFT,166.1275265673795,170.42137841371047,165.4705926725567,170.26904296875,30372900
2020-05-05,MSFT,171.96374075260462,174.84852615095244,171.27824575423404,172.09703063964844,36839200
2020-05-06,MSFT,173.35377128207907,175.37216509231774,172.92534055240677,173.79171752929688,32139300
2020-05-07,MSFT,175.34360890327773,175.70540196520787,173.8298135033723,174.80093383789062,28316000
2020-05-08,MSFT,176.11478793585908,176.1338334990748,174.5724314480752,175.82916259765625,30877800
2020-05-11,MSFT,174.3724765562878,178.5235228546766,174.08686576655347,177.79043579101562,30892700
2020-05-12,MSFT,177.84753055270363,178.07601914929393,173.56319503657724,173.76312255859375,32038200
2020-05-13,MSFT,173.80124922811217,175.2293613589471,168.07927065962855,171.13543701171875,44711500
2020-05-14,MSFT,169.03129803532227,172.03034138597113,167.2604389083451,171.8780059814453,41873900
2020-05-15,MSFT,170.47849174244934,178.0950892658203,168.5172202045824,174.3820037841797,46610400
2020-05-18,MSFT,176.8478807645849,177.27631148677688,175.14367339319634,176.0481414794922,35264500
2020-05-19,MSFT,176.16236643542155,177.65713056761624,174.6961779072391,174.8294677734375,26799100
2020-05-20,MSFT,176.44294772326188,177.43587113513095,175.6123405861521,177.2544708251953,31261300
2020-05-21,MSFT,177.00628537270865,178.2187920937245,174.99181189661454,175.12547302246094,29119500
2020-05-22,MSFT,174.89633837713157,176.10884503151505,174.27575745211465,175.20184326171875,20826900
2020-05-26,MSFT,177.9036889523315,178.05644865123975,172.9009326408034,173.3496551513672,36073600
2020-05-27,MSFT,172.04167124776492,173.75063943217944,168.60466541040466,173.5787811279297,39517100
2020-05-28,MSFT,172.55723911696234,175.8128447737856,172.2135370614424,173.18734741210938,33810200
2020-05-29,MSFT,174.45713625736357,175.9274229472376,172.24217877179476,174.95359802246094,42130400
2020-06-01,MSFT,174.27574875242263,174.71492930155677,173.24465707143892,174.55262756347656,22622400
2020-06-02,MSFT,175.90835967236887,176.6244045557028,173.13965861733251,176.53848266601562,30794600
2020-06-03,MSFT,176.45253278895922,177.5218216500527,175.26866685848563,176.96807861328125,27311000
2020-06-04,MSFT,175.95603076513757,177.42630261291825,174.04657848242957,174.6385040283203,28761800
2020-06-05,MSFT,174.35212860910278,179.2307810427363,173.76974492872102,178.7247772216797,39893600
2020-06-08,MSFT,177.52182405822072,180.0136604735111,176.0897344992715,179.83226013183594,33211600
2020-06-09,MSFT,179.4885514465179,182.06630964412432,178.78204871231318,181.20706176757812,29783900
2020-06-10,MSFT,182.4768650348354,189.53229268503193,182.3622879583932,187.9283447265625,43872300
2020-06-11,MSFT,184.38627533006792,186.8971953252528,177.6459107012866,177.83685302734375,52854700
2020-06-12,MSFT,181.91351701701737,183.04010146673613,176.79618419136656,179.24029541015625,43373600
2020-06-15,MSFT,176.2233940561889,182.1808918134006,175.67919303595784,180.38600158691406,32770200
2020-06-16,MSFT,184.15712934061932,186.72534505473695,182.79187791761518,184.8063507080078,42556700
2020-06-17,MSFT,186.20028762269152,187.43189283011398,184.92095774990133,185.44606018066406,25687800
2020-06-18,MSFT,185.21689755377494,187.59417122560848,185.21689755377494,187.43186950683594,23061600
2020-06-19,MSFT,189.59907992231373,190.2673853746656,185.57013403646454,186.3148193359375,44441100
2020-06-22,MSFT,186.92586606992526,191.67085720535485,186.39122164361794,191.48947143554688,32818900
2020-06-23,MSFT,192.94064257672042,194.7164341520456,192.3105196959349,192.768798828125,30917400
2020-06-24,MSFT,192.47285257091232,194.04814534058553,187.6610232442565,188.88307189941406,36740600
2020-06-25,MSFT,188.84489863758367,191.5276776868117,186.62038421482217,191.2698974609375,27803900
2020-06-26,MSFT,190.68750071610512,190.84026043715716,186.0570863944701,187.44143676757812,54675800
2020-06-29,MSFT,186.91629636525946,189.54179344468236,184.7872609944306,189.45587158203125,26701600
2020-06-30,MSFT,188.92125670274692,195.14606207851222,188.78759559511929,194.29635620117188,34310300
2020-07-01,MSFT,193.94312423395402,197.0078024498145,192.63515370126262,195.4324951171875,32061200
2020-07-02,MSFT,196.36810147157988,198.60217212027828,195.71889457002075,196.92184448242188,29315800
2020-07-06,MSFT,199.37549412509813,201.57136751930722,198.66899142164925,201.16082763671875,31897600
2020-07-07,MSFT,200.92215713817126,204.951103494478,198.5735384788071,198.82176208496094,33600700
2020-07-08,MSFT,200.55937273159265,203.604937572175,199.24184569768227,203.1944122314453,33600000
2020-07-09,MSFT,206.53593793805533,206.58367716565738,201.8959676336942,204.616943359375,33121700
2020-07-10,MSFT,203.94862917922697,204.38780969065328,201.52363076769228,203.99636840820312,26177600
2020-07-13,MSFT,204.76970154506353,206.02994730784758,197.15098942267588,197.6951904296875,38135600
2020-07-14,MSFT,196.79769742525252,199.39455360605243,192.88331455285083,198.9171905517578,37591800
2020-07-15,MSFT,200.07241897366399,201.76228841683368,195.74751047833794,198.62123107910156,32179400
2020-07-16,MSFT,196.100780795123,196.38720160543846,193.1506799551989,194.6877899169922,29940700
2020-07-17,MSFT,195.2128812655641,195.75706766321048,192.2723226107304,193.6948699951172,31635300
2020-07-20,MSFT,195.71888148175816,202.68838602860433,193.8189709975405,202.02008056640625,36884800
2020-07-21,MSFT,203.9868433576055,204.2541655805475,198.61172913665365,199.29913330078125,37990400
2020-07-22,MSFT,199.72875959032635,202.68841725194093,198.95543353865747,202.16331481933594,49605700
2020-07-23,MSFT,197.80974046340648,201.37086541200424,192.99791184978267,193.37025451660156,67457000
2020-07-24,MSFT,191.3462527785989,193.67578739689662,188.5679956116307,192.18641662597656,39827000
2020-07-27,MSFT,192.34870323124602,194.73551891181646,191.7663196224682,194.62095642089844,30160900
2020-07-28,MSFT,194.39185188196288,195.43250020980508,192.60651809309874,192.87384033203125,23251400
2020-07-29,MSFT,193.33210127421285,195.384757263023,192.86428008098164,194.82147216796875,19632600
2020-07-30,MSFT,191.89998548207373,195.20334487589957,190.53473387151706,194.66868591308594,25079600
2020-07-31,MSFT,195.14605568804103,195.81437577226183,190.00008136094036,195.7284393310547,51044000
2020-08-03,MSFT,201.94371920601316,207.78663973609935,200.91261301223892,206.73643493652344,78983000
2020-08-04,MSFT,204.47370864017597,205.04655018773857,200.78846492303626,203.633544921875,49280100
2020-08-05,MSFT,205.1706632320827,205.26614168330795,201.99143767140274,203.29940795898438,28806400
2020-08-06,MSFT,202.72656173379298,206.5741072287933,201.97233443110602,206.55502319335938,32656800
2020-08-07,MSFT,205.12295603956986,205.93446467221509,201.38041603878312,202.86024475097656,27820400
2020-08-10,MSFT,202.0869244488363,202.28742339193712,197.00778784990837,198.82176208496094,36716500
2020-08-11,MSFT,197.78112103265053,198.24892763690127,193.94311689329845,194.17225646972656,36446500
2020-08-12,MSFT,195.99575127842633,200.75984065200336,195.48020549800736,199.7191925048828,28013100
2020-08-13,MSFT,199.9579066140326,201.78143759879455,198.72630135644118,199.25140380859375,22588900
2020-08-14,MSFT,199.3086606756937,200.10108526689314,198.11525277954402,199.44232177734375,17958900
2020-08-17,MSFT,200.11069587595892,201.62870763335545,199.4614742298449,200.75990295410156,20184800
2020-08-18,MSFT,200.99851073651166,202.74566147426796,199.73827969640456,201.91505432128906,21336200
2020-08-19,MSFT,202.40313204866106,202.98692339047338,200.25937056657406,200.69003295898438,27627600
2020-08-20,MSFT,200.53693686471104,205.7623499445164,199.9340152578286,205.3603973388672,26981500
2020-08-21,MSFT,204.67130623488606,206.95861707180677,203.7047070839733,203.86740112304688,36249300
2020-08-24,MSFT,205.56134997446563,206.2599953887606,203.30274889169465,204.5086212158203,25460100
2020-08-25,MSFT,203.94395890733225,207.30314311645603,203.94395890733225,207.16915893554688,23043700
2020-08-26,MSFT,208.5186256041175,212.54773159064493,208.02096370870794,211.6481170654297,39600800
2020-08-27,MSFT,213.31334445111278,221.21844139680744,209.97328995814232,216.8448028564453,57602200
2020-08-28,MSFT,218.3760311153811,220.730341396453,216.84478533701528,219.07467651367188,26292900
2020-08-31,MSFT,217.2467307572346,218.87368573213718,214.6723068095496,215.8398895263672,28774200
2020-09-01,MSFT,215.82078314493916,217.67743188072146,214.78718442801343,217.5051727294922,25725500
2020-09-02,MSFT,218.17506668389095,222.85496288605776,217.58171021018055,221.6969451904297,34080800
2020-09-03,MSFT,219.4192479656968,219.45752291053657,205.7240900986162,207.9635467529297,58400300
2020-09-04,MSFT,205.8580711279521,208.97799749718706,196.37385829268598,205.04458618164062,59664100
2020-09-08,MSFT,197.62756836074408,201.00589802209439,193.51231825390303,193.9525604248047,52924300
2020-09-09,MSFT,198.68028735290457,205.60920497288095,197.81894789080067,202.21173095703125,45679000
2020-09-10,MSFT,204.23104807247344,205.51348472030162,195.34020871128075,196.5460662841797,35461500
2020-09-11,MSFT,198.29743731521233,199.666003497366,192.59352298427834,195.26364135742188,33620100
2020-09-14,MSFT,195.46466811301522,200.21154951496803,195.2636845078276,196.5843963623047,30375800
2020-09-15,MSFT,199.46506793098098,200.76663503832762,198.03908170354327,199.80960083007812,21823900
2020-09-16,MSFT,201.57055680650535,201.5992666668537,195.84749586051157,196.23988342285156,26328100
2020-09-17,MSFT,191.45471481145282,195.55082045095958,191.368585229138,194.19183349609375,34011300
2020-09-18,MSFT,194.08653090763448,194.9000011831459,187.8179542280491,191.7800750732422,55225300
2020-09-21,MSFT,188.71755341303566,194.0003856470779,187.94235814128874,193.83767700195312,39839700
2020-09-22,MSFT,196.2494550642717,199.15884757102415,193.3974968833189,198.508056640625,33517100
2020-09-23,MSFT,198.96739879376585,199.15881731097764,191.4355445226873,191.9714813232422,30803800
2020-09-24,MSFT,191.2632721600438,196.73750842133498,190.64119122847163,194.4597625732422,31202500
2020-09-25,MSFT,194.80431377069104,200.05842216755153,193.8376998854324,198.89085388183594,29437300
2020-09-28,MSFT,201.8193392138042,203.4367290473442,199.12049626248603,200.4412078857422,32004900
2020-09-29,MSFT,200.355116762719,201.04418255893373,197.92424170296624,198.3549041748047,24221900
2020-09-30,MSFT,198.80470457764105,202.8720998110342,197.66583157578174,201.29299926757812,33829100
2020-10-01,MSFT,204.31722593983525,204.79574301483336,202.24046358672535,203.33148193359375,27158400
2020-10-02,MSFT,199.06314721641624,201.92468521479898,196.70883626143586,197.33091735839844,33154800
2020-10-05,MSFT,198.31660435648405,201.36954542559826,198.08691091882932,201.34083557128906,21331600
2020-10-06,MSFT,199.84790043706676,201.14945300675393,196.01976341135008,197.06292724609375,28554300
2020-10-07,MSFT,198.16350993375156,201.08246732374164,197.8381217927517,200.8144989013672,25681100
2020-10-08,MSFT,201.46527293243025,202.11606381034258,199.3693802101008,201.5322723388672,19925800
2020-10-09,MSFT,202.15431848195584,206.58539124900918,202.15431848195584,206.53753662109375,26458000
2020-10-12,MSFT,209.38948476978237,214.24165467688056,207.49456133654485,211.88734436035156,40461400
2020-10-13,MSFT,213.150638001202,215.53365819061227,210.95902171302407,213.2846221923828,28950800
2020-10-14,MSFT,213.41862756429836,214.58621046182856,209.71490986658227,211.37057495117188,23421700
2020-10-15,MSFT,207.7721623792476,210.89208909038186,206.72898384357953,210.22216796875,22733100
2020-10-16,MSFT,210.6911054522997,212.73915836882298,209.89677979584096,210.22216796875,26057900
2020-10-19,MSFT,210.94946260728395,212.74869145685682,204.5373368136033,205.01585388183594,27625800
2020-10-20,MSFT,206.5279815053005,208.03051759272938,203.93441242019458,205.42738342285156,22753500
2020-10-21,MSFT,203.96312828594395,207.599861242448,203.96312828594395,205.57095336914062,22724900
2020-10-22,MSFT,204.73831473811316,206.77680221075053,202.6041326095629,205.65707397460938,22351500
2020-10-23,MSFT,205.7910152711982,206.9873077445708,204.00136640405023,206.939453125,18879600
2020-10-26,MSFT,204.66177992026053,207.0447858534218,199.15883299038362,201.0537567138672,37111600
2020-10-27,MSFT,202.49885942315484,205.4465264613158,201.29300160884554,204.08753967285156,36700300
2020-10-28,MSFT,198.74728548055538,199.86701371354707,193.41661271649156,193.9716796875,51195600
2020-10-29,MSFT,195.30199057234228,198.45062689659414,194.6320549005072,195.92405700683594,31432600
2020-10-30,MSFT,194.75648085917675,195.5125315339168,191.04318308672964,193.77073669433594,36953700
2020-11-02,MSFT,195.51251288790638,196.45998201562932,191.52168197331255,193.63673400878906,30842200
2020-11-03,MSFT,195.12973184265215,199.17798302947403,194.3928113087722,197.5605926513672,27512000
2020-11-04,MSFT,204.82446966001,208.93971976294654,203.29320905322973,207.09263610839844,42311800
2020-11-05,MSFT,212.49985903019407,214.49049184070802,211.6480992096399,213.69615173339844,36080100
2020-11-06,MSFT,212.7104201487786,214.72019784892188,208.66216949337468,214.10769653320312,25231900
2020-11-09,MSFT,214.79677412758556,218.3186532354657,208.51863164610597,209.0067138671875,44395000
2020-11-10,MSFT,205.28384132449852,207.1979097750766,200.70921889587157,201.94378662109375,44045100
2020-11-11,MSFT,203.2645072623287,208.67174502636834,203.0826684151981,207.2457733154297,29440800
2020-11-12,MSFT,207.87741109338322,209.69577028534576,205.2455669663313,206.18345642089844,21593900
2020-11-13,MSFT,207.06392446312853,208.0783784000142,204.95845209936047,207.2074737548828,18621100
2020-11-16,MSFT,205.63794400285644,208.38464222221836,205.30299077827922,207.89654541015625,24953300
2020-11-17,MSFT,206.81511056205647,208.32721185035146,204.88189725735756,205.24557495117188,24154100
2020-11-18,MSFT,205.0056517579843,206.46415620662827,202.39570259363785,202.53964233398438,28372800
2020-11-19,MSFT,202.82749415038785,204.41072870264787,201.4361499567747,203.82540893554688,24792700
2020-11-20,MSFT,203.6143280475377,204.6602228406842,201.50334356702317,201.8775634765625,22843100
2020-11-23,MSFT,202.41488123208356,203.70066081733808,199.73777211702892,201.60887145996094,25683500
2020-11-24,MSFT,201.10991485161088,205.5813732039654,200.40945499583256,205.2071533203125,33979700
2020-11-25,MSFT,206.40658559838184,206.57929571662513,203.86381124815216,205.2167510986328,21012900
2020-11-27,MSFT,206.15709814866818,207.51964268471602,205.37985873907556,206.52171325683594,14512200
2020-11-30,MSFT,205.43746116792425,206.0707462595316,202.30935229104347,205.40867614746094,33064800
2020-12-01,MSFT,205.83086786900017,208.52718688320113,204.71781287908087,207.46209716796875,30904500
2020-12-02,MSFT,206.18591702157005,206.75204198993873,204.190072479513,206.6560821533203,23724500
2020-12-03,MSFT,205.92684818002928,207.6252378173083,205.00568348008005,205.5718231201172,25120900
2020-12-04,MSFT,205.55261569818433,206.6656853723853,204.55468611392993,205.68695068359375,24666000
2020-12-07,MSFT,205.696515907705,206.8191755730135,204.37236110938431,205.6197509765625,24620000
2020-12-08,MSFT,205.31273262389476,208.17215713451805,204.2764278806708,207.2701873779297,23284100
2020-12-09,MSFT,206.45455305295152,206.52171321441085,202.66437439228125,203.23049926757812,32440600
2020-12-10,MSFT,203.20174406539516,204.45873883924034,201.84878945662726,202.0023193359375,26733300
2020-12-11,MSFT,201.55132484988866,204.6890238920396,200.64935515374503,204.63143920898438,30979400
2020-12-14,MSFT,204.47794696148657,207.46211646706954,204.26684702413348,205.53343200683594,28798400
2020-12-15,MSFT,206.46419310374057,206.70407807244058,203.6527482984566,205.46627807617188,27000600
2020-12-16,MSFT,206.061153696116,211.2042871516733,206.03236867599313,210.40786743164062,35023300
2020-12-17,MSFT,210.97399576078638,211.95273038503314,209.10289621547224,210.54220581054688,32515800
2020-12-18,MSFT,209.7458038330078,210.8013034819783,207.2797941315631,209.7458038330078,63354900
2020-12-21,MSFT,208.7478500330063,214.93687773596008,208.48877023256824,213.58392333984375,37181900
2020-12-22,MSFT,213.67990881116995,216.50095801273704,212.87389893684067,214.87933349609375,22612200
2020-12-23,MSFT,214.0829187368426,214.5147087051937,211.8663842100806,212.07748413085938,18699600
2020-12-24,MSFT,212.4612829501821,214.56267727866629,212.2501830405636,213.7374725341797,10550600
2020-12-28,MSFT,215.36870333861185,216.8847779666073,213.99656846423386,215.8580780029297,17933500
2020-12-29,MSFT,217.15348136528831,217.98827642739843,214.5339414300542,215.08087158203125,17403200
2020-12-30,MSFT,216.1171387725915,216.50096346628422,212.50927450036974,212.7107696533203,20272300
2020-12-31,MSFT,212.7299675852491,213.97737223508196,210.79169311832163,213.42083740234375,20942100
2021-01-04,MSFT,213.5263708383666,213.97735567410496,206.11872309394096,208.8822021484375,37130100
2021-01-05,MSFT,208.4695744226187,209.67860372506547,206.97269494474443,209.08367919921875,23823000
2021-01-06,MSFT,203.5855885629835,207.7308081571184,203.36489847502523,203.662353515625,35930700
2021-01-07,MSFT,205.37985754212093,210.46542054850582,205.06322234622965,209.45790100097656,27694500
2021-01-08,MSFT,209.8321610847662,211.65529553000536,208.2489262362572,210.734130859375,22956200
2021-01-11,MSFT,209.6306831372268,210.05288303587952,207.96107844021387,208.69033813476562,23031300
2021-01-12,MSFT,207.74035589548853,208.31608560211117,204.68902651806664,206.23387145996094,23249300
2021-01-13,MSFT,205.3606677504283,207.9897968641936,205.27429805960307,207.5867919921875,20087100
2021-01-14,MSFT,207.1742691440808,208.66155895915375,204.13252933258465,204.4011993408203,29480800
2021-01-15,MSFT,204.8809522010558,205.83088727894048,203.45123255832522,204.046142578125,31746500
2021-01-19,MSFT,205.1016509122703,208.20096064868125,204.0269709237377,207.6828155517578,30480900
2021-01-20,MSFT,208.89182426038445,216.6544982014575,208.4984094044723,215.26316833496094,37777300
2021-01-21,MSFT,215.60856544773637,217.14383480853698,213.42081612551442,215.86764526367188,30709400
2021-01-22,MSFT,217.89228323533874,220.76131229354894,216.66407355456315,216.80799865722656,30172700
2021-01-25,MSFT,219.84971877653385,220.4830184561712,215.14798037261218,220.24313354492188,33152100
2021-01-26,MSFT,222.47887052630207,224.70499496772388,220.77089106924308,222.9298553466797,49169600
2021-01-27,MSFT,228.37048091852017,230.71176046047944,220.82849722353762,223.47682189941406,69870600
2021-01-28,MSFT,226.0771380915351,232.82270067671087,225.57817337268278,229.26280212402344,49111200
2021-01-29,MSFT,226.44177281435506,228.38963718019693,221.98950931508602,222.5748291015625,42503100
2021-02-01,MSFT,225.54940574495873,232.68838365200105,223.02581157927415,229.9536895751953,33314200
2021-02-02,MSFT,231.53692010747773,232.50604988153788,229.0325210392779,229.8193359375,25916300
2021-02-03,MSFT,229.87695268863132,235.1736017454573,229.57948305731,233.1681671142578,27158100
2021-02-04,MSFT,232.84192558169505,233.39846040880124,230.64457129523996,232.2182159423828,25296100
2021-02-05,MSFT,232.42932823639254,233.4368479832068,230.6925634918369,232.40054321289062,18054800
2021-02-08,MSFT,233.312102244531,233.82065717970994,231.06678257131648,232.6596221923828,22211900
2021-02-09,MSFT,232.08389373842272,234.8569632583783,231.6137285927524,233.9070281982422,23565000
2021-02-10,MSFT,235.08724254171878,235.97001736898727,231.14353351995416,232.99545288085938,22186700
2021-02-11,MSFT,234.87614522468496,235.23117025659255,232.3525509282651,234.59788513183594,15751100
2021-02-12,MSFT,234.06052752923827,235.37510696165688,232.90908274109216,235.07765197753906,16561100
2021-02-16,MSFT,235.11601808481555,236.17151764085375,233.0913886756254,233.83982849121094,26728500
2021-02-17,MSFT,232.0894692554744,234.9650917712769,231.72399963468183,234.8592987060547,21653500
2021-02-18,MSFT,232.55109320398296,234.5996101987233,231.64704608816618,234.4649658203125,16925600
2021-02-19,MSFT,234.42650126233121,234.53229432170122,230.993047615162,231.75283813476562,25262600
2021-02-22,MSFT,228.33861214281137,228.82909920704134,223.51062453702826,225.5399169921875,36446900
2021-02-23,MSFT,221.5198046781942,225.84767822105573,219.98099932623367,224.34735107421875,30228700
2021-02-24,MSFT,221.2120626767533,226.20354640693853,220.2407006773393,225.5784149169922,26339700
2021-02-25,MSFT,223.202928681754,225.61691575724845,219.16358185348003,220.2311248779297,39542200
2021-02-26,MSFT,222.6739313555886,226.36704708770696,220.76004395905966,223.49142456054688,37819200
2021-03-01,MSFT,226.87680127956338,228.38675570482945,224.2319889876539,227.8770294189453,25324000
2021-03-02,MSFT,227.94431703214215,228.22323269493202,224.5204900588609,224.92442321777344,22812500
2021-03-03,MSFT,223.279813142553,224.64549595106263,218.56723082291026,218.8557586669922,34029500
2021-03-04,MSFT,218.0671372652844,223.59719816718902,215.68198738845186,218.05751037597656,44727800
2021-03-05,MSFT,220.7408002725728,224.3473617295842,217.7978484716733,222.74124145507812,41872800
2021-03-08,MSFT,222.52003591331203,224.44353542154002,218.4422263479561,218.69227600097656,35267400
2021-03-09,MSFT,223.97229118428092,226.37666560982453,222.8085675052576,224.83786010742188,33080500
2021-03-10,MSFT,227.9346923560373,227.9346923560373,223.16440710536557,223.52987670898438,29746800
2021-03-11,MSFT,225.97271258487288,230.02167054315927,225.34756648415365,228.05970764160156,29907600
2021-03-12,MSFT,225.05901806836815,226.7997971672687,224.3088545561941,226.7324676513672,22653700
2021-03-15,MSFT,225.97270142657817,226.19389973430492,222.94318126146158,225.82843017578125,26034900
2021-03-16,MSFT,227.24221351806312,230.87762613927848,226.91522214846157,228.61752319335938,28092200
2021-03-17,MSFT,227.1172182803652,229.42542669569994,224.30891051557515,227.97317504882812,29562100
2021-03-18,MSFT,223.66449805031266,225.2321546884323,221.51980042264478,221.89488220214844,34833000
2021-03-19,MSFT,222.18346368282081,223.5779980882051,220.57734312763878,221.53909301757812,46430700
2021-03-22,MSFT,221.4621083916309,227.83849894840333,221.33707623409987,226.96331787109375,30127000
2021-03-23,MSFT,228.4059234728698,231.8297497860793,228.0019903918306,228.4924774169922,31638400
2021-03-24,MSFT,228.75221011891443,228.89646672788933,226.31898414661643,226.45362854003906,25620100
2021-03-25,MSFT,226.29972771990109,227.8769967829049,222.71240512495487,223.45294189453125,34061900
2021-03-26,MSFT,222.6931960457567,227.65582913570788,222.6931960457567,227.4346160888672,25479900
2021-03-29,MSFT,227.54038837534517,227.74236229636642,223.0105549017335,226.24203491210938,25227500
2021-03-30,MSFT,224.59740664901904,224.90517359760773,222.26036191810903,222.98167419433594,24792000
2021-03-31,MSFT,224.00114974202836,229.9543833600764,223.50103573631569,226.7517547607422,43623500
2021-04-01,MSFT,229.3484690587783,233.5513108619018,228.9445359159846,233.08006286621094,30338000
2021-04-05,MSFT,233.47437621864523,240.39898652034762,233.41667357865393,239.54302978515625,36910600
2021-04-06,MSFT,238.13883504478127,239.86036048740036,237.43676189864294,238.3792724609375,22931900
2021-04-07,MSFT,238.33122444155185,241.33187923295162,237.73494423945007,240.34127807617188,22719800
2021-04-08,MSFT,243.10147460682458,244.41906699343323,242.3609232323544,243.5631103515625,23625200
2021-04-09,MSFT,243.19765015784952,246.1983193023005,242.7841048169457,246.0636749267578,24326800
2021-04-12,MSFT,244.96727170717304,247.81405726650726,244.8807030813656,246.12136840820312,27148700
2021-04-13,MSFT,247.41975820321377,249.2759282376113,247.00618349092295,248.60269165039062,23837500
2021-04-14,MSFT,247.63135037006475,248.9296891266608,245.4000837782856,245.81362915039062,23070900
2021-04-15,MSFT,248.06411197401857,249.98761152054735,247.87177962953,249.57406616210938,25627500
2021-04-16,MSFT,249.5452355913657,251.01671169279516,247.74676806187148,250.7666473388672,24878600
2021-04-19,MSFT,250.23767328668572,251.4783386995464,247.95833104347497,248.84312438964844,23209300
2021-04-20,MSFT,247.9582975398235,250.24726636347467,247.01577233294665,248.3814697265625,19722900
2021-04-21,MSFT,249.03550796276252,250.7089433060169,247.41014837179262,250.61276245117188,24030400
2021-04-22,MSFT,250.25688896426033,251.7668430840579,245.86170033030186,247.33319091796875,25606200
2021-04-23,MSFT,248.01602341816627,251.50717961088,247.4293408246283,251.1609344482422,21462600
2021-04-26,MSFT,251.65150783509938,252.4016716590404,250.21850973110088,251.5457000732422,19763300
2021-04-27,MSFT,251.57451893980152,253.12295149793457,250.17037234288279,251.94961547851562,31014200
2021-04-28,MSFT,246.2848623553483,246.72728837126857,243.2745956256258,244.82301330566406,46903100
2021-04-29,MSFT,245.68856781203448,246.30408699042167,239.475658723044,242.8513946533203,40589000
2021-04-30,MSFT,240.18740043136188,243.39964124261698,240.0527560463134,242.5340576171875,30945100
2021-05-03,MSFT,243.70740667468556,244.6210807743758,241.51461818570527,242.226318359375,19626600
2021-05-04,MSFT,241.37035325676896,241.60117849638647,236.3596302425455,238.31198120117188,32756100
2021-05-05,MSFT,239.53340899269972,239.95658126359143,236.41734895274763,237.04248046875,21901300
2021-05-06,MSFT,237.0232569516724,240.30282759163487,235.33058243192016,240.17779541015625,26491100
2021-05-07,MSFT,242.505159501284,244.57292997818058,241.56264898781953,242.80331420898438,27032900
2021-05-10,MSFT,241.2741549439333,242.1012603154502,237.66759338356374,237.7252960205078,29299900
2021-05-11,MSFT,235.1958977580137,237.16748762572186,233.29163741499903,236.81163024902344,33641600
2021-05-12,MSFT,232.90696061119263,235.0324342476835,228.963795010998,229.85821533203125,36684400
2021-05-13,MSFT,232.5510912295652,236.20574319486232,232.18562163049452,233.73403930664062,29624300
2021-05-14,MSFT,236.18652891096247,239.64881955102913,236.09997494686687,238.65821838378906,23901100
2021-05-17,MSFT,237.11939542012004,237.15785895170106,234.2052949545859,235.80178833007812,24970200
2021-05-18,MSFT,236.85010365399245,236.9847480255134,233.60899717322914,233.78211975097656,20168000
2021-05-19,MSFT,230.68780892410186,234.46657202554343,230.0033980144126,234.36053466796875,25739800
2021-05-20,MSFT,235.17024649146305,239.01647932099823,235.07384355914962,237.5994415283203,21800700
2021-05-21,MSFT,238.6501619597259,239.38277417759997,235.922123928677,236.3366241455078,21863100
2021-05-24,MSFT,238.86224498919998,242.11083559355552,238.592334424491,241.74452209472656,21411500
2021-05-25,MSFT,242.6988667519636,243.64355376177159,241.78309768160725,242.65066528320312,17704300
2021-05-26,MSFT,242.37110449046097,243.8267094116998,241.71561158716582,242.428955078125,17771600
2021-05-27,MSFT,242.12048523027423,242.41931375220793,240.26966350914816,240.32749938964844,24426200
2021-05-28,MSFT,241.9566065033929,242.99769645582094,240.56848656682214,240.6841583251953,18270200
2021-06-01,MSFT,242.17829092022103,242.23612679351132,238.0621477081634,238.4862823486328,23213300
2021-06-02,MSFT,239.19002042782085,240.28894628092957,236.98251960220148,238.38992309570312,19406700
2021-06-03,MSFT,236.38484216295458,237.4644843931223,234.24482652171346,236.85719299316406,25307700
2021-06-04,MSFT,238.83336623403653,242.58321152575672,238.59237356822155,241.7541961669922,25281100
2021-06-07,MSFT,240.97333554893908,244.9352547949257,240.80946233304937,244.66534423828125,23079200
2021-06-08,MSFT,245.96669634163663,246.78607708372516,243.4121658986098,243.4700164794922,22455000
2021-06-09,MSFT,244.6653675483943,246.32339810233208,244.0869940329192,244.4532928466797,17937600
2021-06-10,MSFT,245.1280761849475,248.1838612066924,244.5304191228026,247.97178649902344,24563600
2021-06-11,MSFT,248.69473166667757,249.17671690075727,247.3644477137305,248.59835815429688,18999700
2021-06-14,MSFT,248.6080000043137,250.58415729093173,247.54762651125606,250.5263214111328,19150500
2021-06-15,MSFT,250.41057812558375,250.62265278853377,248.39588353657948,249.05137634277344,18038900
2021-06-16,MSFT,250.05394507436637,251.19142321885585,245.25337604034561,248.1067352294922,27220000
2021-06-17,MSFT,246.84398860368907,252.3193352168298,246.78615271410357,251.4999542236328,27565500
2021-06-18,MSFT,250.27567635888798,252.84946123019992,249.42737757560815,250.08287048339844,37202200
2021-06-21,MSFT,250.45886261108456,254.0255363833083,248.62732425042375,253.16761779785156,26696100
2021-06-22,MSFT,253.25434630223117,256.2137429771152,252.94586866318434,255.94383239746094,24694100
2021-06-23,MSFT,256.40656926899163,257.2163011653208,254.9027772589443,255.71250915527344,19518700
2021-06-24,MSFT,256.570395632236,258.1995081549481,255.9052536238839,257.081298828125,21446900
2021-06-25,MSFT,256.63787628931044,257.62111560683655,255.22083848043877,255.47145080566406,25611100
2021-06-28,MSFT,256.5993028499447,259.2116545976608,256.32939229392287,259.03814697265625,19590000
2021-06-29,MSFT,259.1827681299934,261.8626051966104,258.3248496012734,261.6216125488281,19937800
2021-06-30,MSFT,260.93722283399507,261.58306670833707,259.88649833459294,261.1396484375,21656500
2021-07-01,MSFT,259.89610109622566,262.04576613920506,259.8864813944336,261.8144226074219,16725300
2021-07-02,MSFT,262.99042843593526,267.98378836748816,262.6819508278436,267.6463928222656,26458000
2021-07-06,MSFT,268.012700733501,269.3044175952349,264.4170803954058,267.6560363769531,31565600
2021-07-07,MSFT,269.3333046648363,270.57683462918703,267.1643714195464,269.8442077636719,23260000
2021-07-08,MSFT,266.92346009994077,268.6875428172763,264.9666009084915,267.42474365234375,24618600
2021-07-09,MSFT,265.78594865890636,268.0319869902947,265.4003663407423,267.92596435546875,23916700
2021-07-12,MSFT,269.1019488683549,269.6899566228085,266.6148890536152,267.3282470703125,18931700
2021-07-13,MSFT,267.52105601500165,272.6590347441042,267.3957645735961,270.8564147949219,26120100
2021-07-14,MSFT,272.1770905276217,273.43988959398905,270.44192588774035,272.3313293457031,23113700
2021-07-15,MSFT,271.83968514433656,272.33131952060614,269.7478561835057,270.9046325683594,22604200
2021-07-16,MSFT,271.9071833087747,273.86404237165414,269.3912048461886,270.6347351074219,26186800
2021-07-19,MSFT,268.88025615363426,270.268375880713,264.5616875965378,267.0294494628906,32935600
2021-07-20,MSFT,268.0126955033391,270.84677090012093,266.306478445294,269.2562255859375,26259700
2021-07-21,MSFT,268.85142575847726,271.37702431764234,267.29944703244513,271.2613525390625,24364300
2021-07-22,MSFT,273.61341633682554,276.1004770022266,273.20856515188495,275.83056640625,23384100
2021-07-23,MSFT,277.0162179583788,279.5418161445663,276.1775682694742,279.2333679199219,22768100
2021-07-26,MSFT,278.58743336652026,279.25257526675557,276.3124774430795,278.6356201171875,23176100
2021-07-27,MSFT,279.001892562467,279.1464822112628,272.75538439019783,276.2160339355469,33604100
2021-07-28,MSFT,278.57784165912227,279.69605103462703,273.60375005831014,275.90765380859375,33566900
2021-07-29,MSFT,275.92694001289874,278.2211947883845,275.7727011840036,276.1775817871094,18168300
2021-07-30,MSFT,274.8954476220652,276.33175408187753,273.68083552324634,274.6448059082031,20944800
2021-08-02,MSFT,276.0425682865481,276.43779970743464,273.5169703746794,274.5580749511719,16267400
2021-08-03,MSFT,275.13647530693925,276.8812595727831,273.7676242417904,276.77520751953125,17879000
2021-08-04,MSFT,275.9075436846781,277.2281781128491,274.3941034549782,276.1871032714844,16191300
2021-08-05,MSFT,276.5439688615931,279.19488876338283,275.79207275708046,279.0888366699219,13900200
2021-08-06,MSFT,278.11515991153345,279.06948136668063,277.2572119794153,279.0309143066406,16589300
2021-08-09,MSFT,279.31044035047853,281.04557540856166,277.44033530754433,277.94158935546875,16117600
2021-08-10,MSFT,278.3947075539528,278.82850610681834,274.9244368032252,276.1197509765625,18616600
2021-08-11,MSFT,276.861940433862,278.2597093320037,275.5605744628409,276.611328125,13955900
2021-08-12,MSFT,276.3028670263916,279.5225249418082,276.0233073464592,279.3682861328125,14561300
2021-08-13,MSFT,279.05019120849465,282.3469538476738,278.87665416060753,282.29876708984375,18249000
2021-08-16,MSFT,282.6264854543607,284.1977619217253,279.5706863259346,283.9856872558594,22507600
2021-08-17,MSFT,281.8553342308899,282.85784231873345,280.5925058757382,282.52044677734375,20075300
2021-08-18,MSFT,282.0570261923071,284.7419945718574,280.3475123220187,280.79180908203125,21813000
2021-08-19,MSFT,278.82137366846274,287.3012354570532,278.77309466681965,286.6251525878906,29850500
2021-08-20,MSFT,289.4744085607878,295.3851984971532,287.8711502652428,293.9557800292969,40817600
2021-08-23,MSFT,292.88370333247155,294.9602018470455,291.53156682119305,294.23583984375,22830200
2021-08-24,MSFT,294.59322134017,295.2016902096625,291.67646727816117,292.2752685546875,18175800
2021-08-25,MSFT,293.89782433305635,294.1779192519182,290.150482663144,291.6861267089844,20006100
2021-08-26,MSFT,290.7009195672093,292.09169682717686,288.73067634422387,288.8658752441406,17666100
2021-08-27,MSFT,288.76936984828103,290.5851089802028,286.6832033652882,289.47442626953125,22605700
2021-08-30,MSFT,290.82650002669567,293.82053542708803,290.76855342647343,293.2120666503906,16348100
2021-08-31,MSFT,294.01375861015157,294.09101093165754,291.1935625480944,291.5605773925781,26285300
2021-09-01,MSFT,292.5166944665886,294.7573947160675,291.1838636375992,291.5122375488281,18983800
2021-09-02,MSFT,291.8695625626756,292.98988301470405,289.9185956760492,290.8554382324219,16285600
2021-09-03,MSFT,290.70092922538174,292.25590820944143,289.9959024554989,290.8458251953125,14747900
2021-09-07,MSFT,290.72025332131614,290.7975056245517,288.0063130018472,289.9186096191406,17180400
2021-09-08,MSFT,289.53230752909224,290.3339218077792,287.3012750177518,289.9476013183594,15046800
2021-09-09,MSFT,290.5367454639233,291.8116295229271,286.8473216603041,287.0887756347656,19927000
2021-09-10,MSFT,288.21882300502165,289.66754700158504,285.2827341191642,285.6014404296875,19633400
2021-09-13,MSFT,287.3785621651602,288.3347401247705,284.02717919615515,286.83770751953125,23652900
2021-09-14,MSFT,289.31981339850245,291.08727303017804,287.9097304141614,289.5419616699219,21853400
2021-09-15,MSFT,292.89338425416526,294.88296295581523,291.5026067865931,294.4000549316406,28356300
2021-09-16,MSFT,293.3763241397972,294.87332738757027,290.478875680079,294.7864074707031,19550800
2021-09-17,MSFT,293.7722276064099,294.09093387637466,289.29082779964784,289.61920166015625,41372500
2021-09-20,MSFT,286.20022923488347,288.5085435171126,279.623024933343,284.2396240234375,38278700
2021-09-21,MSFT,285.58215514439695,287.3689207628151,284.01753783211063,284.7225646972656,22364100
2021-09-22,MSFT,286.5865552261978,289.9572431984659,284.44244280452375,288.373291015625,26626300
2021-09-23,MSFT,288.6341031456623,290.6140140574866,287.3592190151945,289.31982421875,18604600
2021-09-24,MSFT,288.0352344625771,289.5515427512901,286.7796563346563,289.116943359375,14999000
2021-09-27,MSFT,286.0167639204759,286.3354702312346,282.92614093577845,284.1141052246094,23571700
2021-09-28,MSFT,279.89341673736834,280.8399268648963,273.0844269014528,273.8280944824219,43186200
2021-09-29,MSFT,275.35415155742265,276.9670477955747,273.33559962456496,274.291748046875,26353700
2021-09-30,MSFT,275.9432580263495,277.99078305918914,271.9930744536801,272.2828369140625,32343600
2021-10-01,MSFT,272.4760010388448,280.06733000946844,271.6743867398195,279.2174072265625,30086300
2021-10-04,MSFT,277.57545644468206,277.9134978712827,270.6698793342379,273.4320983886719,31350700
2021-10-05,MSFT,274.3400234963345,280.472961002074,274.3400234963345,278.8890380859375,24993000
2021-10-06,MSFT,276.0108239961392,283.59248353235944,275.75006435427554,283.0902404785156,28002600
2021-10-07,MSFT,285.0896109094241,286.49972374373453,283.87270257385757,284.7709045410156,20430500
2021-10-08,MSFT,286.09406798229867,286.49972374373453,283.71816844923296,284.7709045410156,17685700
2021-10-11,MSFT,282.90687185923423,287.7842314930736,282.7426701495198,284.1720886230469,19298600
2021-10-12,MSFT,285.24409368544315,285.3406811802425,282.35631327944327,282.8681945800781,17974100
2021-10-13,MSFT,284.82880220556603,287.11778142661336,283.4573305066921,286.1809387207031,23416300
2021-10-14,MSFT,288.9817603776688,292.90297048133476,287.64892975117283,292.4007568359375,27262900
2021-10-15,MSFT,292.00481133068763,294.0426984552366,290.2470191041672,293.8108825683594,25384800
2021-10-18,MSFT,293.192747080356,297.6741176404027,292.3428243514602,296.78558349609375,22729300
2021-10-19,MSFT,297.809344121962,298.72685155917264,296.7179674190472,297.6934509277344,17682100
2021-10-20,MSFT,298.6399462045998,299.1132160698903,295.6459108190313,296.9014892578125,16537100
2021-10-21,MSFT,296.66971746103866,300.38808552882756,295.88737937467477,300.1369934082031,16918100
2021-10-22,MSFT,299.7892159197277,300.4556311741071,297.2780889658419,298.59161376953125,17449300
2021-10-25,MSFT,298.7847668661807,298.82340775166415,295.9839068930017,297.5968322753906,17554500
2021-10-26,MSFT,300.36877617922386,301.7209126851576,298.0508236727138,299.5091857910156,28107300
2021-10-27,MSFT,305.19788831248667,314.95263684013287,305.19788831248667,312.122802734375,52588700
2021-10-28,MSFT,313.24299392391833,313.7645426562559,310.3745201075959,313.2623291015625,26297900
2021-10-29,MSFT,313.0499524443534,320.65091983416227,312.82780414815437,320.2839050292969,34766000
2021-11-01,MSFT,320.03280442498834,320.1583652321911,315.2133915828915,318.11083984375,27073200
2021-11-02,MSFT,319.01864068212325,322.05131669032914,318.71924011753754,321.74224853515625,26487100
2021-11-03,MSFT,322.4859625521439,323.4517785702542,319.3470604932856,322.5825500488281,21500100
2021-11-04,MSFT,321.5104524364955,325.0356743939293,318.2459901477775,324.9390869140625,23992200
2021-11-05,MSFT,326.9383432170597,327.20877048468907,322.98815980180524,324.57208251953125,22570100
2021-11-08,MSFT,325.76973752761745,326.1077790354794,323.00751780917733,325.4703369140625,20897000
2021-11-09,MSFT,325.58626316210496,327.1412424663178,323.09447050222167,324.4659423828125,21307400
2021-11-10,MSFT,323.1329962015434,323.19094279104263,318.64195866919874,319.4918518066406,25500900
2021-11-11,MSFT,319.9265064583286,322.36035183631327,319.21181214739465,321.066162109375,16849800
2021-11-12,MSFT,322.5052609389951,325.7021092362378,322.3797001550684,325.20953369140625,23831000
2021-11-15,MSFT,326.0015377948578,326.3299116948135,322.61151423527605,324.581787109375,16723000
2021-11-16,MSFT,324.2050531253578,329.0244941950737,324.04088093869177,327.9041442871094,20886800
2021-11-17,MSFT,327.95258165019357,331.0972263739965,327.04305127550737,328.1267395019531,19053400
2021-11-18,MSFT,327.2172336418868,331.3488322251063,326.1915979558552,330.2070617675781,22463500
2021-11-19,MSFT,331.53259961586156,333.91284514256006,331.10686080252884,331.9873352050781,21963400
2021-11-22,MSFT,333.44845158059155,338.33476348925745,328.542798641945,328.813720703125,31031100
2021-11-23,MSFT,326.12378600321955,328.4460084531874,322.7469313241808,326.7333679199219,30427600
2021-11-24,MSFT,325.3787678074607,327.1978283357766,323.08560111976163,326.9559326171875,21661300
2021-11-26,MSFT,323.51130024237216,326.97523351499575,317.4832490447679,318.99267578125,24217200
2021-11-29,MSFT,324.0822810026243,328.03969227871653,323.8887525742175,325.7174987792969,28563500
2021-11-30,MSFT,324.44987681081915,326.8301222692539,318.32506105228794,319.8731994628906,42885600
2021-12-01,MSFT,324.2661032432016,328.28156688324964,318.71218613988026,319.3797912597656,33337600
2021-12-02,MSFT,319.59266935097634,322.67926164029905,317.17371172788904,318.8089294433594,30766000
2021-12-03,MSFT,321.2278153745193,321.91482044651934,307.7203672897264,312.5389404296875,41779300
2021-12-06,MSFT,313.4484686429607,316.83500853773074,308.8814765180251,315.6158447265625,30032600
2021-12-07,MSFT,320.8891653754491,324.914283730808,319.39907963541896,324.0628356933594,31021900
2021-12-08,MSFT,324.44027230322723,324.6241154462202,320.0764632694871,324.1112976074219,24761000
2021-12-09,MSFT,323.5693805212305,325.5819398325856,321.35360755345357,322.3018493652344,22214200
2021-12-10,MSFT,324.12095759451194,331.88096247168323,323.9371144658651,331.4358825683594,38095700
2021-12-13,MSFT,329.63611839279116,332.64531641229195,328.0879799264692,328.3976135253906,28899400
2021-12-14,MSFT,322.41791434349835,323.7918947949498,313.6032204313551,317.69610595703125,44438700
2021-12-15,MSFT,317.957456288933,324.3241693819211,313.98070407195604,323.8016662597656,35381100
2021-12-16,MSFT,324.8272760169912,325.8432558694364,312.54864556031464,314.3677062988281,35034800
2021-12-17,MSFT,310.4780795572505,314.3871236713589,306.96574806993743,313.30340576171875,47750300
2021-12-20,MSFT,309.6749054842462,312.3357585464639,307.2753187116958,309.5394592285156,28326500
2021-12-21,MSFT,312.8099049572173,317.10597568318013,309.4330203308387,316.68023681640625,24740600
2021-12-22,MSFT,317.6574109023736,322.79527303785596,315.19008665544754,322.3985900878906,24831500
2021-12-23,MSFT,321.9632187915845,325.48523481760844,321.9438777632381,323.84033203125,19617800
2021-12-27,MSFT,324.58539055122804,331.37784222734143,324.55636424185536,331.34881591796875,19947000
2021-12-28,MSFT,332.0260541252137,332.6646623593274,329.28780761048364,330.1876525878906,15661500
2021-12-29,MSFT,330.23606817534716,333.13881719368874,328.6685884299691,330.8650207519531,15042000
2021-12-30,MSFT,330.82625699451927,332.0067092569597,327.8364295204996,328.3202209472656,15994500
2021-12-31,MSFT,327.53645861657736,328.3588803627505,324.96268486023365,325.4174499511719,18000800
2022-01-03,MSFT,324.47890153945974,327.04299008267594,319.0894581959837,323.8983459472656,28865100
2022-01-04,MSFT,323.975761808593,324.33379227694843,315.5481232153685,318.3444519042969,32674300
2022-01-05,MSFT,315.2965060586195,315.4997196999097,305.73681313116083,306.12384033203125,40054300
2022-01-06,MSFT,302.9986402827555,308.3687441767891,301.3924488017178,303.7049865722656,39646100
2022-01-07,MSFT,303.9661611560191,306.23998686939547,300.037776956861,303.8597412109375,32720000
2022-01-10,MSFT,299.4571700806818,304.517638395895,294.812784781449,304.08221435546875,44289500
2022-01-11,MSFT,303.2210270391339,306.34629980635134,299.84417335754864,304.7691650390625,29386800
2022-01-12,MSFT,309.3072459156857,312.9259965978094,306.8011801608075,307.9526062011719,34372200
2022-01-13,MSFT,310.0812872347779,310.477999759612,294.14519599434743,294.91925048828125,45366000
2022-01-14,MSFT,294.38712596538153,300.74415332363384,293.90333446831437,300.1442565917969,39846400
2022-01-18,MSFT,294.2129701112616,299.7572018071977,291.95848518377585,292.8389892578125,42333200
2022-01-19,MSFT,296.3610152786243,303.73399326140634,292.887395735505,293.4969482421875,45933900
2022-01-20,MSFT,299.050905777843,301.54725709970177,291.37797913887493,291.82305908203125,35380700
2022-01-21,MSFT,292.8777000608215,294.25165138229846,286.0271958983454,286.43359375,57984400
2022-01-24,MSFT,282.7277385199471,287.4785446299873,267.1012508783427,286.7625427246094,85731500
2022-01-25,MSFT,282.06977569492784,285.4272897689935,275.92564748178614,279.13800048828125,72848600
2022-01-26,MSFT,298.00579310485716,298.49926974213565,283.53076385140685,287.0914611816406,90428900
2022-01-27,MSFT,292.8486162403718,297.33818511520883,288.2719389279167,290.1200256347656,53481300
2022-01-28,MSFT,290.49746041765246,298.4800203242128,284.90483174909696,298.26715087890625,49743700
2022-01-31,MSFT,298.9347640922584,302.2535665226197,296.4383835464321,300.8989562988281,46444500
2022-02-01,MSFT,300.3474521401161,300.56032158802805,295.2386149185201,298.7509460449219,40950400
2022-02-02,MSFT,299.59275378047863,304.90477544054625,298.86706647048936,303.298583984375,36636000
2022-02-03,MSFT,299.4572493683748,301.1408638459518,290.2361846781371,291.484375,43730000
2022-02-04,MSFT,290.478047823017,298.78958120984197,290.24583738111943,296.0223083496094,35096500
2022-02-07,MSFT,296.24484477716817,297.860691549558,290.17808160206255,291.1940612792969,28533300
2022-02-08,MSFT,291.48440560863713,295.6546863606417,290.2265594040496,294.6871032714844,32421200
2022-02-09,MSFT,299.82487205833485,301.81809022782,297.4252856560795,301.1214294433594,31284700
2022-02-10,MSFT,294.18391946316234,299.0992277076315,290.95219605157683,292.5777282714844,45386200
2022-02-11,MSFT,293.3614097858825,294.42575669277886,284.6821915310025,285.4756164550781,39175600
2022-02-14,MSFT,284.24678271615846,287.13987530826006,281.9052489238554,285.4369201660156,36359500
2022-02-15,MSFT,290.2846258362835,291.048995252709,287.3915321828367,290.7297058105469,27058300
2022-02-16,MSFT,289.29468550260657,291.7186447665817,284.7473355562415,290.39031982421875,29982100
2022-02-17,MSFT,287.3457231120857,287.77234217655547,281.17918687184704,281.8869934082031,32461600
2022-02-18,MSFT,284.1365363222138,284.921896876096,277.6015506207511,279.1722717285156,34264000
2022-02-22,MSFT,276.33132880972005,282.6724139032119,275.8465370047907,278.9685974121094,41736100
2022-02-23,MSFT,281.35375501257334,282.8275409854315,271.5803655847503,271.74517822265625,37811200
2022-02-24,MSFT,264.2212450912512,286.1823084436964,263.2613371745761,285.629638671875,56989700
2022-02-25,MSFT,286.16292683070213,288.57718060139933,282.7790598404249,288.26690673828125,32546700
2022-02-28,MSFT,285.35812887426613,290.04123393567045,284.087976805865,289.7018737792969,34627500
2022-03-01,MSFT,287.38463855210085,290.8460598936184,283.2639073139181,285.978759765625,31217800
2022-03-02,MSFT,286.37619041849695,292.30036144633044,284.76670772312764,291.0592956542969,31873000
2022-03-03,MSFT,293.67715703394936,293.90984760260005,285.1060129570107,286.9191589355469,27314500
2022-03-04,MSFT,285.33879636039853,286.6671212997695,278.43536512644255,281.04351806640625,32356500
2022-03-07,MSFT,279.75396452482715,280.8786850901457,270.0581281920922,270.42657470703125,43157200
2022-03-08,MSFT,269.3502646589374,275.32290213049015,261.78752575076174,267.4595947265625,48159500
2022-03-09,MSFT,274.8188230959986,280.7914626038532,272.2397267456058,279.72491455078125,35204500
2022-03-10,MSFT,274.4115141100971,277.8826396429179,272.04572798060116,276.9033508300781,30628000
2022-03-11,MSFT,279.2012682861542,280.70414052887327,270.9307218618932,271.55126953125,27209300
2022-03-14,MSFT,271.8131090457165,276.71920052795855,267.4306010814308,268.03173828125,30660700
2022-03-15,MSFT,271.8227376508679,279.0655275130415,270.2520171295623,278.4158935546875,34245100
2022-03-16,MSFT,280.3163601112209,285.6103089993616,274.58614585308817,285.435791015625,37826300
2022-03-17,MSFT,284.3692195417673,286.61863130022596,280.5684383130834,286.2405090332031,30816600
2022-03-18,MSFT,286.3858715630049,291.84463136231534,283.8261865282108,291.2919616699219,43390600
2022-03-21,MSFT,289.79892248336694,291.0109022597081,285.9302629165281,290.0606994628906,28351200
2022-03-22,MSFT,290.68114890416,295.7229954158394,289.68247898846056,294.81158447265625,27599700
2022-03-23,MSFT,291.36960955369653,294.0068784229763,288.66446272341494,290.380615234375,25715400
2022-03-24,MSFT,290.0412760670834,294.9473671178432,289.2462103485092,294.85040283203125,24484500
2022-03-25,MSFT,295.946018112128,296.20779503659236,290.18668905916263,294.4431457519531,22566500
2022-03-28,MSFT,295.0733614546366,301.346568476762,295.0733614546366,301.2496337890625,29578200
2022-03-29,MSFT,304.3620002900689,306.21390857071964,299.64980847038635,305.8163757324219,30393400
2022-03-30,MSFT,304.21657238754335,306.3399629265181,302.10285756421536,304.3135070800781,28163600
2022-03-31,MSFT,304.3522806882295,305.55458445151703,298.5251034770213,298.93231201171875,33422100
2022-04-01,MSFT,299.9600479924089,300.6969409340958,296.2465561407123,300.008544921875,27110500
2022-04-04,MSFT,300.65819745176503,305.5254968355015,300.2897509219235,305.3897705078125,24289600
2022-04-05,MSFT,303.741391804676,305.29273121739135,300.4448140459923,301.4241027832031,23156700
2022-04-06,MSFT,295.9072534761738,297.6621976161441,287.6851730006055,290.39031982421875,40110400
2022-04-07,MSFT,287.63666926754246,294.41404904374673,287.33610072397653,292.2033996582031,31411200
2022-04-08,MSFT,291.30171228666035,291.9610220629479,287.26824077806,287.937255859375,24361900
2022-04-11,MSFT,282.9148149628091,283.7098510494845,276.3313338468451,276.58343505859375,34569300
2022-04-12,MSFT,280.44234644172155,281.89672181810613,271.95849007947834,273.4807434082031,30966700
2022-04-13,MSFT,274.1303944317771,279.80243508000837,272.7438673323913,278.87164306640625,21907200
2022-04-14,MSFT,279.3273432160326,279.54065279729,270.82410546962507,271.3185729980469,28221600
2022-04-18,MSFT,270.4265639610484,273.8685738866559,269.8738942106014,271.9875793457031,20778000
2022-04-19,MSFT,270.8821843227072,277.4656631475064,269.9416873477359,276.6221008300781,22297700
2022-04-20,MSFT,280.59750599779863,280.88839885014346,276.6900850216622,277.64996337890625,22906700
2022-04-21,MSFT,279.8023595053295,284.3787942543485,271.5415197385084,272.2687072753906,29454600
2022-04-22,MSFT,273.1123163539271,274.5861024440905,265.064783867457,265.69500732421875,29405800
2022-04-25,MSFT,264.9775192651805,272.5596407849809,262.5341495736,272.1815185546875,35678900
2022-04-26,MSFT,269.0594211869601,269.8932487938814,261.78754493866387,262.0008544921875,46518400
2022-04-27,MSFT,273.5196006446066,282.1198043655611,270.66902185598894,274.60552978515625,63477700
2022-04-28,MSFT,276.51557221439435,282.1294700096168,272.89901443389357,280.8205261230469,33646600
2022-04-29,MSFT,279.8314736159821,281.062863571246,268.0898318904965,269.07879638671875,37073900
2022-05-02,MSFT,269.26307913115687,276.27317988457435,267.81840889699976,275.8174743652344,35151100
2022-05-03,MSFT,275.3229748824453,275.4878171281924,271.6288634100802,273.20928955078125,25978600
2022-05-04,MSFT,273.99458463090093,282.03243974710455,268.3128397950904,281.1598205566406,33599300
2022-05-05,MSFT,276.85492446483426,277.64028485633924,265.99557571933246,268.9140319824219,43260400
2022-05-06,MSFT,266.45130245837953,270.75625658647243,263.0189677693655,266.3737487792969,37780300
2022-05-09,MSFT,261.84573831970226,264.0757687100623,255.31075448225116,256.53240966796875,47726000
2022-05-10,MSFT,263.4261244537658,265.42346395234233,257.0074868817055,261.302734375,39336400
2022-05-11,MSFT,257.5989531386787,263.1061806584497,251.41300529112004,252.62498474121094,48975900
2022-05-12,MSFT,249.85202850661503,251.9754191978942,242.4153232289675,247.5832061767578,51033800
2022-05-13,MSFT,249.52235369812172,255.0392869332298,247.58318643346072,253.17767333984375,34925100
2022-05-16,MSFT,252.0529601965687,257.7347358357674,248.00010759554567,253.54612731933594,32550900
2022-05-17,MSFT,258.015919929837,260.1683970586015,254.47694512701054,258.704345703125,28828800
2022-05-18,MSFT,255.5943947492182,256.1775057639479,245.65245723489335,246.92556762695312,31356000
2022-05-19,MSFT,246.75061832907582,250.41448076629942,244.78750863973613,246.01202392578125,32692300
2022-05-20,MSFT,249.99659233543315,251.260004557282,239.5007120368587,245.44837951660156,39199300
2022-05-23,MSFT,248.29585470189053,254.13661829633347,246.29384823513425,253.310546875,33175400
2022-05-24,MSFT,250.62836356197613,253.97147296907548,246.36196267456333,252.30963134765625,29043900
2022-05-25,MSFT,250.87124198612855,257.12987553074527,249.88967233422647,255.1278839111328,28547900
2022-05-26,MSFT,254.88498957150392,259.588701272369,254.06864585399154,258.41278076171875,25002100
2022-05-27,MSFT,260.92010410159867,265.643241139635,260.0259965721128,265.5460510253906,26910800
2022-05-31,MSFT,264.8560798770332,267.03299630860687,261.3574429989598,264.21466064453125,37827700
2022-06-01,MSFT,267.4508644163128,269.8707409098893,262.436157371953,264.7491455078125,25292200
2022-06-02,MSFT,257.00356501404997,266.9163331602478,254.2338100694297,266.8482971191406,44008200
2022-06-03,MSFT,262.69862106208654,265.75021932226736,260.8521271064768,262.4167785644531,28059000
2022-06-06,MSFT,264.39925834908735,266.459558068701,259.69554794096325,261.1824645996094,22400300
2022-06-07,MSFT,259.13195514945534,265.439199996227,258.45165391231484,264.8269348144531,22860700
2022-06-08,MSFT,264.0591589961378,265.3128433735348,262.01828503853517,262.7957763671875,17372300
2022-06-09,MSFT,260.23981256874225,265.03098582947564,257.1785166356976,257.3340148925781,26439700
2022-06-10,MSFT,253.2425174195424,253.2425174195424,245.4192029712448,245.8662567138672,31422800
2022-06-13,MSFT,238.2081400229515,242.00804495345096,234.72894466033569,235.43838500976562,46135800
2022-06-14,MSFT,236.993325782736,238.82039298748614,234.70949177679836,237.6055908203125,28651500
2022-06-15,MSFT,241.31804702603347,248.11122688546928,239.4812665255515,244.6708984375,33111700
2022-06-16,MSFT,239.05365270255112,240.45310733096755,236.17700914781045,238.0720977783203,33169200
2022-06-17,MSFT,237.8096900838926,243.44637559850622,237.15855784482125,240.67662048339844,43084800
2022-06-21,MSFT,243.2131485780948,247.57672404798697,242.48426715302713,246.5951690673828,29928300
2022-06-22,MSFT,244.7972453506843,249.92858401068787,243.32004157236312,246.00233459472656,25939900
2022-06-23,MSFT,248.37363027538592,252.0666174651717,246.48825470193722,251.5709686279297,25861400
2022-06-24,MSFT,254.43791604246806,260.43419339301283,254.35045383369882,260.1620788574219,33923200
2022-06-27,MSFT,260.65767502465104,260.7451372256975,255.86650217614465,257.4311828613281,24615100
2022-06-28,MSFT,256.546824812342,259.39431434341117,249.1025126077075,249.2580108642578,27295500
2022-06-29,MSFT,250.33673359363198,254.59340555712373,248.558261264079,252.9315643310547,20069800
2022-06-30,MSFT,249.81192039392005,252.2220987114216,245.77878289484812,249.59811401367188,31730900
2022-07-01,MSFT,249.17052767325666,252.4553279696424,247.44063566578578,252.2706756591797,22837700
2022-07-05,MSFT,248.94702936825868,255.57499836951445,247.56701562367115,255.4486541748047,22941000
2022-07-06,MSFT,256.3233272793408,260.443927865149,255.0113346488174,258.71405029296875,23824400
2022-07-07,MSFT,257.65473625946805,261.4837959629939,257.55754613160065,260.8423767089844,20859900
2022-07-08,MSFT,257.3340180308074,260.55081225996196,255.87625522031703,260.1231994628906,19658800
2022-07-11,MSFT,258.1698045515523,259.0250302011665,254.79751184488788,257.0619201660156,19455200
2022-07-12,MSFT,258.39329412629985,258.45160225974297,244.9429927815693,246.527099609375,35868500
2022-07-13,MSFT,243.14510795246753,246.41049706934726,241.12367518210107,245.60386657714844,29497400
2022-07-14,MSFT,243.51440822943295,247.95571756773037,239.01477592635922,246.92556762695312,25102800
2022-07-15,MSFT,248.51938440363574,253.0384428078221,247.59613766644088,249.49122619628906,29774100
2022-07-18,MSFT,252.4359355465149,253.4952396670065,246.16755820714366,247.09080505371094,20975000
2022-07-19,MSFT,250.32704894938806,252.4068050623558,246.53687108650638,252.22215270996094,25012600
2022-07-20,MSFT,252.58167319380988,257.4117280363677,251.61955932033453,254.8849334716797,22788300
2022-07-21,MSFT,252.47483920219835,257.4312392890504,249.79254581579903,257.38262939453125,22404700
2022-07-22,MSFT,257.77134086420693,257.85880307784385,251.77509283820282,253.02874755859375,21881300
2022-07-25,MSFT,253.65076507358918,254.1366860794773,249.57874467158572,251.54185485839844,21056000
2022-07-26,MSFT,252.5428140385053,252.56226985718692,242.5425825526762,244.8069610595703,39348000
2022-07-27,MSFT,253.8062714114464,262.44593174810194,251.56131866563936,261.1728210449219,45994000
2022-07-28,MSFT,262.15436025094607,270.01655789466145,260.32729267977885,268.6268310546875,33459300
2022-07-29,MSFT,269.880521724503,274.0594302515586,268.84064371868607,272.83489990234375,32152800
2022-08-01,MSFT,269.9970798740982,273.35964399702766,268.072822548011,270.1817321777344,21539600
2022-08-02,MSFT,268.22837035337625,270.0651658211096,264.71030734261404,267.08160400390625,22754200
2022-08-03,MSFT,268.96696554077175,275.5171702565812,268.8211655336045,274.51617431640625,23518900
2022-08-04,MSFT,273.86505032359116,275.8087342283953,272.28097285411656,275.6629638671875,18098700
2022-08-05,MSFT,271.28962159231065,275.66290951585654,270.83285477841,274.9437561035156,16774600
2022-08-08,MSFT,276.0516785842541,277.86904784198094,271.4548853993135,272.4267272949219,18739200
2022-08-09,MSFT,271.7658486047469,275.1089570301665,269.7929813266096,274.3509216308594,23405200
2022-08-10,MSFT,280.0557386373426,281.6495441886496,278.8603622301629,281.0178527832031,24687800
2022-08-11,MSFT,282.6602203734145,283.0100692187593,278.44243011883435,278.93804931640625,20065900
2022-08-12,MSFT,280.3569279405796,283.6903381347656,278.8602832920289,283.6903381347656,22619700
2022-08-15,MSFT,282.80597041000163,285.89642028825256,281.94101695182127,285.2064208984375,18085700
2022-08-16,MSFT,283.7680766752534,285.7603701530743,282.2423075949929,284.4678039550781,18102900
2022-08-17,MSFT,282.1791399463547,285.69495138930665,281.91619637542664,283.7179260253906,18253400
2022-08-18,MSFT,282.61736778226833,284.2924848210628,281.5363182612863,282.597900390625,17186200
2022-08-19,MSFT,281.3610379905131,281.7019105508063,278.10820013531355,278.68280029296875,20570000
2022-08-22,MSFT,274.7190391735939,275.0891277344879,269.985876348386,270.5020446777344,25061100
2022-08-23,MSFT,269.2261657714844,271.5829980474933,268.21329675670336,269.2261657714844,17527400
2022-08-24,MSFT,268.22308164579806,269.99559523146576,267.93089241978953,268.5931701660156,18137000
2022-08-25,MSFT,270.09294921143464,271.73885036051576,267.3562796674805,271.57330322265625,16583400
2022-08-26,MSFT,271.79731971202773,273.02444918596143,260.98700095652805,261.0941162109375,27549300
2022-08-29,MSFT,258.91256247792984,260.4221028280278,256.9647531378231,258.3087463378906,20338500
2022-08-30,MSFT,259.71121737335454,260.081276247606,253.8580397603448,256.1077575683594,22767100
2022-08-31,MSFT,258.464585387242,260.13967295694687,254.51050491907353,254.64686584472656,24791800
2022-09-01,MSFT,252.11469390871204,254.08200033825852,248.74499211600758,253.60476684570312,23263400
2022-09-02,MSFT,254.87084211416317,257.83149065713957,247.8295012558283,249.3780059814453,22855400
2022-09-06,MSFT,249.5144035204149,251.10184326326072,245.36555986305348,246.64137268066406,21328200
2022-09-07,MSFT,248.05352047263693,252.07573671931658,246.61214569878825,251.3550567626953,24126700
2022-09-08,MSFT,250.79019548540293,253.63398041445726,248.1411587926692,251.77381896972656,20319900
2022-09-09,MSFT,253.7021534014361,258.30873295170056,253.4976417532625,257.5588073730469,22084700
2022-09-12,MSFT,258.84438857917326,260.47082249672275,258.24057242382844,259.6916809082031,18747700
2022-09-13,MSFT,252.08549941911832,253.60478843632785,245.0246900517637,245.4142608642578,33353300
2022-09-14,MSFT,246.91405740824067,247.59578772613622,243.3398289424253,245.63824462890625,23913000
2022-09-15,MSFT,243.25215568003284,244.83961007006147,237.65220423976933,238.97671508789062,31530900
2022-09-16,MSFT,237.88598483764645,238.89885416750874,235.7433972160875,238.3534698486328,39791800
2022-09-19,MSFT,236.14268298899873,238.74300685593585,234.5649620689847,238.13919067382812,26826900
2022-09-20,MSFT,235.7531410045641,237.15555142732097,233.3865446237342,236.1232147216797,26660300
2022-09-21,MSFT,237.89568781443512,241.19722391131666,232.66580985308437,232.71450805664062,28625600
2022-09-22,MSFT,231.66271451815115,237.49640922958957,231.37055498618827,234.69155883789062,31061200
2022-09-23,MSFT,233.2891775105354,234.83769762416227,229.06243373311605,231.71145629882812,34176000
2022-09-26,MSFT,230.8641214166978,235.14929632525457,230.71802678944272,231.25367736816406,27694200
2022-09-27,MSFT,233.71763077904288,235.49014435263194,228.38063752576426,230.2407989501953,27018700
2022-09-28,MSFT,230.6303619280171,236.00631985347113,228.60463843638797,234.77920532226562,29029700
2022-09-29,MSFT,232.65609511384054,233.68843172668625,228.29300618270508,231.3023681640625,27484200
2022-09-30,MSFT,232.07173317953664,234.26301864836014,226.6568256876074,226.8223876953125,35694800
2022-10-03,MSFT,229.2669108311526,235.30511704742838,228.53648230029808,234.45782470703125,28880400
2022-10-04,MSFT,238.69429935915923,243.82678128918718,238.58716924773375,242.38540649414062,34888400
2022-10-05,MSFT,239.57082618879338,244.04104526402548,237.73014687189743,242.69705200195312,20347100
2022-10-06,MSFT,241.46018055206,243.8072944010288,239.65846580764227,240.3499298095703,20239900
2022-10-07,MSFT,234.61363538940842,235.02268843917923,227.08535624814024,228.12744140625,37769600
2022-10-10,MSFT,226.96847977157327,228.43907043105446,220.81339530154835,223.26763916015625,29743600
2022-10-11,MSFT,221.6801990277238,223.08262427444694,218.2617986342917,219.5278778076172,30474000
2022-10-12,MSFT,219.51810569426297,221.91391771043942,218.11569545862955,219.85897827148438,21903900
2022-10-13,MSFT,214.11295342121704,229.93890473575348,213.41174085104754,228.12744140625,42551800
2022-10-14,MSFT,229.39347658974367,231.04912625235602,222.38136663614262,222.5956268310547,30198600
2022-10-17,MSFT,229.66617453613298,232.7242341810675,229.00391172493622,231.33154296875,28142300
2022-10-18,MSFT,236.89255823159834,237.56453991695395,229.2279189898158,232.2762451171875,26329600
2022-10-19,MSFT,230.85434416945628,233.35728617142914,228.17610646929035,230.3089599609375,19985700
2022-10-20,MSFT,229.61750568038707,235.01293095415457,228.7409825706679,229.98757934570312,21811000
2022-10-21,MSFT,228.61442652290813,236.65887511740925,228.3806840124793,235.8018341064453,26299700
2022-10-24,MSFT,237.3989952337496,241.37252804090215,235.00319808540834,240.7979278564453,24911200
2022-10-25,MSFT,240.80765754624483,244.48901592120419,239.4149810348262,244.1189422607422,34775500
2022-10-26,MSFT,225.13753575748976,232.0814806550544,224.05650100348495,225.28363037109375,82543200
2022-10-27,MSFT,225.01096136720344,227.59181803699002,219.88822740268336,220.83291625976562,40424600
2022-10-28,MSFT,220.33619766891604,230.4258506343881,220.1511534041053,229.7148895263672,40647700
2022-10-31,MSFT,227.65994900462596,228.7896819818967,225.11805723606972,226.07249450683594,28357300
2022-11-01,MSFT,228.47806626370723,229.58831711329057,221.3977743852499,222.21585083007812,30592300
2022-11-02,MSFT,223.47219453248943,225.26417573849062,214.29799854352845,214.3564453125,38407000
2022-11-03,MSFT,214.34665683470016,214.65831343540998,208.39609921791416,208.6590576171875,36633900
2022-11-04,MSFT,211.87295694935526,215.80752514784365,207.860459735956,215.6127471923828,36789100
2022-11-07,MSFT,216.1971107205747,222.44957714073567,215.50563184165273,221.9236602783203,33498000
2022-11-08,MSFT,222.73203622537275,225.60505256078318,219.9466677599172,222.89759826660156,28192500
2022-11-09,MSFT,221.43668922544174,222.6638185603741,218.47602571220258,218.6513214111328,27852900
2022-11-10,MSFT,229.2863898892027,236.98024638861136,228.8676179766348,236.63937377929688,46268000
2022-11-11,MSFT,236.64909297043917,241.51861615288743,235.61674157285157,240.6615753173828,34620200
2022-11-14,MSFT,235.675194012061,237.5450891758998,232.96774024623764,235.24667358398438,31123300
2022-11-15,MSFT,239.2494265791224,240.55445528008838,233.76633849082606,235.6557159423828,31390100
2022-11-16,MSFT,237.12067984603283,238.10710518850516,234.80602574594815,236.08543395996094,24093300
2022-11-17,MSFT,232.22766434937833,237.5699370972691,232.0811729185345,236.03659057617188,23123500
2022-11-18,MSFT,237.82386161024547,238.0485016751928,233.44847699378025,235.58734130859375,27613500
2022-11-21,MSFT,235.7924165621614,238.95676543381867,235.5580302844358,236.39794921875,26394700
2022-11-22,MSFT,237.90201790004144,239.58185601879657,235.08927783112682,239.3083953857422,19665700
2022-11-23,MSFT,239.38653344831891,242.48251023756336,238.56615153433665,241.79885864257812,19508500
2022-11-25,MSFT,241.53511763128728,242.89265945895485,240.9686592920648,241.71092224121094,9200800
2022-11-28,MSFT,240.33387852118813,240.89056091224674,235.17717104486601,236.11474609375,24778200
2022-11-29,MSFT,235.76311604830295,237.12065786973847,232.6476175506084,234.71810913085938,17956300
2022-11-30,MSFT,234.95253887719915,249.36787777071672,234.2591112887046,249.18231201171875,47594200
2022-12-01,MSFT,247.9419383198584,250.13939911455438,245.0608260361984,248.7427978515625,26041500
2022-12-02,MSFT,243.98652091365602,250.08080264924362,243.85955174333637,249.06509399414062,21528500
2022-12-05,MSFT,246.1254143356651,247.8931622994036,242.26765211709426,244.35768127441406,23435300
2022-12-06,MSFT,244.96319927673994,245.97890805258777,238.08757944681767,239.3962860107422,22463700
2022-12-07,MSFT,239.11303779534455,240.4119830868465,236.5542215277534,238.6637725830078,20481500
2022-12-08,MSFT,239.12279668387623,242.93173766676492,237.3843622264114,241.62301635742188,22611800
2022-12-09,MSFT,238.9860813295668,242.5117859075188,238.45869726333626,239.68927001953125,20609700
2022-12-12,MSFT,241.6718654401659,246.6430067827901,241.39840482934278,246.61370849609375,30665100
2022-12-13,MSFT,255.579352180181,257.7572908019212,247.16064016484373,250.92074584960938,42196900
2022-12-14,MSFT,251.1258502529427,256.458347318601,248.37169195338248,251.2137451171875,35410900
2022-12-15,MSFT,247.7954748351082,248.26426235147312,241.564447199208,243.19544982910156,35560400
2022-12-16,MSFT,242.74618523388142,244.00605626723987,237.82386444207205,238.976318359375,86102000
2022-12-19,MSFT,239.1423853243392,239.4842185934079,233.13599715775666,234.83535766601562,29696400
2022-12-20,MSFT,233.8098412838887,237.23788993522047,232.85272912283375,236.15380859375,25150800
2022-12-21,MSFT,236.04637204350925,239.88459664487903,234.5032643589745,238.72238159179688,23690600
2022-12-22,MSFT,235.62640311504308,236.33936782887625,228.40896543431774,232.6280975341797,28651700
2022-12-23,MSFT,230.59667062115278,233.29221736870184,228.47734339350782,233.15548706054688,21207000
2022-12-27,MSFT,233.1261790492013,233.35080420983945,230.32320039769817,231.42681884765625,16688600
2022-12-28,MSFT,231.35846669812094,234.12238618004355,228.7019792420853,229.05357360839844,17457100
2022-12-29,MSFT,230.14740695846007,236.27100238515564,230.14740695846007,235.3822479248047,19770700
2022-12-30,MSFT,232.64764099629804,234.35677730572505,231.13383157030836,234.2200469970703,21938500
2023-01-03,MSFT,237.40391403529475,240.011565882423,231.85653825258547,233.9856414794922,25740000
2023-01-04,MSFT,226.85611938033796,227.43233894450995,220.6837029776662,223.75038146972656,50623400
2023-01-05,MSFT,221.89469521656235,222.23652839748988,216.58172118519306,217.11888122558594,39585600
2023-01-06,MSFT,217.79279312709332,220.4883398206325,214.22802915573828,219.67771911621094,43613600
2023-01-09,MSFT,221.1622360976978,225.8403946978241,221.12317668189198,221.81658935546875,27369800
2023-01-10,MSFT,222.4416512068121,225.90875938940619,222.0216991383432,223.50621032714844,27033900
2023-01-11,MSFT,225.88924810637536,230.44043818793068,225.71345835594468,230.2646484375,28669300
2023-01-12,MSFT,229.76651770584309,234.29817003437267,228.10621681309263,232.9406280517578,27269500
2023-01-13,MSFT,231.46589026262427,233.78054439645499,229.4344578762405,233.64381408691406,21333300
2023-01-17,MSFT,232.41325584706593,235.28460742962037,231.55379961759738,234.73768615722656,29831300
2023-01-18,MSFT,235.9291902032741,236.72027379093637,230.0204586660314,230.30368041992188,30028700
2023-01-19,MSFT,228.3210895299991,230.02046480616403,225.29347050869634,226.5142822265625,28623000
2023-01-20,MSFT,229.37589136268375,235.1185949210035,229.03405809278834,234.61073303222656,35389800
2023-01-23,MSFT,235.4701970883663,239.4451527479831,234.05404341135812,236.91563415527344,31934000
2023-01-24,MSFT,236.83746410442902,238.2536026618758,234.82556885560982,236.38819885253906,40234400
2023-01-25,MSFT,229.00472733419514,237.61878145041626,225.5083209962778,234.99159240722656,66526600
2023-01-26,MSFT,237.96061466071725,242.51180433252105,236.34914915023313,242.20904541015625,33454500
2023-01-27,MSFT,243.1759314324478,243.99631332473226,241.0663652215849,242.3653106689453,26498900
2023-01-30,MSFT,238.80054431424622,239.86510350791414,236.544486538492,237.04258728027344,25867400
2023-01-31,MSFT,237.765276343828,242.16019832764178,237.2769516789598,242.02346801757812,26541100
2023-02-01,MSFT,242.20902977404796,249.22136469253888,239.7381082028261,246.84811401367188,31259900
2023-02-02,MSFT,252.77635548169766,258.5092815709829,251.24300907004084,258.42138671875,39940400
2023-02-03,MSFT,253.47958267391422,258.03077225795073,251.09655585643634,252.31736755371094,29077300
2023-02-06,MSFT,251.42858380602922,252.26848784963838,248.83069323991478,250.7742156982422,22518000
2023-02-07,MSFT,254.446472651946,262.4940543494354,254.00696849017606,261.31231689453125,50841400
2023-02-08,MSFT,266.82056937089936,270.2974380864951,259.9937712976358,260.50164794921875,54686000
2023-02-09,MSFT,267.4065775689988,267.58239710210876,256.6634348210044,257.46429443359375,42375100
2023-02-10,MSFT,255.4230744390807,257.9232941080463,254.57339436942814,256.9564208984375,25818500
2023-02-13,MSFT,261.39043477453396,268.187905604371,260.9118563468283,264.9844970703125,44630900
2023-02-14,MSFT,266.3030525704115,268.5493346695782,262.9921962067484,265.8147277832031,37047900
2023-02-15,MSFT,262.71093736345534,265.07056133423544,260.6156584468026,263.6900329589844,28922400
2023-02-16,MSFT,258.50076451207207,261.16390527520997,256.42508698249515,256.66986083984375,29603600
2023-02-17,MSFT,253.967573126931,254.65292198719706,250.6484253397839,252.6653594970703,30000100
2023-02-21,MSFT,249.16022201193073,250.14911804172624,246.33063657642128,247.3880615234375,28397400
2023-02-22,MSFT,248.7784030931242,249.02317699870756,245.10679450937417,246.25233459472656,22491100
2023-02-23,MSFT,250.2176469727612,251.470888034521,245.24383997273418,249.4441680908203,29219100
2023-02-24,MSFT,244.73472895258075,245.75298174565887,242.9136106416539,244.01019287109375,24990900
2023-02-27,MSFT,247.18248010394746,247.53495511519347,244.17664946084787,244.93055725097656,21190000
2023-02-28,MSFT,243.8633496718303,246.23275924474,243.53044581164914,244.20602416992188,22491000
2023-03-01,MSFT,245.51798599082042,245.6844304356118,240.6518800855354,241.12185668945312,27565300
2023-03-02,MSFT,241.3960138819759,246.14461839541934,240.47566166300976,245.86068725585938,24808200
2023-03-03,MSFT,246.9181207220463,250.27641144489547,246.1348412573584,249.95330810546875,30760100
2023-03-06,MSFT,251.06945498374236,254.6823198135749,250.62886499128248,251.50025939941406,24109800
2023-03-07,MSFT,250.94217713898314,252.30313429367388,248.09302044698885,248.83712768554688,21473200
2023-03-08,MSFT,248.7294190422308,249.21896680166975,245.56694469940246,248.3965301513672,17340200
2023-03-09,MSFT,250.47221383190455,254.13402137976527,246.320843602342,247.04537963867188,26653400
2023-03-10,MSFT,245.8313095923703,247.50555459686285,242.4240613016346,243.3933563232422,28333900
2023-03-13,MSFT,242.2282313532918,252.51853507132006,240.5931435893199,248.6119384765625,33339700
2023-03-14,MSFT,251.38276377682135,255.61246340953107,250.51136939968598,255.33831787109375,33620300
2023-03-15,MSFT,254.5452601893461,260.9093809729157,253.79133752741032,259.89111328125,46028000
2023-03-16,MSFT,259.665957162543,270.7786991165704,257.7763096695362,270.4262390136719,54768800
2023-03-17,MSFT,272.44312854039293,277.4071201106938,270.54368084412533,273.5886535644531,69527400
2023-03-20,MSFT,271.18988829736253,271.6794360581046,264.20893244844024,266.5391845703125,43466600
2023-03-21,MSFT,269.1338043529948,269.2512910447104,263.8858363792266,268.0567932128906,34558700
2023-03-22,MSFT,267.6846513230832,275.1649538209851,266.4901538517288,266.5978698730469,34873300
2023-03-23,MSFT,272.12985848865964,275.18463226094,269.4471458593469,271.855712890625,36610900
2023-03-24,MSFT,271.44445936393123,274.76360784861777,269.52544032042374,274.7048645019531,28172000
2023-03-27,MSFT,274.6362856404628,275.5762089469485,269.7603793312512,270.6024169921875,26840200
2023-03-28,MSFT,270.02476204854537,270.3674514567512,266.3629244825979,269.4764709472656,21878600
2023-03-29,MSFT,273.12844134818954,275.2628920047133,272.5899508360895,274.64605712890625,25087000
2023-03-30,MSFT,278.2883815165173,278.513554404513,275.5958683420122,278.11212158203125,25053400
2023-03-31,MSFT,277.79887020156775,283.2230395786019,277.08411949003147,282.2733154296875,32766000
2023-04-03,MSFT,280.5304371238125,282.243854280698,278.01418435050056,281.2256164550781,24883300
2023-04-04,MSFT,281.2256084444779,284.37829711852913,279.6982218699312,281.1766357421875,25824300
2023-04-05,MSFT,279.87447046132644,281.14728273137956,277.00572765537777,278.3960266113281,22064800
2023-04-06,MSFT,277.2896759756227,285.97424977654526,276.1343502576284,285.5043029785156,29770300
2023-04-10,MSFT,283.16422470598815,283.54608632492165,278.758294590068,283.3404846191406,23103000
2023-04-11,MSFT,279.77657491179383,280.0017776622644,275.7525062342862,276.9176025390625,27276600
2023-04-12,MSFT,278.83659319523866,281.01018622412647,276.06573642239,277.5637512207031,27403400
2023-04-13,MSFT,277.661749215741,283.83984076442414,277.25054574953776,283.7810974121094,24222700
2023-04-14,MSFT,281.00039397472506,282.44946599648506,277.7595904276163,280.15838623046875,20987900
2023-04-17,MSFT,283.8691083590636,285.50421074465487,280.17792963706347,282.7627258300781,23836200
2023-04-18,MSFT,285.47494564173786,285.6609762185109,281.0102715584448,282.3418273925781,20161800
2023-04-19,MSFT,280.01153882810775,283.0075689496162,278.5918681473136,282.4201354980469,17150300
2023-04-20,MSFT,279.2870204448904,282.988000624926,279.12056104553,280.1290283203125,23244400
2023-04-21,MSFT,279.0520247927153,280.28566483452795,277.14277656950355,279.7863464355469,21676400
2023-04-24,MSFT,276.19304795792937,278.9932766450886,272.8935008803915,275.8797302246094,26611000
2023-04-25,MSFT,273.6670032666064,275.7133093545648,269.6135333988626,269.6625061035156,45772200
2023-04-26,MSFT,290.49764832472823,293.30764764371935,286.61063797416637,289.1954345703125,64599200
2023-04-27,MSFT,289.7829594762134,298.8200236671266,289.0780093674142,298.4577331542969,46462600
2023-04-28,MSFT,297.65485346356644,302.4719869299771,296.9694746134844,300.8369140625,36469600
2023-05-01,MSFT,300.5529832417884,302.14891388087307,298.7710220447965,299.1724548339844,21294100
2023-05-02,MSFT,301.3264234827943,302.71672228103625,297.5569000465208,299.0255432128906,26404400
2023-05-03,MSFT,300.2103062048158,302.1586970048939,297.7331953825414,298.0367126464844,22360800
2023-05-04,MSFT,299.8381792845817,301.3264234827943,297.05755180847615,299.0255432128906,22519900
2023-05-05,MSFT,299.32910233190466,305.448449715473,297.9094017870665,304.1560363769531,28197100
2023-05-08,MSFT,303.6469483411657,303.71549220994933,299.69139342347466,302.1978759765625,21318600
2023-05-09,MSFT,301.5614932181392,303.55885692912756,299.9068189980978,300.5823974609375,21340800
2023-05-10,MSFT,302.16847643254437,306.4569199007131,301.23835354911984,305.7813415527344,30078000
2023-05-11,MSFT,303.61751818157876,304.6161848272032,299.85779507616377,303.6272888183594,31680200
2023-05-12,MSFT,304.05809666453393,304.1560121908101,300.19068735342637,302.5111389160156,19774700
2023-05-15,MSFT,302.63841521778266,303.4216796405487,301.15997149921776,302.9908752441406,16336500
2023-05-16,MSFT,303.35316000473966,307.15205550564514,303.35316000473966,305.2232360839844,26730300
2023-05-17,MSFT,306.4301577933981,308.5299869808576,304.90922423008425,308.1080627441406,24315000
2023-05-18,MSFT,308.6281218082049,313.0535052333268,307.83332313670064,312.5432434082031,27276000
2023-05-19,MSFT,310.79668509180397,312.76897905978745,310.4336325582829,312.3666687011719,27546700
2023-05-22,MSFT,312.62177529023154,316.53689709363704,312.04284968121516,315.1533508300781,24115700
2023-05-23,MSFT,314.0249365560636,316.664463629214,309.33462996251853,309.3444519042969,30797200
2023-05-24,MSFT,308.8243381979533,310.56111469426463,306.74409325541546,307.9608459472656,23384900
2023-05-25,MSFT,317.1746779116198,320.76600484441417,313.99548322633484,319.8044128417969,43301700
2023-05-26,MSFT,317.9400583040085,327.14405620676587,317.8027008438637,326.6436462402344,36630600
2023-05-30,MSFT,328.93970446554357,329.44011438601143,324.318062056043,324.9951171875,29503100
2023-05-31,MSFT,326.05487171947954,329.63637661307075,321.1879203022461,322.2280578613281,45950600
2023-06-01,MSFT,319.81420387671255,327.27160256990936,318.626916843916,326.33941650390625,26773900
2023-06-02,MSFT,327.97812149381093,331.1671383819332,326.31000837435346,329.1065368652344,25873800
2023-06-05,MSFT,328.9298920270993,332.20721626429463,328.38040233133853,329.6363830566406,21307100
2023-06-06,MSFT,329.03782599435294,329.07708381551254,325.9371468564524,327.4187927246094,20396200
2023-06-07,MSFT,325.4268516357255,328.21355775333575,316.44854992905215,317.3120422363281,40717100
2023-06-08,MSFT,317.8615607379673,320.51090965341575,317.28263514872793,319.15679931640625,23277700
2023-06-09,MSFT,318.8918688562613,323.79804871469764,318.32276516845866,320.6581115722656,22529000
2023-06-12,MSFT,322.4144778795906,325.8684474019989,319.05866788081994,325.6231384277344,24260300
2023-06-13,MSFT,328.19401031500286,330.6569222888833,324.19058055958016,328.01739501953125,22951300
2023-06-14,MSFT,328.06645423161865,332.6782756005696,326.5651642872491,331.0101623535156,26003800
2023-06-15,MSFT,331.1474868081879,343.2755475907916,330.87274196684893,341.5682067871094,38899100
2023-06-16,MSFT,344.7277944942439,344.87497388637837,335.5336191446204,335.9064636230469,46552000
2023-06-20,MSFT,332.9431539372829,335.66116662544215,329.55787807274623,331.706787109375,26375400
2023-06-21,MSFT,330.058326488485,331.39282293074336,325.83902394821615,327.3010559082031,25117800
2023-06-22,MSFT,327.8505873806374,333.738003737129,327.08522445209144,333.335693359375,23556800
2023-06-23,MSFT,328.0860537439725,331.6185093238912,327.19315533781804,328.7336730957031,23146900
2023-06-26,MSFT,327.4580354070177,329.8031735626045,322.326161031866,322.4341125488281,21520600
2023-06-27,MSFT,325.6329735815735,329.8424845224402,323.1210117477798,328.2921447753906,24354100
2023-06-28,MSFT,328.38039213208674,331.63810233073093,327.54633567319496,329.5480651855469,20259500
2023-06-29,MSFT,328.4295058990627,329.8032303632927,326.37872617300724,328.76312255859375,16997000
2023-06-30,MSFT,331.41242887349597,336.2989944894714,330.8727611005321,334.15008544921875,26832800
2023-07-03,MSFT,332.8253831560942,334.5032880387074,330.25455007590733,331.64788818359375,12508700
2023-07-05,MSFT,328.80235201893055,335.23925747739463,328.4491214492935,331.804931640625,18172400
2023-07-06,MSFT,330.9708256570031,336.55405979331294,329.20461318273215,334.8663330078125,28161200
2023-07-07,MSFT,332.9529965456345,335.3766505894666,330.6765219083215,330.89239501953125,21214800
2023-07-10,MSFT,328.32152762825416,328.9397110166737,321.4430546068671,325.6034851074219,32791400
2023-07-11,MSFT,324.8479601120357,326.61417278371005,320.86414468674985,326.23150634765625,26698200
2023-07-12,MSFT,330.2840246615467,335.239254199601,329.3714824206285,330.8727722167969,29995300
2023-07-13,MSFT,333.18847871055397,337.2900378184535,332.6586029099094,336.2303161621094,20567200
2023-07-14,MSFT,341.06775095843255,344.8356928683022,337.8492987055268,338.7618408203125,28352700
2023-07-17,MSFT,339.19365704889503,340.479073827532,335.778974895852,339.24273681640625,20363900
2023-07-18,MSFT,339.34079062698265,359.89769425596677,335.74949366384544,352.7444763183594,64738600
2023-07-19,MSFT,354.96212416292167,355.65879334061907,345.8268193685884,348.4172668457031,39732900
2023-07-20,MSFT,346.9355902267656,351.25302227091294,338.88944373248916,340.3612976074219,33778400
2023-07-21,MSFT,342.59848099973897,343.72689620518594,333.4533559589221,337.3194274902344,69405400
2023-07-24,MSFT,339.3604427915747,340.4103723937978,335.8868593129291,338.6343078613281,26678100
2023-07-25,MSFT,340.59678737512286,345.2871238413171,338.595087649529,344.3941955566406,41637700
2023-07-26,MSFT,335.0331862626318,338.20258898250944,326.8594744910843,331.4320373535156,58383700
2023-07-27,MSFT,334.09118396383514,334.9252104578534,322.8756357431296,324.5143127441406,39635300
2023-07-28,MSFT,327.40896167261354,333.629993034326,326.91834377394594,332.020751953125,28484900
2023-07-31,MSFT,330.5980267133625,331.36338955022967,327.10479921092735,329.6167907714844,25446000
2023-08-01,MSFT,328.9004543649791,332.1876005255044,327.43842249793084,330.02886962890625,18311900
2023-08-02,MSFT,327.3697167947092,327.3697167947092,320.23611310138045,321.354736328125,27761300
2023-08-03,MSFT,319.882959212892,323.6901599603599,319.8339093873111,320.53057861328125,18253700
2023-08-04,MSFT,325.65258996189004,328.85142872245865,321.0996408070944,321.6295166015625,23741500
2023-08-07,MSFT,322.20843058542397,324.89700739318704,321.374374073945,323.915771484375,17741500
2023-08-08,MSFT,320.82487404247576,322.5812946473448,316.9391883531327,319.93194580078125,22327600
2023-08-09,MSFT,320.3440854180899,320.9720608226161,315.0257736651899,316.18365478515625,22373300
2023-08-10,MSFT,319.9025293676403,322.1005182288563,315.15335102644235,316.8705139160156,20113700
2023-08-11,MSFT,314.25061483261044,316.3602660012063,313.22029918403376,314.9865417480469,24355500
2023-08-14,MSFT,315.3594474269808,317.9793307363842,314.0740007379562,317.959716796875,18836100
2023-08-15,MSFT,316.9392105100473,318.98999004348366,314.87860903477014,315.8205871582031,16966300
2023-08-16,MSFT,315.44693875811095,319.0065586089997,314.46362532057526,315.0536193847656,20698900
2023-08-17,MSFT,315.1913076048041,316.49910131427634,310.9335434813975,311.5923767089844,21257200
2023-08-18,MSFT,309.2421912471136,313.06729440212877,306.3512477338566,311.1990051269531,24755000
2023-08-21,MSFT,312.6248414758279,317.3840750264029,311.7497080998156,316.5089416503906,24040000
2023-08-22,MSFT,320.06850470582657,320.638813261693,316.09591025429995,317.0792236328125,16084600
2023-08-23,MSFT,318.41655808292467,323.7067890708429,318.0625496482568,321.5434875488281,21166400
2023-08-24,MSFT,327.29584833098056,327.4236838653866,314.6209250862832,314.6307678222656,23281400
2023-08-25,MSFT,316.1057936940379,319.93086762464804,313.4803334316719,317.5906066894531,21684100
2023-08-28,MSFT,320.2258392914253,320.70765324549666,316.35158216920695,318.2985534667969,14808500
2023-08-29,MSFT,316.5088968490621,323.4904274361002,316.5088968490621,322.929931640625,19284600
2023-08-30,MSFT,323.1855960723184,324.30655763191555,321.0026393422181,323.3035888671875,15222100
2023-08-31,MSFT,323.7068063169535,325.38826394826276,321.3271745159577,322.29083251953125,26411000
2023-09-01,MSFT,325.78161725017856,326.4502632773638,321.3272079678276,323.17584228515625,14942000
2023-09-05,MSFT,323.5100975629304,329.2624867583471,323.17577461933763,327.9841613769531,18553900
2023-09-06,MSFT,327.817065694941,328.87903109155945,324.67045043147994,327.3254089355469,17535800
2023-09-07,MSFT,325.76188443553343,327.52199370609907,323.539586687025,324.4049072265625,18381000
2023-09-08,MSFT,324.58192625722756,330.5506459747243,323.9624339954705,328.6921691894531,19530100
2023-09-11,MSFT,331.61263290676015,332.77296563529865,329.8328378843995,332.30096435546875,16583300
2023-09-12,MSFT,330.21629323552526,331.1701083762214,325.94871693840975,326.2338562011719,17565500
2023-09-13,MSFT,325.7815623439832,331.2291270189504,325.64391407139624,330.4523010253906,16544400
2023-09-14,MSFT,333.4907212996785,335.1721787492822,330.9537860249842,333.0482482910156,20267000
2023-09-15,MSFT,331.29789672618176,331.76986785710017,324.1491905529939,324.7096862792969,37679800
2023-09-18,MSFT,322.33013776149687,324.8867587399462,320.91416398907404,323.5691223144531,16834200
2023-09-19,MSFT,320.7272959004481,323.8935657652316,319.094992304731,323.1658935546875,16505900
2023-09-20,MSFT,324.01159870782635,324.09025057389067,315.1617783626277,315.41741943359375,21436500
2023-09-21,MSFT,313.93260581832857,319.9209800628248,309.74368166363735,314.1980895996094,35560400
2023-09-22,MSFT,315.9582625950678,316.0860981358559,310.8745192146817,311.7201843261719,21447900
2023-09-25,MSFT,311.3072341642166,312.3692296062031,309.7437692158432,312.24139404296875,17836000
2023-09-26,MSFT,309.87152415800745,310.6090091309313,304.84677760481566,306.9314270019531,26297600
2023-09-27,MSFT,307.08874321728234,309.055369891766,304.52230981108517,307.5705871582031,19410100
2023-09-28,MSFT,305.8006285556267,310.2157261834966,304.2863475063599,308.40643310546875,19683600
2023-09-29,MSFT,312.4478279409763,314.1391281627372,309.7240606687745,310.481201171875,24147300
2023-10-02,MSFT,311.0023277139253,316.51873090270954,309.9206770878558,316.4302062988281,20570000
2023-10-03,MSFT,315.47643841498,316.02712155021527,306.0169679036218,308.1606140136719,21033500
2023-10-04,MSFT,308.7899364537143,314.69966017701324,308.76043824911994,313.6376647949219,20720100
2023-10-05,MSFT,313.76549150792954,314.6406549001424,309.6454056684001,314.0309753417969,16965600
2023-10-06,MSFT,311.26779630289883,323.69689014771905,311.02196799117377,321.7991027832031,25673600
2023-10-09,MSFT,319.33100051797163,324.78837743803706,317.78719140430474,324.31640625,19891200
2023-10-10,MSFT,325.43734001157645,325.5750182685459,322.20226107285646,322.9102478027344,20557100
2023-10-11,MSFT,325.6832160795872,327.2663662252011,323.64778019000204,326.873046875,20063200
2023-10-12,MSFT,325.0539124253683,328.062848978579,323.23477666400214,325.6340637207031,19313100
2023-10-13,MSFT,326.8337234807313,328.25950995278436,320.91415741201166,322.2613220214844,21072400
2023-10-16,MSFT,325.52589126243953,330.5309829095428,325.083418234461,327.0893859863281,22158000
2023-10-17,MSFT,324.0902273964624,327.8956450714172,321.9466116014847,326.5190124511719,18338500
2023-10-18,MSFT,326.94185312433785,329.9901305761364,322.8217676991399,324.6015625,23153600
2023-10-19,MSFT,326.60751870152404,331.25860158595435,325.3882197669904,325.7913818359375,25052100
2023-10-20,MSFT,326.18471469225653,326.381389371038,320.019350620081,321.218994140625,25027700
2023-10-23,MSFT,320.0390357293436,327.1779011119036,318.97707038724695,323.8247985839844,24374700
2023-10-24,MSFT,325.77169735313146,326.3026949587647,322.13345600220845,325.0145568847656,31153600
2023-10-25,MSFT,339.2628021799774,340.4231348794275,331.98628851300685,334.98541259765625,55053800
2023-10-26,MSFT,334.8575167574631,335.929324644414,321.48444998869064,322.4186096191406,37828500
2023-10-27,MSFT,324.91622907683893,331.1012785656195,322.92010413957604,324.30657958984375,29856500
2023-10-30,MSFT,327.84648073557105,333.7857012847907,326.29282896532516,331.681396484375,22828100
2023-10-31,MSFT,333.1957509335175,333.34324194155744,329.10516359659624,332.46807861328125,20265300
2023-11-01,MSFT,334.120080906605,341.6227672265474,333.9824026215242,340.2952880859375,28158800
2023-11-02,MSFT,341.4457865467099,343.0092514858461,339.01700088465213,342.5077819824219,24348100
2023-11-03,MSFT,343.7958771188286,348.4764586181646,341.5342382393827,346.9129638671875,23637700
2023-11-06,MSFT,347.5521572342444,351.57390571697306,347.45381988578487,350.58074951171875,23828300
2023-11-07,MSFT,353.40285853517474,356.41179538181575,351.66240447944193,354.5140075683594,25833900
2023-11-08,MSFT,355.64477925814185,357.798237980275,354.5336303274662,357.1394348144531,26767800
2023-11-09,MSFT,356.2544152579837,358.7028859089797,354.3467849553374,354.6712951660156,24847300
2023-11-10,MSFT,355.4579983962741,363.92434349484955,355.0450235183031,363.50152587890625,28042100
2023-11-13,MSFT,362.0756513284613,362.3214796716584,359.79435710159004,360.56134033203125,19986500
2023-11-14,MSFT,364.81910296344984,365.7434199318085,361.22017242867213,364.0914306640625,27683900
2023-11-15,MSFT,365.8256524600862,367.64848076244255,361.71689926038835,364.23931884765625,26860100
2023-11-16,MSFT,365.5102557263558,370.8210862145482,364.7417158302642,370.64373779296875,27182300
2023-11-17,MSFT,368.12136824695096,368.87021288647435,361.6084886476014,364.4166259765625,40157000
2023-11-20,MSFT,365.766486587499,373.304096039392,365.54971735826314,371.8951110839844,52465100
2023-11-21,MSFT,370.15113498600977,370.69304303967186,365.66795990773056,367.5893249511719,28423100
2023-11-22,MSFT,372.4468931555256,374.2106051165785,369.4614073576045,372.2991027832031,23345300
2023-11-24,MSFT,371.78668646032,372.4172987463729,369.62888709643283,371.8852233886719,10176600
2023-11-27,MSFT,371.2447795697606,375.04808851693826,370.6733134944069,373.0478820800781,22179200
2023-11-28,MSFT,372.7916888815988,377.37336999695543,372.6044777546507,377.0777893066406,20453100
2023-11-29,MSFT,378.12229596347265,378.6543413206576,371.89513414585895,373.284423828125,28963400
2023-11-30,MSFT,372.9296627723548,374.5061634778247,369.9540398668522,373.343505859375,30554400
2023-12-01,MSFT,371.2251245346799,372.60455147782466,365.8551770672475,369.0081787109375,33040500
2023-12-04,MSFT,363.67758971521135,364.0914026926199,357.56866135332547,363.7170104980469,32063300
2023-12-05,MSFT,361.0666194784248,367.59919514097203,360.24879588787763,367.04742431640625,23065000
2023-12-06,MSFT,368.05240507377636,368.6829873224875,362.6233417878435,363.38201904296875,21182100
2023-12-07,MSFT,362.8204458454036,365.9931429196831,360.93850151827866,365.50048828125,23118900
2023-12-08,MSFT,363.776165260302,368.95887115666653,362.8204141424842,368.7322692871094,20154400
2023-12-11,MSFT,363.0667572104508,366.140917208106,360.72171642347627,365.8453063964844,27708800
2023-12-12,MSFT,365.4018651585744,368.9194256639804,365.01758019799,368.8800048828125,24838300
2023-12-13,MSFT,370.4959935952551,372.092219925607,365.32311975023094,368.8702392578125,30955500
2023-12-14,MSFT,367.8257550121924,368.269156155742,358.78062426547126,360.5541687011719,43277500
2023-12-15,MSFT,361.4606868901136,366.9291409353676,360.89905342816303,365.28369140625,78502300
2023-12-18,MSFT,364.0224743454713,367.52030977000646,363.26376706221674,367.1754455566406,21802900
2023-12-19,MSFT,366.03253362865195,367.77655029296875,364.40677933572755,367.77655029296875,20603700
2023-12-20,MSFT,369.49095210036234,370.5058193793613,365.086618748556,365.17529296875,26316700
2023-12-21,MSFT,367.08678486250125,368.90961285521604,364.60381655946395,368.0523986816406,17708000
2023-12-22,MSFT,368.19031518305366,369.66827890495347,367.2345641067885,369.07708740234375,17107500
2023-12-26,MSFT,369.4909463405908,371.4024485751995,368.01298255522846,369.15594482421875,12673100
2023-12-27,MSFT,368.2002236622604,369.5500925516314,367.33314669322573,368.57464599609375,14905400
2023-12-28,MSFT,369.8555199252922,370.92950337498513,368.66330417937627,369.766845703125,14327000
2023-12-29,MSFT,370.47623473279145,371.61919693761735,367.9932665377033,370.5156555175781,18730800
2024-01-02,MSFT,368.36769584733304,370.3777351043963,361.3818569854959,365.421630859375,25258600
2024-01-03,MSFT,363.58894066618615,367.7765045721429,363.09628608901477,365.15557861328125,23083500
2024-01-04,MSFT,365.22457289866344,367.61886702823733,361.7759907127874,362.53466796875,20901500
2024-01-05,MSFT,363.54952100172824,366.59412268972636,361.11580618022657,362.3474426269531,21004600
2024-01-08,MSFT,363.8746551165755,369.6880031258094,363.5889371144665,369.18548583984375,23134000
2024-01-09,MSFT,366.54488061699703,370.4663919405634,365.73691986628984,370.26934814453125,20830000
2024-01-10,MSFT,370.8407867125645,378.5262158492707,370.7915332845255,377.1467590332031,25514200
2024-01-11,MSFT,380.3293610152563,384.9406009736396,374.79192797943045,378.9794921875,27850800
2024-01-12,MSFT,379.82685960129345,382.9699985676337,378.9992034255686,382.7630920410156,21661200
2024-01-16,MSFT,387.8768030229654,388.24136259684576,381.925527346388,384.5365905761719,27202300
2024-01-17,MSFT,382.280251053988,384.3789342645235,379.15680784896807,383.74835205078125,22234100
2024-01-18,MSFT,385.965331411229,388.201972530476,384.38883063496286,388.083740234375,23392100
2024-01-19,MSFT,389.94597903844516,392.813232421875,387.71917062186213,392.813232421875,29331100
2024-01-22,MSFT,394.14341273142753,394.73460432133396,387.80788119131773,390.68499755859375,27016900
2024-01-23,MSFT,389.93613781643626,393.5128152245442,388.14286775502507,393.03985595703125,20525900
2024-01-24,MSFT,395.64108304053997,399.6709942481896,394.5670995707582,396.6460876464844,24867000
2024-01-25,MSFT,398.3802111244257,401.03069519921775,396.6164992894369,398.922119140625,21021200
2024-01-26,MSFT,398.42947961915996,400.2030542350716,396.51797735014173,397.9959411621094,17803300
2024-01-29,MSFT,400.0946315969203,403.9570567007328,398.39003594013263,403.70086669921875,24510200
2024-01-30,MSFT,406.2035919940408,406.98196463436994,400.47894778438507,402.5874938964844,33477600
2024-01-31,MSFT,400.98143260936786,409.21863334219495,391.3746676938224,391.7392272949219,47871100
2024-02-01,MSFT,395.92680994843744,402.00618136275216,395.89725187316617,397.8481750488281,30657700
2024-02-02,MSFT,397.877748476714,406.5878791340213,397.63142115019764,405.17889404296875,28256700
2024-02-05,MSFT,403.87823795810993,405.11973718115985,398.05505693610314,399.690673828125,25352300
2024-02-06,MSFT,399.91727449589274,401.97656696928505,396.9909051770198,399.5329895019531,18382600
2024-02-07,MSFT,401.45440541152726,408.21361247009133,401.41498462192203,407.96728515625,22340500
2024-02-08,MSFT,407.96722052950486,409.455046891578,406.46956152352715,408.0263366699219,21225300
2024-02-09,MSFT,409.1496384913206,414.6378178606117,408.9919854136341,414.37176513671875,22032800
2024-02-12,MSFT,414.3815494859535,414.5588978888433,408.65690661735954,409.159423828125,21202900
2024-02-13,MSFT,398.991129023294,404.04577027322716,397.46391171761815,400.3508605957031,27824900
2024-02-14,MSFT,402.81865792132635,404.5658693954015,399.3636985334278,404.2203674316406,20401200
2024-02-15,MSFT,402.8877787891035,403.86502912534854,399.08731730113595,401.3280944824219,21825500
2024-02-16,MSFT,402.71003513978644,403.03580530507566,398.2482129693453,398.8602294921875,22296500
2024-02-20,MSFT,398.0508194321391,399.284733568485,392.8881419655763,397.60662841796875,24307900
2024-02-21,MSFT,395.0203117904289,397.1130251474651,392.10826265454955,397.0044250488281,18518900
2024-02-22,MSFT,404.9113664023,407.51737721520215,403.3122186108832,406.3525695800781,27009900
2024-02-23,MSFT,410.32090577994563,410.5084330235279,403.7071136161679,405.0594787597656,16295900
2024-02-26,MSFT,406.1650087554213,406.8560126685655,402.1177646745505,402.29547119140625,16193500
2024-02-27,MSFT,402.7396530048111,403.06542317425317,398.6529454575257,402.2362365722656,14835800
2024-02-28,MSFT,402.9272164600946,404.03279861285756,400.10403561463596,402.47314453125,13183100
2024-02-29,MSFT,403.38135996606263,408.8698077347499,400.69636155135646,408.3170166015625,31947300
2024-03-01,MSFT,405.9774695070198,410.51827940686405,405.5925039738578,410.1530456542969,17823400
2024-03-04,MSFT,408.11957070674777,411.9792577390108,407.01398846090547,409.5805358886719,17596000
2024-03-05,MSFT,408.63280421712244,408.9190806868407,395.4842401361531,397.4683532714844,26919200
2024-03-06,MSFT,397.784299256291,399.94611920290095,393.26325117893276,396.9156188964844,22344100
2024-03-07,MSFT,400.8937526863445,404.5066568048068,397.0636784801651,403.8749084472656,18718500
2024-03-08,MSFT,402.71006091285966,405.1384255054804,399.12676961447175,400.9924621582031,18002200
2024-03-11,MSFT,398.5641013130945,400.4593763393833,396.096273323242,399.3143005371094,16120800
2024-03-12,MSFT,402.3744232866482,410.22212853968995,401.55511762855593,409.93585205078125,22457000
2024-03-13,MSFT,412.7196031326607,412.79856038183436,406.15518600344376,409.7582092285156,17115900
2024-03-14,MSFT,414.8320308055619,422.31450262164736,412.6109854719372,419.7479553222656,34157300
2024-03-15,MSFT,413.8942801973478,417.16168230340674,407.4779269181007,411.06121826171875,45079900
2024-03-18,MSFT,408.9191759339957,415.3157981490169,408.45522297839426,411.9496765136719,20106000
2024-03-19,MSFT,412.45302237396163,416.24363275003464,410.20236440839864,415.9869689941406,19837900
2024-03-20,MSFT,416.5693981535872,420.4784295685996,415.24664585974097,419.7578430175781,17860100
2024-03-21,MSFT,424.29861540078343,425.27589583117316,421.6629918116586,423.84454345703125,21296200
2024-03-22,MSFT,424.1702933848055,424.3282078686823,420.58700226916784,423.2226257324219,17648500
2024-03-25,MSFT,419.76771231939466,421.90980053588714,416.18442081257615,417.4183349609375,18060500
2024-03-26,MSFT,420.13287738335515,420.5079920430919,415.9277191383085,416.2238464355469,16725600
2024-03-27,MSFT,418.9779885582823,418.9878695106981,413.61787312123863,416.0067138671875,16705000
2024-03-28,MSFT,415.54274902029323,416.4410420434957,413.7264311944793,415.30584716796875,21871200
2024-04-01,MSFT,418.49430668541237,422.38360623153415,416.78655877307597,419.1063232421875,16316000
2024-04-02,MSFT,414.7037305350885,416.944537944627,412.4629532504076,416.0166320800781,17912000
2024-04-03,MSFT,414.32857100322445,417.8131427793342,413.6967926033786,415.039306640625,16502300
2024-04-04,MSFT,419.52089960464946,423.1535654935394,412.1964026116657,412.5024108886719,19370900
2024-04-05,MSFT,414.60502494858775,421.0213783675685,412.9367706496642,420.0440979003906,16554800
2024-04-08,MSFT,419.698621129678,421.7814536782747,417.85266032435015,419.1260681152344,14272400
2024-04-09,MSFT,420.9522561397257,422.23551472539157,416.1942762454294,420.7943115234375,12496900
2024-04-10,MSFT,416.7569337473859,418.5732515840266,414.29898664030566,417.81317138671875,16216600
2024-04-11,MSFT,420.340202357621,423.8445059638332,416.9247068169411,422.42303466796875,17966400
2024-04-12,MSFT,418.59302946474156,419.70849269035864,414.3681085669582,416.470703125,19253800
2024-04-15,MSFT,421.110230165818,421.3274002627743,408.1096973329742,408.3170166015625,20273500
2024-04-16,MSFT,409.23502221897127,413.0157217686464,408.4058355582689,409.244873046875,16765600
2024-04-17,MSFT,411.88051429574114,413.4895430541291,405.04955278693666,406.5401306152344,15855500
2024-04-18,MSFT,405.3457677447312,406.58956293685037,398.75173728544587,399.0675964355469,21029900
2024-04-19,MSFT,398.8306438099327,400.2619961941858,392.6511924508159,393.98382568359375,30565800
2024-04-22,MSFT,394.9314905053024,397.66586357799235,390.65722508776963,395.8001708984375,20286900
2024-04-23,MSFT,399.0379094531618,402.9469707225358,397.87310185893836,402.3250732421875,15734500
2024-04-24,MSFT,404.28949460726244,407.16205031795823,401.5452707861117,403.7959289550781,15065300
2024-04-25,MSFT,388.959309192893,394.7439137442764,383.0365219371324,393.90484619140625,40586500
2024-04-26,MSFT,406.86594145886636,407.6852472237732,400.5384258954466,401.0912170410156,29694700
2024-04-29,MSFT,400.0349411285761,401.0911788014965,394.05292813266897,397.07354736328125,19582100
2024-04-30,MSFT,396.32337617622534,396.984767469214,384.1619402221926,384.3198547363281,28781400
2024-05-01,MSFT,387.5576027140766,396.55038446355206,385.287212788776,389.8576354980469,23562500
2024-05-02,MSFT,392.5426299953367,394.7834071649824,389.5713551906569,392.7203063964844,17709400
2024-05-03,MSFT,397.10317892533544,401.9105035456356,396.68857052359846,401.42681884765625,17446700
2024-05-06,MSFT,403.49977559314374,408.603227237703,401.1405174679132,408.21826171875,16996600
2024-05-07,MSFT,409.32384154303776,409.33372249534176,403.8255133338143,404.0722961425781,20018200
2024-05-08,MSFT,402.91733990206393,406.92509001231815,401.47610671474314,405.2568359375,11792300
2024-05-09,MSFT,405.28649730886616,407.40882353824776,403.83541312066325,407.01397705078125,14689700
2024-05-10,MSFT,407.6259773286798,410.0345799682454,406.5006332532913,409.4028015136719,13402300
2024-05-13,MSFT,412.63073648454196,412.96635748889184,405.53326050690544,408.39593505859375,15440200
2024-05-14,MSFT,406.7177872432058,412.1173961263277,406.2538343729978,411.1993713378906,15109300
2024-05-15,MSFT,413.26623802905556,419.1107104287916,412.64321876209584,418.3887939453125,22239500
2024-05-16,MSFT,417.1229765763839,420.7028625691673,415.6890726034355,416.32196044921875,17530100
2024-05-17,MSFT,417.85481010987854,418.23060143126196,413.39480813113437,415.5506286621094,15352200
2024-05-20,MSFT,415.55059617800293,422.0378548149535,415.33303438679826,420.62371826171875,16272100
2024-05-21,MSFT,422.09719809997813,428.1691308622737,420.1391721073256,424.28271484375,21453300
2024-05-22,MSFT,425.32108253196407,427.61536520540614,422.393911984686,425.7463073730469,18073700
2024-05-23,MSFT,428.16915515912984,428.79217443912484,420.7028829331948,422.2653503417969,17211700
2024-05-24,MSFT,422.4532504584075,426.2803344425143,419.70407675613797,425.39031982421875,11855300
2024-05-28,MSFT,424.86620187767414,426.0430093905557,421.8698001868635,425.5485534667969,15718000
2024-05-29,MSFT,420.96986151310944,426.1616484009117,420.96986151310944,424.4112854003906,15517100
2024-05-30,MSFT,419.59527810803877,419.59527810803877,409.64682749572347,410.07208251953125,28394500
2024-05-31,MSFT,412.1289792567511,412.1289792567511,400.024708875454,410.5269470214844,47995300
2024-06-03,MSFT,410.92250624898264,411.81252080542527,404.38581394057536,408.9347839355469,17484700
2024-06-04,MSFT,407.85685925302585,411.82240496411936,405.1373519842431,411.4565124511719,14348900
2024-06-05,MSFT,413.17720689100315,419.37767256450087,411.68394052355205,419.3084716796875,16988000
2024-06-06,MSFT,419.3084807052153,420.5940539083252,415.9164904670929,419.81280517578125,14861300
2024-06-07,MSFT,421.47421729884104,421.55331696325794,418.30968749669245,419.1502685546875,13621700
2024-06-10,MSFT,419.9908379970184,423.33333440686357,419.1898218829819,423.12567138671875,13982900
2024-06-11,MSFT,420.76220781136936,428.0208168757502,420.53474723054455,427.8823547363281,14551100
2024-06-12,MSFT,430.4930895516259,438.4834835709838,428.4460348943523,436.16943359375,22366200
2024-06-13,MSFT,435.9617989605403,438.47364353190966,434.4981985450977,436.6836853027344,15960600
2024-06-14,MSFT,433.42024926631433,438.2263761607837,431.877549319742,437.6626892089844,13582000
2024-06-17,MSFT,437.68243737571277,445.9398563271766,435.83317727597375,443.3983459472656,20790000
2024-06-18,MSFT,444.7234969265718,445.14875191744164,439.95696520327493,441.390869140625,17112500
2024-06-20,MSFT,441.35125741708777,441.5787179611439,436.3770330236985,440.7579345703125,19877400
2024-06-21,MSFT,442.4193728058131,445.58387250760194,441.5590243550793,444.7927551269531,34187100
2024-06-24,MSFT,444.812502964026,447.72980476303803,441.4601077502006,442.7061462402344,15913700
2024-06-25,MSFT,443.27972459062323,446.41458834788966,441.7963568563546,445.9497985839844,16413400
2024-06-26,MSFT,444.0213670965085,448.5703670936918,443.2203510089548,447.1463317871094,16507000
2024-06-27,MSFT,447.1661206636861,451.11189918090986,446.76066321308457,447.8287048339844,14806300
2024-06-28,MSFT,448.04624507062687,450.33062875420535,441.46008932267114,441.9941101074219,28362300
2024-07-01,MSFT,443.68512479077776,452.2985372058129,440.7183897051721,451.6656494140625,17662800
2024-07-02,MSFT,448.17483800659534,454.4939686896818,448.08580938726794,454.1874084472656,13979800
2024-07-03,MSFT,453.109448760402,455.9080555587304,452.8028885514427,455.66082763671875,9932800
2024-07-05,MSFT,454.5137192746822,463.15682857412344,453.88083144181417,462.3755798339844,16000300
2024-07-08,MSFT,461.37678118625774,462.5140538822785,459.30995917726233,461.0702209472656,12962300
2024-07-09,MSFT,461.8218233419158,462.14815096607435,452.92161689635424,454.4445495605469,17207200
2024-07-10,MSFT,456.1059138794407,461.2878021935715,453.7720662754438,461.08013916015625,18196100
2024-07-11,MSFT,457.84639154158754,459.6264206924659,446.54310684217364,449.658203125,23111200
2024-07-12,MSFT,449.29231562590036,451.2998055103986,445.6531271953451,448.5209655761719,16324300
2024-07-15,MSFT,448.27373666625175,452.18984938358506,446.4244763059975,448.9264221191406,14429400
2024-07-16,MSFT,449.1835423040314,449.26264197328965,441.7073711225493,444.53564453125,17175700
2024-07-17,MSFT,437.6824311668857,439.9173812942367,434.3102386061198,438.60211181640625,21778000
2024-07-18,MSFT,439.41307217646386,439.71963242472316,429.5832863227986,435.4870910644531,20794800
2024-07-19,MSFT,428.2976983913284,436.2485575608238,427.20988939637874,432.2632141113281,20940400
2024-07-22,MSFT,436.89132199854777,439.6701615477493,434.04325138518465,438.028564453125,15808800
2024-07-23,MSFT,438.97794115369385,443.41817564914504,438.1868237868677,439.91741943359375,13107100
2024-07-24,MSFT,435.5661744239133,436.5847522773038,422.8487541493976,424.14422607421875,26805800
2024-07-25,MSFT,424.0453888657749,425.03430071497604,412.8805958173141,413.7607116699219,29943800
2024-07-26,MSFT,413.56289099301864,424.16402577751,412.6431801625324,420.5544738769531,23583800
2024-07-29,MSFT,426.79448850827964,427.3581754074755,419.99080151741265,421.998291015625,15125800
2024-07-30,MSFT,422.97735537825565,424.2925947905347,412.732213459478,418.2305908203125,32687600
2024-07-31,MSFT,415.8373969334193,417.10320278469345,407.6393099563061,413.71124267578125,42891400
2024-08-01,MSFT,416.1242037023935,422.72022849108816,408.5095707902921,412.4849853515625,30296400
2024-08-02,MSFT,407.91621848675555,410.3983967606497,399.8565933572946,403.9605712890625,29437900
2024-08-05,MSFT,384.85479031825656,396.5931676964823,381.3045706583986,390.7684631347656,40709200
2024-08-06,MSFT,395.5647061878266,401.1718491768835,394.0813385396222,395.17901611328125,24946500
2024-08-07,MSFT,404.10895783773424,405.53296315438047,393.0627990585979,394.01214599609375,20650900
2024-08-08,MSFT,397.97765609010867,401.3597174512935,395.50537665916386,398.2248840332031,20203000
2024-08-09,MSFT,399.5500195790903,403.5254340135955,397.799656617914,401.5179443359375,19276700
2024-08-12,MSFT,402.5464528145219,404.2276150210423,399.75771417136446,402.2992248535156,16762900
2024-08-13,MSFT,405.04833905386585,410.34892145213996,405.0285716844,409.4193420410156,19414300
2024-08-14,MSFT,410.200606537794,413.0882423005823,407.87668792866015,412.2377624511719,18267000
2024-08-15,MSFT,415.89340426982346,417.191211225686,413.77333444813155,417.1119689941406,20752100
2024-08-16,MSFT,416.6859891605723,417.4190931983878,413.4166801400684,414.5758056640625,22775600
2024-08-19,MSFT,415.0612389392474,417.8252842584304,412.5845034071879,417.6073303222656,15234000
2024-08-20,MSFT,417.7757654099591,421.8970267669262,417.7163261753405,420.8468933105469,16387600
2024-08-21,MSFT,420.13355421881863,422.43197186124524,417.79553057929155,420.1930236816406,16067300
2024-08-22,MSFT,420.4109349910718,422.81834463862344,410.75166748787615,411.68292236328125,19361900
2024-08-23,MSFT,413.09964177069946,415.35842313707064,408.2551330501382,412.9114074707031,18493800
2024-08-26,MSFT,412.4953551222988,413.3968905070922,407.5121643134923,409.64215087890625,13152800
2024-08-27,MSFT,409.01800038370646,410.5040417108967,406.43230298651787,409.9888916015625,13492900
2024-08-28,MSFT,411.019191950483,411.13807041057737,403.5196300124752,406.7790222167969,14882700
2024-08-29,MSFT,411.078675041423,418.12249665584295,406.77906561893394,409.2756042480469,17045200
2024-08-30,MSFT,411.73253163556785,413.604928025177,408.2948214180594,413.2582092285156,24308300
2024-09-03,MSFT,414.0210025733613,415.97267128987687,403.2422452090673,405.62982177734375,20313600
2024-09-04,MSFT,402.13271297104455,407.41310010382534,400.60703533664076,405.0948791503906,15135800
2024-09-05,MSFT,403.8267457621573,409.25576060406553,402.35062114910426,404.589599609375,14195500
2024-09-06,MSFT,405.2533785520499,406.8285787467922,397.070234552708,397.9618835449219,19609500
2024-09-09,MSFT,403.4503023301037,404.84718480089737,398.40767240518096,401.9444580078125,15295100
2024-09-10,MSFT,404.4014154009755,412.4557344655397,403.90606826316616,410.3455810546875,19594300
2024-09-11,MSFT,411.6334289532487,420.044412808737,405.7685061452882,419.103271484375,19266900
2024-09-12,MSFT,419.37079441814797,423.39301078748264,415.84392519019525,423.0264587402344,17395700
2024-09-13,MSFT,421.8672937914901,427.8114589338371,421.5007417784194,426.5830078125,15874600
2024-09-16,MSFT,426.5929152766965,429.49564193620427,424.2350583167788,427.3260192871094,13834700
2024-09-17,MSFT,436.1332986571775,437.7382183505998,428.2473514166882,431.1005554199219,18874200
2024-09-18,MSFT,430.9520062716843,431.9724201576507,426.4047232128483,426.8009948730469,18898000
2024-09-19,MSFT,437.1240071994986,437.3914837460106,432.8342844371603,434.6076354980469,21706600
2024-09-20,MSFT,433.1512870260625,435.1524782767089,430.17920464774005,431.21942138671875,55167100
2024-09-23,MSFT,430.23868426031646,432.3983904018878,426.38489946949306,429.4758605957031,15128900
2024-09-24,MSFT,428.9705844602765,429.31733347364775,422.1348005929618,425.1762390136719,17015800
2024-09-25,MSFT,425.8300552065777,429.08944744090394,424.58180113051003,428.0888366699219,13396400
2024-09-26,MSFT,431.0411178765214,431.2491551844422,425.1365891561316,427.2962951660156,14492000
2024-09-27,MSFT,427.5043252487667,427.8312712464172,423.4920260673168,424.0368957519531,14896100
2024-09-30,MSFT,424.225137648764,426.4145935098266,421.41156986331913,426.2956848144531,16807300
2024-10-01,MSFT,424.4629431708175,424.49266278755016,414.91263654622963,416.775146484375,19092900
2024-10-02,MSFT,418.6475564553425,418.88534363054407,412.8321861342137,413.248291015625,16582300
2024-10-03,MSFT,413.74364093705873,415.64575695003026,410.43472579830313,412.6637878417969,13686400
2024-10-04,MSFT,414.34793855319174,415.8438964916741,411.1083793562167,412.188232421875,19169700
2024-10-07,MSFT,412.12878843935687,413.22844449254166,405.1939290185023,405.7289123535156,20919800
2024-10-08,MSFT,407.0762266898708,411.791940593935,404.37165096666996,410.85076904296875,19229300
2024-10-09,MSFT,411.99007853410836,416.46803570058375,410.4445979894132,413.5751953125,14974300
2024-10-10,MSFT,411.3659364512592,413.46620317952954,409.3052757201966,411.9702453613281,13848400
2024-10-11,MSFT,412.2674830881502,413.2482606337857,409.4043624478393,412.44580078125,14144900
2024-10-14,MSFT,413.8822865985765,420.0939583051494,413.63461305961806,415.23956298828125,16653100
2024-10-15,MSFT,418.2512520382671,418.54847842558434,411.39566540112634,414.84326171875,18900200
2024-10-16,MSFT,411.3065088320687,412.48540707078536,406.660150790306,412.2476501464844,15508900
2024-10-17,MSFT,418.42963273493405,418.56834444995235,411.72264316476367,412.8421325683594,14820000
2024-10-18,MSFT,413.2582100340754,415.7448320191293,412.38639426497724,414.2687072753906,17145300
2024-10-21,MSFT,412.2476842514802,415.06125227829034,409.89974372900497,414.8829345703125,14206100
2024-10-22,MSFT,414.595626294547,426.57311612841215,414.1498320229674,423.5317077636719,25482200
2024-10-23,MSFT,426.8504984713963,427.06845240983137,418.59802889539156,420.6487731933594,19654400
2024-10-24,MSFT,421.3719497046553,422.01592511987707,418.4692229621463,420.7775573730469,13581600
2024-10-25,MSFT,422.7886308311735,428.4950083833606,422.60039653035216,424.1656799316406,16899100
2024-10-28,MSFT,427.64306615669506,427.9204593260478,422.33292947161533,422.6202392578125,14882400
2024-10-29,MSFT,424.017135059726,429.13903758740884,421.83759563654417,427.9303894042969,17644100
2024-10-30,MSFT,433.3692866656604,434.4194201314416,428.0789831021246,428.5049743652344,29749100
2024-10-31,MSFT,411.4947379049696,412.2873114234298,402.5190506643278,402.568603515625,53971000
2024-11-01,MSFT,405.20384836550784,411.63344411141696,403.7078904341815,406.5511779785156,24230400
2024-11-04,MSFT,405.9864621175824,406.6007179042562,401.79584509345045,404.658935546875,19672300
2024-11-05,MSFT,404.5698009147436,411.0390330760231,404.28249112047496,407.63104248046875,17626000
2024-11-06,MSFT,408.5821007827268,416.5373737173725,406.6997576825849,416.2698669433594,26681800
2024-11-07,MSFT,417.3596638124742,422.8778379270892,415.9726979378319,421.4710388183594,19901800
2024-11-08,MSFT,421.3620693729889,422.5310812867246,417.8550033981939,418.6079406738281,16891400
2024-11-11,MSFT,418.58812774007396,420.8568260602772,412.1288120506796,414.1201171875,24503300
2024-11-12,MSFT,414.3578665238478,420.4902662976637,413.317649663667,419.0933837890625,19401200
2024-11-13,MSFT,417.7163255743709,425.3347363138495,414.31822142109314,421.2431945800781,21502200
2024-11-14,MSFT,421.04505383486753,424.1855678921326,416.0915826132808,422.91748046875,30246900
2024-11-15,MSFT,415.91327620196233,418.86552578071695,409.79079286185015,411.13812255859375,28247600
2024-11-18,MSFT,411.00928939667125,414.5064386408341,408.26507740364855,411.8910217285156,24727000
2024-11-19,MSFT,409.26565838479394,414.0507282073073,407.72017788193654,413.9021301269531,18133500
2024-11-20,MSFT,412.9906980283946,413.40680290697327,406.7592228682752,411.62353515625,19191700
2024-11-21,MSFT,416.4281041493026,416.70605256605285,407.28555520801666,409.8466491699219,20780200
2024-11-22,MSFT,408.35760329128635,414.3434454251094,408.04987579157546,413.9463806152344,24814600
2024-11-25,MSFT,415.3162958278843,417.99650611752486,411.812146489521,415.7232971191406,27691100
2024-11-26,MSFT,416.5174436728799,425.89825580258685,415.78287220202776,424.8559265136719,23458900
2024-11-27,MSFT,421.99701856707253,424.10151982082925,418.92964944636213,419.8925476074219,18332400
2024-11-29,MSFT,417.0137828520631,421.76871536801127,414.7405434642979,420.3591003417969,16271900
2024-12-02,MSFT,418.48293944626425,429.82923270647603,418.22483367708463,427.82403564453125,20207200
2024-12-03,MSFT,426.69236269283573,429.30310856781665,424.6077345204632,428.04241943359375,18302000
2024-12-04,MSFT,429.8590208353051,436.45041220115866,429.4619560010729,434.2168884277344,26009400
2024-12-05,MSFT,434.7131892508136,441.40382352297394,432.9760042447338,439.3787536621094,21697800
2024-12-06,MSFT,439.0611189309198,442.8333105145372,438.5350012201072,440.32183837890625,18821000
2024-12-09,MSFT,439.35893665859504,445.0469576507044,437.2743084708553,442.7538757324219,19144400
2024-12-10,MSFT,441.1358533918597,446.32753597079886,438.3662754088612,440.0835876464844,18469500
2024-12-11,MSFT,440.79832040277716,447.05220524938716,440.79832040277716,445.7021484375,19200200
2024-12-12,MSFT,445.8212274935838,452.8196196905417,445.8212274935838,446.2679443359375,20834800
2024-12-13,MSFT,445.15616611270633,448.124261247401,442.3170935669994,443.9947204589844,20177800
2024-12-16,MSFT,443.99473862109255,448.86878750909034,442.01932060586137,448.2831115722656,23598800
2024-12-17,MSFT,447.70736185197006,451.9560191338881,446.2779042343056,451.132080078125,22733500
2024-12-18,MSFT,448.0150896587636,449.3353370303597,433.8197872534811,434.1871032714844,24444500
2024-12-19,MSFT,438.38612742715867,439.9347015317489,433.12495005824394,433.8297424316406,22963700
2024-12-20,MSFT,429.93842886665163,440.4905928728717,425.4912541783927,433.40289306640625,64263700
2024-12-23,MSFT,433.54185407205193,434.44519400818086,429.6604823749245,432.0627746582031,19152500
2024-12-24,MSFT,431.4671320524487,436.38089623186573,431.010509030067,436.11285400390625,7164500
2024-12-26,MSFT,435.86472311645826,437.7111185947039,433.4326819773249,434.9018249511719,8194200
2024-12-27,MSFT,431.4175228637617,432.0329778888151,423.2279358558446,427.3773193359375,18117700
2024-12-30,MSFT,422.9400590771193,424.41913845880714,418.8105181563676,421.71905517578125,13158700
2024-12-31,MSFT,422.97977346202197,423.6051649635355,417.5796069111211,418.4134521484375,13246500
2025-01-02,MSFT,422.4139505741353,422.9500047735069,411.81216477472935,415.51483154296875,16896500
2025-01-03,MSFT,417.996542116602,420.92495225496697,416.4678408938124,420.24993896484375,16662900
2025-01-06,MSFT,424.8658449852562,431.1395722098291,422.36430932720185,424.7169494628906,20573600
2025-01-07,MSFT,425.85852385294453,427.49643519355806,417.7185585987197,419.2770690917969,18139100
2025-01-08,MSFT,420.35912921204886,423.84343629743364,418.45320572340466,421.4510803222656,15054600
2025-01-10,MSFT,421.52050962504774,421.59991046888086,411.98086631184646,415.8821105957031,20201100
2025-01-13,MSFT,412.19930745359136,415.4354451072025,409.27092762989713,414.1350402832031,17604800
2025-01-14,MSFT,414.7505038729655,416.66636380793307,407.7124253904485,412.6261901855469,16935900
2025-01-15,MSFT,416.06081709812753,425.01475491103537,415.20709891745935,423.188232421875,19637800
2025-01-16,MSFT,425.56074187721237,426.34493507947604,421.28230542678756,421.47088623046875,15300000
2025-01-17,MSFT,430.9112808415576,431.29843952552403,425.03464825408395,425.8883361816406,26197500
2025-01-21,MSFT,427.04974598441896,427.74460185190514,422.4834247796493,425.3621826171875,26085700
2025-01-22,MSFT,434.3558409675422,443.9947282693763,432.8072669314077,442.9325866699219,27803800
2025-01-23,MSFT,438.76331124507635,443.4785278251988,438.266972657695,443.4388122558594,18389300
2025-01-24,MSFT,441.9001784993804,443.37925780820444,438.1677025965132,440.8082275390625,15549500
2025-01-27,MSFT,420.9051049056437,432.01316613773105,420.3988297966623,431.3778381347656,35647800
2025-01-28,MSFT,431.4175531471292,445.0966448918235,428.2211310848717,443.92529296875,23491700
2025-01-29,MSFT,443.41900040059096,443.60761150041753,437.17505205552743,439.0909118652344,23581400
2025-01-30,MSFT,415.7033987332922,419.7634446369454,410.1344944692085,411.9510803222656,54586300
2025-01-31,MSFT,415.9119381542539,417.60940782263856,411.87173434946413,412.0206298828125,34161900
2025-02-03,MSFT,408.5859323997036,412.3680300232083,405.6674590737405,407.9109191894531,25679100
2025-02-04,MSFT,409.6679752687522,410.8889791877868,406.739565274027,409.3503112792969,20532100
2025-02-05,MSFT,409.33046130378085,410.7996042139957,407.39472859021873,410.2635803222656,16316700
2025-02-06,MSFT,410.9684054782215,415.1376622891217,410.9684054782215,412.77508544921875,16309800
2025-02-07,MSFT,413.4302096384315,415.58430218979566,405.1115698860282,406.7494812011719,22886800
2025-02-10,MSFT,410.6805260475913,412.41771135959095,407.9109781333607,409.2014465332031,20817900
2025-02-11,MSFT,406.64031711794166,409.4694230026259,406.30278019920314,408.4271240234375,18140600
2025-02-12,MSFT,404.2280919312538,407.742177856358,401.40889219439293,406.0447082519531,19121700
2025-02-13,MSFT,404.01963601763975,407.99034497113007,403.38430804391083,407.5337219238281,23891700
2025-02-14,MSFT,404.80385028408716,405.91564391864586,402.9078331667541,405.43914794921875,22758500
2025-02-18,MSFT,405.012314606688,407.593281493885,403.5232987441634,406.64031982421875,21423100
2025-02-19,MSFT,404.89319663470326,412.44745587382107,404.66486996411237,411.73272705078125,24114200
2025-02-20,MSFT,413.0755545581438,417.07410775463984,410.3402184035009,413.91107177734375,23508700
2025-02-21,MSFT,415.11458446579724,415.8207899827264,405.71499358869687,406.03326416015625,27524800
2025-02-24,MSFT,406.3316944915949,407.1870941067446,397.1906962904959,401.8457336425781,26443700
2025-02-25,MSFT,398.9612079589026,399.77684273234365,394.58467628789543,395.77825927734375,29387400
2025-02-26,MSFT,395.8877115559134,401.44790050472056,392.1477511905504,397.5985412597656,19619000
2025-02-27,MSFT,399.1302439589128,403.57640920067746,390.078793376817,390.4368591308594,21127400
2025-02-28,MSFT,390.5662102627109,395.50970978817173,384.50868780557136,394.87310791015625,32845700
2025-03-03,MSFT,396.693360360252,396.693360360252,384.1008642400347,386.4184265136719,23007700
2025-03-04,MSFT,381.3555708063787,390.48661254503907,378.9683745181786,386.53778076171875,29342900
2025-03-05,MSFT,387.2639110911412,399.52818059067016,386.73673843465946,398.8816223144531,23433100
2025-03-06,MSFT,392.1775528184261,400.00558222724027,390.5860785359009,394.7736511230469,23304600
2025-03-07,MSFT,390.2280572001935,392.6948137819321,383.4842110998894,391.2127685546875,22034100
2025-03-10,MSFT,383.7825787420743,384.3395902213564,375.20854809150063,378.13287353515625,32840100
2025-03-11,MSFT,376.9790454259089,383.9417190881288,374.900193646485,378.42132568359375,30380200
2025-03-12,MSFT,380.9080172396425,383.1659020465141,376.92934634163805,381.2262878417969,24253600
2025-03-13,MSFT,381.11688044146297,383.2653663209318,375.4373363609022,376.7502746582031,20473000
2025-03-14,MSFT,377.7548866940246,388.1491759928466,377.48633735073093,386.4880676269531,19952800
2025-03-17,MSFT,384.6380144395121,390.61594671729495,383.51403507382423,386.6273498535156,22474300
2025-03-18,MSFT,385.0060336134189,385.3044217812384,379.06786623501773,381.4749450683594,19486900
2025-03-19,MSFT,383.47421674907764,387.6020814133235,381.9523764633006,385.75201416015625,19185500
2025-03-20,MSFT,383.68311164841384,389.70086948967395,381.2362375881449,384.7772521972656,18470500
2025-03-21,MSFT,381.1765391094654,389.65109658333733,380.7587653391681,389.1736755371094,39675900
2025-03-24,MSFT,393.2916146921325,393.2916146921325,387.7314257194749,390.9839782714844,21004500
2025-03-25,MSFT,391.8194783223531,394.2464393645113,390.5463049956332,393.0528564453125,15775000
2025-03-26,MSFT,392.89374127883343,393.2020858372719,386.49803525659746,387.89056396484375,16108400
2025-03-27,MSFT,388.04970169840396,390.1484359049866,385.33424804034394,388.4972839355469,13766800
2025-03-28,MSFT,386.01060482786494,387.05502406399853,374.920066699825,376.78009033203125,21632000
2025-03-31,MSFT,370.5535270615956,375.05937069382594,365.2817698451425,373.3883361816406,35184700
2025-04-01,MSFT,372.6522059403994,380.8084923075966,371.2397949635195,380.1520080566406,19689500
2025-04-02,MSFT,375.95451763350314,383.02658976778645,374.61171028950673,380.102294921875,16092600
2025-04-03,MSFT,372.79148704012755,375.4671453752222,367.38049274092737,371.12042236328125,30198000
2025-04-04,MSFT,362.1883054506824,372.59251968554776,357.56310734248,357.9211730957031,49209900
2025-04-07,MSFT,349.00899091860083,369.0216992388769,342.95146855480857,355.9517517089844,50425000
2025-04-08,MSFT,366.2963320079612,371.65757505461033,348.38235725741856,352.66937255859375,35868900
2025-04-09,MSFT,351.65482301024804,391.13318598606264,351.2171667990214,388.40777587890625,50199700
2025-04-10,MSFT,380.02273387837465,381.85291877896515,365.838762955237,379.3165283203125,38024400
2025-04-11,MSFT,378.61031016462425,387.97010607095405,376.86964177115533,386.378662109375,23839200
2025-04-14,MSFT,391.1232211496066,392.54558862795363,382.1612557582716,385.7420654296875,19251200
2025-04-15,MSFT,386.4383315419063,389.80031299588615,382.11152127039287,383.67315673828125,17199900
2025-04-16,MSFT,378.6401344902522,379.5750941222194,366.03768244767394,369.62841796875,21967800
2025-04-17,MSFT,371.757014425277,372.32398224080106,364.9336092793292,365.81884765625,21120200
2025-04-21,MSFT,360.88536094814043,362.53651305850417,353.7734925946294,357.205078125,20807300
2025-04-22,MSFT,361.44235434917846,365.80892977570767,357.94110461161955,364.864013671875,19485000
2025-04-23,MSFT,374.05472426245655,378.3616523034824,371.0309260243866,372.3936462402344,20545500
2025-04-24,MSFT,373.696621578229,386.37863321068227,373.18933139938025,385.2347412109375,22232300
2025-04-25,MSFT,384.93638434344297,390.068873110604,382.54918803088736,389.7605285644531,18973200
2025-04-28,MSFT,389.86991018310994,390.6457497092271,384.5783015368256,389.0741882324219,16579400
2025-04-29,MSFT,389.2134328165618,392.99318803647833,388.2983555925269,391.9388427734375,14974000
2025-04-30,MSFT,388.21877036685504,394.54487238441686,382.39003252749313,393.15234375,36461100
2025-05-01,MSFT,428.81116623183453,434.65981700987567,422.6342884776108,423.1316223144531,58938100
2025-05-02,MSFT,429.43779144193553,437.0967443095362,427.69712309519423,432.95892333984375,30757400
2025-05-05,MSFT,430.5617862640975,437.15643772408293,429.80582912695047,433.8442077636719,20136100
2025-05-06,MSFT,429.89535368794753,435.3958643635025,428.87084726264027,430.9994201660156,15104200
2025-05-07,MSFT,431.5266230555768,435.7837995157977,428.8111693588705,431.03924560546875,23295300
2025-05-08,MSFT,435.5948162408885,441.30422944958144,433.3369315017373,435.83355712890625,23491300
2025-05-09,MSFT,437.6537503899646,438.38979471116045,433.55572467490674,436.3905334472656,15324200
2025-05-12,MSFT,443.5621064267163,446.9738092745622,437.43494989219903,446.8644104003906,22821900
2025-05-13,MSFT,445.392292323668,448.2668964878236,442.9851831830833,446.74505615234375,23618800
2025-05-14,MSFT,445.75038756339603,451.4796527444761,445.75038756339603,450.5247802734375,19902800
2025-05-15,MSFT,449.1894881249397,454.5904977674882,448.85068389062144,451.5412292480469,21992300
2025-05-16,MSFT,450.4649678139624,452.7668658429008,447.15663182075053,452.67718505859375,23849800
2025-05-19,MSFT,449.29907263869796,457.9785240250479,449.2193361148497,457.26104736328125,21336500
2025-05-20,MSFT,453.9925667897047,456.73292449884485,452.72703072274504,456.56353759765625,15441800
2025-05-21,MSFT,452.97617231921885,456.1749087494066,450.2258398312579,450.9831848144531,19216900
2025-05-22,MSFT,453.3548479183862,458.63625267798704,452.30851122486644,453.26513671875,18025600
2025-05-23,MSFT,448.402251486361,452.09923464302557,447.33599591595265,448.6015319824219,16883500
2025-05-27,MSFT,454.87947686866386,459.33380513701957,454.5207233060155,459.07470703125,20974300
2025-05-28,MSFT,459.60282918231184,460.8982588383752,455.3278626603832,455.75634765625,17086300
2025-05-29,MSFT,459.93167902845283,460.10109634693043,453.71356774793736,457.0717468261719,13974800
2025-05-30,MSFT,458.1080789456966,460.06119805700706,453.942742633105,458.7458190917969,34770500
2025-06-02,MSFT,455.53716828611505,460.48971303831235,455.2880448481698,460.3502197265625,16626500
2025-06-03,MSFT,459.85193916930956,462.51259067234093,459.2440622117471,461.3466796875,15743800
2025-06-04,MSFT,462.3730793208357,464.05715611586317,461.3965045417047,462.2435302734375,14162700
2025-06-05,MSFT,463.3296970825432,468.00325491639626,462.4029652503908,466.0401611328125,20131700
2025-06-06,MSFT,468.4417517005521,471.6803564462113,467.13634729745564,468.7307434082031,15285600
2025-06-09,MSFT,468.05311353771793,471.77001565920176,466.9768832876908,471.0924072265625,16469900
2025-06-10,MSFT,469.53790223355384,471.14224260725143,465.3227226358238,469.26885986328125,15375900
2025-06-11,MSFT,468.37197033665615,473.80287330978865,468.01324719222674,470.9628601074219,16399200
2025-06-12,MSFT,473.3544415367432,478.73553201697933,471.8597009390277,477.1909484863281,18950600
2025-06-13,MSFT,474.7395752703882,477.4998519181197,471.1023792861798,473.2946472167969,16814500
2025-06-16,MSFT,473.5437784887318,479.00457509504827,473.3345233196989,477.46002197265625,15626100
2025-06-17,MSFT,473.7331030955977,477.06138843382047,472.4177241014044,476.3638610839844,15414100
2025-06-18,MSFT,476.3239856832242,479.313466764918,472.7963894918646,478.5561218261719,17526500
2025-06-20,MSFT,480.53918652379775,481.76485435953526,475.1979642712812,475.7261047363281,37576200
2025-06-23,MSFT,476.53326469371973,486.0398235242553,470.853268600571,484.29595947265625,24864000
2025-06-24,MSFT,487.23560408546166,490.1254297173699,485.0931183138473,488.3915100097656,22305600
2025-06-25,MSFT,490.3148017263918,492.8259550719198,487.67409932543603,490.5439758300781,17495100
2025-06-26,MSFT,491.2514824256969,496.29373818928514,491.08206511354325,495.705810546875,21578900
2025-06-27,MSFT,495.80545117387857,497.54931522943417,491.30131038962224,494.20111083984375,34539200
2025-06-30,MSFT,495.2972567719388,499.0042146991214,493.5932305818623,495.66595458984375,28369000
2025-07-01,MSFT,494.729222512998,496.30366915943387,489.2584818970934,490.32470703125,19945400
2025-07-02,MSFT,488.2719538404123,491.76965656989233,486.98649882219644,489.36810302734375,16319600
2025-07-03,MSFT,492.07857999859937,498.3764278450543,491.7098821739863,497.0909423828125,13984800
2025-07-07,MSFT,495.6360493014733,497.0012408266234,493.4935938943106,495.974853515625,13981600
2025-07-08,MSFT,495.4965138505155,496.4531696907806,492.3774837277821,494.8786926269531,11846600
2025-07-09,MSFT,498.54580110123976,505.003091421344,497.98776704512187,501.74456787109375,18659500
2025-07-10,MSFT,501.2861517097084,502.67129257213526,496.0047471787155,499.7216796875,16492100
2025-07-11,MSFT,496.72220586888017,503.25920197660867,496.05454172265075,501.5552062988281,16459500
2025-07-14,MSFT,499.7615155353931,502.2029372942231,499.273243347857,501.2562561035156,12058800
2025-07-15,MSFT,501.2562471634966,506.51773265302506,501.027073076573,504.04644775390625,14927200
2025-07-16,MSFT,503.40870828332856,504.9433171823036,500.1302657221866,503.84716796875,15154400
2025-07-17,MSFT,503.9069415603956,511.5699807689203,503.84715436950415,509.9058532714844,17503100
2025-07-18,MSFT,512.6760564474737,512.8355294984256,505.6507880659733,508.2615966796875,21209700
2025-07-21,MSFT,504.93334625634344,510.29451797884275,503.777409841716,508.2716064453125,14066800
2025-07-22,MSFT,509.1784090675831,509.40761357627605,503.4983825683594,503.4983825683594,13868600
2025-07-23,MSFT,504.97317174446385,505.01304000657746,498.94439715180334,504.09625244140625,16396600
2025-07-24,MSFT,506.98612743645725,511.86894085644093,505.5212803694045,509.0887451171875,16107000
2025-07-25,MSFT,510.67314061143924,516.4727417364818,508.57055332296227,511.9088439941406,19125700
2025-07-28,MSFT,512.2775105607909,513.1942677567645,508.3313735189307,510.7030334472656,14308000
2025-07-29,MSFT,513.7224399565682,515.8050777848653,509.7663282358281,510.7727966308594,16469200
2025-07-30,MSFT,513.3636552782116,514.1409495778635,507.6537656967309,511.4404296875,26380400
2025-07-31,MSFT,553.2831833968122,553.5024436401114,530.0350289229713,531.62939453125,51617300
2025-08-01,MSFT,533.1241083924594,533.9212911566675,519.0336734352546,522.2722778320312,28977600
2025-08-04,MSFT,526.4177481275262,536.3627358241171,526.2782244119826,533.7619018554688,25349000
2025-08-05,MSFT,535.2964641743647,535.41603854948,525.3913146279989,525.8995361328125,19171600
2025-08-06,MSFT,529.0385508551038,529.8357336828143,522.1926437275052,523.0994262695312,21355700
2025-08-07,MSFT,524.9528573399085,526.2383731099006,515.735290819572,519.0137939453125,16079100
2025-08-08,MSFT,520.7676288144971,522.8204035830947,517.5888112007746,520.2095947265625,15531000
2025-08-11,MSFT,520.4686618064882,525.7401525514866,517.8976909591346,519.9405517578125,20194400
2025-08-12,MSFT,521.9135974657331,529.1182277589118,520.8672912006765,527.3843383789062,18667000
2025-08-13,MSFT,530.244240271181,530.8321983067945,517.5489204522431,518.7546997070312,19619200
2025-08-14,MSFT,520.7277467800332,524.1058750288076,518.3162490497452,520.6480102539062,20269100
2025-08-15,MSFT,520.9370505811125,524.255330935539,517.2599862571353,518.3461303710938,25213300
2025-08-18,MSFT,519.7611730136332,520.9868407954262,512.2177084457264,515.286865234375,23760600
2025-08-19,MSFT,513.1942782099028,513.3536904476517,506.7668813962475,507.98260498046875,21481000
2025-08-20,MSFT,508.0822507382742,509.2082935133009,502.6712971096552,503.9468078613281,27723000
2025-08-21,MSFT,502.74904380636957,506.68168580920974,501.7808546744913,503.2980041503906,18443300
2025-08-22,MSFT,503.3079962424447,509.77590173606455,501.471437254012,506.2824401855469,24324200
2025-08-25,MSFT,505.6835608535286,507.2406441544574,503.1782400793436,503.3179931640625,21638600
2025-08-26,MSFT,503.4177851675948,504.0366525259624,497.5787379824689,501.1021423339844,30835700
2025-08-27,MSFT,501.06219963605827,506.34232576675964,498.96611661319633,505.7933349609375,17277900
2025-08-28,MSFT,506.1426727693108,510.1352001425548,504.5556467937143,508.68792724609375,18015600
2025-08-29,MSFT,507.7097597194238,508.64800611235046,503.5475364264987,505.7434387207031,20961600
2025-09-02,MSFT,499.53505401941584,505.0547219959289,495.88188775050133,504.1763610839844,18128000
2025-09-03,MSFT,502.8488615493355,506.8413890153064,501.3816064871684,504.40594482421875,16345100
2025-09-04,MSFT,503.3578996917829,507.20071355848035,502.2100541109688,507.02105712890625,15509500
2025-09-05,MSFT,508.11900990545524,511.0135863020471,491.4501951138555,494.0752868652344,31994800
2025-09-08,MSFT,497.1794589519428,500.26371328397477,494.10522614671714,497.2693176269531,16771000
2025-09-09,MSFT,500.4932596555404,501.3117351050236,496.77024724997165,497.4789123535156,14410500
2025-09-10,MSFT,502.04038173392,502.2899147028095,495.7920664455459,499.43524169921875,21611800
2025-09-11,MSFT,501.31173995388707,502.2300346920423,496.9499084839274,500.0740661621094,18881600
2025-09-12,MSFT,505.70352006176233,511.59249216822343,502.9087629314118,508.94744873046875,23624900
2025-09-15,MSFT,507.8395136770829,514.5069966795595,506.05284913244947,514.397216796875,17143800
2025-09-16,MSFT,515.9144004162443,516.2637221986186,507.64986983793983,508.08905029296875,19711900
2025-09-17,MSFT,509.6660849144807,510.33484666258875,504.9848440594251,509.06719970703125,15816600
2025-09-18,MSFT,510.5344514878828,512.1115168727503,506.71161989545686,507.5001525878906,18913700
2025-09-19,MSFT,509.6061757592278,518.3298380532008,509.35664280609984,516.96240234375,52474100
2025-09-22,MSFT,514.6268375894382,516.772784556969,511.5824866494396,513.4889526367188,20009300
2025-09-23,MSFT,512.8401566617626,513.6287198501773,506.3622903955001,508.2787170410156,19799600
2025-09-24,MSFT,509.4265417419943,511.5225942719762,505.9730140478167,509.19696044921875,13533700
2025-09-25,MSFT,507.3504106819217,509.0572380888419,504.09652154158834,506.0827941894531,15786500
2025-09-26,MSFT,509.1071380786861,512.9798945996346,505.67356201643696,510.5045166015625,16213100
2025-09-29,MSFT,510.5444265624633,515.8844074376258,507.9293260645142,513.6386108398438,17617800
2025-09-30,MSFT,512.2811987663596,517.1919905812645,508.70790002171145,516.982421875,19728200
2025-10-01,MSFT,513.8382741479315,519.5376290534263,510.7340986553811,518.7391357421875,22632300
2025-10-02,MSFT,516.6730253227585,520.625588764222,509.7260051791023,514.7765502929688,21222900
2025-10-03,MSFT,516.1339509263171,519.5176324904353,514.0378984273964,516.3834838867188,15112300
2025-10-06,MSFT,517.6411650074094,530.0380069481532,517.2319577376861,527.5825805664062,21388600
2025-10-07,MSFT,527.3030443984364,528.8102332144322,520.4658657072805,523.0010986328125,14615200
2025-10-08,MSFT,522.3024933531,525.9656203925812,522.1128458539913,523.8695068359375,13363400
2025-10-09,MSFT,521.3642478231245,523.3505205733983,516.4334737589328,521.4241333007812,18343600
2025-10-10,MSFT,518.6692706129455,522.6019127014883,508.6779606337136,510.0054626464844,24133800
2025-10-13,MSFT,515.4452371680482,515.4452371680482,510.7240930552238,513.0896606445312,14284200
2025-10-14,MSFT,509.2768388871209,514.3174231454748,505.05473007895694,512.610595703125,14684300
2025-10-15,MSFT,513.9979961583023,516.2238106749688,509.04724028199115,512.4708251953125,14694700
2025-10-16,MSFT,511.62245544117155,515.884437136842,507.1807563967364,510.65423583984375,15559600
2025-10-17,MSFT,508.0890780500653,514.5170195527368,506.3622988729776,512.62060546875,19867800
2025-10-20,MSFT,513.6486038577511,517.730989827423,512.4708156147512,515.8245239257812,14665600
2025-10-21,MSFT,516.533257830336,517.7210372272165,512.0815676283437,516.6929321289062,15586200
2025-10-22,MSFT,520.1764726871388,524.2488070435115,516.7428964573043,519.5675659179688,18962700
2025-10-23,MSFT,521.4839993377199,522.9712060783663,517.6411550810741,519.5875244140625,14023500
2025-10-24,MSFT,521.8133604589415,524.3685757173844,519.7372899447384,522.6318359375,15532400
2025-10-27,MSFT,530.7866236569336,533.5813808592218,528.0217787333662,530.527099609375,18734700
2025-10-28,MSFT,548.9725518014023,552.6855732732587,539.7598137450263,541.057373046875,29986700
2025-10-29,MSFT,543.9220119141725,545.2495444281135,535.7273269044096,540.538330078125,36023000
2025-10-30,MSFT,529.4889853080866,533.9705877450752,521.1446173319796,524.77783203125,41023100
2025-10-31,MSFT,527.8919782690999,528.3311587204174,514.137692119172,516.8426513671875,34006400
2025-11-03,MSFT,518.8389228578652,523.9793263365088,513.628703759196,516.0641479492188,22374700
2025-11-04,MSFT,510.80399534425794,514.5868933466259,506.8913048594995,513.3692016601562,20958700
2025-11-05,MSFT,512.3410686781482,513.8682396575209,505.6336213981725,506.2125549316406,23024300
2025-11-06,MSFT,504.7153625290288,504.75529633258907,494.88375756631746,496.1713562011719,27406500
2025-11-07,MSFT,496.02163823572937,498.4470913363115,492.32853818272196,495.8918762207031,24019800
2025-11-10,MSFT,499.10586069795033,505.9031361854127,497.8681564860657,505.0547180175781,26101500
2025-11-11,MSFT,503.85694933091565,508.64800052182136,501.411544557113,507.7297058105469,17980000
2025-11-12,MSFT,508.4084461357136,510.7141588310794,498.18758530403636,510.1851501464844,26574900
2025-11-13,MSFT,509.3566671737073,512.54071024479,500.3535287599438,502.34979248046875,25273100
2025-11-14,MSFT,497.2992409027003,510.644258818196,496.51070821491913,509.2268981933594,28505700
2025-11-17,MSFT,507.5001596757347,511.16328656765256,503.9667643395777,506.54193115234375,19092800
2025-11-18,MSFT,494.44458869198826,502.0403882023454,485.87063942574486,492.8675537109375,33815100
2025-11-19,MSFT,489.18443539234676,494.264922953439,481.9279972054541,486.2099914550781,23245300
2025-11-20,MSFT,492.7099914550781,493.57000732421875,475.5,478.42999267578125,26802500
2025-11-21,MSFT,478.5,478.9200134277344,468.2699890136719,472.1199951171875,31769200
2025-11-24,MSFT,475.0,476.8999938964844,468.0199890136719,474.0,34421000
2025-11-25,MSFT,474.07000732421875,479.1499938964844,464.8900146484375,476.989990234375,28019800
2025-11-26,MSFT,486.30999755859375,488.30999755859375,481.20001220703125,485.5,25709100
2025-11-28,MSFT,487.6000061035156,492.6300048828125,486.6499938964844,492.010009765625,14386700
2025-12-01,MSFT,488.44000244140625,489.8599853515625,484.6499938964844,486.739990234375,23964000
2025-12-02,MSFT,486.7200012207031,493.5,486.32000732421875,490.0,19562700
2025-12-03,MSFT,476.32000732421875,484.239990234375,475.20001220703125,477.7300109863281,34615100
2025-12-04,MSFT,479.760009765625,481.32000732421875,476.489990234375,480.8399963378906,22318200
2025-12-05,MSFT,482.5199890136719,483.3999938964844,478.8800048828125,483.1600036621094,22608700
2025-12-08,MSFT,484.8900146484375,492.29998779296875,484.3800048828125,491.0199890136719,21965900
2025-12-09,MSFT,489.1000061035156,492.1199951171875,488.5,492.0199890136719,14696100
2025-12-10,MSFT,484.0299987792969,484.25,475.0799865722656,478.55999755859375,35756200
2025-12-11,MSFT,476.6300048828125,486.0299987792969,475.8599853515625,483.4700012207031,24669200
2025-12-12,MSFT,479.82000732421875,482.45001220703125,476.3399963378906,478.5299987792969,21248100
2025-12-15,MSFT,480.1000061035156,480.7200012207031,472.5199890136719,474.82000732421875,23727700
2025-12-16,MSFT,471.9100036621094,477.8900146484375,470.8800048828125,476.3900146484375,20705600
2025-12-17,MSFT,476.9100036621094,480.0,475.0,476.1199951171875,24527200
2025-12-18,MSFT,478.19000244140625,489.6000061035156,477.8900146484375,483.9800109863281,28573500
2025-12-19,MSFT,487.3599853515625,487.8500061035156,482.489990234375,485.9200134277344,70836100
2025-12-22,MSFT,486.1199951171875,488.7300109863281,482.69000244140625,484.9200134277344,16963000
2025-12-23,MSFT,484.9800109863281,487.8299865722656,484.739990234375,486.8500061035156,14683600
2025-12-24,MSFT,485.67999267578125,489.1600036621094,484.8299865722656,488.0199890136719,5855900
2025-12-26,MSFT,486.7099914550781,488.1199951171875,485.9599914550781,487.7099914550781,8822100
