Date,Ticker,Open,High,Low,Close,Volume
,,AAPL,AAPL,AAPL,AAPL,AAPL
2000-01-03,AAPL,0.7863278462464374,0.8434979867180743,0.7624285589347508,0.8392807245254517,535796800
2000-01-04,AAPL,0.8116325020305791,0.829439386115911,0.7586796445543978,0.7685206532478333,512377600
2000-01-05,AAPL,0.7778923460408804,0.8289709296928053,0.7722693977861117,0.7797666788101196,778321600
2000-01-06,AAPL,0.7957005545906272,0.8022606981361322,0.7122873663902283,0.7122873663902283,767972800
2000-01-07,AAPL,0.7235339100069036,0.7572742100950559,0.7160366272483127,0.746027410030365,460734400
2000-01-10,AAPL,0.7647713959822849,0.7666457290704283,0.7104127833016536,0.7329062819480896,505064000
2000-01-11,AAPL,0.7193165681209445,0.7450901340882994,0.6785475884403069,0.6954172849655151,441548800
2000-01-12,AAPL,0.7122868906963679,0.7160364068483461,0.648555827442937,0.6537110805511475,976068800
2000-01-13,AAPL,0.7084206895656893,0.7404033695877514,0.6935428523741819,0.7254079580307007,1032684800
2000-01-14,AAPL,0.7497760385256035,0.7666457372400635,0.7450902307817903,0.7530561089515686,390376000
2000-01-18,AAPL,0.7572741444537661,0.7947630576451566,0.7530560817522902,0.7792982459068298,459177600
2000-01-19,AAPL,0.7919505809511663,0.8153812660963828,0.775080836015117,0.7989801168441772,597643200
2000-01-20,AAPL,0.8659914425664075,0.9109776391894465,0.8509960770606995,0.8509960770606995,1831132800
2000-01-21,AAPL,0.8566188748217488,0.8566188748217488,0.8261594533033159,0.8345947265625,495924800
2000-01-24,AAPL,0.8130384579047755,0.8453721655045664,0.7882020320899191,0.7966373562812805,440876800
2000-01-25,AAPL,0.7872648770757331,0.8481845262601752,0.767583655572463,0.8416234850883484,497145600
2000-01-26,AAPL,0.8247539186430015,0.8561504892219193,0.8228796354718828,0.826159656047821,367158400
2000-01-27,AAPL,0.8158495380747339,0.8472469399493209,0.8022599174308793,0.8247534036636353,340144000
2000-01-28,AAPL,0.8111641555371901,0.8313139225962055,0.7544625691830532,0.7619598507881165,423348800
2000-01-31,AAPL,0.7572742719643271,0.7788297812735843,0.7085385514769625,0.7778925895690918,701680000
2000-02-01,AAPL,0.7797668938915475,0.7872650278838772,0.7497761097759158,0.7516503930091858,318035200
2000-02-02,AAPL,0.7553999365597681,0.7657086949104797,0.7272825838063829,0.7408722639083862,464195200
2000-02-03,AAPL,0.7521187632196225,0.7816418435972984,0.7516501675253955,0.774612307548523,475193600
2000-02-04,AAPL,0.7792981997086326,0.8247537889346915,0.7769552710337632,0.8097584247589111,425320000
2000-02-07,AAPL,0.8097584268404973,0.8566189525235103,0.7942944168264472,0.8552131652832031,441067200
2000-02-08,AAPL,0.8547446716734484,0.8706772292851623,0.8341263562459356,0.8613057136535645,408643200
2000-02-09,AAPL,0.8556816544192004,0.878175148414769,0.8430291704092051,0.8444348573684692,299364800
2000-02-10,AAPL,0.8463102192953755,0.8538075516775279,0.8247538620814873,0.8509960770606995,302982400
2000-02-11,AAPL,0.8519331910272465,0.855681857317319,0.8116328010523042,0.8153814673423767,212251200
2000-02-14,AAPL,0.819598518758664,0.8688027698638549,0.8144441161331849,0.868334174156189,367539200
2000-02-15,AAPL,0.8641168157423769,0.8992627871710364,0.8636482201416797,0.8922332525253296,485744000
2000-02-16,AAPL,0.8828611931654474,0.8856734686357892,0.840686471066331,0.855681836605072,378246400
2000-02-17,AAPL,0.863648592561464,0.8659914714693634,0.8481846307525135,0.8613057136535645,289497600
2000-02-18,AAPL,0.8594314501957158,0.8650544004005437,0.8313141464703079,0.8341264724731445,233441600
2000-02-22,AAPL,0.8256911699146283,0.876769769650688,0.7999175470935647,0.8533390760421753,422296000
2000-02-23,AAPL,0.8490042322749644,0.8922336733922733,0.8322512058800399,0.8716144561767578,473099200
2000-02-24,AAPL,0.8795811331248484,0.8931708115652632,0.8378749562691997,0.863765299320221,376432000
2000-02-25,AAPL,0.860837001828626,0.8772381530325836,0.8256909699283911,0.8275652527809143,249144000
2000-02-28,AAPL,0.825690991693633,0.8622427116702888,0.8125699102151474,0.849121630191803,328328000
2000-02-29,AAPL,0.8514645971443965,0.8791125502243973,0.8439665638059514,0.8594313263893127,368961600
2000-03-01,AAPL,0.8889534541285039,0.9901726373490048,0.888484858385111,0.9770515561103821,1077003200
2000-03-02,AAPL,0.9522163037341701,0.9592450420502542,0.9048863157389804,0.9147273302078247,311259200
2000-03-03,AAPL,0.9362827648928373,0.9614711189527503,0.8997318871259792,0.9597134590148926,323366400
2000-03-06,AAPL,0.944717942739261,0.9681486331824704,0.937219809466978,0.9423750638961792,210560000
2000-03-07,AAPL,0.9479978764011014,0.9554960085916827,0.9081660387434191,0.9212871193885803,273011200
2000-03-08,AAPL,0.9212874726220447,0.9292542035893715,0.8889537547577804,0.9147273302078247,271230400
2000-03-09,AAPL,0.906291812389073,0.9372197326152472,0.8866105906195206,0.9166014194488525,276718400
2000-03-10,AAPL,0.9123844210576699,0.9592450107756696,0.9072291655636673,0.9428438544273376,248606400
2000-03-13,AAPL,0.9156644115011489,0.9484667213084071,0.8959823849388596,0.9095720648765564,303956800
2000-03-14,AAPL,0.9088689175232862,0.931596761937447,0.8547445578687408,0.8566189408302307,428579200
2000-03-15,AAPL,0.8669286981712626,0.9016060903565633,0.8556818979200369,0.8716144561767578,443609600
2000-03-16,AAPL,0.8795808702221753,0.9147268456201935,0.8584930647504146,0.9114459753036499,378100800
2000-03-17,AAPL,0.9006685260013096,0.9372193813323975,0.8969189605484439,0.9372193813323975,305043200
2000-03-20,AAPL,0.9259736299310499,0.94659193853112,0.917538307639028,0.9222241640090942,204489600
2000-03-21,AAPL,0.9189442455656253,1.0253185783296008,0.9119155099086376,1.0117290019989014,524328000
2000-03-22,AAPL,0.9955618509853588,1.0824892893534206,0.9864236860511687,1.0810827016830444,567996800
2000-03-23,AAPL,1.06468174957119,1.1274756747083614,1.0496863870652358,1.0595273971557617,562564800
2000-03-24,AAPL,1.0679619113817955,1.0792087095219933,1.0159461832379422,1.0398454666137695,446913600
2000-03-27,AAPL,1.0318795029306636,1.0853009111018341,1.0262556541280832,1.0464062690734863,279182400
2000-03-28,AAPL,1.029067271299699,1.0646818486890555,1.0281300798256832,1.0431263446807861,202966400
2000-03-29,AAPL,1.045000815764693,1.04546931143531,1.0034113138766183,1.019227147102356,239836800
2000-03-30,AAPL,1.0014197417337414,1.0323484717315479,0.9405008749944057,0.9428438544273376,414400000
2000-03-31,AAPL,0.9554957718116796,1.0290669837655837,0.9447175723425396,1.0182896852493286,404633600
2000-04-03,AAPL,1.0159461888367685,1.0459378175524172,0.9704914013507338,0.9995450377464294,328563200
2000-04-04,AAPL,0.9943903778763773,0.9972018513206978,0.8753634937734232,0.9545585513114929,660329600
2000-04-05,AAPL,0.9482321573844117,0.9962649724435144,0.9297224755511343,0.9775209426879883,457665600
2000-04-06,AAPL,0.9793953818400866,1.0084490200412775,0.9240986789714887,0.9386263489723206,259627200
2000-04-07,AAPL,0.9540903087004559,0.9887668958446877,0.9409692268550441,0.9878298044204712,242435200
2000-04-10,AAPL,0.9873608097362093,0.995327535158983,0.9353450991353127,0.9372193813323975,212262400
2000-04-11,AAPL,0.9259740039499129,0.9362827119373527,0.8852041640237092,0.8955137729644775,541822400
2000-04-12,AAPL,0.8922334139288156,0.8922334139288156,0.7863276356780298,0.8191298842430115,941136000
2000-04-13,AAPL,0.83600077921254,0.8997318674060977,0.8135072272572689,0.8533390760421753,529827200
2000-04-14,AAPL,0.8195986931973532,0.8847355125442283,0.8172557642133166,0.8388121724128723,667620800
2000-04-17,AAPL,0.8210053543564823,0.9292540987596155,0.8177244326190112,0.928785502910614,409561600
2000-04-18,AAPL,0.9259738343297135,0.951278805732727,0.89504501317296,0.951278805732727,390924800
2000-04-19,AAPL,0.946123730486032,0.9765830574706358,0.897856562210963,0.9081661701202393,520150400
2000-04-20,AAPL,0.9273793764690387,0.9353453027792011,0.8777065328261668,0.8912962079048157,722120000
2000-04-24,AAPL,0.8622424954502886,0.9034801125526427,0.8603682130183632,0.9034801125526428,443620800
2000-04-25,AAPL,0.9156648058972663,0.9653376886960382,0.9151962098501222,0.9620568156242371,391641600
2000-04-26,AAPL,0.9494038128930998,0.9597134220195543,0.8997318524428296,0.9095720648765564,366912000
2000-04-27,AAPL,0.8786436907485397,0.9522158121107874,0.874074657825965,0.9503406286239624,326603200
2000-04-28,AAPL,0.9531528675328065,0.955964340985653,0.9095715753610546,0.9301906824111938,249580800
2000-05-01,AAPL,0.9362825291955518,0.9381577130244406,0.9137899334158498,0.9320653676986694,226195200
2000-05-02,AAPL,0.9240984294157418,0.9465919210375799,0.8809865294689881,0.8837980031967163,236432000
2000-05-03,AAPL,0.8917650710732253,0.9091034166688226,0.8369378587409864,0.8627114295959473,489798400
2000-05-04,AAPL,0.8631799535769931,0.8641171451356359,0.8289710602037473,0.8299082517623901,399515200
2000-05-05,AAPL,0.8308452154161151,0.8603682948352623,0.8301423719505413,0.8481844067573547,284076800
2000-05-08,AAPL,0.8404519297654035,0.8524015700908748,0.82475367415596,0.8256908655166626,184900800
2000-05-09,AAPL,0.8270966956819705,0.8341262323145092,0.7863277156807922,0.7905449271202087,327140800
2000-05-10,AAPL,0.7802354150490265,0.7872649525337515,0.74040357163239,0.7446216344833374,535091200
2000-05-11,AAPL,0.760085618186456,0.781641974743697,0.7422787285533936,0.7708637714385986,499744000
2000-05-12,AAPL,0.7947631016686729,0.8285025498008269,0.7855073585998011,0.8069469928741455,306913600
2000-05-15,AAPL,0.8102269615524663,0.8102269615524663,0.7507131001895151,0.7572740912437439,678932800
2000-05-16,AAPL,0.7836329007651646,0.8177241635419273,0.7703950974133312,0.7924191951751709,440451200
2000-05-17,AAPL,0.7769553409611887,0.7774239367489276,0.7525875090984864,0.7600856423377991,398092800
2000-05-18,AAPL,0.7722692778139264,0.7867960927997792,0.7544623935047016,0.7553995847702026,373777600
2000-05-19,AAPL,0.7441530636314116,0.7441530636314116,0.7001031588504985,0.7047898173332214,740667200
2000-05-22,AAPL,0.7029154722507035,0.7029154722507035,0.6448073448703084,0.6743295788764954,755507200
2000-05-23,AAPL,0.678547531766406,0.7001030336269639,0.641995766544918,0.6434015035629272,517585600
2000-05-24,AAPL,0.6462130472191557,0.6729237552392285,0.6223137634850452,0.6574597954750061,678462400
2000-05-25,AAPL,0.6635521998066415,0.694714417628754,0.644807318807904,0.6542964577674866,406750400
2000-05-26,AAPL,0.6598027207504563,0.6738609943927177,0.6391844065905778,0.64761883020401,181148800
2000-05-30,AAPL,0.6569911176698829,0.660739783022161,0.6129421224774576,0.6565225720405579,713059200
2000-05-31,AAPL,0.6513684225449339,0.6841707336725971,0.6284063242470997,0.6298120617866516,433507200
2000-06-01,AAPL,0.6129421863241997,0.6715180041391722,0.6026325797108756,0.6682379841804504,903840000
2000-06-02,AAPL,0.7029156198452166,0.7479018238966699,0.6673009827130328,0.6940117478370667,792848000
2000-06-05,AAPL,0.6996344493611195,0.7141612663688424,0.6724551480846082,0.684639036655426,323668800
2000-06-06,AAPL,0.6895600017410797,0.7254080236070498,0.6771417650969612,0.6963543891906738,525481600
2000-06-07,AAPL,0.7019780874348249,0.7272822518373809,0.6869818758304735,0.7240021824836731,337019200
2000-06-08,AAPL,0.7319690417694622,0.7385291316143031,0.6982287482946558,0.710881233215332,238526400
2000-06-09,AAPL,0.7254081177370044,0.7343119878591207,0.7076012784459629,0.717910885810852,252358400
2000-06-12,AAPL,0.7225965787441446,0.723065174467555,0.6813590539191164,0.6837019324302673,290337600
2000-06-13,AAPL,0.6837020443460283,0.7099442099998222,0.6612085449872388,0.7085384726524353,351456000
2000-06-14,AAPL,0.7099443072796733,0.7216596543644743,0.6757362586013692,0.6780791878700256,277446400
2000-06-15,AAPL,0.6841706377305556,0.7001031951959736,0.667300888668216,0.6926059126853943,248572800
2000-06-16,AAPL,0.7010402244612051,0.702915408202056,0.6677693775166101,0.6837019324302673,303564800
2000-06-19,AAPL,0.6790161829307674,0.7338434388602145,0.6733923830846267,0.7244709730148315,394004800
2000-06-20,AAPL,0.7385290880775601,0.7792981147689126,0.7375919467415281,0.7591482996940613,501390400
2000-06-21,AAPL,0.7572742975163492,0.8538076991434311,0.7544627723609693,0.8341264724731445,490000000
2000-06-22,AAPL,0.8360004298684437,0.8641169200999014,0.8031972823228927,0.8060087561607361,467712000
2000-06-23,AAPL,0.8064774841438458,0.8191299693901851,0.7619598382852326,0.7750809192657471,204965600
2000-06-26,AAPL,0.787264863589307,0.8210051581364926,0.7816419149570272,0.8116326928138733,185354400
2000-06-27,AAPL,0.8064773934762848,0.8322509568055667,0.7741436908178777,0.7760180234909058,203470400
2000-06-28,AAPL,0.7994491067835652,0.8303770378049902,0.7722697428697436,0.8163188099861145,286428800
2000-06-29,AAPL,0.7956999503997417,0.8088210283753074,0.7657083286925769,0.7685206532478333,203660800
2000-06-30,AAPL,0.7919506961750974,0.82381665884821,0.7750809487846042,0.7853905558586121,323097600
2000-07-03,AAPL,0.781641783676471,0.8144440303401594,0.781641783676471,0.7994486689567566,70828800
2000-07-05,AAPL,0.7985115838076827,0.8275652192266449,0.7610226748353344,0.7741437554359436,265216000
2000-07-06,AAPL,0.7872650951196141,0.7938260380026783,0.7441532235239833,0.7769554853439331,309545600
2000-07-07,AAPL,0.7886709002103279,0.8219426116539694,0.781642211751144,0.8163188099861145,263603200
2000-07-10,AAPL,0.8111641529550525,0.8734894886485927,0.8060088990696217,0.8566189408302307,397796000
2000-07-11,AAPL,0.8547444810267707,0.8884847727829867,0.8313138452143823,0.8538073897361755,357896000
2000-07-12,AAPL,0.8716142798099992,0.883798169133422,0.8453721182554897,0.8828610777854919,225433600
2000-07-13,AAPL,0.8772381915291306,0.9091033038561942,0.8210051987200079,0.8472473621368408,445659200
2000-07-14,AAPL,0.8566190250776661,0.8847354730065666,0.8528703588919143,0.8650542497634888,190276800
2000-07-17,AAPL,0.8734892332965559,0.8819236538398643,0.8566186904100549,0.8744264245033264,260002400
2000-07-18,AAPL,0.8772380784357843,0.8828610266211057,0.8528702010952267,0.8584931492805481,318404800
2000-07-19,AAPL,0.8275649748881602,0.8519327960653023,0.7760178591462195,0.7900760769844055,457872800
2000-07-20,AAPL,0.8247536966269395,0.8556816630610748,0.8116326167960431,0.8266280293464661,465572800
2000-07-21,AAPL,0.8151470251288956,0.8341262027606517,0.7938257698675444,0.8031973838806152,196235200
2000-07-24,AAPL,0.7882019392748489,0.792887746095273,0.7122869335633194,0.7300946712493896,412171200
2000-07-25,AAPL,0.7544625167812747,0.7591483237156021,0.7357176372966459,0.750713050365448,211607200
2000-07-26,AAPL,0.747432980506124,0.7685207884843911,0.7385291114466523,0.750713050365448,210470400
2000-07-27,AAPL,0.7497759029667814,0.7985115581439202,0.7479015701975423,0.7797666788101196,294985600
2000-07-28,AAPL,0.7839848372641314,0.7872649075002297,0.7029154678042981,0.7244709730148315,237893600
2000-07-31,AAPL,0.7371234255691239,0.774143790553157,0.7310319311896529,0.7619598507881165,155299200
2000-08-01,AAPL,0.7544627060391657,0.7671143929408354,0.738529296707628,0.7394664883613586,137284000
2000-08-02,AAPL,0.7347806383062292,0.7488388626803978,0.7076013311051635,0.7085384726524353,162355200
2000-08-03,AAPL,0.6832333269788728,0.7207222856946464,0.6635521567170078,0.7197850942611694,339897600
2000-08-04,AAPL,0.74180992125731,0.7685206735405967,0.6944800098419273,0.7104125618934631,263121600
2000-08-07,AAPL,0.7179107295531655,0.7357175649684397,0.7076011244322252,0.7188478708267212,187348000
2000-08-08,AAPL,0.718848068822112,0.7197852103537886,0.6944802367213286,0.7010403275489807,176674400
2000-08-09,AAPL,0.721659836626444,0.7263456462942364,0.7085387486877813,0.7122873663902283,379640800
2000-08-10,AAPL,0.7197850532837403,0.72634519273281,0.7104126389530449,0.7132241129875183,251714400
2000-08-11,AAPL,0.702446907651501,0.7197852020315628,0.6832334292765239,0.7150993943214417,238056000
2000-08-14,AAPL,0.7136929195880518,0.7150994578681011,0.6944802904060373,0.7057270407676697,156660000
2000-08-15,AAPL,0.708538438294764,0.7188480459269648,0.6972916891607343,0.7001031637191772,114200800
2000-08-16,AAPL,0.7029155994659161,0.7347807179637529,0.7019784077640847,0.7272825837135315,143673600
2000-08-17,AAPL,0.7254080323961835,0.7863276770408445,0.7244708910289034,0.7713322639465332,270900000
2000-08-18,AAPL,0.7703952206744243,0.7769553111865856,0.7479016727187642,0.7497760057449341,190176000
2000-08-21,AAPL,0.7535245745261164,0.7732066467356595,0.7441530100884296,0.7572740912437439,134467200
2000-08-22,AAPL,0.759148363986086,0.7919506660137581,0.7553997482715411,0.7750809192657471,276802400
2000-08-23,AAPL,0.7718009767082736,0.8210052355329145,0.7657085808644697,0.8144442439079285,236863200
2000-08-24,AAPL,0.8198329415941444,0.8491216793767362,0.8003860165495715,0.8413892984390259,310766400
2000-08-25,AAPL,0.8472474235562847,0.862242789286533,0.8453722395323919,0.8519331812858582,334460000
2000-08-28,AAPL,0.8584932238572829,0.8847353861706213,0.8556817495203913,0.87067711353302,359004800
2000-08-29,AAPL,0.8678657846502231,0.8912964765536482,0.865054309842129,0.8875479102134705,267030400
2000-08-30,AAPL,0.8847351222789257,0.8997313827717335,0.8802836142311153,0.8922332525253296,285392800
2000-08-31,AAPL,0.8842665637647322,0.9222241103895296,0.8837979681443819,0.913789689540863,419596800
2000-09-01,AAPL,0.9194128931798156,0.9540902801330151,0.9166014187795274,0.951278805732727,256872000
2000-09-05,AAPL,0.9395634865430359,0.9615875863616812,0.9334710412003085,0.9362825155258179,298642400
2000-09-06,AAPL,0.9203501804251408,0.9353456480728237,0.865991560149326,0.8763011693954468,355404000
2000-09-07,AAPL,0.8866102940334614,0.9381574111358165,0.8734892169605617,0.9297221899032593,217464800
2000-09-08,AAPL,0.924098602919018,0.924098602919018,0.8772381292743042,0.8828610777854919,195518400
2000-09-11,AAPL,0.8800498360955108,0.9053548128833863,0.8716145101464577,0.8763011693954468,187381600
2000-09-12,AAPL,0.8598997504055645,0.900668778180206,0.8547444968879296,0.8659912943840027,187997600
2000-09-13,AAPL,0.8509959214342588,0.8922334443248825,0.8509959214342588,0.8697399497032166,305984000
2000-09-14,AAPL,0.8781752582629054,0.8941078139786611,0.8519330955835948,0.8526360392570496,426552000
2000-09-15,AAPL,0.865991317491143,0.8725522581987681,0.8135069952189525,0.8282681107521057,394514400
2000-09-18,AAPL,0.8285026311486492,0.910977752306559,0.8256911561827168,0.9095720648765564,424536000
2000-09-19,AAPL,0.8959821375759782,0.9072288351821355,0.8781752000525612,0.898794412612915,271510400
2000-09-20,AAPL,0.8908277806259188,0.9212872061795951,0.8781752945110127,0.9154300093650818,227388000
2000-09-21,AAPL,0.8772382091080717,0.8941078570240861,0.828502497220295,0.8500588536262512,510490400
2000-09-22,AAPL,0.7544624541410372,0.7863276104173157,0.7497758467486363,0.7825789451599121,726700800
2000-09-25,AAPL,0.7910135401772165,0.8322511194240637,0.7807047835406923,0.8022603392601013,435551200
2000-09-26,AAPL,0.7994487573476465,0.8210051110189522,0.7703951225792531,0.7713322639465332,290936800
2000-09-27,AAPL,0.7760182290536084,0.791013595151263,0.723533897129264,0.7338435053825378,402259200
2000-09-28,AAPL,0.7394664034465509,0.8069469476790804,0.7216595138056721,0.8022603392601013,979585600
2000-09-29,AAPL,0.42268609788574485,0.4348700383793192,0.38051137743119595,0.3861343264579773,7421640800
2000-10-02,AAPL,0.40019348601176385,0.4011306526659348,0.35239495844478236,0.3636417090892792,2424788800
2000-10-03,AAPL,0.37395116765452274,0.37488833393164406,0.3327127732051945,0.3345879316329956,2038120000
2000-10-04,AAPL,0.33552520410977293,0.35614354444724045,0.32802707067242376,0.35426923632621765,1466024000
2000-10-05,AAPL,0.35239478619767456,0.36739017110277666,0.32990124585033925,0.3308384120464325,873006400
2000-10-06,AAPL,0.34021099735845767,0.34395963874193825,0.31490599750241344,0.33271288871765137,612656800
2000-10-09,AAPL,0.33927379290421816,0.34302240856648075,0.3167802469714539,0.3261527121067047,597564800
2000-10-10,AAPL,0.32427829939239244,0.33646221076069505,0.30740773116051573,0.31303155422210693,691101600
2000-10-11,AAPL,0.30178486022980155,0.31490594110935816,0.28678947150739403,0.29428672790527344,1198422400
2000-10-12,AAPL,0.30459641816338323,0.312094552547241,0.2924125003722305,0.29991063475608826,1191064000
2000-10-13,AAPL,0.3036590907715695,0.3317755782425258,0.29991047604013504,0.3308384120464325,1247752800
2000-10-16,AAPL,0.3345880324604564,0.34864628164784645,0.32052893237277996,0.3224041163921356,820176000
2000-10-17,AAPL,0.32521546513393057,0.3289641048942678,0.29522467027778804,0.30178478360176086,601720000
2000-10-18,AAPL,0.29147517961749386,0.31584302734636516,0.2811655756332268,0.30178478360176086,834265600
2000-10-19,AAPL,0.2872579651027265,0.29709897333257385,0.27460545832358074,0.2839778959751129,1506724800
2000-10-20,AAPL,0.2858524313691697,0.30553363593404487,0.28397809767171767,0.29241254925727844,791263200
2000-10-23,AAPL,0.3038935228192486,0.30834588383434897,0.2914753081846896,0.3055335581302643,551292000
2000-10-24,AAPL,0.3102201564961369,0.3130316560043471,0.28210368485186227,0.283040851354599,804451200
2000-10-25,AAPL,0.28585233350907924,0.28772664153838473,0.2764798924093377,0.27741703391075134,663969600
2000-10-26,AAPL,0.28210369242399,0.28304085895188186,0.2624216436966151,0.27741703391075134,721851200
2000-10-27,AAPL,0.2830409168165758,0.28772670036103704,0.2680446476098765,0.2783542573451996,744503200
2000-10-30,AAPL,0.28678955289021374,0.2989734707925607,0.2811657268126527,0.28960102796554565,639189600
2000-10-31,AAPL,0.29616194921427347,0.30365920656245493,0.2886638159393323,0.29334962368011475,885880800
2000-11-01,AAPL,0.2914753266417272,0.3130317116803052,0.2914753266417272,0.3074078857898712,575366400
2000-11-02,AAPL,0.3167801956999882,0.33646223916076673,0.31584305444933836,0.3345879316329956,590693600
2000-11-03,AAPL,0.3448967051207274,0.3448967051207274,0.32896415174031823,0.3336499333381653,515821600
2000-11-06,AAPL,0.3364622498325987,0.3392737487531371,0.31303159057310964,0.321466863155365,393478400
2000-11-07,AAPL,0.32240405585742166,0.3270898377223326,0.3120944498174269,0.3195917308330536,301963200
2000-11-08,AAPL,0.3205289060545669,0.32146692343736855,0.297099068275061,0.30084770917892456,422088800
2000-11-09,AAPL,0.29803628821623696,0.3074078796436341,0.2858523709628997,0.30272209644317627,476834400
2000-11-10,AAPL,0.2903037013816346,0.2980361035358817,0.28585219383239746,0.28585219383239746,422251200
2000-11-13,AAPL,0.2811656040489554,0.29991050654499085,0.2736683487970474,0.2905380427837372,431816000
2000-11-14,AAPL,0.298973447387425,0.30740787195313174,0.2933496467766059,0.30365923047065735,409001600
2000-11-15,AAPL,0.3003791813217686,0.30272208534937833,0.2886638353098628,0.29803627729415894,282357600
2000-11-16,AAPL,0.29241236974139245,0.2970990019554115,0.283040782086936,0.28491508960723877,239372000
2000-11-17,AAPL,0.28772664153838473,0.28866380806627656,0.2736684178521403,0.27741703391075134,446180000
2000-11-20,AAPL,0.2788226936342938,0.29241234157006996,0.2736683171669503,0.2839778959751129,408066400
2000-11-21,AAPL,0.28772660614519,0.29241241318177086,0.281165640409709,0.28210365772247314,301952000
2000-11-22,AAPL,0.28210369242399,0.28678950003697107,0.27554272588144585,0.27741703391075134,280532000
2000-11-24,AAPL,0.28280661318250505,0.29241250304087757,0.2821037444136721,0.28960102796554565,160932800
2000-11-27,AAPL,0.29803617716503766,0.29897334346652443,0.2774169668910566,0.28022846579551697,258792800
2000-11-28,AAPL,0.2802285513971921,0.28491518518336434,0.26898262742346407,0.2703883647918701,269124800
2000-11-29,AAPL,0.27132553586751984,0.27460558143922786,0.2586730234157936,0.26335883140563965,492150400
2000-11-30,AAPL,0.25023777634079175,0.2549235598317487,0.24180247511427463,0.24742630124092102,809597600
2000-12-01,AAPL,0.2549235330588415,0.26242166678909545,0.2521120582542411,0.2558615505695343,385705600
2000-12-04,AAPL,0.25773577993140667,0.25773577993140667,0.24648903325265922,0.25023767352104187,371520800
2000-12-05,AAPL,0.25398632154189116,0.261484428181122,0.24555187442396603,0.2549234628677368,613978400
2000-12-06,AAPL,0.21930974168585213,0.22493269043177977,0.20993730120027865,0.2146231085062027,1374464000
2000-12-07,AAPL,0.2164982673128883,0.22305838252529606,0.20993730120027865,0.2146231085062027,408917600
2000-12-08,AAPL,0.2221211646489208,0.2296192954925698,0.21649821720442308,0.2258698046207428,435624000
2000-12-11,AAPL,0.22774419188499448,0.23055651718352146,0.22305838453681429,0.2277441918849945,332511200
2000-12-12,AAPL,0.22868130442409337,0.23992807652225873,0.2249326640247389,0.23055648803710938,386260000
2000-12-13,AAPL,0.23336796889485867,0.23336796889485867,0.22305836285208744,0.22493267059326172,344887200
2000-12-14,AAPL,0.22540127411871072,0.2286813190361855,0.2164982557296753,0.2164982557296753,263317600
2000-12-15,AAPL,0.21837262194876145,0.22024695528280883,0.2099373461246099,0.2108745127916336,513945600
2000-12-18,AAPL,0.2183725170019629,0.21930968321859753,0.2090000915282861,0.21368588507175446,325808000
2000-12-19,AAPL,0.21556022248563522,0.22868130213913673,0.20993727445602417,0.20993727445602417,374007200
2000-12-20,AAPL,0.20665723648770207,0.21930973414439492,0.20431433291530604,0.21556024253368378,565331200
2000-12-21,AAPL,0.21368598776622277,0.2249327385649635,0.20806302530380347,0.2108745127916336,366844800
2000-12-22,AAPL,0.21181159042549186,0.22493267059326172,0.21181159042549186,0.22493267059326172,318052000
2000-12-26,AAPL,0.2230583854588278,0.2249326933899613,0.21368594484999356,0.22024691104888916,216815200
2000-12-27,AAPL,0.21509164344076473,0.22212117910385132,0.2127487401775985,0.22212117910385132,325466400
2000-12-28,AAPL,0.215560214082809,0.22399551172497323,0.21462307279872042,0.22212117910385132,305177600
2000-12-29,AAPL,0.22024683963302455,0.2249326204547147,0.21743536613471673,0.2230583131313324,630336000
2001-01-02,AAPL,0.2230583131313324,0.22868126012794807,0.2183725072831735,0.2230583131313324,452312000
2001-01-03,AAPL,0.21743545551118174,0.25023773665208254,0.21649828895103554,0.2455519288778305,817073600
2001-01-04,AAPL,0.2720284066227997,0.2774170583227904,0.2521120582542411,0.2558615505695343,739396000
2001-01-05,AAPL,0.25398637786618833,0.26054734463454066,0.2408652952297706,0.2455519288778305,412356000
2001-01-08,AAPL,0.2539863188901701,0.2546891873904528,0.238990906615418,0.24836334586143494,373699200
2001-01-09,AAPL,0.25211198983876754,0.2645302011071499,0.24836334944107302,0.2577357888221741,588929600
2001-01-10,AAPL,0.2502376785465044,0.2549234602062316,0.24086523930048745,0.24836334586143494,580781600
2001-01-11,AAPL,0.24367756410353122,0.27741697893016115,0.24367756410353122,0.2699197232723236,803734400
2001-01-12,AAPL,0.26804454365921554,0.2699197272714012,0.2558614811365636,0.2577357888221741,423376800
2001-01-16,AAPL,0.26148443665519644,0.2736683754508747,0.2549234711291864,0.256798654794693,306118400
2001-01-17,AAPL,0.26335880491160835,0.26335880491160835,0.24742624849099748,0.2521120309829712,840873600
2001-01-18,AAPL,0.2671073867805382,0.2811656070705317,0.2642958878760778,0.28022846579551697,1227010400
2001-01-19,AAPL,0.2914753824085524,0.29334971610600447,0.2802286294292381,0.29241254925727844,776664000
2001-01-22,AAPL,0.2858522709842129,0.2942866928109321,0.276479831934518,0.28866374492645264,519327200
2001-01-23,AAPL,0.2896010183293659,0.31396885332324487,0.2858523766781614,0.3074078857898712,879530400
2001-01-24,AAPL,0.30928307002910066,0.31022021167204034,0.29334965998057044,0.3074078857898712,717091200
2001-01-25,AAPL,0.30834588302090415,0.30834588302090415,0.2961619663276269,0.2989734411239624,489708800
2001-01-26,AAPL,0.2924124571266625,0.2970990907412469,0.28585234130545445,0.29334962368011475,482820800
2001-01-29,AAPL,0.29334961388934433,0.3261527446013972,0.29334961388934433,0.32521557807922363,855528800
2001-01-30,AAPL,0.32334121282029443,0.32990132776896736,0.31303163130919126,0.3261527121067047,692423200
2001-01-31,AAPL,0.3224041358460562,0.3373995274713264,0.32146696922997275,0.32427844405174255,730704800
2001-02-01,AAPL,0.31022015373808687,0.32240409398614406,0.3074078283811226,0.3167802691459656,369695200
2001-02-02,AAPL,0.3167803667038644,0.3289643107041743,0.3074079230526181,0.3092831075191498,427341600
2001-02-05,AAPL,0.3074078796436341,0.30834589719468736,0.29616197994135013,0.30272209644317627,286115200
2001-02-06,AAPL,0.3022534502016124,0.3207632079773278,0.29991057150531636,0.3167802691459656,462711200
2001-02-07,AAPL,0.30975166776340507,0.3130317388781294,0.2970991533191976,0.3111574053764343,393887200
2001-02-08,AAPL,0.3083459301503758,0.3158432141041879,0.30272212879779875,0.3111574053764343,604128000
2001-02-09,AAPL,0.30740794231424945,0.3120946023970175,0.2802286273410137,0.28678959608078003,590083200
2001-02-12,AAPL,0.28585234434957213,0.2999105935954314,0.28210370312232175,0.29522478580474854,274120000
2001-02-13,AAPL,0.29897351581802756,0.3064708004989936,0.28491526239729525,0.28678959608078003,237070400
2001-02-14,AAPL,0.28772674004013504,0.2942868579282438,0.27741712888305997,0.29241254925727844,309120000
2001-02-15,AAPL,0.29522476033636774,0.30834584188686814,0.29522476033636774,0.30084770917892456,311416000
2001-02-16,AAPL,0.28491508960723877,0.29241236974139245,0.28116559864013535,0.28491508960723877,263911200
2001-02-20,AAPL,0.28772665502344796,0.2914752962842271,0.27273126410651344,0.27460557222366333,314893600
2001-02-21,AAPL,0.2736684105064292,0.29897340766897107,0.2736684105064292,0.283040851354599,390258400
2001-02-22,AAPL,0.28585229834644277,0.2905380803565485,0.26991974356427517,0.28210365772247314,431961600
2001-02-23,AAPL,0.27929133261096173,0.2830408241350843,0.2736683841882448,0.28210365772247314,293865600
2001-02-26,AAPL,0.2858524313691697,0.29522487567751876,0.278354295731786,0.29241254925727844,206438400
2001-02-27,AAPL,0.28913230585984995,0.2914752090751526,0.2802284627840118,0.2905380427837372,348516000
2001-02-28,AAPL,0.2905381060542664,0.29147527254976874,0.2717940754028552,0.27366840839385986,508233600
2001-03-01,AAPL,0.2671073798953797,0.28116559982299805,0.2577357671750256,0.28116559982299805,330461600
2001-03-02,AAPL,0.27460549928870975,0.3064706308293394,0.2736683579922783,0.28866374492645264,406201600
2001-03-05,AAPL,0.29053814157461194,0.3074078663239391,0.28866383338093715,0.3055335581302643,324172800
2001-03-06,AAPL,0.31068877109034265,0.3308385403485104,0.31022017529733587,0.3224041163921356,731802400
2001-03-07,AAPL,0.31959176328430405,0.32427839652522095,0.3111573150286741,0.3186545968055725,419540800
2001-03-08,AAPL,0.31022008760538644,0.31678020161478043,0.30647062157980565,0.31209442019462585,204859200
2001-03-09,AAPL,0.3092830561079572,0.31022019770871523,0.2999106140146638,0.30365923047065735,299135200
2001-03-12,AAPL,0.29522483190984994,0.2980363070127345,0.27179413754965553,0.27929142117500305,391020000
2001-03-13,AAPL,0.2830408666715766,0.29334962368011475,0.2727312587627575,0.29334962368011475,443329600
2001-03-14,AAPL,0.27741700176833545,0.3074078037482565,0.276479860375502,0.306470662355423,477775200
2001-03-15,AAPL,0.31303167627785816,0.32052893370587987,0.29522478580474854,0.29522478580474854,529317600
2001-03-16,AAPL,0.2849151386380674,0.30459633450731577,0.28304083079521647,0.29428672790527344,470316000
2001-03-19,AAPL,0.2961619100999507,0.30928299090973677,0.2924124185075378,0.30834582448005676,356008800
2001-03-20,AAPL,0.3106887723825168,0.31396881781481145,0.29522478580474854,0.29522478580474854,499206400
2001-03-21,AAPL,0.2966304070596058,0.31303155378272957,0.2905380134207922,0.30178478360176086,371375200
2001-03-22,AAPL,0.30553356008828136,0.3261527772839094,0.30272208526651156,0.32427844405174255,723301600
2001-03-23,AAPL,0.33083857260954963,0.35333209884701056,0.3299014059586291,0.3448968231678009,944888000
2001-03-26,AAPL,0.3468466960285361,0.3561435579722067,0.3168550620934301,0.32660287618637085,734451200
2001-03-27,AAPL,0.3290019594278447,0.345646616963898,0.3284015242580386,0.34294766187667847,543821600
2001-03-28,AAPL,0.3311012405097348,0.3373993512554216,0.3224039674618947,0.3324507176876068,584662400
2001-03-29,AAPL,0.32645252484241893,0.351645004494596,0.3224041164642569,0.3378487825393677,613065600
2001-03-30,AAPL,0.33814925870167195,0.3406979042022569,0.3200039678640072,0.33095094561576843,400349600
2001-04-02,AAPL,0.3312507869044764,0.3397986041680569,0.3209042418661702,0.3237535059452057,340911200
2001-04-03,AAPL,0.3203047742075256,0.3209043586928737,0.30185968045409484,0.30350980162620544,368687200
2001-04-04,AAPL,0.2963115007050199,0.3036593022365928,0.28116577125147735,0.29241254925727844,685484800
2001-04-05,AAPL,0.3089076109881697,0.3373994518265043,0.299910543204918,0.31295686960220337,446762400
2001-04-06,AAPL,0.31190716593542483,0.31550549731421557,0.298410714149209,0.30875810980796814,324889600
2001-04-09,AAPL,0.31025710772218246,0.3200040694013845,0.30080991317796396,0.30800825357437134,266582400
2001-04-10,AAPL,0.3134061982986544,0.3403982571492471,0.31160661926053845,0.3305009603500366,457374400
2001-04-11,AAPL,0.34459687877252293,0.34489667086144427,0.3191046157054615,0.3269025385379791,334096000
2001-04-12,AAPL,0.3212041343187002,0.3451966221313179,0.31715570044111807,0.336199551820755,298933600
2001-04-16,AAPL,0.33125087067835524,0.3358997396344171,0.3128066298754874,0.3215039074420929,285224800
2001-04-17,AAPL,0.317904673670042,0.31805498267594207,0.29391219298200977,0.30590885877609253,685199200
2001-04-18,AAPL,0.32345374394235377,0.36109213511000965,0.3161059209706015,0.3417476713657379,1100842400
2001-04-19,AAPL,0.3831355842607032,0.38613430672758986,0.35389467414746933,0.3856850564479828,1873670400
2001-04-20,AAPL,0.373838535306107,0.3843354107815458,0.36888990211253914,0.3754878044128418,693403200
2001-04-23,AAPL,0.3649911870267963,0.37488848476025755,0.35989221659870485,0.3636417090892792,541525600
2001-04-24,AAPL,0.3648406474038058,0.3711387577144833,0.35254419378886936,0.3603421151638031,377137600
2001-04-25,AAPL,0.36304112662572646,0.3727889115363227,0.3534444765654766,0.3706895411014557,330780800
2001-04-26,AAPL,0.3774370760135868,0.39138280643092993,0.3700892766020912,0.37023958563804626,799696800
2001-04-27,AAPL,0.3778871697745062,0.3942320633271252,0.37113895489263615,0.3928825855255127,453012000
2001-04-30,AAPL,0.400380627224367,0.4066787648599281,0.3729384718838721,0.38223618268966675,494776800
2001-05-01,AAPL,0.38103616060982193,0.3973810252316031,0.3778870795072107,0.38883405923843384,427252000
2001-05-02,AAPL,0.3949819940760237,0.40038073166654126,0.3862847161862057,0.39873063564300537,368524800
2001-05-03,AAPL,0.3894337787473447,0.3936325216406074,0.370839202925857,0.37428805232048035,301543200
2001-05-04,AAPL,0.3634913453986052,0.3876341382446338,0.3592926031691181,0.3861343264579773,281052800
2001-05-07,AAPL,0.38418535013076627,0.3862847215773976,0.3724884730985253,0.37428805232048035,276550400
2001-05-08,AAPL,0.380136847310494,0.3816357831354101,0.35914311162703766,0.3684399724006653,315436800
2001-05-09,AAPL,0.3619916313202003,0.36814026274721384,0.35494444905469236,0.359592467546463,324889600
2001-05-10,AAPL,0.36304129751155434,0.36739034940526183,0.3441469296775832,0.3448968231678009,288976800
2001-05-11,AAPL,0.34504719339716233,0.35224468560647154,0.34129855115527424,0.3426480293273926,203044800
2001-05-14,AAPL,0.34324758329906213,0.3550939193923964,0.3411482116907761,0.34924590587615967,309220800
2001-05-15,AAPL,0.35044505467952314,0.38238575329894897,0.3454972440655522,0.3475966155529022,237025600
2001-05-16,AAPL,0.34879573906616385,0.367390312827532,0.3426479344566806,0.36139199137687683,322330400
2001-05-17,AAPL,0.36334194996779023,0.36484091121609363,0.34864634861665483,0.35314488410949707,332119200
2001-05-18,AAPL,0.35029554533784973,0.35449431302542833,0.34669638709295075,0.35284504294395447,159051200
2001-05-21,AAPL,0.3543439090050323,0.35854267586370975,0.3456466331917122,0.3532942235469818,460997600
2001-05-22,AAPL,0.3598921657614948,0.36184207876864427,0.3508950968663506,0.3523949086666107,412916000
2001-05-23,AAPL,0.3561435377830506,0.3561435377830506,0.34279741710320444,0.34834563732147217,281041600
2001-05-24,AAPL,0.34924584512865453,0.34939532828955355,0.3391990901433691,0.34789636731147766,271756800
2001-05-25,AAPL,0.3478963061202276,0.3492457837000457,0.33739945175089553,0.3412984013557434,158743200
2001-05-29,AAPL,0.33469971729270365,0.3373994987016997,0.31205671065397556,0.32195398211479187,515989600
2001-05-30,AAPL,0.31130684410029275,0.31130684410029275,0.2894137289720698,0.2966112196445465,777078400
2001-05-31,AAPL,0.2969109495934383,0.30350970536160066,0.29226293249528873,0.2991606295108795,442892800
2001-06-01,AAPL,0.3018595985654533,0.31625542845260884,0.2996107694449715,0.3132566809654236,456075200
2001-06-04,AAPL,0.3161059501146209,0.3165552254266093,0.30680826360291885,0.30980783700942993,281920800
2001-06-05,AAPL,0.31190725525317387,0.31640579017008036,0.30515903994088395,0.31400662660598755,471794400
2001-06-06,AAPL,0.3138562519661471,0.3138562519661471,0.30485918401275897,0.31085750460624695,223176800
2001-06-07,AAPL,0.3105568584942754,0.32540276256088246,0.3066587350410942,0.3248032033443451,325180800
2001-06-08,AAPL,0.32465292981570304,0.32465292981570304,0.3105569163630334,0.3197042942047119,342624800
2001-06-11,AAPL,0.315655862376106,0.3159556545547814,0.2991606605323144,0.30051013827323914,294000000
2001-06-12,AAPL,0.29646177964211073,0.31025720360129766,0.29631147057806906,0.30455949902534485,303794400
2001-06-13,AAPL,0.3212040826570535,0.3258529511416392,0.300809930724462,0.3069585859775543,511487200
2001-06-14,AAPL,0.3005101551543315,0.3066588107472522,0.29646172170413726,0.2981109917163849,297348800
2001-06-15,AAPL,0.30141036276727495,0.31115732491104864,0.29016358884451615,0.30650848150253296,454624800
2001-06-18,AAPL,0.30605841964105074,0.3126563259768739,0.2999106145635858,0.3048592507839203,345912000
2001-06-19,AAPL,0.3126561786808206,0.3209041771202705,0.30005993134550096,0.30275973677635193,321087200
2001-06-20,AAPL,0.299910549762188,0.3276524979128586,0.2996107576126812,0.3249526917934418,431620000
2001-06-21,AAPL,0.3231530936849962,0.3448967199233063,0.31640570604063656,0.33724913001060486,341331200
2001-06-22,AAPL,0.3370996813891951,0.3448967552290151,0.32630218327916743,0.3338003158569336,286025600
2001-06-25,AAPL,0.3373994314484807,0.3598920995481129,0.33664953819955595,0.3597426414489746,439549600
2001-06-26,AAPL,0.34999587608469324,0.356443475508532,0.3450472382279439,0.35614368319511414,272781600
2001-06-27,AAPL,0.3573434652697113,0.3598920861463291,0.33739941888428654,0.3499956429004669,374130400
2001-06-28,AAPL,0.34564661437736577,0.35854265634740184,0.34399734471125665,0.3529944121837616,348409600
2001-06-29,AAPL,0.35479399681476415,0.3763872879379273,0.3478962754882586,0.3486461937427521,515390400
2001-07-02,AAPL,0.35449427209080814,0.3633418576404201,0.3469961392322643,0.35839322209358215,230048000
2001-07-03,AAPL,0.3525442891716782,0.36259189232173233,0.35239483107794944,0.35749292373657227,112543200
2001-07-05,AAPL,0.35389466941762565,0.3564432906706417,0.3450470592997043,0.34774601459503174,152292000
2001-07-06,AAPL,0.3412983359155092,0.3442970826430534,0.32570251545997125,0.3303513824939728,302920800
2001-07-09,AAPL,0.3312508777727186,0.34489681679699086,0.32510307266471417,0.34039828181266785,337467200
2001-07-10,AAPL,0.3441468118673422,0.3459463904530454,0.31250674315253724,0.3170052766799927,395270400
2001-07-11,AAPL,0.3153560695094987,0.3381493846770639,0.31490596830558215,0.3379990756511688,470506400
2001-07-12,AAPL,0.34939535022753293,0.37203918499362537,0.34939535022753293,0.36529096961021423,614801600
2001-07-13,AAPL,0.3618419684289987,0.3750377755678001,0.35749289343426394,0.37263861298561096,454742400
2001-07-16,AAPL,0.3730887557035298,0.3763872949196883,0.3585426437320224,0.35929253697395325,278667200
2001-07-17,AAPL,0.35959230366873435,0.37818684678348535,0.3450469935728872,0.37638726830482483,647830400
2001-07-18,AAPL,0.32660290309831785,0.34159829585131934,0.30620874750827215,0.31175696849823,1137012800
2001-07-19,AAPL,0.3183547413169787,0.3212040051400122,0.2961618666930498,0.29931092262268066,861140000
2001-07-20,AAPL,0.295411938065387,0.3008098475412889,0.2922628822465966,0.2996107041835785,444584000
2001-07-23,AAPL,0.30126003294414694,0.30740783731769056,0.292562756230312,0.2930128574371338,241360000
2001-07-24,AAPL,0.29076310184716425,0.2987104831125148,0.2808658331072743,0.286264568567276,348376000
2001-07-25,AAPL,0.28671465001293583,0.2894136046212366,0.26946956036714886,0.2769668400287628,443878400
2001-07-26,AAPL,0.2771172087004966,0.281915534354086,0.2676700154896159,0.2787664532661438,369140800
2001-07-27,AAPL,0.28116564046186227,0.2886637726113453,0.2774169998371973,0.28431472182273865,334135200
2001-07-30,AAPL,0.28671480635929775,0.2903131391747117,0.277567426450295,0.2838655412197113,243359200
2001-07-31,AAPL,0.2889635150789765,0.291213194591226,0.27756728615477266,0.28176602721214294,235026400
2001-08-01,AAPL,0.2850646898054139,0.2966112327232532,0.28416531313439414,0.2858145833015442,304136000
2001-08-02,AAPL,0.2946620608355751,0.2979605999441333,0.28881404996234017,0.29721155762672424,252089600
2001-08-03,AAPL,0.2982614143924085,0.2984108725711836,0.2849152645204437,0.29241254925727844,186054400
2001-08-06,AAPL,0.2855147433780141,0.2948116042542714,0.2849151590308378,0.2868642210960388,99652000
2001-08-07,AAPL,0.2898637392655701,0.2949618569912218,0.2846153125449291,0.28866374492645264,168548800
2001-08-08,AAPL,0.28881414434832703,0.2954120505952615,0.2780166445099275,0.28341540694236755,276169600
2001-08-09,AAPL,0.2843147020756554,0.28716396606702915,0.2807163707103175,0.28566500544548035,200664800
2001-08-10,AAPL,0.2855146632575978,0.289713404257104,0.27876642566091386,0.2852148711681366,186961600
2001-08-13,AAPL,0.28641405168158846,0.2898637255406105,0.28131593419733103,0.286264568567276,147996800
2001-08-14,AAPL,0.2879140366996161,0.2903132010458498,0.27996664995131787,0.28086602687835693,228950400
2001-08-15,AAPL,0.2813160160055094,0.28401497158360084,0.27291850618159047,0.27651768922805786,289279200
2001-08-16,AAPL,0.27396810967810964,0.28116559768733324,0.26946957643815084,0.2796666622161865,288092000
2001-08-17,AAPL,0.269919824319776,0.2766671892604095,0.2697694902389464,0.2709695100784302,208426400
2001-08-20,AAPL,0.272019204794399,0.2733686828322591,0.2670705430464603,0.2717185616493225,252302400
2001-08-21,AAPL,0.27201909306935634,0.27201909306935634,0.2654203378752381,0.26871970295906067,185701600
2001-08-22,AAPL,0.26901953156963404,0.27366839979408536,0.2640708962094875,0.2730688154697418,173975200
2001-08-23,AAPL,0.27291851460029526,0.2750178858644145,0.2636216529479781,0.2670705020427704,217078400
2001-08-24,AAPL,0.2699197061959628,0.27921656490095853,0.2646712546730669,0.27846667170524597,290332000
2001-08-27,AAPL,0.2789168615717576,0.28941371790557235,0.2723189555724778,0.2837151885032654,175644000
2001-08-28,AAPL,0.28341533408472536,0.28701449143012886,0.2759172022342682,0.2759172022342682,171735200
2001-08-29,AAPL,0.27651765593419414,0.28236566760720094,0.2673702538013458,0.2673702538013458,239971200
2001-08-30,AAPL,0.26602077617478276,0.2726186811678136,0.2591222531547819,0.2673702538013458,368692800
2001-08-31,AAPL,0.26587054710359276,0.2789169028991407,0.26467137812994707,0.2781670093536377,216904800
2001-09-04,AAPL,0.27741702432291465,0.2861143258205768,0.27261869782993353,0.27366840839385986,348213600
2001-09-05,AAPL,0.27351813986940515,0.2841653318437128,0.2717185605349878,0.2781670093536377,360057600
2001-09-06,AAPL,0.27591726128755456,0.28386549597572214,0.2646713374551349,0.26572102308273315,282368800
2001-09-07,AAPL,0.2624215575252863,0.2714186235246469,0.257923024525606,0.25912219285964966,241830400
2001-09-10,AAPL,0.2549235244401364,0.26242165791688604,0.2537243806738202,0.2604725956916809,308845600
2001-09-17,AAPL,0.23992807494761836,0.25597317272154424,0.2358796424477207,0.2547740042209625,458007200
2001-09-18,AAPL,0.253424537182651,0.265720970062962,0.24247755683153943,0.2441268265247345,327101600
2001-09-19,AAPL,0.24742626762887843,0.25642333709700454,0.23392981252638292,0.25522416830062866,373318400
2001-09-20,AAPL,0.24427722821934933,0.2541745269077585,0.23243089198715183,0.23512984812259674,411174400
2001-09-21,AAPL,0.22193399869822253,0.24367763017756647,0.22013439457493342,0.23587970435619354,570516800
2001-09-24,AAPL,0.2415782217419665,0.2525243530653292,0.23917823248395442,0.24667634069919586,294537600
2001-09-25,AAPL,0.24202752346405582,0.24322751822383543,0.23018118840949367,0.23303045332431793,374404800
2001-09-26,AAPL,0.23707884839423143,0.23827884295797183,0.22388301253537685,0.22718240320682526,493796800
2001-09-27,AAPL,0.22868137324963494,0.23617950720513656,0.22793233066970328,0.23258034884929657,322240800
2001-09-28,AAPL,0.23557992277045556,0.23857867081773756,0.23078076967137656,0.23258034884929657,365108800
2001-10-01,AAPL,0.23228055983369172,0.23977866886606553,0.22838160920676842,0.23303045332431793,208208000
2001-10-02,AAPL,0.23138112984912743,0.2373794505179782,0.22313310420034516,0.2256826013326645,235883200
2001-10-03,AAPL,0.22418283725072938,0.2303314932640789,0.22238325808076478,0.22463296353816986,683043200
2001-10-04,AAPL,0.23018120268311007,0.2436776596300067,0.2247832906140963,0.23812858760356903,401122400
2001-10-05,AAPL,0.23093102280444147,0.2421777705379943,0.22478321915276225,0.24202746152877808,342686400
2001-10-08,AAPL,0.23348057283753773,0.24517659975834155,0.23243088704341672,0.24292774498462677,207984000
2001-10-09,AAPL,0.24067806458863433,0.24292774523865449,0.2343799498173224,0.23992817103862762,174025600
2001-10-10,AAPL,0.24142789227390102,0.2526746657343083,0.2391782122376235,0.25222456455230713,307759200
2001-10-11,AAPL,0.25372428452718887,0.2660207152366638,0.25267459929434966,0.2660207152366638,334163200
2001-10-12,AAPL,0.25957232824084037,0.27111886728692364,0.25282408988588234,0.2700691819190979,287812000
2001-10-15,AAPL,0.2691698458245135,0.2756174421209624,0.2691698458245135,0.26976943016052246,318752000
2001-10-16,AAPL,0.2712691762853062,0.27291844589942743,0.2664700246940903,0.2700691819190979,202949600
2001-10-17,AAPL,0.27501781846769685,0.2760675288689907,0.2543239030964329,0.2547740042209625,285538400
2001-10-18,AAPL,0.25927253559084557,0.27336857149194044,0.25927253559084557,0.2699197232723236,612572800
2001-10-19,AAPL,0.2690195620535973,0.2759172601863357,0.26812018546516914,0.27441832423210144,166790400
2001-10-22,AAPL,0.27306874924057206,0.28596476432855195,0.27126914580380973,0.2852148711681366,391938400
2001-10-23,AAPL,0.2867146830781272,0.2912132165685868,0.2679698049888749,0.27201908826828003,684980800
2001-10-24,AAPL,0.2708191467646864,0.28626466426898356,0.2661703029427618,0.28416529297828674,374427200
2001-10-25,AAPL,0.27651773824976184,0.2886638663782671,0.2723189951066789,0.2877644896507263,254951200
2001-10-26,AAPL,0.2828158278481356,0.28866384074266727,0.27921666950971313,0.2799665629863739,278964000
2001-10-29,AAPL,0.2784667485572466,0.2799665353625869,0.2639214343151002,0.26437070965766907,239181600
2001-10-30,AAPL,0.26062204435426595,0.2699197556632575,0.25582371807060866,0.2639214098453522,276763200
2001-10-31,AAPL,0.2658705146293722,0.2759172699892841,0.26152228882008854,0.26332104206085205,273750400
2001-11-01,AAPL,0.26467126842452415,0.28161574223493746,0.2586729484207342,0.2787664532661438,312995200
2001-11-02,AAPL,0.2777167534830618,0.28281572189095333,0.2723188688981048,0.27846667170524597,197204000
2001-11-05,AAPL,0.28251599777957304,0.28866380206628595,0.27906629804788313,0.28596484661102295,235793600
2001-11-06,AAPL,0.28431477856576154,0.29421205069878165,0.2778671814744324,0.2934621572494507,316019200
2001-11-07,AAPL,0.29181284700719506,0.30185960092249586,0.289863785006364,0.2937619090080261,382989600
2001-11-08,AAPL,0.29436234810833534,0.29826132339298755,0.27846675488252326,0.28056612610816956,342143200
2001-11-09,AAPL,0.27891685610910755,0.2886638188176353,0.27816696268940383,0.28056612610816956,134293600
2001-11-12,AAPL,0.2798161474545868,0.28746373660796126,0.26931926949729584,0.28116559982299805,201499200
2001-11-13,AAPL,0.2861143072732918,0.2907631503159921,0.28056608777411596,0.2904633581638336,224672000
2001-11-14,AAPL,0.29376187722673514,0.29841071994526336,0.28716397271823946,0.2940624952316284,221149600
2001-11-15,AAPL,0.29166242480278015,0.2984106364250084,0.2883638864085592,0.29166242480278015,213029600
2001-11-16,AAPL,0.28896357888108515,0.2892633710408709,0.2759172267247593,0.2844650447368622,230664000
2001-11-19,AAPL,0.28491521688877947,0.3006605282792182,0.284314806545921,0.29991063475608826,332589600
2001-11-20,AAPL,0.2972117921064262,0.3029094734553395,0.2924126118766466,0.2928627133369446,276584000
2001-11-21,AAPL,0.29406250719186755,0.2969109454914483,0.2888140799973661,0.2951121926307678,201583200
2001-11-23,AAPL,0.2955615403736101,0.29916069872474393,0.2934621689810946,0.29751142859458923,60004000
2001-11-26,AAPL,0.29901037115728496,0.3231531657021805,0.29811099456215084,0.3204542100429535,460689600
2001-11-27,AAPL,0.31790477914331206,0.32270393256679597,0.3074078964309782,0.3149060308933258,268553600
2001-11-28,AAPL,0.3126563173081123,0.31805505463711864,0.3060584111552238,0.3078579902648926,250611200
2001-11-29,AAPL,0.3089076254256959,0.31040741208422457,0.30275982152366526,0.30620867013931274,202764800
2001-11-30,AAPL,0.30695850864050317,0.3215037938343191,0.30365911872933393,0.3194044232368469,303912000
2001-12-03,AAPL,0.3158053702910962,0.31910473626277286,0.30890767201939556,0.3156558871269226,181165600
2001-12-04,AAPL,0.3156559234548272,0.3382989340272642,0.31070728686470583,0.3358997702598572,380419200
2001-12-05,AAPL,0.33530017692349184,0.3603423506013955,0.3324509119394075,0.3562939167022705,568579200
2001-12-06,AAPL,0.3520950312691672,0.35239482337661016,0.3320006763082715,0.34159815311431885,338934400
2001-12-07,AAPL,0.33679908106531425,0.34054854797500433,0.3299013583230365,0.3379990756511688,203515200
2001-12-10,AAPL,0.3342504346152474,0.34474729021484235,0.3333502322074143,0.3379990756511688,170010400
2001-12-11,AAPL,0.339948171748934,0.3426479533687136,0.3246529629970579,0.32660287618637085,205475200
2001-12-12,AAPL,0.327952378301772,0.3287022718141516,0.31865466477047716,0.3222538232803345,192460800
2001-12-13,AAPL,0.32225383127342155,0.3231532079862376,0.3074078964309782,0.3149060308933258,197842400
2001-12-14,AAPL,0.3108575704973614,0.3123565315581958,0.3012600653122267,0.30575862526893616,189884800
2001-12-17,AAPL,0.3059087816517168,0.3149058470222931,0.30275972618467006,0.30920732021331787,173712000
2001-12-18,AAPL,0.31325680406082024,0.31985471182427766,0.30320919537552515,0.31505638360977173,235239200
2001-12-19,AAPL,0.3086078892549182,0.3251030678700793,0.3069586191555602,0.32420286536216736,289956800
2001-12-20,AAPL,0.32090434371659765,0.3219540294539424,0.3092074915545097,0.3099573850631714,220864000
2001-12-21,AAPL,0.3150563399490949,0.3230037248044013,0.31190728264333956,0.3149060308933258,256334400
2001-12-24,AAPL,0.3134060810078934,0.3216540796896655,0.3134060810078934,0.32030460238456726,50629600
2001-12-26,AAPL,0.32015445179523644,0.3343999759351946,0.31700539456758936,0.3222538232803345,146400800
2001-12-27,AAPL,0.323603124406959,0.3336498750597832,0.323603124406959,0.33095094561576843,191508800
2001-12-28,AAPL,0.3294512955125697,0.3448968135604014,0.3293018373695036,0.33634984493255615,299124000
2001-12-31,AAPL,0.3375489070076258,0.33979858670397145,0.32735182059687246,0.32840150594711304,137782400
2002-01-02,AAPL,0.3306511612046331,0.34939518570899963,0.3293016839381485,0.34939518570899963,529496800
2002-01-03,AAPL,0.34489672955499073,0.3561434771078576,0.3414478811351954,0.35359400510787964,612007200
2002-01-04,AAPL,0.3499957363988482,0.3591431397674252,0.3447473083233668,0.3552441895008087,409976000
2002-01-07,AAPL,0.35569343510671114,0.35989217751136343,0.3411481457222233,0.3433978259563446,444584000
2002-01-08,AAPL,0.3411480842698213,0.3456466180539236,0.33679903361678615,0.33904871344566345,450038400
2002-01-09,AAPL,0.3418979415737203,0.34384700318809047,0.3191046320154673,0.32465285062789917,327835200
2002-01-10,AAPL,0.31820533209344926,0.3218036640817875,0.3036591924673383,0.3183548152446747,452737600
2002-01-11,AAPL,0.32075400631169365,0.32750222141922064,0.30890767201939556,0.3156558871269226,348801600
2002-01-14,AAPL,0.31505613998245247,0.32090414958884755,0.31340604491204194,0.31715551018714905,415996000
2002-01-15,AAPL,0.3197042970291469,0.3263022026108355,0.31805502710216826,0.3254028260707855,290320800
2002-01-16,AAPL,0.3210536326917765,0.3210536326917765,0.3074077013341032,0.3116064667701721,566893600
2002-01-17,AAPL,0.32930183010804603,0.3409978555248433,0.32795235224255764,0.33709973096847534,660576000
2002-01-18,AAPL,0.3299012213954778,0.33889831152337613,0.3293016623147634,0.3324507176876068,338811200
2002-01-22,AAPL,0.3339504716058789,0.3354494317291977,0.3272022604942322,0.3272022604942322,327314400
2002-01-23,AAPL,0.32690250346510513,0.34549704384495605,0.32375342303253607,0.3451964259147644,443279200
2002-01-24,AAPL,0.3435472915932381,0.3525443603232658,0.3433978084428677,0.34804582595825195,344002400
2002-01-25,AAPL,0.34324743299868904,0.35119481464323116,0.3397985848486726,0.3486461937427521,185914400
2002-01-28,AAPL,0.3508951269848088,0.35314483236505934,0.3406980626206373,0.34894606471061707,186446400
2002-01-29,AAPL,0.34819617111747153,0.35299449815494577,0.3426479506290461,0.3459464907646179,240324000
2002-01-30,AAPL,0.345946497910711,0.3619916003226823,0.3439974355970525,0.36124253273010254,471576000
2002-01-31,AAPL,0.3622920593619875,0.3708390242048038,0.3615421662247494,0.3706895411014557,468445600
2002-02-01,AAPL,0.36499102139569556,0.37428787956521825,0.36499102139569556,0.3660407066345215,398305600
2002-02-04,AAPL,0.36469127445674016,0.38268540885077856,0.36289169584261266,0.38013678789138794,522373600
2002-02-05,AAPL,0.37623778612012376,0.3895839278455201,0.37608747713254925,0.3816356956958771,456887200
2002-02-06,AAPL,0.3838854730439061,0.38958400167472396,0.36214184485914386,0.36993974447250366,597576000
2002-02-07,AAPL,0.36963984220419516,0.37923649190928704,0.3610920518042208,0.36439141631126404,347832800
2002-02-08,AAPL,0.3658903324555854,0.36948948859693503,0.35044482368531016,0.3603421151638031,355331200
2002-02-11,AAPL,0.3588425234533992,0.3748884769978747,0.3559941094895961,0.3745878338813782,398602400
2002-02-12,AAPL,0.3697894440463353,0.3754879728095251,0.36664038749937256,0.3705393373966217,224280000
2002-02-13,AAPL,0.37083919554668576,0.3784867876823957,0.36964002667184226,0.37503793835639954,312872000
2002-02-14,AAPL,0.3756374047564927,0.37833721065076764,0.36559065215422715,0.36889001727104187,260170400
2002-02-15,AAPL,0.36784039199015744,0.3745877805778854,0.3576433287229999,0.35839322209358215,260187200
2002-02-19,AAPL,0.3562938834248801,0.3579431534659756,0.3370997246852807,0.33919909596443176,390258400
2002-02-20,AAPL,0.34144787427624734,0.3478962957132263,0.3351497618430504,0.3468466103076935,285443200
2002-02-21,AAPL,0.34369762076759697,0.34489678953590047,0.3216541979485632,0.3224041163921356,446751200
2002-02-22,AAPL,0.32480317162987055,0.34414678150391803,0.32240400901847494,0.34099772572517395,406476000
2002-02-25,AAPL,0.3426479127137509,0.3706896551588889,0.3353001139308734,0.3570437431335449,426848800
2002-02-26,AAPL,0.35854277035119037,0.36544129508899575,0.34864632333417583,0.3549444377422333,260131200
2002-02-27,AAPL,0.35899291513453013,0.3636417599154392,0.31400668208975074,0.3293018937110901,1030159200
2002-02-28,AAPL,0.3321510657058475,0.33874897128753606,0.3201543982360589,0.3254028260707855,456937600
2002-03-01,AAPL,0.3288515937316505,0.35239482164959335,0.3272023492384814,0.351644903421402,348992000
2002-03-04,AAPL,0.34879578312218085,0.36859035402343304,0.34129849976724247,0.3642413020133972,348258400
2002-03-05,AAPL,0.36214190489044995,0.3663406475515482,0.350895129754049,0.35284504294395447,274702400
2002-03-06,AAPL,0.35209498141578366,0.36499099545132235,0.3438469581713886,0.36094173789024353,226206400
2002-03-07,AAPL,0.36079239472101077,0.36784040153893593,0.35404415505787146,0.3655907213687897,258249600
2002-03-08,AAPL,0.3709894459196432,0.37623787360172734,0.3643915405298446,0.3697894513607025,269774400
2002-03-11,AAPL,0.36889009662174116,0.3769878142462494,0.3613919884016994,0.37578779458999634,262785600
2002-03-12,AAPL,0.36754048544915513,0.3709893331816511,0.3613918572479021,0.3706895411014557,254055200
2002-03-13,AAPL,0.36544116953554623,0.3726386581545484,0.3621418044141562,0.36723992228507996,200765600
2002-03-14,AAPL,0.36439154532873075,0.36889007970493953,0.35794312300278286,0.36634060740470886,217296800
2002-03-15,AAPL,0.36679073469471835,0.3742880172304366,0.36364167781999995,0.3741385340690613,240900800
2002-03-18,AAPL,0.37413852850182544,0.37563748946237246,0.3646913580182455,0.37098947167396545,304556000
2002-03-19,AAPL,0.3702394504034218,0.37938685056253485,0.36439143999224066,0.37263861298561096,242345600
2002-03-20,AAPL,0.36978939085070256,0.37698773030543303,0.3673902279991551,0.37368834018707275,294319200
2002-03-21,AAPL,0.3577928053882158,0.3643915620682807,0.3487957362224876,0.3639414608478546,616352800
2002-03-22,AAPL,0.36319159504376103,0.36828971439215685,0.35794316665253223,0.36124253273010254,202193600
2002-03-25,AAPL,0.3609418634434,0.36124248148642213,0.3484959210863096,0.3501451909542084,262830400
2002-03-26,AAPL,0.3478964586114462,0.3544943912944347,0.3448968841204689,0.3517954349517822,257840800
2002-03-27,AAPL,0.3501451065268064,0.35569332500500944,0.34879562915357276,0.3519446849822998,127702400
2002-03-28,AAPL,0.3553936881206796,0.358093494946262,0.3517953805382045,0.3549444377422333,108455200
2002-04-01,AAPL,0.35059535922811436,0.37038910407795717,0.34909557222101195,0.366790771484375,199046400
2002-04-02,AAPL,0.3598920276995632,0.3643914113213319,0.35794299136683394,0.36094173789024353,203795200
2002-04-03,AAPL,0.3606422446711549,0.3672401531887735,0.3538948529338983,0.35614368319511414,214530400
2002-04-04,AAPL,0.3549444359816148,0.37563753247066944,0.3549444359816148,0.3733886778354645,338497600
2002-04-05,AAPL,0.37413852850182544,0.3777368606809458,0.36139199215742707,0.37098947167396545,278348000
2002-04-08,AAPL,0.362292183876703,0.3700892582620257,0.3565936547739886,0.36828967928886414,261514400
2002-04-09,AAPL,0.36873979062601336,0.37488844613578126,0.36004251357839545,0.36139199137687683,191531200
2002-04-10,AAPL,0.36304123694838003,0.3741385025288937,0.36004248936165345,0.3697894513607025,224980000
2002-04-11,AAPL,0.37533776172114175,0.377887234602564,0.3711390185630107,0.3727891147136688,407254400
2002-04-12,AAPL,0.37503790118061225,0.37743706456636195,0.3684399954013509,0.37578779458999634,320241600
2002-04-15,AAPL,0.37578771184280435,0.3771371893330257,0.3718887624968221,0.3748883605003357,299370400
2002-04-16,AAPL,0.3771371988965209,0.3897334486493002,0.37668709776382775,0.3859848082065582,614577600
2002-04-17,AAPL,0.3888341805671219,0.3924325130100672,0.38058615322076617,0.39153313636779785,396250400
2002-04-18,AAPL,0.38238555501970833,0.38268534709474744,0.3730886971995558,0.38103610277175903,401710400
2002-04-19,AAPL,0.3822362768519071,0.3822362768519071,0.3738387662779605,0.3745878338813782,375407200
2002-04-22,AAPL,0.3724883062813156,0.3738386094984775,0.3633417569662888,0.3678402900695801,269427200
2002-04-23,AAPL,0.3679899351241797,0.3715890935401525,0.36124254543659423,0.3636417090892792,233469600
2002-04-24,AAPL,0.3643915194806866,0.3673902668941899,0.355093808312316,0.35644328594207764,140448000
2002-04-25,AAPL,0.35329420508116743,0.364991078546134,0.3531447469778409,0.3616917133331299,194202400
2002-04-26,AAPL,0.36409087206623597,0.3654411754607133,0.34489671787092546,0.3450470268726349,304981600
2002-04-29,AAPL,0.34729587182381483,0.36079232345781503,0.34624618645983446,0.35929253697395325,272288800
2002-04-30,AAPL,0.3582429316351206,0.36559073082435173,0.35614353541171867,0.3639414608478546,280963200
2002-05-01,AAPL,0.3642413119121661,0.3642413119121661,0.3502955796625065,0.359592467546463,214704000
2002-05-02,AAPL,0.35704376853723263,0.36499115223044387,0.3538947116919438,0.3552441895008087,239344000
2002-05-03,AAPL,0.35344456487654696,0.3601927789242883,0.3513451688906587,0.3525443375110626,230781600
2002-05-06,AAPL,0.35014522220470884,0.35239492751217083,0.3367991013013755,0.33964836597442627,249664800
2002-05-07,AAPL,0.3439972630432799,0.34414674613726837,0.33200062534561825,0.33694925904273987,242748800
2002-05-08,AAPL,0.34789626050186756,0.36768999722631485,0.3454970977997096,0.36544114351272583,436682400
2002-05-09,AAPL,0.3636416429117063,0.3651406037506632,0.3568934285783084,0.3627414405345917,224616000
2002-05-10,AAPL,0.3642413326809955,0.3642413326809955,0.3445970691773975,0.3496960401535034,235396000
2002-05-13,AAPL,0.35269467657636233,0.3612424951831969,0.3439973998425716,0.3589928150177002,265608000
2002-05-14,AAPL,0.36664043636481236,0.38508467691989845,0.36319158719282296,0.38403499126434326,526506400
2002-05-15,AAPL,0.38043665766685264,0.3895840357294883,0.37248842331617726,0.3790871798992157,335826400
2002-05-16,AAPL,0.3757878069736314,0.3816358195362229,0.37113896320653245,0.3780375123023987,227052000
2002-05-17,AAPL,0.38223628012746474,0.38658450610959355,0.3690396163605398,0.37503793835639954,236493600
2002-05-20,AAPL,0.3684399992303243,0.37383873630971604,0.36784041484610547,0.37098947167396545,269914400
2002-05-21,AAPL,0.3723390515440344,0.3748885497130442,0.3508952072283896,0.3517954349517822,280991200
2002-05-22,AAPL,0.35044511366598347,0.3654413597324685,0.3496960709271169,0.36469146609306335,290875200
2002-05-23,AAPL,0.3666403628159343,0.37848669485596464,0.3609418344363882,0.37758731842041016,369398400
2002-05-24,AAPL,0.37473807360142336,0.37473807360142336,0.35929258327341773,0.36214184761047363,166174400
2002-05-28,AAPL,0.355244241292168,0.3628918339065596,0.3513452654306374,0.359592467546463,149716000
2002-05-29,AAPL,0.35869309083403617,0.3664909925041318,0.351645057668113,0.359592467546463,221793600
2002-05-30,AAPL,0.35644343310073834,0.36559083903179956,0.35254448174189945,0.36289188265800476,196375200
2002-05-31,AAPL,0.3612423658075139,0.3636415282672066,0.34909539363572306,0.34939518570899963,365495200
2002-06-03,AAPL,0.35074556431262205,0.3516449156353093,0.3385985903940972,0.3435472249984741,235110400
2002-06-04,AAPL,0.3430971136515339,0.3454971022582264,0.3326002354966856,0.34159815311431885,347821600
2002-06-05,AAPL,0.34234815931951523,0.34234815931951523,0.335149842870618,0.3406980633735657,277082400
2002-06-06,AAPL,0.3442971860452299,0.3483456192243006,0.33050093983222123,0.3323005437850952,259996800
2002-06-07,AAPL,0.32630225619456327,0.3290020630320881,0.313856336374308,0.32090434432029724,612376800
2002-06-10,AAPL,0.32210344076156616,0.3275021772949852,0.3200040697553016,0.32210344076156616,277575200
2002-06-11,AAPL,0.3245033326260526,0.32540268374626663,0.30605825079520055,0.30680814385414124,349496000
2002-06-12,AAPL,0.3060583152709497,0.31115725879654976,0.29901028505376287,0.30125996470451355,528718400
2002-06-13,AAPL,0.30021034737741215,0.3006604736107119,0.29061286824993365,0.2930128574371338,352083200
2002-06-14,AAPL,0.2885135352426195,0.305308506529779,0.2715690557561337,0.30141040682792664,424900000
2002-06-17,AAPL,0.303509719405026,0.30935773123780264,0.29766085667204994,0.30800825357437134,324609600
2002-06-18,AAPL,0.3062086525895361,0.30875812458817453,0.29961074789335135,0.3021593689918518,353360000
2002-06-19,AAPL,0.2604725122639113,0.2639213602492902,0.25312471520310775,0.2567230463027954,1709467200
2002-06-20,AAPL,0.2574729341415305,0.2639213547617238,0.2526746088593426,0.25657355785369873,396636800
2002-06-21,AAPL,0.25447415786132394,0.26227122907423256,0.25177435253668845,0.25267457962036133,445177600
2002-06-24,AAPL,0.2514745739570065,0.2658703998094898,0.2504248887496252,0.258972704410553,431933600
2002-06-25,AAPL,0.2609218372880373,0.26512057926714155,0.2528241204627575,0.257022887468338,301201600
2002-06-26,AAPL,0.25192476846724216,0.2592725669148145,0.23962830968939983,0.24817612767219543,558952800
2002-06-27,AAPL,0.2517745646827763,0.25897290873844353,0.2462263421910349,0.25582385063171387,251658400
2002-06-28,AAPL,0.2564233355961075,0.2672199840694293,0.25492352370911003,0.26572102308273315,269858400
2002-07-01,AAPL,0.2655708172657615,0.26812029074477395,0.2556735415377131,0.25582385063171387,222689600
2002-07-02,AAPL,0.25537365564462,0.2573235437813974,0.25237490773075355,0.2540241777896881,305188800
2002-07-03,AAPL,0.2520750271766927,0.2651205257845966,0.25117479997988623,0.2631714642047882,199029600
2002-07-05,AAPL,0.265570628886055,0.2811655992635759,0.265570628886055,0.28101614117622375,161649600
2002-07-08,AAPL,0.27771677161702585,0.2790662491079993,0.26512054720311684,0.2700691819190979,211204000
2002-07-09,AAPL,0.271269165244721,0.2742679122277674,0.2618219973187865,0.2628716826438904,226749600
2002-07-10,AAPL,0.2655707223717435,0.272468420748227,0.25867302399526,0.2597227096557617,206880800
2002-07-11,AAPL,0.2588224980156517,0.27516821765936755,0.2544742723608543,0.27441832423210144,373676800
2002-07-12,AAPL,0.2781668660479798,0.2817660228626055,0.25882240548480034,0.26257187128067017,443492000
2002-07-15,AAPL,0.2613719592346352,0.2789168469071517,0.2520750980594114,0.27336862683296204,295993600
2002-07-16,AAPL,0.27216849250449443,0.2784666283460106,0.2640708034746557,0.2678202688694,446768000
2002-07-17,AAPL,0.24187791832662212,0.24292760350943168,0.22778190990790131,0.2343798130750656,1215485600
2002-07-18,AAPL,0.23243086358296663,0.23333024022688323,0.22118411322772674,0.2247832715511322,559462400
2002-07-19,AAPL,0.2204341476409588,0.22748217876447233,0.21788467555031477,0.22433312237262726,385207200
2002-07-22,AAPL,0.22118404272476386,0.22778194696532914,0.21908464699112898,0.22373351454734802,430897600
2002-07-23,AAPL,0.22343285010585132,0.22688254885500198,0.21653515440754528,0.21698525547981262,399890400
2002-07-24,AAPL,0.2148859931459443,0.22823214108863826,0.21368599830700533,0.22793234884738922,406593600
2002-07-25,AAPL,0.22388302241498065,0.22418281460070674,0.21008762662884095,0.21533605456352234,479354400
2002-07-26,AAPL,0.21683509267208959,0.2178847786326494,0.2069386435254426,0.21503551304340363,207704000
2002-07-29,AAPL,0.21713476137132373,0.22643247154141397,0.2154854917646615,0.22523245215415955,274960000
2002-07-30,AAPL,0.2226838284766949,0.23258027186887176,0.21833475305355984,0.2313811033964157,354838400
2002-07-31,AAPL,0.23093103472307658,0.23123082688330468,0.22343290219601944,0.22883166372776031,310699200
2002-08-01,AAPL,0.22658196828016003,0.23123083667125646,0.2208842902736819,0.221933975815773,228956000
2002-08-02,AAPL,0.22103372865073467,0.2249326782978681,0.21368593051251264,0.21668550372123718,179060000
2002-08-05,AAPL,0.21758484974619743,0.2204341135467507,0.20948715943766852,0.20978695154190063,204024800
2002-08-06,AAPL,0.21308638306119568,0.2283815913008084,0.21113732083749187,0.22103376686573029,272053600
2002-08-07,AAPL,0.22628223108720488,0.2303315161163227,0.2151857886243465,0.22538287937641144,333474400
2002-08-08,AAPL,0.2214838629083023,0.23063126619060886,0.2214838629083023,0.22943127155303955,227348800
2002-08-09,AAPL,0.22868131110208462,0.22868131110208462,0.22118405511091313,0.22493267059326172,205716000
2002-08-12,AAPL,0.22343294274797212,0.22523252190967483,0.22028388568345975,0.2247832715511322,179765600
2002-08-13,AAPL,0.22343294653839632,0.2280818156553191,0.21818451800850547,0.21878492832183838,269869600
2002-08-14,AAPL,0.21998405228358667,0.2301811400680462,0.21803499031640106,0.22748218476772308,399084000
2002-08-15,AAPL,0.2286814460491923,0.23617958239168688,0.22508313744820743,0.2340802103281021,322078400
2002-08-16,AAPL,0.23168096383814396,0.24142792698248286,0.2291314912719201,0.23707887530326843,245224000
2002-08-19,AAPL,0.2366295968738945,0.2436776292211129,0.23572939439210341,0.23962834477424622,216557600
2002-08-20,AAPL,0.2394788647699379,0.2412776180095829,0.2328801327291833,0.238578662276268,186625600
2002-08-21,AAPL,0.2400784841601394,0.24352733384935898,0.2316809976563117,0.24172775447368622,202428800
2002-08-22,AAPL,0.24292766004300972,0.24367757835650072,0.23482996876636325,0.23947881162166595,258311200
2002-08-23,AAPL,0.2384291768994931,0.23887845226831558,0.23168096175491884,0.23587970435619354,163245600
2002-08-26,AAPL,0.23917819839531382,0.23917819839531382,0.22733186632013394,0.23288008570671082,189968800
2002-08-27,AAPL,0.23557989586913577,0.23602917120690442,0.2205845055973241,0.2226838767528534,262231200
2002-08-28,AAPL,0.2219339557686361,0.22673228184940755,0.21968425083785434,0.22043414413928986,247973600
2002-08-29,AAPL,0.21968425083785434,0.22613269755773113,0.21758487994330683,0.22043414413928986,164169600
2002-08-30,AAPL,0.22088434223988876,0.2270321479154583,0.21863463657661725,0.2211841344833374,193519200
2002-09-03,AAPL,0.2172850492497539,0.2181844255277136,0.21068714559078217,0.21068714559078217,276936800
2002-09-04,AAPL,0.212935958974829,0.22163408241185453,0.2124866838575346,0.21713469922542572,420660800
2002-09-05,AAPL,0.21323668733593584,0.2153360585486606,0.21068721489939715,0.21263627707958221,226178400
2002-09-06,AAPL,0.21758489817250037,0.21968426924293252,0.21338615603163605,0.21563583612442017,181591200
2002-09-09,AAPL,0.21413605039896574,0.21788469136408298,0.21218698834175564,0.21548552811145782,158244800
2002-09-10,AAPL,0.21608513379753252,0.21728512847923748,0.2117369080582506,0.21488596498966217,249468800
2002-09-11,AAPL,0.21503545455701256,0.2189344050463626,0.21218701561658293,0.21428638696670532,202412000
2002-09-12,AAPL,0.21293606069305687,0.21758490415504889,0.2117368919762666,0.21203668415546417,269830400
2002-09-13,AAPL,0.2118863338119127,0.2150353898900905,0.21068716532895596,0.21248674392700195,282951200
2002-09-16,AAPL,0.21203667287451936,0.21908467926889014,0.21173688071127159,0.21743543446063995,286641600
2002-09-17,AAPL,0.2184851270165815,0.22538282461496453,0.2184851270165815,0.221933975815773,427996800
2002-09-18,AAPL,0.2202838174605591,0.226282137517238,0.21773517148852123,0.22523245215415955,328641600
2002-09-19,AAPL,0.22118404265128014,0.22193393588553262,0.21713475933456516,0.21863454580307007,205945600
2002-09-20,AAPL,0.2192341518419998,0.22403332887020455,0.21773519109804199,0.22298364341259003,352788800
2002-09-23,AAPL,0.22133354809172115,0.22433314669683135,0.21668553044289393,0.2226838767528534,263709600
2002-09-24,AAPL,0.21593561682239415,0.2222337547255384,0.21593561682239415,0.21953479945659637,250661600
2002-09-25,AAPL,0.22028375736267047,0.22748209484275092,0.21968417328266543,0.22388291358947754,254682400
2002-09-26,AAPL,0.22643248970356933,0.22778196729668132,0.21818446423498325,0.22043414413928986,208644800
2002-09-27,AAPL,0.2172851653879438,0.22268392858839406,0.21713485632451074,0.22073401510715485,206152800
2002-09-30,AAPL,0.21593562274419648,0.21848511996887116,0.21203667287451936,0.21743543446063995,237697600
2002-10-01,AAPL,0.21878496255375823,0.2189344457500675,0.20993737425507708,0.21758496761322021,342423200
2002-10-02,AAPL,0.2148859067665263,0.21938444032483587,0.21143705856760936,0.21248674392700195,229348000
2002-10-03,AAPL,0.21263625190393393,0.218934364796426,0.2108366730955494,0.21443583071231842,217896000
2002-10-04,AAPL,0.2153360289935385,0.2159356132937933,0.20978698365826012,0.21038739383220673,190825600
2002-10-07,AAPL,0.2094872532648313,0.21308641187477328,0.20633818343637444,0.2064885050058365,244697600
2002-10-08,AAPL,0.20843750596496793,0.2093377082886927,0.20033980190666484,0.20513896644115448,453644800
2002-10-09,AAPL,0.20303959417420459,0.2076875987659277,0.20108969388825682,0.20378948748111725,356686400
2002-10-10,AAPL,0.2043891186581418,0.21323670548593185,0.20363922517922523,0.2115866094827652,321574400
2002-10-11,AAPL,0.21368601639898763,0.2216342529242601,0.2114371614622464,0.21758496761322021,294677600
2002-10-14,AAPL,0.21818444665043837,0.22463289285060353,0.21653517704441083,0.22148381173610687,194404000
2002-10-15,AAPL,0.22823209406815176,0.22868134437401602,0.22163418849814803,0.22733189165592194,405518400
2002-10-16,AAPL,0.222833297991618,0.22688258150414545,0.208437494469204,0.21833476424217224,307624800
2002-10-17,AAPL,0.21308639644059835,0.21563586909413965,0.20963754713668242,0.2115866094827652,469296800
2002-10-18,AAPL,0.2099373923238633,0.2151858221266624,0.20888770636330348,0.21503551304340363,288299200
2002-10-21,AAPL,0.2138362304927265,0.21938444964616444,0.20993728101023457,0.21833476424217224,238520800
2002-10-22,AAPL,0.21698529565163038,0.2231330993255138,0.2138362393098091,0.22043414413928986,218148000
2002-10-23,AAPL,0.21938450533240203,0.22463295871104896,0.2174354680597302,0.2231331467628479,209036800
2002-10-24,AAPL,0.22523247123925091,0.22808176047460232,0.21818446522228022,0.22028383612632751,174748000
2002-10-25,AAPL,0.22028388667300222,0.2316809711501743,0.2187849255930744,0.23123086988925934,279070400
2002-10-28,AAPL,0.2331808333897686,0.23917833139360517,0.2286814460491923,0.2340802103281021,349300000
2002-10-29,AAPL,0.23348050952182955,0.23812852686822622,0.22433313210024294,0.23153062164783478,259179200
2002-10-30,AAPL,0.23228054525085617,0.24547635741054213,0.23213106208644865,0.23962834477424622,270676000
2002-10-31,AAPL,0.23977858078310227,0.2465259679723003,0.23872889545660644,0.24097774922847748,295836800
2002-11-01,AAPL,0.23902869010859612,0.2474261978362923,0.2382787968854735,0.24532680213451385,189828800
2002-11-04,AAPL,0.24742624980580227,0.2606220608583519,0.24517654463743283,0.25327426195144653,376818400
2002-11-05,AAPL,0.25117485003614876,0.2543239315392675,0.24517652924153696,0.2534245550632477,210694400
2002-11-06,AAPL,0.25612347746222264,0.2597226346513685,0.2504249245318702,0.2582228481769562,216389600
2002-11-07,AAPL,0.25402421270774833,0.2564233765433976,0.2370789058981836,0.23992817103862762,336179200
2002-11-08,AAPL,0.2400783620125641,0.24292762575156093,0.23273056506014247,0.23752889037132263,190064000
2002-11-11,AAPL,0.23602916835609833,0.2382788485129002,0.2267323072969505,0.22733189165592194,152975200
2002-11-12,AAPL,0.22973099955480897,0.24052847065459695,0.22913141534045636,0.23453015089035034,223792800
2002-11-13,AAPL,0.23243077257882422,0.2409777379081627,0.22913140776186536,0.23378024995326996,231739200
2002-11-14,AAPL,0.238429201060602,0.2460768186181086,0.23662962178143337,0.2444266974925995,141713600
2002-11-15,AAPL,0.24337701315274274,0.24352732220768325,0.23632983092303164,0.23917827010154724,160994400
2002-11-18,AAPL,0.24277734532682388,0.24292765433015803,0.23273059243913255,0.23467965424060822,164578400
2002-11-19,AAPL,0.23318065301535607,0.23617939969762575,0.22508296333767655,0.22898191213607788,210952000
2002-11-20,AAPL,0.22943123721633496,0.23542955775886362,0.2286813188878336,0.23288008570671082,208740000
2002-11-21,AAPL,0.23842919378007477,0.24652606147820744,0.23617951328132797,0.24517658352851868,418482400
2002-11-22,AAPL,0.24127764802720994,0.2444267053991376,0.23842920877313742,0.24007847905158997,227858400
2002-11-25,AAPL,0.24037818804188707,0.2420274577491245,0.23557986205337958,0.23947881162166595,199427200
2002-11-26,AAPL,0.23767925700951725,0.2384291503725768,0.22898198057077268,0.23108135163784027,240262400
2002-11-27,AAPL,0.23392980245118605,0.23782875261913605,0.2316809481179245,0.23572938144207,286798400
2002-11-29,AAPL,0.23677901036409427,0.2381284878158493,0.23108130844263888,0.23243078589439392,143432800
2002-12-02,AAPL,0.2384292194547968,0.24142796790214122,0.22508309582244054,0.22763171792030334,398742400
2002-12-03,AAPL,0.22793230188866603,0.23003167301883873,0.2264325151174648,0.22733189165592194,227869600
2002-12-04,AAPL,0.22763165252894443,0.22778198657790413,0.21743544023911426,0.22448259592056274,325757600
2002-12-05,AAPL,0.22538280728622986,0.22613270059774662,0.21788467501827818,0.21938446164131165,243398400
2002-12-06,AAPL,0.21968426522888151,0.22778198221817192,0.2177352032164144,0.22418279945850372,245358400
2002-12-09,AAPL,0.22403339960702293,0.2241828577652895,0.2199841146091106,0.2211841344833374,236084800
2002-12-10,AAPL,0.22118409162086514,0.2316809474771643,0.22088429943551216,0.22913147509098053,308610400
2002-12-11,AAPL,0.2294311992534967,0.23228046298027039,0.22613266031879117,0.23228046298027039,253500800
2002-12-12,AAPL,0.2325802619588785,0.2331806720431273,0.22508298170466834,0.22778193652629852,149340800
2002-12-13,AAPL,0.2270320448869323,0.22718235387741992,0.21968422267162244,0.2217835932970047,164780000
2002-12-16,AAPL,0.22208344148637915,0.22643251785236063,0.21908469378152987,0.2226838767528534,251624800
2002-12-17,AAPL,0.2226838718680998,0.22778199061664692,0.21983460738041347,0.22613272070884705,222661600
2002-12-18,AAPL,0.22193401100818247,0.2228333626430713,0.2174354759535604,0.21848516166210175,150701600
2002-12-19,AAPL,0.21788466373903914,0.22373352594309054,0.211437068166412,0.21293602883815765,347519200
2002-12-20,AAPL,0.21428636431010376,0.21833479753992874,0.20663793479535333,0.21203668415546417,318096800
2002-12-23,AAPL,0.21233647591510488,0.218184488082332,0.21173689155789446,0.21728511154651642,125826400
2002-12-24,AAPL,0.21653522330642672,0.2169853245219108,0.21443585213255417,0.21533605456352234,39340000
2002-12-26,AAPL,0.21623540984154233,0.22208342157218844,0.21413603887426336,0.215935617685318,85422400
2002-12-27,AAPL,0.2145861303091545,0.21563581574516716,0.21008759642248173,0.21083666384220123,80035200
2002-12-30,AAPL,0.21113732559793194,0.21218701125139863,0.20753816739351974,0.21098701655864716,155041600
2002-12-31,AAPL,0.20993732897261047,0.21533606622953086,0.2091874355307742,0.21488596498966217,200726400
2003-01-02,AAPL,0.21533604536383077,0.22373355472703696,0.21518573634049437,0.221933975815773,181428800
2003-01-03,AAPL,0.22193394797021654,0.22388298476004362,0.21878486671257402,0.22343288362026215,147453600
2003-01-06,AAPL,0.22538279633668876,0.23063122338863581,0.22313309148495816,0.22343288362026215,390532800
2003-01-07,AAPL,0.2217836493032725,0.2249327060365664,0.2169853226260006,0.2226838767528534,342344800
2003-01-08,AAPL,0.2186346021639959,0.22058451527690662,0.21653523091634305,0.21818450093269348,229644800
2003-01-09,AAPL,0.21923413054346125,0.2237335149857604,0.2174354028519332,0.22013433277606964,215252800
2003-01-10,AAPL,0.21863464346294162,0.2222338272720698,0.2172851653879438,0.22073401510715485,175100800
2003-01-13,AAPL,0.22343289447507267,0.22343289447507267,0.2153360288075506,0.21938446164131165,178942400
2003-01-14,AAPL,0.22028384873784687,0.2222337616432488,0.21728510122053324,0.21908468008041382,186860800
2003-01-15,AAPL,0.21878484012134303,0.22043410960188728,0.2138362058061597,0.21638567745685577,371128800
2003-01-16,AAPL,0.21308637881040912,0.22133355464839166,0.21308637881040912,0.2192341834306717,559070400
2003-01-17,AAPL,0.21833478869476686,0.21833478869476686,0.21113729906429374,0.21143709123134613,266761600
2003-01-21,AAPL,0.21308635006953083,0.21608509745874532,0.2099372936676925,0.21023708581924438,253456000
2003-01-22,AAPL,0.209637492489,0.21218696447795246,0.2069385373675563,0.20813770592212677,215140800
2003-01-23,AAPL,0.21068716532895596,0.21533600788444052,0.20918737885164915,0.21248674392700195,228256000
2003-01-24,AAPL,0.21353645494614962,0.21353645494614962,0.20333939224762584,0.20693854987621307,305468800
2003-01-27,AAPL,0.205139016247138,0.21743547765169183,0.20468891497599492,0.21188640594482422,391406400
2003-01-28,AAPL,0.21353642803320175,0.2202838153942619,0.2123364336836766,0.21863454580307007,286255200
2003-01-29,AAPL,0.21818438720926442,0.2264324097660479,0.21443574789915032,0.22388291358947754,373044000
2003-01-30,AAPL,0.22463289173266401,0.22598236921029904,0.21428632212858292,0.21473559737205505,407058400
2003-01-31,AAPL,0.21278658217416568,0.21818449326481518,0.21068721100029314,0.21533605456352234,341224800
2003-02-03,AAPL,0.21608513349064173,0.2235832670510006,0.2151857568860163,0.21983462572097778,264784800
2003-02-04,AAPL,0.21668554738376306,0.21968429532305989,0.2145861760641011,0.21893440186977386,317413600
2003-02-05,AAPL,0.2205844783948458,0.22388299284955065,0.21653519471132865,0.21668550372123718,221614400
2003-02-06,AAPL,0.2153359921740457,0.21878484012134303,0.21323662160842552,0.21638567745685577,179149600
2003-02-07,AAPL,0.2181844261818958,0.21893431935254404,0.21098693831603735,0.21218693256378174,269701600
2003-02-10,AAPL,0.21383626877152107,0.21848513738319558,0.21083669515250678,0.21518574655056,167888000
2003-02-11,AAPL,0.21743545179129933,0.219384488918145,0.21293606633629927,0.21518574655056,164780000
2003-02-12,AAPL,0.21398570129916386,0.21893433590065514,0.21398570129916386,0.21578527987003326,228687200
2003-02-13,AAPL,0.21608509490865488,0.21953479432150538,0.21353644871369346,0.21803498268127441,208493600
2003-02-14,AAPL,0.21908464840008515,0.22073391800243153,0.21518569907976606,0.2199840247631073,243297600
2003-02-18,AAPL,0.22118401453927522,0.22943118732064266,0.22073388845473968,0.22898191213607788,290897600
2003-02-19,AAPL,0.2259824166408093,0.22718241124701863,0.22013437935929453,0.2226838767528534,240368800
2003-02-20,AAPL,0.2226838311228995,0.224333100728927,0.22058446039755047,0.22148381173610687,224352800
2003-02-21,AAPL,0.22223374052327574,0.22583289790099115,0.21968424353144864,0.22493267059326172,157444000
2003-02-24,AAPL,0.2228333459273619,0.2253828434473048,0.20693857831829268,0.22103376686573029,180252800
2003-02-25,AAPL,0.22013433433647003,0.22613267941962206,0.21863454785389688,0.22523245215415955,188641600
2003-02-26,AAPL,0.22478323301825848,0.22523248329978957,0.2171347913971876,0.21743543446063995,217095200
2003-02-27,AAPL,0.21848506189830974,0.22493263135229807,0.2175848347476308,0.22283326089382172,154341600
2003-02-28,AAPL,0.22283336252366157,0.22628221186789418,0.22148388459538665,0.22508306801319122,195098400
2003-03-03,AAPL,0.2250830348218831,0.2273318890794246,0.21818448625032866,0.21968427300453186,203761600
2003-03-04,AAPL,0.2210337193171105,0.22208340472110272,0.21653518556766474,0.21833476424217224,126414400
2003-03-05,AAPL,0.2190847002715815,0.2219339899326529,0.21773522247073396,0.2192341834306717,126683200
2003-03-06,AAPL,0.21863455637564916,0.21893434850912608,0.21593560130071088,0.21833476424217224,99859200
2003-03-07,AAPL,0.21698531305980395,0.22058449587245088,0.21458614982693952,0.21788468956947327,200984000
2003-03-10,AAPL,0.21758489919172397,0.21998406244434915,0.21443584257132475,0.21548552811145782,134573600
2003-03-11,AAPL,0.21533606613938758,0.2172851283882783,0.21173690796961397,0.2133861780166626,161190400
2003-03-12,AAPL,0.21248675159835573,0.21578529091918397,0.21083665606430094,0.21323664486408234,222560800
2003-03-13,AAPL,0.2169853731350526,0.2219340350191786,0.2124868375937349,0.22073401510715485,335445600
2003-03-14,AAPL,0.22013441201888814,0.22508307348527656,0.21953485259020122,0.22163422405719757,153098400
2003-03-17,AAPL,0.22328348881752963,0.22598244467407946,0.22058453296097977,0.22508306801319122,399912800
2003-03-18,AAPL,0.22493267059326172,0.22628214814149186,0.22223374052327574,0.22493267059326172,229980800
2003-03-19,AAPL,0.2259824033515762,0.22718239788721806,0.22178363626095415,0.22418279945850372,141316000
2003-03-20,AAPL,0.22388298854945038,0.22478321587072467,0.2189343535490475,0.22358322143554688,163178400
2003-03-21,AAPL,0.22628214814149186,0.2271823754492213,0.22223374052327574,0.22493267059326172,297948000
2003-03-24,AAPL,0.21998406244434915,0.22193397540178966,0.21518573593909882,0.21548552811145782,161100800
2003-03-25,AAPL,0.2160851296850406,0.22238324342799923,0.2154855452925166,0.21818450093269348,167697600
2003-03-26,AAPL,0.21818449219919503,0.2183348012282189,0.2144358510852425,0.21608512103557587,178343200
2003-03-27,AAPL,0.21473563921771677,0.22043416823252646,0.21473563921771677,0.21728511154651642,122393600
2003-03-28,AAPL,0.2159356639509098,0.2192342042498194,0.21548556268328192,0.21848516166210175,145303200
2003-03-31,AAPL,0.2148859486684989,0.21788469633424645,0.21053689738570444,0.21203668415546417,256659200
2003-04-01,AAPL,0.21293602015829716,0.21458611564042743,0.21098695842765278,0.2123364359140396,154341600
2003-04-02,AAPL,0.21533606951738712,0.2202838797361498,0.21398576577716397,0.21893440186977386,171371200
2003-04-03,AAPL,0.21833476380721545,0.22043413461101757,0.21518570760151223,0.21683497726917267,145712000
2003-04-04,AAPL,0.2177352168596951,0.2199840711785523,0.215785328851314,0.21608512103557587,146020000
2003-04-07,AAPL,0.22268387340919876,0.2241828092757469,0.21608511695832533,0.21728511154651642,196862400
2003-04-08,AAPL,0.21758488015964608,0.21968425105628095,0.21533602612678346,0.21668550372123718,128934400
2003-04-09,AAPL,0.2177351904139555,0.21923415115320383,0.21203666198375523,0.21278655529022217,146725600
2003-04-10,AAPL,0.21293605583577663,0.21578532028381683,0.21293605583577663,0.21548552811145782,107100000
2003-04-11,AAPL,0.21068725867741842,0.21653527230691857,0.19389227297260522,0.19794070720672607,1392708800
2003-04-14,AAPL,0.20558822886349223,0.2061886515494139,0.2024391724832394,0.2036391794681549,502958400
2003-04-15,AAPL,0.20378952969974648,0.2039390003546452,0.19944046545490376,0.2007899433374405,303968000
2003-04-16,AAPL,0.19479158104446137,0.20498864343986284,0.19374188307689835,0.198541060090065,1016176000
2003-04-17,AAPL,0.19794061531022283,0.19869050853298126,0.19074312694420992,0.19674144685268402,616257600
2003-04-21,AAPL,0.1968910236562023,0.19779122630127705,0.1946421687914881,0.1970413327217102,152320000
2003-04-22,AAPL,0.19764086144123735,0.20423876685523876,0.19629138372857266,0.2025894969701767,300568800
2003-04-23,AAPL,0.20288927364432982,0.20438907277874227,0.20033980156307082,0.2036391794681549,209680800
2003-04-24,AAPL,0.20273983655677974,0.20408931438959085,0.19494192337193494,0.20153982937335968,325108000
2003-04-25,AAPL,0.20183963545985983,0.20363922716527613,0.198390786122308,0.20019036531448364,205318400
2003-04-28,AAPL,0.2021394267805735,0.20933775603050261,0.20138953329767847,0.20783796906471252,636798400
2003-04-29,AAPL,0.20963749527171313,0.21233645042898255,0.20363917479825908,0.21083666384220123,458236800
2003-04-30,AAPL,0.2088875942723243,0.21518570665605896,0.20768758735919665,0.21323664486408234,458175200
2003-05-01,AAPL,0.213685958731344,0.21578532990521654,0.20993731759908296,0.21533605456352234,342759200
2003-05-02,AAPL,0.21683498685746494,0.21878487461787205,0.21503540810696636,0.21668550372123718,321182400
2003-05-05,AAPL,0.22148386281103355,0.25312479003836474,0.22118409564670283,0.24127760529518127,1555708000
2003-05-06,AAPL,0.24172769392152418,0.2684199588985365,0.2414279017463372,0.2624216377735138,1514492000
2003-05-07,AAPL,0.2598721145942843,0.2735180240730513,0.25657357543927634,0.264671266078949,1054379200
2003-05-08,AAPL,0.265420338786925,0.2709694086380164,0.25927253559084557,0.2699197232723236,687736000
2003-05-09,AAPL,0.27486757456292693,0.2759172601863357,0.26812018546516914,0.27441832423210144,588386400
2003-05-12,AAPL,0.27216861709858087,0.2810162282841196,0.27186882490444864,0.27831727266311646,419372800
2003-05-13,AAPL,0.27636737962147045,0.28446509797246544,0.2691698888184986,0.2799665629863739,446796000
2003-05-14,AAPL,0.28236575250929535,0.2825160615679755,0.276367404992737,0.2781670093536377,355488000
2003-05-15,AAPL,0.27891696393270754,0.28266560660656453,0.2769670500864399,0.28086602687835693,284995200
2003-05-16,AAPL,0.27876643478210217,0.28506457151390585,0.2741184434595555,0.2819155156612396,341628000
2003-05-19,AAPL,0.2778671986769728,0.27966677789200906,0.2708191658390549,0.2714187502861023,445888800
2003-05-20,AAPL,0.2714187688780385,0.27231899651065006,0.26392148515470665,0.26677075028419495,416220000
2003-05-21,AAPL,0.2667706886402117,0.27126922300950296,0.26497110971774324,0.26767006516456604,305009600
2003-05-22,AAPL,0.26826965757882554,0.27591724882389773,0.266020803263455,0.27351808547973633,178460800
2003-05-23,AAPL,0.27306877659434536,0.2768174168984052,0.2693192853902051,0.2747180461883545,206718400
2003-05-27,AAPL,0.2693192919976738,0.28341532810134956,0.26856939874374247,0.28311553597450256,290130400
2003-05-28,AAPL,0.27741693716033333,0.2798161246794922,0.2721685111221091,0.27411842346191406,339679200
2003-05-29,AAPL,0.2742680152204186,0.2774170723782586,0.2684200021769712,0.2714187502861023,333765600
2003-05-30,AAPL,0.27171851360450305,0.27261871605320565,0.26287175339303337,0.2691698670387268,382748800
2003-06-02,AAPL,0.271418683224039,0.2742679474543598,0.25897276671652203,0.2616717219352722,418588800
2003-06-03,AAPL,0.26152227479197815,0.26497112379588306,0.25522416116559427,0.2595723867416382,360858400
2003-06-04,AAPL,0.2594228757202091,0.2667706741618096,0.2570228867046655,0.2639214098453522,271202400
2003-06-05,AAPL,0.2616717383603023,0.2660207894845569,0.25987215947694664,0.2645210027694702,205497600
2003-06-06,AAPL,0.26602079599475703,0.2705193303763657,0.2570229013577777,0.25717321038246155,241388000
2003-06-09,AAPL,0.254024165334237,0.255523952154552,0.24937529668906164,0.25177446007728577,259952000
2003-06-10,AAPL,0.25327438076837955,0.25927270475361075,0.2511749836407668,0.25762343406677246,176646400
2003-06-11,AAPL,0.25717318794612526,0.26257192425731557,0.25207506965807597,0.2616717219352722,225114400
2003-06-12,AAPL,0.2631714465067219,0.26812008049012176,0.2616716602393898,0.2664699852466583,252588000
2003-06-13,AAPL,0.26617022218073483,0.2691697950423558,0.25687336323159743,0.26122158765792847,191245600
2003-06-16,AAPL,0.2639214352458866,0.2739681899547577,0.26167175502994217,0.2739681899547577,238526400
2003-06-17,AAPL,0.27606762049147443,0.277417073412829,0.26976948112582516,0.2727682292461395,177464000
2003-06-18,AAPL,0.27666718520117145,0.2921127041460821,0.2745678137146649,0.2867147922515869,454983200
2003-06-19,AAPL,0.2903131442426817,0.2940626120570409,0.28146638229831705,0.28701460361480713,381528000
2003-06-20,AAPL,0.29016356866516363,0.29361241725707155,0.2834153546219453,0.28791388869285583,356546400
2003-06-23,AAPL,0.289413741733412,0.2952617547797764,0.28116571412339114,0.2858145833015442,307361600
2003-06-24,AAPL,0.29196316601160366,0.29496191362476726,0.2807164171831647,0.2816157937049866,514382400
2003-06-25,AAPL,0.2828157205818137,0.2909134108350364,0.2805660410050897,0.286264568567276,329812000
2003-06-26,AAPL,0.2804166373756718,0.2897134986728547,0.2804166373756718,0.28926339745521545,161705600
2003-06-27,AAPL,0.2894138241188107,0.28956330733625246,0.27711738420449994,0.28086602687835693,365792000
2003-06-30,AAPL,0.28011602840358757,0.28806426378993516,0.27876655046011073,0.2858145833015442,222152000
2003-07-01,AAPL,0.2829652036961261,0.2876140459638865,0.2775672941096841,0.286264568567276,180992000
2003-07-02,AAPL,0.2853645166306821,0.2909135640001119,0.28521503343766724,0.2889636754989624,325298400
2003-07-03,AAPL,0.2849151590308378,0.29316233436265854,0.2846153668572497,0.2868642210960388,137771200
2003-07-07,AAPL,0.28896359986060444,0.3026095123007547,0.28686422871596595,0.29796066880226135,286272000
2003-07-08,AAPL,0.29271219855578545,0.30740779444032496,0.29226292328540276,0.30590885877609253,256737600
2003-07-09,AAPL,0.30305948991821197,0.30665864607938526,0.2982611656188965,0.2982611656188965,213645600
2003-07-10,AAPL,0.29811101519829636,0.299010391855688,0.2904634230518805,0.2936124801635742,170934400
2003-07-11,AAPL,0.29481165212134347,0.2999106225479822,0.29286258973968315,0.2976609170436859,136858400
2003-07-14,AAPL,0.30006013313186003,0.3059089980732057,0.2979607613352526,0.2984108626842499,188406400
2003-07-15,AAPL,0.30021029860642395,0.3035096888239656,0.2913627143030676,0.2940624952316284,206645600
2003-07-16,AAPL,0.29946045558379697,0.29991058181949143,0.2906128697960266,0.29796066880226135,250930400
2003-07-17,AAPL,0.30275980228481264,0.3141560328938103,0.30185957497094,0.3134061396121979,751212000
2003-07-18,AAPL,0.3134061608067767,0.31760490276882625,0.30590887923095345,0.3128065764904022,298838400
2003-07-21,AAPL,0.3102571795014279,0.31190727558179854,0.3044091663156899,0.3090580105781555,183808800
2003-07-22,AAPL,0.3129568276973574,0.31430630509678326,0.3074077582114353,0.3119071424007416,198424800
2003-07-23,AAPL,0.31415613223383987,0.31430644128715524,0.30680833197369484,0.31175696849823,143035200
2003-07-24,AAPL,0.315505623568167,0.3224041737345894,0.3056091759742621,0.30755823850631714,229236000
2003-07-25,AAPL,0.30605834405911775,0.32345374608296573,0.305908860925826,0.3230036199092865,216686400
2003-07-28,AAPL,0.322404059581044,0.322404059581044,0.312806556730284,0.3147556185722351,170357600
2003-07-29,AAPL,0.3147557350904449,0.3161060390274231,0.3077085525251635,0.31070730090141296,197120000
2003-07-30,AAPL,0.31145710369135443,0.3134061656867771,0.3024600353107889,0.3041093051433563,173594400
2003-07-31,AAPL,0.31100698784796577,0.3201543648155746,0.30845751577329905,0.3161059319972992,301464800
2003-08-01,AAPL,0.3149059374231653,0.31895437024008366,0.3095072011269198,0.31085750460624695,149604000
2003-08-04,AAPL,0.30785788344281123,0.32240401946541253,0.3041092433581333,0.3180549442768097,230115200
2003-08-05,AAPL,0.3201543021557585,0.3209041953176396,0.301410276602837,0.3056090176105499,249440800
2003-08-06,AAPL,0.30080999388744917,0.30246011505527926,0.29241250761857246,0.2943623960018158,245464800
2003-08-07,AAPL,0.2958613336268829,0.3012600711724941,0.2912133154370864,0.29886090755462646,174378400
2003-08-08,AAPL,0.30155983178923107,0.3018596239758137,0.29391224047310255,0.2945118248462677,137659200
2003-08-11,AAPL,0.29721171072220215,0.2988609560995448,0.29256284087691525,0.2948116958141327,137228000
2003-08-12,AAPL,0.29631135058978747,0.29691093485520204,0.2918128168518906,0.29541197419166565,164438400
2003-08-13,AAPL,0.2978110301112147,0.3050085163307681,0.29361229001480516,0.3026093542575836,284099200
2003-08-14,AAPL,0.30305956332893114,0.3048591418454332,0.29901028017193604,0.29946038126945496,192780000
2003-08-15,AAPL,0.30021039627874163,0.30096031481415225,0.2948116585388009,0.2955615520477295,125865600
2003-08-18,AAPL,0.29781118955537805,0.3060583902409408,0.29571181838319777,0.3050086796283722,192774400
2003-08-19,AAPL,0.30545870180563767,0.306658696012548,0.2999104835798816,0.3047088086605072,133688800
2003-08-20,AAPL,0.3026096108172237,0.3189545091127783,0.30201005128540853,0.31505638360977173,273212800
2003-08-21,AAPL,0.3153559951825462,0.3255530812272237,0.31415600087952095,0.32510295510292053,255326400
2003-08-22,AAPL,0.32705206111414675,0.3299013253310614,0.3095072005274409,0.31310635805130005,250264000
2003-08-25,AAPL,0.3116065819839392,0.31355646982272734,0.3072583568796531,0.3128065764904022,137782400
2003-08-26,AAPL,0.3111573523465163,0.31595567932910495,0.3051590306813629,0.3156558871269226,164959200
2003-08-27,AAPL,0.31355647359247424,0.32210344076156616,0.3098078327594944,0.32210344076156616,225702400
2003-08-28,AAPL,0.3198545756729549,0.33320071962195097,0.3198545756729549,0.3327506184577942,319625600
2003-08-29,AAPL,0.3329009099779092,0.34264787082240616,0.3306512301490319,0.33904871344566345,263155200
2003-09-02,AAPL,0.3397987639089053,0.3433979229505771,0.3358998125927666,0.3426480293273926,242132800
2003-09-03,AAPL,0.3418980824864058,0.3496960089313907,0.3412984980307997,0.3441469371318817,268828000
2003-09-04,AAPL,0.34729593832891914,0.34864626697361645,0.3414479261450589,0.3423481285572052,199780000
2003-09-05,AAPL,0.34084830139041167,0.34714641403392243,0.33604997534021536,0.3373994529247284,240133600
2003-09-08,AAPL,0.3370996026526138,0.3417476188925224,0.3369492936697312,0.34099772572517395,167244000
2003-09-09,AAPL,0.3378487394830643,0.3399481104343233,0.3317009356431068,0.33544957637786865,180370400
2003-09-10,AAPL,0.33365004083877325,0.33904880336212495,0.33155066945785766,0.33260035514831543,224890400
2003-09-11,AAPL,0.33364990070938794,0.34174761564328576,0.3314010721287268,0.3382987678050995,213684800
2003-09-12,AAPL,0.33754889249483383,0.3469960602408216,0.3345501455689066,0.34639647603034973,179989600
2003-09-15,AAPL,0.3420475289883691,0.3433978326795595,0.3317009818059637,0.3330504596233368,226844800
2003-09-16,AAPL,0.33305040799931385,0.3402487230746285,0.3329009248615635,0.335300087928772,269007200
2003-09-17,AAPL,0.33544956162859385,0.33559987063580443,0.3276524883479605,0.3317009210586548,289396800
2003-09-18,AAPL,0.33140112751741885,0.34474724590345457,0.3291514226342882,0.34309715032577515,252907200
2003-09-19,AAPL,0.34309720310697955,0.34564667549532824,0.3363498142463353,0.33859866857528687,205956800
2003-09-22,AAPL,0.3326003535844352,0.33739953165463715,0.32870225395657704,0.3311014175415039,179821600
2003-09-23,AAPL,0.33020118898189843,0.33679912031506154,0.3281018176173238,0.33634984493255615,132451200
2003-09-24,AAPL,0.3330504393035556,0.33455022606416307,0.3161059622025276,0.3197042942047119,301285600
2003-09-25,AAPL,0.32000397176783535,0.3204540728095605,0.30365908487571114,0.3063580393791199,574380800
2003-09-26,AAPL,0.30440909519989406,0.32540280519176834,0.30215939015697924,0.31025710701942444,347250400
2003-09-29,AAPL,0.32225368702963963,0.32495264183394296,0.3096574634448065,0.3194044232368469,365702400
2003-09-30,AAPL,0.3162555222155534,0.318205410652988,0.3065085576502832,0.31070730090141296,285426400
2003-10-01,AAPL,0.31055697369346535,0.3164058127900538,0.30275989802121295,0.31175696849823,236112800
2003-10-02,AAPL,0.3119071679306213,0.3119071679306213,0.3041092691250499,0.30845749378204346,204058400
2003-10-03,AAPL,0.31475570561641797,0.32780203546046266,0.3131064354576184,0.32525256276130676,299600000
2003-10-06,AAPL,0.32495276676192675,0.33485006437394094,0.32360328884096873,0.33425047993659973,268329600
2003-10-07,AAPL,0.3306512577366561,0.3510454084347059,0.32855188673733887,0.3481961190700531,418174400
2003-10-08,AAPL,0.34864623196677197,0.35299443191649843,0.3408483075622721,0.34579694271087646,428668800
2003-10-09,AAPL,0.3493952238162433,0.3549442933607258,0.34174763455641616,0.351644903421402,347748800
2003-10-10,AAPL,0.352394817607491,0.3570436598806861,0.3504449051042005,0.35509374737739563,174837600
2003-10-13,AAPL,0.3558438139496846,0.366040879054877,0.3556934798724903,0.3651406764984131,279865600
2003-10-14,AAPL,0.3646914305409256,0.3709895454490912,0.3627415420937477,0.3681402802467346,275419200
2003-10-15,AAPL,0.3726385797377441,0.3750377421058732,0.3685901480927979,0.3721884787082672,610103200
2003-10-16,AAPL,0.35689336750378275,0.35749292671028704,0.3360499445821677,0.3486461937427521,975682400
2003-10-17,AAPL,0.3505953388717842,0.35224460895949505,0.3363498407531438,0.34114816784858704,359811200
2003-10-20,AAPL,0.3388984327166647,0.3499956979085709,0.3355998930741497,0.3481961190700531,279132000
2003-10-21,AAPL,0.3495456779880502,0.35089515596221615,0.34114819203865004,0.3475966155529022,176461600
2003-10-22,AAPL,0.3439973565153797,0.3478963061202276,0.34009840691053184,0.3412984013557434,161599200
2003-10-23,AAPL,0.3408482662924858,0.3471463782874656,0.3387488956274926,0.3447472155094147,165211200
2003-10-24,AAPL,0.3382989252829583,0.34264797728729673,0.33335028882074863,0.33889850974082947,219856000
2003-10-27,AAPL,0.34114819026870985,0.34324756174516796,0.33724923954472924,0.33889850974082947,162013600
2003-10-28,AAPL,0.33829884762939105,0.3564432932433204,0.3358996844747044,0.35569339990615845,251714400
2003-10-29,AAPL,0.3525443829827877,0.35839324634609754,0.3499957363988482,0.3552441895008087,267080800
2003-10-30,AAPL,0.35974275827050206,0.3598922164181748,0.34294776180976005,0.34624630212783813,260556800
2003-10-31,AAPL,0.349395337704865,0.3501452311510192,0.3415982627873078,0.34324753284454346,218153600
2003-11-03,AAPL,0.3423481836863238,0.3493953657228395,0.34159829018003574,0.34714651107788086,302842400
2003-11-04,AAPL,0.3459463878031663,0.34639648891454566,0.3387488993890899,0.3435472249984741,249233600
2003-11-05,AAPL,0.3421977228261609,0.3468465649784356,0.33694929648441185,0.3453467786312103,322470400
2003-11-06,AAPL,0.3435472903665731,0.3471464481952367,0.3396483403644803,0.3466963469982147,397073600
2003-11-07,AAPL,0.34774599832177827,0.34849589161843547,0.3366495596280712,0.3373994529247284,210145600
2003-11-10,AAPL,0.3366495306532497,0.33964827770810696,0.32750212959273695,0.32840150594711304,234276000
2003-11-11,AAPL,0.32840153018108215,0.33020110889623555,0.32210341761487754,0.3230036199092865,215073600
2003-11-12,AAPL,0.3221034240338914,0.3406979949892924,0.3221034240338914,0.3348499834537506,300003200
2003-11-13,AAPL,0.33095112316060926,0.33829892328481326,0.32870226851992057,0.336199551820755,212772000
2003-11-14,AAPL,0.3370997231910793,0.33904878542429545,0.3191047333342829,0.3218036890029907,237048000
2003-11-17,AAPL,0.3201543487863163,0.3204541409200283,0.3141560284911373,0.31685498356819153,228256000
2003-11-18,AAPL,0.3180549882012035,0.32000405006981103,0.30515897079514104,0.3060583472251892,267192800
2003-11-19,AAPL,0.3083080411117686,0.3096575187549602,0.30380950700989323,0.30620867013931274,344584800
2003-11-20,AAPL,0.301410276602837,0.3161058701298323,0.301410276602837,0.3056090176105499,239590400
2003-11-21,AAPL,0.30500865660544557,0.3086078393336391,0.29766085805744746,0.3041093051433563,241836000
2003-11-24,AAPL,0.3074077013188122,0.31895426247111014,0.3066586591636663,0.31715551018714905,381824800
2003-11-25,AAPL,0.31835479340872724,0.3186545855643791,0.3090579330886929,0.31010761857032776,268654400
2003-11-26,AAPL,0.31325677383930395,0.3171557248402056,0.3036592674356801,0.31070730090141296,245128800
2003-11-28,AAPL,0.3116066339668931,0.3159556856704123,0.3077085093864505,0.3135565221309662,76098400
2003-12-01,AAPL,0.3155055150833804,0.32765249005246033,0.31490593079875084,0.32555311918258667,361536000
2003-12-02,AAPL,0.32390299633003095,0.32840153018108215,0.32105373218717675,0.3230036199092865,205296000
2003-12-03,AAPL,0.32300366701310884,0.3275022015201841,0.31430639018292533,0.3153560757637024,191296000
2003-12-04,AAPL,0.3140064548801042,0.3174553022344759,0.31145698366771307,0.31715551018714905,177940000
2003-12-05,AAPL,0.3134061170014676,0.3171555831390239,0.31085747107624756,0.3126562237739563,186177600
2003-12-08,AAPL,0.3116066277128723,0.3161059883671138,0.30605840728791006,0.3156558871269226,148237600
2003-12-09,AAPL,0.31745542174985736,0.3186545903906269,0.3059088812769934,0.3066587746143341,135144800
2003-12-10,AAPL,0.30665870286247815,0.3090578654563818,0.2993109060989805,0.3056090176105499,271336800
2003-12-11,AAPL,0.30365911724196154,0.3200040058762457,0.3030595580645387,0.3180549442768097,183136800
2003-12-12,AAPL,0.31970427711867483,0.31970427711867483,0.3104074166220501,0.3132566809654236,192673600
2003-12-15,AAPL,0.3222536973384697,0.3222536973384697,0.3009601985791576,0.3024599850177765,388908800
2003-12-16,AAPL,0.3027598740571891,0.30725840893962997,0.300060067402161,0.30171018838882446,373956800
2003-12-17,AAPL,0.3011097395453639,0.3018596329710629,0.2967615138996535,0.2981109917163849,274260000
2003-12-18,AAPL,0.2984107671487405,0.3026095093977378,0.2984107671487405,0.30051013827323914,330915200
2003-12-19,AAPL,0.30275979702722144,0.3062086453638209,0.29421197978719266,0.29541197419166565,453560800
2003-12-22,AAPL,0.2946621689471568,0.2982613523885857,0.2886638468802081,0.2976609170436859,377064800
2003-12-23,AAPL,0.29871059423188606,0.299160695489379,0.29391226706485113,0.29706132411956787,308498400
2003-12-24,AAPL,0.2957117768216313,0.30875812826267995,0.29466209138307187,0.3060583472251892,177475200
2003-12-26,AAPL,0.3051588730688026,0.3135563538880065,0.3050085390819605,0.3116064667701721,103695200
2003-12-29,AAPL,0.31355635387240965,0.31730499327410816,0.3128064608173882,0.31715551018714905,233458400
2003-12-30,AAPL,0.3176048552357584,0.3224040316961229,0.31715558000257354,0.3191046416759491,204853600
2003-12-31,AAPL,0.32015441784457543,0.3228533735038025,0.31760494534762507,0.3204542100429535,174451200
2004-01-02,AAPL,0.32315307401615545,0.32615267192300923,0.3176048552357584,0.3191046416759491,144642400
2004-01-05,AAPL,0.32120394834763777,0.33574925615053275,0.32120394834763777,0.3324507176876068,395018400
2004-01-06,AAPL,0.3336500097586771,0.33619950718845715,0.32555316810489426,0.3312508463859558,509348000
2004-01-07,AAPL,0.3314011337708333,0.34234808937386496,0.3288516367001063,0.3387489318847656,586874400
2004-01-08,AAPL,0.3424976428017704,0.3558437892052008,0.33964837802760717,0.3502955436706543,460303200
2004-01-09,AAPL,0.34834567252369203,0.3618421286263163,0.34174776603321927,0.3448968231678009,427459200
2004-01-12,AAPL,0.3486462919803776,0.3598921909221624,0.3463965866359458,0.35584378242492676,487547200
2004-01-13,AAPL,0.37038898869186493,0.372488359498237,0.3577927388271583,0.3616917133331299,679016800
2004-01-14,AAPL,0.36589063130954974,0.36799000312784425,0.35659376720312125,0.36289188265800476,620043200
2004-01-15,AAPL,0.3435474061507934,0.3508952074343532,0.3373995998391356,0.3426480293273926,1018208800
2004-01-16,AAPL,0.343247535938704,0.3454972162974461,0.33904879330146287,0.3406980633735657,372820000
2004-01-20,AAPL,0.3399480945871739,0.341897982307419,0.33364995700051747,0.34084829688072205,315946400
2004-01-21,AAPL,0.3403981909935289,0.34444744951077755,0.3363497583499325,0.33904871344566345,226660000
2004-01-22,AAPL,0.33829890988695915,0.34234816947808006,0.33260035514831543,0.33260035514831543,205004800
2004-01-23,AAPL,0.336199397305897,0.3409977224830671,0.33364990070938794,0.3382987678050995,227169600
2004-01-26,AAPL,0.3367990268722402,0.3457969201339104,0.3363497516143836,0.3450470268726349,271269600
2004-01-27,AAPL,0.3454972153931229,0.34864629738929137,0.3418980571780949,0.3459464907646179,307070400
2004-01-28,AAPL,0.3424976510627891,0.35059534433366163,0.33605005377918873,0.3376993238925934,275402400
2004-01-29,AAPL,0.3393484580688591,0.3418979296765683,0.3327505543843795,0.3400983512401581,212699200
2004-01-30,AAPL,0.3396482451440833,0.34294760987434053,0.336199397305897,0.3382987678050995,185298400
2004-02-02,AAPL,0.33679912131741685,0.3420475497444733,0.33110141750651795,0.33469974994659424,287431200
2004-02-03,AAPL,0.3343999001814447,0.33589968686644767,0.32990134097368445,0.3338003158569336,180812800
2004-02-04,AAPL,0.32990136174334966,0.3312508394953216,0.32540282727885084,0.32675230503082275,305552800
2004-02-05,AAPL,0.3272024815101921,0.34354735194495895,0.3270521474331757,0.336199551820755,352844800
2004-02-06,AAPL,0.3366495656318778,0.34324747053698346,0.33589967232184703,0.3405485153198242,193340000
2004-02-09,AAPL,0.3391990502689287,0.3427973820671272,0.3373994714329695,0.3399481177330017,188260800
2004-02-10,AAPL,0.33919910037308076,0.3466963831110178,0.33649931878348877,0.3445970118045807,255343200
2004-02-11,AAPL,0.34624614444045576,0.357943016049048,0.34564656026912055,0.3568933308124542,348544000
2004-02-12,AAPL,0.35404417831885177,0.3597427327850778,0.35389472018176715,0.35584378242492676,183988000
2004-02-13,AAPL,0.3576433857802075,0.3613920273574081,0.3423481763497262,0.3448968231678009,315980000
2004-02-17,AAPL,0.3463965039295434,0.35224451513656985,0.3463965039295434,0.347295880317688,170956800
2004-02-18,AAPL,0.3475965136215365,0.3514946373487223,0.3456466258842726,0.34879568219184875,141635200
2004-02-19,AAPL,0.34984527292467477,0.35449413958684,0.3360498828584666,0.33694925904273987,323080800
2004-02-20,AAPL,0.3373995573172104,0.3375490404985876,0.3330505052004582,0.3358997702598572,277603200
2004-02-23,AAPL,0.33500029840488244,0.33679905131411814,0.32825208443731346,0.3327506184577942,194079200
2004-02-24,AAPL,0.33200072254030455,0.3409977905107586,0.32990132659581056,0.335300087928772,259056000
2004-02-25,AAPL,0.3341000418407187,0.34339772639758337,0.3330503565438831,0.34204742312431335,276276000
2004-02-26,AAPL,0.34309717213419577,0.3475965321335024,0.34189800350001937,0.34549716114997864,198408000
2004-02-27,AAPL,0.3442972308229805,0.3601928502051375,0.3441469217788317,0.35869306325912476,468837600
2004-03-01,AAPL,0.3613920041391585,0.3643915779073165,0.35794315500484464,0.36019283533096313,321680800
2004-03-02,AAPL,0.3598921566821091,0.3613919684445318,0.3564433078884375,0.3570437431335449,256687200
2004-03-03,AAPL,0.35389473608052663,0.3627414969647165,0.35389473608052663,0.35869306325912476,225131200
2004-03-04,AAPL,0.3588423680931646,0.3781868284874393,0.3585426010332875,0.37728747725486755,660223200
2004-03-05,AAPL,0.3741385152558777,0.41222703808678424,0.37338862186524957,0.40098026394844055,1540599200
2004-03-08,AAPL,0.39918061615601674,0.40173008806979793,0.3868841835922692,0.38988375663757324,522872000
2004-03-09,AAPL,0.38838396902220995,0.40832801642402683,0.38613426421808766,0.40637895464897156,618363200
2004-03-10,AAPL,0.4054788109042227,0.42197401341111707,0.40397902407678393,0.4150763154029846,1006964000
2004-03-11,AAPL,0.40892758490797376,0.42047414946563855,0.406228629812635,0.4071280062198639,595851200
2004-03-12,AAPL,0.40967739671338677,0.4165750916633483,0.4074285433430868,0.4132765531539917,329224000
2004-03-15,AAPL,0.4053292472986163,0.41012757284924933,0.3937826836278409,0.396631121635437,481717600
2004-03-16,AAPL,0.39813104155072926,0.39903124406426943,0.38073648619276323,0.3871840834617615,605432800
2004-03-17,AAPL,0.38928339268800555,0.3955815057819744,0.38658443732594283,0.39273306727409363,411432000
2004-03-18,AAPL,0.38898369383327597,0.3907832731309178,0.3837352399694761,0.38493525981903076,321081600
2004-03-19,AAPL,0.38328585788017205,0.40397894800808826,0.38298521484577314,0.3877843916416168,408576000
2004-03-22,AAPL,0.38043659379407246,0.39243240853337574,0.37863701511476494,0.3877843916416168,419031200
2004-03-23,AAPL,0.38808421896496353,0.3898837978074457,0.3781869232416966,0.3792366087436676,385515200
2004-03-24,AAPL,0.3789367633512213,0.3861342518363627,0.3789367633512213,0.38238561153411865,428215200
2004-03-25,AAPL,0.3919830885398506,0.4035296517234665,0.3882336226051223,0.4029292166233063,566445600
2004-03-26,AAPL,0.4048791269238586,0.4102770114165566,0.4035296495440662,0.40547868609428406,419893600
2004-03-29,AAPL,0.410427466811805,0.4197243281074225,0.40787796938419185,0.41852515935897827,350728000
2004-03-30,AAPL,0.415975544165145,0.41912459985951944,0.409977199834127,0.418674498796463,359676800
2004-03-31,AAPL,0.4186745186937795,0.419574720862674,0.40412920871449176,0.40547868609428406,390773600
2004-04-01,AAPL,0.4032299877071334,0.40892766613888754,0.39918070335963396,0.406528502702713,318332000
2004-04-02,AAPL,0.4161258648747271,0.4188248195821296,0.40832796697163837,0.41237637400627136,274478400
2004-04-05,AAPL,0.41207664745698264,0.4254227650702085,0.4114770632127251,0.4246728718280792,385672000
2004-04-06,AAPL,0.4155254414648012,0.42212417078526027,0.41132667552904295,0.4173250198364258,257992000
2004-04-07,AAPL,0.4140266110535544,0.4153760887876305,0.40367921360954984,0.40952807664871216,255119200
2004-04-08,AAPL,0.4180749950552165,0.41987457378012577,0.4078779078367018,0.4128265678882599,240917600
2004-04-12,AAPL,0.41237645502532955,0.42137437396684013,0.41222699691287706,0.42047417163848877,230540800
2004-04-13,AAPL,0.4195746992049102,0.4203246173755675,0.40247991846089215,0.4038293957710266,436396800
2004-04-14,AAPL,0.4009802487988721,0.40592890931750636,0.3945318265821227,0.3994804620742798,639732800
2004-04-15,AAPL,0.43217108118814,0.44356728822182206,0.4222738100084201,0.4393685460090637,1761446400
2004-04-16,AAPL,0.43711977659224444,0.4395189151765253,0.42737281310370306,0.4375690519809723,402931200
2004-04-19,AAPL,0.4216741282640093,0.43112127103427245,0.4173250530043346,0.4251229763031006,712353600
2004-04-20,AAPL,0.42302368621837094,0.42602240870484215,0.41327669943265133,0.4158261716365814,354519200
2004-04-21,AAPL,0.41387628376049496,0.4216742085438579,0.41042743506479945,0.4158261716365814,325875200
2004-04-22,AAPL,0.41327677235554217,0.42257363457247343,0.40652853189204013,0.4165753126144409,344584800
2004-04-23,AAPL,0.41537609696388245,0.4198746314572738,0.4056291345825709,0.41537609696388245,315828800
2004-04-26,AAPL,0.41357655436284885,0.4144759309911078,0.4048792767942584,0.4068283140659332,231128800
2004-04-27,AAPL,0.40847841884249525,0.41147716669152656,0.40023039195199045,0.40397903323173523,283864000
2004-04-28,AAPL,0.4021801913047155,0.4050286042858392,0.3949818520787048,0.396631121635437,231168000
2004-04-29,AAPL,0.3966311864131217,0.40487921231749774,0.3895840059293811,0.4014303386211395,460790400
2004-04-30,AAPL,0.40053004193910036,0.4042795327878695,0.382236117395106,0.3865843415260315,466502400
2004-05-03,AAPL,0.389883768613341,0.39483240359118743,0.3859848190588662,0.39093345403671265,297634400
2004-05-04,AAPL,0.3894336793658698,0.39813095515757146,0.3823856482994759,0.39198315143585205,279983200
2004-05-05,AAPL,0.3928825996659768,0.40113062670578037,0.38928344148293237,0.3996308147907257,238106400
2004-05-06,AAPL,0.39588201376820514,0.4011304649139507,0.3883839082234523,0.39858096837997437,263558400
2004-05-07,AAPL,0.3981308392986675,0.4134260405466512,0.3981308392986675,0.3999304175376892,419036800
2004-05-10,AAPL,0.3939323563779125,0.3988809933038646,0.3889837194519604,0.3940826654434204,249978400
2004-05-11,AAPL,0.39588220012964037,0.407728560277217,0.39588220012964037,0.40697866678237915,305172000
2004-05-12,AAPL,0.40173016713754056,0.40997734288804777,0.39348216551323495,0.409377783536911,245420000
2004-05-13,AAPL,0.4063789560870974,0.41567581561228484,0.40337935801314373,0.4077284336090088,229852000
2004-05-14,AAPL,0.4086278213615317,0.4096775318733745,0.3966311798505658,0.40577855706214905,257801600
2004-05-17,AAPL,0.400380664458534,0.40577857526907113,0.3952817199444189,0.3994804620742798,300445600
2004-05-18,AAPL,0.4044290794200646,0.409227405674967,0.40187960727739963,0.40577855706214905,206063200
2004-05-19,AAPL,0.41087749488796965,0.41237643053021683,0.3961818741925001,0.3969317674636841,375592000
2004-05-20,AAPL,0.39933090161792784,0.40487914540279246,0.3969317388472923,0.400530070066452,196296800
2004-05-21,AAPL,0.4033794458413934,0.4078779805184477,0.4008299733706634,0.406528502702713,179894400
2004-05-24,AAPL,0.40922742349508046,0.41837482613147026,0.4065284680933836,0.4099773168563843,235603200
2004-05-25,AAPL,0.4123763582836395,0.42752207746308346,0.4092273026205559,0.4260222911834717,319978400
2004-05-26,AAPL,0.4248233160397628,0.43157155651963136,0.4198746797655372,0.4275222718715668,322168000
2004-05-27,AAPL,0.4267723080117034,0.42887167906220514,0.4171756551372619,0.4224241077899933,235972800
2004-05-28,AAPL,0.4210745914642828,0.4239230047103749,0.4168758247220268,0.4207739233970642,145717600
2004-06-01,AAPL,0.4167255157148922,0.4228732942549549,0.41402656057579434,0.4207739233970642,182134400
2004-06-02,AAPL,0.4203246714173241,0.4374194043062971,0.4168757981829712,0.4336707890033722,318712800
2004-06-03,AAPL,0.4306712479911563,0.4347204815896129,0.42422362718967815,0.42587292194366455,250930400
2004-06-04,AAPL,0.4282720042787407,0.43861854832522607,0.4275221110799692,0.4315713942050934,399112000
2004-06-07,AAPL,0.4354695753075496,0.44956558722101425,0.43202072683376075,0.4470160901546478,295876000
2004-06-08,AAPL,0.4497159470241278,0.45646333572464665,0.44731680874889124,0.45511385798454285,415620800
2004-06-09,AAPL,0.45121474000741646,0.46051247401826506,0.4498652626946413,0.4528648853302002,349204800
2004-06-10,AAPL,0.4528649280675751,0.4644114416521272,0.4528649280675751,0.46096259355545044,257577600
2004-06-14,AAPL,0.45961242242963657,0.4600624986126733,0.44236817792565236,0.4516650140285492,243986400
2004-06-15,AAPL,0.45796320577499106,0.4669602762610488,0.4537644627649748,0.4602128863334656,444634400
2004-06-16,AAPL,0.459762678775684,0.4996507760326686,0.45781361688075006,0.4909534752368927,909641600
2004-06-17,AAPL,0.488254379276262,0.49680131854452236,0.48300592849919005,0.4920029938220978,551320000
2004-06-18,AAPL,0.4897535466416329,0.5010003466146195,0.486304697495941,0.49350306391716003,406252000
2004-06-21,AAPL,0.4966519613086076,0.5023496383442314,0.48165574822793544,0.48480477929115295,390213600
2004-06-22,AAPL,0.48435569466549,0.4962020304450344,0.48420538560861065,0.49485260248184204,360511200
2004-06-23,AAPL,0.49485230772964656,0.507298220575588,0.4932021625296506,0.5053491592407227,390868800
2004-06-24,AAPL,0.5025001272184078,0.5053493919223855,0.4945527183523985,0.49755144119262695,252515200
2004-06-25,AAPL,0.4959019678542861,0.5053491592407227,0.49485230772964656,0.5053491592407227,323428000
2004-06-28,AAPL,0.5125467794856067,0.5126970884993444,0.48300607801744283,0.48720481991767883,521096800
2004-06-29,AAPL,0.48090674642685277,0.49470214187173167,0.4710094751737739,0.4873543679714203,590553600
2004-06-30,AAPL,0.488254638594262,0.49440244379295256,0.478207056911394,0.4879540205001831,373044000
2004-07-01,AAPL,0.4813557881943571,0.487054314438522,0.47835706701900216,0.4843553602695465,341941600
2004-07-02,AAPL,0.45706383650889804,0.46756069362988834,0.4458170858972815,0.46606090664863586,910683200
2004-07-06,AAPL,0.4689100114053226,0.4711588402087347,0.4618620060493773,0.46411168575286865,348980800
2004-07-07,AAPL,0.46261201323465734,0.47025960471251566,0.4518153398939188,0.45571431517601013,397992000
2004-07-08,AAPL,0.45181537679816686,0.460062553335499,0.4491155700672456,0.4519648849964142,233380000
2004-07-09,AAPL,0.4539145127443312,0.45736336026640806,0.45031535625457764,0.45031535625457764,208863200
2004-07-12,AAPL,0.4501652408942941,0.45046585895893754,0.43382034741353215,0.43696942925453186,511621600
2004-07-13,AAPL,0.43861863547049956,0.44386708805757336,0.435169786769783,0.43816936016082764,316176000
2004-07-14,AAPL,0.4327705663861689,0.44941607329878536,0.4309709628417159,0.4435671865940094,835800000
2004-07-15,AAPL,0.4897536791397672,0.5042998240026848,0.48150650076659973,0.4938029646873474,1767724000
2004-07-16,AAPL,0.49185289579780395,0.49365249983534615,0.48165585701079033,0.48285582661628723,488381600
2004-07-19,AAPL,0.4800065968852733,0.4831556789414954,0.47475819352885135,0.47940701246261597,533170400
2004-07-20,AAPL,0.4791072104627675,0.48285582661628723,0.47310886402401076,0.48285582661628723,323747200
2004-07-21,AAPL,0.4861553198288192,0.490503521276882,0.46995988114035925,0.4741586744785309,301257600
2004-07-22,AAPL,0.46861021098350825,0.4758076739238073,0.46576089719156916,0.47505778074264526,334118400
2004-07-23,AAPL,0.47280890026070344,0.47610738879497294,0.45706359777677685,0.46036213636398315,273571200
2004-07-26,AAPL,0.462611824025163,0.47160888962825326,0.4615621138158846,0.4687596261501312,393932000
2004-07-27,AAPL,0.4768574960704577,0.49110296720652913,0.4734086473270637,0.4863046407699585,425006400
2004-07-28,AAPL,0.4845051382173736,0.4860049250902637,0.46726089267445203,0.483905553817749,285051200
2004-07-29,AAPL,0.48690426529360487,0.4921527183788155,0.48180617129466297,0.4894537627696991,222157600
2004-07-30,AAPL,0.48960384958558395,0.4948523002886704,0.47985689131092557,0.48495498299598694,243023200
2004-08-02,AAPL,0.46756064568492983,0.4828558285288516,0.4668107522711997,0.4735589921474457,365092000
2004-08-03,AAPL,0.47160903805190363,0.47565832198557423,0.467110478808114,0.46920984983444214,211629600
2004-08-04,AAPL,0.4677099876483719,0.4816557392862508,0.4674102205585749,0.47670790553092957,276488800
2004-08-05,AAPL,0.4770078549241834,0.484355629341086,0.46861036984603227,0.47070974111557007,244501600
2004-08-06,AAPL,0.46336169277976563,0.4663604141722001,0.44536671161960073,0.44656673073768616,492290400
2004-08-09,AAPL,0.44761658313899755,0.4566136521343545,0.4470161478720544,0.45436397194862366,290847200
2004-08-10,AAPL,0.45571423889710894,0.47295848115733063,0.45511380371147786,0.4726586639881134,351036000
2004-08-11,AAPL,0.4663606573329701,0.46681078361266903,0.45376442923372845,0.4650111794471741,322392000
2004-08-12,AAPL,0.4566136687744835,0.4626120153077221,0.45406422133898194,0.45541369915008545,226200800
2004-08-13,AAPL,0.45886338228633755,0.4690596211253399,0.4558638083787354,0.4624617397785187,328048000
2004-08-16,AAPL,0.4648608457069182,0.475658370020297,0.45946293445052333,0.46156230568885803,435674400
2004-08-17,AAPL,0.45856270360475654,0.4668107299134256,0.45511385476582283,0.4629117548465729,323019200
2004-08-18,AAPL,0.4575129869139136,0.47760734402827987,0.4572131697478679,0.47595804929733276,364655200
2004-08-19,AAPL,0.47250912805626694,0.47775757940047486,0.45526403773622115,0.4605124890804291,388920000
2004-08-20,AAPL,0.46051255010936,0.46471129171998343,0.45721315987154826,0.4618620276451111,316780800
2004-08-23,AAPL,0.46276151543817673,0.46891017156346015,0.4588633906851418,0.46606090664863586,254660000
2004-08-24,AAPL,0.4687597742713012,0.4791071712970733,0.46771006373032975,0.47910717129707336,374136000
2004-08-25,AAPL,0.47790714876479945,0.4971013050978569,0.4758077777488652,0.4956023693084717,505618400
2004-08-26,AAPL,0.49545196300045,0.527542159559268,0.49095345426077563,0.5197451114654541,955858400
2004-08-27,AAPL,0.520044882134945,0.5212440506815174,0.5098477950943326,0.5150962471961975,388813600
2004-08-30,AAPL,0.509848096479644,0.5206447741757574,0.5092485118519268,0.5116477012634277,218142400
2004-08-31,AAPL,0.5108975880909511,0.5240933994774631,0.5098478774797777,0.5171957015991211,376560800
2004-09-01,AAPL,0.5143464934542074,0.5396892592964395,0.5126971982919334,0.5377393960952759,515726400
2004-09-02,AAPL,0.5323413695293108,0.5369893867155391,0.5222937400364777,0.5347405076026917,406324800
2004-09-03,AAPL,0.5249934020351467,0.538639334467488,0.5249934020351467,0.5282919406890869,293468000
2004-09-07,AAPL,0.5308415351883023,0.5426878664832999,0.5282920382775805,0.5362394452095032,301957600
2004-09-08,AAPL,0.5353400783054457,0.5483864298466716,0.5350403111862695,0.5450870394706726,343526400
2004-09-09,AAPL,0.5413384764725846,0.5443371990677147,0.5290420170373723,0.5353401303291321,461339200
2004-09-10,AAPL,0.5347406368021884,0.5432876308198494,0.5317410627973607,0.5378897190093994,328014400
2004-09-13,AAPL,0.5380388897284325,0.5408881531613293,0.5296414083992455,0.5336906909942627,281976800
2004-09-14,AAPL,0.5284423725364884,0.5330903895272197,0.5215438247801667,0.5321910381317139,254822400
2004-09-15,AAPL,0.5302419046175814,0.5320406572184382,0.5218444223193661,0.5278418660163879,232668800
2004-09-16,AAPL,0.5278419461429688,0.5512356940408788,0.5260432433220108,0.5450870394706726,501916800
2004-09-17,AAPL,0.5480865857976365,0.5605325004004867,0.5458368561575556,0.5569333434104919,502308800
2004-09-20,AAPL,0.5530345358703895,0.5695297385503786,0.5528850777368385,0.5654813051223755,245000000
2004-09-21,AAPL,0.5660808618220737,0.5828758308479839,0.5617326113863994,0.5699797868728638,386652000
2004-09-22,AAPL,0.5713292005254075,0.5719287848165662,0.551984736309111,0.5536348819732666,401688000
2004-09-23,AAPL,0.5554342830137373,0.5623319780870316,0.5537841878561174,0.5588831305503845,397404000
2004-09-24,AAPL,0.5615820792413895,0.5698292514512235,0.5570835716194531,0.5591829419136047,369488000
2004-09-27,AAPL,0.554084135510118,0.5695296759021153,0.552285432597696,0.5627822875976562,397516000
2004-09-28,AAPL,0.5617324432213291,0.5741783572383548,0.5615821342398362,0.5704297423362732,353186400
2004-09-29,AAPL,0.5687796425968901,0.5827261937259444,0.5671303481544869,0.580026388168335,273509600
2004-09-30,AAPL,0.5848256016331791,0.5888740338786757,0.5765775772522042,0.5810760855674744,425012000
2004-10-01,AAPL,0.5866244669045172,0.5876741273884419,0.5785276008589036,0.5798770785331726,465404800
2004-10-04,AAPL,0.5875247593759828,0.5875247593759828,0.5810762862528484,0.581676721572876,574084000
2004-10-05,AAPL,0.5782270492096143,0.5948725626094565,0.5758279105682909,0.5903740525245667,406162400
2004-10-06,AAPL,0.5923228365554963,0.6112171706681561,0.5918727104672465,0.6094176173210144,446303200
2004-10-07,AAPL,0.6079188962131757,0.613766934091597,0.5917235096820991,0.5941226482391357,426148800
2004-10-08,AAPL,0.5932235639169786,0.5963725973640944,0.5824260340622769,0.5857254266738892,359228800
2004-10-11,AAPL,0.5818261997024728,0.585725124950225,0.572829080323635,0.5786771178245544,323870400
2004-10-12,AAPL,0.5773277783109869,0.5785277982761592,0.5645812388177335,0.5741786956787109,460191200
2004-10-13,AAPL,0.5828760238356527,0.596222148408838,0.5809269610885787,0.5960718393325806,1163008000
2004-10-14,AAPL,0.647656515798979,0.6860447743650898,0.6380590131941569,0.6744982600212097,2768427200
2004-10-15,AAPL,0.6729994486890405,0.6839455807584045,0.662652100190769,0.6822963356971741,1031128000
2004-10-18,AAPL,0.6702998422038772,0.7160367965698242,0.6702998422038772,0.7160367965698242,1200752000
2004-10-19,AAPL,0.7212848598304191,0.7250335253491774,0.709437677310705,0.7110878229141235,801992800
2004-10-20,AAPL,0.7074890229896452,0.7137871891165181,0.6995416613154916,0.7118381261825562,605108000
2004-10-21,AAPL,0.7119870703929209,0.7217340297747014,0.7101874669481398,0.7188847661018372,724505600
2004-10-22,AAPL,0.7128874223885104,0.71483648432515,0.7050895228945483,0.7109375596046448,483067200
2004-10-25,AAPL,0.7077885018249171,0.7173860054629323,0.7058394398230903,0.7130369544029236,392644000
2004-10-26,AAPL,0.7115372471752553,0.7205351681234446,0.7043397813382501,0.7193351984024048,594361600
2004-10-27,AAPL,0.7274327401691483,0.759073664802879,0.7223346466221459,0.7542744874954224,1193494400
2004-10-28,AAPL,0.7494762159876643,0.7830662050992776,0.7422787508760582,0.7826160788536072,864264800
2004-10-29,AAPL,0.7773676861753854,0.7977618139801704,0.7767681017910705,0.7857651710510254,810219200
2004-11-01,AAPL,0.7872649504972044,0.798661208087753,0.7803672525208938,0.7865150570869446,602050400
2004-11-02,AAPL,0.7857651373813125,0.8109575909287462,0.7857651373813125,0.8022603392601013,729988000
2004-11-03,AAPL,0.8153068477471485,0.8413986577818103,0.809608267579224,0.8294028639793396,1204173600
2004-11-04,AAPL,0.8252037614342441,0.833000808781443,0.8153064925722519,0.8165056109428406,928625600
2004-11-05,AAPL,0.8226544022654091,0.8247537732312271,0.7803671657665567,0.8205550312995911,1205047200
2004-11-08,AAPL,0.813806797525436,0.8315020177623785,0.8076589936026496,0.8154560923576355,526920800
2004-11-09,AAPL,0.8132072660997423,0.8180055923915226,0.80046068110921,0.8105083107948303,475764800
2004-11-10,AAPL,0.8090084739230397,0.830601818158716,0.8084089396580598,0.8210051655769348,508676000
2004-11-11,AAPL,0.8240037911661844,0.8312013047830511,0.8132071703702581,0.8292522430419922,407299200
2004-11-12,AAPL,0.8249031802675754,0.83510021666404,0.8223545343170461,0.8322509527206421,395701600
2004-11-15,AAPL,0.8277525430043068,0.8316514677407935,0.8148565000687733,0.8283529281616211,376045600
2004-11-16,AAPL,0.8271531222872976,0.8277527067159675,0.8169560326040869,0.8238537311553955,295103200
2004-11-17,AAPL,0.8276030401801217,0.8315020149947318,0.8130569014873876,0.8232539892196655,397751200
2004-11-18,AAPL,0.8142571535257073,0.8315022524292719,0.8141068444674424,0.8306020498275757,459149600
2004-11-19,AAPL,0.832101796577683,0.8533953285348211,0.8172558371819166,0.8273034691810608,765279200
2004-11-22,AAPL,0.9267230179028078,0.959713323246026,0.8682411412406884,0.9199755787849426,2568210400
2004-11-23,AAPL,0.9342208784331095,0.9364705582879524,0.9154768498040654,0.9187754392623901,911450400
2004-11-24,AAPL,0.9250738538749339,0.9777085542318887,0.9229745322804082,0.9604634046554565,1390788000
2004-11-26,AAPL,0.9799570220663703,0.9861056262074566,0.9648121014056711,0.9679611325263977,550144000
2004-11-29,AAPL,1.0339413459960172,1.0432381823730705,1.010848212655721,1.0262937545776367,1712916800
2004-11-30,AAPL,1.031541896596636,1.031541896596636,1.0054492950439453,1.0054492950439453,1028518400
2004-12-01,AAPL,1.0165464878082275,1.0189456255806046,0.9937531773822863,1.0165464878082275,800553600
2004-12-02,AAPL,0.9916540252865774,1.0032006422515523,0.9696107022209003,0.9778578281402588,987442400
2004-12-03,AAPL,0.9676608654697653,0.9747089236283422,0.9259740530560266,0.9399197101593018,1238848800
2004-12-06,AAPL,0.9634619367726801,0.9933033087597537,0.9439680123211279,0.986405611038208,1247920800
2004-12-07,AAPL,0.9886545386185227,1.0006512328455102,0.9381201659880876,0.94306880235672,1056899200
2004-12-08,AAPL,0.9459176632309327,0.966161476527275,0.9304722255118393,0.9489164352416992,691902400
2004-12-09,AAPL,0.9418682196682076,0.965711236038247,0.9307717840798251,0.9595634341239929,741501600
2004-12-10,AAPL,0.9751588496159399,0.990454032414244,0.9702102137991235,0.9769584536552429,775773600
2004-12-13,AAPL,0.9840062715111099,0.9882050133228494,0.9687102900279024,0.9733591079711914,395040800
2004-12-14,AAPL,0.980707074227921,0.9879053899442424,0.9750084451588831,0.9790577292442322,415721600
2004-12-15,AAPL,0.9783075394367912,0.9816069291458158,0.9696103405557552,0.9786073565483093,398361600
2004-12-16,AAPL,0.9919534542543536,1.0121972654208942,0.9904536679832031,0.9987016916275024,1126115200
2004-12-17,AAPL,1.002300296493426,1.005299869930734,0.9732097197434987,0.9745592474937439,783496000
2004-12-20,AAPL,0.9817569315831146,0.989704341827281,0.9261235582849129,0.940519392490387,1168126400
2004-12-21,AAPL,0.9531153539102447,0.9562643854464014,0.9237241593256653,0.9550644159317017,1064414400
2004-12-22,AAPL,0.9546151567229308,0.965112062161749,0.9507162317669801,0.9559646844863892,565829600
2004-12-23,AAPL,0.955964440734699,0.9634616706892888,0.9537147612083148,0.9598633646965027,245929600
2004-12-27,AAPL,0.9717100717348711,0.9769585251521016,0.9429184071172646,0.9471171498298645,559490400
2004-12-28,AAPL,0.949216006624607,0.9634614713641145,0.9304719846100827,0.9624117612838745,611755200
2004-12-29,AAPL,0.9568640216223273,0.9744088833431982,0.9532657147660216,0.9663112163543701,449562400
2004-12-30,AAPL,0.971859603627299,0.9751589949814243,0.9630128421500247,0.9717101454734802,345340800
2004-12-31,AAPL,0.9730595275141363,0.9747087724670488,0.9601634830944701,0.9657116532325745,278588800
2005-01-03,AAPL,0.9714103182547852,0.9763589547585602,0.9387197260172011,0.9490671753883362,691992000
2005-01-04,AAPL,0.9565643445294764,0.9817568007674087,0.9442679336483195,0.9588140249252319,1096810400
2005-01-05,AAPL,0.9666109304665597,0.9784581643019247,0.9604631263690221,0.9672113656997681,680433600
2005-01-06,AAPL,0.9697599353432059,0.9733590425652388,0.9496663798978165,0.9679611325263977,705555200
2005-01-07,AAPL,0.9747086124929747,1.0441381597495603,0.9709599469017471,1.0384396314620972,2227450400
2005-01-10,AAPL,1.0471368528395462,1.06018325321567,1.0178959220209387,1.0340913534164429,1725309600
2005-01-11,AAPL,1.0234443189673312,1.0369398961655498,0.9618126177534925,0.9681106805801392,2611627200
2005-01-12,AAPL,0.9814570589386472,0.988205199002805,0.9492165459343023,0.9816073179244995,1919702400
2005-01-13,AAPL,1.1053197249993851,1.1159668877395377,1.045637992702159,1.0466876029968262,3164716800
2005-01-14,AAPL,1.0534349155142735,1.075478330780281,1.037540103610891,1.052685022354126,1770742400
2005-01-18,AAPL,1.0474368869587538,1.0601834728311803,1.0159462699240422,1.0594335794448853,1006460000
2005-01-19,AAPL,1.057034586113038,1.071579878383222,1.0459381435203627,1.0478872060775757,751895200
2005-01-20,AAPL,1.0444377351740637,1.0687308284292887,1.0417387806620264,1.0565838813781738,914922400
2005-01-21,AAPL,1.069330762754635,1.0736789627875885,1.0496864807427864,1.0570342540740967,911332800
2005-01-24,AAPL,1.0643823503457834,1.0763789442504021,1.0579339271032668,1.0610829591751099,841629600
2005-01-25,AAPL,1.0702302005183766,1.092273622396237,1.0637825789530375,1.0804272890090942,969231200
2005-01-26,AAPL,1.089574157802622,1.09092358486277,1.0679808221936256,1.0834263563156128,739496800
2005-01-27,AAPL,1.082076804093756,1.0934738649946507,1.072930224757315,1.0892751216888428,496227200
2005-01-28,AAPL,1.0889751837320343,1.1093685626983643,1.0862754270225488,1.1093685626983643,801612000
2005-01-31,AAPL,1.118366570174056,1.1680015946079694,1.1173168593562997,1.1531556844711304,1681097600
2005-02-01,AAPL,1.1554051478869773,1.166201770987454,1.148357090864278,1.1626026630401611,678395200
2005-02-02,AAPL,1.168900790849891,1.198292089202423,1.1650018654739247,1.1940933465957642,1020062400
2005-02-03,AAPL,1.1861456779838413,1.1910943129548293,1.1596037002443753,1.1668012142181396,731651200
2005-02-04,AAPL,1.1677016332229901,1.1835964513684252,1.1626027381339505,1.1822469234466553,563556000
2005-02-07,AAPL,1.1835964556338137,1.1898946196798137,1.16215346694836,1.1837468147277832,524456800
2005-02-08,AAPL,1.1856959651022723,1.2203356196638229,1.1814971220223958,1.2131381034851074,890019200
2005-02-09,AAPL,1.215237345531451,1.229482918806483,1.171150497132092,1.180747151374817,1191456000
2005-02-10,AAPL,1.1804472155049863,1.1888446993482353,1.1495570362506342,1.1750493049621582,1093019200
2005-02-11,AAPL,1.1975420517326547,1.226033894966539,1.1837466567549297,1.2177866697311401,1201054400
2005-02-14,AAPL,1.2405791406780744,1.2714701210431454,1.2303828537630976,1.2690709829330444,1271463200
2005-02-15,AAPL,1.2995120010881174,1.3358008952237561,1.2896147296424758,1.325754165649414,2312217600
2005-02-16,AAPL,1.3218552733107938,1.3525958980646045,1.3098585803519436,1.351546287536621,1639243200
2005-02-17,AAPL,1.3593437725977318,1.3627926206845937,1.3113580147190214,1.3167567253112793,1518473600
2005-02-18,AAPL,1.3157068994675765,1.3175064026328616,1.2933636691338555,1.3017611503601074,1163254400
2005-02-22,AAPL,1.2941127748737393,1.3241043945020476,1.2789678573608398,1.2789678573608398,1219293600
2005-02-23,AAPL,1.3004114088504735,1.326353757323028,1.2828673462395526,1.3230552673339844,1345181600
2005-02-24,AAPL,1.3268036261382998,1.3392494916868913,1.3155568289943271,1.3335517644882202,1519028000
2005-02-25,AAPL,1.3438986320394453,1.3482476332415756,1.322454744609403,1.33445143699646,915510400
2005-02-28,AAPL,1.3399997328658082,1.3537960305136671,1.3184064853866597,1.3453985452651978,651610400
2005-03-01,AAPL,1.3492970469052696,1.3528953530881822,1.324404316103552,1.3346014022827148,468188000
2005-03-02,AAPL,1.3271035615954134,1.3462977688646132,1.3220054678659243,1.3232046365737915,458161200
2005-03-03,AAPL,1.3307027645925513,1.3319019332959785,1.2362310148253812,1.2533257007598877,1411653600
2005-03-04,AAPL,1.282416925350999,1.2899141558321154,1.2551250563369818,1.283916711807251,756618800
2005-03-07,AAPL,1.2836163527022189,1.2971128318362606,1.270120774521376,1.2821173667907715,450632000
2005-03-08,AAPL,1.2566250202853715,1.2644221691166913,1.2026409089183523,1.2155369520187378,1021451200
2005-03-09,AAPL,1.1888442301947408,1.2080383283963108,1.1645519405381146,1.1801469326019287,1322465200
2005-03-10,AAPL,1.1855458875154083,1.2074390445655934,1.1726498469857647,1.1945430040359497,777109200
2005-03-11,AAPL,1.2059392537513007,1.217336308716897,1.1936436483652284,1.2077387571334839,632830800
2005-03-14,AAPL,1.2152370127404812,1.223334778790822,1.1852462876870569,1.2092387676239014,605385200
2005-03-15,AAPL,1.2188363602440928,1.2338317244951753,1.207139485609307,1.2284330129623413,508608800
2005-03-16,AAPL,1.2359310226286413,1.268920520381898,1.2230349806236844,1.2350307703018188,697813200
2005-03-17,AAPL,1.2455280005703462,1.286016541736077,1.2392298364455023,1.2671221494674683,801920000
2005-03-18,AAPL,1.299511991284105,1.302811382058834,1.2746192546231876,1.288415551185608,940150400
2005-03-21,AAPL,1.2983119777365544,1.3187060540985758,1.2854159340832911,1.3106083869934082,541128000
2005-03-22,AAPL,1.310908316009745,1.31840644946399,1.2800181324279503,1.28451669216156,551415200
2005-03-23,AAPL,1.2731194203047826,1.3016112637790587,1.2602233766962485,1.2761189937591553,609823200
2005-03-24,AAPL,1.2869156107894875,1.2896145659780354,1.2746191024780273,1.2746191024780273,352704800
2005-03-28,AAPL,1.2821170112732994,1.2884151729180107,1.2737195291509398,1.2755191326141357,275410800
2005-03-29,AAPL,1.2764187204567234,1.2845164870655725,1.244628389538062,1.25212562084198,461356000
2005-03-30,AAPL,1.2617233597658042,1.2836164236068726,1.2542252264052323,1.2836164236068726,394959600
2005-03-31,AAPL,1.2731197464079882,1.2752191680672604,1.24732775269034,1.2497268915176392,636134800
2005-04-01,AAPL,1.2623225480399125,1.2650223037629154,1.2167367286873922,1.2263333797454834,641284000
2005-04-04,AAPL,1.2293333186391715,1.2389299717731916,1.2044405824485072,1.2323319911956787,580014400
2005-04-05,AAPL,1.236230835549843,1.2668211952837665,1.2323318110021744,1.256324291229248,556239600
2005-04-06,AAPL,1.2716207771510446,1.2839171887113563,1.2641226429317693,1.2695213556289673,414825600
2005-04-07,AAPL,1.2695211875505623,1.3121082458032494,1.2671220491976785,1.3064097166061401,506987600
2005-04-08,AAPL,1.310608139975429,1.333101633226768,1.3058097643317113,1.3118081092834473,649950000
2005-04-11,AAPL,1.3241047092044593,1.3271033813612094,1.2569247426212093,1.2572245597839355,821662800
2005-04-12,AAPL,1.2743194214523144,1.295313131009621,1.259923591890299,1.2794175148010254,981061200
2005-04-13,AAPL,1.2881156002522411,1.2893147688552744,1.2113381772520164,1.2308320999145508,1371946800
2005-04-14,AAPL,1.1639518264828614,1.1864454201722694,1.1048696294241094,1.117465853691101,2753192400
2005-04-15,AAPL,1.0982716540709772,1.1171659387647925,1.0580837468772217,1.0601831674575806,1728087200
2005-04-18,AAPL,1.049686600086267,1.088675351361196,1.0196957688821917,1.0682811737060547,1327177600
2005-04-19,AAPL,1.0976721043379318,1.1228645526064376,1.0757781451714903,1.1123677492141724,1081642800
2005-04-20,AAPL,1.1294625903525932,1.131861728255881,1.06288225903578,1.0649815797805786,945131600
2005-04-21,AAPL,1.091673587233374,1.115966680348512,1.0766782276844231,1.1150665283203125,759592400
2005-04-22,AAPL,1.1048700521317698,1.109669230529581,1.0466879849929964,1.064682126045227,839129200
2005-04-25,AAPL,1.0943728660029701,1.1102684823960185,1.0829767097077778,1.109068512916565,746460400
2005-04-26,AAPL,1.1030702252581333,1.1249641886140573,1.0832764838932076,1.0853759050369263,810507600
2005-04-27,AAPL,1.076378801792389,1.0904740144359637,1.0649817437789162,1.0781784057617188,613888800
2005-04-28,AAPL,1.0883742988920282,1.0898740851131095,1.0568836934371995,1.065881609916687,575106000
2005-04-29,AAPL,1.0841756430955904,1.086575581533759,1.0562841419842819,1.0814766883850098,671630400
2005-05-02,AAPL,1.0859760163273897,1.0991726851315156,1.0802783853287654,1.0925740003585815,465920000
2005-05-03,AAPL,1.0916739373171505,1.1018710253345931,1.0805774978300995,1.0859754085540771,496739600
2005-05-04,AAPL,1.0829766558401621,1.115666337494807,1.082676838670545,1.1141674518585205,448176400
2005-05-05,AAPL,1.1171663368462197,1.117765971299653,1.0937734856420798,1.1000715494155884,387366000
2005-05-06,AAPL,1.1063695643658296,1.1195654246958948,1.103370791866816,1.1168664693832397,326247600
2005-05-09,AAPL,1.118066678341227,1.123164772872106,1.1021710584466877,1.1087689399719238,355695200
2005-05-10,AAPL,1.1021707436775858,1.1171661066904612,1.0895745186196926,1.092273473739624,440263600
2005-05-11,AAPL,1.0556848344660337,1.0697808469778864,0.9930034222872324,1.067981243133545,2041981200
2005-05-12,AAPL,1.062283015430101,1.067381110270262,1.0196959494945212,1.0235949754714966,970242000
2005-05-13,AAPL,1.0256936079999885,1.0565837754666771,1.0217946847479669,1.0427883863449097,702713200
2005-05-16,AAPL,1.0364905324036013,1.0706800992066121,1.0355903801941795,1.0661815404891968,474294800
2005-05-17,AAPL,1.0538854549874648,1.0634829104082735,1.0358905138779853,1.0604833364486694,588344400
2005-05-18,AAPL,1.0631819388292494,1.126463778655497,1.0493865459981675,1.0748788118362427,636722800
2005-05-19,AAPL,1.073079628624486,1.130062527703216,1.073079628624486,1.1261636018753052,793161600
2005-05-20,AAPL,1.1171664811576993,1.1291631760128096,1.1153669769294328,1.1261636018753052,452650800
2005-05-23,AAPL,1.1351613589288871,1.1966427093504002,1.1351613589288871,1.1924439668655396,1042574400
2005-05-24,AAPL,1.1831470513685634,1.1993415849358005,1.1705508247546954,1.190644383430481,593460000
2005-05-25,AAPL,1.1846455128536837,1.1981418858403048,1.179247604336579,1.1930429935455322,396006800
2005-05-26,AAPL,1.1978426536463311,1.2278333822377685,1.1978426536463311,1.2218351364135742,525520800
2005-05-27,AAPL,1.2188363058983385,1.2233348649201274,1.1999419175408572,1.2164362668991089,316008000
2005-05-31,AAPL,1.2194360258480974,1.221835264365482,1.1870452547512764,1.1924439668655396,404205200
2005-06-01,AAPL,1.1963427372853246,1.2224345381942132,1.1954424849638505,1.208639144897461,453812800
2005-06-02,AAPL,1.2011414825432283,1.2092392518361357,1.1876459011299272,1.2008416652679443,373973600
2005-06-03,AAPL,1.144458361317136,1.157054590597203,1.1327623846808608,1.146857500076294,956869200
2005-06-06,AAPL,1.1495570652198852,1.1585540835475123,1.1264639340160432,1.1372605562210083,811966400
2005-06-07,AAPL,1.1276631948662903,1.131562120023172,1.093173804258933,1.0958727598190308,745264800
2005-06-08,AAPL,1.0985713916704019,1.1171659596986496,1.0967718882820887,1.1072686910629272,404006400
2005-06-09,AAPL,1.109668866685001,1.1378600888576431,1.1042701556416203,1.1291627883911133,390255600
2005-06-10,AAPL,1.1216643911359983,1.1216643911359983,1.0652811592811433,1.0739792585372925,678932800
2005-06-13,AAPL,1.0763789356572244,1.0979722839623416,1.0742796143280637,1.07667875289917,435772400
2005-06-14,AAPL,1.0772783429860084,1.0841761420259322,1.0721802483382152,1.0796775817871094,347846800
2005-06-15,AAPL,1.1057698281302861,1.118665768812646,1.0886750461231558,1.1135668754577637,563343200
2005-06-16,AAPL,1.1153665570278037,1.1420587926078816,1.1042701189939572,1.1390600204467773,547674400
2005-06-17,AAPL,1.1537557141126493,1.1558550349039498,1.1345607084491383,1.148956537246704,596125600
2005-06-20,AAPL,1.1351610225276656,1.1423585357350254,1.1231643329663366,1.1279627084732056,323716400
2005-06-21,AAPL,1.1312628248954673,1.1453588440763338,1.1210657323258484,1.1354615688323975,370526800
2005-06-22,AAPL,1.1474572153649243,1.1576534986396758,1.1438581090610889,1.1561545133590698,424925200
2005-06-23,AAPL,1.1645525487626913,1.193043593564347,1.1591538366834764,1.1663521528244019,674254000
2005-06-24,AAPL,1.1723492828892423,1.1732495351544474,1.1300620524734546,1.1324611902236938,410709600
2005-06-27,AAPL,1.1048700855370917,1.1426587739380107,1.1000717078416444,1.1126680374145508,600171600
2005-06-28,AAPL,1.12436467611633,1.127363348707368,1.1147671219185937,1.1189658641815186,350299600
2005-06-29,AAPL,1.1165669878003543,1.1183665922007426,1.0832767589885905,1.0907748937606812,448358400
2005-06-30,AAPL,1.0979724183758044,1.1144675742101724,1.0889752972619982,1.1039707660675049,418390000
2005-07-01,AAPL,1.1045700707428578,1.108768813147677,1.0883747355561415,1.0946727991104126,250000800
2005-07-05,AAPL,1.0961723530153207,1.1441581133112637,1.0946725665111925,1.1390600204467773,454269200
2005-07-06,AAPL,1.1309621442033804,1.144457717582867,1.1156660665490579,1.1213645935058594,394626400
2005-07-07,AAPL,1.103970368512058,1.132461308516409,1.1036705513413778,1.1285632848739624,383723200
2005-07-08,AAPL,1.1357612880714338,1.1480578026843562,1.123764690890679,1.1471575498580933,290735200
2005-07-11,AAPL,1.1507563591232761,1.1591538440921536,1.133061937519625,1.1426585912704468,388788400
2005-07-12,AAPL,1.1465577829167797,1.1516566785479951,1.1369611277742162,1.146857500076294,387038400
2005-07-13,AAPL,1.1483568942368556,1.1546550567749503,1.136660120755156,1.1501564979553223,684835200
2005-07-14,AAPL,1.2233351368053644,1.2599238520995735,1.206540165690891,1.222135066986084,2096060400
2005-07-15,AAPL,1.2287326810292247,1.2467276164761345,1.213437501444707,1.2461280822753906,687682800
2005-07-18,AAPL,1.2419294799188634,1.2626225718526571,1.2407294103239568,1.2443286180496216,586297600
2005-07-19,AAPL,1.2452280490558263,1.2965132086632563,1.231732470758048,1.2953132390975952,671062000
2005-07-20,AAPL,1.2854161941600029,1.3136082262389563,1.279118029605219,1.3085092306137085,453395600
2005-07-21,AAPL,1.3106087187738025,1.32080580958916,1.286616229324174,1.2983123064041138,404264000
2005-07-22,AAPL,1.3028112179000602,1.3196061849594116,1.3013114313058538,1.3196061849594116,301106400
2005-07-25,AAPL,1.3193058925925407,1.3280039962869947,1.3115088423266428,1.3139079809188843,294627200
2005-07-26,AAPL,1.3199063907937403,1.3229050639120516,1.3004115618701493,1.3085092306137085,268592800
2005-07-27,AAPL,1.3145070443505924,1.321705358501683,1.2797179455322658,1.319305419921875,283749200
2005-07-28,AAPL,1.315107036334062,1.3196063968391114,1.2986126846441128,1.3136080503463745,251311200
2005-07-29,AAPL,1.3064094542865914,1.3310023693190434,1.26742161192134,1.2791175842285156,562080400
2005-08-01,AAPL,1.2767186550100615,1.2920138371531114,1.2620230071680443,1.2821173667907715,314249600
2005-08-02,AAPL,1.2863161201618019,1.3046100751335463,1.2779186356381473,1.2953132390975952,296875600
2005-08-03,AAPL,1.2953133216176647,1.2989124296966401,1.2827170940297197,1.2962126731872559,258322400
2005-08-04,AAPL,1.2863163573235967,1.2896149478340027,1.2683214153928482,1.2809176445007324,269304000
2005-08-05,AAPL,1.274319383485247,1.300411185613886,1.260223271418359,1.2893147468566895,241931200
2005-08-08,AAPL,1.2896144881295892,1.2971126198505663,1.2779184157165189,1.2791175842285156,176383200
2005-08-09,AAPL,1.287515098159586,1.3163067554212196,1.2869155639421683,1.3142074346542358,380839200
2005-08-10,AAPL,1.319606495170606,1.3313024708556485,1.298912498546383,1.3010119199752808,360945200
2005-08-11,AAPL,1.3013114313058538,1.3232044915358867,1.2971126895410159,1.3196061849594116,271983600
2005-08-12,AAPL,1.3034104170806347,1.3861853617815387,1.3004108446632918,1.38258695602417,916036800
2005-08-15,AAPL,1.3939833624748115,1.4494664487769162,1.393084011201116,1.429972529411316,1086727600
2005-08-16,AAPL,1.421275606309858,1.4245749970576511,1.3858860642560769,1.387086033821106,537622400
2005-08-17,AAPL,1.391584383323169,1.4227751784112397,1.3906841309939704,1.414077877998352,499724400
2005-08-18,AAPL,1.4068798473806279,1.409578803007095,1.3720907388098507,1.388585090637207,442559600
2005-08-19,AAPL,1.3879857234467914,1.4005820534000224,1.3726905374533545,1.3744901418685913,376569200
2005-08-22,AAPL,1.3840866344790246,1.4020816754532683,1.357395191638323,1.375689148902893,387732800
2005-08-23,AAPL,1.3750894422098727,1.3825874751154912,1.3591938246744946,1.3717900514602661,295604400
2005-08-24,AAPL,1.3675916624947746,1.4131783048463094,1.367291845211245,1.3726905584335327,572070800
2005-08-25,AAPL,1.3831867179932746,1.3942831548662473,1.3738889836357835,1.3813871145248413,276253600
2005-08-26,AAPL,1.383187109527644,1.3897849900736503,1.3603937942401834,1.3717900514602661,261058000
2005-08-29,AAPL,1.3576948097157429,1.3804881245157687,1.357394992516078,1.3747895956039429,256295200
2005-08-30,AAPL,1.3792878820894174,1.4032803608353817,1.3771884613657572,1.3966823816299438,518761600
2005-08-31,AAPL,1.405380145803223,1.4104791410975677,1.387685823275988,1.4062803983688354,402956400
2005-09-01,AAPL,1.4095784828743139,1.4146774767012373,1.3822866129388238,1.387385606765747,356367200
2005-09-02,AAPL,1.388584903348077,1.4035811681058492,1.3831869928232006,1.3861857652664185,222378800
2005-09-06,AAPL,1.4005815982070575,1.4659618650619555,1.3960830391077232,1.4635627269744873,818619200
2005-09-07,AAPL,1.471061400182393,1.4815583088889275,1.4371716351992587,1.4599641561508179,963074000
2005-09-08,AAPL,1.4800580720792536,1.5031511040489638,1.4737599087473896,1.4929540157318115,702640400
2005-09-09,AAPL,1.5016509199288397,1.5400400246921284,1.4932534377791513,1.5388400554656982,615641600
2005-09-12,AAPL,1.5325421748510173,1.5484377897691117,1.516947177936796,1.541539192199707,452796400
2005-09-13,AAPL,1.5301426551288657,1.5382404197282695,1.509148951141278,1.5241444110870361,492884000
2005-09-14,AAPL,1.5313425640830813,1.5352415897707827,1.483357589598648,1.487856149673462,474426400
2005-09-15,AAPL,1.499551938989518,1.5049506505132284,1.4794583811706101,1.4956529140472412,415156000
2005-09-16,AAPL,1.5064501570734048,1.5358413457870483,1.4980526745837923,1.5358413457870483,591004400
2005-09-19,AAPL,1.5310427216590534,1.5862268092516802,1.5310427216590534,1.5787286758422852,783731200
2005-09-20,AAPL,1.5892254193994062,1.6138182373458816,1.5871259983190313,1.5952236652374268,819828800
2005-09-21,AAPL,1.5883257804879152,1.5910247355266292,1.5553354823228482,1.5628327131271362,434747600
2005-09-22,AAPL,1.555935132794218,1.573630352669875,1.5391401653007735,1.556534767150879,463727600
2005-09-23,AAPL,1.5625328410702524,1.6045203552970306,1.5547357933839934,1.5955232381820679,558457200
2005-09-26,AAPL,1.6204162508082542,1.6363109669315308,1.5991227229073217,1.614717721939087,546562800
2005-09-27,AAPL,1.617116805739441,1.626714259228945,1.6024211586885229,1.6027209758758545,341703600
2005-09-28,AAPL,1.5916244419797971,1.5928244113991605,1.5172469597946008,1.53194260597229,1125544000
2005-09-29,AAPL,1.5364417030601978,1.5772291654266888,1.5238454733983477,1.5697318315505981,636846000
2005-09-30,AAPL,1.5694313710466048,1.6090188448234628,1.5559348951060612,1.607819676399231,531633200
2005-10-03,AAPL,1.6243153558215935,1.6357116139760346,1.6099195238776927,1.6327128410339355,507553200
2005-10-04,AAPL,1.648007534626728,1.6600042245233424,1.6087190759565488,1.6120184659957886,539459200
2005-10-05,AAPL,1.6294127151155284,1.6303129672488308,1.5820273990026776,1.5829267501831055,610769600
2005-10-06,AAPL,1.595523297250616,1.6042205975421724,1.5256444771262998,1.550537109375,757537200
2005-10-07,AAPL,1.551137048221152,1.5574351117559948,1.516047222162121,1.5385407209396362,677882800
2005-10-10,AAPL,1.552335762166246,1.5568352216985886,1.507949210031452,1.5106489658355713,507505600
2005-10-11,AAPL,1.5364414877359545,1.5556355967603415,1.51154874906944,1.5472381114959717,1225884800
2005-10-12,AAPL,1.4590644428917157,1.508550103900417,1.4356715908058255,1.4770594835281372,2697486400
2005-10-13,AAPL,1.4827566307581315,1.61801659696397,1.4776584383344369,1.6117185354232788,1865575600
2005-10-14,AAPL,1.6204160289504923,1.630012680601753,1.5832268890648191,1.6195157766342163,1035552000
2005-10-17,AAPL,1.6189164096047712,1.6264145421475187,1.5799284628606758,1.6027209758758545,616834400
2005-10-18,AAPL,1.5970234160409893,1.6180171282464693,1.565532797679811,1.5658326148986816,609588000
2005-10-19,AAPL,1.5616340186239797,1.6483079312696836,1.5358419271255652,1.6477082967758179,1008683200
2005-10-20,AAPL,1.6336122842273526,1.6944942055897616,1.6300131758806717,1.6836975812911987,1357762000
2005-10-21,AAPL,1.704690323459288,1.7088891642591657,1.6603037791310749,1.6693007946014404,796726000
2005-10-24,AAPL,1.657004532696321,1.7031906843185425,1.6522061573997433,1.7031906843185425,609753200
2005-10-25,AAPL,1.6914953024981558,1.7049907815165353,1.6702017726788558,1.6824973821640015,465127600
2005-10-26,AAPL,1.687895897948521,1.7262841104960582,1.6770992757357175,1.710389494895935,631593200
2005-10-27,AAPL,1.709189901023374,1.709789535569375,1.6618045568466187,1.6618045568466187,411541200
2005-10-28,AAPL,1.6806985535241281,1.6923945276870214,1.6246150179959717,1.633612036705017,769787200
2005-10-31,AAPL,1.6555057707862604,1.738880268196508,1.6420092935867157,1.7271842956542969,940844800
2005-11-01,AAPL,1.7166876329077851,1.743679590042965,1.7055902920673218,1.7244846820831299,749686000
2005-11-02,AAPL,1.7310835434099872,1.7994626908003024,1.7274843353292817,1.7979629039764404,857060400
2005-11-03,AAPL,1.807260327125986,1.8690414863176643,1.801561698463398,1.8549463748931885,884382800
2005-11-04,AAPL,1.8099593987184932,1.836651840231163,1.7880664352171027,1.833952784538269,878035200
2005-11-07,AAPL,1.8249544759609262,1.849547490979342,1.8036609512140416,1.8063600063323975,638831200
2005-11-08,AAPL,1.7979625944602515,1.8108594375272118,1.7724702270796808,1.7964636087417603,473765600
2005-11-09,AAPL,1.7994626217142553,1.8357514150612046,1.7994626217142553,1.8027619123458862,552930000
2005-11-10,AAPL,1.8186566463686513,1.835451614592074,1.769771528396541,1.8348519802093506,665344400
2005-11-11,AAPL,1.8456486463546753,1.8627435322816772,1.8396503002667317,1.8456486463546753,425448800
2005-11-14,AAPL,1.8456484839083513,1.8588444437167362,1.8267542960297731,1.842949628829956,369933200
2005-11-15,AAPL,1.8474486140667477,1.891835180181613,1.8432497712059146,1.8678427934646606,536841200
2005-11-16,AAPL,1.8939344180732147,1.9512170241429012,1.8921347139525604,1.9479185342788696,784515200
2005-11-17,AAPL,1.9671128674126057,1.9758102704233942,1.9269249432362154,1.9350227117538452,676205600
2005-11-18,AAPL,1.9587149575143787,1.9623141651767313,1.930523733544145,1.9362213611602783,524960800
2005-11-21,AAPL,1.9440198221492337,1.9551161635006722,1.911029313962969,1.9482184648513794,511711200
2005-11-22,AAPL,1.9446189518666956,2.0022022733926934,1.935022398985091,1.9950040578842163,540282400
2005-11-23,AAPL,2.0058008665593423,2.038791172428662,2.000103238101311,2.0126993656158447,485853200
2005-11-25,AAPL,2.0291942144681276,2.085576659509204,2.0243949374787746,2.0795791149139404,395012800
2005-11-28,AAPL,2.120965444310746,2.1314623453941315,2.07148071132763,2.089175224304199,1018519600
2005-11-29,AAPL,2.099073274996249,2.1083701104079946,2.0198965114320013,2.0423901081085205,891433200
2005-11-30,AAPL,2.052286560960419,2.0648828819867906,2.0249946989130563,2.033991813659668,595674800
2005-12-01,AAPL,2.067883527236326,2.151258774796097,2.0636846830185642,2.147359848022461,812893200
2005-12-02,AAPL,2.1674526873114575,2.1815488030984955,2.120367263930439,2.178250312805176,895762000
2005-12-05,AAPL,2.157856054025798,2.1752506594717205,2.1440598560991204,2.1539571285247803,583671200
2005-12-06,AAPL,2.2172374321005663,2.2442293846547767,2.1998428317915373,2.220836639404297,857029600
2005-12-07,AAPL,2.226234578372627,2.2331330758121832,2.192945163821534,2.21783709526062,679464800
2005-12-08,AAPL,2.195344943861873,2.2244365263195873,2.1773499029042993,2.2217366695404053,790479200
2005-12-09,AAPL,2.225635487205659,2.237032546138227,2.199843397263995,2.2292346954345703,555402400
2005-12-12,AAPL,2.245429969246458,2.2598249998577424,2.2361323319141246,2.246629238128662,524994400
2005-12-13,AAPL,2.24482982638425,2.263124585470144,2.2256357156254643,2.2487287521362305,493816400
2005-12-14,AAPL,2.17524971188453,2.1983427368490274,2.1074702230689457,2.1596546173095703,1450716400
2005-12-15,AAPL,2.179748901744488,2.1851476134016243,2.1398607013568998,2.1647534370422363,561162000
2005-12-16,AAPL,2.163554856576831,2.1683533347319024,2.131164178023666,2.1326639652252197,671171200
2005-12-19,AAPL,2.1326635689808273,2.177349851487285,2.130564147585354,2.140761137008667,529295200
2005-12-20,AAPL,2.1482576196808973,2.1707512112322216,2.132962441917291,2.1626534461975098,479108000
2005-12-21,AAPL,2.1773506715605135,2.2076421343208494,2.1755511668294885,2.204342842102051,475736800
2005-12-22,AAPL,2.2166383576547473,2.2340329623571424,2.2073407201071302,2.2199368476867676,370610800
2005-12-23,AAPL,2.224436669104603,2.2271355249977796,2.198343858041242,2.199843645095825,229857600
2005-12-27,AAPL,2.2193367398837744,2.254726173638513,2.2178369534600546,2.2262344360351562,590590000
2005-12-28,AAPL,2.2334323968807968,2.2421297957123443,2.1989423183394887,2.2064404487609863,398115200
2005-12-29,AAPL,2.2127388542844666,2.2139389237282963,2.141959783571733,2.142859935760498,490025200
2005-12-30,AAPL,2.1266646364696475,2.172251259084066,2.109569753095135,2.1560559272766113,624262800
2006-01-03,AAPL,2.1707513264984217,2.2418301105499268,2.166852402385788,2.2418301105499268,807234400
2006-01-04,AAPL,2.2532266206783884,2.2787189882874235,2.2343322328737605,2.2484283447265625,619603600
2006-01-05,AAPL,2.244230066563935,2.2463294880054776,2.211840194165512,2.2307345867156982,449422400
2006-01-06,AAPL,2.2568257382358143,2.3003129403078915,2.235831930353556,2.288316249847412,704457600
2006-01-09,AAPL,2.301212398470789,2.315308510416069,2.271521389050269,2.280818223953247,675040800
2006-01-10,AAPL,2.286817338942564,2.4559673356018425,2.2742212095596264,2.4250762462615967,2279869200
2006-01-11,AAPL,2.5144489610860283,2.5432396155767103,2.4769599055063263,2.5162484645843506,1493794400
2006-01-12,AAPL,2.548338978965966,2.5912259506274546,2.5078513456503426,2.527944803237915,1280809600
2006-01-13,AAPL,2.5489388311836243,2.579529997284244,2.537242856595185,2.5669338703155518,776305600
2006-01-17,AAPL,2.5702314600944502,2.5906256304234496,2.515348011445013,2.5405404567718506,835623600
2006-01-18,AAPL,2.4916554779285995,2.52074684850091,2.4547660591919644,2.4739601612091064,1200637200
2006-01-19,AAPL,2.436772706541113,2.4490691161476117,2.3614950627625597,2.3704919815063477,1695848000
2006-01-20,AAPL,2.37769048588444,2.400483001222179,2.2742208110802475,2.2820186614990234,1134758800
2006-01-23,AAPL,2.28231821489741,2.386087799581878,2.2793196425100057,2.329404830932617,1059730000
2006-01-24,AAPL,2.362094476648498,2.3818892193244467,2.2724210028462077,2.2805187702178955,1142254400
2006-01-25,AAPL,2.321007715599544,2.324306406309918,2.1968441243373156,2.2253360748291016,1275786400
2006-01-26,AAPL,2.2352327219279724,2.262224677553846,2.157256027968275,2.1692519187927246,1181387200
2006-01-27,AAPL,2.187846305803181,2.2073403283799413,2.1323632106629695,2.160254716873169,953864800
2006-01-30,AAPL,2.13446209663701,2.297312934513438,2.1254641800630507,2.2493271827697754,1398401200
2006-01-31,AAPL,2.2643244016848314,2.289516856932057,2.2118400698668186,2.2646241188049316,913542000
2006-02-01,AAPL,2.247829191213098,2.2931153077104787,2.23853155353511,2.2619245052337646,521186400
2006-02-02,AAPL,2.252327416690424,2.2601252663108333,2.160854444203463,2.1623542308807373,707322000
2006-02-03,AAPL,2.1665529799960654,2.1830482317207096,2.1305639041028837,2.1548562049865723,692123600
2006-02-06,AAPL,2.1599557327694954,2.1746512840618877,2.001602358271667,2.018397331237793,1651767600
2006-02-07,AAPL,2.0474884305472707,2.0837782249332806,1.9998031798364375,2.0273947715759277,1388830800
2006-02-08,AAPL,2.0540866687881785,2.0717819942768814,1.9794094441029242,2.0636842250823975,953114400
2006-02-09,AAPL,2.072381017916788,2.0762801432644067,1.9353222071289122,1.9479185342788696,1149764000
2006-02-10,AAPL,1.9548168089324907,2.0294948416994196,1.8864376423403908,2.018698215484619,1760477600
2006-02-13,AAPL,1.9983037727089825,2.001902981333294,1.9386212175951456,1.9407204389572144,883498000
2006-02-14,AAPL,1.952416334703382,2.042389493043192,1.9494175631116384,2.0285933017730713,1160938800
2006-02-15,AAPL,2.014198221160221,2.087976878959742,2.001902612409568,2.0759801864624023,1159771200
2006-02-16,AAPL,2.0966746461365,2.129664154769563,2.0837785998784795,2.1164681911468506,948175200
2006-02-17,AAPL,2.1083705293051684,2.126065653039706,2.0876766324800022,2.1080706119537354,575999200
2006-02-21,AAPL,2.1170665752359152,2.1233646359626803,2.0597839941081912,2.0717806816101074,779606800
2006-02-22,AAPL,2.0693820733436468,2.149457980772342,2.039390346921694,2.13896107673645,978238800
2006-02-23,AAPL,2.1530576842742004,2.1893464803358764,2.1422600596388737,2.151857614517212,856917600
2006-02-24,AAPL,2.163554080067885,2.1860468757808063,2.135362054992162,2.143160104751587,534744000
2006-02-27,AAPL,2.1590555376824225,2.1629546641445847,2.1188678068354942,2.1290647983551025,791240800
2006-02-28,AAPL,2.1467590065818416,2.1713512221165012,2.042389997026361,2.0540859699249268,1266980400
2006-03-01,AAPL,2.06458269427146,2.08407751569241,2.0399906810936628,2.072380542755127,763817600
2006-03-02,AAPL,2.0690817061621942,2.0990726252155203,2.059484355794092,2.0876755714416504,625273600
2006-03-03,AAPL,2.0813778868925303,2.0966740687028813,2.0252953572591768,2.0309929847717285,737668400
2006-03-06,AAPL,2.030094199070975,2.0309935507442667,1.9476191258420923,1.9638136625289917,912665600
2006-03-07,AAPL,1.9722107033158127,2.006401075071659,1.9518173281134732,1.9887057542800903,872877600
2006-03-08,AAPL,1.9881063253952327,2.0153981989469094,1.9599151003709074,1.9692119359970093,653251200
2006-03-09,AAPL,1.978810023635952,1.9935055748162813,1.9137293537295943,1.9173277616500854,799304800
2006-03-10,AAPL,1.9209266992732854,1.934122663067961,1.8729409213565975,1.8951348066329956,1043142800
2006-03-13,AAPL,1.9509169333053884,1.9878061557340916,1.943119885374775,1.9698113203048706,861187600
2006-03-14,AAPL,1.9725114456009039,2.0189974308013916,1.964413877846736,2.0189974308013916,642020400
2006-03-15,AAPL,2.030693061892193,2.0405903311981812,1.9650127854649035,1.9863063097000122,891996000
2006-03-16,AAPL,2.004901651946721,2.006401438920322,1.9284247292159482,1.9287246465682983,749638400
2006-03-17,AAPL,1.9419194020234471,1.9656120597206248,1.9227253020659463,1.9392205476760864,812042000
2006-03-20,AAPL,1.9560153258742203,1.963212737282745,1.915526708340087,1.9191259145736694,605441200
2006-03-21,AAPL,1.8537461757659912,1.9296234421382112,1.841150051020838,1.8537461757659912,1345366400
2006-03-22,AAPL,1.8642440120076158,1.896934609915289,1.8375517624176416,1.8495484590530396,1345895600
2006-03-23,AAPL,1.8540453861765993,1.856444723648326,1.7877656906375303,1.8042601346969604,1427826400
2006-03-24,AAPL,1.8069607129893859,1.8276546065395978,1.7703710021170078,1.7982633113861084,1071980000
2006-03-27,AAPL,1.8099592455950149,1.8408503268009129,1.7814683036153651,1.7847667932510376,1108072000
2006-03-28,AAPL,1.7883665693337678,1.803661755724866,1.7469787699913004,1.7607749700546265,1370322800
2006-03-29,AAPL,1.7733706358759762,1.8750400026245861,1.729583709066839,1.8693413734436035,2346834000
2006-03-30,AAPL,1.8840374021636277,1.8984332351753537,1.8453492641463838,1.8819379806518555,1390650800
2006-03-31,AAPL,1.8969344063165932,1.9077310317058591,1.8666429507752997,1.881038784980774,815357200
2006-04-03,AAPL,1.9095299154941328,1.923025391112483,1.8777386864865278,1.8789385557174683,815791200
2006-04-04,AAPL,1.8624435960213872,1.8660428038493393,1.8309530802274676,1.83455228805542,931924000
2006-04-05,AAPL,1.9407209495887148,2.0156989097595215,1.9239259730020009,2.0156989097595215,2233408800
2006-04-06,AAPL,2.0483886569879166,2.16085464940038,2.045389083348525,2.1365623474121094,2663768800
2006-04-07,AAPL,2.127265093601459,2.135662579907048,2.053487221104897,2.0930755138397217,1545238800
2006-04-10,AAPL,2.1080696695406735,2.127263971027858,2.0528865032414787,2.0594844818115234,903515200
2006-04-11,AAPL,2.0690819177290054,2.0783787512134753,2.0114986104794035,2.039090394973755,939316000
2006-04-12,AAPL,2.039691714307066,2.0444899916383807,1.9884064464357931,2.0007028579711914,739894400
2006-04-13,AAPL,1.9896053623976568,2.0225948513477365,1.9737097515530244,1.993504285812378,734678000
2006-04-17,AAPL,1.9947034323160264,2.0046006998346857,1.9299227191306692,1.9437189102172852,721938000
2006-04-18,AAPL,1.9506178016330575,1.993505586759771,1.9431206679437456,1.9860074520111084,794844400
2006-04-19,AAPL,2.00400172493921,2.0093996350961523,1.9635130942085914,1.9689120054244995,1086033200
2006-04-20,AAPL,2.0846778231105145,2.0993733726512827,1.9854075840560068,2.028294563293457,1666982800
2006-04-21,AAPL,2.0450890996149664,2.0585853773262097,1.993504928724201,2.0105996131896973,788986800
2006-04-24,AAPL,2.0049014586762897,2.007000879940358,1.9644138212830944,1.9719109535217285,707028000
2006-04-25,AAPL,1.9782089021066893,1.9971030898372195,1.9662130119279007,1.9845069646835327,529062800
2006-04-26,AAPL,1.9989030039459021,2.0477881235358977,1.9914056719014959,2.0438899993896484,710886400
2006-04-27,AAPL,2.031293624039724,2.0951740005274555,2.0198963673390606,2.080178737640381,845947200
2006-04-28,AAPL,2.080778434458774,2.138361551055369,2.075380524063967,2.111069679260254,760037600
2006-05-01,AAPL,2.1224655947189563,2.145558821108443,2.0741801217441576,2.0873758792877197,750380400
2006-05-02,AAPL,2.103871206617007,2.1587546605516614,2.1026719380696965,2.1479580402374268,771663200
2006-05-03,AAPL,2.154256457588349,2.1578556653066148,2.1047717060690765,2.1335625648498535,686991200
2006-05-04,AAPL,2.1359619666538876,2.1860471595758706,2.1131694509035337,2.133263111114502,860420400
2006-05-05,AAPL,2.1551563757095535,2.166852548199196,2.133862050065056,2.1560559272766113,563911600
2006-05-08,AAPL,2.189046225198963,2.2133385221688835,2.1509577342867234,2.1560559272766113,594851600
2006-05-09,AAPL,2.153957431905741,2.1761511184410107,2.1179681461362487,2.1302647590637207,531666800
2006-05-10,AAPL,2.1380608335255102,2.1392607027431145,2.087675936551735,2.117367744445801,459888800
2006-05-11,AAPL,2.123065765947208,2.1245655526950022,2.0258949609579653,2.0438899993896484,812688800
2006-05-12,AAPL,2.0348914431969947,2.060083888485208,2.0052004399199164,2.03039288520813,641774000
2006-05-15,AAPL,2.0204956986839524,2.0507871382451666,2.012998368682374,2.0330920219421387,529177600
2006-05-16,AAPL,2.0423902487519996,2.046888808227636,1.9419201513954496,1.9488178491592407,936740000
2006-05-17,AAPL,1.9407194663514606,1.9704114710856748,1.9215253650732371,1.9572147130966187,754194000
2006-05-18,AAPL,1.9698115196523005,1.9872069227441707,1.8930348954771143,1.8948343992233276,658442400
2006-05-19,AAPL,1.8972334830906998,1.9458188815783548,1.8840369224506668,1.9347225427627563,985866000
2006-05-22,AAPL,1.9155273644465958,1.9191265719129786,1.8825378660954624,1.9008318185806274,718975600
2006-05-23,AAPL,1.9452201629388401,1.9551166370715671,1.889436523200164,1.8939350843429565,694414000
2006-05-24,AAPL,1.8891359874811353,1.9089297280181343,1.8462482149055603,1.8996326923370361,916031200
2006-05-25,AAPL,1.9272242142780203,1.9329226420645962,1.898132641264857,1.929323434829712,463372000
2006-05-26,AAPL,1.9287243103223761,1.936221441976707,1.8936345868503637,1.905930995941162,432950000
2006-05-30,AAPL,1.8981329388921935,1.8984328561911457,1.8360520601272583,1.8360520601272583,563402000
2006-05-31,AAPL,1.852246856411345,1.853147008859741,1.7601742346679048,1.792565107345581,1280977600
2006-06-01,AAPL,1.7949644102481912,1.8678429294408825,1.7850671370700066,1.8645434379577637,942508000
2006-06-02,AAPL,1.8891362565393517,1.8924347466044085,1.8258551000384367,1.8492480516433716,685787200
2006-06-05,AAPL,1.8339526459244244,1.8339526459244244,1.7985632053623843,1.7994625568389893,605785600
2006-06-06,AAPL,1.806059399767595,1.8183560026895398,1.766771855539955,1.7910641431808472,726037200
2006-06-07,AAPL,1.8024620337278372,1.8114591518247067,1.7499777102958702,1.7562757730484009,750506400
2006-06-08,AAPL,1.7526762947584023,1.8273534846159494,1.7139873715187735,1.8222554922103882,1397482800
2006-06-09,AAPL,1.8348525119371064,1.8462487719004361,1.772470897298321,1.7766697406768799,775838000
2006-06-12,AAPL,1.7814677585838294,1.79136422552214,1.7082895621075949,1.7094886302947998,717785600
2006-06-13,AAPL,1.7277836894212628,1.77247015979989,1.7202857579364712,1.7493771314620972,1080643200
2006-06-14,AAPL,1.7478782568271054,1.7628737203256353,1.7001922104019294,1.7277837991714478,878136000
2006-06-15,AAPL,1.7184871361850018,1.7916645569079972,1.7019920846432066,1.7808679342269897,1190383600
2006-06-16,AAPL,1.7682714013703091,1.7751698983034083,1.725084720358174,1.7262837886810303,838101600
2006-06-19,AAPL,1.7343818692642692,1.7448787743437453,1.7094891342828382,1.7154874801635742,704575200
2006-06-20,AAPL,1.7277836509009779,1.7499775276011573,1.7181862988144136,1.7235850095748901,672974400
2006-06-21,AAPL,1.7316826989826777,1.760774070575986,1.7184867408695284,1.7352817058563232,863296000
2006-06-22,AAPL,1.745477820227046,1.7919645847059775,1.741579697566078,1.7868655920028687,965633200
2006-06-23,AAPL,1.7910653890422992,1.8045618701418313,1.761374371936806,1.7643729448318481,660203600
2006-06-26,AAPL,1.774569744524268,1.7754698968091633,1.7505771624040074,1.7691718339920044,466536000
2006-06-27,AAPL,1.7721707604209582,1.7760696854919478,1.721485935769041,1.722385287284851,550611600
2006-06-28,AAPL,1.7181867962740307,1.7184873142490962,1.6618043385591252,1.680098295211792,850704400
2006-06-29,AAPL,1.7022917740364731,1.772170703864624,1.69119523422759,1.7685714960098267,873398400
2006-06-30,AAPL,1.7271847880623328,1.7319830652690122,1.6944941971290677,1.7175872325897217,739695600
2006-07-03,AAPL,1.725085274408722,1.7448790177288411,1.7196865621512063,1.7379813194274902,194770800
2006-07-05,AAPL,1.7139871881672841,1.727483662631748,1.6962928738829626,1.7094886302947998,518240800
2006-07-06,AAPL,1.7121891510401106,1.721485987391165,1.6678016876801518,1.6726008653640747,633208800
2006-07-07,AAPL,1.6639036118824735,1.6959938653351323,1.6396105082916956,1.6615036725997925,799360800
2006-07-10,AAPL,1.6705005075782862,1.6941931618977641,1.634511450156344,1.6495068073272705,529345600
2006-07-11,AAPL,1.6528063629100078,1.6791987875927934,1.6354117584315226,1.6690016984939575,825022800
2006-07-12,AAPL,1.6546053257326983,1.6567047463529236,1.587125650454073,1.5883256196975708,927329200
2006-07-13,AAPL,1.5604336230790354,1.6231150313447127,1.5418390525937353,1.5670315027236938,1249906000
2006-07-14,AAPL,1.5745296265852529,1.586226500200413,1.5043509876476313,1.519646167755127,993036800
2006-07-17,AAPL,1.551436700779298,1.592824588651128,1.5490375625207888,1.5706309080123901,1024542400
2006-07-18,AAPL,1.5943232028351695,1.6150170918932452,1.5550355461322796,1.5865261554718018,1000448400
2006-07-19,AAPL,1.5883263380340846,1.6519072181646959,1.5703313961139314,1.6225159168243408,1390743200
2006-07-20,AAPL,1.828254410051439,1.847148601313755,1.7910652615547196,1.8144580125808716,1972146400
2006-07-21,AAPL,1.7940649671926854,1.833952974183646,1.7886662546131349,1.8210561275482178,891892400
2006-07-24,AAPL,1.837250527645764,1.8624429718807884,1.812358000611576,1.8420490026474,722856400
2006-07-25,AAPL,1.8528471407189187,1.862143976914334,1.8228554090063478,1.857345700263977,589069600
2006-07-26,AAPL,1.859444816756612,1.938620572960489,1.8498472639696164,1.91552734375,898427600
2006-07-27,AAPL,1.9344225021704529,1.9500184065326769,1.8852374521024688,1.901432991027832,735044800
2006-07-28,AAPL,1.9176275681412602,1.969812193576105,1.9044318034565135,1.9671131372451782,691507600
2006-07-31,AAPL,2.004301233382737,2.058284533781144,1.9878059856681773,2.038191080093384,892841600
2006-08-01,AAPL,2.015997471249571,2.0372909971163273,1.977609261361554,2.014798402786255,711765600
2006-08-02,AAPL,2.0288937467723254,2.059784829190201,2.024695104656174,2.044189929962158,550768400
2006-08-03,AAPL,2.0366919909278116,2.09937331302318,2.0336932179745437,2.0870769023895264,841044400
2006-08-04,AAPL,2.010898917843734,2.0576845981733043,1.9482174261740617,2.0483877658843994,1852866400
2006-08-07,AAPL,2.0309940989012376,2.087377377593716,1.988706739987836,2.0156989097595215,1245512800
2006-08-08,AAPL,2.0120984022843347,2.012698837425998,1.9347223537234874,1.9428191184997559,997864000
2006-08-09,AAPL,1.9623144290887111,1.9674124230271912,1.9014326130116344,1.907130241394043,955838800
2006-08-10,AAPL,1.8969332309897624,1.943718912374947,1.8804379853187665,1.921525239944458,697760000
2006-08-11,AAPL,1.8963344454480342,1.9233266163112739,1.8768404112653503,1.908930778503418,777529200
2006-08-14,AAPL,1.920926386906102,1.9560163129025052,1.9074309083610865,1.9176270961761475,717620400
2006-08-15,AAPL,1.959614676970467,1.9944046884357123,1.943420141460705,1.9929049015045166,861352800
2006-08-16,AAPL,2.0124001262952196,2.041490712909893,1.9893068866825392,2.0387916564941406,781284000
2006-08-17,AAPL,2.039391167983427,2.0591857153912283,2.0147991436873935,2.0270955562591553,581148400
2006-08-18,AAPL,2.0306928444206997,2.051386732148044,2.017197170174985,2.036691188812256,536354000
2006-08-21,AAPL,2.018396899046591,2.018697617211643,1.9839076087772476,1.9962040185928345,526226400
2006-08-22,AAPL,1.999803403419971,2.04898844639528,1.994404691011491,2.0279946327209473,576968000
2006-08-23,AAPL,2.0393913152705645,2.0588861469132103,2.007600871015644,2.018698215484619,536258800
2006-08-24,AAPL,2.036091497401798,2.045088613312926,1.9875061104652743,2.0336923599243164,655191600
2006-08-25,AAPL,2.0195965935060074,2.070880843616772,2.018697242143534,2.0618839263916016,543958800
2006-08-28,AAPL,2.0543866540335967,2.0576851433744427,1.9998029120612288,2.0088000297546387,738161200
2006-08-29,AAPL,2.009100354851685,2.017198123607712,1.9530170095533044,1.993805170059204,947332400
2006-08-30,AAPL,2.0195966627401907,2.033992491598773,1.9998029236156074,2.0082004070281982,680142400
2006-08-31,AAPL,2.0177971599033406,2.048388321266385,1.9992024892252198,2.0348918437957764,574697200
2006-09-01,AAPL,2.053786698702922,2.0588856939174756,2.0339929550681006,2.050787925720215,408494800
2006-09-05,AAPL,2.0684830028736645,2.1443603158406193,2.0558868703934796,2.1437606811523438,1012457600
2006-09-06,AAPL,2.131762206987579,2.150057156200262,2.0903752350528797,2.100271701812744,974103200
2006-09-07,AAPL,2.117367441429265,2.2037413951577696,2.106870539342328,2.183347225189209,1267957600
2006-09-08,AAPL,2.2004422481557224,2.2064405927148645,2.156655133721058,2.174949884414673,895921600
2006-09-11,AAPL,2.1722513176514777,2.2112391609701616,2.141959873825383,2.1743507385253906,949124400
2006-09-12,AAPL,2.1836482245986923,2.202842334822076,2.142860665294558,2.178250312805176,1684687200
2006-09-13,AAPL,2.184848230151664,2.2289350833390364,2.1683531749048615,2.2253360748291016,1146138000
2006-09-14,AAPL,2.210939566685171,2.239431308275374,2.2031415170801116,2.224436044692993,801729600
2006-09-15,AAPL,2.237331553612857,2.2487278080833475,2.198043196068854,2.2223362922668457,981853600
2006-09-18,AAPL,2.213338809389431,2.245129242186912,2.1983433448862963,2.216038465499878,705278000
2006-09-19,AAPL,2.222336568768857,2.230133617122156,2.183347723189957,2.2124392986297607,710049200
2006-09-20,AAPL,2.2307340964512745,2.26972194174263,2.2259348192898325,2.2571256160736084,822791200
2006-09-21,AAPL,2.2568263220074702,2.281119426262031,2.2199368897229137,2.2388312816619873,794124800
2006-09-22,AAPL,2.2283341623549258,2.229534232020452,2.176750186860461,2.1893463134765625,665112000
2006-09-25,AAPL,2.213637382002367,2.2751195955678902,2.2109385281345144,2.271820306777954,858992400
2006-09-26,AAPL,2.2847179057097815,2.3327036804177026,2.282318566921423,2.3276054859161377,1102948000
2006-09-27,AAPL,2.31440847580267,2.3234063949465584,2.2739206426205048,2.2916159629821777,810373200
2006-09-28,AAPL,2.309910284159681,2.323706481725728,2.2778201300109098,2.309610366821289,723609600
2006-09-29,AAPL,2.31260949975958,2.3249051072304585,2.299712656243645,2.3087105751037598,405812400
2006-10-02,AAPL,2.25232851929169,2.2754215615293223,2.228335124098589,2.2451303005218506,712639200
2006-10-03,AAPL,2.23283401188794,2.247829278717039,2.195045226724429,2.2217366695404053,790708800
2006-10-04,AAPL,2.222336807068155,2.2631241596233003,2.1941447802243705,2.2607250213623047,829082800
2006-10-05,AAPL,2.2352328748148698,2.284117995238014,2.2232361823226214,2.244229793548584,683883200
2006-10-06,AAPL,2.231932372152379,2.2505270368740073,2.2136376246070952,2.2259340286254883,466958800
2006-10-09,AAPL,2.213338922310757,2.2517279380581954,2.205241154837168,2.238231658935547,438222400
2006-10-10,AAPL,2.2355325070498537,2.2367315756180877,2.1917453819626944,2.2136385440826416,531588400
2006-10-11,AAPL,2.2019423914366567,2.2187373585011407,2.177349374969476,2.1962437629699707,571855200
2006-10-12,AAPL,2.207640866093368,2.2610247409628115,2.2073403481750784,2.2571256160736084,592855200
2006-10-13,AAPL,2.2682219491241806,2.3057108052319544,2.241530514642996,2.2499279975891113,684196800
2006-10-16,AAPL,2.2550263430873962,2.275720234703096,2.243029652050122,2.261324405670166,508692800
2006-10-17,AAPL,2.2505280948962105,2.2574257927714263,2.2205371640093,2.228034496307373,480925200
2006-10-18,AAPL,2.241830132117908,2.2604248009298953,2.2166376843984623,2.235232353210449,1133907600
2006-10-19,AAPL,2.377090335776427,2.397784233177507,2.3441008276836617,2.368992567062378,1512977200
2006-10-20,AAPL,2.368392190698767,2.398983348804427,2.359395073907845,2.3977832794189453,639413600
2006-10-23,AAPL,2.3989840424793725,2.4562666502807904,2.3917856262027932,2.443070888519287,832507200
2006-10-24,AAPL,2.435572249280012,2.44966836073099,2.405281606582616,2.430773973464966,463212400
2006-10-25,AAPL,2.4397709372974963,2.459264959253261,2.4295739503077667,2.4496684074401855,485214800
2006-10-26,AAPL,2.4562662736019703,2.477260082863139,2.4331732435841276,2.464963674545288,432756800
2006-10-27,AAPL,2.451767801591842,2.472761611597935,2.399583394080272,2.4115800857543945,594966400
2006-10-30,AAPL,2.3989834977717592,2.4262753677150526,2.384287952499135,2.411879539489746,499917600
2006-10-31,AAPL,2.442770866910865,2.4496685641531015,2.4061811577646632,2.431673526763916,501474400
2006-11-01,AAPL,2.432273372177958,2.4406708540448,2.3500972559650517,2.3740904331207275,611192400
2006-11-02,AAPL,2.3668931324933298,2.3788896255917464,2.3542968047294006,2.368692636489868,465483200
2006-11-03,AAPL,2.3800900551612547,2.385188250165167,2.333003627435636,2.347999095916748,431888800
2006-11-06,AAPL,2.3677932976206497,2.401083521099725,2.3521973960217957,2.3905866146087646,434576800
2006-11-07,AAPL,2.4127789342181893,2.429274183553775,2.403182182389637,2.414578437805176,525932400
2006-11-08,AAPL,2.3998833613939463,2.479959284550052,2.3959844361933196,2.472761869430542,690916800
2006-11-09,AAPL,2.486258170975408,2.5399423841999247,2.462865214548784,2.4994547367095947,923053600
2006-11-10,AAPL,2.505751197053807,2.50725018244931,2.4742606912548157,2.492854356765747,373864400
2006-11-13,AAPL,2.4958545349996286,2.5327431590387994,2.4784599334563433,2.5297443866729736,450674000
2006-11-14,AAPL,2.54323985938661,2.5492382049560547,2.51624870580672,2.5492382049560547,588954800
2006-11-15,AAPL,2.5507374280792536,2.5762297904824947,2.519246921643414,2.5207467079162598,655323200
2006-11-16,AAPL,2.5453398100282816,2.5882275893512734,2.5378424771416643,2.567533493041992,693940800
2006-11-17,AAPL,2.553437817383381,2.577431206901435,2.5492389742177215,2.5747313499450684,466424000
2006-11-20,AAPL,2.561234753719784,2.6092205145488765,2.5552364084837786,2.593324899673462,570794000
2006-11-21,AAPL,2.621816860588592,2.6572062969207764,2.6125192251856144,2.6572062969207764,622666800
2006-11-22,AAPL,2.668902803968523,2.721686847603916,2.6347132326215585,2.708491086959839,671941200
2006-11-24,AAPL,2.685098302589187,2.791566748924917,2.684198951052289,2.748079538345337,518677600
2006-11-27,AAPL,2.7744721471424687,2.793965972703255,2.6841990331247234,2.6853981018066406,1074836000
2006-11-28,AAPL,2.7099906081593614,2.758276087748511,2.696494130688576,2.7534778118133545,1036173600
2006-11-29,AAPL,2.7891679642264493,2.7936665243877954,2.7066918919889,2.7531778812408447,1157083200
2006-11-30,AAPL,2.7654748249517542,2.77957074226829,2.730985325675664,2.7489795684814453,870486400
2006-12-01,AAPL,2.753177474066075,2.7690730917005384,2.702192932193024,2.7387826442718506,795079600
2006-12-04,AAPL,2.7555766248180054,2.7606746166891285,2.714188650989687,2.732783317565918,709536800
2006-12-05,AAPL,2.7486792492579726,2.769073227174406,2.7252862982680646,2.7372829914093018,662838400
2006-12-06,AAPL,2.71838871600693,2.740882116181862,2.6892973345349134,2.6940956115722656,638184400
2006-12-07,AAPL,2.700093455062348,2.714189367264625,2.6062211466365177,2.610419988632202,1004827600
2006-12-08,AAPL,2.6161190010973483,2.6808999479364073,2.6092213024167266,2.647010087966919,784277200
2006-12-11,AAPL,2.666204292578935,2.6782009870995,2.6407121175701658,2.661705732345581,499780400
2006-12-12,AAPL,2.6575068790206364,2.6644045774,2.5651343406460763,2.5834290981292725,1026620000
2006-12-13,AAPL,2.6377119175425765,2.6713018533812662,2.6137193350427244,2.6707022190093994,857052000
2006-12-14,AAPL,2.6707025871306267,2.6991945335707297,2.64700991865689,2.6557071208953857,832330800
2006-12-15,AAPL,2.66980272062787,2.675801066134531,2.6191179023673796,2.6308140754699707,739939200
2006-12-18,AAPL,2.628114954990163,2.63921149347854,2.5369417072456666,2.5633342266082764,721576800
2006-12-19,AAPL,2.541141767657261,2.59962446167191,2.5078523364392367,2.5885279178619385,911405600
2006-12-20,AAPL,2.593325321728584,2.5993236679408,2.541441428899317,2.542041063308716,567691600
2006-12-21,AAPL,2.5402414267120568,2.563634174870089,2.4652635044598656,2.486257314682007,903599200
2006-12-22,AAPL,2.503052142902684,2.5204475452489206,2.447269130855628,2.4652633666992188,613303600
2006-12-26,AAPL,2.4637644946083843,2.4763608206612653,2.4259757166615508,2.4445695877075195,490688800
2006-12-27,AAPL,2.343799473970907,2.459265023424214,2.302412491237973,2.4448699951171875,1935754800
2006-12-28,AAPL,2.405881438394087,2.4367725187924685,2.3887867535260776,2.425375461578369,1119876800
2006-12-29,AAPL,2.5177473207849133,2.5612345189119905,2.5000530048080303,2.5444395542144775,1076429200
2007-01-03,AAPL,2.5879278970051853,2.596625300435186,2.4562669758754776,2.5132498741149902,1238319600
2007-01-04,AAPL,2.5207476953011825,2.577730586460644,2.513849196294495,2.56903338432312,847260400
2007-01-05,AAPL,2.572331540537928,2.5852275836178573,2.531244273183708,2.5507380962371826,834741600
2007-01-08,AAPL,2.5780297723113446,2.5951246561575405,2.557635598306554,2.5633342266082764,797106800
2007-01-09,AAPL,2.592725396665836,2.7885665583335215,2.5537365540915986,2.7762701511383057,3349298400
2007-01-10,AAPL,2.8416522022182606,2.9331243905509683,2.80266354763651,2.9091320037841797,2952880000
2007-01-11,AAPL,2.8773410845990446,2.9025335369680247,2.8521486322300644,2.8731422424316406,1440252800
2007-01-12,AAPL,2.8368522281845228,2.8509483400747704,2.7960648803676733,2.8377525806427,1312690400
2007-01-16,AAPL,2.869543497155548,2.916628915499422,2.8626457991022303,2.912130355834961,1244076400
2007-01-17,AAPL,2.9259263060621983,2.9271253745438863,2.8437509736592794,2.847649097442627,1646260000
2007-01-18,AAPL,2.7621746860139345,2.7624746032509293,2.6707017306364658,2.6713013648986816,2364605600
2007-01-19,AAPL,2.658105638697568,2.6886967968110693,2.6428102598525935,2.6542065143585205,1364473600
2007-01-22,AAPL,2.6734014833851525,2.6740019186511925,2.568733343529438,2.6029229164123535,1454026000
2007-01-23,AAPL,2.571131828242356,2.6245154950973277,2.5645340494070195,2.5702316761016846,1207424400
2007-01-24,AAPL,2.599623344477266,2.6137192565586047,2.5816291083545138,2.6002237796783447,927813600
2007-01-25,AAPL,2.6125194670168077,2.6542069695449246,2.580129400540505,2.5867273807525635,905973600
2007-01-26,AAPL,2.6125196603719,2.6203175105408714,2.5489387914579695,2.560635566711426,986874000
2007-01-29,AAPL,2.588226869104239,2.598723772902342,2.565133640706055,2.577430248260498,901664400
2007-01-30,AAPL,2.592125471092075,2.59392497441284,2.556735839752317,2.565732955932617,577970400
2007-01-31,AAPL,2.545039815888313,2.5792301888160596,2.5297446338034435,2.5711324214935303,856069200
2007-02-01,AAPL,2.5861284040192185,2.58732747285668,2.5414419174194336,2.5414419174194336,664342000
2007-02-02,AAPL,2.5228472174707792,2.5567368760221765,2.5102508893317745,2.5417416095733643,621530000
2007-02-05,AAPL,2.528245048827702,2.5561373607202555,2.5174484252929688,2.5174484252929688,578852400
2007-02-06,AAPL,2.5327426529510975,2.5333430880244108,2.4850574168219555,2.523745536804199,864393600
2007-02-07,AAPL,2.533643132456946,2.590626009951241,2.5057516283312378,2.583728313446045,1066825200
2007-02-08,AAPL,2.562134979897284,2.5945258550194676,2.561535545592593,2.5846285820007324,679030800
2007-02-09,AAPL,2.57563116684881,2.5852279207699063,2.495555241885505,2.497354745864868,860540800
2007-02-12,AAPL,2.532143514052732,2.554637109667133,2.5081509326853197,2.545639991760254,724071600
2007-02-13,AAPL,2.5540374360161544,2.5579355597188327,2.528244550532403,2.540241241455078,580986000
2007-02-14,AAPL,2.5381418646980975,2.5684325087458104,2.53634216081659,2.5582361221313477,507981600
2007-02-15,AAPL,2.562435006498663,2.5678329169618457,2.5426404658038093,2.5555365085601807,363661200
2007-02-16,AAPL,2.556736464798916,2.5615349412822797,2.539041344485459,2.544140338897705,399868000
2007-02-20,AAPL,2.53874166458757,2.5840283757143294,2.5240459172051666,2.576230525970459,617702400
2007-02-21,AAPL,2.5786293081003495,2.683897662354219,2.5780296737992754,2.6752004623413086,1155313600
2007-02-22,AAPL,2.723186437961653,2.7234861550300313,2.655107217478577,2.6844983100891113,838224800
2007-02-23,AAPL,2.6740012206669563,2.7093906537852552,2.6647033858965683,2.6713013648986816,517893600
2007-02-26,AAPL,2.6943941950656956,2.6991934711430225,2.627514858421475,2.654506206512451,615848800
2007-02-27,AAPL,2.588226765136841,2.6116195094292043,2.5015528835521854,2.5171477794647217,1145813200
2007-02-28,AAPL,2.489257562106061,2.567234077787,2.489257562106061,2.5375430583953857,919475200
2007-03-01,AAPL,2.5201463337613736,2.648508701363417,2.5117488518280893,2.6110198497772217,1415528800
2007-03-02,AAPL,2.602323516344869,2.625416751277514,2.5555370115831546,2.561535358428955,860000400
2007-03-05,AAPL,2.575931287610345,2.658706074656081,2.5720321618019595,2.588827133178711,838899600
2007-03-06,AAPL,2.6332137976264884,2.6485097822736132,2.621217904799133,2.6449105739593506,723186800
2007-03-07,AAPL,2.6407113455559617,2.6683029340394055,2.622716309035978,2.6308140754699707,626284400
2007-03-08,AAPL,2.6569067745493467,2.6608048984228216,2.623016121207865,2.639211654663086,511011200
2007-03-09,AAPL,2.663204633579373,2.664703619260301,2.621217217781877,2.6383121013641357,451836000
2007-03-12,AAPL,2.641310982791563,2.6988943032362895,2.638911844616212,2.6952950954437256,729408400
2007-03-13,AAPL,2.6814986048439042,2.7171879585811256,2.6512081623077393,2.6512081623077393,867890800
2007-03-14,AAPL,2.6572065723882923,2.6991941928863525,2.63681259672991,2.6991941928863525,796586000
2007-03-15,AAPL,2.6979936266229165,2.7099903162274592,2.6784996066508624,2.686297655105591,559498800
2007-03-16,AAPL,2.685397729599872,2.6988942077620535,2.6787999496921935,2.6868975162506104,571704000
2007-03-19,AAPL,2.706391723389416,2.7456802901260793,2.6868976989929085,2.733083963394165,712961200
2007-03-20,AAPL,2.739681893242057,2.754377440647377,2.730984491677554,2.7435808181762695,488916400
2007-03-21,AAPL,2.758875967260665,2.819158143103922,2.748678979303918,2.8152592182159424,686896000
2007-03-22,AAPL,2.811060181625984,2.829954368179933,2.7891670227140897,2.817957878112793,561492400
2007-03-23,AAPL,2.799665083848934,2.821258334430281,2.7981652967322845,2.804763078689575,450884000
2007-03-26,AAPL,2.8188585993060995,2.8761412052564226,2.798164704821372,2.8746414184570312,864987200
2007-03-27,AAPL,2.8704431282810834,2.9040330711149838,2.849149596761524,2.862945795059204,932052800
2007-03-28,AAPL,2.8455495764105603,2.8611454745960807,2.7936656908272037,2.7963645458221436,942337200
2007-03-29,AAPL,2.824857771271349,2.824857771271349,2.766075361341428,2.8116610050201416,725723600
2007-03-30,AAPL,2.82755562143825,2.8395523133765375,2.781669275833373,2.7864675521850586,600558000
2007-04-02,AAPL,2.8233570082269086,2.826655497908088,2.789767071304856,2.808661460876465,501992400
2007-04-03,AAPL,2.823357267188671,2.856047054780902,2.8119602084740545,2.834153890609741,583934400
2007-04-04,AAPL,2.8473487023035435,2.853347046882334,2.8230564078182843,2.8272552490234375,476784000
2007-04-05,AAPL,2.822757670687668,2.839552640914917,2.8047626307045337,2.839552640914917,355516000
2007-04-09,AAPL,2.8554471584295853,2.858146013719558,2.790366505484246,2.808661460876465,413341600
2007-04-10,AAPL,2.8092603118004735,2.826955629127604,2.8014624635801475,2.8266549110412598,352466800
2007-04-11,AAPL,2.816159013470231,2.817658800413765,2.7690733915781798,2.7768714427948,549018400
2007-04-12,AAPL,2.7603761368332997,2.7684739050314984,2.7207878487116988,2.7648746967315674,656675600
2007-04-13,AAPL,2.726185153542641,2.7411806124105915,2.700992710568258,2.706390619277954,719941600
2007-04-16,AAPL,2.71628884069954,2.7441803479335123,2.7066912871694635,2.7420809268951416,609033600
2007-04-17,AAPL,2.7591755596666814,2.7681734786559757,2.6901961856909,2.709690809249878,751920400
2007-04-18,AAPL,2.703993046124423,2.7246869434934755,2.687198074426471,2.7111904621124268,464044000
2007-04-19,AAPL,2.7048923788508206,2.736683618715791,2.6940957544147275,2.707292318344116,425913600
2007-04-20,AAPL,2.725885850298554,2.734583852986644,2.7156894622841206,2.728285789489746,522779600
2007-04-23,AAPL,2.7468793491563845,2.8131598727633147,2.7417813555704726,2.8044626712799072,780290000
2007-04-24,AAPL,2.8179579885349946,2.890836483352725,2.7381817969601667,2.7963645458221436,1055252800
2007-04-25,AAPL,2.826055670459865,2.861145591916004,2.8131596277994624,2.8596456050872803,1187144000
2007-04-26,AAPL,3.0464900366388026,3.074081627184704,2.9481193653061952,2.9643146991729736,1737778000
2007-04-27,AAPL,2.9445214765691965,2.997605446130695,2.9298259268167492,2.9967052936553955,699403600
2007-04-30,AAPL,3.001803805543449,3.029095681230899,2.989207678433445,2.9931066036224365,616509600
2007-05-01,AAPL,2.986808102280658,3.009601415005592,2.9556173059759594,2.9832088947296143,532523600
2007-05-02,AAPL,2.988608194982002,3.0152996367379217,2.983209482697292,3.010801076889038,505145200
2007-05-03,AAPL,3.0209973228296687,3.042590563529693,2.9994038819178668,3.0111000537872314,576077600
2007-05-04,AAPL,3.0230977667322074,3.0470903550914015,3.0141008464152983,3.02339768409729,381987200
2007-05-07,AAPL,3.031494312640881,3.1295652584914473,3.029395091948153,3.1166694164276123,861557200
2007-05-08,AAPL,3.103173502072521,3.153558411653161,3.101673715228198,3.1508593559265137,783997200
2007-05-09,AAPL,3.1463607975358583,3.2078420436744985,3.1457603622853227,3.2054429054260254,717757600
2007-05-10,AAPL,3.1979449900207437,3.2642255182232285,3.176651460372908,3.219238519668579,1197257600
2007-05-11,AAPL,3.231235679567457,3.2729233933251645,3.2024440123502087,3.2612264156341553,653696400
2007-05-14,AAPL,3.287617814335659,3.2990140698917436,3.246529749228117,3.279819965362549,651946400
2007-05-15,AAPL,3.286118721233768,3.3050131126937363,3.193446468134682,3.224637269973755,954514400
2007-05-16,AAPL,3.2549278808454294,3.2639258011071286,3.101673730083996,3.219238519668579,1126767600
2007-05-17,AAPL,3.2135403180091493,3.2951160147481753,3.2135403180091493,3.282219171524048,735291200
2007-05-18,AAPL,3.3059132083708946,3.3182096185389502,3.2921170113593123,3.2996151447296143,621345200
2007-05-21,AAPL,3.308311822486351,3.3724921180335627,3.300513973237304,3.3583970069885254,639892400
2007-05-22,AAPL,3.3736923237411345,3.41148110154915,3.3592966942008475,3.4051828384399414,572409600
2007-05-23,AAPL,3.419579354840995,3.4489704526842995,3.376691576562998,3.3856894969940186,911374800
2007-05-24,AAPL,3.383290700912428,3.432775060913734,3.310112269927327,3.319708824157715,887362000
2007-05-25,AAPL,3.3589973516861393,3.412381036909253,3.3440018849980673,3.4075827598571777,632959600
2007-05-29,AAPL,3.432475272358295,3.4447714821549247,3.379691024878761,3.429476499557495,645694000
2007-05-30,AAPL,3.4279769714235786,3.5653359201028043,3.4048841353511206,3.562037229537964,1478444800
2007-05-31,AAPL,3.6010252395410776,3.664006283189231,3.585130420373361,3.634615182876587,1297066400
2007-06-01,AAPL,3.6319153948355485,3.6346146506692887,3.5476410319017866,3.5509393215179443,885262000
2007-06-04,AAPL,3.5578375148590338,3.6508094719451254,3.535943552753134,3.638812780380249,886673200
2007-06-05,AAPL,3.6412111334605637,3.6796001356573216,3.6139194683822353,3.678999900817871,920785600
2007-06-06,AAPL,3.6679042598513707,3.720388582786727,3.657407555433742,3.708091974258423,1112241200
2007-06-07,AAPL,3.74858106581611,3.8271569963637644,3.6945967523271093,3.7209882736206055,1915079600
2007-06-08,AAPL,3.773473163498216,3.773773881692245,3.6676051430997236,3.7335853576660156,1241682400
2007-06-11,AAPL,3.7788715039116196,3.7833698630063393,3.585129732404822,3.604623556137085,1874258400
2007-06-12,AAPL,3.5794316260120516,3.6502109221215653,3.5482410212341056,3.6103227138519287,1426566400
2007-06-13,AAPL,3.6334148795911627,3.634614148261178,3.4609664516204837,3.5239474773406982,1721353200
2007-06-14,AAPL,3.5149502672365247,3.5824300656599344,3.4915575160429313,3.561436653137207,973266000
2007-06-15,AAPL,3.6175187417159567,3.6190183278664243,3.5947254326523854,3.613919734954834,811218800
2007-06-18,AAPL,3.6972948269208628,3.7542779009726948,3.6751021525395977,3.7515790462493896,910604800
2007-06-19,AAPL,3.7395833096670255,3.7491806637459817,3.686199629297435,3.708693027496338,943026000
2007-06-20,AAPL,3.7149919976902326,3.738684669231624,3.6439127817948753,3.645411968231201,897512000
2007-06-21,AAPL,3.6499099699528217,3.7275869429369726,3.6205188776784083,3.7158901691436768,867045200
2007-06-22,AAPL,3.7143897745889376,3.7323848092186016,3.6703031410169302,3.6888976097106934,631876000
2007-06-25,AAPL,3.724587675165063,3.7515798318624465,3.6307155619623606,3.66910457611084,965403600
2007-06-26,AAPL,3.718289161844517,3.7188889964068776,3.560536275756166,3.588427782058716,1345005200
2007-06-27,AAPL,3.617218781368394,3.660105743489941,3.5767311570589944,3.655606985092163,974696800
2007-06-28,AAPL,3.6697049135790953,3.673603839456287,3.5989260147342375,3.6157209873199463,838143600
2007-06-29,AAPL,3.6580069995429985,3.7188890065172866,3.631615479998206,3.6601064205169678,1137841600
2007-07-02,AAPL,3.630414766149958,3.661605357094834,3.577930452386039,3.6367130279541016,994862400
2007-07-03,AAPL,3.658907232643073,3.820858964685985,3.6439117686356286,3.8139612674713135,1162481600
2007-07-05,AAPL,3.8628453890799013,3.987908470162761,3.859545899160289,3.9813098907470703,1453051600
2007-07-06,AAPL,3.9927074175152204,3.9990056803407312,3.9108320029015893,3.9678146839141846,874694800
2007-07-09,AAPL,3.970214578287437,3.9858102788971816,3.8742430381919113,3.9087331295013428,995820000
2007-07-10,AAPL,3.8652457488935523,4.033795270750814,3.863146327750037,3.9693150520324707,1255007600
2007-07-11,AAPL,3.9609182193069943,4.009803549462807,3.938124899556173,3.9705147743225098,821772000
2007-07-12,AAPL,4.014301114957224,4.025997890099805,3.9705139883476765,4.020899295806885,704608800
2007-07-13,AAPL,4.049691133727488,4.134265416670912,4.034395750605919,4.130667209625244,907606000
2007-07-16,AAPL,4.150461844662674,4.198147908651473,4.123769597473653,4.1417646408081055,936112800
2007-07-17,AAPL,4.147761924562071,4.18674957342356,4.123768539604484,4.166055679321289,709959600
2007-07-18,AAPL,4.1444624926553,4.151960425561192,4.079981470935585,4.14236307144165,756856800
2007-07-19,AAPL,4.207743323179829,4.223039506289797,4.188249499034737,4.198746204376221,732891600
2007-07-20,AAPL,4.248232920079005,4.324110017510166,4.198747351654822,4.311213970184326,1167773600
2007-07-23,AAPL,4.2980156371371905,4.35529903146101,4.226636932806921,4.3097124099731445,1036490000
2007-07-24,AAPL,4.165155887257519,4.2287367489755425,4.023297816665747,4.045491695404053,1795292800
2007-07-25,AAPL,4.119267419206042,4.149559050355107,4.048788893402041,4.116568565368652,1496182800
2007-07-26,AAPL,4.375992970735248,4.45366995245244,4.1075737850664185,4.378692626953125,2186629200
2007-07-27,AAPL,4.384390013222501,4.466265832771138,4.312112347926898,4.314211368560791,1161098400
2007-07-30,AAPL,4.328607350972092,4.362197286674974,4.185849924023038,4.24163293838501,1106988400
2007-07-31,AAPL,4.287818632161047,4.303114813094844,3.9444217727388113,3.9516193866729736,1762392800
2007-08-01,AAPL,4.008002980962243,4.060187388339018,3.8319551349118255,4.04879093170166,1750156800
2007-08-02,AAPL,4.098276002590437,4.107573839762466,4.02329827566908,4.093477725982666,852644800
2007-08-03,AAPL,4.056587249765577,4.077281136656377,3.943821182727522,3.9543182849884033,679187600
2007-08-06,AAPL,3.9858106220025076,4.0568886302811835,3.847851446159994,4.056289196014404,925170400
2007-08-07,AAPL,4.046990991253597,4.115970759487309,3.977711706184745,4.049690246582031,949936400
2007-08-08,AAPL,4.1015767515506525,4.104575525191454,3.95881926946704,4.019100666046143,808096800
2007-08-09,AAPL,3.9321254695175565,3.9888086357055665,3.7515796667157844,3.7905681133270264,1125395600
2007-08-10,AAPL,3.6924959636614214,3.831354419609698,3.607921718399317,3.7488791942596436,1410749200
2007-08-13,AAPL,3.8484513046782745,3.8793423910051086,3.793867548778522,3.8325564861297607,752911600
2007-08-14,AAPL,3.8475509828462875,3.8478504996941583,3.710191275057279,3.7197890281677246,739006800
2007-08-15,AAPL,3.681100882268503,3.7446825564735255,3.5884284278247005,3.5959267616271973,992852000
2007-08-16,AAPL,3.509251809786451,3.553938280704486,3.3476002090470383,3.510451078414917,1866690000
2007-08-17,AAPL,3.659207648688801,3.703894129513368,3.5935273552228675,3.6607072353363037,1195062400
2007-08-20,AAPL,3.7176902222608894,3.733885357175415,3.613920831286371,3.6655054092407227,803317200
2007-08-21,AAPL,3.6652055567241932,3.867644524406804,3.6289163650440988,3.8259568214416504,1303047200
2007-08-22,AAPL,3.9354239152165897,3.981309646424751,3.908731684082611,3.974112033843994,1061765600
2007-08-23,AAPL,3.9915077018167486,3.9990060348401855,3.891638042552869,3.9309256076812744,866838000
2007-08-24,AAPL,3.9147323367074955,4.0598887474116845,3.893138284961031,4.057789325714111,911834000
2007-08-27,AAPL,4.000505680626766,4.038594377950752,3.961816748262266,3.966315507888794,707439600
2007-08-28,AAPL,3.928527958176417,3.971115828887884,3.797767174137249,3.8034656047821045,1179365600
2007-08-29,AAPL,3.89523582181931,4.024197845839407,3.885039835873586,4.021198272705078,1166860800
2007-08-30,AAPL,3.978912333183174,4.146262616866755,3.967815791245975,4.086280345916748,1435582400
2007-08-31,AAPL,4.183450866339348,4.188249543311278,4.121069266975196,4.1531596183776855,876887200
2007-09-04,AAPL,4.196946372129914,4.370594475391889,4.193947599712453,4.323508262634277,1316842800
2007-09-05,AAPL,4.347801981749998,4.373893989538245,4.081781306958237,4.10157585144043,2328222400
2007-09-06,AAPL,4.065585834557857,4.125867201045262,3.9801110180804966,4.049090385437012,1901261600
2007-09-07,AAPL,3.9591179716332845,3.9678151733271982,3.8988357927100807,3.9519195556640625,1430576000
2007-09-10,AAPL,4.108473961370355,4.139964484444308,4.017301483225976,4.100076675415039,1487838800
2007-09-11,AAPL,4.135763665087131,4.147760353020509,4.011300830742802,4.063485622406006,971885600
2007-09-12,AAPL,4.078481711358849,4.180750698851014,4.071283696781206,4.104273796081543,1022770000
2007-09-13,AAPL,4.16365628562781,4.168755280287347,4.098275914179724,4.114771366119385,656163200
2007-09-14,AAPL,4.095877913438203,4.168155999086587,4.084781370926746,4.163057804107666,607320000
2007-09-17,AAPL,4.168454271921747,4.216439021913509,4.126766581873828,4.151058673858643,793371600
2007-09-18,AAPL,4.170553408930852,4.28421921730139,4.133663996177054,4.2263360023498535,1064089600
2007-09-19,AAPL,4.289319704777635,4.2935181471255985,4.180751629514845,4.221839904785156,1026880400
2007-09-20,AAPL,4.203243469103695,4.252429494315042,4.178351139903847,4.208042144775391,691840800
2007-09-21,AAPL,4.232934765060722,4.338203317306312,4.208042434149107,4.323207855224609,1138880400
2007-09-24,AAPL,4.400585572717526,4.4941581672743025,4.398186634775735,4.447071552276611,1052161600
2007-09-25,AAPL,4.403884771455034,4.595227588752855,4.403284136056245,4.594027519226074,1192550800
2007-09-26,AAPL,4.632716378291581,4.648611192824492,4.53614501904367,4.581730842590332,975268000
2007-09-27,AAPL,4.611724233266368,4.634216835458327,4.568237014085043,4.633617401123047,658198800
2007-09-28,AAPL,4.601824724039525,4.636614722736813,4.58113083533085,4.602724075317383,615101200
2007-10-01,AAPL,4.637515595976872,4.7208910126417205,4.586530850769035,4.688799858093262,837068400
2007-10-02,AAPL,4.69509884679791,4.7562811911692,4.675305100662841,4.752082347869873,792069600
2007-10-03,AAPL,4.731987108856689,4.773974330152226,4.70889387686878,4.736185550689697,692518400
2007-10-04,AAPL,4.738587688818808,4.740986628244904,4.603628025649047,4.685803413391113,656958400
2007-10-05,AAPL,4.7496808212678,4.84595186100772,4.729587165314796,4.842052936553955,943471200
2007-10-08,AAPL,4.903235465794994,5.03579568862915,4.8876393681687516,5.03579568862915,835928800
2007-10-09,AAPL,5.104474192230091,5.131766261135926,4.9989061248219615,5.034295558929443,1104286400
2007-10-10,AAPL,5.025001076023884,5.034897548510232,4.966518389413482,5.0022077560424805,667590000
2007-10-11,AAPL,5.083182376864476,5.154860617659356,4.594928568804688,4.865447998046875,1643992000
2007-10-12,AAPL,4.888839510361457,5.016901376716481,4.852549922523378,5.016001224517822,988176000
2007-10-15,AAPL,5.037893383664609,5.085578208581924,4.903533302908848,5.007901668548584,1077930000
2007-10-16,AAPL,4.964718383112764,5.103876426647623,4.953021206295595,5.085882186889648,1067830400
2007-10-17,AAPL,5.179153521950589,5.189650227419423,5.073884948256447,5.180953025817871,1127613200
2007-10-18,AAPL,5.143463656341477,5.224139002572851,5.129968179512907,5.203445911407471,823676000
2007-10-19,AAPL,5.225639173034986,5.237335947431692,5.0984774445213015,5.111073970794678,1291780000
2007-10-22,AAPL,5.10897440588856,5.245433566618693,5.097277631821216,5.229238033294678,1649499600
2007-10-23,AAPL,5.65511218299742,5.656311451966989,5.481164125210954,5.583133220672607,1795164000
2007-10-24,AAPL,5.572634380191642,5.614621591608288,5.375593963300988,5.576233386993408,1288481600
2007-10-25,AAPL,5.544444402873925,5.575335485531822,5.448172948009871,5.481762886047363,973602000
2007-10-26,AAPL,5.557041017028051,5.559440355730305,5.484762940741048,5.539346694946289,706876800
2007-10-29,AAPL,5.561838702513792,5.5960292753847884,5.539346105843264,5.551042079925537,540554000
2007-10-30,AAPL,5.583733536183349,5.67940476913146,5.540246320898788,5.608325958251953,939414000
2007-10-31,AAPL,5.6272187907994535,5.701896994942415,5.546843359401798,5.696798801422119,833310800
2007-11-01,AAPL,5.656311638888485,5.701298842198898,5.398388717168491,5.621522426605225,805036400
2007-11-02,AAPL,5.674606132572368,5.681503830822462,5.5030570215421335,5.63441801071167,1002114400
2007-11-05,AAPL,5.557039416355795,5.667106244651843,5.525548905806725,5.583731651306152,804176800
2007-11-06,AAPL,5.609824688427786,5.758280551923779,5.556441009505074,5.751982688903809,954727200
2007-11-07,AAPL,5.716592363523304,5.7786744399397625,5.582232624814937,5.5873308181762695,994327600
2007-11-08,AAPL,5.5984286745158665,5.605326372202371,5.031597773803755,5.262528896331787,1890378000
2007-11-09,AAPL,5.132968640975417,5.252033038018416,4.954821320845873,4.959619998931885,1526380800
2007-11-12,AAPL,4.956918817907341,5.029497594507212,4.51755043726572,4.611422538757324,1769065200
2007-11-13,AAPL,4.824060304601062,5.127869763272767,4.611423715307281,5.097278594970703,1739446800
2007-11-14,AAPL,5.313213907775603,5.325510117460429,4.9107336740330165,4.981812477111816,1449168000
2007-11-15,AAPL,4.990208447854495,5.086179955078711,4.807562867123553,4.927526950836182,1487410400
2007-11-16,AAPL,4.957518522145177,5.009103489337939,4.778472324945035,4.990209102630615,1383494000
2007-11-19,AAPL,4.981512302096877,5.0444933292226946,4.861548193023564,4.917031288146973,1154428800
2007-11-20,AAPL,4.968618232468742,5.152162875688343,4.90443670988944,5.063989162445068,1543642800
2007-11-21,AAPL,4.973714733246271,5.168956504656144,4.938625207518775,5.0522918701171875,1217809600
2007-11-23,AAPL,5.158460161299317,5.159959748010447,5.090980360993218,5.144664764404297,465757600
2007-11-26,AAPL,5.206144996493783,5.3165113491512805,5.168955655206141,5.174654483795166,1305754800
2007-11-27,AAPL,5.255030163699528,5.272125048597157,5.0987772617537805,5.242733955383301,1317030400
2007-11-28,AAPL,5.303016031328566,5.416381960518028,5.258928991893392,5.4049859046936035,1150912000
2007-11-29,AAPL,5.381291150360222,5.5534396240819826,5.372893468508668,5.527048110961914,1050926800
2007-11-30,AAPL,5.618521291765516,5.629317913238679,5.389390099664642,5.464967250823975,1187802000
2007-12-03,AAPL,5.454171400938514,5.522551348020738,5.329409000314917,5.364198207855225,961469600
2007-12-04,AAPL,5.312911825132777,5.425377570801798,5.308112749549518,5.392687797546387,773799600
2007-12-05,AAPL,5.485061870771186,5.578333743490355,5.4706662415725456,5.563338279724121,892402000
2007-12-06,AAPL,5.58403230261606,5.701297560784397,5.58193288158033,5.696798801422119,899810800
2007-12-07,AAPL,5.7144931182150325,5.847953910028761,5.639515397237911,5.8272600173950195,1066066400
2007-12-10,AAPL,5.805964592741008,5.86804545164496,5.778972444894309,5.824558258056641,722377600
2007-12-11,AAPL,5.840754134274908,5.9031357149377,5.620020265247283,5.654509544372559,1110925200
2007-12-12,AAPL,5.801466913488396,5.832657912282816,5.571136433309561,5.724091053009033,1225660800
2007-12-13,AAPL,5.7039970945060645,5.761880337672398,5.632918289821254,5.7531819343566895,864617600
2007-12-14,AAPL,5.709393451628546,5.794267614500297,5.684500725093544,5.7099928855896,674312800
2007-12-17,AAPL,5.719890465651789,5.777772484807163,5.487759351224879,5.530346393585205,1024693600
2007-12-18,AAPL,5.5939307148335145,5.618223219500241,5.356400977113115,5.487761974334717,1222603200
2007-12-19,AAPL,5.487761682807383,5.537547159751581,5.42538007817093,5.491960525512695,827478400
2007-12-20,AAPL,5.561238445236757,5.633216585878089,5.498257422016748,5.614622116088867,774057200
2007-12-21,AAPL,5.70189640964288,5.8155622482299805,5.694998713085721,5.8155622482299805,993960800
2007-12-24,AAPL,5.849151418018354,5.978113420479342,5.841954205562961,5.962217807769775,480202800
2007-12-26,AAPL,5.968517223705369,6.026999891827557,5.902836941312262,5.966717720031738,703732400
2007-12-27,AAPL,5.9667182459684405,6.086981882034578,5.932228957121269,5.955321788787842,795527600
2007-12-28,AAPL,6.015903493208333,6.044994268672887,5.9046365826692835,5.993110179901123,699647200
2007-12-31,AAPL,5.9832141603182505,6.013205094334128,5.930729825578617,5.940627098083496,539333200
2008-01-02,AAPL,5.976314830768704,6.006005839333181,5.774775232572661,5.843453884124756,1079178800
2008-01-03,AAPL,5.8605507214259225,5.919932750234315,5.778974810510329,5.846154689788818,842066400
2008-01-04,AAPL,5.741786202164884,5.788272189134919,5.365098828061367,5.399888038635254,1455832000
2008-01-07,AAPL,5.435875428909518,5.5063547788526,5.105374239350447,5.327608108520508,2072193200
2008-01-08,AAPL,5.402583879585342,5.472163863601265,5.1224680442760455,5.1359639167785645,1523816000
2008-01-09,AAPL,5.1374679708392765,5.383394663228197,5.047494741864815,5.380395889282227,1813882000
2008-01-10,AAPL,5.325809509932331,5.428378820626323,5.26072905966146,5.339005470275879,1482975200
2008-01-11,AAPL,5.278423182350758,5.33390707811728,5.098477219614521,5.179152965545654,1232285600
2008-01-14,AAPL,5.324009985707253,5.380992668924486,5.253530624061002,5.3617987632751465,1100450400
2008-01-15,AAPL,5.330008126466219,5.374994116392687,4.93832457098278,5.069685935974121,2343278000
2008-01-16,AAPL,4.955420617747926,5.068786572259106,4.699597526834137,4.787771224975586,2213845200
2008-01-17,AAPL,4.8438516905504425,4.959317007456299,4.751179279577194,4.825256824493408,1757859600
2008-01-18,AAPL,4.849851219890947,4.971015403535214,4.786870190152119,4.839354515075684,1724343600
2008-01-22,AAPL,4.440474411601859,4.797967470630159,4.378693041490649,4.667806148529053,2434754000
2008-01-23,AAPL,4.084480855613283,4.198746556414322,3.783070743430986,4.1708550453186035,3372969600
2008-01-24,AAPL,4.198446721047191,4.219740451662433,3.959118290794781,4.06678581237793,2005866800
2008-01-25,AAPL,4.16845572368065,4.17145449630837,3.887139698241453,3.8991355895996094,1554739200
2008-01-28,AAPL,3.843652489844034,3.9948072078197483,3.792367031089445,3.8991355895996094,1474844000
2008-01-29,AAPL,3.9333258933084863,3.982510731298657,3.8703448588213654,3.945021867752075,1099982800
2008-01-30,AAPL,3.9399239672293556,4.062287437958001,3.8988360928410937,3.964216470718384,1243051600
2008-01-31,AAPL,3.8823409518154026,4.098276647104617,3.8808421658546792,4.05958890914917,1345674400
2008-02-01,AAPL,4.085980367682256,4.096477074740863,3.9642167238533688,4.011302947998047,1010744000
2008-02-04,AAPL,4.0250977722905175,4.075782597072467,3.9414228438243946,3.9483213424682617,899234000
2008-02-05,AAPL,3.911730202352839,4.018798236314667,3.865843673270065,3.8796398639678955,1141042000
2008-02-06,AAPL,3.923729408768059,3.9564200029404946,3.652010667803548,3.6589083671569824,1573272400
2008-02-07,AAPL,3.598025352147902,3.742282353656342,3.5170488916260942,3.6361136436462402,2083331600
2008-02-08,AAPL,3.661306929417781,3.769874595986445,3.6469108981544975,3.7632768154144287,1355972800
2008-02-11,AAPL,3.839154174391018,3.8982362886430066,3.8148612702883833,3.882340669631958,1201432400
2008-02-12,AAPL,3.9198296196464177,3.928826738689968,3.7074929653042674,3.7446823120117188,1225980000
2008-02-13,AAPL,3.7992646534408268,3.892236994475812,3.767774144510386,3.880840539932251,968534000
2008-02-14,AAPL,3.880839356232137,3.92282695561506,3.809159959543876,3.8226566314697266,954097200
2008-02-15,AAPL,3.786969471588572,3.8112615730031973,3.720688945779101,3.737783432006836,901300400
2008-02-19,AAPL,3.778571782086347,3.801365097734863,3.6421126063592997,3.6643056869506836,1005046000
2008-02-20,AAPL,3.66490603429005,3.7368841903943633,3.6493103333418104,3.713491439819336,967439200
2008-02-21,AAPL,3.7803711330750587,3.792967258110743,3.6247176722834626,3.645110845565796,938114800
2008-02-22,AAPL,3.673303069133082,3.6742024205279873,3.475061756026103,3.5827300548553467,1529878000
2008-02-25,AAPL,3.556636676418308,3.6040231974321104,3.498754654248586,3.5911271572113037,1256774400
2008-02-26,AAPL,3.528146536151565,3.6316155992973846,3.462165933215877,3.573432445526123,1504888000
2008-02-27,AAPL,3.5458400807565105,3.690396980452544,3.54164164001162,3.6876981258392334,1475138000
2008-02-28,AAPL,3.8148628748931284,3.9648184044933847,3.7719758785292385,3.896138906478882,1618254400
2008-02-29,AAPL,3.8775402468369227,3.905131825985186,3.7428806391611475,3.749478816986084,1255480800
2008-03-03,AAPL,3.73208551131432,3.7782719736813206,3.5389431788964134,3.6508095264434814,1593043200
2008-03-04,AAPL,3.658607958044942,3.7452820675640273,3.6109223020483014,3.7374842166900635,1785383600
2008-03-05,AAPL,3.706293279545359,3.7530799851976946,3.6664054737131586,3.7335853576660156,1221836000
2008-03-06,AAPL,3.7371848118491715,3.8238589332543484,3.623219009489839,3.6268184185028076,1473698800
2008-03-07,AAPL,3.6112211448924083,3.688298285526096,3.570433995782862,3.6664047241210938,1230462800
2008-03-10,AAPL,3.6583085687252117,3.7026951355156386,3.5800313411851032,3.5896286964416504,999588800
2008-03-11,AAPL,3.721888978397764,3.8232582276042932,3.6589075437038123,3.819359302520752,1163943200
2008-03-12,AAPL,3.8100624985247182,3.859247334175456,3.753978764106342,3.779770851135254,1059629200
2008-03-13,AAPL,3.7218899684271993,3.8838413568940924,3.6888994555222694,3.8370554447174072,1262102800
2008-03-14,AAPL,3.8952353649989595,3.9078318889067725,3.7248863792430416,3.797165632247925,1156640800
2008-03-17,AAPL,3.6754027360756605,3.8565483763334885,3.6754027360756605,3.800764560699463,1072598800
2008-03-18,AAPL,3.874242323587897,3.9888083159319936,3.858946943542461,3.9834094047546387,1205120000
2008-03-19,AAPL,3.992407161524218,4.027496278732889,3.8889377117156982,3.8889377117156982,1010536800
2008-03-20,AAPL,3.9324250322333114,3.997505476197619,3.8742422848507165,3.996906042098999,908787600
2008-03-24,AAPL,4.019097826218685,4.224236782626387,4.008001690867646,4.184648513793945,1066920400
2008-03-25,AAPL,4.197545853397634,4.291717879546456,4.11867000933361,4.228137016296387,1052391200
2008-03-26,AAPL,4.224838502845886,4.370895038394351,4.217940804716023,4.35050106048584,1182084400
2008-03-27,AAPL,4.3472019181565855,4.3579985404329085,4.198446142124065,4.206243991851807,999829600
2008-03-28,AAPL,4.252729843796426,4.3382034599213775,4.2467314985971285,4.289018630981445,714610400
2008-03-31,AAPL,4.296817530791553,4.369995758428913,4.274324131215619,4.303715229034424,768065200
2008-04-01,AAPL,4.387689137508147,4.488458937312925,4.307013794718856,4.484560012817383,1032567200
2008-04-02,AAPL,4.462067555780226,4.534646348832786,4.374194580494663,4.423379421234131,1044968400
2008-04-03,AAPL,4.41048259863337,4.607523846294935,4.408683094959204,4.546941757202148,1051568000
2008-04-04,AAPL,4.56433692760958,4.639914085910679,4.521150037212329,4.591029167175293,854417200
2008-04-07,AAPL,4.682502105591252,4.789270685408703,4.65191173563354,4.675304889678955,1158326400
2008-04-08,AAPL,4.605125362770281,4.692098979726422,4.568235934234428,4.583830833435059,1014294400
2008-04-09,AAPL,4.597928600855431,4.615323010164667,4.512453738849009,4.541844844818115,873398400
2008-04-10,AAPL,4.5325458461348385,4.661207147441247,4.516650231335685,4.635115146636963,955763200
2008-04-11,AAPL,4.580231095991851,4.597625493231437,4.390687024101133,4.412880897521973,1210076000
2008-04-14,AAPL,4.401785532488741,4.476163017842655,4.334905578916049,4.4320759773254395,845087600
2008-04-15,AAPL,4.48066025882001,4.4902580100711855,4.370293927690051,4.450069904327393,698037200
2008-04-16,AAPL,4.55024155102344,4.621620279058602,4.51725184359582,4.60962438583374,795774000
2008-04-17,AAPL,4.623718211035786,4.678602267888627,4.5991261973808255,4.633315563201904,704267200
2008-04-18,AAPL,4.772175316657882,4.866347357686117,4.74998223472546,4.829758644104004,1026765600
2008-04-21,AAPL,4.864847610956119,5.053491619668191,4.85135213106789,5.043294429779053,1039152800
2008-04-22,AAPL,5.020500279745987,5.038495317745097,4.741283680237891,4.8045654296875,1439572400
2008-04-23,AAPL,4.920031517188806,4.943724184627332,4.830957674821477,4.885241508483887,1504190800
2008-04-24,AAPL,4.958720066191534,5.09787811056681,4.7742749031096405,5.066687107086182,1696066400
2008-04-25,AAPL,5.119471368951453,5.131467260061196,4.991109167553291,5.0903801918029785,992474000
2008-04-28,AAPL,5.090980258528325,5.2109443900384225,5.0723857841082465,5.165658473968506,787214400
2008-04-29,AAPL,5.131766882260243,5.268226042035102,5.105974796883107,5.249932289123535,923476400
2008-04-30,AAPL,5.284121703476269,5.398387385814698,5.1860507536407505,5.216941833496094,1139524400
2008-05-01,AAPL,5.247232322923438,5.398387432098389,5.244233550478721,5.398387432098389,903576800
2008-05-02,AAPL,5.404086078407173,5.455970569850109,5.3549012430781815,5.426579475402832,1006082000
2008-05-05,AAPL,5.455970301419167,5.557639858210481,5.4298778981201545,5.540245056152344,854557200
2008-05-06,AAPL,5.538143775592271,5.61192180103035,5.4637667166342165,5.598126411437988,918870400
2008-05-07,AAPL,5.579833102172926,5.644314114286684,5.414582289357915,5.4760637283325195,1157133600
2008-05-08,AAPL,5.511453832754293,5.593329656106722,5.490460422051065,5.550142765045166,899085600
2008-05-09,AAPL,5.493160079225222,5.525849864517353,5.4394756819551935,5.501857280731201,673072400
2008-05-12,AAPL,5.5546427741349556,5.66440973053904,5.483863474828641,5.643115997314453,818563200
2008-05-13,AAPL,5.656611244960048,5.741786168314588,5.6341186456018955,5.697099685668945,823236400
2008-05-14,AAPL,5.735189795784298,5.765480656005243,5.565440531063899,5.586134433746338,916823600
2008-05-15,AAPL,5.602627350282503,5.695299800555873,5.524350130601294,5.6902008056640625,873208000
2008-05-16,AAPL,5.701597073223107,5.707295902167853,5.60832479796908,5.626919269561768,765769200
2008-05-19,AAPL,5.634118702044039,5.659011040809031,5.437376928139778,5.506356716156006,945820400
2008-05-20,AAPL,5.452970308543693,5.583131596891356,5.4019859758528455,5.575334548950195,969850000
2008-05-21,AAPL,5.568437323451875,5.636817273328677,5.285922006175155,5.344104766845703,1157657200
2008-05-22,AAPL,5.376193186306373,5.438274049082196,5.158458088429031,5.30991268157959,1206735600
2008-05-23,AAPL,5.421481185055437,5.45807069985287,5.332408138247764,5.433477878570557,906917200
2008-05-27,AAPL,5.480863623018407,5.591230392456055,5.453571948081222,5.591230392456055,789905200
2008-05-28,AAPL,5.620621781254266,5.63681731717842,5.509955489161937,5.608625888824463,743979600
2008-05-29,AAPL,5.601128008684735,5.6443153040450085,5.563339225350416,5.599028587341309,647186400
2008-05-30,AAPL,5.621820994132386,5.684502505680616,5.619721573128877,5.66080904006958,610184400
2008-06-02,AAPL,5.656309593464843,5.687800103843773,5.534246075772595,5.581332683563232,679840000
2008-06-03,AAPL,5.6041256549078176,5.6443141692641765,5.46856665065646,5.559439182281494,750520400
2008-06-04,AAPL,5.518952811050064,5.611025433209699,5.49526014180634,5.554042339324951,726983600
2008-06-05,AAPL,5.588529444478337,5.693498063341823,5.5693351438450165,5.681201457977295,755445600
2008-06-06,AAPL,5.638315704486907,5.696798370501891,5.5648379759125,5.5675368309021,966422800
2008-06-09,AAPL,5.54204598234622,5.54654434201472,5.270926713812566,5.44667387008667,1888392800
2008-06-10,AAPL,5.413682876162658,5.601726198198386,5.368995603634572,5.5675368309021,1140941200
2008-06-11,AAPL,5.528549350439136,5.578334828384654,5.386092617166229,5.4226813316345215,961550800
2008-06-12,AAPL,5.443073879410914,5.476364295210655,5.13446622312729,5.196247577667236,1308333600
2008-06-13,AAPL,5.147663927778573,5.22324110163252,4.9578210408369365,5.169557094573975,1345957200
2008-06-16,AAPL,5.137466783143067,5.335407440702503,5.07058681185366,5.303617000579834,1051730400
2008-06-17,AAPL,5.34140419148962,5.458069610088519,5.320710299731487,5.441274642944336,899656800
2008-06-18,AAPL,5.431976883246903,5.464367546914414,5.3189112795768185,5.360898494720459,811468000
2008-06-19,AAPL,5.3549006446098515,5.468566485233188,5.302416324434761,5.425378799438477,791949200
2008-06-20,AAPL,5.37889236157109,5.428377905256137,5.248431565738378,5.256529331207275,888367200
2008-06-23,AAPL,5.240635998917032,5.274826178690625,5.145264677751073,5.19325065612793,645780800
2008-06-24,AAPL,5.169555802832981,5.2718251961910445,5.147362724218097,5.195948123931885,621947200
2008-06-25,AAPL,5.236735397354796,5.363298084516616,5.2148422371869465,5.32011079788208,644450800
2008-06-26,AAPL,5.220542688775385,5.243635927414029,5.038796754417949,5.046294689178467,869610000
2008-06-27,AAPL,4.993808749852639,5.115572368451003,4.923029870047035,5.101176738739014,1042249600
2008-06-30,AAPL,5.104173214807056,5.158457019416032,4.997105191386876,5.021697998046875,684196800
2008-07-01,AAPL,4.925429856608721,5.240035957885527,4.918532157790503,5.238836288452148,1111280800
2008-07-02,AAPL,5.254430039085945,5.321909817950189,5.043893337249756,5.043893337249756,837519200
2008-07-03,AAPL,5.086180287269242,5.16355733253568,4.971014471078431,5.102075099945068,523362000
2008-07-07,AAPL,5.19324817481959,5.312311710068404,5.155459405083186,5.25322961807251,820391600
2008-07-08,AAPL,5.260427642946246,5.389388837568414,5.180651268196744,5.384890079498291,888350400
2008-07-09,AAPL,5.404387143671426,5.42568087757217,5.222642013536076,5.225940704345703,895776000
2008-07-10,AAPL,5.2460342687434265,5.318612266841964,5.139566009810211,5.297318935394287,840688800
2008-07-11,AAPL,5.262529110685278,5.3117139496925505,5.128468871006051,5.175854206085205,930011600
2008-07-14,AAPL,5.375595269132661,5.3773939721233965,5.190850212666083,5.214842796325684,886054400
2008-07-15,AAPL,5.172854284797695,5.210643058050855,4.990209081305514,5.087679386138916,1040043200
2008-07-16,AAPL,5.1044749214600476,5.186350739450849,5.056490157462221,5.1827521324157715,747790400
2008-07-17,AAPL,5.221439959008712,5.247832678844342,5.140163980300173,5.1527605056762695,757526000
2008-07-18,AAPL,5.054088355654533,5.087978998074811,4.948520307893805,4.953018665313721,868414400
2008-07-21,AAPL,5.0055054606413725,5.023500500960983,4.832157643556302,4.98721170425415,1360469600
2008-07-22,AAPL,4.468665041305368,4.881341578620116,4.394586679765266,4.8591485023498535,1879592400
2008-07-23,AAPL,4.948221315839653,5.049590942322417,4.8453521031287226,4.986310005187988,1061768400
2008-07-24,AAPL,4.928126799537515,4.95631902027899,4.752080183606912,4.769474983215332,839619200
2008-07-25,AAPL,4.81056283482617,4.8885401292818536,4.75807851012724,4.862147808074951,633637200
2008-07-28,AAPL,4.868744956920681,4.872643881201588,4.619219408872562,4.630616664886475,780712800
2008-07-29,AAPL,4.660906485801821,4.782070637095597,4.608122658102474,4.710991859436035,684070800
2008-07-30,AAPL,4.731986625643456,4.813262204622187,4.681001890432913,4.7949676513671875,725183200
2008-07-31,AAPL,4.724790300168896,4.864548183888356,4.707995328700246,4.767077445983887,637498400
2008-08-01,AAPL,4.795568458276195,4.798268515357085,4.671105957567031,4.698397636413574,544639200
2008-08-04,AAPL,4.696597380276495,4.7355862303158665,4.585930294965654,4.595527648925781,592527600
2008-08-05,AAPL,4.6612068703169145,4.822558742986227,4.643212636612206,4.817760467529297,688371600
2008-08-06,AAPL,4.797668317773186,5.020501730548378,4.7385861942973415,4.924231052398682,791408800
2008-08-07,AAPL,4.879841519394485,4.983011453037306,4.843552732944877,4.90563440322876,672372400
2008-08-08,AAPL,4.914333418895484,5.087981969242828,4.911034327883793,5.084982395172119,713997200
2008-08-11,AAPL,5.10057715684469,5.293419181673376,5.088580464470667,5.205245494842529,891304400
2008-08-12,AAPL,5.204046776748124,5.377094677896149,5.203746859407035,5.300318241119385,836278800
2008-08-13,AAPL,5.3378081349368705,5.398389447374729,5.275426517258713,5.3773956298828125,842346400
2008-08-14,AAPL,5.348303048845967,5.411883914360961,5.33360750165985,5.377994060516357,711300800
2008-08-15,AAPL,5.369596366405228,5.390889692100585,5.249932176546775,5.270626068115234,708251600
2008-08-18,AAPL,5.265526608130632,5.332706470147696,5.213042290876855,5.260128498077393,552014400
2008-08-19,AAPL,5.234636147536338,5.310514019112918,5.152760731127341,5.204345703125,616204400
2008-08-20,AAPL,5.2415354969258985,5.3066159564271835,5.206745486756328,5.27362585067749,506951200
2008-08-21,AAPL,5.232536706367903,5.261927799237552,5.155160449940665,5.227138996124268,539744800
2008-08-22,AAPL,5.273027190898581,5.323412112747518,5.265529255910453,5.30211877822876,439611200
2008-08-25,AAPL,5.28292037754868,5.285320516099201,5.148260752328381,5.174952983856201,484425200
2008-08-26,AAPL,5.181253092535555,5.244833962651697,5.176754332737623,5.207645416259766,445550000
2008-08-27,AAPL,5.1977473791453495,5.271225509994592,5.164157445115456,5.238534927368164,477780800
2008-08-28,AAPL,5.256831674184097,5.285922859001081,5.18095417924907,5.2106451988220215,431384800
2008-08-29,AAPL,5.18724983300175,5.203444962836764,5.069685082978503,5.084380626678467,599289600
2008-09-02,AAPL,5.170456576962617,5.203446681986159,4.948522560733464,4.9842119216918945,780763200
2008-09-03,AAPL,5.003704707586658,5.058888683277763,4.918530607210389,5.007303714752197,734834800
2008-09-04,AAPL,4.974313411498286,5.035795647194263,4.822858803338333,4.835155010223389,743386000
2008-09-05,AAPL,4.7562798437241955,4.870545529604185,4.728087618129805,4.803965091705322,786884000
2008-09-08,AAPL,4.935626153220317,4.945223506949791,4.542443777359589,4.736185550689697,1045979200
2008-09-09,AAPL,4.704394821111522,4.797366776970307,4.492358506008402,4.549041271209717,1245025600
2008-09-10,AAPL,4.568235483589512,4.648311394971892,4.462667404336984,4.546941757202148,973142800
2008-09-11,AAPL,4.444071949403162,4.588329338705132,4.378691592855852,4.578132152557373,971135200
2008-09-12,AAPL,4.525948038197459,4.525948038197459,4.393687330179872,4.466865539550781,793027200
2008-09-15,AAPL,4.259627174907973,4.429376325249122,4.2095417976379395,4.2095417976379395,920634400
2008-09-16,AAPL,4.0146021983796105,4.273725224720212,3.963317924937242,4.195148468017578,1199836400
2008-09-17,AAPL,4.153458205467017,4.154058440319918,3.833754062652588,3.833754062652588,1200455200
2008-09-18,AAPL,3.915931203930186,4.0616878348697405,3.619319747446806,4.021500110626221,1676253600
2008-09-19,AAPL,4.276721838929691,4.324707797607979,4.088078295204595,4.22603702545166,1430875600
2008-09-22,AAPL,4.196946194466978,4.206243629880728,3.918629773798402,3.930325746536255,856713200
2008-09-23,AAPL,3.954319147309628,4.072783266699351,3.7986648856620504,3.8040637969970703,1280364400
2008-09-24,AAPL,3.8169606573336075,3.9273278348565923,3.753379783556063,3.8601479530334473,1047015200
2008-09-25,AAPL,3.8928367920296063,4.0424927037916305,3.8544485835106372,3.9567179679870605,1006045600
2008-09-26,AAPL,3.7461795999937926,3.8928359052857697,3.6888970173158517,3.8460500240325928,1126451200
2008-09-29,AAPL,3.587528731888249,3.589328235726437,3.0167991116445396,3.156857490539551,2622057200
2008-09-30,AAPL,3.246530219716168,3.4489702006388003,3.18804834606058,3.408782482147217,1626682400
2008-10-01,AAPL,3.3565978690249287,3.3697936300948506,3.220738129887218,3.27262282371521,1296484000
2008-10-02,AAPL,3.239331979205159,3.2627247227048666,2.9991040799390674,3.002102851867676,1609364400
2008-10-03,AAPL,3.1190688895454883,3.194045813079172,2.83865221637765,2.9112308025360107,2294398400
2008-10-06,AAPL,2.7579762871096745,2.962514855408137,2.625416060105059,2.9433207511901855,2107417200
2008-10-07,AAPL,3.0135001945475812,3.0440913631645246,2.667703906348496,2.674002170562744,1878772000
2008-10-08,AAPL,2.576530867120489,2.8890377597500843,2.569633168023073,2.692896604537964,2207741200
2008-10-09,AAPL,2.7996641902489237,2.8731421232235257,2.5972240269561544,2.661405324935913,1617383600
2008-10-10,AAPL,2.5702330074414306,2.9991056716766065,2.549239190257697,2.9031341075897217,2219299600
2008-10-13,AAPL,3.1355639118640313,3.3149100535182283,3.0296951065425657,3.306812286376953,1539076000
2008-10-14,AAPL,3.4867584068844155,3.490957248556227,3.093275567890231,3.1214675903320312,1980994400
2008-10-15,AAPL,3.114269889067374,3.209042364174458,2.9358232815823526,2.9376227855682373,1584175600
2008-10-16,AAPL,2.9922065664590383,3.1019743085040075,2.7513789537891276,3.055788040161133,1980521200
2008-10-17,AAPL,2.987108613883676,3.0602868475517675,2.5759313259614367,2.9211277961730957,1762227600
2008-10-20,AAPL,2.992505144220218,3.000003274921723,2.8083607764744105,2.952317237854004,1549170000
2008-10-21,AAPL,2.907632257560397,2.9361240055791926,2.7339837145504915,2.7438809871673584,2193660000
2008-10-22,AAPL,2.9202274148584073,3.0365923055720216,2.7870675584398534,2.9052319526672363,2248808800
2008-10-23,AAPL,2.894435715391174,2.9766110512866515,2.756177047158749,2.9460198879241943,1675430400
2008-10-24,AAPL,2.7090899807044337,2.9361229282219807,2.702492201804492,2.890536308288574,1590058400
2008-10-27,AAPL,2.8512478924004676,2.9280253086926122,2.754976655254875,2.7618751525878906,1208771200
2008-10-28,AAPL,2.8620458217541214,3.0141009267246983,2.7702737083477005,2.996405601501465,1634133200
2008-10-29,AAPL,3.0248970008535587,3.285219226917408,2.997305408403037,3.135564088821411,1950978400
2008-10-30,AAPL,3.2459304433303666,3.364695291011419,3.2273359712443614,3.330205202102661,1638089600
2008-10-31,AAPL,3.2210378785243345,3.3224081225918503,3.153258371584242,3.226736307144165,1659756000
2008-11-03,AAPL,3.176951228892716,3.2720234157000565,3.1448608771541875,3.2078421115875244,1057938000
2008-11-04,AAPL,3.2987152069595513,3.352699328153865,3.199145250890348,3.328706741333008,1398681200
2008-11-05,AAPL,3.2663247588728237,3.2906170600328344,3.0887775145798932,3.0980751514434814,1256455200
2008-11-06,AAPL,3.030596301970292,3.082480211086305,2.939123295426337,2.972113609313965,1319074400
2008-11-07,AAPL,2.976311549871962,2.994605504951745,2.870742457337478,2.946319818496704,1095253600
2008-11-10,AAPL,3.0042019728143226,3.011099668112615,2.8341527214350486,2.8755404949188232,1123822000
2008-11-11,AAPL,2.8434498923031253,2.9142289596875557,2.7669731981875363,2.8422508239746094,1224538000
2008-11-12,AAPL,2.7720712107143237,2.7963643071962587,2.6994934402058735,2.702791929244995,1178976400
2008-11-13,AAPL,2.6952949207350874,2.892336368560791,2.579829571302575,2.892336368560791,1854087200
2008-11-14,AAPL,2.8119588659370045,2.818857361634541,2.6991932074532863,2.706390619277954,1405266800
2008-11-17,AAPL,2.653606675207667,2.715688333255557,2.6170179787156265,2.643409490585327,1162526400
2008-11-18,AAPL,2.6883973747571956,2.7288852086314437,2.6050221684304686,2.6964943408966064,1209695200
2008-11-19,AAPL,2.6823990425331234,2.7465793372539316,2.5855279650548204,2.5879271030426025,1171900800
2008-11-20,AAPL,2.5564370586608316,2.5927260545229234,2.3992837813798435,2.4139795303344727,1716814400
2008-11-21,AAPL,2.4571647200510895,2.5228457795988435,2.3734904321637855,2.4766595363616943,1569271200
2008-11-24,AAPL,2.5555363196867904,2.8428504488211948,2.5444397814500688,2.7876672744750977,1442257600
2008-11-25,AAPL,2.8380529079563006,2.8404520464544607,2.6440103940217647,2.72318696975708,1235292800
2008-11-26,AAPL,2.6967961378391383,2.8566483164230005,2.69469671592869,2.8491501808166504,899836000
2008-11-28,AAPL,2.8401524702607546,2.84195197438255,2.7549775435239106,2.779270648956299,297774400
2008-12-01,AAPL,2.7381818051383746,2.767273179656251,2.666803096662877,2.667102813720703,923767600
2008-12-02,AAPL,2.7000938118906834,2.7786707495686795,2.5942257991167557,2.7732720375061035,1148722400
2008-12-03,AAPL,2.6811990064157536,2.886038103097587,2.6632047705418938,2.876140832901001,1338680000
2008-12-04,AAPL,2.8320551093463555,2.855448065661223,2.6710028708659714,2.7414822578430176,1091370000
2008-12-05,AAPL,2.7096908683885603,2.8338538243395313,2.6650037925058,2.8191580772399902,1043795200
2008-12-08,AAPL,2.917528709020635,3.0230967842551855,2.873141954472927,2.9907069206237793,1185142000
2008-12-09,AAPL,2.9403222769925046,3.1070720878588323,2.9154295420364646,3.000903367996216,1203496000
2008-12-10,AAPL,2.935222089474661,2.9838074700393458,2.894134838417241,2.9454190731048584,938047600
2008-12-11,AAPL,2.919629372041298,3.036294243600658,2.8440519851722055,2.8491501808166504,1040617200
2008-12-12,AAPL,2.783169350277816,2.9691132894616947,2.775071582382277,2.9472203254699707,1041174400
2008-12-15,AAPL,2.878839537796005,2.8854373167004033,2.789166885137393,2.841651201248169,891758000
2008-12-16,AAPL,2.8185588787937625,2.89353580553941,2.781669449207931,2.8620452880859375,1093506400
2008-12-17,AAPL,2.7300847116854565,2.7321841330902057,2.639811593399684,2.674002170562744,1293860400
2008-12-18,AAPL,2.678500372642339,2.7240870053292596,2.6524077655023297,2.6820995807647705,857416000
2008-12-19,AAPL,2.697394488902598,2.7273854175877124,2.6632049182947655,2.6991941928863525,801920000
2008-12-22,AAPL,2.699794257906565,2.7000941752719694,2.5399421061713063,2.5714328289031982,844740400
2008-12-23,AAPL,2.6053220260586296,2.635312956409471,2.5762306474319088,2.5906264781951904,635031600
2008-12-24,AAPL,2.583428947258613,2.58672763737418,2.5357430941598427,2.550438642501831,271334000
2008-12-26,AAPL,2.598424364472299,2.621817314496964,2.5564369412696344,2.5735316276550293,308324800
2008-12-29,AAPL,2.594824634179711,2.62781513189285,2.551337432937555,2.5975236892700195,686000000
2008-12-30,AAPL,2.6218169542644914,2.6407113421625956,2.540840691511218,2.5879271030426025,967601600
2008-12-31,AAPL,2.5783297304302177,2.6314134859936202,2.5594353426773138,2.559735059738159,607541200
2009-01-02,AAPL,2.5756318210032187,2.7303859991432735,2.5540385686139873,2.7216877937316895,746015200
2009-01-05,AAPL,2.7942657187762197,2.8845386270494378,2.7804693222595778,2.836552858352661,1181608400
2009-01-06,AAPL,2.877641038655809,2.9142297507139157,2.770872874434201,2.789767265319824,1289310400
2009-01-07,AAPL,2.7534772194820034,2.774170305556812,2.7069904526804853,2.7294838428497314,753048800
2009-01-08,AAPL,2.7120902624200287,2.793665965631561,2.700393287577344,2.7801694869995117,673500800
2009-01-09,AAPL,2.795466077527038,2.8005642722823008,2.703393449060525,2.7165892124176025,546845600
2009-01-12,AAPL,2.712990156603704,2.7288857765895536,2.625716607902898,2.6590068340301514,617716400
2009-01-13,AAPL,2.6464102401283407,2.6913964378730126,2.5897272665845152,2.630514621734619,798397600
2009-01-14,AAPL,2.586427549271799,2.6167181957091117,2.5408409202234985,2.559135675430298,1021664000
2009-01-15,AAPL,2.416378044258686,2.5228464665365373,2.400782947768436,2.50065279006958,1831634000
2009-01-16,AAPL,2.5282445264726054,2.5306436644225117,2.4112799944783703,2.4691622257232666,1047625600
2009-01-20,AAPL,2.4571650854515314,2.4592645059589957,2.3452987670898438,2.3452987670898438,919914800
2009-01-21,AAPL,2.380988429100139,2.485657348742313,2.3785892912724558,2.4841575622558594,1089270000
2009-01-22,AAPL,2.640411924457631,2.6991945201983345,2.57383167830476,2.6500086784362793,1409528400
2009-01-23,AAPL,2.603822410414823,2.6952953946744955,2.5942258566480114,2.6500086784362793,763770000
2009-01-26,AAPL,2.6650043308618425,2.7282860914245464,2.6482091593250394,2.6883978843688965,692238400
2009-01-27,AAPL,2.704891409221508,2.745679754757769,2.691395733620148,2.7210867404937744,618038400
2009-01-28,AAPL,2.7627753205000927,2.8491495139074368,2.7441808454980907,2.8251569271087646,861406000
2009-01-29,AAPL,2.791865782134543,2.8293548373388795,2.7771702374689498,2.7891669273376465,592729200
2009-01-30,AAPL,2.777171109838325,2.807761477341915,2.6994943204445803,2.7030935287475586,651478800
2009-02-02,AAPL,2.672202298344195,2.7591759199611734,2.6662039518504734,2.7444803714752197,558247200
2009-02-03,AAPL,2.756776396643587,2.800563519086379,2.707591563957463,2.788566827774048,599309200
2009-02-04,AAPL,2.7957649332996035,2.886637457382959,2.792165726092782,2.805661201477051,808421600
2009-02-05,AAPL,2.7822686813818924,2.9166284166508327,2.7777701224868476,2.8929357528686523,749246400
2009-02-06,AAPL,2.909730659850911,2.999104403905141,2.909131225739274,2.9907069206237793,687209600
2009-02-09,AAPL,2.9991038192604016,3.089076179039897,2.9841075583795473,3.07438063621521,715010800
2009-02-10,AAPL,3.0389934895676456,3.074382338357854,2.910931773536429,2.9340248107910156,849060800
2009-02-11,AAPL,2.890236823677585,2.9484187711820837,2.872241787711885,2.9037322998046875,674973600
2009-02-12,AAPL,2.874041841779786,2.991606829853187,2.874041841779786,2.9772109985351562,817188400
2009-02-13,AAPL,2.9688134826228185,2.997305427849039,2.9427216768071194,2.973912477493286,608977600
2009-02-17,AAPL,2.9052321696609775,2.9103303629072084,2.8275553974209555,2.835052728652954,678238400
2009-02-18,AAPL,2.8506487299515233,2.874641111733427,2.780769804333557,2.830254554748535,684779200
2009-02-19,AAPL,2.8002639847185478,2.8266557081555246,2.7024929392716373,2.718388557434082,922804400
2009-02-20,AAPL,2.681198893729251,2.771172071435136,2.669202203086075,2.735183000564575,750316000
2009-02-23,AAPL,2.7486790195574335,2.7591757247551616,2.5945253295996547,2.6077210903167725,786982000
2009-02-24,AAPL,2.622716657395644,2.7258858112719615,2.609220978848505,2.7066915035247803,807105600
2009-02-25,AAPL,2.6949954302155676,2.786767522537001,2.6767006748732043,2.733983278274536,833053200
2009-02-26,AAPL,2.759175071768769,2.786766856522458,2.66800283584509,2.674900531768799,629868400
2009-02-27,AAPL,2.6371123883981027,2.7381821172389462,2.6293145384991434,2.678500175476074,706658400
2009-03-02,AAPL,2.6428105439316067,2.7351830618353623,2.6293142666557046,2.6374118328094482,770929600
2009-03-03,AAPL,2.667103100653671,2.7213871312361415,2.6356125848027996,2.650308132171631,724340400
2009-03-04,AAPL,2.7045926680970007,2.782269461893007,2.682699501815859,2.734283685684204,741403600
2009-03-05,AAPL,2.7129897965556253,2.755276937181984,2.6527084176713345,2.6644043922424316,706899200
2009-03-06,AAPL,2.6494085721881753,2.6512082760696827,2.4691622921753056,2.5582361221313477,1011147200
2009-03-09,AAPL,2.5246468132189426,2.627215544623609,2.4763613207246356,2.492555856704712,698297600
2009-03-10,AAPL,2.5453400743413175,2.6743021417717916,2.530044889003386,2.658106803894043,844258800
2009-03-11,AAPL,2.6934958324744542,2.821257810048632,2.6865981344182694,2.7795701026916504,846372800
2009-03-12,AAPL,2.7861674280545605,2.896534775432778,2.759175275560449,2.889636278152466,768457200
2009-03-13,AAPL,2.888138205390014,2.9151303664157395,2.8494492677362055,2.8770408630371094,601168400
2009-03-16,AAPL,2.8950353377353673,2.920827423894719,2.8245559756742638,2.8617451190948486,797244000
2009-03-17,AAPL,2.856346228087744,2.9898059730729947,2.8512472354711336,2.9889066219329834,786646000
2009-03-18,AAPL,2.9964049238920354,3.103472999324637,2.990707295939553,3.0446906089782715,796037200
2009-03-19,AAPL,3.0545878506526845,3.095075485200915,3.0066020833335374,3.0476901531219482,500180800
2009-03-20,AAPL,3.061784151715139,3.092375305006746,3.0161983400297356,3.0467886924743652,695587200
2009-03-23,AAPL,3.0803795039432105,3.2438308068970563,3.0515886482423107,3.228835344314575,666397200
2009-03-24,AAPL,3.189846901976388,3.2822192215800694,3.160756127183726,3.1940455436706543,640612000
2009-03-25,AAPL,3.22643715733662,3.249829909673197,3.114870506444021,3.193746566772461,646618000
2009-03-26,AAPL,3.2339345955779115,3.2984156303258487,3.2264374620045495,3.295117139816284,616252000
2009-03-27,AAPL,3.245930181465411,3.2549272992722154,3.1910467217425524,3.204542398452759,492872800
2009-03-30,AAPL,3.1343641397962174,3.1493594047029396,3.0773812522186508,3.1337645053863525,502796000
2009-03-31,AAPL,3.1625561274106553,3.2225386029623926,3.149060445808773,3.1526596546173096,570080000
2009-04-01,AAPL,3.1217685249578904,3.2690245545670122,3.1157701773729256,3.259727716445923,589372000
2009-04-02,AAPL,3.3032130912225326,3.441471956200528,3.2924162691922927,3.3802900314331055,812366800
2009-04-03,AAPL,3.4246771478844753,3.4828599025114477,3.404583489736081,3.478661060333252,636241200
2009-04-06,AAPL,3.4471704093078825,3.561436092556392,3.397384940571142,3.552438974380493,658064400
2009-04-07,AAPL,3.4948561424648603,3.499054984100027,3.4246767049763815,3.448969602584839,536580800
2009-04-08,AAPL,3.4618660535479746,3.502653604411718,3.436373884311088,3.488558292388916,455630000
2009-04-09,AAPL,3.55153952853862,3.5989248568753527,3.5377429332958226,3.586028814315796,530756800
2009-04-13,AAPL,3.599224607755696,3.6283161852554358,3.568934161910498,3.605522871017456,389236400
2009-04-14,AAPL,3.5860277578242044,3.604022789243316,3.516448571364246,3.54823899269104,454622000
2009-04-15,AAPL,3.514949506679301,3.546440419496809,3.471763021643012,3.528146266937256,412882400
2009-04-16,AAPL,3.5746324800703237,3.693396523088748,3.562635788514025,3.6424121856689453,593446000
2009-04-17,AAPL,3.6343145813139324,3.726387191005876,3.606423073046085,3.7014944553375244,497495600
2009-04-20,AAPL,3.650808753409264,3.6885975235539745,3.573731626969375,3.613919734954834,466466000
2009-04-21,AAPL,3.565635046638855,3.6631065771154816,3.556937844499547,3.6517093181610107,470685600
2009-04-22,AAPL,3.677801945965208,3.759377853974713,3.634914170331183,3.644212007522583,938767200
2009-04-23,AAPL,3.797466408488381,3.814861213516033,3.7041937188837206,3.7608768939971924,945156800
2009-04-24,AAPL,3.738083647199663,3.753079110613621,3.687998663253019,3.7158901691436768,540764000
2009-04-27,AAPL,3.6858999441674167,3.748880982583312,3.6787015277310995,3.740783214569092,480690000
2009-04-28,AAPL,3.6993947189223624,3.7851694583787947,3.6966958638552025,3.7158901691436768,455856800
2009-04-29,AAPL,3.7443817373294284,3.8043631877954573,3.7137905769352018,3.7530789375305176,458110800
2009-04-30,AAPL,3.7854691668976597,3.8088623152450913,3.7464815206403888,3.773773193359375,498489600
2009-05-01,AAPL,3.772872544299257,3.8373535523047724,3.772872544299257,3.8160598278045654,397516000
2009-05-04,AAPL,3.8460515440442546,3.96631558407123,3.829256574872938,3.9609174728393555,609358400
2009-05-05,AAPL,3.951319938542709,3.9846099580525967,3.932425549033904,3.980111598968506,398255200
2009-05-06,AAPL,3.9987053108948403,4.003803503610631,3.9054326498633607,3.9738125801086426,473538800
2009-05-07,AAPL,3.9687149778525406,3.970514481944336,3.8358547957978657,3.8706448078155518,531776000
2009-05-08,AAPL,3.870044744405369,3.935725845822735,3.7866701203284165,3.8745439052581787,467964000
2009-05-11,AAPL,3.8199609654421183,3.9276285072042207,3.8124626301486937,3.8859407901763916,404658800
2009-05-12,AAPL,3.8856384147412735,3.890137172817176,3.69639506300687,3.7314841747283936,609481600
2009-05-13,AAPL,3.695196036968911,3.719489337437124,3.580330117543638,3.583629608154297,595971600
2009-05-14,AAPL,3.592326816761797,3.704793798531683,3.589927878862472,3.6873981952667236,447826400
2009-05-15,AAPL,3.6685046850637524,3.7374844770993065,3.647211353194766,3.671504259109497,367567200
2009-05-18,AAPL,3.710792304926072,3.7998653414783354,3.6460113686740137,3.798365354537964,458841600
2009-05-19,AAPL,3.8034639819639473,3.878141381170457,3.7710733167528234,3.8223583698272705,372422400
2009-05-20,AAPL,3.827756922348866,3.8751430563280334,3.7578777910398715,3.774972677230835,388584000
2009-05-21,AAPL,3.75337932606917,3.8022642443687613,3.685599617833201,3.724287748336792,407946000
2009-05-22,AAPL,3.720388246285334,3.724287170588,3.6514088795478266,3.6739022731781006,297998400
2009-05-26,AAPL,3.7416822997673433,3.923728084741314,3.7353840368786932,3.9222280979156494,636927200
2009-05-27,AAPL,3.952219120951603,4.048189830598715,3.9261263222102563,3.9903078079223633,646422000
2009-05-28,AAPL,4.002304243863076,4.060487398820371,3.9597171888234137,4.0508904457092285,487552800
2009-05-29,AAPL,4.060486799657078,4.075781778748944,4.014300343433497,4.07308292388916,456534400
2009-06-01,AAPL,4.0928775030353135,4.198445574416913,4.0787813919719875,4.179251670837402,452499600
2009-06-02,AAPL,4.168455634762886,4.2389337974245995,4.149260527220007,4.183450698852539,456223600
2009-06-03,AAPL,4.19874738015295,4.232037409768712,4.1708558635852855,4.22723913192749,565199600
2009-06-04,AAPL,4.202645725510919,4.324109449342676,4.19994686978356,4.3109130859375,550634000
2009-06-05,AAPL,4.358000065234302,4.39068986079818,4.2950190124762715,4.33880615234375,632716000
2009-06-08,AAPL,4.313312017102621,4.325607825306541,4.181651128032327,4.314211368560791,931652400
2009-06-09,AAPL,4.313012340353005,4.335505740317,4.215241690543327,4.280322551727295,676964400
2009-06-10,AAPL,4.267126001916757,4.269225422997303,4.147761720588251,4.206243991851807,688623600
2009-06-11,AAPL,4.185249633103606,4.245530994061162,4.155257910180601,4.197245121002197,524823600
2009-06-12,AAPL,4.163059035907054,4.171756241978896,4.079983499695314,4.107875823974609,563085600
2009-06-15,AAPL,4.079081565301919,4.106673153800213,4.045491631293734,4.081480503082275,539750400
2009-06-16,AAPL,4.098576288378718,4.152860125905994,4.081781317682477,4.089279651641846,514805200
2009-06-17,AAPL,4.098874775093422,4.12226831955972,4.034694488547209,4.066184997558594,571412800
2009-06-18,AAPL,4.082080134466201,4.138763295442714,4.066485237763851,4.0751824378967285,427680400
2009-06-19,AAPL,4.140862433340086,4.183750202394594,4.105773714552367,4.183150768280029,721856800
2009-06-22,AAPL,4.218838869371065,4.245530297120298,4.088677616217087,4.11986780166626,634914000
2009-06-23,AAPL,4.090780125341953,4.107274381425799,3.9852112003877584,4.019100666046143,706532400
2009-06-24,AAPL,4.061388366814659,4.1237691752009,4.044593395179387,4.085380554199219,485525600
2009-06-25,AAPL,4.071285359844291,4.204745798356296,4.055090621276464,4.194548606872559,589447600
2009-06-26,AAPL,4.192447541616615,4.305513953261782,4.1909479552215645,4.271924018859863,439384400
2009-06-29,AAPL,4.302514712379545,4.317210259762535,4.244932192056286,4.257828235626221,567616000
2009-06-30,AAPL,4.2761233247978545,4.312712035536765,4.252730575343768,4.271624565124512,434224000
2009-07-01,AAPL,4.30371433784822,4.338504340886511,4.2743232461155385,4.2836198806762695,414178800
2009-07-02,AAPL,4.236232611524133,4.283617916960427,4.1924455108458245,4.199343204498291,370479200
2009-07-06,AAPL,4.159755662718379,4.168454061947021,4.086277954369818,4.15705680847168,498688400
2009-07-07,AAPL,4.153158270018134,4.189147534776084,4.054187992145529,4.06078577041626,461596800
2009-07-08,AAPL,4.076381685595919,4.139962129901006,4.031394506003443,4.1153693199157715,575929200
2009-07-09,AAPL,4.131565768215278,4.138463464929335,4.076682109651743,4.089578151702881,343025200
2009-07-10,AAPL,4.088977096755484,4.167852904130856,4.088376461612689,4.154357433319092,445275600
2009-07-13,AAPL,4.184950339325352,4.268925189971924,4.124668957851745,4.268925189971924,483501200
2009-07-14,AAPL,4.259626080852583,4.294115352660561,4.233534089022838,4.2668232917785645,347247600
2009-07-15,AAPL,4.349900083643748,4.40868266330699,4.328306842515144,4.405083656311035,485587200
2009-07-16,AAPL,4.371494887829797,4.439275003009589,4.3657968589943295,4.424278736114502,393570800
2009-07-17,AAPL,4.4710639336656675,4.559237596711001,4.4575676583856145,4.551139831542969,602154000
2009-07-20,AAPL,4.596727771194972,4.649811934623433,4.525349051994321,4.585930347442627,735526400
2009-07-21,AAPL,4.597326847423674,4.601525288713028,4.491158137657286,4.543941974639893,874781600
2009-07-22,AAPL,4.732288083609635,4.760480318875126,4.681903162278763,4.7007975578308105,874104000
2009-07-23,AAPL,4.697497363891849,4.751780393160649,4.665406613164073,4.733186721801758,526962800
2009-07-24,AAPL,4.707095514175042,4.798568311966448,4.693599632644831,4.798268795013428,438362400
2009-07-27,AAPL,4.803666022224995,4.824959753402138,4.716392476938378,4.8015666007995605,433311200
2009-07-28,AAPL,4.764978303842284,4.801567022053082,4.726589280547208,4.798568248748779,363554800
2009-07-29,AAPL,4.765576681623022,4.812062658924312,4.7460824587744534,4.799466133117676,382158000
2009-07-30,AAPL,4.849552566151599,4.940125202077059,4.843554219233213,4.8822431564331055,469604800
2009-07-31,AAPL,4.888238487685252,4.948520645630618,4.885839150005017,4.900235176086426,422536800
2009-08-03,AAPL,4.954821288936247,4.997709073630038,4.944624498492879,4.991411209106445,394240000
2009-08-04,AAPL,4.946422846034128,4.965617153342202,4.924829600683233,4.965017318725586,395810800
2009-08-05,AAPL,4.971015711109517,5.020200548434763,4.924829646471589,4.951821804046631,423183600
2009-08-06,AAPL,4.965917189979655,4.993809502571627,4.891240174936806,4.915832996368408,341616800
2009-08-07,AAPL,4.963218162200625,4.996508184905164,4.942524266902857,4.963817596435547,387354800
2009-08-10,AAPL,4.968315779178704,4.996506799042296,4.908333130803971,4.940123558044434,300294400
2009-08-11,AAPL,4.909232654173153,4.929926944879968,4.854949632842711,4.883440971374512,355342400
2009-08-12,AAPL,4.875041621221671,4.999804754772959,4.872342767258504,4.957817554473877,445071200
2009-08-13,AAPL,4.9980088518525925,5.058590959340378,4.993510091301185,5.051092624664307,439980800
2009-08-14,AAPL,5.036696559308534,5.045393761871542,4.96441848143408,5.0019073486328125,305816000
2009-08-17,AAPL,4.905036614158878,4.9062366841964025,4.781173529505128,4.7862725257873535,524381200
2009-08-18,AAPL,4.847454496092031,4.925730943080217,4.840856713066185,4.9185333251953125,431152400
2009-08-19,AAPL,4.8810408326578525,4.957517718433292,4.8720437168586574,4.936523914337158,413271600
2009-08-20,AAPL,4.947921964091936,5.0001067699492445,4.936825825582437,4.988409996032715,342031200
2009-08-21,AAPL,5.027999738173364,5.07958472447071,5.002507162391811,5.075085163116455,416074400
2009-08-24,AAPL,5.102077669842084,5.119772795695659,5.046594554877562,5.070287227630615,406929600
2009-08-25,AAPL,5.082281986548558,5.126668541691669,5.072384716537351,5.080482482910156,324354800
2009-08-26,AAPL,5.066086978582027,5.084981368318852,5.001306442583564,5.020801067352295,303998800
2009-08-27,AAPL,5.060988326806918,5.085580342249399,4.943423557191549,5.081982135772705,449181600
2009-08-28,AAPL,5.166558425214064,5.173156206952333,5.054392131426228,5.099977970123291,453700800
2009-08-31,AAPL,5.0432940955689025,5.063987990901813,4.993509420515869,5.044794082641602,311337600
2009-09-01,AAPL,5.038194718659806,5.098476886528347,4.946721956660883,4.957518577575684,469028000
2009-09-02,AAPL,4.937123971281358,5.026796810528834,4.9218281942539,4.953918933868408,364249200
2009-09-03,AAPL,4.991710731559462,5.011504477711112,4.9485234298633936,4.995009422302246,293955200
2009-09-04,AAPL,5.016901256262705,5.11947055361799,5.011202828490667,5.107773780822754,374628800
2009-09-08,AAPL,5.18785040891385,5.192648685178613,5.15845931504474,5.1863508224487305,315047600
2009-09-09,AAPL,5.1818509346432995,5.2325357448562695,5.0894784306252285,5.132666110992432,811087200
2009-09-10,AAPL,5.160257929622206,5.195947280495075,5.122769075301273,5.175253391265869,491134000
2009-09-11,AAPL,5.185752432206505,5.193850201373557,5.124570889083714,5.163259029388428,348961200
2009-09-14,AAPL,5.123369486002439,5.215442094528715,5.105975083535768,5.2100443840026855,322011200
2009-09-15,AAPL,5.219639689512047,5.26792516176477,5.206144215150733,5.25322961807251,426470800
2009-09-16,AAPL,5.338106932879789,5.480864392087165,5.334807841937421,5.454472064971924,754023200
2009-09-17,AAPL,5.457771380279185,5.6020276207776565,5.457471462930463,5.534847736358643,810572000
2009-09-18,AAPL,5.573237859735097,5.594831112269868,5.541146697069701,5.54894495010376,601582800
2009-09-21,AAPL,5.527049659764528,5.5531412629870625,5.446973744644271,5.518951892852783,437715600
2009-09-22,AAPL,5.554042353754094,5.55974038286079,5.483862896598309,5.532748222351074,356753600
2009-09-23,AAPL,5.560339507309762,5.66530815409701,5.5492421673856684,5.563338279724121,593563600
2009-09-24,AAPL,5.614323004202024,5.629318469004383,5.481463242112428,5.512953758239746,550880400
2009-09-25,AAPL,5.458670063440612,5.563338802784936,5.441575177080551,5.469466686248779,445239200
2009-09-28,AAPL,5.514454607961248,5.598729387718031,5.49825947023098,5.582833766937256,337444800
2009-09-29,AAPL,5.600228024891376,5.6203212827819415,5.527649239340268,5.559739589691162,345385600
2009-09-30,AAPL,5.582233981276671,5.591831336615737,5.4766658755128805,5.558841228485107,539585200
2009-10-01,AAPL,5.558839682073462,5.58493128337202,5.419380553640978,5.424180030822754,524711600
2009-10-02,AAPL,5.440675467440497,5.57653439701855,5.438875963686979,5.545343399047852,553308000
2009-10-05,AAPL,5.5843316732758685,5.604125411685113,5.526448442661117,5.578932762145996,423133200
2009-10-06,AAPL,5.630518680299434,5.6985979080200195,5.617323119415857,5.6985979080200195,605085600
2009-10-07,AAPL,5.691100218495301,5.714792882979938,5.669206256859536,5.705795764923096,465668000
2009-10-08,AAPL,5.7180940975288665,5.741786769156888,5.665009122912596,5.676406383514404,438211200
2009-10-09,AAPL,5.667407295190599,5.7192909806070595,5.656910591199713,5.712393283843994,293272000
2009-10-12,AAPL,5.728888231731906,5.743583776201111,5.687500453085123,5.72258996963501,288024800
2009-10-13,AAPL,5.7171895994136515,5.733384724827984,5.689298105762141,5.698895454406738,348020400
2009-10-14,AAPL,5.765778452816174,5.767877473674608,5.705197155079605,5.736987590789795,375510800
2009-10-15,AAPL,5.687203051283977,5.7258911914345285,5.684204277954086,5.715094566345215,373556400
2009-10-16,AAPL,5.67880425769138,5.709095105850317,5.633517543687765,5.639815807342529,431426800
2009-10-19,AAPL,5.6338185217484895,5.698298745736897,5.564839137375472,5.6940999031066895,942230800
2009-10-20,AAPL,6.016203419423812,6.0506927060863305,5.933727366940969,5.961019039154053,1141039200
2009-10-21,AAPL,5.983813077280887,6.259431490914905,5.975115875346123,6.1457648277282715,1193726800
2009-10-22,AAPL,6.139167416167323,6.233639382542846,6.073487516380473,6.154162883758545,791392000
2009-10-23,AAPL,6.169157627237504,6.17215639967551,6.095079258826366,6.116372585296631,420786800
2009-10-26,AAPL,6.1082763715053625,6.200648498419562,6.001208296723162,6.072587013244629,484338400
2009-10-27,AAPL,6.047993815996082,6.0824831024593715,5.8917397136615515,5.919332504272461,756551600
2009-10-28,AAPL,5.929527722496245,5.938825557539282,5.7312872281120235,5.770276069641113,818386800
2009-10-29,AAPL,5.848253857273773,5.902538090035594,5.762479507943354,5.888741493225098,570270400
2009-10-30,AAPL,5.880042513286691,5.902235586871636,5.643413030591893,5.653310298919678,717525200
2009-11-02,AAPL,5.692299745550571,5.784671870267245,5.565437932607384,5.6776041984558105,678983200
2009-11-03,AAPL,5.633817685581012,5.683901870260958,5.575934450188619,5.66080904006958,522541600
2009-11-04,AAPL,5.720191032116889,5.813762408877328,5.705195570404976,5.72258996963501,487530400
2009-11-05,AAPL,5.77027515934471,5.848251628830944,5.752879961833112,5.819160461425781,384801200
2009-11-06,AAPL,5.773577413836647,5.853952870126667,5.770278723039654,5.828460693359375,295097600
2009-11-09,AAPL,5.906435780145846,6.055191563036046,5.8860426042655805,6.041996002197266,528855600
2009-11-10,AAPL,6.028799996930559,6.147564047849187,6.028500079621701,6.087582588195801,401195200
2009-11-11,AAPL,6.13496772491105,6.148164086078367,6.0530919039083555,6.095679759979248,443870000
2009-11-12,AAPL,6.092379697833622,6.144264181057636,6.041095449536003,6.05789041519165,363731200
2009-11-13,AAPL,6.084283858290437,6.143066456907176,6.060291271428509,6.131669998168945,343240800
2009-11-16,AAPL,6.162559527589914,6.238137087908105,6.148464214887202,6.197049617767334,485206400
2009-11-17,AAPL,6.1805535544843995,6.221340700215602,6.14816329119953,6.2081451416015625,396513600
2009-11-18,AAPL,6.1943508276456765,6.208146223184111,6.118173031482363,6.176955223083496,374320800
2009-11-19,AAPL,6.1364672402101625,6.1364672402101625,5.992210224330205,6.013503551483154,542326400
2009-11-20,AAPL,5.972715772880149,6.009904712798633,5.931028073998078,5.9958086013793945,406666400
2009-11-23,AAPL,6.0881820718065995,6.178155263076085,6.08668208482649,6.174556255340576,474896800
2009-11-24,AAPL,6.158060552268482,6.174556003717348,6.0851830511361875,6.131369113922119,318438400
2009-11-25,AAPL,6.1601610785479854,6.167659412793639,6.1109762343707965,6.12387228012085,286454000
2009-11-27,AAPL,5.974816152450815,6.086982431826623,5.949323980038725,6.015904426574707,295257200
2009-11-30,AAPL,6.031497538761346,6.048592421219727,5.961318905890123,5.995508670806885,424858000
2009-12-01,AAPL,6.065388161517883,6.081283777456917,5.903136916263069,5.9073357582092285,465763200
2009-12-02,AAPL,5.967018231876903,6.040796293103711,5.87074717182625,5.885142803192139,715260000
2009-12-03,AAPL,5.920832018044319,5.967618719779495,5.886342727339233,5.892640590667725,448719600
2009-12-04,AAPL,5.989210577063642,5.994608286752042,5.706694532057508,5.797867774963379,826884800
2009-12-07,AAPL,5.7978700941918015,5.81136597550561,5.658711236575297,5.666808605194092,714758800
2009-12-08,AAPL,5.679104450200117,5.768778130601975,5.659310707173308,5.694399833679199,690398800
2009-12-09,AAPL,5.736685516331913,5.943023753957651,5.707593947071317,5.93222713470459,684782000
2009-12-10,AAPL,5.983212099492464,5.98921044439908,5.8818424731120045,5.891139507293701,489669600
2009-12-11,AAPL,5.931627890719729,5.938226471382212,5.801167075749067,5.838356018066406,429774800
2009-12-14,AAPL,5.85935020429027,5.921131566987338,5.775075444301446,5.907635688781738,495790400
2009-12-15,AAPL,5.873146391306276,5.9235312968413565,5.7963691635821695,5.823360919952393,419459600
2009-12-16,AAPL,5.851251985960672,5.893239604278073,5.83475693599818,5.849152565002441,352984800
2009-12-17,AAPL,5.826061243830605,5.8482547278547745,5.728290587859228,5.754082679748535,388838800
2009-12-18,AAPL,5.793369064680393,5.863247778027644,5.7762733819328025,5.861148357391357,608770400
2009-12-21,AAPL,5.879744655422952,5.990711255926825,5.868347397345702,5.945124626159668,611906400
2009-12-22,AAPL,5.981411581341318,6.023698704488751,5.958018440597457,6.009003162384033,349515600
2009-12-23,AAPL,6.034197020352904,6.069586858343635,6.022501047486889,6.0611891746521,345525600
2009-12-24,AAPL,6.104677507354627,6.2786259550289465,6.098679160751614,6.2693281173706055,500889200
2009-12-28,AAPL,6.349703088972113,6.416582233447227,6.286421349817075,6.3464035987854,644565600
2009-12-29,AAPL,6.376996032684722,6.379695288485034,6.2600306838797595,6.271127223968506,445205600
2009-12-30,AAPL,6.263029109693867,6.358101290366973,6.247434211225293,6.347303867340088,412084400
2009-12-31,AAPL,6.391990076312762,6.398588255690608,6.314912946183965,6.320011138916016,352410800
2010-01-04,AAPL,6.400987843132776,6.433078190699774,6.369497330115575,6.41838264465332,493729600
2010-01-05,AAPL,6.436078256388881,6.4657692680287715,6.395589821602762,6.429480075836182,601904800
2010-01-06,AAPL,6.429482240980923,6.454974819459235,6.320614627741703,6.327212810516357,552160000
2010-01-07,AAPL,6.350604014340531,6.35810194747882,6.269627938141667,6.315514087677002,477131200
2010-01-08,AAPL,6.307115652900345,6.3581007880963805,6.2699275130102485,6.3575005531311035,447610800
2010-01-11,AAPL,6.382093168386391,6.388091513614768,6.251632363057832,6.301417827606201,462229600
2010-01-12,AAPL,6.273825830869377,6.291221434650521,6.190751141514069,6.229739189147949,594459600
2010-01-13,AAPL,6.234240798561562,6.326012719335696,6.121174342116695,6.317615032196045,605892000
2010-01-14,AAPL,6.301418354669319,6.311915059273364,6.268727770863939,6.281023979187012,432894000
2010-01-15,AAPL,6.326011938476013,6.346106401651219,6.174257357712498,6.176056861877441,594067600
2010-01-19,AAPL,6.248034815604234,6.453773299919805,6.215345027743239,6.44927453994751,730007600
2010-01-20,AAPL,6.445374612955087,6.464568918763532,6.283123366073346,6.350003719329834,612152800
2010-01-21,AAPL,6.360501124717352,6.3973897535508755,6.214444193854593,6.240236282348633,608154400
2010-01-22,AAPL,6.201547232889457,6.223140474346407,5.9130336415271545,5.930727958679199,881767600
2010-01-25,AAPL,6.073486041998157,6.139165925840745,6.003906832994564,6.090281009674072,1065699600
2010-01-26,AAPL,6.176654802370165,6.409385397488521,6.075585085310373,6.176354885101318,1867110000
2010-01-27,AAPL,6.203647472313461,6.315513827156495,5.984112804164333,6.234538555145264,1722568400
2010-01-28,AAPL,6.1460655255530865,6.163160012043322,5.959221038363411,5.97691535949707,1173502400
2010-01-29,AAPL,6.030598257476185,6.064188188295876,5.705795086572075,5.7600789070129395,1245952400
2010-02-01,AAPL,5.769377194361693,5.878244776136595,5.7372868428070705,5.840156078338623,749876400
2010-02-02,AAPL,5.875546789727081,5.887843000920873,5.799669300221243,5.874046802520752,698342400
2010-02-03,AAPL,5.853350279553127,6.004205438822166,5.830856888327958,5.975113868713379,615328000
2010-02-04,AAPL,5.900137699101042,5.949323335448681,5.745384376553396,5.759780406951904,757652000
2010-02-05,AAPL,5.77717396812047,5.878243680948505,5.7237894973481325,5.862048149108887,850306800
2010-02-08,AAPL,5.868946520797875,5.934626796824991,5.818261306417096,5.821860313415527,478270800
2010-02-09,AAPL,5.890840301116595,5.92323056667495,5.840755316371396,5.883942604064941,632886800
2010-02-10,AAPL,5.87494429160159,5.89623881758741,5.826059379681191,5.851851463317871,370361600
2010-02-11,AAPL,5.84465429309041,5.990710807109093,5.820061476209256,5.958320140838623,550345600
2010-02-12,AAPL,5.941525383068205,6.0473941860112355,5.8632489712459295,6.009605407714844,655468800
2010-02-16,AAPL,6.056389698635801,6.10887401003759,6.043793576017957,6.100176811218262,543737600
2010-02-17,AAPL,6.123869441280158,6.1274684478463035,6.023999011187194,6.0746846199035645,436396800
2010-02-18,AAPL,6.047093135900138,6.114873639954643,6.025799809986187,6.0860819816589355,422825200
2010-02-19,AAPL,6.053992896906755,6.094180616658827,6.03149909782669,6.0482940673828125,415469600
2010-02-22,AAPL,6.0683894169128,6.073187694329168,5.97391744905469,6.010806083679199,390563600
2010-02-23,AAPL,5.998208335920524,6.038096533853409,5.869547024447262,5.910034656524658,575094800
2010-02-24,AAPL,5.9451257000047875,6.041397170718063,5.9334289229317605,6.018004417419434,460566400
2010-02-25,AAPL,5.919632701398871,6.08398338803463,5.904937153186134,6.058191299438477,665126000
2010-02-26,AAPL,6.069587512313919,6.153262438852178,6.058191055071087,6.136767387390137,507460800
2010-03-01,AAPL,6.170656864676158,6.283123445382566,6.161659746439926,6.267828464508057,550093600
2010-03-02,AAPL,6.296019780738767,6.323011937548127,6.230339493166353,6.263629913330078,566546400
2010-03-03,AAPL,6.266327271790565,6.294218773421606,6.23633634954289,6.2780232429504395,372052800
2010-03-04,AAPL,6.276526608094571,6.325711449127426,6.257031580980093,6.319413185119629,366041200
2010-03-05,AAPL,6.4462757183526085,6.589033163672156,6.436978281146776,6.566539764404297,899620400
2010-03-08,AAPL,6.59832989448658,6.600728832585432,6.545545648262431,6.570438385009766,429889600
2010-03-09,AAPL,6.547344607144997,6.747984469304115,6.534748481374017,6.688602447509766,920259200
2010-03-10,AAPL,6.712895076341879,6.762380225978724,6.6940006882371055,6.743185520172119,596218000
2010-03-11,AAPL,6.715295134054153,6.762979984283447,6.697600012742808,6.762979984283447,405700400
2010-03-12,AAPL,6.8190652623009385,6.829862288549242,6.770480245878612,6.79597282409668,416323600
2010-03-15,AAPL,6.759380425557526,6.76297863171495,6.605526079501352,6.713194370269775,493502800
2010-03-16,AAPL,6.7233927679153,6.747385352849407,6.673307776367548,6.731490135192871,446908000
2010-03-17,AAPL,6.744985173674288,6.791471151561488,6.696100257931575,6.721592426300049,450956800
2010-03-18,AAPL,6.720991941506472,6.747984497751548,6.676305866750772,6.73748779296875,342109600
2010-03-19,AAPL,6.741687096362669,6.755182974985065,6.634918535361095,6.6655097007751465,559445600
2010-03-22,AAPL,6.612125698743767,6.777976360460379,6.602528345223085,6.740487098693848,456419600
2010-03-23,AAPL,6.767178031993405,6.861350454694232,6.720991572468423,6.848753929138184,602431200
2010-03-24,AAPL,6.827161470001375,6.903938699558643,6.823262144553223,6.8790459632873535,597780400
2010-03-25,AAPL,6.925531495855092,6.927031482729344,6.7854729243312075,6.797469615936279,542284400
2010-03-26,AAPL,6.866449809404741,6.95642259413151,6.8544531177689425,6.924932479858398,640875200
2010-03-29,AAPL,6.9879160665143685,7.014007679099726,6.9465282660720336,6.969620704650879,540744400
2010-03-30,AAPL,7.095881020780636,7.122273744202646,7.025401653822346,7.073387622833252,527310000
2010-03-31,AAPL,7.062590825340203,7.096180760658347,7.031699745183163,7.047894477844238,430659600
2010-04-01,AAPL,7.120172163711327,7.159759637370515,6.98041393441278,7.076984882354736,603145200
2010-04-05,AAPL,7.047295407636181,7.153163406501208,7.040996744214165,7.152563571929932,684507600
2010-04-06,AAPL,7.143868156570743,7.205049696437895,7.107878874146403,7.184056282043457,447017200
2010-04-07,AAPL,7.18435134409712,7.255430513212843,7.157659115978963,7.215842247009277,628502000
2010-04-08,AAPL,7.211047076442223,7.244037180835667,7.139068521247925,7.196351528167725,572989200
2010-04-09,AAPL,7.240738715790667,7.254534912956523,7.211647135234163,7.251534938812256,334182800
2010-04-12,AAPL,7.263828474180815,7.289920871832514,7.252132103053376,7.266528129577637,333026400
2010-04-13,AAPL,7.2536297450308815,7.281821153681724,7.231135560433845,7.270723819732666,306210800
2010-04-14,AAPL,7.356202594582227,7.372097809412304,7.319913806311603,7.368498802185059,404076400
2010-04-15,AAPL,7.371197285383592,7.468668390753833,7.363099919954306,7.465369701385498,376784800
2010-04-16,AAPL,7.454872712073136,7.53195025035611,7.334309171101551,7.419783592224121,750545600
2010-04-19,AAPL,7.408687167888978,7.434479253049474,7.250933882439991,7.409886837005615,566924400
2010-04-20,AAPL,7.453973343596871,7.475267069615999,7.286623509029451,7.335508823394775,738326400
2010-04-21,AAPL,7.761681161729178,7.805168765467934,7.669608561930993,7.774277687072754,982391200
2010-04-22,AAPL,7.744890358049261,8.000114072529817,7.683708006075659,7.991716384887695,793424800
2010-04-23,AAPL,8.037298808608805,8.162961349359016,8.007608198357367,8.12247371673584,796955600
2010-04-26,AAPL,8.15396500459185,8.171359407250405,8.043297522336768,8.082586288452148,479068800
2010-04-27,AAPL,8.015709414368597,8.032804307576964,7.813270353181311,7.858856201171875,709343600
2010-04-28,AAPL,7.895144422315722,7.917637024501551,7.69000573987236,7.845659255981445,758402400
2010-04-29,AAPL,7.888243847056184,8.097581317742483,7.857953400973559,8.056794166564941,558840800
2010-04-30,AAPL,8.076886474704448,8.11467524928054,7.827662034471024,7.8303608894348145,542463600
2010-05-03,AAPL,7.912837116199361,8.034001303844924,7.884045055164737,7.988114356994629,454342000
2010-05-04,AAPL,7.884346046847367,7.896341937904795,7.700200830346739,7.758082866668701,723819600
2010-05-05,AAPL,7.588635088080988,7.741889245361574,7.4596730341254185,7.677408218383789,883103200
2010-05-06,AAPL,7.612626621102039,7.745186863955698,5.9757152415117245,7.3852949142456055,1285860800
2010-05-07,AAPL,7.309116774008322,7.3948907102581565,6.7542818399886055,7.073686122894287,1676018400
2010-05-10,AAPL,7.505258151875368,7.637218551714693,7.453673180551568,7.617424011230469,984306400
2010-05-11,AAPL,7.552942343372702,7.794370501816215,7.512755037278967,7.693301200866699,848906800
2010-05-12,AAPL,7.774875874265577,7.891541677508597,7.758681945138481,7.860351085662842,654379600
2010-05-13,AAPL,7.894243296733005,7.947627782843562,7.6897044742593375,7.74848747253418,599712400
2010-05-14,AAPL,7.65251186480857,7.692100134232764,7.4827627343958705,7.612323760986328,759362800
2010-05-17,AAPL,7.638720832350003,7.683107802281114,7.429082995293319,7.624324798583984,762834800
2010-05-18,AAPL,7.707099172827099,7.754184991223029,7.505558736196407,7.568540573120117,782678400
2010-05-19,AAPL,7.4827652414242944,7.585334555314432,7.343307300965496,7.4479756355285645,1025726800
2010-05-20,AAPL,7.2542310050601975,7.313314295868073,7.084182349169648,7.130669116973877,1282915200
2010-05-21,AAPL,6.982513557488722,7.3328097135376575,6.938426921036873,7.267429351806641,1223891200
2010-05-24,AAPL,7.416186599117606,7.524754279441528,7.385595829654664,7.400590896606445,754238800
2010-05-25,AAPL,7.178355187621557,7.400588676221107,7.112675308485438,7.354403018951416,1048006400
2010-05-26,AAPL,7.500162079966677,7.561643938499194,7.310317991801002,7.321115016937256,850654000
2010-05-27,AAPL,7.515755580923785,7.614426373460667,7.471069103156388,7.598230838775635,666282400
2010-05-28,AAPL,7.779379143006481,7.779678659947762,7.598232257936724,7.704101085662842,815614800
2010-06-01,AAPL,7.788371504409639,7.975815347971787,7.7664779494409695,7.822561264038086,876472800
2010-06-02,AAPL,7.933828749900643,7.941626598018014,7.807566396811099,7.916134834289551,688548000
2010-06-03,AAPL,7.953024496889052,7.964121837592217,7.809967546287343,7.891243934631348,650106800
2010-06-04,AAPL,7.743983974104894,7.854650608515925,7.636616829036372,7.676504611968994,758304400
2010-06-07,AAPL,7.746386343164657,7.7721784294153,7.514255164367143,7.525952339172363,886942000
2010-06-08,AAPL,7.594933650235495,7.611729022858751,7.367301573225111,7.477668762207031,1000770400
2010-06-09,AAPL,7.541849707820734,7.554746555474332,7.272530309660558,7.2938232421875,854630000
2010-06-10,AAPL,7.343006311929216,7.527150711909025,7.2638297537919705,7.513055801391602,776356000
2010-06-11,AAPL,7.444678472065271,7.613528342495768,7.418886379866557,7.603031635284424,545759200
2010-06-14,AAPL,7.676507299938071,7.772178109125798,7.618024631710995,7.626121997833252,602960400
2010-06-15,AAPL,7.666909308364109,7.793171669541145,7.662710466801191,7.788372993469238,585074000
2010-06-16,AAPL,7.830661612118378,8.030102219571306,7.81656589890396,8.015107154846191,783678000
2010-06-17,AAPL,8.11557454699942,8.184554709899945,8.082584452141127,8.153663635253906,872855200
2010-06-18,AAPL,8.165062148904045,8.24753821174169,8.140169411433101,8.219645500183105,784621600
2010-06-21,AAPL,8.328209466759265,8.36779773508571,8.059490070660942,8.102677345275879,776490400
2010-06-22,AAPL,8.162365998994314,8.276631734360345,8.142572249894526,8.213050842285156,717262000
2010-06-23,AAPL,8.234941852495856,8.237341191137162,8.034601080183545,8.126673698425293,768457200
2010-06-24,AAPL,8.127571767527064,8.193552768904361,8.040598158045494,8.067590713500977,714277200
2010-06-25,AAPL,8.099382549855264,8.10568041346393,7.971919684652404,7.998611927032471,549942400
2010-06-28,AAPL,8.005510157263997,8.090086050470907,7.933232076875107,8.046598434448242,584948000
2010-06-29,AAPL,7.921232305763544,7.92933047162127,7.62672078537403,7.682804107666016,1133344800
2010-06-30,AAPL,7.699002880239346,7.736791671260347,7.4980638309981025,7.543649673461914,739452000
2010-07-01,AAPL,7.626720091944606,7.641715952496309,7.2944198305891215,7.45217227935791,1022896000
2010-07-02,AAPL,7.512457663763831,7.525654828970787,7.293823105225077,7.4059906005859375,693842800
2010-07-06,AAPL,7.527752501231366,7.581736016788241,7.382595722677696,7.456674098968506,615235600
2010-07-07,AAPL,7.5124547950592895,7.760781479004671,7.490262519714828,7.757781505584717,654556000
2010-07-08,AAPL,7.8720521979775615,7.884648729535192,7.644420083195364,7.740391254425049,738144400
2010-07-09,AAPL,7.704399634561427,7.794672747964949,7.652515138206909,7.786275863647461,433322400
2010-07-12,AAPL,7.753582883870467,7.853153003285578,7.643516061660608,7.716393947601318,562878400
2010-07-13,AAPL,7.687303704273786,7.68970224146965,7.390691545060475,7.551743507385254,1190924000
2010-07-14,AAPL,7.479167400517283,7.671708710289003,7.4677697417311855,7.579636096954346,812047600
2010-07-15,AAPL,7.444677819139745,7.706799162886753,7.41678590743653,7.541248798370361,824866000
2010-07-16,AAPL,7.593132898746579,7.646816897577823,7.450075941393258,7.494762420654297,1039858400
2010-07-19,AAPL,7.49416062306499,7.49416062306499,7.185852907507122,7.365198612213135,1024478000
2010-07-20,AAPL,7.284823598767959,7.584733648244275,7.198149513583742,7.554442405700684,1074950800
2010-07-21,AAPL,7.950328890951406,7.952128395515994,7.617728872829726,7.6249260902404785,1185671200
2010-07-22,AAPL,7.728093335506233,7.7976725594434315,7.657014124386023,7.76828145980835,645318800
2010-07-23,AAPL,7.7103977775464205,7.80906857350977,7.6861048750989145,7.795872211456299,533388800
2010-07-26,AAPL,7.79766955700584,7.80066872936965,7.7289905119923095,7.776076316833496,420551600
2010-07-27,AAPL,7.823762023308021,7.941626695252723,7.8066671411111015,7.9200334548950195,584771600
2010-07-28,AAPL,7.90773865375881,7.97731786386682,7.805169342350308,7.826462268829346,519985200
2010-07-29,AAPL,7.818961781504073,7.87714411251451,7.680703565847826,7.740984916687012,643806800
2010-07-30,AAPL,7.6744085063024965,7.78867338934884,7.644716294332871,7.715195655822754,448210000
2010-08-02,AAPL,7.81087036713396,7.875350607588023,7.7862779405815985,7.8531575202941895,428055600
2010-08-03,AAPL,7.827960137093178,7.895439507468651,7.78027450180197,7.855551719665527,417653600
2010-08-04,AAPL,7.882848447363685,7.926034949605658,7.806971350204282,7.887047290802002,420375200
2010-08-05,AAPL,7.849555528977217,7.893043136091197,7.814166089207656,7.848656177520752,289097200
2010-08-06,AAPL,7.791072380421751,7.842357834019181,7.7265913675725395,7.800370216369629,444897600
2010-08-09,AAPL,7.842058615247828,7.862153477962941,7.784776403968379,7.850156784057617,303128000
2010-08-10,AAPL,7.793174639525959,7.811169681653531,7.724194445551044,7.779978275299072,451920000
2010-08-11,AAPL,7.65971308353555,7.668410284614621,7.492062920451389,7.5034589767456055,620054400
2010-08-12,AAPL,7.398491791412761,7.5907344097517315,7.381396902739767,7.551446437835693,534920400
2010-08-13,AAPL,7.547245833466843,7.554143530542499,7.470468610821648,7.470768928527832,354869200
2010-08-16,AAPL,7.4251833756831065,7.498062084612535,7.396391312394049,7.426982879638672,318430000
2010-08-17,AAPL,7.500162481251102,7.636622086613791,7.473769751728156,7.556845664978027,422640400
2010-08-18,AAPL,7.5685374786233846,7.63781634972763,7.545143937016045,7.58983039855957,339696000
2010-08-19,AAPL,7.582932305680166,7.602127005479487,7.4581699603723965,7.49415922164917,426706000
2010-08-20,AAPL,7.479464788124016,7.615323688957332,7.467767615777388,7.48696231842041,384230000
2010-08-23,AAPL,7.551444892088024,7.557742754779223,7.355303788738523,7.371798038482666,414041600
2010-08-24,AAPL,7.277927410806923,7.287823481071724,7.15736305100399,7.195751667022705,602565600
2010-08-25,AAPL,7.139068151727455,7.317515344298522,7.1138758989676045,7.284524440765381,596867600
2010-08-26,AAPL,7.361300470419308,7.370297988099581,7.206246852874756,7.206246852874756,466505200
2010-08-27,AAPL,7.250334490265162,7.276126574150473,7.064689307456441,7.246435165405273,548391200
2010-08-30,AAPL,7.220645185321611,7.370301157459868,7.218245846241779,7.272830009460449,383289200
2010-08-31,AAPL,7.253335618273274,7.3346120265206745,7.208349613223602,7.290824890136719,420786800
2010-09-01,AAPL,7.421883258477054,7.54154745846026,7.386194300973798,7.507658004760742,697037600
2010-09-02,AAPL,7.535549340645718,7.562841415405273,7.454873586453164,7.562841415405273,415427600
2010-09-03,AAPL,7.650412732555426,7.761079374406629,7.6327180184962,7.760779857635498,520788800
2010-09-07,AAPL,7.6969013675215,7.783575464728572,7.685204993295705,7.731991291046143,342557600
2010-09-08,AAPL,7.791073836605934,7.929332923246237,7.770679458095719,7.885246276855469,526551200
2010-09-09,AAPL,7.948824870423701,7.993211020996388,7.885244016168023,7.889742374420166,438575200
2010-09-10,AAPL,7.893345645627162,7.932634425529926,7.839661631032451,7.899943828582764,387542400
2010-09-13,AAPL,7.97221712782362,8.045995163905232,7.970418425310303,8.008806228637695,388780000
2010-09-14,AAPL,7.983913752252216,8.072686851636508,7.963219863375545,8.039397239685059,408150400
2010-09-15,AAPL,8.042696445835148,8.10897695143304,8.032798776965189,8.104177474975586,429368800
2010-09-16,AAPL,8.10477811546437,8.29761968617443,8.08258424075211,8.294620513916016,652103200
2010-09-17,AAPL,8.328212020626088,8.336310187682004,8.207948794084658,8.258633613586426,634477200
2010-09-20,AAPL,8.279925453118803,8.51085692540106,8.273027756945744,8.494361877441406,658677600
2010-09-21,AAPL,8.513256830475996,8.617925152406347,8.481166083725334,8.510557174682617,668074400
2010-09-22,AAPL,8.478767751567823,8.636820564272218,8.469770232601007,8.629922866821289,585289600
2010-09-23,AAPL,8.58733294263046,8.780175305723013,8.57743607503564,8.665009498596191,786116800
2010-09-24,AAPL,8.76038469836484,8.803271673819566,8.713898715072991,8.766982078552246,649488000
2010-09-27,AAPL,8.816765191972685,8.839257783661015,8.727691773972868,8.732190132141113,482834800
2010-09-28,AAPL,8.750486263734524,8.750486263734524,8.247537375465011,8.603230476379395,1035042400
2010-09-29,AAPL,8.614329522756234,8.691706605334097,8.577440886176456,8.618528366088867,469644000
2010-09-30,AAPL,8.667412200292311,8.697403129581955,8.434981497238487,8.50995922088623,673391600
2010-10-01,AAPL,8.581940224383148,8.594836272807724,8.43798306853591,8.47307300567627,448142800
2010-10-04,AAPL,8.44547493521251,8.484462567613509,8.330608655342576,8.356701850891113,435302000
2010-10-05,AAPL,8.4574762916602,8.680908711738505,8.45207697849628,8.665614128112793,501967200
2010-10-06,AAPL,8.685105746104007,8.757084293641004,8.555244363164224,8.67310905456543,670868800
2010-10-07,AAPL,8.70760021639854,8.711799058954968,8.604731376731673,8.674010276794434,408399600
2010-10-08,AAPL,8.748686757626036,8.832361680405636,8.697402902548777,8.819465637207031,658403200
2010-10-11,AAPL,8.839559121912272,8.91453603109808,8.83536028045555,8.858152389526367,427753200
2010-10-12,AAPL,8.859653435820936,8.982317602359727,8.772079190943744,8.95352554321289,558544000
2010-10-13,AAPL,9.003312985231345,9.056096836878664,8.991316291289957,9.001513481140137,630092400
2010-10-14,AAPL,9.04799734524693,9.071390092094758,9.009308416790285,9.0665922164917,435296400
2010-10-15,AAPL,9.220447690180093,9.447180404289803,9.144570601880462,9.439382553100586,922194000
2010-10-18,AAPL,9.551250868243711,9.567145288608938,9.425887802030585,9.537155151367188,1093010800
2010-10-19,AAPL,9.099281893151508,9.410288498933703,8.997912256855363,9.281927108764648,1232784000
2010-10-20,AAPL,9.267232786816965,9.424685773002805,9.203352400992891,9.313118934631348,721624400
2010-10-21,AAPL,9.368003406699998,9.439382131937109,9.201253369869166,9.282829284667969,551460000
2010-10-22,AAPL,9.269332983516083,9.298424566268512,9.18625867988624,9.22134780883789,372778000
2010-10-25,AAPL,9.269929475594733,9.345205894416907,9.250434455983386,9.262431144714355,392462000
2010-10-26,AAPL,9.20335148231496,9.289425740804067,9.166761573624807,9.238740921020508,392929600
2010-10-27,AAPL,9.226742031244713,9.294221402026482,9.165260203873633,9.23214054107666,399002800
2010-10-28,AAPL,9.235740452088221,9.237240438853126,9.024304784316465,9.154465675354004,551051200
2010-10-29,AAPL,9.124176878084183,9.173662039344961,9.02340625062317,9.026705741882324,430511200
2010-11-01,AAPL,9.063894650986878,9.165264311836138,9.063294816292254,9.122676849365234,423889200
2010-11-02,AAPL,9.20724946210653,9.302920267189869,9.20724946210653,9.278027534484863,433930000
2010-11-03,AAPL,9.33830731064876,9.383594405877368,9.253133231300966,9.381195068359375,508348400
2010-11-04,AAPL,9.46067580495569,9.602533902968242,9.448079276750425,9.54525089263916,642488000
2010-11-05,AAPL,9.536851694368572,9.584237024596108,9.49966275117575,9.511058807373047,361253200
2010-11-08,AAPL,9.513160522936081,9.59023727986018,9.499964159520228,9.555747985839844,281758400
2010-11-09,AAPL,9.628622799085445,9.636121130853411,9.432182203368697,9.479567527770996,383544000
2010-11-10,AAPL,9.496367299216422,9.5602485080208,9.403694819112808,9.538055419921875,384227200
2010-11-11,AAPL,9.447181891257006,9.549152205778793,9.424688486632938,9.496667861938477,361284000
2010-11-12,AAPL,9.477167993325882,9.492163054856759,9.106179567836067,9.238139152526855,795846800
2010-11-15,AAPL,9.251040648134882,9.313421865312662,9.18535993915064,9.208453178405762,403606000
2010-11-16,AAPL,9.168862168538327,9.225245021057386,8.976919094600694,9.044999122619629,657650000
2010-11-17,AAPL,9.033301528722012,9.11697644470151,8.930132390670282,9.012308120727539,479449600
2010-11-18,AAPL,9.15326698837548,9.287327230437285,9.137972405985629,9.250138282775879,494491200
2010-11-19,AAPL,9.236342847651084,9.249238892220427,9.15446741993008,9.199153900146484,384843200
2010-11-22,AAPL,9.197652352615405,9.397993087768555,9.173360254648893,9.397993087768555,393075200
2010-11-23,AAPL,9.310719267994024,9.349708517476808,9.194054239814845,9.259134292602539,519447600
2010-11-24,AAPL,9.35720026222164,9.45917048944846,9.349703534894813,9.44117546081543,413725200
2010-11-26,AAPL,9.409390061206876,9.528154910966098,9.385397477750908,9.447178840637207,237585600
2010-11-29,AAPL,9.462174248150587,9.52155627476021,9.338611517896657,9.503262519836426,445785200
2010-11-30,AAPL,9.403393833435995,9.42798705788694,9.323317897403387,9.33171558380127,501858000
2010-12-01,AAPL,9.455274105047755,9.52965197815543,9.447176740069487,9.489164352416992,461750800
2010-12-02,AAPL,9.523055899293075,9.567142541600276,9.443879332928976,9.541650772094727,462837200
2010-12-03,AAPL,9.50746204060512,9.556646882025404,9.487367979512303,9.520358085632324,342092800
2010-12-06,AAPL,9.556346910406115,9.667014400030732,9.54974872932659,9.60163402557373,448481600
2010-12-07,AAPL,9.711097614351132,9.716794840181581,9.540748639987772,9.543447494506836,391454000
2010-12-08,AAPL,9.586038354315413,9.627726465232406,9.51046158521835,9.627426147460938,321935600
2010-12-09,AAPL,9.661014495264032,9.672110233109768,9.567741424501325,9.589935302734375,294151200
2010-12-10,AAPL,9.586631965981715,9.628619566567119,9.555141065330943,9.613924026489258,262511200
2010-12-13,AAPL,9.728194615629825,9.74888850760997,9.627124493978812,9.647217750549316,439815600
2010-12-14,AAPL,9.649018435590888,9.673311335903582,9.567142215861573,9.605831146240234,351008000
2010-12-15,AAPL,9.597133313497897,9.687106901301762,9.572841213604223,9.607931137084961,417312000
2010-12-16,AAPL,9.62982485027937,9.67541148328315,9.600134236081555,9.634623527526855,322030800
2010-12-17,AAPL,9.646015862121967,9.650814537118931,9.604028256745492,9.615425109863281,386929200
2010-12-20,AAPL,9.645121350113303,9.694607314532893,9.544052001853894,9.663415908813477,385610400
2010-12-21,AAPL,9.687105669808663,9.728792967705775,9.658614731360364,9.723094940185547,256354000
2010-12-22,AAPL,9.727892836079098,9.768680779347607,9.70359994037497,9.751885414123535,265921600
2010-12-23,AAPL,9.747091503496696,9.75158986344487,9.692207828230856,9.705103874206543,223157200
2010-12-27,AAPL,9.682608743051969,9.760285322811644,9.642720141970758,9.737491607666016,249816000
2010-12-28,AAPL,9.774379296913931,9.79687269032997,9.748887531833079,9.761183738708496,175924000
2010-12-29,AAPL,9.78367704720901,9.79057554491486,9.750087113464351,9.755785942077637,163139200
2010-12-30,AAPL,9.761483938460541,9.762383289853478,9.688606043439433,9.706900596618652,157494400
2010-12-31,AAPL,9.685606513751457,9.701501728167436,9.636420883774324,9.673910140991211,193508000
2011-01-03,AAPL,9.766283897239795,9.904842491791268,9.742291313162301,9.884148597717285,445138400
2011-01-04,AAPL,9.97022499946008,9.97202450371486,9.841563248209395,9.935735702514648,309080800
2011-01-05,AAPL,9.88354635312121,10.02720310651674,9.882046366505515,10.017005920410156,255519600
2011-01-06,AAPL,10.038600786913053,10.054496001433083,9.984017446725542,10.008910179138184,300428800
2011-01-07,AAPL,10.016709060647933,10.087487945997925,9.954027542459901,10.08059024810791,311931200
2011-01-10,AAPL,10.161866703771443,10.293827131523544,10.112082026444591,10.270434379577637,448560000
2011-01-11,AAPL,10.34331320519934,10.34571174312606,10.181061524413545,10.246142387390137,444108000
2011-01-12,AAPL,10.294425231376021,10.329813867497908,10.256935973095956,10.329513549804688,302590400
2011-01-13,AAPL,10.35170799656184,10.396094954058757,10.31242003335239,10.367302894592285,296780400
2011-01-14,AAPL,10.373602107425388,10.451278686523438,10.330115299907286,10.451278686523438,308840000
2011-01-18,AAPL,9.882650275283877,10.339713924070104,9.777081766375648,10.216450691223145,1880998000
2011-01-19,AAPL,10.447376447360964,10.454874778243113,10.103380607660172,10.162162780761719,1135612800
2011-01-20,AAPL,10.08988988820832,10.145973239872815,9.900646416385866,9.977423667907715,764789200
2011-01-21,AAPL,10.01010914307836,10.043399559175823,9.795973020269242,9.798672676086426,754401200
2011-01-24,AAPL,9.803171474641145,10.120476722717285,9.798672315393844,10.120476722717285,574683200
2011-01-25,AAPL,10.086887537787016,10.240141662582634,10.0341028978612,10.238941192626953,546868000
2011-01-26,AAPL,10.28572575127313,10.36490229737705,10.241939437897129,10.312417984008789,506875600
2011-01-27,AAPL,10.310322083727867,10.337614161294956,10.281831137645915,10.293227195739746,285026000
2011-01-28,AAPL,10.322016346791123,10.328914043253228,10.00291159413891,10.079987525939941,592057200
2011-01-31,AAPL,10.070991918749774,10.198154446720501,10.026005927102581,10.176560401916504,377246800
2011-02-01,AAPL,10.235941556630735,10.366401952254265,10.226344204948123,10.347807884216309,426633200
2011-02-02,AAPL,10.330418338827862,10.35441012761259,10.303425774538212,10.326519012451172,258955200
2011-02-03,AAPL,10.310916418525329,10.324112774470892,10.153463502531567,10.300119400024414,393797600
2011-02-04,AAPL,10.306121504610047,10.397894593664343,10.302222980263291,10.39189624786377,321840400
2011-02-07,AAPL,10.43358341045263,10.594335071523219,10.426085878725743,10.553248405456543,485021600
2011-02-08,AAPL,10.60723095082506,10.662414124740975,10.561344811506856,10.652816772460938,381040800
2011-02-09,AAPL,10.652518969167177,10.766785461014164,10.64292241619061,10.741592407226562,482745200
2011-02-10,AAPL,10.71849848132844,10.796774885421552,10.43688137483442,10.633023262023926,928550000
2011-02-11,AAPL,10.639319064655929,10.730791002977579,10.603029485749554,10.702300071716309,367572800
2011-02-14,AAPL,10.700504235050955,10.781179182371634,10.698104896752486,10.77218246459961,310416400
2011-02-15,AAPL,10.772481831792243,10.795875379877279,10.723296999051476,10.79377555847168,284174800
2011-02-16,AAPL,10.820767560040546,10.943731246392971,10.811770842188212,10.890647888183594,481157600
2011-02-17,AAPL,10.714298466095048,10.804871067716528,10.692404107711644,10.74578857421875,530583200
2011-02-18,AAPL,10.758086043936894,10.781779107650102,10.48246808140823,10.513659477233887,816057200
2011-02-22,AAPL,10.26143411678896,10.358905225258958,10.128574372938296,10.155265808105469,872555600
2011-02-23,AAPL,10.160068298478613,10.336114578769463,10.155268819994442,10.275533676147461,671854400
2011-02-24,AAPL,10.317518625619655,10.351408076358645,10.14806896938312,10.28332805633545,499900800
2011-02-25,AAPL,10.354707448258186,10.449779228396823,10.340912053572906,10.441681861877441,380018800
2011-02-28,AAPL,10.534058073502228,10.648323803960304,10.530459064575473,10.593140602111816,403074000
2011-03-01,AAPL,10.660916548580207,10.668414080757476,10.427286174243282,10.476171493530273,456136800
2011-03-02,AAPL,10.495666200242237,10.627327099799714,10.448879899509597,10.560446739196777,602590800
2011-03-03,AAPL,10.712501428053379,10.79047752386238,10.674412331205659,10.78357982635498,500788400
2011-03-04,AAPL,10.798874838485023,10.805473018888746,10.729295628649323,10.796775817871094,453266800
2011-03-07,AAPL,10.838763780483873,10.846861948621015,10.536154809907478,10.657618522644043,546123200
2011-03-08,AAPL,10.644121267565573,10.718799475617159,10.564344865726856,10.6696138381958,356316800
2011-03-09,AAPL,10.637520998656738,10.639620819813791,10.51485844818331,10.570940971374512,453306000
2011-03-10,AAPL,10.470473286168101,10.489968312511895,10.343911379737444,10.396995544433594,507539200
2011-03-11,AAPL,10.356805169778973,10.566442927458578,10.34690910158305,10.55654525756836,471080400
2011-03-14,AAPL,10.5922360700516,10.691207172922276,10.53615353958276,10.603632926940918,435957200
2011-03-15,AAPL,10.25993749658836,10.432086044562972,10.1999556306136,10.359807968139648,721081200
2011-03-16,AAPL,10.256937853391037,10.286928785004697,9.784878395470338,9.897344589233398,1162011200
2011-03-17,AAPL,10.101884230239108,10.185259645032435,9.916839645068169,10.03620433807373,659422400
2011-03-18,AAPL,10.110880838409283,10.14297159146223,9.89704499318023,9.917139053344727,753214000
2011-03-21,AAPL,10.076689776984464,10.189155145692371,10.05479541657697,10.175959587097168,409402000
2011-03-22,AAPL,10.273731329805084,10.27553083342104,10.171161225389978,10.232942581176758,325922800
2011-03-23,AAPL,10.175358728607716,10.203550147368635,10.075488293177935,10.172659873962402,372996400
2011-03-24,AAPL,10.252438415238707,10.376901288890842,10.162765146733612,10.346010208129883,404712000
2011-03-25,AAPL,10.438984307101528,10.558648528603698,10.407493385296785,10.54305362701416,448910000
2011-03-28,AAPL,10.591336693558677,10.626426615579685,10.51006031036377,10.51006031036377,309355200
2011-03-29,AAPL,10.42669111538423,10.52566146850586,10.378705926454275,10.52566146850586,352900800
2011-03-30,AAPL,10.51605934541074,10.523258161590284,10.420088210189022,10.455777168273926,329406000
2011-03-31,AAPL,10.387696987912534,10.49086612899025,10.378700270420843,10.452178001403809,274019200
2011-04-01,AAPL,10.530156732762084,10.54455196377355,10.295925702386425,10.333714485168457,418661600
2011-04-04,AAPL,10.32621956393468,10.334916767617472,10.148971994404873,10.232646942138672,460084800
2011-04-05,AAPL,10.106684028687356,10.26443655516293,10.076992610592901,10.163666725158691,482731200
2011-04-06,AAPL,10.233543286587775,10.313918712775568,10.111179442407037,10.138171195983887,402539200
2011-04-07,AAPL,10.139970905655984,10.209849629189067,10.077889230489983,10.139371871948242,373447200
2011-04-08,AAPL,10.194552253563913,10.201449948630561,10.015506092673911,10.048795700073242,377535200
2011-04-11,AAPL,10.018807510654083,10.067092994827863,9.897644925327368,9.921037673950195,398946800
2011-04-12,AAPL,9.91173800372851,10.008909589550363,9.90304080403489,9.969021797180176,425639200
2011-04-13,AAPL,10.047598332298774,10.081188265009269,9.972620618016183,10.080888748168945,346220000
2011-04-14,AAPL,10.041002287970047,10.076991566445848,9.958827342724224,9.969623565673828,301800800
2011-04-15,AAPL,9.996017190742593,10.006214381619465,9.801075699651976,9.820869445800781,453605600
2011-04-18,AAPL,9.780082764321865,9.963927721852414,9.601935836843326,9.952530860900879,609898800
2011-04-19,AAPL,9.990015982785746,10.136371605731629,9.948327882844032,10.132773399353027,419378400
2011-04-20,AAPL,10.302223807317615,10.369403683982709,10.241942429300606,10.269233703613281,700666400
2011-04-21,AAPL,10.646820704379387,10.650720030000699,10.452479084226628,10.51785945892334,753810400
2011-04-25,AAPL,10.507064153228802,10.609333967144439,10.505863682985114,10.587140083312988,266546000
2011-04-26,AAPL,10.605431570593638,10.646519034249591,10.477369702582793,10.50946044921875,338800000
2011-04-27,AAPL,10.56404239149308,10.567341881364722,10.409888943334701,10.501360893249512,356213200
2011-04-28,AAPL,10.382599620112366,10.489366976167313,10.362505561314793,10.399394989013672,360959200
2011-04-29,AAPL,10.400291717133495,10.615327162782956,10.396992227222222,10.500761985778809,1006345200
2011-05-02,AAPL,10.48906675215698,10.510960313289425,10.361905028151766,10.385297775268555,442713600
2011-05-03,AAPL,10.436583720898208,10.493566409758655,10.36550451763469,10.44288158416748,313348000
2011-05-04,AAPL,10.444680920717603,10.551749399663487,10.403293132245995,10.483969688415527,389250400
2011-05-05,AAPL,10.448879341693994,10.525357052384399,10.37840077788704,10.399394989013672,335969200
2011-05-06,AAPL,10.487567113632094,10.496864148536602,10.383198306684026,10.39669418334961,280134400
2011-05-09,AAPL,10.432678980511941,10.472867880360166,10.392791199097108,10.424881935119629,204747200
2011-05-10,AAPL,10.463573247929691,10.487566628311242,10.396693702233977,10.480368614196777,282091600
2011-05-11,AAPL,10.467475506044467,10.496866604401212,10.354109154513566,10.413790702819824,336000000
2011-05-12,AAPL,10.380497350923909,10.41048827087211,10.265032028826878,10.39399242401123,322000000
2011-05-13,AAPL,10.366704426815879,10.384398346391437,10.20745194301042,10.211950302124023,326116000
2011-05-16,AAPL,10.172963569700636,10.233545268557746,9.975021335643552,9.996015548706055,449775200
2011-05-17,AAPL,9.957025658812395,10.081188201904297,9.918936566958127,10.081188201904297,452334400
2011-05-18,AAPL,10.091086624323662,10.228445548086855,10.07699091126224,10.193056106567383,334776400
2011-05-19,AAPL,10.25933750983677,10.26923438143185,10.157067701094654,10.212851524353027,261170000
2011-05-20,AAPL,10.183759315428519,10.225447421846578,10.047600057622503,10.053598403930664,337968400
2011-05-23,AAPL,9.896143403432701,10.076389268655317,9.879648354865417,10.029003143310547,383600000
2011-05-24,AAPL,10.061993380886475,10.073990070274254,9.937230213794823,9.962722778320312,321927200
2011-05-25,AAPL,9.999913461442796,10.153768239074417,9.982519058245968,10.100383758544922,294224000
2011-05-26,AAPL,10.076092466097595,10.103684060085895,10.029905997328743,10.047000885009766,222560800
2011-05-27,AAPL,10.04099870063484,10.125873271930532,10.026303157251817,10.119275093078613,203599200
2011-05-31,AAPL,10.229946423068862,10.431785583496094,10.226946448879234,10.431785583496094,417754400
2011-06-01,AAPL,10.462976119630177,10.560745959100826,10.336414218458483,10.362205505371094,554682800
2011-06-02,AAPL,10.391893806397396,10.436280754046154,10.325913619786917,10.379897117614746,338783200
2011-06-03,AAPL,10.292322354176253,10.356802545883802,10.257232444471752,10.300119400024414,313250000
2011-06-06,AAPL,10.367903020776453,10.408390651141728,10.131273499165783,10.138171195983887,461941200
2011-06-07,AAPL,10.1420699701278,10.143569155979677,9.954025454998565,9.958224296569824,529785200
2011-06-08,AAPL,9.950426562410307,10.040999164658391,9.916537116193535,9.964221954345703,333723600
2011-06-09,AAPL,9.994516254336096,10.007112782037296,9.919538524476001,9.941732406616211,275088800
2011-06-10,AAPL,9.913541103409877,9.946831529304283,9.762385960274031,9.774083137512207,433955200
2011-06-13,AAPL,9.81306774403312,9.846358159587885,9.749187369543925,9.795073509216309,329473200
2011-06-14,AAPL,9.897046147036702,9.994517286000828,9.876352249815167,9.970224380493164,334569200
2011-06-15,AAPL,9.889548610245152,9.906043664460723,9.743491660314223,9.799575805664062,399196000
2011-06-16,AAPL,9.80407021236552,9.85745387870499,9.5470471473432,9.751885414123535,510591200
2011-06-17,AAPL,9.86675444550498,9.874552295803914,9.577940073480098,9.604931831359863,615020000
2011-06-20,AAPL,9.51796006967163,9.528157260515034,9.312221553621907,9.456778526306152,640645600
2011-06-21,AAPL,9.497563114814966,9.771080458525867,9.453176159524363,9.756085395812988,493382400
2011-06-22,AAPL,9.751887177619746,9.864054642527426,9.668511772588557,9.675410270690918,390583200
2011-06-23,AAPL,9.56534252034725,9.947728652412724,9.54075090450537,9.93393325805664,559759200
2011-06-24,AAPL,9.938130979463706,9.99151464884085,9.749786948683372,9.787575721740723,439807200
2011-06-27,AAPL,9.824764721866954,10.014008105169406,9.814567535193898,9.958224296569824,339813600
2011-06-28,AAPL,10.006512635610461,10.097985422459711,10.000214771875717,10.054798126220703,294299600
2011-06-29,AAPL,10.078189402984703,10.088086272575099,9.953426219895341,10.018207550048828,352545200
2011-06-30,AAPL,10.038000217041562,10.080887982097634,9.982217211888152,10.06709098815918,322954800
2011-07-01,AAPL,10.075488417655919,10.301920723500965,10.023004103050464,10.294723510742188,435313200
2011-07-05,AAPL,10.286926363384461,10.491765443212042,10.271931301531247,10.479768753051758,355054000
2011-07-06,AAPL,10.465372586097061,10.619827166897787,10.3981927237845,10.549647331237793,444626000
2011-07-07,AAPL,10.636924851165004,10.736794518762789,10.616829989697031,10.712801933288574,399663600
2011-07-08,AAPL,10.597033516061975,10.796774401480668,10.562843750211517,10.788076400756836,489633200
2011-07-11,AAPL,10.687006845562406,10.789876458437291,10.581437577060075,10.616827011108398,442674400
2011-07-12,AAPL,10.602735009461917,10.727198707500651,10.455479194534965,10.609333992004395,451609200
2011-07-13,AAPL,10.746689613603207,10.796775398845831,10.688206945383511,10.737393379211426,391638800
2011-07-14,AAPL,10.82706831728899,10.845063358168007,10.687010519593901,10.729897499084473,430533600
2011-07-15,AAPL,10.831862155820714,10.946727645817456,10.771880314715116,10.944328308105469,484467200
2011-07-18,AAPL,10.959627710259623,11.236145076334267,10.955129350821249,11.210653305053711,572653200
2011-07-19,AAPL,11.336614264730162,11.356108488461313,11.196256174204773,11.302124977111816,819145600
2011-07-20,AAPL,11.880053825341864,11.884552184882063,11.57654389322476,11.603535652160645,941340400
2011-07-21,AAPL,11.605035278716711,11.698306762771033,11.513562497744715,11.615232467651367,526534400
2011-07-22,AAPL,11.646119425967765,11.847959321131514,11.629024543939755,11.795475006103516,516728800
2011-07-25,AAPL,11.70700308042622,11.996417267562691,11.685110318873445,11.951431274414062,589806000
2011-07-26,AAPL,11.996414537362842,12.131374888635603,11.986817986827592,12.098684310913086,476582400
2011-07-27,AAPL,12.014110523634027,12.075592361156064,11.760985960095345,11.774182319641113,659324400
2011-07-28,AAPL,11.745091551665764,11.906142716988617,11.640422429158335,11.751089096069336,594034000
2011-07-29,AAPL,11.625728105083189,11.85096078740405,11.516560612592468,11.710902214050293,632584400
2011-08-01,AAPL,11.92983799827287,11.981422175325278,11.767586332887257,11.898947715759277,612836000
2011-08-02,AAPL,11.92593758715052,11.933435118498345,11.64702093203126,11.66381549835205,639539600
2011-08-03,AAPL,11.725899813551917,11.802977373518171,11.46377924949981,11.77358627319336,732508000
2011-08-04,AAPL,11.678812844693683,11.736095048582179,11.317120578590137,11.317720413208008,871407600
2011-08-05,AAPL,11.409794175838122,11.50156727993501,10.873854303842815,11.205254554748535,1204590800
2011-08-08,AAPL,10.847464159488833,11.029809940873388,10.587441770887338,10.593140602111816,1143833600
2011-08-09,AAPL,10.835762089505064,11.234943544398346,10.646818224329344,11.216948509216309,1082583600
2011-08-10,AAPL,11.131174777854913,11.236143423317916,10.871753137844747,10.907442092895508,878656800
2011-08-11,AAPL,11.11228000195749,11.260136412880433,10.93833198985448,11.20765209197998,741969200
2011-08-12,AAPL,11.338711558978718,11.385797365804883,11.223546538741797,11.30632209777832,528976000
2011-08-15,AAPL,11.385501633315585,11.545654294138057,11.339315162461377,11.498867988586426,460544000
2011-08-16,AAPL,11.442183068216492,11.497666568006492,11.278431424150144,11.410991668701172,498750000
2011-08-17,AAPL,11.465876234971818,11.532155957403141,11.336614679200448,11.40979290008545,442061200
2011-08-18,AAPL,11.121877557735207,11.176162184091703,10.83786190463753,10.978219985961914,851435200
2011-08-19,AAPL,10.861857683761341,11.006714956603542,10.676813088890757,10.677712440490723,775888400
2011-08-22,AAPL,10.932032340202749,10.943129677785242,10.649516725256252,10.690004348754883,535315200
2011-08-23,AAPL,10.805772551532266,11.205853409095264,10.706802247873634,11.2046537399292,656835200
2011-08-24,AAPL,11.200752779055362,11.365403744240993,11.11467853107784,11.282029151916504,626267600
2011-08-25,AAPL,10.949130900801848,11.260138355787518,10.94673156223145,11.208253860473633,871346000
2011-08-26,AAPL,11.13177560807006,11.510562757710785,11.12067906814067,11.503965377807617,641477200
2011-08-29,AAPL,11.641926037271332,11.741497004561577,11.636528325342494,11.695610046386719,405269200
2011-08-30,AAPL,11.644023185918531,11.751691504634534,11.582841652654412,11.696208000183105,417922400
2011-08-31,AAPL,11.71360285216384,11.758889166090507,11.452380873504504,11.541454315185547,522586400
2011-09-01,AAPL,11.571145922348576,11.61673175393107,11.418191290400086,11.427488327026367,343725200
2011-09-02,AAPL,11.238840365359792,11.336611780307218,11.151567254696642,11.218147277832031,438939200
2011-09-06,AAPL,11.017810485129475,11.4064945425533,10.991118242697997,11.388800621032715,509698000
2011-09-07,AAPL,11.563346834675666,11.564546503844072,11.456577880382016,11.514461517333984,350576800
2011-09-08,AAPL,11.468573824269452,11.654818846707979,11.465874969240135,11.520758628845215,416158400
2011-09-09,AAPL,11.514461419775111,11.576542296596022,11.247240320283836,11.321019172668457,564813200
2011-09-12,AAPL,11.186658593164752,11.422986992874481,11.153667693782031,11.394796371459961,467832400
2011-09-13,AAPL,11.46077755699017,11.582841100798214,11.404094385926452,11.53515625,440560400
2011-09-14,AAPL,11.607132775191115,11.762786240850668,11.569343998478649,11.675512313842773,534724400
2011-09-15,AAPL,11.739395032412185,11.806275393842618,11.693508883488922,11.78528118133545,417818800
2011-09-16,AAPL,11.862655757194617,12.0114107131958,11.847360377432539,12.0114107131958,698513200
2011-09-19,AAPL,11.906443929414849,12.393198904393733,11.852461217012081,12.345212936401367,823860800
2011-09-20,AAPL,12.453778080889792,12.682010699387229,12.332014882962135,12.399794578552246,775754000
2011-09-21,AAPL,12.585440317087127,12.643922984878033,12.356309123206536,12.36050796508789,605976000
2011-09-22,AAPL,12.027309281583383,12.290930601452173,11.897447884031532,12.05100154876709,968480800
2011-09-23,AAPL,12.004817096550319,12.198559702049922,11.991921050815082,12.125381469726562,546277200
2011-09-26,AAPL,11.992215378558445,12.115778871792514,11.735492642656244,12.091485977172852,812876400
2011-09-27,AAPL,12.258240915755364,12.27383581681055,11.938236717458569,11.974225997924805,632497600
2011-09-28,AAPL,12.002113533294748,12.10858215667034,11.891746386028883,11.906743049621582,429637600
2011-09-29,AAPL,12.054001573814167,12.062698775771414,11.582841469219204,11.713603019714355,651086800
2011-09-30,AAPL,11.610130012548096,11.663214962227855,11.431983180843618,11.436182022094727,547640800
2011-10-03,AAPL,11.407693411456037,11.475772634928854,11.191757765325987,11.234643936157227,669099200
2011-10-04,AAPL,11.23374496485565,11.450579969779925,10.624027902511745,11.171663284301758,1233677200
2011-10-05,AAPL,11.032507922223596,11.39120028145077,10.805775199362541,11.344115257263184,786469600
2011-10-06,AAPL,11.196556222939858,11.539953933621973,11.150670075943632,11.317720413208008,812582400
2011-10-07,AAPL,11.2700333216764,11.328815505018918,11.051398836918358,11.090686798095703,535458000
2011-10-10,AAPL,11.369308465469794,11.660820960998535,11.342915735142888,11.660820960998535,442514800
2011-10-11,AAPL,11.773586810673047,12.091792335789725,11.741496853076892,12.005117416381836,605687600
2011-10-12,AAPL,12.21655231528316,12.273834519869366,12.000616655303046,12.062098503112793,622286000
2011-10-13,AAPL,12.145774403265785,12.249244689941406,12.081894008478068,12.249244689941406,426185200
2011-10-14,AAPL,12.501163976183458,12.656217575073242,12.454376889875071,12.656217575073242,573367200
2011-10-17,AAPL,12.64842205073906,12.797177815758822,12.474473234617847,12.595937728881836,686044800
2011-10-18,AAPL,12.649017975802003,12.740491520930803,12.475970155305106,12.663414001464844,881602400
2011-10-19,AAPL,12.036903942460093,12.248940236309632,11.930435319017317,11.955028533935547,1104059600
2011-10-20,AAPL,11.99641803996714,12.006914745682755,11.82277031735199,11.855759620666504,549270400
2011-10-21,AAPL,11.93943528293594,11.970625883009863,11.719000459931653,11.782581329345703,621244400
2011-10-24,AAPL,11.8818512033107,12.191357824971664,11.858458456531572,12.169465065002441,502138000
2011-10-25,AAPL,12.1472680874192,12.192854701085352,11.917837435202207,11.929533004760742,430427200
2011-10-26,AAPL,12.049200730155617,12.072894596448752,11.790977950261102,12.014411926269531,456304800
2011-10-27,AAPL,12.223148730319354,12.266336819922518,12.053100032166679,12.13707447052002,494664800
2011-10-28,AAPL,12.08639094275736,12.186861243170984,12.07169539445247,12.14487361907959,322842800
2011-10-31,AAPL,12.068995442878723,12.276233888201684,12.027907174058287,12.139774322509766,385501200
2011-11-01,AAPL,11.918742897600529,11.98142362257755,11.793080329020853,11.89175033569336,531790000
2011-11-02,AAPL,11.999116504136918,12.009613208809679,11.849760097021578,11.918740272521973,327350800
2011-11-03,AAPL,11.96852501884211,12.098386402631135,11.857258507059484,12.088489532470703,441386400
2011-11-04,AAPL,12.057299375007437,12.0995865132294,11.971225111633036,12.003615379333496,302229200
2011-11-07,AAPL,11.993717755230982,11.996416610350085,11.880351424978697,11.98831844329834,270275600
2011-11-08,AAPL,12.062697371053845,12.236345877313994,12.04320314772146,12.183260917663574,400442000
2011-11-09,AAPL,11.905545131458627,12.023110318039992,11.823370188541933,11.854860305786133,558684000
2011-11-10,AAPL,11.907342140510604,11.912740651124949,11.461075674070964,11.55314826965332,744752400
2011-11-11,AAPL,11.594837793355817,11.657519310698333,11.404394703664043,11.53515625,653786000
2011-11-14,AAPL,11.50216649231456,11.55405179237587,11.342614469626486,11.374404907226562,432905200
2011-11-15,AAPL,11.420589577475825,11.681511218720434,11.380101943708711,11.661417961120605,430810800
2011-11-16,AAPL,11.674015451210563,11.730698627560313,11.52615900461521,11.539655685424805,349210400
2011-11-17,AAPL,11.515961573160928,11.533956613297583,11.26163807934171,11.318921089172363,479900400
2011-11-18,AAPL,11.36420240543706,11.396292344957125,11.243038257703391,11.244837760925293,371938000
2011-11-21,AAPL,11.108683080578725,11.147072498289413,10.974023805078447,11.066996574401855,447980400
2011-11-22,AAPL,11.127275413489086,11.334513833671332,11.124876075430139,11.291926383972168,409021200
2011-11-23,AAPL,11.23194177741744,11.27183036527767,11.003110155400512,11.006409645080566,428271200
2011-11-25,AAPL,11.049299200891516,11.131174615019368,10.896344593711145,10.90384292602539,254760800
2011-11-28,AAPL,11.167166394176341,11.298227470081668,11.106584692594273,11.280232429504395,346413200
2011-11-29,AAPL,11.271834997377802,11.361508276448154,11.10268562840237,11.192658424377441,375855200
2011-11-30,AAPL,11.435285592315928,11.464976204620664,11.34561151824217,11.462576866149902,405938400
2011-12-01,AAPL,11.472772407153306,11.666514155762085,11.419088417850016,11.634424209594727,387181200
2011-12-02,AAPL,11.691407107173312,11.80537326775957,11.653918649520467,11.687508583068848,379055600
2011-12-05,AAPL,11.80117638878192,11.888750644898856,11.708204421729398,11.78678035736084,357210000
2011-12-06,AAPL,11.771784773330289,11.835366441790528,11.677913458874771,11.724998474121094,283598000
2011-12-07,AAPL,11.694406499078902,11.724697743633355,11.599334724384597,11.669214248657227,304746400
2011-12-08,AAPL,11.739993075041891,11.861456768755893,11.703403968247454,11.716300010681152,376356400
2011-12-09,AAPL,11.781980356121672,11.817669309645419,11.72739621434195,11.805072784423828,296993200
2011-12-12,AAPL,11.746889327718003,11.81346935305455,11.68000978556613,11.751688003540039,301067200
2011-12-13,AAPL,11.786483544475152,11.85846291724648,11.609536288566371,11.660820960998535,338928800
2011-12-14,AAPL,11.597537853276787,11.617932232742868,11.327018814785193,11.40229606628418,406887600
2011-12-15,AAPL,11.49646899970639,11.508765210954126,11.345913689460351,11.364808082580566,256200000
2011-12-16,AAPL,11.407391321155485,11.521057154708155,11.383698259085934,11.42718505859375,421478400
2011-12-19,AAPL,11.470675123650548,11.542053842019524,11.410991979147097,11.46287727355957,235530400
2011-12-20,AAPL,11.629325279765455,11.87945147571922,11.614330217241118,11.87495231628418,337215200
2011-12-21,AAPL,11.897143196128727,11.915438546486877,11.75678514428062,11.889945983886719,262948000
2011-12-22,AAPL,11.906444619529562,11.97032660882639,11.879453662187382,11.95293140411377,202358800
2011-12-23,AAPL,11.987117397863521,12.104082714262344,11.981119053302493,12.096284866333008,269399200
2011-12-27,AAPL,12.089389058839858,12.269035101843945,12.08698891979348,12.19225788116455,265076000
2011-12-28,AAPL,12.203052143711629,12.243839282180542,12.036601697593548,12.075590133666992,228662000
2011-12-29,AAPL,12.098389683078056,12.16586989045008,12.011716365609097,12.14997386932373,215978000
2011-12-30,AAPL,12.101683617353364,12.184759495404501,12.101084583692765,12.146370887756348,179662000
2012-01-03,AAPL,12.278332854684177,12.37130480673157,12.266336163769472,12.333215713500977,302220800
2012-01-04,AAPL,12.296327879499,12.436686778810419,12.274734633907324,12.399497032165527,260022000
2012-01-05,AAPL,12.44478681679183,12.552753868770173,12.376406455906098,12.537158966064453,271269600
2012-01-06,AAPL,12.589345197094133,12.678718182605246,12.572850139991205,12.668221473693848,318292800
2012-01-09,AAPL,12.761187683065913,12.828667063276395,12.636724024444833,12.648120880126953,394024400
2012-01-10,AAPL,12.773483922525697,12.776183578418514,12.641223207499065,12.693408012390137,258196400
2012-01-11,AAPL,12.676614665511499,12.681713660411893,12.575545330908962,12.67271614074707,215084800
2012-01-12,AAPL,12.664617386335337,12.683211457425397,12.558748585326562,12.637925148010254,212587200
2012-01-13,AAPL,12.587241089675192,12.609733685033778,12.556049691682375,12.59053897857666,226021600
2012-01-17,AAPL,12.72220200902999,12.775886812275035,12.68501305984986,12.737197875976562,242897200
2012-01-18,AAPL,12.804975276265122,12.880252512599695,12.785181536324002,12.86945629119873,276791200
2012-01-19,AAPL,12.90065001948229,12.937238335399316,12.791482503903909,12.8286714553833,261738400
2012-01-20,AAPL,12.82087123531492,12.821170752193348,12.588740048602716,12.60523509979248,413974400
2012-01-23,AAPL,12.676314310651698,12.849663308012161,12.665217770888944,12.818471908569336,306062400
2012-01-24,AAPL,12.749195155736352,12.749195155736352,12.582744628789232,12.608536720275879,547638000
2012-01-25,AAPL,13.629131635053486,13.629431151977856,13.307927763324432,13.395801544189453,958314000
2012-01-26,AAPL,13.446785332377805,13.459680575769232,13.290232496759266,13.334918975830078,323985200
2012-01-27,AAPL,13.326216503818822,13.450379829174988,13.309122423712221,13.414390563964844,299709200
2012-01-30,AAPL,13.367305972067161,13.612933004350008,13.357709420522063,13.586240768432617,379341200
2012-01-31,AAPL,13.663620143538902,13.743096234090434,13.588042577864485,13.690312385559082,391683600
2012-02-01,AAPL,13.748192845947466,13.76558724625976,13.662418911737152,13.681612014770508,270046000
2012-02-02,AAPL,13.672919349367456,13.71100765292304,13.615336817780962,13.649526596069336,186796400
2012-02-03,AAPL,13.714903677705042,13.795878938369645,13.662718873374923,13.78628158569336,286599600
2012-02-06,AAPL,13.7472962150282,13.945236853150696,13.741898503788109,13.914945602416992,249412800
2012-02-07,AAPL,13.953332431961856,14.088292806557442,13.933237573608926,14.060700416564941,316223600
2012-02-08,AAPL,14.110785305257,14.299428069173374,14.086791922818433,14.296130180358887,407890000
2012-02-09,AAPL,14.418495700003733,14.898052702295477,14.412497353365449,14.790684700012207,884214800
2012-02-10,AAPL,14.724403327270165,14.924142642085588,14.652123658775112,14.79818058013916,631302000
2012-02-13,AAPL,14.981424370703895,15.11038639551407,14.908246157807984,15.073497772216797,517216000
2012-02-14,AAPL,15.135285361060456,15.282240888839189,15.05550973193702,15.279242515563965,460398400
2012-02-15,AAPL,15.42319432221029,15.783985634333334,14.902249570004924,14.925643920898438,1506120000
2012-02-16,AAPL,14.740602757858893,15.142182938666558,14.594545789951528,15.061806678771973,944552000
2012-02-17,AAPL,15.088792667779686,15.228551717340805,15.004517914445195,15.059102058410645,535805200
2012-02-21,AAPL,15.201859537926142,15.440888404846191,15.11908397024813,15.440888404846191,605595200
2012-02-22,AAPL,15.387800163250123,15.460078210270346,15.267535361615579,15.386600494384766,483302400
2012-02-23,AAPL,15.447787836761925,15.53026390112157,15.28043797110079,15.487075805664062,568027600
2012-02-24,AAPL,15.585450463688915,15.682320979154039,15.55456017332416,15.667625427246094,415072000
2012-02-27,AAPL,15.634630954233925,15.850267096095322,15.483776951522241,15.768092155456543,547582000
2012-02-28,AAPL,15.834069594538681,16.05750274658203,15.770788254275159,16.05750274658203,600387200
2012-02-29,AAPL,16.241942326343594,16.42338860659303,16.0661948726286,16.268333435058594,952011200
2012-03-01,AAPL,16.440190636678707,16.44139190763178,16.158274767717586,16.3292236328125,683270000
2012-03-02,AAPL,16.32232775181645,16.399103385747907,16.270741970491493,16.35051918029785,431712400
2012-03-05,AAPL,16.35772409985835,16.41950469404661,15.775296405523958,15.990034103393555,809124400
2012-03-06,AAPL,15.70510792541706,16.005917334294313,15.481974285243377,15.903048515319824,810238800
2012-03-07,AAPL,16.099197811157545,16.128588915818586,15.694318126229648,15.915952682495117,798520800
2012-03-08,AAPL,16.03590718448677,16.284832879488302,15.958830458484842,16.25484275817871,516457200
2012-03-09,AAPL,16.321423854476187,16.427292646715905,16.28843375623174,16.350215911865234,418919200
2012-03-12,AAPL,16.464479504961183,16.5550537109375,16.40509669206313,16.5550537109375,407282400
2012-03-13,AAPL,16.721209569776043,17.04031361487169,16.66752396485148,17.037914276123047,690855200
2012-03-14,AAPL,17.33632126880873,17.836270930215335,17.256843594995686,17.682117462158203,1418844000
2012-03-15,AAPL,17.982927716474318,17.994924407491716,17.351317150504983,17.561553955078125,1159718000
2012-03-16,AAPL,17.53635893633677,17.670718657267503,17.334819354940674,17.561851501464844,825487600
2012-03-19,AAPL,17.945742978603437,18.04771166819624,17.66622643167809,18.027618408203125,901236000
2012-03-20,AAPL,17.979934892193498,18.201567820769796,17.73910725206692,18.173377990722656,816662000
2012-03-21,AAPL,18.076799073272436,18.284037497359723,18.03691207940871,18.06960105895996,644042000
2012-03-22,AAPL,17.928041631453183,18.129582809896917,17.860562255725338,17.974828720092773,623870800
2012-03-23,AAPL,18.009315886532008,18.04860383841682,17.826669915751282,17.876155853271484,430488800
2012-03-26,AAPL,17.988331854660593,18.209067844871292,17.85247448584711,18.203968048095703,595742000
2012-03-27,AAPL,18.179970211490684,18.482879459534153,18.176371204096604,18.428895950317383,607129600
2012-03-28,AAPL,18.54585958604332,18.6379329901062,18.30383234645508,18.523067474365234,655460400
2012-03-29,AAPL,18.377914686938503,18.491281041206726,18.211464964536265,18.290340423583984,608238400
2012-03-30,AAPL,18.257641334655947,18.311325313340458,17.93283860811431,17.981124877929688,731038000
2012-04-02,AAPL,18.04951013038684,18.557558026727847,18.00602252206652,18.553359985351562,598351600
2012-04-03,AAPL,18.813381811947835,18.960640014679853,18.66972582044222,18.873964309692383,834559600
2012-04-04,AAPL,18.724908775709633,18.770195089166723,18.504473953051168,18.723709106445312,572980800
2012-04-05,AAPL,18.80378015100077,19.034111775120454,18.696412186804537,19.00472068786621,641298000
2012-04-09,AAPL,18.778296041512686,19.189473533082204,18.753404101858123,19.081205368041992,597536800
2012-04-10,AAPL,19.192168902435107,19.31423244303904,18.774394105674283,18.847572326660156,889725200
2012-04-11,AAPL,19.080306455904253,19.1003997174095,18.694619945166792,18.7803955078125,696614800
2012-04-12,AAPL,18.7444030195835,18.93424707703906,18.609442629754493,18.677522659301758,614336800
2012-04-13,AAPL,18.717708834675562,18.735404354927624,18.099893642355937,18.151477813720703,859644800
2012-04-16,AAPL,18.296331764701076,18.30292914294081,17.342317876336384,17.398700714111328,1050786800
2012-04-17,AAPL,17.363021834591194,18.294542070428243,17.152184303427727,18.285545349121094,1025528000
2012-04-18,AAPL,18.406100548344188,18.601942912260714,18.07589845742965,18.244749069213867,954531200
2012-04-19,AAPL,18.00122061409613,18.136480489910888,17.530360945986537,17.617935180664062,834719200
2012-04-20,AAPL,17.73610202412589,17.83327362087217,17.107489822302483,17.184267044067383,1030985200
2012-04-23,AAPL,17.11318885643439,17.294934725537395,16.693613787627246,17.145877838134766,966529200
2012-04-24,AAPL,16.873259690345957,17.025614465278785,16.64502784565048,16.803380966186523,1076149200
2012-04-25,AAPL,18.463682903060114,18.53446177302269,18.174569078154153,18.294532775878906,905777600
2012-04-26,AAPL,18.422599718510572,18.435197047447378,18.058508882579304,18.22555923461914,536068400
2012-04-27,AAPL,18.14668373733258,18.17997336022269,18.0096235174542,18.0846004486084,406722400
2012-04-30,AAPL,17.92865050747132,17.946645549834688,17.484782406011053,17.51417350769043,506144800
2012-05-01,AAPL,17.54175617058763,17.897449167910942,17.431689358849773,17.458681106567383,610999200
2012-05-02,AAPL,17.402001569611954,17.6167375386968,17.360613785493804,17.57415008544922,427389200
2012-05-03,AAPL,17.709704168820235,17.736695912828296,17.403795067239212,17.44938087463379,390549600
2012-05-04,AAPL,17.307229038371183,17.34561684466329,16.950035201795774,16.952434539794922,529992400
2012-05-07,AAPL,16.839971522526803,17.17797071830288,16.831873354842042,17.079299926757812,460118400
2012-05-08,AAPL,17.08229863532209,17.139881157507073,16.75689676083673,17.040311813354492,497252000
2012-05-09,AAPL,16.905954960595015,17.214263603300427,16.82048051416964,17.07030487060547,480704000
2012-05-10,AAPL,17.232249067508622,17.27123750584608,17.048105497597305,17.110485076904297,333200000
2012-05-11,AAPL,16.944942599024646,17.2289583220157,16.925448371774085,16.996227264404297,399546000
2012-05-14,AAPL,16.872063182317195,17.020218342238405,16.723007869963247,16.741601943969727,352626400
2012-05-15,AAPL,16.838469891942527,16.891553245274327,16.54755575331778,16.59014320373535,476336000
2012-05-16,AAPL,16.616540902429293,16.701715828789432,16.226356835976727,16.377511978149414,560896000
2012-05-17,AAPL,16.354416897317737,16.420097588791492,15.898853302001953,15.898853302001953,717220000
2012-05-18,AAPL,16.014014701531337,16.297429695731463,15.660720990161872,15.906646728515625,732292400
2012-05-21,AAPL,16.030211795816538,16.841168858462186,16.016714317647118,16.833370208740234,631106000
2012-05-22,AAPL,17.081398575967143,17.211260770596887,16.57245210892832,16.704113006591797,694870400
2012-05-23,AAPL,16.720003874445407,17.17886847938244,16.591943607283092,17.1116886138916,584897600
2012-05-24,AAPL,17.27094156733948,17.289836756821096,16.83187226987266,16.95453643798828,496230000
2012-05-25,AAPL,16.93264097972973,16.970429752765487,16.7490948242585,16.86366081237793,328507200
2012-05-29,AAPL,17.121888639465734,17.214860608594456,16.9542392577908,17.162975311279297,380508800
2012-05-30,AAPL,17.070902352417967,17.39450551959713,16.991725784825896,17.36991310119629,529429600
2012-05-31,AAPL,17.41698883446736,17.439782537720724,17.138673729526463,17.326717376708984,491674400
2012-06-01,AAPL,17.06970376424005,17.174372909209193,16.81058160057866,16.824676513671875,520987600
2012-06-04,AAPL,16.839972795157042,17.019918387252638,16.450089878102578,16.923646926879883,556995600
2012-06-05,AAPL,16.83307442239357,16.98902823106261,16.744901129656423,16.879859924316406,388214400
2012-06-06,AAPL,17.028019621714495,17.210364585273258,16.959939577126985,17.138687133789062,401455600
2012-06-07,AAPL,17.3135309033055,17.314429453992243,17.109891448202987,17.146480560302734,379766800
2012-06-08,AAPL,17.142878423955732,17.412198521550454,17.064901536878942,17.404399871826172,347516400
2012-06-11,AAPL,17.62633850766836,17.64973125964393,17.11379137925769,17.129987716674805,591264800
2012-06-12,AAPL,17.228643345302803,17.293422231133462,16.9959124965279,17.279626846313477,435380400
2012-06-13,AAPL,17.230450647896316,17.34921466735847,17.10628731745752,17.159671783447266,293580000
2012-06-14,AAPL,17.132080388158485,17.199860885076472,17.012717328188284,17.140777587890625,345573200
2012-06-15,AAPL,17.124885516057855,17.233453176757756,17.081397907724455,17.21875762939453,335255200
2012-06-18,AAPL,17.12368979916512,17.631436646786238,17.10599427550778,17.56815528869629,440412000
2012-06-19,AAPL,17.496775792552278,17.6947164160371,17.487779073919192,17.617040634155273,361404400
2012-06-20,AAPL,17.6410304247786,17.67222182212017,17.41879692422679,17.566953659057617,358943200
2012-06-21,AAPL,17.557951121014042,17.64132570287187,17.3180221580418,17.324920654296875,326351200
2012-06-22,AAPL,17.366008576046507,17.46047969242764,17.257440950641087,17.457780838012695,284471600
2012-06-25,AAPL,17.313831307768908,17.388809840574808,17.105993800389893,17.117990493774414,304382400
2012-06-26,AAPL,17.134778156054065,17.229550398320633,17.014814468352835,17.155773162841797,276536400
2012-06-27,AAPL,17.24484773933384,17.297032544473872,17.152476421779713,17.2298526763916,202997200
2012-06-28,AAPL,17.14498188177104,17.21486061710428,16.963235985167998,17.066404342651367,282836400
2012-06-29,AAPL,17.33482332491956,17.5147705078125,17.222357136458765,17.5147705078125,421500800
2012-07-02,AAPL,17.536662721581052,17.798783223135803,17.50277246852947,17.770292282104492,400092000
2012-07-03,AAPL,17.841071686899966,17.994626139188192,17.814680566524945,17.976930618286133,241712800
2012-07-05,AAPL,18.011415489799926,18.424692613372308,17.98412422380419,18.29273223876953,484383200
2012-07-06,AAPL,18.20726815023141,18.247755796970054,18.042018071533747,18.170978546142578,418930400
2012-07-09,AAPL,18.15357852279712,18.411500993927042,18.11788956538074,18.41120147705078,379405600
2012-07-10,AAPL,18.533569431607972,18.59055293280472,18.153882838888173,18.24085807800293,511957600
2012-07-11,AAPL,18.178175030281157,18.224361504008492,17.91125578095,18.127490997314453,469322000
2012-07-12,AAPL,18.00182179383088,18.09869226485048,17.775089152683524,17.961633682250977,428041600
2012-07-13,AAPL,18.083103486038777,18.210263635277304,17.99462907050506,18.14368438720703,311427200
2012-07-16,AAPL,18.148178347087285,18.343118959607157,18.14517837364859,18.201862335205078,301260400
2012-07-17,AAPL,18.318225226012427,18.339519749740724,18.08909326764648,18.202760696411133,293624800
2012-07-18,AAPL,18.19226610191499,18.244750424224467,18.1013923680725,18.182369232177734,252700000
2012-07-19,AAPL,18.332923809920537,18.454987339662416,18.17457068979745,18.424097061157227,436861600
2012-07-20,AAPL,18.385411494939525,18.4276994386421,18.105595429306625,18.12359046936035,397471200
2012-07-23,AAPL,17.82667722670293,18.17157494013462,17.62603774335181,18.109493255615234,487975600
2012-07-24,AAPL,18.215955817829332,18.284935981182702,17.949935236157252,18.022214889526367,565132400
2012-07-25,AAPL,17.228653404063316,17.41879533768501,17.094892710957968,17.243947982788086,877312800
2012-07-26,AAPL,17.38760582290938,17.40680052929252,17.10569158137926,17.24125099182129,406632800
2012-07-27,AAPL,17.245152063414324,17.56965540851168,17.14258273857057,17.549560546875,403936400
2012-07-30,AAPL,17.722308307517224,17.977831446749903,17.629334743031887,17.845571517944336,379142400
2012-07-31,AAPL,18.091496884902835,18.345522433840806,18.07620230384375,18.31732940673828,462327600
2012-08-01,AAPL,18.47178310736928,18.486478653953508,18.08459749935427,18.198863983154297,384501600
2012-08-02,AAPL,18.079799672563297,18.31522792498206,18.00212230002319,18.228254318237305,332158400
2012-08-03,AAPL,18.403404845275002,18.533866070720396,18.34132316406075,18.465486526489258,344920800
2012-08-06,AAPL,18.51317292691289,18.74050627002566,18.45229250888666,18.670927047729492,302103200
2012-08-07,AAPL,18.67752638531662,18.744406758940457,18.535669070182458,18.62174415588379,290446800
2012-08-08,AAPL,18.576153500592167,18.710814377092735,18.507474435441612,18.59025001525879,244706000
2012-08-09,AAPL,18.609518860667404,18.726384758242542,18.608013238246407,18.696264266967773,221642400
2012-08-10,AAPL,18.635431170710746,18.727295088674897,18.635130367813492,18.725488662719727,194938800
2012-08-13,AAPL,18.776385977861842,18.97547721862793,18.772168304346756,18.97547721862793,278832400
2012-08-14,AAPL,19.03179730904187,19.234805377556484,18.981798103044916,19.02637481689453,340169200
2012-08-15,AAPL,19.014639598630595,19.095962548891446,18.907714621382805,19.0004825592041,257342400
2012-08-16,AAPL,19.011928307346935,19.179092678284324,18.990542347708242,19.16644287109375,254534000
2012-08-17,AAPL,19.276680979970475,19.523361864947518,19.240838788185076,19.520952224731445,442761200
2012-08-20,AAPL,19.578175385299918,20.034189224243164,19.57486172870454,20.034189224243164,613384800
2012-08-21,AAPL,20.204969663655913,20.327256470618426,19.587813940748248,19.760400772094727,812719600
2012-08-22,AAPL,19.711007139397616,20.150153590029245,19.52095120089478,20.146238327026367,565322800
2012-08-23,AAPL,20.06310622094464,20.177260098755397,19.913711760952577,19.958290100097656,420128800
2012-08-24,AAPL,19.86431472785656,20.164609255209786,19.74504077342707,19.976058959960938,437340400
2012-08-27,AAPL,20.481167611143118,20.507673648706017,20.286895631862613,20.35135269165039,427008400
2012-08-28,AAPL,20.330270968527696,20.364005931116203,20.20045441856678,20.32485008239746,267416800
2012-08-29,AAPL,20.338403728421714,20.41129293051995,20.258586408709615,20.2847900390625,202806800
2012-08-30,AAPL,20.199559689302973,20.226968150397497,19.964925310668512,19.995647430419922,302699600
2012-08-31,AAPL,20.097437837519962,20.13809929529974,19.796239351744482,20.036897659301758,338321200
2012-09-04,AAPL,20.052564545312027,20.33508758135766,20.014613521664113,20.329967498779297,367892000
2012-09-05,AAPL,20.348041910123985,20.37153509699793,20.168226135533725,20.18720245361328,336375200
2012-09-06,AAPL,20.27575802208563,20.429971800749453,20.204374431225457,20.369129180908203,391196400
2012-09-07,AAPL,20.422741580776094,20.556174222356262,20.354070040930893,20.49472999572754,329666400
2012-09-10,AAPL,20.495024727181217,20.58056372585891,19.942326045614735,19.96160316467285,487998000
2012-09-11,AAPL,20.03298821751727,20.18328509272132,19.77365593385995,19.896846771240234,503983200
2012-09-12,AAPL,20.085398323391615,20.17726385300836,19.758599288853574,20.1739501953125,712233200
2012-09-13,AAPL,20.402251862829175,20.647126247950208,20.323940188037366,20.571224212646484,598360000
2012-09-14,AAPL,20.78147056651203,20.99291089652037,20.719120714622637,20.82122802734375,600474000
2012-09-17,AAPL,21.064293492685866,21.07784731810843,20.921526317091995,21.077245712280273,398031200
2012-09-18,AAPL,21.08025406444627,21.154047282568186,20.976039541885733,21.14139747619629,373503200
2012-09-19,AAPL,21.09170702046523,21.204052905902785,21.07092427025972,21.147127151489258,326874800
2012-09-20,AAPL,21.0585686012875,21.08567785865342,20.891705033756704,21.044713973999023,336568400
2012-09-21,AAPL,21.156452494879908,21.23657059941993,21.064586995044927,21.08657455444336,571589200
2012-09-24,AAPL,20.688087604150635,20.93687724039539,20.571824916801447,20.80645751953125,639766400
2012-09-25,AAPL,20.73026016284568,20.86640321536248,20.270631784886028,20.286897659301758,518789600
2012-09-26,AAPL,20.142319052991063,20.261292193727815,19.91521614976188,20.035093307495117,576503200
2012-09-27,AAPL,20.008285436533985,20.546826992976705,19.889613104729264,20.521224975585938,594090000
2012-09-28,AAPL,20.443821400545055,20.51490417099203,20.08238344839335,20.092926025390625,535110800
2012-10-01,AAPL,20.2152065455164,20.383577284155738,19.773650579699925,19.86069679260254,543594800
2012-10-02,AAPL,19.93358895476649,20.070333598780625,19.5974522498958,19.918529510498047,627992400
2012-10-03,AAPL,20.025459447732693,20.236298137351152,19.95829193427667,20.223947525024414,424281200
2012-10-04,AAPL,20.217921611006915,20.30828150090127,20.046240393921877,20.08388900756836,370725600
2012-10-05,AAPL,20.035708394570957,20.059803198310988,19.616440471770755,19.65589714050293,594006000
2012-10-08,AAPL,19.483901108302977,19.50438304582481,19.159510198980506,19.2215576171875,637994000
2012-10-09,AAPL,19.23601769105048,19.291437802214553,18.781208598935407,19.151681900024414,838597200
2012-10-10,AAPL,19.268846104176124,19.42667429873621,19.186318351371767,19.304086685180664,510356000
2012-10-11,AAPL,19.472456933585118,19.493540477625046,18.918251037597656,18.918251037597656,546081200
2012-10-12,AAPL,18.962223085838122,19.13752033207065,18.833913808256764,18.96674156188965,460014800
2012-10-15,AAPL,19.046260414908097,19.129992982206037,18.790241825009666,19.11884880065918,432502000
2012-10-16,AAPL,19.137212045631223,19.586900772596174,19.00558755460839,19.5715389251709,549771600
2012-10-17,AAPL,19.543840155777236,19.661909287165024,19.39715615002627,19.415529251098633,389037600
2012-10-18,AAPL,19.264325677539365,19.338720479886994,18.975476183220323,19.05499267578125,476624400
2012-10-19,AAPL,19.00710999964303,19.028795154712288,18.361641651276443,18.368268966674805,744086000
2012-10-22,AAPL,18.445975533205097,19.137526171474974,18.39597630431075,19.096864700317383,546730800
2012-10-23,AAPL,19.005595866067047,19.09294449472544,18.42428561100358,18.47428321838379,707145600
2012-10-24,AAPL,18.717659445981607,18.87157080870596,18.392364414122998,18.578805923461914,558527200
2012-10-25,AAPL,18.67428907226989,18.73453009469708,18.239057738808608,18.359235763549805,656325600
2012-10-26,AAPL,18.35591554018548,18.49356421648657,17.80080879205792,18.192365646362305,1018432800
2012-10-31,AAPL,17.917670443697084,18.130918729293025,17.701410912791978,17.930923461914062,510003200
2012-11-01,AAPL,18.01827509292598,18.162247078928292,17.89629067244287,17.967674255371094,361298000
2012-11-02,AAPL,17.948085159447672,17.980012069156427,17.311353390081234,17.373098373413086,599373600
2012-11-05,AAPL,17.57551083463986,17.70351933174157,17.397200703779653,17.608642578125,529135600
2012-11-06,AAPL,17.777619400417937,17.79297965179903,17.47220471312352,17.555334091186523,374917200
2012-11-07,AAPL,17.36289197249016,17.384071811822746,16.815535245745025,16.883615493774414,793648800
2012-11-08,AAPL,16.96319701199487,17.011609936153537,16.196475908696986,16.27090835571289,1056146000
2012-11-09,AAPL,16.35169400751512,16.789215247170016,16.14896895471536,16.552602767944336,929913600
2012-11-12,AAPL,16.76712142410276,16.777712150130434,16.298131951149287,16.42460823059082,515802000
2012-11-13,AAPL,16.306006127041222,16.65608356696785,16.228849248667043,16.426733016967773,532949200
2012-11-14,AAPL,16.505404010374118,16.564406049742907,16.22340519087517,16.244585037231445,477170400
2012-11-15,AAPL,16.264251858255392,16.323858249291064,15.813114843358221,15.903885841369629,789910800
2012-11-16,AAPL,15.891179574380347,16.03641512233964,15.302673266741778,15.966217994689941,1266893600
2012-11-19,AAPL,16.360462457216563,17.17105696315978,16.33534947732325,17.117502212524414,823317600
2012-11-20,AAPL,17.304496723611184,17.305707046369633,16.780136103920814,16.971664428710938,642754000
2012-11-21,AAPL,17.072726095407948,17.167128041629624,16.841255496562038,16.995569229125977,373002000
2012-11-23,AAPL,17.161081340013872,17.30722503156147,17.02280555684913,17.292095184326172,272826400
2012-11-26,AAPL,17.425228639728573,17.851857032225077,17.358964661442773,17.837636947631836,630579600
2012-11-27,AAPL,17.838236043815655,17.864560967660225,17.55230416121022,17.69390869140625,533330000
2012-11-28,AAPL,17.466680339839723,17.72477649339427,17.31509100490598,17.638240814208984,520864400
2012-11-29,AAPL,17.85851367445228,17.980449277483086,17.70813467189924,17.832490921020508,514698800
2012-11-30,AAPL,17.754728167222456,17.803443261648173,17.630370312815245,17.70903968811035,391319600
2012-12-03,AAPL,17.96229730425129,17.99073908984451,17.71569841031122,17.736576080322266,364280000
2012-12-04,AAPL,17.60374286705472,17.60374286705472,17.31115497716844,17.4237117767334,557068400
2012-12-05,AAPL,17.213728029968564,17.224014967785298,16.301769823981495,16.30237579345703,1044638000
2012-12-06,AAPL,16.004333994651848,16.741704818111405,15.69237942175693,16.55804443359375,1177212400
2012-12-07,AAPL,16.74443646484643,16.79889938631055,16.036413638057045,16.134750366210938,787040800
2012-12-10,AAPL,15.885129990939104,16.29390740067603,15.781649770972495,16.03097152709961,630484400
2012-12-11,AAPL,16.332029016957154,16.628249539722994,16.259411245959992,16.381046295166016,592345600
2012-12-12,AAPL,16.574079807090282,16.58103956588825,16.22612095371572,16.30872344970703,487144000
2012-12-13,AAPL,16.07120500939176,16.267576237541935,15.909327171267291,16.027029037475586,625259600
2012-12-14,AAPL,15.574980624580368,15.677250449764198,15.297521065046098,15.424903869628906,1009579200
2012-12-17,AAPL,15.398888137764487,15.733837324173082,15.165906635614242,15.69843578338623,757607200
2012-12-18,AAPL,15.885123950077668,16.184671586185836,15.741400938362192,16.154415130615234,625685200
2012-12-19,AAPL,16.080892124666207,16.14836642429854,15.900255041164428,15.924763679504395,449369200
2012-12-20,AAPL,16.03641446263069,16.042466078206605,15.6999527162033,15.786186218261719,481689600
2012-12-21,AAPL,15.506004191963079,15.72385753471318,15.43852988100917,15.713570594787598,596268400
2012-12-24,AAPL,15.74442850810573,15.862430954271668,15.694805267854996,15.738981246948242,175753200
2012-12-26,AAPL,15.703576290442117,15.717495809103456,15.465149188171162,15.522032737731934,302436400
2012-12-27,AAPL,15.53836977305592,15.620367914010775,15.269684630199079,15.584362030029297,455120400
2012-12-28,AAPL,15.440036168069595,15.56681463956975,15.374376567370275,15.418854713439941,354278400
2012-12-31,AAPL,15.44729786931861,16.19980029953897,15.401005043068555,16.102067947387695,659492400
2013-01-02,AAPL,16.75714074184966,16.792844456906085,16.38830415578678,16.612207412719727,560518000
2013-01-03,AAPL,16.577408707172562,16.631569430916596,16.369238070292027,16.40252113342285,352965200
2013-01-04,AAPL,16.247311567117876,16.297539179423758,15.91024377745442,15.945645332336426,594333600
2013-01-07,AAPL,15.79435334512272,16.015231639157612,15.588603280782644,15.851842880249023,484156400
2013-01-08,AAPL,16.012509576217365,16.09359960597283,15.77166174900915,15.894505500793457,458707200
2013-01-09,AAPL,15.809484060476429,15.885430629501855,15.612508403026432,15.646095275878906,407604400
2013-01-10,AAPL,15.992543730398475,15.997687200647848,15.598290191311948,15.840047836303711,601146000
2013-01-11,AAPL,15.764096905635249,15.894808559294571,15.704186724408652,15.74291706085205,350506800
2013-01-14,AAPL,15.209778612094393,15.355620095424676,15.083606087525547,15.181640625,734207600
2013-01-15,AAPL,15.077250371728322,15.098128034787669,14.625809690106601,14.702664375305176,876772400
2013-01-16,AAPL,14.966512228618802,15.41432206062168,14.901762369464217,15.312958717346191,690804800
2013-01-17,AAPL,15.440644402340768,15.453957955022839,15.1901140109977,15.209779739379883,453678400
2013-01-18,AAPL,15.083905918932949,15.19585834417721,15.019760432111221,15.128687858581543,472922800
2013-01-22,AAPL,15.266665998581484,15.367119580448952,15.026724704329528,15.273019790649414,461546400
2013-01-23,AAPL,15.395262065649943,15.582252973068535,15.27302264590976,15.552600860595703,861509600
2013-01-24,AAPL,13.918395351826854,14.091770475642678,13.62338519748696,13.630950927734375,1460852400
2013-01-25,AAPL,13.666957222266317,13.804324838967359,13.161960872680966,13.309617042541504,1208026400
2013-01-28,AAPL,13.247586940370423,13.712944701034504,13.187979760110109,13.610674858093262,785517600
2013-01-29,AAPL,13.873007619297676,13.92444553053223,13.679965171766458,13.866047859191895,571158000
2013-01-30,AAPL,13.82762080844698,13.997062762954402,13.751978059849383,13.822477340698242,417155200
2013-01-31,AAPL,13.82701886483206,13.896610011760172,13.766504332223718,13.78193473815918,319334400
2013-02-01,AAPL,13.89146450108933,13.902659582941508,13.56589574946556,13.725351333618164,539484400
2013-02-04,AAPL,13.734127372585691,13.795550049540225,13.373762202600899,13.383444786071777,477117200
2013-02-05,AAPL,13.435788346862774,13.910527358317557,13.380417291559446,13.85303783416748,573347600
2013-02-06,AAPL,13.811589670812662,14.115070542197673,13.693887757727353,13.838216781616211,593706400
2013-02-07,AAPL,14.098422253996969,14.303848485417086,13.820561293330318,14.249677658081055,704580800
2013-02-08,AAPL,14.425583181424217,14.571969064775779,14.250588134482424,14.455408096313477,633158400
2013-02-11,AAPL,14.501668048483635,14.758529664871567,14.402759845266196,14.60605525970459,517490400
2013-02-12,AAPL,14.59327576136314,14.680621336380375,14.235071135630019,14.239940643310547,609053200
2013-02-13,AAPL,14.218939361799247,14.414628205391644,14.097508874887964,14.212852478027344,475207600
2013-02-14,AAPL,14.13707425402661,14.3537624624816,14.121857855707123,14.200072288513184,355275200
2013-02-15,AAPL,14.268854215118528,14.308723721423833,13.997081685591017,14.004385948181152,391745200
2013-02-19,AAPL,14.032988197348951,14.08259507636901,13.812343963948667,13.999205589294434,435783600
2013-02-20,AAPL,13.92920809052756,13.92920809052756,13.6586514300971,13.660174369812012,476302400
2013-02-21,AAPL,13.573443633417034,13.669919551155937,13.476664590400643,13.57526969909668,447182400
2013-02-22,AAPL,13.67235062873589,13.743868670950945,13.591700635241683,13.719826698303223,330654800
2013-02-25,AAPL,13.812341950250973,13.85099243388899,13.469049102232537,13.476049423217773,372579200
2013-02-26,AAPL,13.50709349099657,13.742042317091093,13.319622356000512,13.663827896118164,501499600
2013-02-27,AAPL,13.647392269062292,13.769432249001314,13.410619007234693,13.529918670654297,587350400
2013-02-28,AAPL,13.514094153197513,13.630350379805698,13.43344497680664,13.43344497680664,322515200
2013-03-01,AAPL,13.329970369716516,13.335449377973477,13.085892823157115,13.100805282592773,552448400
2013-03-04,AAPL,13.019544396439633,13.031718162354153,12.751728047663832,12.783683776855469,582755600
2013-03-05,AAPL,12.827206595590416,13.244452355840023,12.804989874238201,13.121195793151855,638433600
2013-03-06,AAPL,13.223756695817707,13.246278165903224,12.91698425329467,12.954418182373047,460250000
2013-03-07,AAPL,12.919116409527765,13.147674450518936,12.814424435189869,13.104153633117676,468473600
2013-03-08,AAPL,13.080412040662317,13.251753321353647,13.044195494432467,13.13884449005127,391482000
2013-03-11,AAPL,13.07889177749811,13.360708801875731,12.938591953674427,13.326013565063477,474236000
2013-03-12,AAPL,13.256928517156346,13.356750963878728,13.012545438415174,13.038718223571777,465911600
2013-03-13,AAPL,13.039327747322803,13.223450682556678,12.94528743315654,13.036283493041992,405549200
2013-03-14,AAPL,13.172624534338691,13.227709600615675,13.100192259694586,13.162582397460938,303875600
2013-03-15,AAPL,13.327838424676003,13.519571179008937,13.307143022133543,13.50222396850586,643960800
2013-03-18,AAPL,13.434966220753935,13.922209468866813,13.427358022593896,13.869256019592285,606197200
2013-03-19,AAPL,13.984289684683311,14.029028671456881,13.649519318275106,13.831818580627441,526775200
2013-03-20,AAPL,13.920992645119789,13.927383466068479,13.682695640396657,13.758475303649902,308660800
2013-03-21,AAPL,13.70186793375467,13.938032466778168,13.698215804357252,13.778255462646484,383255600
2013-03-22,AAPL,13.834562959616967,14.063423304015593,13.789825579783631,14.057641983032227,395105200
2013-03-25,AAPL,14.142244268548641,14.302326851298368,14.053682966423928,14.108463287353516,501135600
2013-03-26,AAPL,14.165071285867587,14.17724505378878,14.015642754309397,14.034207344055176,294294000
2013-03-27,AAPL,13.89177560611326,13.902122494760098,13.717390061548933,13.758475303649902,331237200
2013-03-28,AAPL,13.689691006378741,13.75055819027123,13.44013457721832,13.471785545349121,442839600
2013-04-01,AAPL,13.448660321749067,13.503441457443259,13.017719559317044,13.053326606750488,389732000
2013-04-02,AAPL,13.013460249688793,13.334230902270424,12.97693894654697,13.080109596252441,529519200
2013-04-03,AAPL,13.128194868287691,13.30805863630929,13.095935195248563,13.147064208984375,363216000
2013-04-04,AAPL,13.200931455904469,13.238668508328285,12.941939844910772,13.017110824584961,358447600
2013-04-05,AAPL,12.91911596333412,12.932811859181816,12.772425304104988,12.879552841186523,383695200
2013-04-08,AAPL,12.929765174320798,13.01041434351767,12.857942391930123,12.971155166625977,300829200
2013-04-09,AAPL,12.975718423049058,13.040845622441596,12.86585223462535,12.994586944580078,306614000
2013-04-10,AAPL,13.028675457597389,13.30136214082634,12.965068746099238,13.25966739654541,375928000
2013-04-11,AAPL,13.199712531209151,13.329664642562888,13.123019428595931,13.218277931213379,328364400
2013-04-12,AAPL,13.21279506326208,13.21279506326208,13.058801027379554,13.080409049987793,238613200
2013-04-15,AAPL,12.995200159663954,13.02228638766388,12.768469008536803,12.777599334716797,317520000
2013-04-16,AAPL,12.829941965730058,12.98332734698026,12.79950836478889,12.972067832946777,305771200
2013-04-17,AAPL,12.790383752324049,12.800427519634109,12.115972286274905,12.258706092834473,945056000
2013-04-18,AAPL,12.325353889477,12.34970061226208,11.861239153252232,11.931541442871094,666299200
2013-04-19,AAPL,11.807372971997454,12.161317593923284,11.720027396302816,11.885283470153809,609274400
2013-04-22,AAPL,11.949494857484959,12.24044217672024,11.907801740531626,12.133009910583496,429920400
2013-04-23,AAPL,12.294921346805916,12.428525623659622,12.13727428135647,12.360050201416016,664238400
2013-04-24,AAPL,11.976885640176633,12.637600933433102,11.945233849025428,12.339654922485352,969651200
2013-04-25,AAPL,12.515257201755043,12.597732429375919,12.386522479008061,12.428521156311035,384837600
2013-04-26,AAPL,12.47203924124418,12.74472503889406,12.424562376855297,12.696944236755371,764097600
2013-04-29,AAPL,12.795858947187739,13.196671726356957,12.78216386449499,13.090153694152832,640326400
2013-04-30,AAPL,13.241710368820305,13.55061276236946,13.149496126330872,13.475440979003906,691538400
2013-05-01,AAPL,13.526571598446855,13.540875368362073,13.22010473404893,13.369229316711426,506909200
2013-05-02,AAPL,13.445010962874466,13.652264094551015,13.410012596542996,13.558834075927734,421828400
2013-05-03,AAPL,13.735040558536655,13.793474633778361,13.669303849225606,13.694564819335938,361300800
2013-05-06,AAPL,13.868949616086125,14.066465319778137,13.826343058837026,14.021120071411133,496641600
2013-05-07,AAPL,14.150768371180455,14.174506406031867,13.807780179290393,13.958731651306152,483753200
2013-05-08,AAPL,13.970294922411346,14.162941129620059,13.871994597489742,14.116376876831055,472598000
2013-05-09,AAPL,14.086352665219703,14.184078199605011,13.956765835081443,13.993221282958984,398487600
2013-05-10,AAPL,14.029986127945701,14.083291715444599,13.800528814482089,13.876810073852539,334852000
2013-05-13,AAPL,13.832084049317455,14.027842750567837,13.831778099654825,13.931035041809082,316948800
2013-05-14,AAPL,13.903773194426767,13.945130396038921,13.545340841598717,13.59772777557373,447118000
2013-05-15,AAPL,13.45374048605603,13.510108848258637,12.939069345570145,13.137890815734863,741613600
2013-05-16,AAPL,12.966029141776186,13.413608993252184,12.83307273330338,13.313431739807129,603204000
2013-05-17,AAPL,13.450367233059449,13.482227711531896,13.204060628603465,13.272989273071289,427904400
2013-05-20,AAPL,13.23163121824064,13.657153906487794,13.176181538660625,13.569231033325195,451578400
2013-05-21,AAPL,13.422794348742093,13.647349876309619,13.301785569717172,13.469053268432617,456022000
2013-05-22,AAPL,13.603544399011472,13.735276162556284,13.424940989732727,13.520829200744629,443038400
2013-05-23,AAPL,13.35539909882446,13.66818431050827,13.350497360684065,13.54503059387207,353021200
2013-05-24,AAPL,13.505513267531056,13.652868107825928,13.490502101598613,13.63724422454834,276166800
2013-05-28,AAPL,13.782761756054471,13.819829110385504,13.505513292223656,13.523587226867676,386145200
2013-05-29,AAPL,13.47947489353157,13.709239018725556,13.46109337085335,13.631118774414062,330576400
2013-05-30,AAPL,13.652561501850121,13.923683612981336,13.61763743081039,13.834228515625,353519600
2013-05-31,AAPL,13.862413145554381,14.003336513400923,13.770508806477551,13.777555465698242,384302800
2013-06-03,AAPL,13.808188258608606,13.858123495112848,13.555448489365006,13.807882308959961,372352400
2013-06-04,AAPL,13.884468042028967,13.921537028392745,13.705865454421804,13.764684677124023,292728800
2013-06-05,AAPL,13.65255939361628,13.807880355300334,13.593127455705162,13.636016845703125,290589600
2013-06-06,AAPL,13.647046808051828,13.693918454814025,13.297193407365196,13.432293891906738,416934000
2013-06-07,AAPL,13.37224982926139,13.578730661985944,13.257980091892925,13.53492259979248,404535600
2013-06-10,AAPL,13.624377325630835,13.757639668604511,13.381441030686998,13.445467948913574,450153200
2013-06-11,AAPL,13.34896742730822,13.564025485261077,13.274829447924477,13.4059476852417,286112400
2013-06-12,AAPL,13.464156131846845,13.517767672707308,13.21907410101571,13.240212440490723,265227200
2013-06-13,AAPL,13.249704660021768,13.391850937522378,13.134822248456603,13.355701446533203,285832400
2013-06-14,AAPL,13.33855029374289,13.365815804169337,13.127166918579551,13.174652099609375,271866000
2013-06-17,AAPL,13.217233087463708,13.347738582099078,13.184147175893516,13.23438835144043,259414400
2013-06-18,AAPL,13.220912343441638,13.323233687079778,13.179555149254158,13.22734546661377,195025600
2013-06-19,AAPL,13.216012063732716,13.223977390187793,12.958677291870117,12.958677291870117,310940000
2013-06-20,AAPL,12.845324904880753,13.049966762952879,12.718801641761196,12.769962310791016,357310800
2013-06-21,AAPL,12.820512877767149,12.866772638683855,12.502213916978338,12.667643547058105,481118400
2013-06-24,AAPL,12.480765691300777,12.519366062500293,12.194326493752554,12.331878662109375,480746000
2013-06-25,AAPL,12.42868963287892,12.492716561399199,12.218225687690806,12.334639549255371,314162800
2013-06-26,AAPL,12.373543165562623,12.400808677130259,12.121109357430225,12.194940567016602,367724000
2013-06-27,AAPL,12.231090031881985,12.296648330414962,12.056162919743235,12.063514709472656,337246000
2013-06-28,AAPL,11.98938043400557,12.26233909133399,11.913098342252862,12.147764205932617,578516400
2013-07-01,AAPL,12.336472209190278,12.629957193217603,12.291437905609117,12.536519050598145,391053600
2013-07-02,AAPL,12.559191049641795,12.916702975342185,12.544179886047903,12.820508003234863,469865200
2013-07-03,AAPL,12.893120234274642,12.958067477256382,12.788654753992867,12.891282081604004,240928800
2013-07-05,AAPL,12.878717511161813,12.96755906767101,12.724316020012736,12.78773021697998,274024800
2013-07-08,AAPL,12.870137222354577,12.897401911035002,12.580327709353455,12.71512222290039,298138400
2013-07-09,AAPL,12.670703096865152,12.973990772127035,12.572058074102587,12.938760757446289,352584400
2013-07-10,AAPL,12.854512343983028,13.013815543607933,12.813155160102099,12.889129638671875,281405600
2013-07-11,AAPL,12.957145780775672,13.119512633451098,12.902615563613871,13.090102195739746,326292400
2013-07-12,AAPL,13.101128139862553,13.166687256303891,12.971235341606707,13.066204071044922,279563200
2013-07-15,AAPL,13.020249951002047,13.21784593756351,13.013816011154955,13.09469223022461,241917200
2013-07-16,AAPL,13.066512347512608,13.194873784366598,12.994520095483857,13.179250717163086,216538000
2013-07-17,AAPL,13.16393053637103,13.241131282347618,13.118590272884484,13.1826171875,198990400
2013-07-18,AAPL,13.2766697204042,13.322315942017221,13.19181121923781,13.227041244506836,218878800
2013-07-19,AAPL,13.268084849657434,13.295043583085153,13.000027262960577,13.01840877532959,268721600
2013-07-22,AAPL,13.156579565387226,13.165463558580255,13.034345308399308,13.060078620910645,207796400
2013-07-23,AAPL,13.050579924148607,13.079989536549594,12.82724978523958,12.835827827453613,369395600
2013-07-24,AAPL,13.446691407298259,13.620086302357679,13.334260652789542,13.495095252990723,591936800
2013-07-25,AAPL,13.50092032446898,13.522364616723038,13.35111377424357,13.43352222442627,229493600
2013-07-26,AAPL,13.335484642510043,13.511330387567934,13.306075035142202,13.509799003601074,200152400
2013-07-29,AAPL,13.503981311845001,13.785518801728253,13.485600609202066,13.718121528625488,248057600
2013-07-30,AAPL,13.784600208782733,14.004867613381878,13.762236432852658,13.887535095214844,309422400
2013-07-31,AAPL,13.938696172243832,14.01068760518134,13.768364003440343,13.863332748413086,322957600
2013-08-01,AAPL,13.96197490513512,13.994140513799632,13.885692020904047,13.990464210510254,206250800
2013-08-02,AAPL,14.03120900804567,14.179483296703122,13.989851824549767,14.1699857711792,274783600
2013-08-05,AAPL,14.235857013683297,14.419055433449344,14.158044354880968,14.381680488586426,318855600
2013-08-06,AAPL,14.33787197273029,14.456429927558698,14.158655812789506,14.253012657165527,334857600
2013-08-07,AAPL,14.208588123691817,14.306621252281966,14.146398546915833,14.24473762512207,298858000
2013-08-08,AAPL,14.304258210420464,14.311659366865703,14.122007615026748,14.216371536254883,255777200
2013-08-09,AAPL,14.143285204153683,14.19940981579598,13.989407358888327,14.014076232910156,266865200
2013-08-12,AAPL,14.08839629543664,14.451968641499462,14.081303108681254,14.412189483642578,364434000
2013-08-13,AAPL,14.522588664886124,15.254053222388908,14.433466809893828,15.097090721130371,881941200
2013-08-14,AAPL,15.353348210371545,15.54978188468223,15.215196584270297,15.372467041015625,756372400
2013-08-15,AAPL,15.308327954381264,15.492736016264464,15.081979998917314,15.35427474975586,490294000
2013-08-16,AAPL,15.423342789708936,15.509379969263138,15.383563645821793,15.490569114685059,362306000
2013-08-19,AAPL,15.552553989147352,15.842425973748886,15.542069842963459,15.657402038574219,510518400
2013-08-20,AAPL,15.718151128338938,15.744671107653875,15.44400539172322,15.451714515686035,358688400
2013-08-21,AAPL,15.529430548479587,15.639211082173563,15.455728596096968,15.491500854492188,335879600
2013-08-22,AAPL,15.572289596058937,15.591100452406785,15.363211094401763,15.509997367858887,244207600
2013-08-23,AAPL,15.519560016030567,15.522027067964375,15.398677765068305,15.450176239013672,222731600
2013-08-26,AAPL,15.441843655630048,15.73325870209188,15.434134532992394,15.510303497314453,330965600
2013-08-27,AAPL,15.357045906451342,15.496124724540358,14.996248617786144,15.066865921020508,424188800
2013-08-28,AAPL,14.986998755863214,15.289206046551607,14.986998755863214,15.138101577758789,307608000
2013-08-29,AAPL,15.161230682823826,15.310792009692703,15.145194844299786,15.162772178649902,239657600
2013-08-30,AAPL,15.172019406731568,15.201314408463125,15.002413731370408,15.024617195129395,272297200
2013-09-03,AAPL,15.205942062059494,15.43722240186606,15.028627244667595,15.066556930541992,331928800
2013-09-04,AAPL,15.405149334781404,15.487793906047509,15.30400187885198,15.37831974029541,345032800
2013-09-05,AAPL,15.42642819419671,15.43968900741615,15.222591774404078,15.272856712341309,236367600
2013-09-06,AAPL,15.370619598833146,15.399604994959725,15.108809008319826,15.363834381103516,359525600
2013-09-09,AAPL,15.572908537745176,15.662954289798789,15.526036196147441,15.608988761901855,340687200
2013-09-10,AAPL,15.609910099786266,15.648457365552158,15.094925480244486,15.253429412841797,743195600
2013-09-11,AAPL,14.401392782868442,14.6073866576081,14.333550508515822,14.422980308532715,898696400
2013-09-12,AAPL,14.447340585835263,14.660118020077705,14.370554017273944,14.576549530029297,404051200
2013-09-13,AAPL,14.473241795531484,14.55002671090938,14.33015775656128,14.336323738098145,298835600
2013-09-16,AAPL,14.216061896018086,14.234871107817957,13.791121271321309,13.880549430847168,543706800
2013-09-17,AAPL,13.81393740751616,14.176277740702169,13.799752686136015,14.040901184082031,399380800
2013-09-18,AAPL,14.283287664998818,14.381042543636864,14.205577172497263,14.329544067382812,456862000
2013-09-19,AAPL,14.51518335691483,14.673379339117353,14.470468457295013,14.564522743225098,404541200
2013-09-20,AAPL,14.740293947004398,14.75725368956921,14.370244485400162,14.413725852966309,699302800
2013-09-23,AAPL,15.298454290631868,15.323432777209486,14.882148376867532,15.130082130432129,762106800
2013-09-24,AAPL,15.260831410144489,15.279024679752485,15.043119879789705,15.08259105682373,364344400
2013-09-25,AAPL,15.08567661257647,15.099243749731388,14.846069573893676,14.849152565002441,316957200
2013-09-26,AAPL,14.986994660876082,15.065937011673952,14.922235385245552,14.993778228759766,237221600
2013-09-27,AAPL,14.918533250289153,14.945978782451455,14.824171014687384,14.886771202087402,228040400
2013-09-30,AAPL,14.7171699597511,14.853162488811382,14.629591265105413,14.701751708984375,260156400
2013-10-01,AAPL,14.75417307238239,15.083825857034045,14.75201399041703,15.04743766784668,353883600
2013-10-02,AAPL,14.975588645615165,15.165854678750197,14.917614570496847,15.096778869628906,289184000
2013-10-03,AAPL,15.126073428472042,15.182815622804807,14.824793358034723,14.90712833404541,322753200
2013-10-04,AAPL,14.921008787335214,14.94382819987153,14.758804200144514,14.895414352416992,258868400
2013-10-07,AAPL,15.004266059945234,15.19206502038437,14.96695231427148,15.040962219238281,312292400
2013-10-08,AAPL,15.108497310779944,15.130084840331087,14.818626920461307,14.830962181091309,290917200
2013-10-09,AAPL,14.945057695060484,15.04219498050958,14.748932011808613,15.0051908493042,301725200
2013-10-10,AAPL,15.151056988293897,15.183742963374181,15.01907132724265,15.099248886108398,278602800
2013-10-11,AAPL,15.017529418453599,15.228765429261646,14.961096829582697,15.197003364562988,267738800
2013-10-14,AAPL,15.105104609683782,15.344094081001778,15.090302298632505,15.29660415649414,261898000
2013-10-15,AAPL,15.341931490279391,15.480392684618016,15.28056647181647,15.378011703491211,320073600
2013-10-16,AAPL,15.443080364234357,15.49673791100395,15.39497450679782,15.452948570251465,251101200
2013-10-17,AAPL,15.41810047692598,15.566120259923828,15.408849858074884,15.557485580444336,253593200
2013-10-18,AAPL,15.60344195592133,15.704279846339313,15.594807272038505,15.692870140075684,290542000
2013-10-21,AAPL,15.781676205580277,16.16806951184083,15.773967081141908,16.077407836914062,398106800
2013-10-22,AAPL,16.23314488746609,16.296053087144994,15.66635185680761,16.03146743774414,534063600
2013-10-23,AAPL,16.004631093737384,16.21031865291295,16.004631093737384,16.18842315673828,313723200
2013-10-24,AAPL,16.189659101143427,16.42001556552476,16.111024696327522,16.402746200561523,384764800
2013-10-25,AAPL,16.38454869589967,16.443448321225066,16.193049156328822,16.219261169433594,337792000
2013-10-28,AAPL,16.31424487367872,16.374687661917953,16.134462945792627,16.34014892578125,550440800
2013-10-29,AAPL,16.53719979267357,16.629095028592392,15.867101886495504,15.933093070983887,635807200
2013-10-30,AAPL,16.02343727815494,16.26736074974049,15.943567743809183,16.186567306518555,354163600
2013-10-31,AAPL,16.189663210600887,16.266448169252726,16.074638934109796,16.118736267089844,275696400
2013-11-01,AAPL,16.15943543897481,16.183488369258107,15.907185170388585,16.036394119262695,274890000
2013-11-04,AAPL,16.069390004562628,16.245780908143722,15.998772707941054,16.243621826171875,244627600
2013-11-05,AAPL,16.176697603466934,16.3096070707056,16.127974178213154,16.20352554321289,265213200
2013-11-06,AAPL,16.257812966550503,16.279836296904936,16.073259280343834,16.15762710571289,223375600
2013-11-07,AAPL,16.116064906929996,16.22803686180141,15.892738876307911,15.896149635314941,262620400
2013-11-08,AAPL,15.960974944602404,16.164139533634565,15.89924998890457,16.146459579467773,279316800
2013-11-11,AAPL,16.12878281724322,16.180891730228364,15.955705424121602,16.099626541137695,227452400
2013-11-12,AAPL,16.056826114573983,16.250686159783488,16.036045160561272,16.12940788269043,204276800
2013-11-13,AAPL,16.0670592437417,16.198884518092353,16.034800316967328,16.148635864257812,197220800
2013-11-14,AAPL,16.21625197264825,16.4169351502449,16.187095695954632,16.3821964263916,282419200
2013-11-15,AAPL,16.3331903002509,16.411043083772498,16.268364332543037,16.283872604370117,317920400
2013-11-18,AAPL,16.28386791854732,16.352106282765533,16.07325895542881,16.08659553527832,244944000
2013-11-19,AAPL,16.099001919622292,16.233928145147566,16.066123466984845,16.115131378173828,208938800
2013-11-20,AAPL,16.105210737816837,16.142122809349143,15.953225701552006,15.974006652832031,193916800
2013-11-21,AAPL,16.054649675713513,16.16662328685719,15.932751898874205,16.164451599121094,262026800
2013-11-22,AAPL,16.114205376673507,16.196091765696245,16.08349860198222,16.12289047241211,223725600
2013-11-25,AAPL,16.160730277260605,16.31116480096705,16.16011074159577,16.245098114013672,229311600
2013-11-26,AAPL,16.25688695076138,16.62971827609776,16.253166423117953,16.544729232788086,401382800
2013-11-27,AAPL,16.634981044950134,16.935540196306967,16.544719375325943,16.93429946899414,363448400
2013-11-29,AAPL,17.043488932381035,17.31799292478545,16.991689787826108,17.247894287109375,318127600
2013-12-02,AAPL,17.307760437628968,17.504100268404525,17.085055549847993,17.0977725982666,472544800
2013-12-03,AAPL,17.317056820867005,17.56767879872194,17.29782637345686,17.56581687927246,450968000
2013-12-04,AAPL,17.54038772494875,17.6548427948808,17.395225884076677,17.524879455566406,377809600
2013-12-05,AAPL,17.7621635481013,17.83939678492842,17.56861497603288,17.614830017089844,447580000
2013-12-06,AAPL,17.549384101575388,17.579161571610566,17.356456708099813,17.370412826538086,344352400
2013-12-09,AAPL,17.397702283100884,17.666933513805215,17.397702283100884,17.569229125976562,320493600
2013-12-10,AAPL,17.48083120431868,17.614206934504157,17.407008741507365,17.541934967041016,278269600
2013-12-11,AAPL,17.586915178773168,17.71005535030875,17.360178370466343,17.411975860595703,359718800
2013-12-12,AAPL,17.436168567875,17.53542347214336,17.370721423231675,17.386539459228516,262290000
2013-12-13,AAPL,17.458194658948937,17.459125619099645,17.17345503036294,17.1970272064209,332822000
2013-12-16,AAPL,17.215318362651306,17.45167111733674,17.215008594951847,17.292240142822266,282592800
2013-12-17,AAPL,17.239831526825956,17.352424696860997,17.164458541247548,17.214397430419922,229902400
2013-12-18,AAPL,17.05031168218283,17.10459228104647,16.712220811001455,17.083499908447266,565863200
2013-12-19,AAPL,17.044107621743677,17.059615890603418,16.86513636817868,16.887779235839844,320308800
2013-12-20,AAPL,16.91787194134492,17.10956030240877,16.89895125087264,17.029224395751953,436413600
2013-12-23,AAPL,17.61793261769436,17.70230046138319,17.455402226550003,17.68276023864746,501306400
2013-12-24,AAPL,17.676560185350503,17.738285170710427,17.556832399218273,17.607702255249023,167554800
2013-12-26,AAPL,17.621031992785753,17.66445746276453,17.474629435596192,17.490758895874023,204008000
2013-12-27,AAPL,17.48828110956457,17.50658060479643,17.354285801399,17.37258529663086,225884400
2013-12-30,AAPL,17.291008417862848,17.37258337422866,17.131577375616367,17.19981575012207,253629600
2013-12-31,AAPL,17.188964636732443,17.409497849266963,17.18369029981084,17.40143394470215,223084400
2014-01-02,AAPL,17.235802948830436,17.277676285733303,17.122278796420147,17.156707763671875,234684800
2014-01-03,AAPL,17.14833031065933,17.17438394218297,16.762781952557027,16.779842376708984,392467600
2014-01-06,AAPL,16.67034687137878,16.960359115419386,16.55092889570628,16.871339797973633,412610800
2014-01-07,AAPL,16.88343931055025,16.934307497982214,16.684927815914186,16.75068473815918,317209200
2014-01-08,AAPL,16.71253129741604,16.921899567251256,16.708810770368622,16.85676383972168,258529600
2014-01-09,AAPL,16.960361169172852,16.96222308928534,16.605211503303074,16.641502380371094,279148800
2014-01-10,AAPL,16.74416456774013,16.77425179603746,16.47369259384087,16.530454635620117,304976000
2014-01-13,AAPL,16.436471250068163,16.82698068498497,16.43554029036466,16.616992950439453,378492800
2014-01-14,AAPL,16.69422439015162,16.95818291179708,16.67685420791941,16.9476375579834,332561600
2014-01-15,AAPL,17.168796292975056,17.37599283695365,17.111103286629625,17.28790283203125,391638800
2014-01-16,AAPL,17.211598174566554,17.272082395531847,17.111720442830425,17.191436767578125,229278000
2014-01-17,AAPL,17.105515483864185,17.12381496823057,16.746332402969124,16.77021598815918,426739600
2014-01-21,AAPL,16.780147333194233,17.06178588278169,16.762467378367145,17.03076934814453,328526800
2014-01-22,AAPL,17.08783631044446,17.285726515984397,16.991682429957184,17.106447219848633,379985200
2014-01-23,AAPL,17.057752287195843,17.26122663197824,16.898632709095804,17.251300811767578,403239200
2014-01-24,AAPL,17.18368079790476,17.233929430979746,16.89676961751795,16.937713623046875,429354800
2014-01-27,AAPL,17.061786253152377,17.208498573321208,16.92779097750279,17.075122833251953,554878800
2014-01-28,AAPL,15.780456304327238,15.974004878162036,15.572948299884127,15.710357666015625,1065523200
2014-01-29,AAPL,15.631262836674903,15.737342584635638,15.465939575392895,15.53200626373291,502810000
2014-01-30,AAPL,15.58752448099971,15.710354858910902,15.40638321795228,15.50191593170166,678501600
2014-01-31,AAPL,15.359242573477202,15.556203617644,15.308684142269602,15.52735710144043,464797200
2014-02-03,AAPL,15.589698725036982,15.74850857347212,15.4870313965055,15.556199073791504,401464000
2014-02-04,AAPL,15.690194411200308,15.802168026991678,15.594350257166445,15.78138542175293,376681200
2014-02-05,AAPL,15.712219612068724,15.982691684566639,15.702603556134363,15.89925479888916,328344800
2014-02-06,AAPL,15.9154797583384,16.022819390821603,15.845271476529607,15.991927146911621,257765200
2014-02-07,AAPL,16.26870011511132,16.317064860285782,16.1438879770113,16.215654373168945,370280400
2014-02-10,AAPL,16.18382429435596,16.59976302631733,16.163230578637634,16.506153106689453,345559200
2014-02-11,AAPL,16.55670458299209,16.77949435293334,16.52206787524951,16.723642349243164,282256800
2014-02-12,AAPL,16.754533435336036,16.835973444740933,16.63877000562641,16.722393035888672,308100800
2014-02-13,AAPL,16.683079609074813,17.001040812806117,16.668726661297317,16.98793601989746,307398000
2014-02-14,AAPL,16.926769189399284,17.036293482460252,16.887454827493517,16.974197387695312,272924400
2014-02-18,AAPL,17.03692127171813,17.198864757191917,17.02475134709974,17.036609649658203,260251600
2014-02-19,AAPL,16.997915944185458,17.064691382122465,16.673404080077663,16.767637252807617,313768000
2014-02-20,AAPL,16.63097035743962,16.75609579973719,16.50646982578933,16.573556900024414,305858000
2014-02-21,AAPL,16.624725185477416,16.68026722911539,16.36917179333646,16.389453887939453,278784800
2014-02-24,AAPL,16.32392779197937,16.53517252506289,16.301149388977603,16.461219787597656,288909600
2014-02-25,AAPL,16.518326214266146,16.524253699371606,16.256843632633363,16.289918899536133,231952000
2014-02-26,AAPL,16.338282087184183,16.381654209795506,16.088344543950747,16.1429500579834,276217200
2014-02-27,AAPL,16.136396232680525,16.49960085763736,16.10238443938759,16.4649658203125,301882000
2014-02-28,AAPL,16.50896477643951,16.623481726161387,16.291790846890546,16.42034912109375,371968800
2014-03-03,AAPL,16.332354960695902,16.557954350361356,16.313321017257415,16.467777252197266,238781200
2014-03-04,AAPL,16.568871535124092,16.620044199572654,16.468084316206763,16.576358795166016,259140000
2014-03-05,AAPL,16.566379056084564,16.685885285947816,16.510523716645174,16.611310958862305,200062800
2014-03-06,AAPL,16.624729441776175,16.67621541296069,16.478387034426298,16.56107521057129,185488800
2014-03-07,AAPL,16.571679416129278,16.59945043509736,16.41441529359369,16.5513973236084,220729600
2014-03-10,AAPL,16.48649931036912,16.64157878699776,16.48587439978643,16.56637954711914,178584000
2014-03-11,AAPL,16.70773046904745,16.81038745376537,16.618488232425882,16.727699279785156,279224400
2014-03-12,AAPL,16.67839756693588,16.767013215361796,16.600077111468867,16.74392318725586,199326400
2014-03-13,AAPL,16.769820617639287,16.839090692888107,16.511457634898296,16.557950973510742,257742800
2014-03-14,AAPL,16.49991617983439,16.56544347213158,16.319250359316623,16.371984481811523,237199200
2014-03-17,AAPL,16.465906949073737,16.53673682000258,16.408180204323926,16.435951232910156,199544800
2014-03-18,AAPL,16.40973515986056,16.599138018526048,16.38789328978957,16.58135223388672,209647200
2014-03-19,AAPL,16.608193999942408,16.73238124593948,16.506470209201304,16.576990127563477,224756000
2014-03-20,AAPL,16.53423599130008,16.620981895767486,16.45498068025465,16.49710464477539,208398400
2014-03-21,AAPL,16.59789506974377,16.654685282882074,16.42315838794434,16.627225875854492,374046400
2014-03-24,AAPL,16.800400092686278,16.86530246241041,16.695556777637783,16.824426651000977,355700800
2014-03-25,AAPL,16.89650957814062,17.029122274224953,16.836909770710818,17.005407333374023,282293200
2014-03-26,AAPL,17.05314626289096,17.130530181242047,16.814130490789044,16.842836380004883,299768000
2014-03-27,AAPL,16.850325096532217,16.89650681590267,16.69743032684871,16.770444869995117,222031600
2014-03-28,AAPL,16.797275319025537,16.81662087710977,16.670278537559337,16.751718521118164,200564000
2014-03-31,AAPL,16.825677575101768,16.87497885438769,16.722705641701868,16.747982025146484,168669200
2014-04-01,AAPL,16.779810721819565,16.90805739707739,16.74892013567299,16.90119171142578,200760000
2014-04-02,AAPL,16.923959829735267,16.958283237831193,16.857809322002304,16.929264068603516,180420800
2014-04-03,AAPL,16.893071423062114,16.92770645753846,16.776059865333785,16.81194305419922,162344000
2014-04-04,AAPL,16.843771908802566,16.849699392946068,16.555766502686925,16.594457626342773,275251200
2014-04-07,AAPL,16.47588463449278,16.56575008444602,16.28461038947483,16.33390998840332,289850400
2014-04-08,AAPL,16.38758472083509,16.4166039011416,16.185075369256605,16.332979202270508,243888400
2014-04-09,AAPL,16.308016305775794,16.552961253897013,16.288670740813078,16.547657012939453,206169600
2014-04-10,AAPL,16.558891646503348,16.60756968917281,16.32455680557963,16.334230422973633,239652000
2014-04-11,AAPL,16.19442723045398,16.313936731253033,16.136390566608693,16.213462829589844,271717600
2014-04-14,AAPL,16.28492493027031,16.293037102072578,16.138582550785646,16.278060913085938,205674000
2014-04-15,AAPL,16.23406508204077,16.27681229783522,15.955108336774918,16.161985397338867,266490000
2014-04-16,AAPL,16.164790310001845,16.259648383845633,16.042786126098587,16.194746017456055,214765600
2014-04-17,AAPL,16.225636900857925,16.467773874787323,16.200673810835955,16.379779815673828,284334400
2014-04-21,AAPL,16.392263074374505,16.60444436245952,16.3492025727989,16.57417869567871,182548800
2014-04-22,AAPL,16.48493934935819,16.594775309675878,16.428462425458893,16.59071922302246,202563200
2014-04-23,AAPL,16.50833750280508,16.572928246224723,16.364489784468464,16.373851776123047,394940000
2014-04-24,AAPL,17.729937200557252,17.78579085153157,17.49653736299832,17.71620750427246,759911600
2014-04-25,AAPL,17.615109993247465,17.847884937844345,17.59732587749604,17.84632682800293,390275200
2014-04-28,AAPL,17.87316456751323,18.589276980336848,17.86536235189166,18.537479400634766,669485600
2014-04-29,AAPL,18.526558143172814,18.59645313224719,18.39456871443295,18.482561111450195,337377600
2014-04-30,AAPL,18.492240671972514,18.70411039441238,18.403623335965694,18.41267204284668,456640800
2014-05-01,AAPL,18.472261862147533,18.559631003789768,18.296277090889834,18.456037521362305,244048000
2014-05-02,AAPL,18.482878719358627,18.540917086866408,18.400813787513897,18.490365982055664,191514400
2014-05-05,AAPL,18.414233377792463,18.75309994955886,18.409864002230393,18.751850128173828,287067200
2014-05-06,AAPL,18.778054667380136,18.859494666135024,18.54746437072754,18.54746437072754,374564400
2014-05-07,AAPL,18.57367472808779,18.637328944349456,18.339026669613812,18.482561111450195,282864400
2014-05-08,AAPL,18.457769142789207,18.651055144106707,18.39972167533847,18.44961166381836,230297200
2014-05-09,AAPL,18.341369262311947,18.39502465731897,18.209269307791235,18.37274742126465,291597600
2014-05-12,AAPL,18.433927269201583,18.627524997578345,18.43110197906012,18.601482391357422,213208800
2014-05-13,AAPL,18.575437148467376,18.655135127219918,18.5346480714948,18.630661010742188,159737200
2014-05-14,AAPL,18.58892855298652,18.744874157598503,18.567278052652473,18.634111404418945,166404000
2014-05-15,AAPL,18.66016243264835,18.719778413956412,18.451188108244157,18.475662231445312,230846000
2014-05-16,AAPL,18.469692469824807,18.748952072882503,18.368344002129653,18.74832534790039,276256400
2014-05-19,AAPL,18.758995447480576,19.056453572877754,18.742678811326957,18.97047996520996,317755200
2014-05-20,AAPL,18.967969442211036,19.027272043482665,18.849362563932345,18.974245071411133,234836000
2014-05-21,AAPL,18.946634168117697,19.036686523467225,18.89109693889881,19.024450302124023,196859600
2014-05-22,AAPL,19.03355095443866,19.13552785185376,18.95510808951551,19.05457305908203,200760000
2014-05-23,AAPL,19.053944532898942,19.288648056059042,19.029470414979812,19.269821166992188,232209600
2014-05-27,AAPL,19.324732245649173,19.6378786356464,19.316888127238197,19.63066291809082,348866000
2014-05-28,AAPL,19.642903892567578,19.762452575961344,19.57261849668604,19.579835891723633,315481600
2014-05-29,AAPL,19.70032385063328,19.98334894977453,19.697813598179025,19.936595916748047,376474000
2014-05-30,AAPL,20.01817074733195,20.212396857714367,19.733263892052992,19.86191177368164,564020800
2014-06-02,AAPL,19.892033094957874,19.919330822131315,19.532447122718114,19.725418090820312,369350800
2014-06-03,AAPL,19.719470324660666,20.04203116379921,19.71288132882458,20.004377365112305,292709200
2014-06-04,AAPL,20.001232714654048,20.329127297236955,19.95950018938398,20.232797622680664,335482000
2014-06-05,AAPL,20.276095950444656,20.375562589309023,20.163451326708593,20.312179565429688,303805600
2014-06-06,AAPL,20.392193883529888,20.43486816939427,20.221815129859298,20.256328582763672,349938400
2014-06-09,AAPL,20.360811881827143,20.619989498063713,20.15215266081046,20.580453872680664,301660000
2014-06-10,AAPL,20.806692350154314,20.876977739855647,20.551906765152058,20.701263427734375,251108000
2014-06-11,AAPL,20.67490510815704,20.813280669082186,20.52994222973048,20.615602493286133,182724000
2014-06-12,AAPL,20.655138897924243,20.672710664368687,20.185105037818623,20.27076530456543,218996000
2014-06-13,AAPL,20.25098989727332,20.303705179032864,19.961062550537125,20.048919677734375,218100000
2014-06-16,AAPL,20.099445659327774,20.371801348309344,20.08626599604405,20.25099754333496,142244000
2014-06-17,AAPL,20.275154712370327,20.360814967727098,20.16313848658726,20.224637985229492,118904000
2014-06-18,AAPL,20.2663699910368,20.270763770183265,20.064299719428927,20.24660301208496,134056000
2014-06-19,AAPL,20.27076335585536,20.272960245383693,20.06210241979275,20.17631721496582,142112000
2014-06-20,AAPL,20.174115596943185,20.32786598891093,19.96545638552272,19.967653274536133,403592000
2014-06-23,AAPL,20.05770496947963,20.12359823187791,19.89956248031198,19.95008087158203,174776000
2014-06-24,AAPL,19.932516703033333,20.149961870587642,19.809517687161954,19.82928466796875,156144000
2014-06-25,AAPL,19.81391042611951,19.92153456845686,19.6909114063054,19.84685707092285,147476000
2014-06-26,AAPL,19.849053614336793,19.99841028253397,19.723857706857974,19.965463638305664,130516000
2014-06-27,AAPL,19.94788177075713,20.207059337991208,19.9368990029968,20.202667236328125,256116000
2014-06-30,AAPL,20.229026023823952,20.587043523711742,20.226829134817955,20.41132926940918,197929200
2014-07-01,AAPL,20.54092025756836,20.661724034654615,20.455260006811038,20.54092025756836,152892000
2014-07-02,AAPL,20.617795256175896,20.659526096904308,20.44647308761987,20.532135009765625,113860000
2014-07-03,AAPL,20.57386758162833,20.668313717121897,20.47063556425913,20.652938842773438,91567200
2014-07-07,AAPL,20.67710092540701,21.083438352741403,20.668315042967773,21.07904624938965,225872000
2014-07-08,AAPL,21.144945248002138,21.261356974226885,20.62878662329154,20.942874908447266,260888000
2014-07-09,AAPL,20.96263148164839,21.07464768691861,20.813274865552746,20.951648712158203,145744000
2014-07-10,AAPL,20.593633453749725,20.9867928169789,20.540918169614752,20.874774932861328,158744000
2014-07-11,AAPL,20.945062109868488,21.061472106507292,20.83524110538123,20.9143123626709,136072000
2014-07-14,AAPL,21.054879357852343,21.28111031861544,21.008754745285277,21.184467315673828,171240000
2014-07-15,AAPL,21.26134638119697,21.272327475812965,20.87257910075723,20.936275482177734,181911600
2014-07-16,AAPL,21.298685440802164,21.327238298117447,20.80888303352818,20.817668914794922,213585200
2014-07-17,AAPL,20.87258400866579,20.927494521863682,20.332264759886815,20.44647789001465,229192000
2014-07-18,AAPL,20.562885643083,20.808883622573326,20.431099096086832,20.740795135498047,199952000
2014-07-21,AAPL,20.863801902679494,20.865998792811183,20.584857182457412,20.6331787109375,156316000
2014-07-22,AAPL,20.795708974862933,20.841833603418117,20.67270996538244,20.804494857788086,220788000
2014-07-23,AAPL,20.958242323169625,21.498561521623905,20.90333181508603,21.347009658813477,371672000
2014-07-24,AAPL,21.314057927212552,21.37555741345717,21.177879296431378,21.311861038208008,182916000
2014-07-25,AAPL,21.272333834097104,21.489779011019596,21.22620920115815,21.45244026184082,173876000
2014-07-28,AAPL,21.485383102411635,21.797274379856887,21.42608049220161,21.748952865600586,221272000
2014-07-29,AAPL,21.81704412105906,21.84120487939132,21.57983031692543,21.608383178710938,172572000
2014-07-30,AAPL,21.621559618335656,21.678665333396353,21.45243433521412,21.557863235473633,132040000
2014-07-31,AAPL,21.34042258697724,21.404117307440426,20.938477229446555,20.997779846191406,227372000
2014-08-01,AAPL,20.844026605566725,21.22181112221045,20.82425795373813,21.114185333251953,194044000
2014-08-04,AAPL,21.166902862847525,21.213027487685487,20.903331423541847,20.995580673217773,159832000
2014-08-05,AAPL,20.945064770155923,21.015350154925475,20.7254227332841,20.892351150512695,223732000
2014-08-06,AAPL,20.811087430162637,20.97142688858435,20.80230154572648,20.85721206665039,154232000
2014-08-07,AAPL,20.954329409045755,21.179477893046858,20.771119341394648,20.854999542236328,186844000
2014-08-08,AAPL,20.806436221913806,20.9300470135884,20.590115652412535,20.91238784790039,167460000
2014-08-11,AAPL,21.02937389324671,21.20816997337562,20.934457996213244,21.188302993774414,146340000
2014-08-12,AAPL,21.199346462278132,21.38476267660794,21.104430538065216,21.183895111083984,135180000
2014-08-13,AAPL,21.223624047637486,21.464223861694336,21.199343116154775,21.464223861694336,127664000
2014-08-14,AAPL,21.48409342136389,21.537069240013338,21.36710438331386,21.521617889404297,112464000
2014-08-15,AAPL,21.609910032677902,21.673923246122886,21.38034592779372,21.6275691986084,195804000
2014-08-18,AAPL,21.740152785725048,21.934400333897305,21.627579339294176,21.888046264648438,190288000
2014-08-19,AAPL,21.943221431921383,22.223553556757878,21.923354447602556,22.19044303894043,277596000
2014-08-20,AAPL,22.170569652895143,22.31404570432565,22.062408555200697,22.199264526367188,210796000
2014-08-21,AAPL,22.19927114133714,22.280943521960964,22.09773346179093,22.201478958129883,133912000
2014-08-22,AAPL,22.137467980471623,22.39793481399751,22.11539486252623,22.364824295043945,176736000
2014-08-25,AAPL,22.468567114184626,22.552445625971977,22.355992036837087,22.41338348388672,161080000
2014-08-26,AAPL,22.38689027912919,22.404549441486573,22.26327951076835,22.269901275634766,132608000
2014-08-27,AAPL,22.298594235710407,22.640733319691783,22.22795927641964,22.543609619140625,209476000
2014-08-28,AAPL,22.42441521782922,22.687089790309457,22.41779345282055,22.570100784301758,273840000
2014-08-29,AAPL,22.704756398644673,22.713585982908544,22.559070784397274,22.62529182434082,178380000
2014-09-02,AAPL,22.748902377830237,22.899001940471347,22.673853438545176,22.8018798828125,214256000
2014-09-03,AAPL,22.75773241754675,22.77980553636238,21.760012964069407,21.8394775390625,501684000
2014-09-04,AAPL,21.819599634144193,22.093309875442056,21.58562166045974,21.658464431762695,342872000
2014-09-05,AAPL,21.80857728625444,21.938809880748938,21.70041612898444,21.846101760864258,233828000
2014-09-08,AAPL,21.918937742525987,21.921143875117846,21.64301960218236,21.71144676208496,185426800
2014-09-09,AAPL,21.870375584469,22.753313621622492,21.221415588258573,21.62977409362793,759385200
2014-09-10,AAPL,21.634193623032754,22.31847038824517,21.579009985772544,22.294189453125,403478400
2014-09-11,AAPL,22.163952573137482,22.391308845043884,21.98957211117271,22.389101028442383,249412400
2014-09-12,AAPL,22.34054689118429,22.556867523010595,22.31185200172692,22.439878463745117,250504400
2014-09-15,AAPL,22.6937153192181,22.74669281621502,22.39131010652998,22.43324851989746,245266000
2014-09-16,AAPL,22.029297185362367,22.351569256892518,21.82842804208209,22.263275146484375,267632400
2014-09-17,AAPL,22.353783755393,22.470774463811978,22.20368421674014,22.422212600708008,243706000
2014-09-18,AAPL,22.49946768249836,22.592175768445593,22.41779531112356,22.468564987182617,149197600
2014-09-19,AAPL,22.578943494285692,22.59218703200354,22.183828339679447,22.28536605834961,283609600
2014-09-22,AAPL,22.47076926229429,22.545818172213092,22.201472944923854,22.307424545288086,211153600
2014-09-23,AAPL,22.205890382366334,22.722409988529186,22.192646851257482,22.65618896484375,253608800
2014-09-24,AAPL,22.55024931591727,22.702555056713997,22.338342601286946,22.459747314453125,240687200
2014-09-25,AAPL,22.186029622810864,22.230175858248796,21.570180039247415,21.603290557861328,400368000
2014-09-26,AAPL,21.748969473202987,22.23900032043457,21.72027459518395,22.23900032043457,249482000
2014-09-29,AAPL,21.775460352492086,22.170575338443356,21.77104471909,22.097732543945312,199065200
2014-09-30,AAPL,22.252243851201733,22.41338077317458,22.190438462194244,22.23900032043457,221056400
2014-10-01,AAPL,22.203683203787584,22.225758001697383,21.78649512116611,21.89244842529297,205965200
2014-10-02,AAPL,21.912318219359822,22.1220170540427,21.640815663686354,22.051382064819336,191031200
2014-10-03,AAPL,21.949842149705063,22.119806996408172,21.86154800110167,21.989574432373047,173878400
2014-10-06,AAPL,22.062415547205344,22.21693072827898,21.945426516035948,21.989574432373047,148204800
2014-10-07,AAPL,21.947640252562056,22.099947657881312,21.79312671388402,21.79754066467285,168376800
2014-10-08,AAPL,21.799739567447457,22.318465302680558,21.700408032570536,22.250038146972656,229618800
2014-10-09,AAPL,22.41338404749832,22.598800241607844,22.208100870265177,22.298601150512695,309506000
2014-10-10,AAPL,22.225766666649307,22.521550212363813,22.139680310265454,22.234596252441406,265326400
2014-10-13,AAPL,22.367026774777322,22.466356623864687,22.031509399414062,22.031509399414062,214333600
2014-10-14,AAPL,22.159545255922477,22.188240146228036,21.75780837128832,21.79754066467285,254754400
2014-10-15,AAPL,21.62535909327149,21.88582586893387,21.009509640203554,21.53044319152832,403734400
2014-10-16,AAPL,21.09118442140145,21.570177933840558,21.06028172279704,21.247905731201172,288618000
2014-10-17,AAPL,21.521618597131873,21.852720421703133,21.369311218926384,21.55914306640625,272718800
2014-10-20,AAPL,21.702620911039688,22.064625438687692,21.6805477928311,22.020479202270508,310069200
2014-10-21,AAPL,22.740068666246575,22.740068666246575,22.353783270569366,22.61866569519043,378495600
2014-10-22,AAPL,22.700341322476056,22.980675156514167,22.647365499661618,22.73345184326172,273052400
2014-10-23,AAPL,22.974047965660066,23.188160707580995,22.874716426752386,23.139598846435547,284298800
2014-10-24,AAPL,23.216857443874968,23.285284607831407,23.07337966558208,23.22568702697754,188215600
2014-10-27,AAPL,23.14401502979962,23.283078860880728,23.11090451363408,23.201406478881836,136750800
2014-10-28,AAPL,23.26542331112737,23.561206817626953,23.25438590933276,23.561206817626953,192243600
2014-10-29,AAPL,23.541337889876626,23.700267020445676,23.47732467428238,23.69364356994629,210751600
2014-10-30,AAPL,23.60976207074931,23.69584839158094,23.37578403813724,23.614177703857422,162619200
2014-10-31,AAPL,23.84154039771561,23.848162165092177,23.664952075342253,23.839332580566406,178557200
2014-11-03,AAPL,23.887888697508032,24.347016877792527,23.841534652970267,24.14835548400879,209130400
2014-11-04,AAPL,24.13953380729779,24.168228696436643,23.77752923076692,23.97177505493164,166297600
2014-11-05,AAPL,24.082139181304672,24.126287101954624,23.868026397347585,24.029163360595703,149743600
2014-11-06,AAPL,24.075722018715517,24.117843989493117,23.89836964601127,24.097890853881836,139874000
2014-11-07,AAPL,24.108964698496145,24.23532885960576,24.064627049163015,24.16660499572754,134766000
2014-11-10,AAPL,24.168827348076967,24.237552922248717,24.091235594696,24.126707077026367,108782000
2014-11-11,AAPL,24.097886476634837,24.330663432032804,24.031379983216418,24.319578170776367,109769200
2014-11-12,AAPL,24.24863631147734,24.70310495005596,24.246420612378213,24.66320037841797,187769600
2014-11-13,AAPL,24.785130494937672,25.15092041375622,24.740791144123737,25.011255264282227,238091600
2014-11-14,AAPL,25.084411539352338,25.314971067541336,24.654329179906213,25.312753677368164,176254400
2014-11-17,AAPL,25.332703272161158,25.999995590405263,25.117663799452732,25.2706298828125,186986800
2014-11-18,AAPL,25.25954596391983,25.647506333322067,25.248460705387718,25.59873390197754,176896000
2014-11-19,AAPL,25.592084513682273,25.65859099358932,25.228510344463302,25.4213809967041,167476800
2014-11-20,AAPL,25.47459278174911,25.90689089852746,25.461290130282066,25.78495979309082,173582000
2014-11-21,AAPL,26.050990310382176,26.06429127020822,25.722885873228712,25.820430755615234,228717200
2014-11-24,AAPL,25.904673052662968,26.330320681911804,25.853684912284614,26.299283981323242,189803200
2014-11-25,AAPL,26.396825111579084,26.547575503596814,26.03768402405574,26.070938110351562,275361600
2014-11-26,AAPL,26.146314983016484,26.403476429706124,26.121928765049386,26.38130760192871,163073200
2014-11-28,AAPL,26.441161853826337,26.469982850262852,26.170699466668246,26.365787506103516,99257600
2014-12-01,AAPL,26.339187664361035,26.43673254370724,24.66763221293039,25.510061264038086,335256000
2014-12-02,AAPL,25.162010326538493,25.66081669865049,24.995741535834494,25.412521362304688,237395600
2014-12-03,AAPL,25.660811449415824,25.793826116494518,25.518928912348787,25.700716018676758,172253600
2014-12-04,AAPL,25.66524761558152,25.982266817334185,25.558836545710864,25.603174209594727,168178000
2014-12-05,AAPL,25.71401928787413,25.733972419983626,25.414735837219,25.494544982910156,153275600
2014-12-08,AAPL,25.295017455047937,25.416948541643865,24.74522309873361,24.918142318725586,230659600
2014-12-09,AAPL,24.428212779999516,25.339365944634245,24.241990843396902,25.299461364746094,240832000
2014-12-10,AAPL,25.363745270410657,25.46128845697611,24.727489556227916,24.818382263183594,178261200
2014-12-11,AAPL,24.887106527839034,25.228511891355673,24.683148912715097,24.745223999023438,165606800
2014-12-12,AAPL,24.488063076718035,24.800649161294523,24.29297500476759,24.326229095458984,224112400
2014-12-15,AAPL,24.54126945264845,24.740792312298716,23.576910937607764,23.99369239807129,268872400
2014-12-16,AAPL,23.581342342804486,24.421553932170685,23.55695612503971,23.665584564208984,243162800
2014-12-17,AAPL,23.747616762430155,24.350616797404705,23.681108572381294,24.255290985107422,213647200
2014-12-18,AAPL,24.800650617891897,24.973569869995117,24.532403868940314,24.973569869995117,236024800
2014-12-19,AAPL,24.887107708896114,25.104364601479507,24.754093043240715,24.78069496154785,353719200
2014-12-22,AAPL,24.864937828486255,25.159786455953792,24.822815871116678,25.037857055664062,180670000
2014-12-23,AAPL,25.102146476654834,25.124315303559456,24.931442957605782,24.94917869567871,104113600
2014-12-24,AAPL,24.95805596339621,24.986875280087663,24.83169174194336,24.83169174194336,57918400
2014-12-26,AAPL,24.85163281333604,25.388126182847177,24.831681377348115,25.2706298828125,134884000
2014-12-29,AAPL,25.226305087083265,25.44356206052587,25.20635194955347,25.25290870666504,110395600
2014-12-30,AAPL,25.193047076282614,25.25512048763438,24.85385901327219,24.944751739501953,119526000
2014-12-31,AAPL,25.011257574958858,25.079981460852935,24.43264210152434,24.47032928466797,165613600
2015-01-02,AAPL,24.69423503534699,24.70532029541843,23.79860048379208,24.237550735473633,212818400
2015-01-05,AAPL,24.006992134117137,24.0868012739077,23.36852070716593,23.55474090576172,257142000
2015-01-06,AAPL,23.61903255400942,23.816338020280458,23.19560061965636,23.55695915222168,263188400
2015-01-07,AAPL,23.765346507280103,23.98703817877105,23.65450067153463,23.887277603149414,160423600
2015-01-08,AAPL,24.215385184821525,24.862724544218292,24.097887162827078,24.805084228515625,237458000
2015-01-09,AAPL,24.978007407711743,25.106589020102,24.432645941895565,24.83169174194336,214798000
2015-01-12,AAPL,24.962479071089444,24.969129549868345,24.120051828758882,24.219812393188477,198603200
2015-01-13,AAPL,24.70310506385616,25.006823287798543,24.14444274972402,24.434858322143555,268367600
2015-01-14,AAPL,24.173259238412005,24.494711474568152,24.05354553692245,24.341745376586914,195826400
2015-01-15,AAPL,24.386088182573513,24.399389143979025,23.645638680525572,23.681108474731445,240056000
2015-01-16,AAPL,23.72766615981325,23.84959729078428,23.321969878262774,23.497106552124023,314053200
2015-01-20,AAPL,23.907229956551088,24.157742637400762,23.610163917244932,24.102319717407227,199599600
2015-01-21,AAPL,24.153307189951693,24.62107675709558,24.00255678407537,24.28632354736328,194303600
2015-01-22,AAPL,24.443722313126493,24.933660666894788,24.324008616661335,24.918142318725586,215185600
2015-01-23,AAPL,24.89597392403558,25.217426152284684,24.72527039983578,25.046724319458008,185859200
2015-01-26,AAPL,25.21521055439176,25.352660001314483,25.006821530740638,25.073328018188477,222460000
2015-01-27,AAPL,24.922575294176113,24.93587794352709,24.17104072370978,24.19542694091797,382274800
2015-01-28,AAPL,26.077591377548313,26.186221517154262,25.56326675415039,25.56326675415039,585908400
2015-01-29,AAPL,25.78717547085102,26.423431184589887,25.61868932490351,26.359140396118164,337745600
2015-01-30,AAPL,26.248289637404408,26.602995911280225,25.904666930334532,25.973392486572266,334982000
2015-02-02,AAPL,26.17070408947349,26.41899769418198,25.73397119942588,26.299283981323242,250956400
2015-02-03,AAPL,26.27046066624386,26.401257928588027,26.07315523199289,26.303714752197266,207662800
2015-02-04,AAPL,26.27046617349994,26.7160669593945,26.228344209703778,26.50545883178711,280598800
2015-02-05,AAPL,26.712441335234317,26.75918181333036,26.541065808392663,26.694637298583984,168984800
2015-02-06,AAPL,26.71244351282826,26.763634579747894,26.363014006611284,26.469846725463867,174826400
2015-02-09,AAPL,26.385271236110356,26.672380657208517,26.358562632684485,26.645673751831055,155559200
2015-02-10,AAPL,26.745833374892996,27.186516080003994,26.7436089310337,27.157581329345703,248034000
2015-02-11,AAPL,27.32450317740265,27.803021749787224,27.264410937172286,27.794118881225586,294247200
2015-02-12,AAPL,28.056744050182502,28.372789901407252,27.947686895532566,28.145771026611328,297898000
2015-02-13,AAPL,28.328278436550338,28.328278436550338,27.96549546602483,28.28376579284668,217088800
2015-02-17,AAPL,28.375013885390867,28.684383005533768,28.248150997899188,28.450687408447266,252609600
2015-02-18,AAPL,28.406174714937425,28.662126646062973,28.36611265877822,28.648773193359375,179566800
2015-02-19,AAPL,28.59535317833285,28.717765476256087,28.56196954985219,28.58867645263672,149449600
2015-02-20,AAPL,28.626522229090835,28.8223819732666,28.499661001048015,28.8223819732666,195793600
2015-02-23,AAPL,28.938118341303372,29.60136604309082,28.857994207147335,29.60136604309082,283896400
2015-02-24,AAPL,29.588010876682656,29.734905680161766,29.194066956842338,29.41663360595703,276912400
2015-02-25,AAPL,29.280860933730825,29.289765499417644,28.521908023525217,28.664350509643555,298846800
2015-02-26,AAPL,28.664353084202308,29.127292054691086,28.179159489691134,29.027137756347656,365150000
2015-02-27,AAPL,28.93365720347011,29.06052179210405,28.541941220848713,28.590906143188477,248059200
2015-03-02,AAPL,28.76673253365645,28.995975855853946,28.555294946670976,28.731121063232422,192386800
2015-03-03,AAPL,28.7021868109536,28.826823548729973,28.50855158267579,28.79121208190918,151265200
2015-03-04,AAPL,28.733351399992724,28.835730141238916,28.559749711708278,28.60871124267578,126665200
2015-03-05,AAPL,28.617624289678535,28.655460217968553,27.989986316321495,28.134654998779297,226068400
2015-03-06,AAPL,28.577546375748767,28.79343622144085,28.101255747404345,28.17692756652832,291368400
2015-03-09,AAPL,28.479625615655983,28.83795972189352,27.834182052567648,28.297121047973633,354114000
2015-03-10,AAPL,28.13464600287989,28.3149244137179,27.553747014570217,27.711769104003906,275426400
2015-03-11,AAPL,27.76518760312618,27.769638188666633,27.177611824964035,27.206544876098633,275756000
2015-03-12,AAPL,27.222115817155036,27.798564099157097,27.070770486170723,27.698408126831055,193450800
2015-03-13,AAPL,27.687291554453367,27.909858204090373,27.282220320035965,27.50701141357422,207309200
2015-03-16,AAPL,27.57154811064619,27.809694290161133,27.34675708098747,27.809694290161133,143497200
2015-03-17,AAPL,28.021138380542887,28.337182579986006,27.965496724385353,28.274864196777344,204092400
2015-03-18,AAPL,28.26595883797083,28.74670351988461,28.125742488103533,28.59313201904297,261083600
2015-03-19,AAPL,28.655455159206014,28.76673848021264,28.354990532097872,28.377246856689453,183238000
2015-03-20,AAPL,28.544166501534818,28.577550133156368,27.856436521356393,28.021135330200195,274780400
2015-03-23,AAPL,28.292671996341824,28.45514469325615,28.159130653391948,28.312702178955078,150838800
2015-03-24,AAPL,28.31714469021863,28.49742136566921,28.16802380179384,28.196958541870117,131369200
2015-03-25,AAPL,28.163581286923453,28.225899671022653,27.460269927978516,27.460269927978516,206620800
2015-03-26,AAPL,27.32227664922371,27.794116760651217,27.286665177694164,27.651674270629883,190291600
2015-03-27,AAPL,27.725117531379674,27.754050574155617,27.35565790850584,27.43132972717285,158184800
2015-03-30,AAPL,27.60938938493857,28.132420592756837,27.59826037492282,28.125743865966797,188398800
2015-03-31,AAPL,28.06342370286021,28.152450688573246,27.67838440937046,27.6939640045166,168362400
2015-04-01,AAPL,27.780763041005063,27.847533700457387,27.39794821598168,27.653900146484375,162485600
2015-04-02,AAPL,27.8275033605238,27.945463393763433,27.640548220607812,27.892047882080078,128880400
2015-04-06,AAPL,27.70286560032175,28.379468283392196,27.671706411460807,28.343856811523438,148776000
2015-04-07,AAPL,28.408399076017474,28.51523008704785,28.038939423968984,28.045616149902344,140049200
2015-04-08,AAPL,28.010008338067387,28.132420656323127,27.814150326906724,27.95436668395996,149316800
2015-04-09,AAPL,28.010007694885584,28.172482068289785,27.745154582088954,28.16802978515625,129936000
2015-04-10,AAPL,28.032258027219594,28.312692373019342,27.87868825289317,28.288209915161133,160752000
2015-04-13,AAPL,28.570876897035358,28.615392939431228,28.179160855071164,28.232576370239258,145460400
2015-04-14,AAPL,28.265960596322643,28.330505119560385,28.02336379681908,28.110164642333984,102098400
2015-04-15,AAPL,28.13464667828012,28.294893215067187,28.045619692477185,28.216995239257812,115881600
2015-04-16,AAPL,28.105714536739242,28.288219110430457,28.067878616131612,28.08123207092285,113476000
2015-04-17,AAPL,27.94324028801466,28.07455378094966,27.70064178516809,27.765186309814453,207828000
2015-04-20,AAPL,27.947684302886504,28.515228041129834,27.858657334716515,28.399494171142578,188217200
2015-04-21,AAPL,28.510784531304967,28.533039154983896,28.192512508213536,28.245929718017578,129740400
2015-04-22,AAPL,28.26373337851784,28.68215799476166,28.1146141570853,28.626516342163086,150618000
2015-04-23,AAPL,28.555293378323448,29.0271334491883,28.51968190985531,28.86020851135254,183083600
2015-04-24,AAPL,29.04271788366893,29.073877072926983,28.762281784249566,28.9959774017334,178103600
2015-04-27,AAPL,29.447784748543075,29.63029098103793,29.189606691104967,29.523456573486328,387816800
2015-04-28,AAPL,29.926304095966827,29.944106433953536,28.837953646341134,29.058292388916016,475696000
2015-04-29,AAPL,28.969266426527923,29.28753500095291,28.55529245819079,28.630964279174805,253544400
2015-04-30,AAPL,28.630970767541644,28.630970767541644,27.727350805104503,27.85421371459961,332781600
2015-05-01,AAPL,28.065650005792723,28.96259489680037,27.88759773139169,28.69996452331543,234050400
2015-05-04,AAPL,28.822377324431148,29.06052523824225,28.5463934927065,28.644323348999023,203953200
2015-05-05,AAPL,28.52191571428968,28.58868639055813,27.994433824354495,27.998886108398438,197085600
2015-05-06,AAPL,28.168026736668235,28.210314931617717,27.455814336746123,27.823049545288086,288564000
2015-05-07,AAPL,27.885629487903955,28.178410767717377,27.71800728161539,27.99514389038086,175763600
2015-05-08,AAPL,28.31250741348548,28.522594451904297,28.185114608413503,28.522594451904297,222201600
2015-05-11,AAPL,28.471192816243498,28.509186777069623,28.077838860535024,28.232051849365234,168143200
2015-05-12,AAPL,28.071128599009672,28.357203525576022,27.896801797204617,28.131473541259766,192640000
2015-05-13,AAPL,28.19405484436593,28.426491170136035,28.131476161493442,28.162765502929688,138776800
2015-05-14,AAPL,28.475660537464663,28.819843292236328,28.419786470046493,28.819843292236328,180814000
2015-05-15,AAPL,28.846668788302317,28.940536824125893,28.654461835820847,28.779619216918945,152832000
2015-05-18,AAPL,28.692457091736877,29.21543763361359,28.687986210700842,29.09698486328125,203531600
2015-05-19,AAPL,29.208732250086047,29.25119709310559,28.97406045096111,29.070165634155273,178532800
2015-05-20,AAPL,29.054519081816487,29.273544501554046,28.907010704933214,29.067928314208984,145819600
2015-05-21,AAPL,29.070161939434502,29.418815580549495,29.01652160607739,29.365175247192383,158921600
2015-05-22,AAPL,29.412116341293565,29.718305200753246,29.367414350183818,29.62220001220703,182384000
2015-05-26,AAPL,29.635608709733482,29.704892012332163,28.85783918372092,28.969587326049805,282790400
2015-05-27,AAPL,29.130499798748275,29.559612180561338,29.065687388124672,29.51044273376465,183332800
2015-05-28,AAPL,29.470221192301462,29.49033504010866,29.300365238124932,29.452341079711914,122933200
2015-05-29,AAPL,29.329412894978606,29.378582344414525,29.03216246349136,29.11709213256836,203538000
2015-06-01,AAPL,29.11708790320503,29.36516884922169,29.06568472636388,29.175195693969727,128451200
2015-06-02,AAPL,29.023232728495053,29.20203046948954,28.90254621423665,29.045583724975586,134670400
2015-06-03,AAPL,29.2020211390313,29.264599816842107,29.032161804731526,29.081331253051758,123934000
2015-06-04,AAPL,28.96064558494527,29.184141843439722,28.810903500987855,28.911476135253906,153800400
2015-06-05,AAPL,28.942769382577062,28.98523422306932,28.687983749906223,28.752796173095703,142507200
2015-06-08,AAPL,28.808668102346388,28.877954811317277,28.34603259256239,28.562824249267578,210699200
2015-06-09,AAPL,28.31697245172076,28.6253983490458,28.0755978124702,28.477890014648438,224301600
2015-06-10,AAPL,28.58964509387513,28.90700941739929,28.574000421733558,28.804203033447266,156349200
2015-06-11,AAPL,28.871251422772424,29.094747730712573,28.714804689270927,28.739389419555664,141563600
2015-06-12,AAPL,28.649985183816742,28.681274522788435,28.408608821628476,28.42201805114746,147544800
2015-06-15,AAPL,28.182877320017706,28.437662913452513,28.095713917271123,28.36614418029785,175955600
2015-06-16,AAPL,28.39073461904774,28.574001516215095,28.24322794822594,28.51812744140625,125976400
2015-06-17,AAPL,28.544944533893883,28.580703051243066,28.325917433993066,28.45107650756836,131672400
2015-06-18,AAPL,28.435438210107023,28.676812945454838,28.433202769415,28.58070945739746,141628800
2015-06-19,AAPL,28.542709145579792,28.56729387230134,28.24992957025751,28.294628143310547,218867600
2015-06-22,AAPL,28.49354077871593,28.620933592430493,28.401908188920487,28.520360946655273,136157200
2015-06-23,AAPL,28.49130807342398,28.520361977552458,28.357208934021436,28.39073371887207,121075600
2015-06-24,AAPL,28.430959800526097,29.009816016287797,28.410845955048714,28.63210678100586,221123600
2015-06-25,AAPL,28.799728367205564,28.875716277578956,28.495773315429688,28.495773315429688,127752400
2015-06-26,AAPL,28.53376977946825,28.605288521166134,28.274514980241403,28.328153610229492,176267200
2015-06-29,AAPL,28.039848566972665,28.265580331350833,27.82082312462451,27.83199691772461,196645600
2015-06-30,AAPL,28.06442952719678,28.187353170768603,27.90574736331223,28.033140182495117,177482800
2015-07-01,AAPL,28.361677708031362,28.370617763670218,28.158295278815146,28.294628143310547,120955200
2015-07-02,AAPL,28.256639452576774,28.314748972490012,28.10913106475277,28.258874893188477,108844000
2015-07-06,AAPL,27.92362269788282,28.211933071992203,27.9035071482216,28.1605281829834,112241600
2015-07-07,AAPL,28.13594804225212,28.19405755556789,27.66213528971851,28.091249465942383,187787200
2015-07-08,AAPL,27.820814826641314,27.856573341094382,27.387231542337933,27.393936157226562,243046400
2015-07-09,AAPL,27.680017023199202,27.72695104261523,26.64522974527482,26.835201263427734,314380000
2015-07-10,AAPL,27.253135750300856,27.68001273996736,27.08998272269413,27.55261993408203,245418000
2015-07-13,AAPL,27.943743276708435,28.10689633274658,27.78506110173518,28.08454704284668,165762000
2015-07-14,AAPL,28.169471541818215,28.243225723991486,27.945975260183804,28.073368072509766,127072400
2015-07-15,AAPL,28.097954011692185,28.417553776418547,28.06666466732524,28.343799591064453,134596800
2015-07-16,AAPL,28.549412835097545,28.73491685216096,28.462249426872162,28.72150421142578,144889600
2015-07-17,AAPL,28.84890083285898,28.969587326049805,28.676807738793354,28.969587326049805,184658800
2015-07-20,AAPL,29.271307426845436,29.7182999771092,29.21096247768072,29.517154693603516,235600800
2015-07-21,AAPL,29.69148292265571,29.707125889309452,29.12603759259452,29.222139358520508,307025600
2015-07-22,AAPL,27.26431227874709,28.04878474384317,27.26431227874709,27.9862060546875,461802400
2015-07-23,AAPL,28.205230119312716,28.404141673972873,27.950444494126867,27.972795486450195,203998000
2015-07-24,AAPL,28.008551826752115,28.102419848701462,27.691187540080794,27.825284957885742,168649200
2015-07-27,AAPL,27.51015169454383,27.62637069562286,27.29336177145062,27.43863296508789,177822000
2015-07-28,AAPL,27.574970245361328,27.693424705361824,27.38946962999341,27.574970245361328,134472400
2015-07-29,AAPL,27.52356463274417,27.601787982354193,27.326886833563385,27.487804412841797,148046800
2015-07-30,AAPL,27.338065760306236,27.393939832061694,27.201732888811602,27.349241256713867,134513200
2015-07-31,AAPL,27.400640081528273,27.4095801362015,27.022932576145575,27.110095977783203,171540000
2015-08-03,AAPL,27.154797643583862,27.393938591663268,26.26528171125204,26.47089958190918,279904000
2015-08-04,AAPL,26.242937774501584,26.305516471968875,25.310958519060243,25.621618270874023,496554400
2015-08-05,AAPL,25.24391203056388,26.24741186897575,25.053940474241845,25.791479110717773,397250400
2015-08-06,AAPL,26.036182751048223,26.155171669995845,25.6208434576588,25.84759521484375,211612000
2015-08-07,AAPL,25.724113899125694,26.099041656350053,25.706152857222204,25.935150146484375,154681600
2015-08-10,AAPL,26.16191090980499,26.938708204443447,26.16191090980499,26.87809181213379,219806400
2015-08-11,AAPL,26.449276656821382,26.5323452011804,25.443482166755924,25.479402542114258,388331200
2015-08-12,AAPL,25.263879047707533,25.91270687868641,24.612805657653865,25.872295379638672,404870000
2015-08-13,AAPL,26.051898930251593,26.132721917512125,25.71513705428587,25.852087020874023,194143200
2015-08-14,AAPL,25.665748373713377,26.1125187076189,25.59615145841796,26.0339412689209,171718000
2015-08-17,AAPL,26.05189905602863,26.41335694167236,25.93066457455252,26.303348541259766,163538800
2015-08-18,AAPL,26.1394587685389,26.36621226099731,26.045165847545757,26.155174255371094,138242800
2015-08-19,AAPL,26.065372479151712,26.15966540643854,25.746571603357356,25.820659637451172,193146000
2015-08-20,AAPL,25.611865582992174,25.67248197165876,25.06182011566237,25.29081916809082,274006400
2015-08-21,AAPL,24.792411060837015,25.122437995754048,23.719263417269794,23.743959426879883,513102000
2015-08-24,AAPL,21.29906452778893,24.42645956080686,20.654726255156334,23.151254653930664,648825200
2015-08-25,AAPL,24.945079116046035,24.945079116046035,23.236573434688918,23.290454864501953,414406400
2015-08-26,AAPL,24.042550288822852,24.671173096581096,23.58455567823423,24.626272201538086,387098400
2015-08-27,AAPL,25.196523507050735,25.423275263018773,24.700359518356937,25.35143280029297,338464400
2015-08-28,AAPL,25.183052168971024,25.43899105254729,25.04161280052923,25.43450164794922,212657600
2015-08-31,AAPL,25.151623970115825,25.712893814000797,25.144889006046746,25.315515518188477,224917200
2015-09-01,AAPL,24.72954472635448,25.117942421569474,24.103167500105478,24.183990478515625,307383600
2015-09-02,AAPL,24.74750986033989,25.221220016479492,24.500549767224054,25.221220016479492,247555200
2015-09-03,AAPL,25.254895903691754,25.320003407227208,24.704852174762614,24.778940200805664,212935600
2015-09-04,AAPL,24.46462726179692,24.79689800987154,24.36135382859214,24.531978607177734,199985200
2015-09-08,AAPL,25.088757479605587,25.270608327987073,24.767711118511023,25.214481353759766,219374400
2015-09-09,AAPL,25.54001925144335,25.598390072339676,24.644231494805116,24.72954559326172,340043200
2015-09-10,AAPL,24.756488740759696,25.432258091115777,24.67342190271092,25.272857666015625,251571200
2015-09-11,AAPL,25.097739695285533,25.641048431396484,25.091004731981094,25.641048431396484,199662000
2015-09-14,AAPL,26.173137996510956,26.242734914955115,25.786984037027672,25.888011932373047,233453600
2015-09-15,AAPL,26.0272041230639,26.161908537092778,25.688196672684565,26.10578155517578,173364800
2015-09-16,AAPL,26.09904761928949,26.16415512642055,25.917196738831453,26.13496971130371,148694000
2015-09-17,AAPL,25.96658608842649,26.1529263547926,25.531040188275043,25.57594108581543,256450400
2015-09-18,AAPL,25.192035291081687,25.661257767972646,25.11570341502017,25.47042465209961,297141200
2015-09-21,AAPL,25.519818085510373,25.901482625535643,25.517574239285192,25.86556053161621,200888000
2015-09-22,AAPL,25.454704973516744,25.63431197787125,25.261628043336422,25.459196090698242,201384800
2015-09-23,AAPL,25.510835667822036,25.755550204113632,25.436749352118696,25.665746688842773,143026800
2015-09-24,AAPL,25.425520133972167,25.93066291809082,25.227953795035138,25.818408966064453,200878000
2015-09-25,AAPL,26.14170685879038,26.19783384760581,25.598396305283583,25.753307342529297,224607600
2015-09-28,AAPL,25.560226698067176,25.72187267672953,25.243671417236328,25.243671417236328,208436000
2015-09-29,AAPL,25.3312305392274,25.483896002469564,24.215425836056493,24.484834671020508,293461600
2015-09-30,AAPL,24.73403652296381,25.04161298237844,24.410746290912083,24.76322364807129,265892000
2015-10-01,AAPL,24.487083937850628,24.610564005074895,24.091949435592834,24.60158348083496,255716400
2015-10-02,AAPL,24.249104308937568,24.92262816309932,24.1458308568426,24.781187057495117,232079200
2015-10-05,AAPL,24.668929469245697,25.003447501084377,24.48707860336766,24.870986938476562,208258800
2015-10-06,AAPL,24.837309527895236,25.086513445638282,24.64423258779054,24.989974975585938,192787200
2015-10-07,AAPL,25.086514334702994,25.093249298200774,24.563412186347982,24.870986938476562,187062400
2015-10-08,AAPL,24.73852150533008,24.73852150533008,24.29399519131921,24.58361053466797,247918400
2015-10-09,AAPL,24.69587180494445,25.20774960102577,24.581372283339036,25.171829223632812,211064400
2015-10-12,AAPL,25.30877735476283,25.313266759288155,25.019161946386163,25.055082321166992,121868800
2015-10-13,AAPL,24.87997289282698,25.24592026326643,24.84854191440199,25.097745895385742,132197200
2015-10-14,AAPL,24.985490008903326,25.03712587830079,24.597090501001063,24.74302101135254,177849600
2015-10-15,AAPL,24.90466806947253,25.167341971566753,24.8058840189647,25.113460540771484,150694000
2015-10-16,AAPL,25.095498655978954,25.1448906795857,24.81486371535858,24.929363250732422,156930400
2015-10-19,AAPL,24.875478044661843,25.08875988200489,24.72056703284584,25.084270477294922,119036800
2015-10-20,AAPL,24.996714365285325,25.632072275747497,24.87997098478267,25.542268753051758,195871200
2015-10-21,AAPL,25.593903318484763,25.948626249248292,25.526550256187043,25.540021896362305,167180800
2015-10-22,AAPL,25.667988326224382,25.930662155151367,25.616350756153427,25.930662155151367,166616400
2015-10-23,AAPL,26.200075531916905,26.76808205066041,26.117008691554844,26.734405517578125,237467600
2015-10-26,AAPL,26.509900050927037,26.52112442109389,25.80045408256619,25.881277084350586,265335200
2015-10-27,AAPL,25.908213816821572,26.16415270371521,25.591656833481853,25.717382431030273,279537600
2015-10-28,AAPL,26.251709960955072,26.78379432380087,26.0563874628032,26.777057647705078,342205600
2015-10-29,AAPL,26.649094174822856,27.095866248615476,26.552555683479603,27.05994415283203,204909200
2015-10-30,AAPL,27.16321353532255,27.214851112052347,26.817471123126115,26.828697204589844,197461200
2015-11-02,AAPL,27.12055918351682,27.246283078771686,26.85339419324062,27.20587158203125,128813200
2015-11-03,AAPL,27.11830910887912,27.72447974618764,27.098102507443866,27.517932891845703,182076000
2015-11-04,AAPL,27.6436564543748,27.798567449813685,27.30465076667828,27.389963150024414,179544400
2015-11-05,AAPL,27.473392408705557,27.662787229444895,27.096859658670287,27.26370620727539,158210800
2015-11-06,AAPL,27.306541239261836,27.464368796343848,27.19606194930443,27.29526710510254,132169200
2015-11-09,AAPL,27.27271475130978,27.46436294988131,27.067538970779857,27.184782028198242,135485600
2015-11-10,AAPL,26.357318806814234,26.62111704753071,26.167924007192934,26.328006744384766,236511600
2015-11-11,AAPL,26.23781780258919,26.474559127116915,25.976273040035203,26.179195404052734,180872000
2015-11-12,AAPL,26.213021985245653,26.339284053415074,26.075485780907535,26.09126853942871,130102400
2015-11-13,AAPL,25.97401715468327,26.057441268759586,25.313393194562373,25.32917594909668,183249600
2015-11-16,AAPL,25.112729637200466,25.757570936007227,25.02705206022718,25.744043350219727,152426800
2015-11-17,AAPL,25.910889824535648,25.940201887265186,25.550139869410955,25.633563995361328,110467600
2015-11-18,AAPL,26.100288036126702,26.49034838475126,26.04166562320002,26.445255279541016,186698800
2015-11-19,AAPL,26.524165955037567,26.99990555589241,26.325753907173436,26.781200408935547,173183200
2015-11-20,AAPL,26.875898765075483,27.038236688009746,26.796984974813444,26.898447036743164,137148400
2015-11-23,AAPL,26.89167745721936,26.99539467467256,26.4565223707776,26.548965454101562,129930000
2015-11-24,AAPL,26.45427511447142,26.90972168476069,26.40692683638628,26.80375099182129,171212800
2015-11-25,AAPL,26.878152111664146,26.882662453768145,26.587296972850158,26.612098693847656,85553200
2015-11-27,AAPL,26.670723952232372,26.697780847175544,26.515149816644577,26.562498092651367,52185600
2015-11-30,AAPL,26.60307900099607,26.92324619414005,26.54896693857106,26.672975540161133,156721200
2015-12-01,AAPL,26.77443398769232,26.78796157229856,26.348297870682458,26.45652198791504,139409600
2015-12-02,AAPL,26.456525834016308,26.63013788926134,26.17243619483793,26.217529296875,133546400
2015-12-03,AAPL,26.278406365114538,26.332518430543608,25.753063307673987,25.974021911621094,166278000
2015-12-04,AAPL,25.994314909336165,26.887171726276318,25.953730430375632,26.837568283081055,231108000
2015-12-07,AAPL,26.82629778041419,27.024709847148774,26.56249778826831,26.668468475341797,128336800
2015-12-08,AAPL,26.497111568669016,26.74061845965999,26.34830294874675,26.657196044921875,137238000
2015-12-09,AAPL,26.524166372827583,26.53544050807796,25.946966427991917,26.0687198638916,185445600
2015-12-10,AAPL,26.163415792559743,26.366338180957943,26.043917530556215,26.192726135253906,116850800
2015-12-11,AAPL,25.971770677842837,26.016863782851292,25.44417240424712,25.518577575683594,187544800
2015-12-14,AAPL,25.29310501557588,25.40583948226677,24.754234402408738,25.360746383666992,257274800
2015-12-15,AAPL,25.238988808416057,25.432892196896464,24.880492368712538,24.912057876586914,213292400
2015-12-16,AAPL,25.042832416811343,25.250263406565313,24.531018734671886,25.103708267211914,224954000
2015-12-17,AAPL,25.257031702415023,25.30889031919613,24.57160758972168,24.57160758972168,179091200
2015-12-18,AAPL,24.555824854816795,24.693359335575057,23.856869714176426,23.90647315979004,385813200
2015-12-21,AAPL,24.188307011441676,24.20860011004079,23.80275533997306,24.199581146240234,190362400
2015-12-22,AAPL,24.215365594086148,24.287515589338216,24.00116905929387,24.17703628540039,131157600
2015-12-23,AAPL,24.186060324633615,24.542301778859393,24.170277562494096,24.488189697265625,130629600
2015-12-24,AAPL,24.576115587976815,24.576115587976815,24.33937250203435,24.357410430908203,54281600
2015-12-28,AAPL,24.258201230202115,24.2807494992411,23.94029093501106,24.084590911865234,106816800
2015-12-29,AAPL,24.116165356914156,24.673074092704372,24.09361879971534,24.517499923706055,123724800
2015-12-30,AAPL,24.481421866729104,24.508477042970355,24.165764955777536,24.197330474853516,100855200
2015-12-31,AAPL,24.1274331402526,24.131941762427935,23.63365558276081,23.73286247253418,163649200
2016-01-04,AAPL,23.13537213940266,23.757667004887693,22.997835924201404,23.753156661987305,270597600
2016-01-05,AAPL,23.843338950209862,23.865885498795894,23.090273562249713,23.157913208007812,223164000
2016-01-06,AAPL,22.67315593698659,23.081255885975757,22.517583538933,22.704721450805664,273829600
2016-01-07,AAPL,22.249275538132114,22.576204819963493,21.74197041241282,21.746479034423828,324377600
2016-01-08,AAPL,22.21996773378956,22.3462298068249,21.81637807011819,21.86147117614746,283192000
2016-01-11,AAPL,22.314657152634666,22.334948527801405,21.94714174727492,22.215450286865234,198957600
2016-01-12,AAPL,22.670905623308887,22.70247114149596,22.285352170810707,22.537878036499023,196616800
2016-01-13,AAPL,22.61904582365759,22.815204436611236,21.938130326602067,21.95842170715332,249758400
2016-01-14,AAPL,22.086936314819855,22.655118985288468,21.586395011851792,22.43866729736328,252680400
2016-01-15,AAPL,21.690115035537954,22.030573674599744,21.50072191936061,21.89980125427246,319335600
2016-01-19,AAPL,22.18840155832223,22.24251362799293,21.532286047822236,21.79383087158203,212350800
2016-01-20,AAPL,21.4420998747855,22.138799924660283,21.063311915676838,21.823143005371094,289337600
2016-01-21,AAPL,21.884013071057744,22.068897518731085,21.406020056200077,21.712657928466797,208646000
2016-01-22,AAPL,22.238001152410096,22.876078671753593,22.179380465969416,22.8670597076416,263202000
2016-01-25,AAPL,22.88960743259229,22.891862603783906,22.368774699782414,22.42063331604004,207178000
2016-01-26,AAPL,22.53110818860021,22.74530296448651,22.111735879436683,22.544635772705078,300308000
2016-01-27,AAPL,21.654039939872764,21.787065805587815,21.04527269284401,21.063310623168945,533478800
2016-01-28,AAPL,21.146734883413128,21.311326268055467,20.83107798166302,21.214374542236328,222715200
2016-01-29,AAPL,21.37220070584501,21.947145462036133,21.27299382328388,21.947145462036133,257666000
2016-02-01,AAPL,21.750994750743665,21.805106829203144,21.509742989046536,21.741975784301758,163774000
2016-02-02,AAPL,21.51424677193742,21.654038140049035,21.257212306842064,21.30230712890625,149428800
2016-02-03,AAPL,21.41954953789307,21.834411566408754,21.212118523635226,21.72393226623535,183857200
2016-02-04,AAPL,21.73073329436067,22.06397139436163,21.578849803599578,21.89848518371582,185886800
2016-02-05,AAPL,21.880340847960863,21.971018117234923,21.238802929563874,21.313610076904297,185672400
2016-02-08,AAPL,21.111863054884942,21.694462466550164,21.091461568607453,21.53804588317871,216085600
2016-02-09,AAPL,21.374822436180885,21.748865169160446,21.293213049729875,21.533506393432617,177324800
2016-02-10,AAPL,21.74433742555467,21.841815239434162,21.331757272988767,21.37029457092285,169374400
2016-02-11,AAPL,21.26147682031325,21.472300785963785,20.989444948443747,21.241073608398438,200298800
2016-02-12,AAPL,21.352153702933542,21.42242778029908,21.084656651945615,21.306814193725586,161405600
2016-02-16,AAPL,21.54031229523641,21.955159825592,21.447369305376494,21.907554626464844,196231600
2016-02-17,AAPL,21.914354136949324,22.26346064438002,21.796474848627966,22.243059158325195,179452800
2016-02-18,AAPL,22.40627425792121,22.417609568857365,21.78287020599631,21.821409225463867,156084000
2016-02-19,AAPL,21.76247559709902,21.93476234651005,21.7171377980822,21.771543502807617,141496800
2016-02-22,AAPL,21.83273765113201,21.966487024586485,21.744327781189735,21.961952209472656,137123200
2016-02-23,AAPL,21.85314360158173,21.875812491419047,21.43376308625236,21.465499877929688,127770400
2016-02-24,AAPL,21.30455044212464,21.848610765619725,21.154932642495577,21.785137176513672,145022800
2016-02-25,AAPL,21.7738058352963,21.934757232666016,21.59245122245748,21.934757232666016,110330800
2016-02-26,AAPL,22.034496892385544,22.22038456002593,21.893948734855904,21.96875762939453,115964400
2016-02-29,AAPL,21.957423473167232,22.267992648023185,21.90981828219379,21.918886184692383,140865200
2016-03-01,AAPL,22.136509552936793,22.84378861732507,22.08436954854961,22.789382934570312,201628400
2016-03-02,AAPL,22.78485250487163,22.87099499007076,22.587629503793217,22.839258193969727,132678400
2016-03-03,AAPL,22.800724542343627,23.056886360197492,22.77125342017019,23.009281158447266,147822800
2016-03-04,AAPL,23.206502385700045,23.519337285519104,22.979809978128777,23.351585388183594,184220400
2016-03-07,AAPL,23.211034191665604,23.310779398939523,22.886863997551092,23.093154907226562,143315600
2016-03-08,AAPL,22.846065457121927,23.0682248251701,22.759922946402856,22.902738571166992,126247600
2016-03-09,AAPL,22.966209958569895,23.027417884347035,22.730449619425755,22.923139572143555,108806800
2016-03-10,AAPL,22.988876643166282,23.17703001687174,22.703243740751244,22.93446922302246,134054400
2016-03-11,AAPL,23.17703142168694,23.186099325593872,23.009279523223285,23.18156623840332,109632800
2016-03-14,AAPL,23.10222254293723,23.328914935369426,23.0727514250246,23.240503311157227,100304400
2016-03-15,AAPL,23.566939118417665,23.843504092887734,23.54200281878344,23.707489013671875,160270800
2016-03-16,AAPL,23.71428887677972,24.0996652125511,23.709754060862114,24.02259063720703,153214000
2016-03-17,AAPL,23.92057924604393,24.13593804538442,23.793632066323628,23.984054565429688,137682800
2016-03-18,AAPL,24.10647330364413,24.142744924313263,23.845778380570522,24.011262893676758,176820800
2016-03-21,AAPL,24.013520512730413,24.403431628337742,23.83443335011889,24.008987426757812,142010800
2016-03-22,AAPL,23.859377372568666,24.321830120159664,23.85030946816187,24.192615509033203,129777600
2016-03-23,AAPL,24.13820831977842,24.271956010076394,24.00672630829763,24.05886459350586,102814000
2016-03-24,AAPL,23.909244432370954,24.08606420344629,23.777762443280135,23.95458221435547,104532000
2016-03-28,AAPL,24.02939398427441,24.072466092977475,23.8163025785128,23.845773696899414,77645600
2016-03-29,AAPL,23.777769963671854,24.435178387524427,23.77550255499784,24.410242080688477,124760400
2016-03-30,AAPL,24.630130864020177,25.031375671524557,24.618795551630864,24.8364200592041,182404400
2016-03-31,AAPL,24.8726852755449,24.913489968311293,24.682262799459924,24.707199096679688,103553600
2016-04-01,AAPL,24.659591871817966,24.93615679665031,24.5281099027132,24.933889389038086,103496000
2016-04-04,AAPL,25.031373946976785,25.43262045636295,24.99736974167742,25.190059661865234,149424800
2016-04-05,AAPL,24.82508071710366,25.10164567179377,24.80467750544146,24.89308738708496,106314800
2016-04-06,AAPL,24.988297450861126,25.158316706212684,24.75480288737706,25.15378189086914,105616400
2016-04-07,AAPL,24.924827554557172,25.031373254435376,24.50998179586479,24.605192184448242,127207600
2016-04-08,AAPL,24.68907170900758,24.884025594437283,24.521318076912685,24.63239860534668,94326800
2016-04-11,AAPL,24.702667121447277,25.07444245913687,24.67093032892686,24.714000701904297,117630000
2016-04-12,AAPL,24.786540959621277,25.04950491834807,24.63239182046813,25.035903930664062,108929200
2016-04-13,AAPL,25.117514925595028,25.466619648378188,25.117514925595028,25.39861297607422,133029200
2016-04-14,AAPL,25.303408607876353,25.47796101073229,25.237667598364762,25.412220001220703,101895600
2016-04-15,AAPL,25.414480130526364,25.45755223154841,24.87495294670336,24.90215492248535,187756000
2016-04-18,AAPL,24.6845379148746,24.698138906868433,24.24248837981555,24.36490249633789,243286000
2016-04-19,AAPL,24.455573599366666,24.48277730789355,24.081532551894348,24.23568344116211,129539600
2016-04-20,AAPL,24.174477998718213,24.50318129508087,24.04299598836283,24.28555679321289,122444000
2016-04-21,AAPL,24.240215104062983,24.240215104062983,23.920578033367182,24.02259063720703,126210000
2016-04-22,AAPL,23.80496657703028,24.13820464212083,23.716556689907346,23.956850051879883,134732400
2016-04-25,AAPL,23.802701214386417,23.950051615428237,23.69162242631981,23.820837020874023,112126400
2016-04-26,AAPL,23.55560246076426,23.870704682776815,23.55560246076426,23.655345916748047,224064800
2016-04-27,AAPL,21.76247250411283,22.37680875996707,21.689930998280158,22.175052642822266,458408400
2016-04-28,AAPL,22.127442679762147,22.188648859516505,21.36575616767708,21.497238159179688,328970800
2016-04-29,AAPL,21.30681423326988,21.472300415516546,20.971310512135492,21.250141143798828,274126000
2016-05-02,AAPL,21.30228311273725,21.327219412767505,20.946376147199313,21.227474212646484,192640400
2016-05-03,AAPL,21.354420761938123,21.70352722254671,21.236541489426717,21.576580047607422,227325200
2016-05-04,AAPL,21.58111374246276,21.739799445136008,21.268278882746422,21.352155685424805,164102000
2016-05-05,AAPL,21.438819479635022,21.454784488368706,21.13776378633173,21.265483856201172,143562000
2016-05-06,AAPL,21.295132408327834,21.313376887990913,20.948461193900087,21.14688491821289,174799600
2016-05-09,AAPL,21.21075018185487,21.386365304832808,21.117239587761883,21.16285514831543,131745600
2016-05-10,AAPL,21.286019555535972,21.340756501011796,21.007770660945,21.30654525756836,134747200
2016-05-11,AAPL,21.320227820722074,21.340753519887194,21.087592789848767,21.098997116088867,114876400
2016-05-12,AAPL,21.14688829098616,21.160572087929754,20.405652462245044,20.604074478149414,305258800
2016-05-13,AAPL,20.526529383073413,20.907410121790466,20.526529383073413,20.645126342773438,177571200
2016-05-16,AAPL,21.071625589084583,21.527770750428644,20.902852366602875,21.411453247070312,245039200
2016-05-17,AAPL,21.56426793750375,21.59847744007784,21.21303587727575,21.322509765625,187667600
2016-05-18,AAPL,21.475317834318677,21.714793031247805,21.41373725506838,21.566545486450195,168249600
2016-05-19,AAPL,21.58478660949253,21.58478660949253,21.340749043622374,21.484434127807617,121768400
2016-05-20,AAPL,21.584789018049523,21.76496656660928,21.557419681793558,21.717071533203125,128104000
2016-05-23,AAPL,21.865321886590717,22.1663776641088,21.8197063202662,21.9930419921875,152074400
2016-05-24,AAPL,22.173218666356085,22.371640716652795,22.086549963876266,22.32830810546875,140560800
2016-05-25,AAPL,22.50392626821119,22.747963915785718,22.376206150618863,22.720596313476562,152675200
2016-05-26,AAPL,22.73427642676213,22.973753348456786,22.497080718241886,22.90077018737793,225324800
2016-05-27,AAPL,22.679539800682896,22.914454299236763,22.636205450056355,22.8870849609375,145364800
2016-05-31,AAPL,22.71603403239653,22.898492835892128,22.53813765601918,22.775333404541016,169228800
2016-06-01,AAPL,22.583744247393028,22.70234295366386,22.426375363381943,22.456024169921875,116693200
2016-06-02,AAPL,22.259879280568892,22.314616202276127,22.038648641097303,22.287248611450195,160766400
2016-06-03,AAPL,22.303215954834776,22.412689809712322,22.225670379245592,22.33286476135254,114019600
2016-06-06,AAPL,22.348830448630295,23.238313811742945,22.248479701959216,22.494796752929688,93170000
2016-06-07,AAPL,22.63620339100898,22.77760901594213,22.570062134510685,22.586027145385742,89638000
2016-06-08,AAPL,22.58374474225539,22.70690413682509,22.50620090496461,22.565500259399414,83392400
2016-06-09,AAPL,22.46514655863781,22.804974176725523,22.45602344767536,22.72743034362793,106405600
2016-06-10,AAPL,22.47199994241343,22.65901946259169,22.460597352924058,22.540422439575195,126851600
2016-06-13,AAPL,22.508485724761755,22.606557013557584,22.145849381519177,22.200586318969727,152082000
2016-06-14,AAPL,22.19602674506602,22.46059181277351,22.066025424570018,22.227956771850586,127727600
2016-06-15,AAPL,22.310063433680035,22.444627183192612,22.129885856568336,22.15497398376465,117780800
2016-06-16,AAPL,21.997604282253157,22.29409939477904,21.9109373100031,22.248485565185547,125307200
2016-06-17,AAPL,22.03637078578012,22.043212683988724,21.735315084213276,21.742156982421875,244032800
2016-06-20,AAPL,21.894970592333845,22.02497191062359,21.67373988189819,21.68970489501953,137647600
2016-06-21,AAPL,21.653212362356832,21.974793811075436,21.5939130014374,21.87444305419922,142185600
2016-06-22,AAPL,21.951987540053324,22.097953863452847,21.746721854005294,21.79233741760254,116876400
2016-06-23,AAPL,21.88128349311697,21.961108546687086,21.72391285889613,21.917774200439453,128960800
2016-06-24,AAPL,21.190220194610667,21.589347133357002,21.13092084792428,21.30197525024414,301245600
2016-06-27,AAPL,21.210751701755335,21.22215602772485,20.868642803339924,20.991802215576172,181958400
2016-06-28,AAPL,21.187947006729193,21.361282687277768,21.014611326180614,21.34531593322754,161779600
2016-06-29,AAPL,21.43198090475795,21.564263420522675,21.354435321702322,21.530052185058594,146124000
2016-06-30,AAPL,21.539172476208254,21.842507649454237,21.507242457971834,21.803735733032227,143345600
2016-07-01,AAPL,21.778651291589384,22.00216319705296,21.74216058175079,21.86988067626953,104106000
2016-07-05,AAPL,21.755841187698216,21.758122400495783,21.543733638968,21.66461181640625,110820800
2016-07-06,AAPL,21.57566745362745,21.817425591090963,21.523211730443737,21.78777503967285,123796400
2016-07-07,AAPL,21.82654603962435,22.00900480658205,21.808301554973188,21.881284713745117,100558400
2016-07-08,AAPL,22.006724015372395,22.09795340060021,21.906373257672016,22.050058364868164,115648400
2016-07-11,AAPL,22.066017512244752,22.27128313943949,22.06145682722057,22.11847496032715,95179600
2016-07-12,AAPL,22.161813866654306,22.28269206483961,22.15041128082042,22.21883201599121,96670000
2016-07-13,AAPL,22.216548902301064,22.27584651505433,22.08654587266252,22.0933895111084,103568800
2016-07-14,AAPL,22.211988099024797,22.5769038736255,22.196023088262756,22.53129005432129,155676000
2016-07-15,AAPL,22.560942707018345,22.64761141454175,22.465152626124446,22.52901268005371,120548000
2016-07-18,AAPL,22.510766666065777,22.836910578907997,22.48795975231194,22.768489837646484,145975600
2016-07-19,AAPL,22.70689948512986,22.807251950529867,22.656723252429856,22.777603149414062,95119600
2016-07-20,AAPL,22.807260777912795,22.91217396868449,22.74796141267457,22.798137664794922,105104000
2016-07-21,AAPL,22.768483091183953,23.03532755715351,22.608831262101095,22.67725372314453,130808000
2016-07-22,AAPL,22.63848351216135,22.647606623657907,22.42181352924326,22.50164031982422,113254800
2016-07-25,AAPL,22.408133222722523,22.54269522313343,22.104796243417297,22.200586318969727,161531600
2016-07-26,AAPL,22.081990323216484,22.344274176203317,21.990760929996377,22.047779083251953,224959200
2016-07-27,AAPL,23.78113162886701,23.799377856316067,23.434462007615018,23.48007583618164,369379200
2016-07-28,AAPL,23.452709730030534,23.822186289117703,23.450428516439985,23.79709815979004,159479200
2016-07-29,AAPL,23.76288392437889,23.844990196727817,23.646566415208607,23.767444610595703,110934800
2016-08-01,AAPL,23.813062417100653,24.209908277480622,23.813062417100653,24.187101364135742,152671600
2016-08-02,AAPL,24.18709723374647,24.191657919614244,23.719547759767256,23.829023361206055,135266400
2016-08-03,AAPL,23.904289969174723,24.139204481737742,23.895166855864243,24.1278018951416,120810400
2016-08-04,AAPL,24.21034447983324,24.30665344151839,24.141551364640076,24.276844024658203,109634800
2016-08-05,AAPL,24.368564255126966,24.68501046498388,24.347927371604893,24.646028518676758,162213600
2016-08-08,AAPL,24.65520346630543,24.850116729736328,24.572654168788226,24.850116729736328,112148800
2016-08-09,AAPL,24.81801999229191,24.98082855670486,24.76757192313929,24.951017379760742,105260800
2016-08-10,AAPL,24.92808258396905,24.97165168148004,24.710240595377936,24.765274047851562,96034000
2016-08-11,AAPL,24.884518486125387,24.978535662910765,24.730882452799403,24.74922752380371,109938000
2016-08-12,AAPL,24.714831187900618,24.86617540090095,24.714831187900618,24.806554794311523,74641600
2016-08-15,AAPL,24.797374862680876,25.118406514627303,24.783616938141463,25.10464859008789,103472800
2016-08-16,AAPL,25.13904929117566,25.276635566731418,25.042740297872363,25.081722259521484,135177600
2016-08-17,AAPL,25.017512992462944,25.079427158262995,24.843238349169017,25.04503059387207,101424000
2016-08-18,AAPL,25.047328393929245,25.132171284339698,24.999172145961616,25.01293182373047,87938800
2016-08-19,AAPL,24.941844288290355,25.1528090954496,24.847828865633428,25.077136993408203,101472400
2016-08-22,AAPL,24.962486357163396,25.017519825531075,24.730884626454223,24.88222885131836,103280800
2016-08-23,AAPL,24.90056540957308,25.06796109012888,24.886807483589457,24.960186004638672,85030800
2016-08-24,AAPL,24.895976604998776,24.937252126774084,24.691892566632447,24.77215003967285,94700400
2016-08-25,AAPL,24.62539812993419,24.737758615516846,24.46258957954404,24.66667366027832,100344800
2016-08-26,AAPL,24.6299804246648,24.753805241846084,24.377740150268842,24.522205352783203,111065200
2016-08-29,AAPL,24.44882711972555,24.636859667657816,24.37315503654407,24.494688034057617,99881200
2016-08-30,AAPL,24.26079877620653,24.421313753667867,24.19200564330479,24.306659698486328,99455600
2016-08-31,AAPL,24.228691667270184,24.437361102542916,24.224104526131764,24.329586029052734,118649600
2016-09-01,AAPL,24.338763544324756,24.490107742203424,24.219524092542073,24.474056243896484,106806000
2016-09-02,AAPL,24.69648461254312,24.765277750531908,24.494694090315328,24.703365325927734,107210000
2016-09-06,AAPL,24.742342463574488,24.834066046515076,24.652912451314922,24.69647979736328,107521600
2016-09-07,AAPL,24.726294888240826,24.939551508860745,24.552020227969834,24.847827911376953,169457200
2016-09-08,AAPL,24.593292275628226,24.597877667585927,24.132382531936354,24.19658851623535,212008000
2016-09-09,AAPL,23.994803911543716,24.242457125529008,23.648548126220703,23.648548126220703,186228000
2016-09-12,AAPL,23.53847762093643,24.242453442063752,23.510960018180622,24.178247451782227,181171200
2016-09-13,AAPL,24.652914599726156,24.946428691129242,24.59100043231589,24.753808975219727,248704800
2016-09-14,AAPL,24.932669499908865,25.918693241349946,24.902858328415586,25.629764556884766,443554800
2016-09-15,AAPL,26.1090163844229,26.537823095187903,26.024171770677892,26.50113296508789,359934400
2016-09-16,AAPL,26.39795542359229,26.629555400428806,26.150302196408656,26.352092742919922,319547600
2016-09-19,AAPL,26.414003187971904,26.64101773936924,25.969144870532038,26.044816970825195,188092000
2016-09-20,AAPL,25.923279183711042,26.168638759709587,25.79945261038255,26.042518615722656,138057200
2016-09-21,AAPL,26.106726636746156,26.138829630543682,25.783403127933372,26.037935256958008,144012800
2016-09-22,AAPL,26.221390026183634,26.35668276207887,26.14113251310133,26.28330421447754,124296000
2016-09-23,AAPL,26.237428704632574,26.322273319554085,25.5793156695435,25.845312118530273,209924800
2016-09-26,AAPL,25.599962422747524,26.00125169616866,25.579325528437412,25.88430404663086,119477600
2016-09-27,AAPL,25.911818171330747,25.953093703883834,25.760473968808707,25.93245506286621,98429600
2016-09-28,AAPL,26.070040800957965,26.287882815819597,26.010420199723853,26.12965965270996,118564400
2016-09-29,AAPL,25.948504283486425,26.095261321010998,25.63664514137623,25.72378158569336,143548000
2016-09-30,AAPL,25.78799372298959,25.99666497425598,25.636651257335966,25.92328643798828,145516400
2016-10-03,AAPL,25.845313556210655,25.923279213350398,25.746711011566813,25.80174446105957,86807200
2016-10-04,AAPL,25.925575478019944,26.212210627916615,25.826972916476205,25.91181755065918,118947200
2016-10-05,AAPL,26.00354393867447,26.063164546105195,25.84073536600183,25.92328643798828,85812400
2016-10-06,AAPL,26.072330939719812,26.219087987529836,25.941625389342697,26.11590003967285,115117200
2016-10-07,AAPL,26.212203723864302,26.26953073874423,26.028758325937524,26.154876708984375,97433600
2016-10-10,AAPL,26.375015348597262,26.771719108151746,26.30622397231254,26.611204147338867,144944000
2016-10-11,AAPL,26.98956134246819,27.216577609927242,26.645599209389246,26.66853141784668,256164000
2016-10-12,AAPL,26.90929888037617,27.053764069197086,26.77171440250799,26.907005310058594,150347200
2016-10-13,AAPL,26.780897599345405,26.929948238676864,26.535537962100907,26.824466705322266,140769600
2016-10-14,AAPL,27.030837766271492,27.097337324146757,26.85885669401951,26.9735107421875,142608800
2016-10-17,AAPL,26.904723516184454,27.021669403741424,26.778603343938066,26.955171585083008,94499600
2016-10-18,AAPL,27.099637189558475,27.106516154129263,26.932241470579164,26.93682861328125,98214000
2016-10-19,AAPL,26.886376808308796,27.00332443822551,26.09526450180172,26.8565673828125,80138400
2016-10-20,AAPL,26.79694874999575,26.9161882102186,26.675415718571816,26.842809677124023,96503200
2016-10-21,AAPL,26.78548398377115,26.808416197965002,26.663950946265917,26.737329483032227,92770800
2016-10-24,AAPL,26.85197586429112,26.998732895785007,26.82904540614804,26.97809600830078,94154800
2016-10-25,AAPL,27.04688757019222,27.140904723556837,26.900130537681154,27.115680694580078,192516000
2016-10-26,AAPL,26.21221739330833,26.53095562230142,25.982909214206387,26.5057315826416,264536800
2016-10-27,AAPL,26.459859631934027,26.56763471116466,26.164051994093082,26.251190185546875,138248000
2016-10-28,AAPL,26.11131612338815,26.41858816289721,26.015005383864285,26.076919555664062,151446800
2016-10-31,AAPL,26.060862837183773,26.193861939352637,25.957673154681,26.0356388092041,105677600
2016-11-01,AAPL,26.017296620732647,26.088381571364735,25.345423822797574,25.56555938720703,175303200
2016-11-02,AAPL,25.544922183981285,25.762764174874157,25.50594022762899,25.588489532470703,113326800
2016-11-03,AAPL,25.579273297456805,25.689905316964364,25.249679068630783,25.3142147064209,107730400
2016-11-04,AAPL,25.01458865398338,25.411023957624476,24.917785175223948,25.08603858947754,123348000
2016-11-07,AAPL,25.371832540806956,25.47094133035948,25.228930963776985,25.447893142700195,130240000
2016-11-08,AAPL,25.424849383254987,25.749834711261425,25.284253118318585,25.597713470458984,97016800
2016-11-09,AAPL,25.325741274327616,25.6576408937037,24.90395422624573,25.55622673034668,236705600
2016-11-10,AAPL,25.604627486259076,25.604627486259076,24.39227530004007,24.844026565551758,228538000
2016-11-11,AAPL,24.689601721187557,25.092951253527417,24.558225086706866,24.99153709411621,136575600
2016-11-14,AAPL,24.82558534465877,24.84863353586414,23.988923870500464,24.364614486694336,204702000
2016-11-15,AAPL,24.562831665862596,24.818670628226734,24.468333556037273,24.687294006347656,129058000
2016-11-16,AAPL,24.592792275878757,25.406407241431,24.569744086822503,25.351089477539062,235362000
2016-11-17,AAPL,25.309601538507994,25.4340638671328,25.08372682832763,25.341869354248047,110528000
2016-11-18,AAPL,25.28886334695961,25.477861341821512,25.275034782946232,25.36722755432129,113715600
2016-11-21,AAPL,25.381048931489907,25.81205543700379,25.35569540075806,25.75213050842285,117058400
2016-11-22,AAPL,25.802841898558523,25.91117032661144,25.676075973457767,25.76827049255371,103862000
2016-11-23,AAPL,25.666858607421993,25.701431774937525,25.429458886794006,25.63689613342285,109705600
2016-11-25,AAPL,25.61384329154509,25.78440376311213,25.572355846902315,25.76596450805664,45903600
2016-11-28,AAPL,25.682993637186865,25.922698715020527,25.673774008216597,25.715261459350586,108776000
2016-11-29,AAPL,25.533175007853924,25.821281788062535,25.369530567711138,25.689905166625977,114115200
2016-11-30,AAPL,25.722176052588267,25.86046697188614,25.41562997986062,25.473251342773438,144649200
2016-12-01,AAPL,25.438677685452912,25.570054310954436,25.12982629311161,25.235849380493164,148347600
2016-12-02,AAPL,25.162088147775165,25.37413427226964,25.088332897583005,25.33034324645996,106112000
2016-12-05,AAPL,25.35339388834527,25.36030816896057,24.950044440121594,25.14826202392578,137298000
2016-12-06,AAPL,25.238151626292748,25.436369213532537,25.166701714077497,25.341869354248047,104782000
2016-12-07,AAPL,25.182840857302892,25.627677847871382,25.159792663906146,25.59079933166504,119994800
2016-12-08,AAPL,25.551613637138335,25.913475673866735,25.49168693595472,25.842025756835938,108273200
2016-12-09,AAPL,25.88582270873964,26.436682844251248,25.88582270873964,26.263818740844727,137610400
2016-12-12,AAPL,26.111694973729435,26.505824854021338,25.92730592353313,26.11400032043457,105497600
2016-12-13,AAPL,26.238464793923672,26.71787498868015,26.2177219458976,26.54962158203125,174935200
2016-12-14,AAPL,26.5150484101899,26.782410638269567,26.501219844839188,26.54962158203125,136127200
2016-12-15,AAPL,26.59340815995195,26.904564895814616,26.558836752379893,26.694822311401367,186098000
2016-12-16,AAPL,26.84463379361903,26.851548074000586,26.655635843179216,26.72939109802246,177404400
2016-12-19,AAPL,26.69020888172504,27.05437446171536,26.678683908832397,26.88381576538086,111117600
2016-12-20,AAPL,26.906867133228,27.08203654281105,26.893038570893403,26.95526885986328,85700000
2016-12-21,AAPL,26.920702107152707,27.058993029794227,26.916091413268113,26.980627059936523,95132800
2016-12-22,AAPL,26.816982556403442,26.85386107356734,26.653338093033717,26.80315399169922,104343600
2016-12-23,AAPL,26.641815276981664,26.85616683959961,26.641815276981664,26.85616683959961,56998000
2016-12-27,AAPL,26.85616336574068,27.151186213418192,26.84924908372231,27.026723861694336,73187600
2016-12-28,AAPL,27.086647614892843,27.201890332679678,26.78240691027418,26.911479949951172,83623600
2016-12-29,AAPL,26.84002841174374,26.992149644093313,26.82850519498244,26.904565811157227,60158000
2016-12-30,AAPL,26.886125639466673,27.012891570314178,26.60493313478548,26.694822311401367,122345200
2017-01-03,AAPL,26.690215911425863,26.81237291902027,26.450510831529634,26.770885467529297,115127600
2017-01-04,AAPL,26.70173129799187,26.853852495000535,26.678683111359508,26.74091339111328,84472400
2017-01-05,AAPL,26.717873728093494,26.93453062017685,26.69252018717036,26.876909255981445,88774400
2017-01-06,AAPL,26.91608880060783,27.23415982612011,26.844638878512438,27.176538467407227,127007600
2017-01-09,AAPL,27.185757647960976,27.52687688171069,27.183454059595714,27.42546272277832,134247600
2017-01-10,AAPL,27.374749514772123,27.515345746010688,27.266422856531268,27.453115463256836,97848400
2017-01-11,AAPL,27.367839033525733,27.642117253601786,27.33557121451258,27.600629806518555,110354400
2017-01-12,AAPL,27.404718252510857,27.496912777124887,27.245682741513264,27.485387802124023,108344800
2017-01-13,AAPL,27.4531170167003,27.570665066846857,27.383970691093122,27.436983108520508,104447600
2017-01-17,AAPL,27.27564416179909,27.71356681796327,27.24798703640748,27.65825080871582,137759200
2017-01-18,AAPL,27.658250170769623,27.773492879814494,27.591409188507892,27.65594482421875,94852000
2017-01-19,AAPL,27.519965820688586,27.67899960126102,27.513051537854732,27.6075496673584,102389200
2017-01-20,AAPL,27.761968545862814,27.761968545862814,27.596020518120472,27.65825080871582,130391600
2017-01-23,AAPL,27.658257516967588,27.84495019249843,27.605245083002284,27.67669677734375,88200800
2017-01-24,AAPL,27.554531312952452,27.681297232656597,27.54300633913202,27.651334762573242,92844000
2017-01-25,AAPL,27.75505753895834,28.14227316630126,27.7227897165518,28.09156608581543,129510400
2017-01-26,AAPL,28.043162311530395,28.220637080316127,28.027028401501173,28.10539436340332,105350400
2017-01-27,AAPL,28.15148932612858,28.19989105377367,28.02702698712798,28.107696533203125,82251600
2017-01-30,AAPL,27.87259838402467,28.033937454223633,27.810368102223347,28.033937454223633,121510000
2017-01-31,AAPL,27.923313554468756,27.978629571951494,27.801156543231482,27.969409942626953,196804000
2017-02-01,AAPL,29.27856213257431,30.076043219912517,29.273953197975487,29.674997329711914,447940000
2017-02-02,AAPL,29.497526440793255,29.82250998639,29.45142829919011,29.624292373657227,134841600
2017-02-03,AAPL,29.573587611440406,29.7764159334382,29.539016200613,29.751062393188477,98029200
2017-02-06,AAPL,29.76258683577543,30.07835077210367,29.709572650884894,30.02994728088379,107383600
2017-02-07,AAPL,30.0875682667614,30.44482140780631,30.06682542089571,30.315750122070312,152735200
2017-02-08,AAPL,30.274267997672123,30.474789231859532,30.244303761049476,30.433300018310547,92016400
2017-02-09,AAPL,30.474963546331477,30.66015203831457,30.352276920980227,30.653207778930664,113399600
2017-02-10,AAPL,30.66246297062399,30.773574630564617,30.567553401923714,30.583755493164062,80262000
2017-02-13,AAPL,30.80599108668159,30.977291074003862,30.729600694990996,30.85460090637207,92141600
2017-02-14,AAPL,30.89626768900161,31.271271827292853,30.845340765014317,31.255069732666016,132904800
2017-02-15,AAPL,31.37081304916232,31.544426604690024,31.162474663222973,31.36849594116211,142492400
2017-02-16,AAPL,31.405528497207804,31.458768988642536,31.213395774352875,31.33145523071289,90338400
2017-02-17,AAPL,31.273589130276395,31.442571997919064,31.273589130276395,31.4171085357666,88792800
2017-02-21,AAPL,31.53516094949759,31.655533987306967,31.4772897721899,31.643959045410156,98028800
2017-02-22,AAPL,31.581451580259632,31.741176566431246,31.50737832318301,31.738862991333008,83347600
2017-02-23,AAPL,31.801375799063656,31.82452215454914,31.551371847452618,31.604612350463867,83152800
2017-02-24,AAPL,31.461087245616497,31.634700775146484,31.315250750514892,31.634700775146484,87106400
2017-02-27,AAPL,31.745812209863693,31.815258327596492,31.546735222857016,31.69719886779785,81029600
2017-02-28,AAPL,31.731922863012837,31.815257495677873,31.643957547373027,31.711090087890625,93931600
2017-03-01,AAPL,31.919425774445003,32.44257993523194,31.85229676427185,32.35924530029297,145658400
2017-03-02,AAPL,32.40785293936465,32.47266836266933,32.12081068460419,32.167110443115234,104844000
2017-03-03,AAPL,32.125452663197436,32.36851235214514,32.08146999645166,32.356937408447266,84432400
2017-03-06,AAPL,32.26201398947344,32.354609967198044,32.08377335518242,32.255069732666016,87000000
2017-03-07,AAPL,32.1902759960202,32.40324158996611,32.12777411048003,32.29676055908203,69785200
2017-03-08,AAPL,32.16479377359363,32.36155715341623,32.134703168762755,32.176368713378906,74828800
2017-03-09,AAPL,32.1161907865679,32.127762196632915,31.724981051170833,32.102298736572266,88623600
2017-03-10,AAPL,32.23424183755125,32.25970529375484,32.09303604081785,32.208778381347656,78451200
2017-03-13,AAPL,32.14164256281058,32.275900541042816,32.1346983064253,32.222660064697266,69686800
2017-03-14,AAPL,32.245820515831596,32.3268380442881,32.13933599604356,32.1740608215332,61236400
2017-03-15,AAPL,32.271276042348795,32.58146462695435,32.18331074467614,32.51433563232422,102767200
2017-03-16,AAPL,32.574529250303875,32.64397537096826,32.46804472766163,32.56758499145508,76928000
2017-03-17,AAPL,32.63934255538655,32.63934255538655,32.38239439823795,32.40554428100586,175540000
2017-03-20,AAPL,32.500453761984666,32.75508837066969,32.46110178285636,32.74583053588867,86168000
2017-03-21,AAPL,32.896294218172855,33.056019242634676,32.34535944560636,32.37082290649414,158119600
2017-03-22,AAPL,32.373135507438455,32.77823371741696,32.35229920075717,32.73656463623047,103440800
2017-03-23,AAPL,32.699534503141464,32.773611318563134,32.549070828559536,32.62083053588867,81385200
2017-03-24,AAPL,32.75508820239768,32.81064580732806,32.488882184648105,32.55601119995117,89582400
2017-03-27,AAPL,32.26665872124432,32.690276231829365,32.0884144771652,32.611572265625,94300400
2017-03-28,AAPL,32.61851161249007,33.343056359100096,32.55137906799777,33.28750228881836,133499200
2017-03-29,AAPL,33.259722240315085,33.44722782697001,33.146296990269626,33.361576080322266,116760000
2017-03-30,AAPL,33.37778472764183,33.44954443082265,33.218059694277166,33.317596435546875,84829200
2017-03-31,AAPL,33.26899258647709,33.39630992084985,33.1046368398909,33.255104064941406,78646800
2017-04-03,AAPL,33.26666418375753,33.361570216012105,33.11388345060261,33.264347076416016,79942800
2017-04-04,AAPL,33.16018524535114,33.53982003462168,33.141666044389595,33.51204299926758,79565600
2017-04-05,AAPL,33.38473237227703,33.67177474628232,33.2898227729474,33.338436126708984,110871600
2017-04-06,AAPL,33.40093707324348,33.4541811153668,33.206490707389115,33.255104064941406,84596000
2017-04-07,AAPL,33.27130155369623,33.375468982961245,33.1648205485549,33.18102264404297,66688800
2017-04-10,AAPL,33.241202850950295,33.30601828148667,33.079160742433295,33.14166259765625,75733600
2017-04-11,AAPL,33.088431229506256,33.18334082616107,32.421754009148394,32.785186767578125,121517600
2017-04-12,AAPL,32.778223893111864,32.90553760949143,32.641645281657844,32.824520111083984,81400000
2017-04-13,AAPL,32.84999019496731,32.958788271870205,32.65091323852539,32.65091323852539,71291600
2017-04-17,AAPL,32.7504570543777,32.84305306128152,32.6092512345038,32.831478118896484,66328400
2017-04-18,AAPL,32.734259408881314,32.88009239978457,32.66481327731086,32.685646057128906,58790000
2017-04-19,AAPL,32.84305011916835,32.870827152662955,32.512025163927525,32.56526565551758,69313600
2017-04-20,AAPL,32.69026375752859,33.08378697056255,32.676375243166014,32.97267532348633,93278400
2017-04-21,AAPL,32.972674874043584,33.02822893073666,32.83609977510572,32.93332290649414,69283600
2017-04-24,AAPL,33.218050051250366,33.322217446021234,33.14397326161507,33.250457763671875,68537200
2017-04-25,AAPL,33.312962556216775,33.54213013852181,33.30370119060636,33.45648193359375,75486000
2017-04-26,AAPL,33.442610081503986,33.472704236469404,33.19029249162139,33.259735107421875,80164800
2017-04-27,AAPL,33.31527709371979,33.37083469245871,33.17407128757918,33.28518295288086,56985200
2017-04-28,AAPL,33.35464624244255,33.40325960789196,33.16483053032413,33.25279235839844,83441600
2017-05-01,AAPL,33.588433880966676,34.074549667815184,33.55602616184344,33.9310302734375,134411600
2017-05-02,AAPL,34.15324934230031,34.280566627243395,33.99121076699823,34.146305084228516,181408800
2017-05-03,AAPL,33.701858153687134,34.141681222939226,33.39630017256143,34.04214096069336,182788000
2017-05-04,AAPL,33.91714672070354,34.060666136091115,33.75279099326214,33.91946029663086,93487600
2017-05-05,AAPL,33.97269116293195,34.48658744717286,33.97269116293195,34.48196029663086,109310800
2017-05-08,AAPL,34.49815993257278,35.579192912756085,34.49815993257278,35.41946792602539,195009600
2017-05-09,AAPL,35.61855884346047,35.852360711342406,35.52133566825122,35.646339416503906,156521600
2017-05-10,AAPL,35.563011551046614,35.63477127510231,35.21115366013265,35.477359771728516,103222800
2017-05-11,AAPL,35.43550416429331,35.81205966165817,35.40296268148456,35.78416442871094,109020400
2017-05-12,AAPL,35.95849428633321,36.3582916702196,35.95152136483856,36.283912658691406,130108000
2017-05-15,AAPL,36.26300057857565,36.41176219035875,36.0398599342793,36.19094467163086,104038800
2017-05-16,AAPL,36.246717399121444,36.274609082037145,35.963140133627775,36.13747024536133,80194000
2017-05-17,AAPL,35.70281313875219,35.928280397547645,34.79862097859771,34.924137115478516,203070800
2017-05-18,AAPL,35.161228228070684,35.642377572865925,35.128686743624414,35.456424713134766,134272800
2017-05-19,AAPL,35.65168742408364,35.791149448940445,35.477357232945025,35.57730484008789,107843200
2017-05-22,AAPL,35.79580304539616,35.93061883312605,35.54244399194593,35.793479919433594,91865600
2017-05-23,AAPL,36.00498399119705,36.00498399119705,35.63540494053504,35.74930191040039,79675600
2017-05-24,AAPL,35.75859986186376,35.83530555421472,35.48664525085,35.64237976074219,76712000
2017-05-25,AAPL,35.733022486424275,35.87713778807206,35.570315094326915,35.76556396484375,76942400
2017-05-26,AAPL,35.79579069602269,35.8515776206928,35.63540639100761,35.70513916015625,87710400
2017-05-30,AAPL,35.660971833916435,35.89573513785693,35.64005306902935,35.71908187866211,80507600
2017-05-31,AAPL,35.78882644396443,35.8353137857402,35.41924728872536,35.507572174072266,97804800
2017-06-01,AAPL,35.602859522895166,35.640050800386376,35.38204207626871,35.60518264770508,65616400
2017-06-02,AAPL,35.698173264847945,36.132835388183594,35.53778892826235,36.132835388183594,111082800
2017-06-05,AAPL,35.87482710996299,35.90039567917375,35.67028210303369,35.77952575683594,101326800
2017-06-06,AAPL,35.7725439958314,36.21650561210647,35.74465230785796,35.900386810302734,106499600
2017-06-07,AAPL,36.032879171343204,36.25601976709209,35.90735948282311,36.11423110961914,84278400
2017-06-08,AAPL,36.0863426015944,36.15374870192001,35.888767004396904,36.025909423828125,85003200
2017-06-09,AAPL,36.072387861583714,36.072387861583714,33.940912087136844,34.62893295288086,259530800
2017-06-12,AAPL,33.875827555169906,33.957179476776645,33.125043343217285,33.80144500732422,289229200
2017-06-13,AAPL,34.205906487803205,34.27331259666907,33.73869933659652,34.07341384887695,136661600
2017-06-14,AAPL,34.28492941811625,34.28492941811625,33.43419743692664,33.74102020263672,126124800
2017-06-15,AAPL,33.313327947296735,33.582955857707404,33.0553192083585,33.53879165649414,128661600
2017-06-16,AAPL,33.42024683259305,33.587604036098135,33.05299094416554,33.06926345825195,201444400
2017-06-19,AAPL,33.39236641194405,34.10828279138351,33.39236641194405,34.01530456542969,130165600
2017-06-20,AAPL,34.13848894224757,34.13848894224757,33.68988108624399,33.70615005493164,99600400
2017-06-21,AAPL,33.82469588633968,33.95253869431153,33.61317447194587,33.90604782104492,85063200
2017-06-22,AAPL,33.882810805541595,34.098978500955376,33.73172253920091,33.85026931762695,76425200
2017-06-23,AAPL,33.73404560544495,34.20589890314926,33.72939580859524,34.00135040283203,141757600
2017-06-26,AAPL,34.20822036352045,34.466229101408445,33.79215400799219,33.89442825317383,102769600
2017-06-27,AAPL,33.70614970731368,33.973458046192356,33.383057994360364,33.408626556396484,99047600
2017-06-28,AAPL,33.58527485886983,33.961826725520176,33.27612906773838,33.89674377441406,88329600
2017-06-29,AAPL,33.6364313470413,33.73405582993933,33.07159967492648,33.39701461791992,125997600
2017-06-30,AAPL,33.57599129996798,33.69453808996659,33.420256767833905,33.476043701171875,92096400
2017-07-03,AAPL,33.67594369003413,33.77356816691595,33.26220033940119,33.35517501831055,57111200
2017-07-05,AAPL,33.399342511668415,33.65502467715312,33.173875169079906,33.49231719970703,86278400
2017-07-06,AAPL,33.243591423255054,33.35516170275818,33.101802789129216,33.17618179321289,96515200
2017-07-07,AAPL,33.215702390068536,33.64571816878647,33.215702390068536,33.51322555541992,76806800
2017-07-10,AAPL,33.496955966065755,33.92464506499715,33.32494894841133,33.7177734375,84362400
2017-07-11,AAPL,33.641077267678725,33.901412766269914,33.55972530610891,33.827030181884766,79127200
2017-07-12,AAPL,33.906050232366475,33.97810612559624,33.66199086413815,33.87583541870117,99538000
2017-07-13,AAPL,33.82005782840291,34.51505548260257,33.80611198028467,34.34769821166992,100797600
2017-07-14,AAPL,34.394170362066625,34.710289117889154,34.2454088032534,34.642879486083984,80528400
2017-07-17,AAPL,34.591752319997376,35.07522481560062,34.53364226990741,34.763755798339844,95174000
2017-07-18,AAPL,34.6800759770434,34.896247200165746,34.5568829588818,34.88462448120117,71475200
2017-07-19,AAPL,34.97759540517962,35.196089730065964,34.854402400170166,35.10311508178711,83692000
2017-07-20,AAPL,35.21469222796392,35.270479155850346,34.91019611677407,34.94506072998047,68974800
2017-07-21,AAPL,34.86370807164886,34.96830545588833,34.60569929892158,34.92879104614258,105010400
2017-07-24,AAPL,35.0008461000464,35.433185018344126,34.842784918114624,35.351829528808594,85972800
2017-07-25,AAPL,35.28442767411012,35.75860418341942,35.28442767411012,35.50292205810547,75415600
2017-07-26,AAPL,35.6447157004753,35.77952793168282,35.57730603811461,35.670284271240234,63124000
2017-07-27,AAPL,35.737677673784596,35.79346459381474,34.23843922218672,34.996192932128906,129905200
2017-07-28,AAPL,34.84046079961032,34.919489614945064,34.6777533719341,34.74980926513672,68854800
2017-07-31,AAPL,34.842789762511146,34.94274090774462,34.43137310076057,34.57083511352539,79383600
2017-08-01,AAPL,34.65683753402334,34.9171694403032,34.496453217920134,34.877655029296875,141474400
2017-08-02,AAPL,37.0230757382192,37.13232291881002,36.29786343025978,36.52565383911133,279747200
2017-08-03,AAPL,36.504731301549455,36.541922581900096,36.032878015712306,36.16072082519531,108389200
2017-08-04,AAPL,36.27693173485955,36.58607397761046,36.18860335307083,36.35131072998047,82239600
2017-08-07,AAPL,36.50705565646402,36.93939455152754,36.4164041242776,36.91382598876953,87481200
2017-08-08,AAPL,36.86500072811002,37.615781246805604,36.78829507064511,37.20901107788086,144823600
2017-08-09,AAPL,37.01841656549234,37.485623531278215,36.983551962115115,37.43680953979492,104526000
2017-08-10,AAPL,37.31313822763123,37.33647494874768,36.08337064769913,36.244384765625,163217200
2017-08-11,AAPL,36.54308771889085,37.00279349544676,36.41941089176514,36.748435974121094,105028400
2017-08-14,AAPL,37.177794927486765,37.385478917398984,37.04478203247826,37.30147171020508,88490800
2017-08-15,AAPL,37.490486520273066,37.84984850346148,37.369141986955476,37.7098388671875,117862000
2017-08-16,AAPL,37.789191105392135,37.922200483954256,37.37148717823052,37.558170318603516,110686400
2017-08-17,AAPL,37.45782075421376,37.50215838942201,36.83243292614835,36.837100982666016,111762400
2017-08-18,AAPL,36.837100933268594,37.21979967147585,36.57107868305969,36.75309371948242,109712400
2017-08-21,AAPL,36.753095604496394,36.84410312737541,36.19538210568727,36.6854248046875,105474000
2017-08-22,AAPL,36.92343558401232,37.33647129470129,36.87443345942071,37.285133361816406,86418400
2017-08-23,AAPL,37.11945769174584,37.446150417064786,37.07512005887749,37.33180618286133,77596400
2017-08-24,AAPL,37.43681681619273,37.509159230858835,36.99811563571494,37.16613006591797,79275600
2017-08-25,AAPL,37.25480061403382,37.467152673451416,37.16612890579953,37.30380630493164,101920400
2017-08-28,AAPL,37.36913695023616,37.80317352948347,37.32013126970111,37.67949676513672,103864000
2017-08-29,AAPL,37.359815915861226,38.0645393969194,37.33647919209252,38.01553726196289,118067600
2017-08-30,AAPL,38.223214140132114,38.244215051187865,37.94552355833903,38.11820602416992,109078400
2017-08-31,AAPL,38.18587500122859,38.391226728073406,38.14853767622348,38.26988220214844,107140400
2017-09-01,AAPL,38.4565737342076,38.48924301060967,38.18355116127232,38.281558990478516,66364400
2017-09-05,AAPL,38.211541147798336,38.32821760931833,37.467144753591484,37.821842193603516,117874000
2017-09-06,AAPL,37.968863877030955,38.03420242474273,37.45782029546227,37.78218078613281,86606800
2017-09-07,AAPL,37.82418419681812,37.85918928071265,37.42048453282566,37.63050079345703,87714000
2017-09-08,AAPL,37.53715695242767,37.60482774352189,36.99344413320669,37.016780853271484,114446000
2017-09-11,AAPL,37.453158977969146,37.81485686403658,37.31081349612394,37.6865119934082,126323200
2017-09-12,AAPL,37.945530520517316,38.26055848688814,37.04945587756065,37.53716278076172,286856000
2017-09-13,AAPL,37.30615210537458,37.32715658663774,36.848782107366006,37.25481414794922,179629600
2017-09-14,AAPL,37.10079036191123,37.19646237447088,36.89077055035121,36.93510818481445,95042800
2017-09-15,AAPL,36.97943937668187,37.562821706015924,36.869763213912414,37.308467864990234,196458400
2017-09-18,AAPL,37.362151963485545,37.453159498343865,36.86977695164069,37.026123046875,113077600
2017-09-19,AAPL,37.22211888503869,37.28279291638881,36.972433139712145,37.040103912353516,83242400
2017-09-20,AAPL,36.846439776449245,36.93044700457808,35.896694853547,36.41940689086914,211805600
2017-09-21,AAPL,36.35641102007138,36.35641102007138,35.644683405243654,35.794029235839844,150046800
2017-09-22,AAPL,35.36232523941148,35.53267555662534,35.13364021112964,35.444000244140625,186581600
2017-09-25,AAPL,35.00061714247289,35.429985800433215,34.80693372856288,35.13129425048828,177549200
2017-09-26,AAPL,35.41830426877896,35.91767935197279,35.39730336151765,35.73566436767578,146640000
2017-09-27,AAPL,35.88969211516487,36.10437644790088,35.829018056321864,35.99003219604492,102016800
2017-09-28,AAPL,35.91069417080666,36.00170170127656,35.63300352225677,35.768348693847656,88022000
2017-09-29,AAPL,35.75201078281373,35.96669509202945,35.46965211702339,35.964359283447266,105199200
2017-10-02,AAPL,35.99702548189776,36.04136311296529,35.63766349864281,35.89201736450195,74795200
2017-10-03,AAPL,35.938671348174985,36.19069285486999,35.915338199453295,36.04834747314453,64921200
2017-10-04,AAPL,35.8500227868572,35.90369298025103,35.57700020217874,35.81501770019531,80655200
2017-10-05,AAPL,35.978368197738654,36.27239529226402,35.948034725322195,36.26072692871094,85135200
2017-10-06,AAPL,36.16272009148967,36.28406466658974,36.0670444926476,36.23972702026367,69630400
2017-10-09,AAPL,36.35872998057238,36.57341431104818,36.284058872908,36.36573028564453,65051600
2017-10-10,AAPL,36.41707519531955,36.86978066688839,36.19305826879539,36.379737854003906,62468000
2017-10-11,AAPL,36.396061259237754,36.631746465717164,36.344723323460684,36.53140640258789,67622400
2017-10-12,AAPL,36.484747341227305,36.72276486602361,36.34006604264477,36.403072357177734,64500400
2017-10-13,AAPL,36.57341255359804,36.701757408227174,36.49874144952181,36.63408660888672,65576800
2017-10-16,AAPL,36.84642649646579,37.33646907737966,36.78808826353238,37.308467864990234,96486000
2017-10-17,AAPL,37.28514900775624,37.53950297062175,37.156804121686754,37.446163177490234,75989200
2017-10-18,AAPL,37.43448945770484,37.50216382462566,37.24314184095446,37.28047561645508,65496800
2017-10-19,AAPL,36.578070656520225,36.655077548342234,36.17437109698337,36.39838790893555,170336800
2017-10-20,AAPL,36.54540628427304,36.811428509521484,36.39372828838043,36.46139907836914,95896400
2017-10-23,AAPL,36.61075202418489,36.79743513630446,36.286391496642274,36.4427375793457,87937200
2017-10-24,AAPL,36.4707367962146,36.73442681112196,36.44973588193455,36.65975570678711,71028800
2017-10-25,AAPL,36.61541381522758,36.764759567229056,36.23271510318111,36.49873733520508,84828400
2017-10-26,AAPL,36.690103663990776,36.83011693585503,36.58509549043529,36.73210906982422,68002000
2017-10-27,AAPL,37.17079679432446,38.17655118799871,37.03311938262583,38.0482063293457,177816800
2017-10-30,AAPL,38.244220309822936,39.21963763206263,38.20455072992408,38.90460968017578,178803200
2017-10-31,AAPL,39.1799692253035,39.58833699562369,38.95595232813968,39.44599151611328,144187200
2017-11-01,AAPL,39.63967348374911,39.656009903089014,38.64559097272621,38.94428253173828,134551200
2017-11-02,AAPL,38.87659651504755,39.31996562302214,38.568568962463466,39.22895812988281,165573600
2017-11-03,AAPL,40.60342075513756,40.66409125143115,39.93136299632327,40.25339126586914,237594400
2017-11-06,AAPL,40.22304234252588,40.834429424245734,40.07136436630444,40.661746978759766,140105200
2017-11-07,AAPL,40.58242602050725,40.89511822397504,40.51008715141832,40.792442321777344,97446000
2017-11-08,AAPL,40.7574310266021,41.126129150390625,40.68042411840414,41.126129150390625,97638000
2017-11-09,AAPL,40.862439101633605,41.0934598259423,40.40273346157568,41.04212188720703,117930400
2017-11-10,AAPL,41.00933312803533,41.072565925229945,40.81261284063416,40.906288146972656,100582000
2017-11-13,AAPL,40.6322886986201,40.8664805643182,40.608868082656585,40.74235916137695,67928400
2017-11-14,AAPL,40.524552087149495,40.627597062571766,40.08895514689948,40.126426696777344,99130000
2017-11-15,AAPL,39.805594787760256,39.887563376509604,39.433230550038594,39.597164154052734,116632400
2017-11-16,AAPL,40.08895696426733,40.25054990364294,39.88287057756387,40.07022476196289,94550000
2017-11-17,AAPL,40.056186106743155,40.13815471157971,39.72831883436746,39.847755432128906,87598000
2017-11-20,AAPL,39.880528895020625,39.943761695620736,39.709569843677855,39.80792999267578,65049600
2017-11-21,AAPL,39.99528076658117,40.67912048692099,39.99528076658117,40.5479736328125,100525200
2017-11-22,AAPL,40.5994966517589,40.9835711181554,40.52689775467844,40.974205017089844,102355600
2017-11-24,AAPL,41.00698950692208,41.100664806432185,40.9016003281187,40.97654342651367,56106800
2017-11-27,AAPL,40.995287805019544,41.00231327528309,40.594818132575305,40.77046203613281,82867200
2017-11-28,AAPL,40.81962914640315,40.95311660664332,40.24820061495932,40.53157424926758,105715200
2017-11-29,AAPL,40.428548293921786,40.496462371670276,39.14751833236251,39.69084167480469,166665600
2017-11-30,AAPL,39.91330934594225,40.313778922233666,39.44726992076248,40.24586486816406,166108800
2017-12-01,AAPL,39.80090498652369,40.20371526243537,39.461327511948554,40.05851745605469,159037200
2017-12-04,AAPL,40.393413917253795,40.4262006370724,39.72596921234276,39.76578140258789,130169600
2017-12-05,AAPL,39.5924741130353,40.16858764399004,39.43790663235427,39.72830581665039,109400800
2017-12-06,AAPL,39.227136350163626,39.85945365424555,38.98357838933744,39.58076477050781,114240000
2017-12-07,AAPL,39.58544464248466,39.91565597961547,39.55734276646798,39.65336227416992,102693200
2017-12-08,AAPL,39.92736686279802,40.04680341107865,39.53626693081782,39.665069580078125,93420800
2017-12-11,AAPL,39.6252509157015,40.48941920918558,39.52923142231811,40.437896728515625,141095200
2017-12-12,AAPL,40.316128576157915,40.372335910833776,40.1545391892479,40.21074295043945,77636800
2017-12-13,AAPL,40.39809759610526,40.64165556869939,40.28100166104409,40.344234466552734,95273600
2017-12-14,AAPL,40.374676166447735,40.54563880110214,40.199032267393896,40.332523345947266,81906000
2017-12-15,AAPL,40.66273478467583,40.789196819819715,40.38873073062717,40.74235916137695,160677200
2017-12-18,AAPL,40.95547010132362,41.49879331162822,40.95078526395058,41.316123962402344,117684400
2017-12-19,AAPL,40.99060216399013,41.074911378985455,40.770461237419894,40.87584686279297,109745600
2017-12-20,AAPL,40.953125602143956,41.08193182784955,40.57373596777827,40.83134841918945,93902400
2017-12-21,AAPL,40.789192036517036,41.22244836664475,40.77280046605222,40.98591232299805,83799600
2017-12-22,AAPL,40.90862858756254,41.081931834310396,40.86647577195255,40.98591232299805,65397600
2017-12-26,AAPL,39.99997290231888,40.15688102950606,39.73767557275851,39.946109771728516,132742000
2017-12-27,AAPL,39.83604050325153,39.99528926752172,39.74470581233551,39.9531364440918,85992800
2017-12-28,AAPL,40.04680072483707,40.245865198769145,39.925019979367434,40.06553649902344,65920800
2017-12-29,AAPL,39.93439556169126,39.95078713310234,39.629945439714064,39.632286071777344,103999600
2018-01-02,AAPL,39.85008766691489,40.351258103264755,39.63931284929152,40.341888427734375,102223600
2018-01-03,AAPL,40.405116204475696,40.87818470235895,40.27162871938751,40.33485794067383,118071600
2018-01-04,AAPL,40.407461500303675,40.625261785880404,40.299735247059225,40.522216796875,89738400
2018-01-05,AAPL,40.61823519787352,41.070223754905165,40.526900518948345,40.98357391357422,94640000
2018-01-08,AAPL,40.83134841918945,41.126428848864556,40.73298470248056,40.83134841918945,82271200
2018-01-09,AAPL,40.87818646172054,40.99762301388554,40.61120790656991,40.826663970947266,86336000
2018-01-10,AAPL,40.552660719700334,40.81963927994158,40.515189166880944,40.81729507446289,95839600
2018-01-11,AAPL,40.887559405570876,41.09833424132138,40.864142361699365,41.04915237426758,74670800
2018-01-12,AAPL,41.25991087346616,41.536259064148354,41.13578950154014,41.473026275634766,101672400
2018-01-16,AAPL,41.66273418158303,42.011681370568965,41.250557757664666,41.26226806640625,118263600
2018-01-17,AAPL,41.252902387927264,41.978898718449194,40.99997827671709,41.94377136230469,137547200
2018-01-18,AAPL,42.00698530300974,42.17794790326898,41.74469161004063,41.981224060058594,124773600
2018-01-19,AAPL,41.829003993975064,42.056170360899095,41.547974505316795,41.79387664794922,129700400
2018-01-22,AAPL,41.52221979392465,41.63463089237908,41.358286197536025,41.451961517333984,108434400
2018-01-23,AAPL,41.5222149513268,42.023385358113266,41.409803865982504,41.46132278442383,130756400
2018-01-24,AAPL,41.51049655919652,41.52220686389577,40.56201905428973,40.80089569091797,204420400
2018-01-25,AAPL,40.868810053570165,40.97185501813943,39.93672768280118,40.07255935668945,166116000
2018-01-26,AAPL,40.28100745555258,40.28100745555258,39.82667459040098,40.16625213623047,156572000
2018-01-29,AAPL,39.8500908014533,39.8500908014533,39.12643875637216,39.334869384765625,202561600
2018-01-30,AAPL,38.76577904303612,39.19669121606022,38.571399366691885,39.1030158996582,184192800
2018-01-31,AAPL,39.07958086767287,39.44726367455829,38.99293105329121,39.21072769165039,129915600
2018-02-01,AAPL,39.14984077286852,39.489418150786875,39.05382128214834,39.29269790649414,188923200
2018-02-02,AAPL,38.87584265593056,39.06319682921009,37.49411232827588,37.58778762817383,346375200
2018-02-05,AAPL,37.25992247449914,38.37935916282286,36.53392635472329,36.648681640625,290954000
2018-02-06,AAPL,36.25992535441477,38.34189080334102,36.06554568586119,38.1802978515625,272975200
2018-02-07,AAPL,38.194358076650865,38.266956997625066,37.252909163167054,37.36297607421875,206434400
2018-02-08,AAPL,37.53860764381872,37.70488541893073,36.30675987869789,36.334861755371094,217562000
2018-02-09,AAPL,36.93448689935861,37.12730529106897,35.32843481182689,36.77928924560547,282690400
2018-02-12,AAPL,37.270742729099624,38.53818298500872,37.03794626199481,38.260711669921875,243278000
2018-02-13,AAPL,38.0820081550772,38.74041964665234,38.01146342597023,38.64400863647461,130196800
2018-02-14,AAPL,38.338316878401834,39.396477041902536,38.3006961328428,39.356502532958984,162579600
2018-02-15,AAPL,39.92555581137809,40.70154062338429,39.73979150085741,40.67802810668945,204588800
2018-02-16,AAPL,40.52987872716522,41.10834109330576,40.39114305798733,40.54633712768555,160704400
2018-02-20,AAPL,40.45698268440411,40.976654782310895,40.308839143672124,40.40995407104492,135722000
2018-02-21,AAPL,40.6404041368813,40.94374179774385,40.21243542540355,40.22654724121094,149886400
2018-02-22,AAPL,40.39819560728738,40.90375947481818,40.377033269700284,40.56279754638672,123967600
2018-02-23,AAPL,40.837938131810304,41.30352772054186,40.80736790426896,41.26825714111328,135249600
2018-02-26,AAPL,41.46813369171524,42.182978282859025,41.435213287939966,42.0842170715332,152648800
2018-02-27,AAPL,42.11477448821193,42.43927448726959,41.89373602093621,41.947818756103516,155712400
2018-02-28,AAPL,42.15239017660547,42.4721897868067,41.867864719237645,41.88432312011719,151128400
2018-03-01,AAPL,41.98309066020018,42.27467386282315,40.600430490213576,41.150672912597656,195208000
2018-03-02,AAPL,40.633348665182034,41.45636207847196,40.55104588863155,41.43519973754883,153816000
2018-03-05,AAPL,41.20005366482767,41.79497451115357,41.03780187254719,41.57863998413086,113605600
2018-03-06,AAPL,41.834967874484626,41.914916925017565,41.41640685927643,41.54338455200195,95154000
2018-03-07,AAPL,41.136560133406576,41.350544470010895,40.97901229082367,41.15772247314453,126814000
2018-03-08,AAPL,41.263545325353434,41.649185801737886,41.16713789729796,41.60686111450195,95096400
2018-03-09,AAPL,41.84671485432314,42.32641261858986,41.71267949209813,42.32170867919922,128740800
2018-03-12,AAPL,42.39459242365057,42.88840187598345,42.37578384715246,42.73085403442383,128828400
2018-03-13,AAPL,42.93543052183893,43.149414857195474,42.14769131351788,42.3193473815918,126774000
2018-03-14,AAPL,42.401652575454754,42.44868119552501,41.811432091203834,41.95957565307617,117473600
2018-03-15,AAPL,41.97367871608539,42.382835195269095,41.87256737477719,42.008949279785156,90975200
2018-03-16,AAPL,42.008953109968175,42.119472337041785,41.766752315671596,41.86081314086914,157618800
2018-03-19,AAPL,41.696207740634804,41.73147830463949,40.835570098387464,41.22121047973633,133787200
2018-03-20,AAPL,41.20710372924805,41.57393196024154,41.136559010660044,41.20710372924805,78597600
2018-03-21,AAPL,41.16007917069106,41.17183722398214,40.271224880308154,40.27357864379883,148219600
2018-03-22,AAPL,39.974938445224794,40.60512987021308,39.645734505015064,39.70452117919922,165963200
2018-03-23,AAPL,39.59633888573806,39.9561129244541,38.78508377075195,38.78508377075195,164115200
2018-03-26,AAPL,39.52110449652672,40.70389201786306,39.137814257363395,40.62629318237305,150164800
2018-03-27,AAPL,40.8402733112041,41.18593921489509,39.2506830596845,39.584590911865234,163690400
2018-03-28,AAPL,39.328296067626276,39.97965360506086,38.843894310478525,39.14723205566406,166674000
2018-03-29,AAPL,39.45995404447367,40.38643230878994,39.24596975742545,39.45289993286133,153594000
2018-04-02,AAPL,39.18484391069471,39.72568201023475,38.67457602874525,39.19424819946289,150347200
2018-04-03,AAPL,39.41999540090054,39.68100839967389,38.770991755218695,39.59635543823242,121112000
2018-04-04,AAPL,38.770987049468715,40.44758049433387,38.74512077027734,40.35352325439453,138422000
2018-04-05,AAPL,40.58160638188251,40.969596891380746,40.464033065300875,40.633338928222656,107732800
2018-04-06,AAPL,40.20303085074771,40.55810106955422,39.55167349900567,39.59400177001953,140021200
2018-04-09,AAPL,39.94671983021981,40.70153867662767,39.93966571674338,39.9866943359375,116070800
2018-04-10,AAPL,40.68038339325876,40.91553011807529,40.33471742073413,40.73917007446289,113634400
2018-04-11,AAPL,40.49931222839776,40.89671069695223,40.374684773390626,40.5486946105957,89726400
2018-04-12,AAPL,40.77679588518532,41.15067833002218,40.689789153982,40.94845199584961,91557200
2018-04-13,AAPL,41.09893532790292,41.3481902278494,40.880250643703896,41.08717727661133,100497200
2018-04-16,AAPL,41.15771891831324,41.43048990044364,41.110690304717394,41.34348678588867,86313600
2018-04-17,AAPL,41.50104135034263,42.07715003351195,41.4822291842405,41.91254806518555,106421600
2018-04-18,AAPL,41.81142351845371,42.04892392140155,41.59273886534057,41.818477630615234,83018000
2018-04-19,AAPL,40.859077686749785,41.24236784698282,40.60041854310192,40.633338928222656,139235200
2018-04-20,AAPL,40.11603452115991,40.26182434902752,38.90032274084493,38.9685173034668,261964400
2018-04-23,AAPL,39.22951508515344,39.25067742200016,38.58521198830198,38.85563278198242,146062000
2018-04-24,AAPL,38.956753566929045,39.111951250892595,37.910351463939506,38.31480407714844,134768000
2018-04-25,AAPL,38.23955349982821,38.89796494806505,38.19017470434135,38.481754302978516,113528400
2018-04-26,AAPL,38.59227521560373,38.97086154573134,38.41591519078752,38.61579132080078,111852000
2018-04-27,AAPL,38.56405100150369,38.641649827377975,37.771607930930294,38.16900634765625,142623200
2018-04-30,AAPL,38.12432968710872,39.33062963053425,38.05613514540948,38.86033630371094,169709600
2018-05-01,AAPL,39.13076426459355,39.786821996562225,38.862697162878376,39.763309478759766,214277600
2018-05-02,AAPL,41.20475618707623,41.7973268894039,40.868498120583496,41.51985549926758,266157600
2018-05-03,AAPL,41.357603523058685,41.73854003605556,41.01899169459304,41.59510040283203,136272800
2018-05-04,AAPL,41.91490488614925,43.32578527502384,41.8960927170644,43.22702407836914,224805200
2018-05-07,AAPL,43.54445712474156,44.12997360452288,43.443345782398595,43.539756774902344,169805600
2018-05-08,AAPL,43.49979138596113,43.78902083601134,43.18939600498701,43.749046325683594,113611200
2018-05-09,AAPL,43.86660729234394,44.06647978753421,43.55386182428417,44.05707550048828,92844800
2018-05-10,AAPL,44.14643288476444,44.764866127693075,44.1252669595732,44.6872673034668,111957200
2018-05-11,AAPL,44.729757490410215,44.86430604769044,44.24820656504485,44.51730728149414,104848800
2018-05-14,AAPL,44.61646590993839,44.739214725183906,44.345005855071946,44.41345977783203,83115200
2018-05-15,AAPL,44.090061076831134,44.15851859124368,43.69349302796125,44.009803771972656,94780800
2018-05-16,AAPL,43.92247049655361,44.48663814070112,43.90594502489507,44.42053985595703,76732400
2018-05-17,AAPL,44.37803818116284,44.59284763468459,43.99091075812613,44.139625549316406,69176000
2018-05-18,AAPL,44.18683504071553,44.33318699120385,43.93661902140753,43.97910690307617,73190800
2018-05-21,AAPL,44.37804142960773,44.67783027119842,44.120744075134155,44.29070281982422,73603200
2018-05-22,AAPL,44.46774160693422,44.585768309488444,44.09005471800505,44.17975616455078,60962800
2018-05-23,AAPL,43.98856181662308,44.49607529300221,43.84928754378699,44.46302795410156,80233600
2018-05-24,AAPL,44.55981538127905,44.57633725150797,43.95551906297832,44.41345977783203,92936000
2018-05-25,AAPL,44.432348707409425,44.76754424073871,44.29543724699766,44.51496887207031,69844000
2018-05-29,AAPL,44.2836294416986,44.555089473229884,44.11130782679905,44.35444259643555,90056400
2018-05-30,AAPL,44.311949436914176,44.37804410807291,44.0900586400715,44.26001739501953,74762000
2018-05-31,AAPL,44.193921559836156,44.43233421724424,43.93898343412893,44.11130142211914,109931200
2018-06-01,AAPL,44.37568671498433,44.91152542115865,44.31903259368366,44.90680694580078,93770000
2018-06-04,AAPL,45.23727284395453,45.657447602342195,45.16881894367543,45.28212356567383,105064800
2018-06-05,AAPL,45.57483447107491,45.78019978910631,45.40723496193152,45.63148498535156,86264000
2018-06-06,AAPL,45.70702960425292,45.81325293388397,45.30337662938726,45.78964614868164,83734400
2018-06-07,AAPL,45.82739993456094,45.84156256009621,45.40250315906041,45.66688537597656,85388800
2018-06-08,AAPL,45.12633012126618,45.32225488450402,44.79585678682235,45.25143814086914,106627200
2018-06-11,AAPL,45.16882416048117,45.315176130877504,44.89972340097438,45.14049530029297,73234000
2018-06-12,AAPL,45.17826024305868,45.46624568023694,45.12160613017656,45.38834762573242,67644400
2018-06-13,AAPL,45.42140837570327,45.529994556999156,44.954023512495155,45.01539611816406,86553600
2018-06-14,AAPL,45.216026243341155,45.22074831953098,44.90207481165983,45.03898620605469,86440400
2018-06-15,AAPL,44.85723243194056,44.88792053004648,44.43941685773997,44.57632827758789,246876800
2018-06-18,AAPL,44.349716849535625,44.66602756180079,44.189198654039295,44.5527229309082,73939600
2018-06-19,AAPL,43.70292975662603,43.98383390094082,43.30399890306228,43.832759857177734,134314000
2018-06-20,AAPL,43.98856497835368,44.18920826399699,43.84220937965438,44.02397155761719,82514800
2018-06-21,AAPL,44.20100312485936,44.46066332896541,43.655720298126006,43.77846908569336,102847600
2018-06-22,AAPL,43.93426437953818,43.941345694470854,43.599068932463176,43.6510009765625,108801600
2018-06-25,AAPL,43.29219097930246,43.65099314638365,42.6619288501248,43.00184631347656,126652400
2018-06-26,AAPL,43.195414032544754,44.03104150441041,43.08918711840249,43.53532791137695,98276800
2018-06-27,AAPL,43.724163359846365,44.208073473708744,43.44090004501351,43.471588134765625,101141200
2018-06-28,AAPL,43.45744089215349,43.95551380777959,43.3866241379058,43.78791427612305,69460800
2018-06-29,AAPL,43.97439936756705,44.1868496518272,43.176541087778794,43.695858001708984,90950800
2018-07-02,AAPL,43.39135019489264,44.21281525459119,43.296926646605975,44.184486389160156,70925200
2018-07-03,AAPL,44.32847315433098,44.36624256853828,43.32524605149568,43.414947509765625,55819200
2018-07-05,AAPL,43.73126158996001,44.002725223185244,43.499930213576576,43.76430892944336,66416800
2018-07-06,AAPL,43.7690233133453,44.47954278828729,43.71709127444438,44.3709602355957,69940800
2018-07-09,AAPL,44.7321186317595,45.010659910691714,44.68490867284257,44.987056732177734,79026400
2018-07-10,AAPL,45.01773768462362,45.1522862262863,44.892626090602654,44.93275833129883,63756400
2018-07-11,AAPL,44.49607580388834,44.798223934989025,44.28598837520287,44.34972381591797,75326000
2018-07-12,AAPL,44.73920447636443,45.18298605928237,44.6872724357298,45.093284606933594,72164400
2018-07-13,AAPL,45.10509491222652,45.2844942425338,45.06260341706248,45.16410827636719,50055600
2018-07-16,AAPL,45.20896086762819,45.475698835222566,44.949300613980526,45.06496810913086,60172400
2018-07-17,AAPL,44.79114603868839,45.291578243669946,44.66131590950257,45.19243621826172,62138000
2018-07-18,AAPL,45.27033118300609,45.27505326062183,44.83363085174206,44.944576263427734,65573600
2018-07-19,AAPL,44.776972502771265,45.452085408245445,44.776972502771265,45.29393005371094,81147200
2018-07-20,AAPL,45.2703207681167,45.423754037375545,44.8902746500053,45.1900634765625,82704800
2018-07-23,AAPL,45.01067013959894,45.31282186948864,44.74629142807148,45.230201721191406,63957600
2018-07-24,AAPL,45.42847755320166,45.71410376110917,45.3340576309569,45.55830764770508,74791600
2018-07-25,AAPL,45.57247018160259,45.99500779721355,45.423755382579955,45.9879264831543,66839600
2018-07-26,AAPL,45.93836449383051,46.25703810904912,45.70231103126561,45.84394454956055,76304000
2018-07-27,AAPL,46.02805457480702,46.0752645352622,44.8737535725159,45.081478118896484,96096000
2018-07-30,AAPL,45.29865102564653,45.36946777385099,44.6306229994785,44.82890701293945,84118000
2018-07-31,AAPL,44.92096864396287,45.35530609259082,44.69435576534987,44.91860580444336,157492000
2018-08-01,AAPL,47.00532799586654,47.62614616425708,46.575708957389,47.56477355957031,271742800
2018-08-02,AAPL,47.34760051436628,49.18881810901228,47.29330923044903,48.95512390136719,249616000
2018-08-03,AAPL,48.870143095602415,49.27379606036052,48.5042595454664,49.09675598144531,133789600
2018-08-06,AAPL,49.099105711065235,49.39417245211731,48.87957778462918,49.3516845703125,101701600
2018-08-07,AAPL,49.4107024580885,49.45319034379685,48.80640269130763,48.88902282714844,102349600
2018-08-08,AAPL,48.638809968654485,49.054262708746734,48.27764850892958,48.92207336425781,90102000
2018-08-09,AAPL,49.46028374954723,49.519297117606335,48.91027872700954,49.30685043334961,93970400
2018-08-10,AAPL,49.119699947958416,49.531874656101,48.956251294479095,49.159969329833984,98444800
2018-08-13,AAPL,49.58162245038734,49.97010762312092,49.2002434272234,49.477394104003906,103563600
2018-08-14,AAPL,49.78297807220025,49.87772915247579,49.3329014045864,49.685855865478516,82992000
2018-08-15,AAPL,49.56030572186097,49.92036630881333,49.349481510093966,49.80192565917969,115230400
2018-08-16,AAPL,50.15961167949677,50.64758654419464,50.093285209412876,50.531517028808594,114001600
2018-08-17,AAPL,50.55993822473201,51.628271438053176,50.49361175911019,51.540626525878906,141708000
2018-08-20,AAPL,51.66381484377017,51.91964347624076,50.955538429933824,51.038448333740234,121150800
2018-08-21,AAPL,51.35586295698155,51.44824651291401,50.699700789987496,50.93894958496094,104639200
2018-08-22,AAPL,50.71628202538283,51.25163240145471,50.65469058107239,50.94131851196289,76072400
2018-08-23,AAPL,50.84657586588272,51.41509322466389,50.834734691040765,51.04555892944336,75532800
2018-08-24,AAPL,51.30847101597423,51.37953248664347,50.95551671539533,51.20424270629883,73905600
2018-08-27,AAPL,51.438781061033495,51.81542513519865,51.244540243575635,51.625919342041016,82100400
2018-08-28,AAPL,51.87936750162545,52.241795568558736,51.85804905404619,52.042816162109375,91107200
2018-08-29,AAPL,52.14942292375327,52.940609306467366,51.97413305429266,52.81979751586914,109019200
2018-08-30,AAPL,52.883744837114136,54.07051872797575,52.682394306819354,53.30539321899414,195175200
2018-08-31,AAPL,53.65598183805528,54.215021849347146,53.535173676561676,53.92129135131836,173360400
2018-09-04,AAPL,54.106056365784276,54.288452356795226,53.68440795836104,54.09421157836914,109560400
2018-09-05,AAPL,54.24344365253671,54.40452118215833,53.321975651143546,53.74125289916992,133332000
2018-09-06,AAPL,53.58964525060467,53.854954713801874,52.4218223996447,52.848209381103516,137160000
2018-09-07,AAPL,52.5521261261449,53.38594583099005,52.28208154620209,52.42184066772461,150479200
2018-09-10,AAPL,52.33891619608954,52.55211150907524,51.27768911221937,51.71828842163086,158066000
2018-09-11,AAPL,51.642493122685174,53.13247858760648,51.299015945884626,53.025882720947266,142996000
2018-09-12,AAPL,53.284077138968904,53.29828943782888,52.07598113256949,52.367347717285156,197114800
2018-09-13,AAPL,52.94770315209747,54.09184013440997,52.722666665655694,53.63228988647461,166825600
2018-09-14,AAPL,53.47596182981542,53.734161619670026,52.710836123342126,53.02351760864258,127997200
2018-09-17,AAPL,52.623178686440205,52.812684446957874,51.46720041487374,51.611698150634766,148780400
2018-09-18,AAPL,51.59037623243215,52.55211733723163,51.43166619672579,51.69697570800781,126286800
2018-09-19,AAPL,51.75856366975667,52.02386956716063,51.00054423822981,51.72776794433594,108495200
2018-09-20,AAPL,52.17074505190675,52.653981371303495,51.912541656993724,52.12099838256836,106435200
2018-09-21,AAPL,52.29865795357762,52.436049554005606,51.47194083901891,51.55958938598633,384986800
2018-09-24,AAPL,51.360609869503946,52.412359900906736,51.31560184008936,52.301025390625,110773600
2018-09-25,AAPL,52.05466892569171,52.781896297075804,52.042824137047674,52.632659912109375,98217600
2018-09-26,AAPL,52.3507513787218,53.002174755606354,52.057017354826414,52.21335983276367,95938800
2018-09-27,AAPL,53.018768421536556,53.63939620206603,52.95243833953208,53.286441802978516,120724800
2018-09-28,AAPL,53.24853550907005,53.49726154873405,53.06613954590139,53.473575592041016,91717600
2018-10-01,AAPL,53.99708589556844,54.345301658865516,53.61807802440607,53.83363723754883,94403200
2018-10-02,AAPL,53.83126891210051,54.482692408286546,53.68440368051631,54.312137603759766,99152800
2018-10-03,AAPL,54.494555452721315,55.30468923839166,54.43059647596449,54.97305679321289,114619200
2018-10-04,AAPL,54.66745842279414,55.03936374636723,53.70808857005446,54.006561279296875,128168000
2018-10-05,AAPL,53.999477106832586,54.10607299729178,52.2512914910199,53.13011932373047,134322000
2018-10-08,AAPL,52.6373932546599,53.25091493076167,52.161259546536,53.006927490234375,118655600
2018-10-09,AAPL,52.97612740442457,53.83600757646618,52.64686258167794,53.74125289916992,107564000
2018-10-10,AAPL,53.40725770912091,53.61808191451641,51.17820388289686,51.25163650512695,167962400
2018-10-11,AAPL,50.81578157793993,51.995449534818604,50.29464339890083,50.799198150634766,212497600
2018-10-12,AAPL,52.213386070744285,52.79611577474021,51.365350414761934,52.61371612548828,161351600
2018-10-15,AAPL,52.388659630741124,52.54736963908297,51.4671916862052,51.48851013183594,123164000
2018-10-16,AAPL,51.86041102095203,52.82215194500907,51.34637913532147,52.6231689453125,116736000
2018-10-17,AAPL,52.65870939261992,52.73924816052703,51.95753921175651,52.39577102661133,91541600
2018-10-18,AAPL,51.60695750381726,52.05229548152065,50.45571430054784,51.17109680175781,130325200
2018-10-19,AAPL,51.654334023038835,52.41235343553008,51.5050976522359,51.950435638427734,132314800
2018-10-22,AAPL,52.06413473861343,52.909802639899496,51.862787820108274,52.267852783203125,115168400
2018-10-23,AAPL,51.126098407700454,52.8837574604368,50.85842134543051,52.76057815551758,155071200
2018-10-24,AAPL,52.72977496604514,53.11588899890719,50.820508791603096,50.9507942199707,163702000
2018-10-25,AAPL,51.57140931675098,52.44076291523374,51.344001766978856,52.066490173339844,119423200
2018-10-26,AAPL,51.14266064460897,52.15888323552117,50.377535215952086,51.2374153137207,189033600
2018-10-29,AAPL,51.92201247556305,52.04045312499331,48.8188660146814,50.27568817138672,183742000
2018-10-30,AAPL,50.01748223969893,50.97211353591535,49.57214787858827,50.52677917480469,146640000
2018-10-31,AAPL,51.374821370171105,52.220485795314765,51.31322991423812,51.84384536743164,153435600
2018-11-01,AAPL,51.88886087052791,52.67293756720377,51.35824534090135,52.639774322509766,233292800
2018-11-02,AAPL,49.63847065677181,50.60968169125089,48.66251737032402,49.14812469482422,365314800
2018-11-05,AAPL,48.394841334824136,48.416159780383964,46.94275807856373,47.752891540527344,264654800
2018-11-06,AAPL,47.83106674768575,48.49433504244027,47.77658506634977,48.2692985534668,127531600
2018-11-07,AAPL,48.7904402414107,49.759283862951555,48.35457952948075,49.73322677612305,133697600
2018-11-08,AAPL,49.9138861511166,49.947165100246615,49.146090921602585,49.5597038269043,101450400
2018-11-09,AAPL,48.860839393714286,48.97018295136626,48.076402922214434,48.6041145324707,137463200
2018-11-12,AAPL,47.3038566025874,47.50590970224583,46.06539725338494,46.15572738647461,204542000
2018-11-13,AAPL,45.55195754100879,46.87123323822036,45.50916824088011,45.694580078125,187531600
2018-11-14,AAPL,46.09154728762127,46.22941826577733,44.19701557173812,44.40382385253906,243204000
2018-11-15,AAPL,44.7817780140005,45.632772481899075,44.427592041015245,45.499656677246094,185915200
2018-11-16,AAPL,45.28333905087855,46.34589328098323,45.03612451761562,46.00359344482422,147713200
2018-11-19,AAPL,45.16449604249276,45.3308908288014,43.97358089998275,44.18038558959961,167701200
2018-11-20,AAPL,42.39995191302161,43.13684776612056,41.72010725489707,42.06953811645508,271300800
2018-11-21,AAPL,42.72322913338936,42.851593398381944,41.967319942049606,42.02199172973633,124496800
2018-11-23,AAPL,41.584597716942426,41.979193484257515,40.909508523043925,40.95466995239258,94496000
2018-11-26,AAPL,41.41821459606718,41.58698512821086,40.47213479849216,41.508541107177734,179994000
2018-11-27,AAPL,40.76926791438119,41.54419774818144,40.61951445051487,41.418212890625,165549600
2018-11-28,AAPL,42.01009758633539,43.09404455097691,41.5822228299945,43.01084899902344,184250000
2018-11-29,AAPL,43.41970656582618,43.452985511934024,42.24067431047254,42.68043518066406,167080000
2018-11-30,AAPL,42.856334077209695,42.86584441960787,42.08140801987108,42.44985580444336,158126000
2018-12-03,AAPL,43.84758772569843,43.9616864680013,43.07503728158199,43.933162689208984,163210000
2018-12-04,AAPL,43.013225188632596,43.3555249970272,41.90075443848327,42.00059127807617,165377200
2018-12-06,AAPL,40.82868624450314,41.54656474264468,40.51015869560791,41.53230285644531,172393600
2018-12-07,AAPL,41.23992676487869,41.47763456048138,40.00622272535943,40.051387786865234,169126400
2018-12-10,AAPL,39.221789190120006,40.431721089169876,38.824817577209345,40.31524658203125,248104000
2018-12-11,AAPL,40.804929311290685,40.835828864514035,39.69720988937446,40.08467483520508,189126800
2018-12-12,AAPL,40.505405466115356,40.866722318061136,40.177371186407235,40.196388244628906,142510800
2018-12-13,AAPL,40.526810600535384,41.02124333876003,40.30336465250625,40.63615417480469,127594400
2018-12-14,AAPL,40.172624322757514,40.19164138491191,39.28835088181369,39.33589172363281,162814800
2018-12-17,AAPL,39.32875944469472,40.018114322657276,38.68219386191158,38.96982192993164,177151600
2018-12-18,AAPL,39.31212009387407,39.82319045162126,39.07678804833182,39.476139068603516,135366000
2018-12-19,AAPL,39.45949914866977,39.804174771228425,37.81693719913778,38.24481201171875,196189200
2018-12-20,AAPL,38.12832368909865,38.53480555928461,36.9160162755169,37.27970886230469,259092000
2018-12-21,AAPL,37.28685063952054,37.59587154627308,35.56822403128292,35.8297004699707,382978400
2018-12-24,AAPL,35.216409898524326,36.02461861269077,34.8455863026589,34.90263748168945,148676800
2018-12-26,AAPL,35.25206763264957,37.37479655569509,34.876488871611976,37.36053466796875,234330000
2018-12-27,AAPL,37.044383670140306,37.265453816149545,35.672812239071256,37.118072509765625,212468400
2018-12-28,AAPL,37.43897869883537,37.68144167172036,36.73774141053779,37.137088775634766,169165600
2018-12-31,AAPL,37.68382029611543,37.881118221352004,37.19651854121869,37.49603271484375,140014000
2019-01-02,AAPL,36.81856769913238,37.75989235442373,36.661679652061515,37.538822174072266,148158800
2019-01-03,AAPL,34.225166520409374,34.63877937995314,33.75450611274441,33.7996711730957,365248800
2019-01-04,AAPL,34.35590843708306,35.31149481961843,34.18238275669409,35.242557525634766,234428400
2019-01-07,AAPL,35.3471481073425,35.37805128112703,34.681565561258495,35.16411209106445,219111200
2019-01-08,AAPL,35.55158069885025,36.08880268918446,35.30436616393607,35.83445358276367,164101200
2019-01-09,AAPL,35.96282601293452,36.733000902236284,35.56823366194412,36.442996978759766,180396400
2019-01-10,AAPL,36.25043882659319,36.59986957627264,35.8605981869204,36.5594596862793,143122800
2019-01-11,AAPL,36.34077375101084,36.5356922830337,36.015111561582835,36.200523376464844,108092800
2019-01-14,AAPL,35.85822297159505,35.95805981203487,35.470758098093015,35.65616989135742,129756800
2019-01-15,AAPL,35.72035413413402,36.462001351236886,35.66805812501693,36.38593673706055,114843600
2019-01-16,AAPL,36.388315253988246,37.053897907115854,36.369298192226466,36.83045196533203,122278800
2019-01-17,AAPL,36.65454885295936,37.477019589891874,36.4311028990532,37.04914474487305,119284800
2019-01-18,AAPL,37.43898716508409,37.529317310673214,37.07767020986163,37.277347564697266,135004000
2019-01-22,AAPL,37.179876540248834,37.25594114742215,36.27896197923972,36.44060516357422,121576000
2019-01-23,AAPL,36.642665414396035,36.877997503145814,36.060281878909066,36.58799362182617,92522400
2019-01-24,AAPL,36.63315398920607,36.72110472601421,36.06978759028488,36.2979850769043,101766000
2019-01-25,AAPL,36.95881226724857,37.5887401908888,36.68307394200685,37.50078582763672,134142000
2019-01-28,AAPL,37.032495190246195,37.16085942867184,36.526180061507155,37.15372848510742,104768400
2019-01-29,AAPL,37.14184157601951,37.58873337454473,36.633147058879665,36.768638610839844,166348800
2019-01-30,AAPL,38.80580381546367,39.49515508169959,38.08792514275934,39.281219482421875,244439200
2019-01-31,AAPL,39.48564290460484,40.17261830328575,39.1171950882309,39.5640869140625,162958400
2019-02-01,AAPL,39.68769519044533,40.16786232651912,39.44285282376112,39.58310317993164,130672400
2019-02-04,AAPL,39.794661465145815,40.80491955920945,39.76375829217425,40.70745849609375,125982000
2019-02-05,AAPL,41.09018863292514,41.61790047257529,40.96895890705651,41.403961181640625,144406400
2019-02-06,AAPL,41.51567034262258,41.734364734328345,41.087799157709014,41.418212890625,112958400
2019-02-07,AAPL,40.980821329392036,41.34689335525924,40.49114386491136,40.63376998901367,126966800
2019-02-08,AAPL,40.342518672594075,40.74119273688127,40.20644239368218,40.68151092529297,95280000
2019-02-11,AAPL,40.83431541340531,40.87251266502358,40.404605439425765,40.447574615478516,83973600
2019-02-12,AAPL,40.607507687070644,40.82236076031254,40.51201459909403,40.79610061645508,89134000
2019-02-13,AAPL,40.91546759362625,41.17567944962109,40.56453820729998,40.62660598754883,89960800
2019-02-14,AAPL,40.514419566871766,40.88444403969935,40.43563910542421,40.77463150024414,87342800
2019-02-15,AAPL,40.88205448713788,40.98948105506245,40.52396349892937,40.68391036987305,98507200
2019-02-19,AAPL,40.51441626019325,40.92741351587097,40.46189595684812,40.805660247802734,75891200
2019-02-20,AAPL,40.86773391621993,41.37622431606571,40.81998917675937,41.06826400756836,104457600
2019-02-21,AAPL,41.01333700492209,41.14940962572732,40.65524617596646,40.83667755126953,68998800
2019-02-22,AAPL,40.960828971190395,41.29982128682659,40.913084241593204,41.292659759521484,75652800
2019-02-25,AAPL,41.57675106475054,41.984972743412,41.52661672459904,41.59346008300781,87493600
2019-02-26,AAPL,41.46933029397214,41.84890591284136,41.340415482818976,41.617340087890625,68280800
2019-02-27,AAPL,41.34995418814767,41.7772744208693,41.23536246985703,41.746238708496094,111341600
2019-02-28,AAPL,41.61495032332995,41.75579857516945,41.28072987242926,41.335636138916016,112861600
2019-03-01,AAPL,41.60538868343181,41.81308024446465,41.273557920974135,41.770111083984375,103544800
2019-03-04,AAPL,41.94200447479764,42.43378218337515,41.53139318278945,41.980201721191406,109744800
2019-03-05,AAPL,42.001683851206835,42.016006907094805,41.667463428832036,41.903804779052734,78949600
2019-03-06,AAPL,41.69848921077895,41.89424730844964,41.52421933451056,41.662681579589844,83241600
2019-03-07,AAPL,41.507517139799894,41.64359345799312,41.065873792169924,41.18046188354492,99185600
2019-03-08,AAPL,40.660025264551045,41.3165251745391,40.46426717926408,41.27832794189453,95997600
2019-03-11,AAPL,41.89425565466456,42.76083328628098,41.86083397800015,42.70831298828125,128044000
2019-03-12,AAPL,42.97091720915733,43.60831871063706,42.820517833264546,43.18815994262695,129870400
2019-03-13,AAPL,43.50805008474166,43.75871447631922,43.19054234110201,43.3791389465332,124130000
2019-03-14,AAPL,43.90194565805139,43.94969402855419,43.58205197474232,43.86136245727539,94318000
2019-03-15,AAPL,44.12874944847758,44.72079222088939,43.8637619602195,44.43193054199219,156171600
2019-03-18,AAPL,44.35553080588926,44.97383360710313,44.35314120168987,44.88550567626953,104879200
2019-03-19,AAPL,44.964285824526804,45.11707114202692,44.38417662471166,44.52980041503906,126585600
2019-03-20,AAPL,44.45819201742965,45.236445486064724,44.10010100332841,44.91893768310547,124140800
2019-03-21,AAPL,45.36295783215886,46.86932635513335,45.31282350160718,46.57330322265625,204136800
2019-03-22,AAPL,46.63299482334304,47.194005494555036,45.54439880342435,45.608856201171875,169630800
2019-03-25,AAPL,45.718664121662755,45.83086624459337,44.54651584172195,45.05739212036133,175381200
2019-03-26,AAPL,45.75447765967055,46.04572527279197,44.064287847400074,44.59187316894531,199202000
2019-03-27,AAPL,45.059782354591356,45.30089564019327,44.53458297091688,44.99293899536133,119393600
2019-03-28,AAPL,45.107518558807506,45.25314234444775,44.768526260349205,45.0526123046875,83121600
2019-03-29,AAPL,45.317602517178074,45.377284340493745,45.00964226896314,45.346248626708984,94256000
2019-04-01,AAPL,45.74969859774028,45.759246086742245,44.971448928605234,45.65420913696289,111448000
2019-04-02,AAPL,45.61840573488142,46.42291933375251,45.608858244230724,46.31787872314453,91062800
2019-04-03,AAPL,46.13405477487213,46.90991856798124,46.11018058570054,46.63538360595703,93087200
2019-04-04,AAPL,46.50170354172587,46.87889322946903,46.10780483201512,46.71656036376953,76457200
2019-04-05,AAPL,46.89797325476208,47.053148171804175,46.773834049666235,47.029273986816406,74106400
2019-04-08,AAPL,46.89081455147626,47.80036495686794,46.871715930873805,47.76933288574219,103526800
2019-04-09,AAPL,47.82185677668654,48.42583658322132,47.561641238769866,47.6260986328125,143072800
2019-04-10,AAPL,47.430335431813845,47.9221167008103,47.310971788819316,47.89346694946289,86781200
2019-04-11,AAPL,47.948384670620705,47.98419231228525,47.373050943277576,47.49480056762695,83603200
2019-04-12,AAPL,47.55446936708918,47.77887357386464,46.84067719245664,47.47568893432617,111042800
2019-04-15,AAPL,47.40647039627106,47.70965510465262,47.270394078957786,47.561641693115234,70146400
2019-04-16,AAPL,47.61654057706165,48.07250687229438,47.40168385882599,47.56640625,102785600
2019-04-17,AAPL,47.63563829093036,48.55235378460139,47.413623676280125,48.492671966552734,115627200
2019-04-18,AAPL,48.49028310095317,48.73617190364306,48.347048921068584,48.66694259643555,96783200
2019-04-22,AAPL,48.42105718399483,48.92477191697205,48.30407949927967,48.8268928527832,77758000
2019-04-23,AAPL,48.80302413607264,49.5956005846408,48.676498948258654,49.53114318847656,93292000
2019-04-24,AAPL,49.50249097577655,49.76986437478454,49.42848609874323,49.45474624633789,70162400
2019-04-25,AAPL,49.37596752439472,49.59798216323231,48.96774224168466,49.00593948364258,74172800
2019-04-26,AAPL,48.91522210882772,48.93909629580391,48.25156050901197,48.77198791503906,74596400
2019-04-29,AAPL,48.795858706164374,49.17066231598747,48.66694756683353,48.84599304199219,88818800
2019-04-30,AAPL,48.47598049488697,48.55714692866063,47.53300808614063,47.90542221069336,186139600
2019-05-01,AAPL,50.10408114629927,51.400368488216685,49.948906233473046,50.256866455078125,259309200
2019-05-02,AAPL,50.094531977713174,50.765355057263776,49.686310365422955,49.9298095703125,127985200
2019-05-03,AAPL,50.34520096477196,50.57199117489854,50.1876400699806,50.550506591796875,83569600
2019-05-06,AAPL,48.76959896429785,49.85580891786009,48.581005998340764,49.769866943359375,129772400
2019-05-07,AAPL,49.14918402990383,49.516822516545794,47.943610280846954,48.428226470947266,155054800
2019-05-08,AAPL,48.19903593628389,49.02025835484054,48.16322830168545,48.43776321411133,105358000
2019-05-09,AAPL,47.84094103921428,48.14651163799503,46.94810342574412,47.917335510253906,139634400
2019-05-10,AAPL,47.31104129279952,47.65373790443453,46.1966858308996,47.25352478027344,164834800
2019-05-13,AAPL,44.98406587699124,45.40823773541505,43.81938322929667,44.50716781616211,229722400
2019-05-14,AAPL,44.67253361534113,45.46096949743799,44.43288696152573,45.21173858642578,146118800
2019-05-15,AAPL,44.63897495961979,45.952237355333416,44.57906330726603,45.75333023071289,106178800
2019-05-16,AAPL,45.51129298187126,46.12478777769744,45.25486932916094,45.552032470703125,132125600
2019-05-17,AAPL,44.79714261326525,45.748540023134815,44.75640312513268,45.293212890625,131516400
2019-05-20,AAPL,43.979949669541405,44.178856807213535,43.20349328767014,43.87689971923828,154449200
2019-05-21,AAPL,44.38734604303017,45.053563335993125,44.26272878013493,44.71805953979492,113459200
2019-05-22,AAPL,44.253149155342534,44.50477885718109,43.74749460169806,43.8026123046875,118994400
2019-05-23,AAPL,43.08847058296319,43.26580677264261,42.611572408898915,43.0549201965332,146118800
2019-05-24,AAPL,43.18432121043186,43.64923624926381,42.80567910310189,42.889556884765625,94858800
2019-05-28,AAPL,42.87757983293096,43.27778931506044,42.63553802351406,42.712223052978516,111792800
2019-05-29,AAPL,42.278459651091545,42.980626205477755,42.17780850142833,42.508522033691406,113924800
2019-05-30,AAPL,42.64511468367893,42.9518620603252,42.33836730703267,42.7289924621582,84873600
2019-05-31,AAPL,42.2329281309598,42.654708575512196,41.93576862508081,41.95494079589844,108174400
2019-06-03,AAPL,42.08194969920505,42.637927979424546,40.804632722240406,41.53076171875,161584400
2019-06-04,AAPL,42.043609898576285,43.095658571768766,41.8231354139418,43.05012512207031,123872000
2019-06-05,AAPL,44.16208845470289,44.33223920089857,43.40959805036203,43.74510192871094,119093600
2019-06-06,AAPL,43.87450077319446,44.4472560114527,43.651627529605385,44.38734436035156,90105200
2019-06-07,AAPL,44.69648461544341,45.99297355745612,44.519148477432275,45.56879806518555,122737600
2019-06-10,AAPL,45.96662461499967,46.8197661273768,45.921091165173166,46.151153564453125,104883600
2019-06-11,AAPL,46.697537565980085,46.970734549232446,46.39558416029599,46.68555450439453,107731600
2019-06-12,AAPL,46.47947078762684,46.96355808357964,46.345269237869935,46.5369873046875,73012800
2019-06-13,AAPL,46.659203548913915,47.16006418617446,46.395594419327324,46.52739715576172,86698400
2019-06-14,AAPL,45.90430362423517,46.39318104373977,45.60474539601217,46.189483642578125,75046000
2019-06-17,AAPL,46.22784019068279,46.72151539195747,46.052899149208905,46.465091705322266,58676400
2019-06-18,AAPL,46.98272609412711,47.998825541831906,46.78142378732344,47.55787658691406,106204000
2019-06-19,AAPL,47.85263645530765,47.90056870581225,47.284675122657916,47.41887664794922,84496800
2019-06-20,AAPL,48.0179947858048,48.07551129426495,47.457222541008775,47.79991912841797,86056000
2019-06-21,AAPL,47.6417568477169,48.133033233178,47.48598432433185,47.636962890625,191202400
2019-06-24,AAPL,47.57944711984593,47.967677202569334,47.49077902420712,47.58903503417969,72881600
2019-06-25,AAPL,47.55308073051549,47.751987879310825,46.80059043176467,46.86769485473633,84281200
2019-06-26,AAPL,47.394914882557444,48.16657732114802,47.29426373709572,47.88139724731445,104270000
2019-06-27,AAPL,47.99882620091607,48.30557727889453,47.82628397608489,47.86702346801758,83598800
2019-06-28,AAPL,47.612992556266285,47.80950455578012,47.22237102064913,47.43086242675781,124442400
2019-07-01,AAPL,48.689011483830775,49.00534683032315,48.08510087662033,48.300785064697266,109012000
2019-07-02,AAPL,48.26723307900931,48.679425613175255,48.255250015060284,48.58356475830078,67740800
2019-07-03,AAPL,48.715358461809224,48.99334938347399,48.57396785149787,48.98616027832031,45448000
2019-07-05,AAPL,48.732140960245864,49.14672858318471,48.62429705737568,48.94302749633789,69062000
2019-07-08,AAPL,48.12344323760648,48.26483388360054,47.54829273986113,47.93412399291992,101354400
2019-07-09,AAPL,47.73761261486467,48.29119579901545,47.64415056632906,48.22649383544922,82312000
2019-07-10,AAPL,48.37267453109264,48.823207716402926,48.30317495947734,48.70338439941406,71588400
2019-07-11,AAPL,48.722541899024485,48.981360624598565,48.33910959413855,48.34869384765625,80767200
2019-07-12,AAPL,48.516448940097355,48.88790186699875,48.45653729565251,48.720149993896484,70380800
2019-07-15,AAPL,48.90947645459903,49.33604713394336,48.88790913700364,49.17788314819336,67789600
2019-07-16,AAPL,49.02929970892977,49.393563584814785,48.76808577819675,49.00773239135742,67467200
2019-07-17,AAPL,48.89989531082296,49.14912619568089,48.712971233000175,48.73214340209961,56430000
2019-07-18,AAPL,48.887917941756626,49.33845482627152,48.8160232134399,49.28573226928711,74162400
2019-07-19,AAPL,49.31688305319296,49.487033785576166,48.4948967896062,48.55001449584961,83717200
2019-07-22,AAPL,48.804036166626496,49.66197156596754,48.79445191010135,49.659576416015625,89111600
2019-07-23,AAPL,49.956738737439146,50.064578990974375,49.67634895884314,50.04780197143555,73420800
2019-07-24,AAPL,49.76741058224146,50.12208653775661,49.647587278391484,50.007057189941406,59966400
2019-07-25,AAPL,50.05978275817563,50.14366053862095,49.54214517668298,49.61164474487305,55638400
2019-07-26,AAPL,49.72188447879348,50.26108942568483,49.640405497764334,49.78419494628906,70475600
2019-07-29,AAPL,49.95673422966865,50.47916208738292,49.95194027355907,50.24909973144531,86693600
2019-07-30,AAPL,50.028630420839946,50.36413790530998,49.681143529942474,50.033424377441406,135742800
2019-07-31,AAPL,51.864332020665906,53.05058230898032,50.6373422371492,51.054325103759766,277125600
2019-08-01,AAPL,51.260414211398206,52.25015599273981,49.54454706892121,49.949546813964844,216071600
2019-08-02,AAPL,49.25458061542855,49.470261159344595,48.31996004950161,48.89271545410156,163448400
2019-08-05,AAPL,47.447633775242544,47.605797759220664,46.15114473357044,46.333274841308594,209572000
2019-08-06,AAPL,47.04502381388391,47.46680417334717,46.50102500392178,47.21038055419922,143299200
2019-08-07,AAPL,46.82935721987256,47.823889449526476,46.44831988764817,47.69927215576172,133457600
2019-08-08,AAPL,47.97725090959715,48.77527456500826,47.783137739281464,48.75130844116211,108038000
2019-08-09,AAPL,48.42415480097006,48.77536618277326,47.94063258255727,48.34958267211914,98478800
2019-08-12,AAPL,48.0200188898601,48.60457469476368,47.90695673151683,48.226898193359375,89927600
2019-08-13,AAPL,48.35680854512529,51.03180338880131,48.226905603803466,50.26923751831055,188874000
2019-08-14,AAPL,48.87159379466716,49.66062099046996,48.73447445076552,48.77296447753906,146189600
2019-08-15,AAPL,48.94375735403797,49.3478915876303,48.03204373725205,48.529998779296875,108909600
2019-08-16,AAPL,49.141019237305535,49.83382507339097,49.03517349339124,49.67505645751953,110481600
2019-08-19,AAPL,50.666136435377204,51.17371207530313,50.5242086239398,50.60118865966797,97654400
2019-08-20,AAPL,50.728694111631654,51.322870579192134,50.59398269188871,50.60360336303711,107537200
2019-08-21,AAPL,51.2362731993296,51.395038142607625,50.901898878290325,51.152076721191406,86141600
2019-08-22,AAPL,51.2843856202691,51.585082094265125,50.69742551573104,51.10877990722656,89014800
2019-08-23,AAPL,50.37987156847118,51.010133664951816,48.35197698230036,48.746490478515625,187272000
2019-08-26,AAPL,49.52110480398056,49.84104631699848,49.328658311936735,49.67265701293945,104174400
2019-08-27,AAPL,50.00221288345861,50.16819791599971,48.96059990979167,49.112152099609375,103493200
2019-08-28,AAPL,49.097712670287585,49.48741405398377,48.91007839883308,49.441707611083984,63755200
2019-08-29,AAPL,50.15616011479025,50.353418717422464,49.713535889687755,50.27884292602539,83962000
2019-08-30,AAPL,50.55549223711403,50.62525219652797,49.84344144801472,50.21390151977539,84573600
2019-09-03,AAPL,49.65821067205432,49.790517838568434,49.126581426530514,49.48260498046875,80092000
2019-09-04,AAPL,50.1297009283662,50.391907323066086,49.87230670410968,50.322147369384766,76752400
2019-09-05,AAPL,50.99811740539344,51.47201529946035,50.88024307676292,51.3060302734375,95654800
2019-09-06,AAPL,51.491262157017566,51.5802671339122,51.12080206554331,51.30121994018555,77449200
2019-09-09,AAPL,51.6813030255869,52.0661959770303,50.77440511113955,51.5201301574707,109237600
2019-09-10,AAPL,51.445556916245124,52.14798341754074,50.92836046503641,52.12873840332031,127111600
2019-09-11,AAPL,52.45830188762013,53.81504412951995,52.37650966317453,53.78617477416992,177158400
2019-09-12,AAPL,54.077244051108906,54.46694543066619,53.61056262735679,53.665889739990234,128906800
2019-09-13,AAPL,52.922568359375,53.11260687614232,52.205709143005315,52.62187194824219,159053200
2019-09-16,AAPL,52.37650901593333,52.95384839785664,52.335614739521375,52.89851760864258,84632400
2019-09-17,AAPL,52.9129477153141,53.11982699309965,52.710876937269475,53.09095764160156,73274800
2019-09-18,AAPL,53.177562441253684,53.60816179083854,52.787861036882994,53.58891677856445,101360000
2019-09-19,AAPL,53.40610079147599,53.82707587682155,53.011587144033754,53.15351867675781,88242400
2019-09-20,AAPL,53.25455423391184,53.53840996867558,52.31397469878706,52.37651824951172,221652400
2019-09-23,AAPL,52.66999310798111,52.884088848434445,52.35726804412726,52.61466598510742,76662000
2019-09-24,AAPL,53.17034699206987,53.52156204892097,52.246608409698545,52.364479064941406,124763200
2019-09-25,AAPL,52.573768388250606,53.28341128066549,52.2345819095354,53.17034912109375,87613600
2019-09-26,AAPL,52.92258341729287,53.14870777010097,52.6411319368652,52.896121978759766,75334000
2019-09-27,AAPL,53.052472574971425,53.153509808735585,52.26825758252748,52.63871765136719,101408000
2019-09-30,AAPL,53.139074136101655,54.0243263762996,53.11261270219493,53.877586364746094,103909600
2019-10-01,AAPL,54.14221112744345,54.89996484425893,53.93292386603001,54.02674102783203,139223200
2019-10-02,AAPL,53.65868365787057,53.7837744184826,52.424624157363944,52.672401428222656,138449200
2019-10-03,AAPL,52.54489975216936,53.15351275615426,51.75106404471548,53.119834899902344,114426000
2019-10-04,AAPL,54.27932074932847,54.72435299074208,53.85834569362794,54.608882904052734,138478800
2019-10-07,AAPL,54.43087209456384,55.311308550510645,54.327430602345274,54.62091064453125,122306000
2019-10-08,AAPL,54.322612418375925,54.86145803601952,53.96418097616012,53.98101806640625,111820000
2019-10-09,AAPL,54.61368942260742,54.79651153502603,54.27931513122723,54.61368942260742,74770400
2019-10-10,AAPL,54.830191946444145,55.433992769762874,54.67864343102517,55.349796295166016,113013600
2019-10-11,AAPL,56.03779132655972,57.1660050272492,55.88383488648209,56.8220100402832,166795600
2019-10-14,AAPL,56.50687836518263,57.28388067537885,56.451551243265854,56.74021911621094,96427600
2019-10-15,AAPL,56.86530439737924,57.168405084190226,56.50206442322086,56.60791015625,87360000
2019-10-16,AAPL,56.13882971417594,56.588674151152404,56.09793543274379,56.37938690185547,73903200
2019-10-17,AAPL,56.55257541786321,56.807565391102926,56.17490262842623,56.59828186035156,67585200
2019-10-18,AAPL,56.43229383829013,57.15156094772519,56.360125968246784,56.87010955810547,97433600
2019-10-21,AAPL,57.13713599798401,57.971869612391714,57.089025301514894,57.85639953613281,87247200
2019-10-22,AAPL,58.012750730733565,58.26292849799962,57.642290743658236,57.724082946777344,82293600
2019-10-23,AAPL,58.238889244421685,58.51312425689027,58.027197771424554,58.498687744140625,75828800
2019-10-24,AAPL,58.81864136739416,58.88840501297292,58.16913764255858,58.59492492675781,69275200
2019-10-25,AAPL,58.49387672410792,59.35266382986674,58.42652101662137,59.31658172607422,73477200
2019-10-28,AAPL,59.518649642872596,59.95886966807034,59.3502603719089,59.91075897216797,96572800
2019-10-29,AAPL,59.891509079761306,60.07914334791978,58.35194491266342,58.525142669677734,142839600
2019-10-30,AAPL,58.87876862858786,59.00867154935717,58.024793654786826,58.5179328918457,124522000
2019-10-31,AAPL,59.47535156050555,59.93962510180534,57.07458854156934,59.84099578857422,139162000
2019-11-01,AAPL,60.02862730743966,61.56578729051356,59.93721808993983,61.539329528808594,151125200
2019-11-04,AAPL,61.90257586520256,62.02767029711615,61.43349376919417,61.94347381591797,103272000
2019-11-05,AAPL,61.83521298667724,62.1094516637506,61.659610964094675,61.854461669921875,79897600
2019-11-06,AAPL,61.7678582532789,61.94105969910756,61.43107970339588,61.88092041015625,75864400
2019-11-07,AAPL,62.428601843003065,62.817065333182725,62.276594710465794,62.59508514404297,94940400
2019-11-08,AAPL,62.41656042739546,62.8387993222777,61.97260727293929,62.76641845703125,69986400
2019-11-11,AAPL,62.322458993562236,63.32859721707962,62.31763605688488,63.26345443725586,81821200
2019-11-12,AAPL,63.10660285502795,63.405794217206264,62.954603069399354,63.205528259277344,87388800
2019-11-13,AAPL,63.00528498975095,63.88595324448503,62.99080881616996,63.8111572265625,102734400
2019-11-14,AAPL,63.637437860118794,63.91008474357513,63.23932834710609,63.36962127685547,89182800
2019-11-15,AAPL,63.62054080630693,64.12722894235556,63.45888775617379,64.12240600585938,100206400
2019-11-18,AAPL,64.13204168782384,64.52532816599069,63.75323874336767,64.44570922851562,86703200
2019-11-19,AAPL,64.63873851951571,64.66286792796207,64.03313233810385,64.25028228759766,76167200
2019-11-20,AAPL,64.06933118896113,64.1996167578222,62.82915159180207,63.502323150634766,106234400
2019-11-21,AAPL,63.62296849301683,63.70017967174108,63.017354814997276,63.217620849609375,121395200
2019-11-22,AAPL,63.35756036985573,63.49991434036952,62.93532139581433,63.16212463378906,65325200
2019-11-25,AAPL,63.38650127732471,64.28647597885696,63.34065760793023,64.26958465576172,84020400
2019-11-26,AAPL,64.40711190448987,64.46019365736076,63.33583097437663,63.767723083496094,105207600
2019-11-27,AAPL,64.0789738287976,64.65805022533677,64.01383104765496,64.624267578125,65235600
2019-11-29,AAPL,64.32508058997325,64.6628702304651,64.15618208809639,64.4819107055664,46617600
2019-12-02,AAPL,64.4867300820024,64.72318649892358,63.56504854881408,63.73635482788086,94487200
2019-12-03,AAPL,62.32487921217893,62.619240365203154,61.83749749069341,62.59994125366211,114430400
2019-12-04,AAPL,62.99080133600854,63.531264720884785,62.89669885564452,63.1524543762207,67181600
2019-12-05,AAPL,63.64708709192012,64.15377524171508,63.391331548709125,64.07897186279297,74424400
2019-12-06,AAPL,64.53739914538396,65.38669975339957,64.49396326902664,65.31672668457031,106075600
2019-12-09,AAPL,65.14543525447796,65.33845582103804,63.917324043827655,64.40229797363281,128042400
2019-12-10,AAPL,64.80765413470544,65.16233517909905,64.1465435122952,64.77870178222656,90420400
2019-12-11,AAPL,64.85831695707625,65.41084886210179,64.7835209297938,65.33122253417969,78756800
2019-12-12,AAPL,64.60980465760038,65.7631200239526,64.4988181829113,65.49771118164062,137310400
2019-12-13,AAPL,65.49769430196437,66.42420617913521,65.36981653316047,66.38801574707031,133587600
2019-12-16,AAPL,66.83439663061318,67.74884765705623,66.82957369318359,67.52445220947266,128186000
2019-12-17,AAPL,67.4544688710819,67.98527901702172,67.26867906123083,67.65714263916016,114158400
2019-12-18,AAPL,67.50996720149017,68.01665536931156,67.34589899118984,67.49549102783203,116028400
2019-12-19,AAPL,67.4376095352995,67.84295726371273,67.30490877668981,67.56307220458984,98369200
2019-12-20,AAPL,68.09628249807736,68.19761571489019,67.21078392805164,67.42311096191406,275978000
2019-12-23,AAPL,67.68611371554155,68.58367343016074,67.64750812570958,68.52335357666016,98572000
2019-12-24,AAPL,68.68981865508782,68.73807747033234,68.26275685689335,68.5884780883789,48478800
2019-12-26,AAPL,68.72120656096197,69.96620925880787,68.6922542085201,69.9493179321289,93121200
2019-12-27,AAPL,70.24126588060444,70.9289137228552,69.51742759681707,69.92277526855469,146266000
2019-12-30,AAPL,69.84074115157411,70.62007635461508,68.8177187333269,70.33777618408203,144114400
2019-12-31,AAPL,69.9541250315122,70.8589226567842,69.85519960755771,70.8516845703125,100805600
2020-01-02,AAPL,71.4765996590847,72.52858156247073,71.22325926076245,72.46826171875,135480400
2020-01-03,AAPL,71.696182592324,72.52376928666806,71.53935243232584,71.76374053955078,146322800
2020-01-06,AAPL,70.88547942287144,72.37416924858576,70.63454677653742,72.33556365966797,118387200
2020-01-07,AAPL,72.34520436217124,72.60095990158051,71.77578859164102,71.99535369873047,108872000
2020-01-08,AAPL,71.69856646684151,73.45507969178227,71.69856646684151,73.15348052978516,132079200
2020-01-09,AAPL,74.13068273740295,74.90036463569696,73.87975745537804,74.70734405517578,170108400
2020-01-10,AAPL,74.94137084294664,75.44082088635776,74.3743628731269,74.876220703125,140644800
2020-01-13,AAPL,75.1923057311866,76.50245093143005,75.07407383392189,76.47590637207031,121532000
2020-01-14,AAPL,76.41320833979648,76.62312029300726,75.32021267462692,75.4432601928711,161954400
2020-01-15,AAPL,75.2429736592525,76.12364189473249,74.6880266854858,75.11991882324219,121923600
2020-01-16,AAPL,75.66278838334783,76.1718916266167,75.30086936839069,76.06089782714844,108829200
2020-01-17,AAPL,76.30943200280402,76.90539240608445,76.00300982033474,76.90298461914062,137816400
2020-01-21,AAPL,76.53141272712692,76.97295078497612,76.2442896548719,76.38182067871094,110843200
2020-01-22,AAPL,76.8667843985574,77.20698922015548,76.56036222573736,76.65446472167969,101832400
2020-01-23,AAPL,76.70756039684032,77.10325483712239,76.15985137274346,77.02363586425781,104472000
2020-01-24,AAPL,77.26971830945405,78.01285552986269,76.61102297800898,76.8016357421875,146537600
2020-01-27,AAPL,74.81109052667422,75.22367624090043,73.56126499598109,74.54327392578125,161940000
2020-01-28,AAPL,75.42393505290065,76.82335250031947,75.32500962430629,76.65204620361328,162234000
2020-01-29,AAPL,78.28308294677784,79.10343121061821,77.5423536234093,78.25653839111328,216229200
2020-01-30,AAPL,77.33970079826872,78.19623972141919,76.9078086113338,78.14315795898438,126743200
2020-01-31,AAPL,77.43378134455115,77.85602021422844,74.38401413760657,74.67837524414062,199588400
2020-02-03,AAPL,73.42131515382538,75.63867332859459,72.91945726436026,74.47329711914062,173788400
2020-02-04,AAPL,76.0777843995069,77.12252801422878,75.67243689523981,76.93191528320312,136616400
2020-02-05,AAPL,78.0587002140709,78.35789164403798,76.95605907395962,77.55925750732422,118826800
2020-02-06,AAPL,77.82949504667184,78.46888396119307,77.27214024163042,78.46646881103516,105425600
2020-02-07,AAPL,77.96583518982163,78.21494247737544,76.90894303407646,77.39990234375,117684000
2020-02-10,AAPL,75.9850613598187,77.76750946044922,75.90525344548281,77.76750946044922,109348800
2020-02-11,AAPL,78.26331148915241,78.33586413946524,77.08065162389036,77.2983169555664,94323200
2020-02-12,AAPL,77.74816513747918,79.13881418044723,77.74816513747918,79.13397979736328,113730400
2020-02-13,AAPL,78.40600748455542,78.89696679324649,78.20285267206994,78.57046508789062,94747600
2020-02-14,AAPL,78.53901899642953,78.83892050632156,78.08192253766144,78.58981323242188,80113600
2020-02-18,AAPL,76.27044253813855,77.33217635199567,76.08905353965851,77.15078735351562,152531200
2020-02-19,AAPL,77.39263964512776,78.49790505143669,77.39263964512776,78.26814270019531,93984000
2020-02-20,AAPL,78.02871401030635,78.51725240619737,76.95972489443142,77.46519470214844,100566000
2020-02-21,AAPL,77.05887881173565,77.5014720805536,75.09504186089677,75.71176147460938,129554000
2020-02-24,AAPL,71.89294062243466,73.56655262581305,69.95086901349747,72.11544036865234,222195200
2020-02-25,AAPL,72.7853633450679,73.16748626275555,69.20111488480276,69.67272186279297,230673600
2020-02-26,AAPL,69.29785906555418,72.04288097148186,69.29060380017634,70.77799224853516,198054800
2020-02-27,AAPL,67.98462546179165,69.16969925255808,66.01594586338662,66.15138244628906,320605600
2020-02-28,AAPL,62.21885173263986,67.3340203730767,62.00359989656375,66.11266326904297,426510000
2020-03-02,AAPL,68.2699714851257,72.90385595913628,67.16712712972084,72.26778411865234,341397200
2020-03-03,AAPL,73.44321158109558,73.52301950606079,69.12130946491573,69.9726333618164,319475600
2020-03-04,AAPL,71.69460475808327,73.37789254779408,70.89407525882817,73.21826934814453,219178400
2020-03-05,AAPL,71.47210923904862,72.44677262458974,70.4781009386349,70.84329986572266,187572800
2020-03-06,AAPL,68.20226931131931,70.3354058888164,68.01604591388242,69.9024887084961,226176800
2020-03-09,AAPL,63.788471263695044,67.2566283985615,63.60708224588359,64.3737564086914,286744800
2020-03-10,AAPL,67.02686596637837,69.27608658534605,65.14767122671621,69.01004791259766,285290000
2020-03-11,AAPL,67.08732407289723,68.01361390598325,65.74987554201819,66.61328887939453,255598800
2020-03-12,AAPL,61.8995963124533,65.30003455864062,59.97929100201063,60.034915924072266,418474000
2020-03-13,AAPL,64.06417921518192,67.69921444547847,61.17646208174082,67.22760009765625,370732000
2020-03-16,AAPL,58.51608798383502,62.65901004477626,58.044477343492844,58.57897186279297,322423600
2020-03-17,AAPL,59.860783996429895,62.30348685183075,57.6575122464136,61.154693603515625,324056000
2020-03-18,AAPL,57.98886105384675,60.46300623570861,57.347950973526814,59.65763854980469,300233600
2020-03-19,AAPL,59.83176871542281,61.149861434253346,58.67571640074359,59.20053482055664,271857200
2020-03-20,AAPL,59.78097572031221,60.90558973701077,55.142256121470716,55.44215393066406,401693200
2020-03-23,AAPL,55.16160435739665,55.26318175410043,51.42015363881515,54.26433181762695,336752800
2020-03-24,AAPL,57.16415046893441,59.90433462789209,56.665935838281996,59.70843505859375,287531200
2020-03-25,AAPL,60.644394003218935,62.45828415286656,59.08444921259577,59.37950897216797,303602000
2020-03-26,AAPL,59.6213733406681,62.56229170772796,59.58267612377225,62.504249572753906,252087200
2020-03-27,AAPL,61.128105042477195,61.882682250213904,59.74954910896998,59.91642761230469,204216800
2020-03-30,AAPL,60.6419727055928,61.79802498746447,60.31788821611853,61.62630844116211,167976400
2020-03-31,AAPL,61.8173747321562,63.483731229594824,60.94670602705082,61.500545501708984,197002000
2020-04-01,AAPL,59.61652017243426,60.15343192722889,57.83407204839957,58.26456832885742,176218400
2020-04-02,AAPL,58.12671272222617,59.29002033037774,57.294741195546685,59.236812591552734,165934000
2020-04-03,AAPL,58.721668376231186,59.423037724427395,57.79537474123642,58.385494232177734,129880000
2020-04-06,AAPL,60.68066393279939,63.63367471849766,60.313051558292024,63.4788932800293,201820400
2020-04-07,AAPL,65.49350397194831,65.71117662776216,62.63965396373274,62.743648529052734,202887200
2020-04-08,AAPL,63.54418476916798,64.66396058058191,63.17899331030437,64.34955596923828,168895200
2020-04-09,AAPL,64.98563166236876,65.31696770263731,64.01822371729881,64.81391143798828,161834800
2020-04-13,AAPL,64.89129510661289,66.19488063962808,64.29149962285975,66.08604431152344,131022800
2020-04-14,AAPL,67.71853850722098,69.7138168739516,67.24692430460885,69.42359161376953,194994800
2020-04-15,AAPL,68.29901865238591,69.24949545432703,67.8709431733772,68.78997802734375,131154400
2020-04-16,AAPL,69.50340337244772,69.70172371086785,68.28688855520095,69.3365249633789,157125200
2020-04-17,AAPL,68.85284815768563,69.3994360529156,66.95914281806782,68.39574432373047,215250000
2020-04-20,AAPL,67.22276798842614,68.12487124671051,66.95672930580358,66.97607421875,130015200
2020-04-21,AAPL,66.81886518475746,67.05346190215134,64.19476970811112,64.90581512451172,180991600
2020-04-22,AAPL,66.1731282940646,67.21067553657838,65.8321234375921,66.77534484863281,116862400
2020-04-23,AAPL,66.71971058203668,68.14180153410112,66.47785858014103,66.51655578613281,124814400
2020-04-24,AAPL,67.04137578063921,68.44653527723898,66.99300242947831,68.43685913085938,126161200
2020-04-27,AAPL,68.1539012595656,68.81658086164907,67.70648089449013,68.48524475097656,117087600
2020-04-28,AAPL,68.94714434251563,69.12853328839934,67.28320927875984,67.37510681152344,112004800
2020-04-29,AAPL,68.86253288111276,70.05728252965069,68.65937805652075,69.58808898925781,137280800
2020-04-30,AAPL,70.1274034083595,71.23266881272234,69.73802523358442,71.05611419677734,183064000
2020-05-01,AAPL,69.23013833651491,72.31375148512824,69.13339900800005,69.91216278076172,240616800
2020-05-04,AAPL,69.93634950460861,71.02951794095532,69.24706979478302,70.90133666992188,133568000
2020-05-05,AAPL,71.36085458478117,72.79745613687825,71.21574190038736,71.96548461914062,147751200
2020-05-06,AAPL,72.66685157702763,73.33919985774601,72.28230777359485,72.70796966552734,142333600
2020-05-07,AAPL,73.33438362592382,73.80599810613609,73.03206854392603,73.46014404296875,115215200
2020-05-08,AAPL,74.11975020715006,75.26195467448645,73.79236468701193,75.20860290527344,133838400
2020-05-11,AAPL,74.71632920982042,76.8867601253796,74.50776956187678,76.39205169677734,145946400
2020-05-12,AAPL,77.07590910984447,77.52697546648025,75.39776671813026,75.5190200805664,162301200
2020-05-13,AAPL,75.69846552238357,76.61999543008798,73.53045501521297,74.60718536376953,200622400
2020-05-14,AAPL,73.84570540703209,75.12614027584165,73.12303289595279,75.06551361083984,158929200
2020-05-15,AAPL,72.8368814117532,74.66780385011373,72.80292692486488,74.6217269897461,166348400
2020-05-18,AAPL,75.94581646414036,76.75336041216173,75.25467098028571,76.37989807128906,135178400
2020-05-19,AAPL,76.39687900327164,77.24322494712233,75.90701817457786,75.93854522705078,101729600
2020-05-20,AAPL,76.79702397462873,77.48574215036817,76.75822201252429,77.41542053222656,111504800
2020-05-21,AAPL,77.27718574052247,77.81797834459402,76.60058997680626,76.83824920654297,102688800
2020-05-22,AAPL,76.57633494565745,77.41541342276373,76.47448628011443,77.33296203613281,81803200
2020-05-26,AAPL,78.45092620311642,78.63037881290926,76.75337911371359,76.80915832519531,125522000
2020-05-27,AAPL,76.6660601761675,77.289296677021,75.92641041182232,77.14379119873047,112945200
2020-05-28,AAPL,76.81885227689466,78.43637538186252,76.54239845998111,77.17776489257812,133560800
2020-05-29,AAPL,77.42027570132166,77.8810370209666,76.74610726923865,77.10259246826172,153532400
2020-06-01,AAPL,77.05649478835441,78.17202695622836,76.92553911368113,78.05077362060547,80791200
2020-06-02,AAPL,77.78404066391353,78.43638441851485,77.3426765993285,78.4121322631836,87642800
2020-06-03,AAPL,78.73222950297175,79.10569190926654,78.15990981793529,78.84378051757812,104491200
2020-06-04,AAPL,78.66674739088378,78.96502587807994,77.79129440641832,78.16475677490234,87560400
2020-06-05,AAPL,78.4145328231229,80.45158736054894,78.3854332069865,80.39096069335938,137250400
2020-06-08,AAPL,80.08784274734353,80.90024172394006,79.3772998475136,80.86628723144531,95654400
2020-06-09,AAPL,80.5461703012507,83.81272809723069,80.51464324949785,83.41986846923828,147712400
2020-06-10,AAPL,84.36808676274399,86.03410675203712,83.92915018975505,85.56607055664062,166651600
2020-06-11,AAPL,84.71001596343379,85.13440269433788,81.35615151209016,81.45800018310547,201662400
2020-06-12,AAPL,83.59692864222997,84.34384618919259,81.05060772196103,82.16128540039062,200146000
2020-06-15,AAPL,80.81535534530535,83.82971175950732,80.6528726048748,83.1773681640625,138808800
2020-06-16,AAPL,85.2313838188106,85.65335041577208,83.59689139131484,85.3817367553711,165428800
2020-06-17,AAPL,86.12626281116486,86.18688949305373,85.14168608934729,85.262939453125,114406400
2020-06-18,AAPL,85.21927871070163,85.71399444147255,84.6881884557675,85.29688262939453,96820400
2020-06-19,AAPL,86.00258453034328,86.4681932764156,83.70119078400126,84.8094482421875,264476000
2020-06-22,AAPL,85.20229118895983,87.17144413379616,85.15621433033841,87.02836608886719,135445200
2020-06-23,AAPL,88.27243705588172,90.3046443458434,87.85289780891296,88.88597869873047,212155600
2020-06-24,AAPL,88.51495463894143,89.43405719903721,86.94350839643548,87.31697082519531,192623200
2020-06-25,AAPL,87.47216900112456,88.51494484309887,86.71312185164297,88.47614288330078,137522400
2020-06-26,AAPL,88.37186655732566,88.59254854021978,85.60971171941675,85.75764465332031,205256800
2020-06-29,AAPL,85.66548805897895,87.82865098546023,85.18774958467372,87.73406982421875,130646000
2020-06-30,AAPL,87.32181394171208,88.7526094686746,87.30241666099202,88.46644592285156,140223200
2020-07-01,AAPL,88.54404454624031,89.08725718249154,88.25061351334215,88.29911041259766,110737200
2020-07-02,AAPL,89.20609049720933,89.84145686297828,88.18513936902451,88.29911041259766,114041600
2020-07-06,AAPL,89.72749562317448,91.12918431282668,89.69596856221894,90.66114807128906,118655600
2020-07-07,AAPL,91.03944797633464,91.81789246963082,90.26827838855647,90.37982940673828,112424400
2020-07-08,AAPL,91.3571322149976,92.51631404514396,91.26982594707978,92.48478698730469,117092000
2020-07-09,AAPL,93.3771927270549,93.430544491857,91.83485381849374,92.88248443603516,125642800
2020-07-10,AAPL,92.47749528608121,93.10316665691907,91.86638112451729,93.04496002197266,90257200
2020-07-13,AAPL,94.34964385590663,96.95901797723327,92.40231560385234,92.61572265625,191649200
2020-07-14,AAPL,91.99733587271359,94.33995142456507,91.0636910214966,94.14837646484375,170989200
2020-07-15,AAPL,96.02295896280789,96.27274058885732,93.59789175816579,94.7958755493164,153198000
2020-07-16,AAPL,93.66823464732788,94.48548123217466,93.03044069396374,93.62943267822266,110577600
2020-07-17,AAPL,94.0804677579499,94.23566818195913,92.9673556043315,93.44024658203125,92186800
2020-07-20,AAPL,93.52754666453198,95.54762388269113,93.18318395158391,95.40939331054688,90318000
2020-07-21,AAPL,96.19998954005356,96.27516602978264,93.84282396994556,94.09260559082031,103433200
2020-07-22,AAPL,93.79430867429807,95.0383691628231,93.70700981931506,94.35692596435547,89001600
2020-07-23,AAPL,94.09018221266099,94.16778614112043,89.25217747144076,90.06214904785156,197004400
2020-07-24,AAPL,88.2603063707244,90.18338250647658,86.47302597872792,89.83901977539062,185438800
2020-07-27,AAPL,90.90121836821325,92.06040019801185,90.67811632940159,91.96824645996094,121214000
2020-07-28,AAPL,91.53901352618922,91.71604609920337,90.45258073696424,90.45743560791016,103625600
2020-07-29,AAPL,90.94001731785845,92.37566031423209,90.90364279107482,92.19135284423828,90329200
2020-07-30,AAPL,91.3644036366013,93.41116087548794,90.95699413710133,93.306884765625,158130000
2020-07-31,AAPL,99.80118772646902,103.22538040306863,97.80292791974138,103.07502746582031,374336800
2020-08-03,AAPL,104.95688931304775,108.29135620019736,104.6586108297832,105.67228698730469,308151200
2020-08-04,AAPL,105.8614502635959,107.46927088099201,105.13877762781757,106.37799072265625,173071600
2020-08-05,AAPL,106.09911429734815,107.08369095937002,105.6334981524038,106.76358032226562,121776800
2020-08-06,AAPL,107.095798287908,110.98318005233068,106.506508834704,110.48846435546875,202428800
2020-08-07,AAPL,110.00985676474956,110.46659247547346,107.17956185919601,107.9764175415039,198045600
2020-08-10,AAPL,109.42194125871023,110.56378066058019,106.89532594642495,109.54584503173828,212403600
2020-08-11,AAPL,108.80973853697522,109.30777067354109,106.02802731765381,106.28797912597656,187902400
2020-08-12,AAPL,107.37880502863389,110.07791644345322,107.1844528144561,109.82039642333984,165598000
2020-08-13,AAPL,111.20029955907641,112.76729092425326,110.7119798713676,111.76393127441406,210082000
2020-08-14,AAPL,111.58900224852829,111.75420233347295,109.8543791144295,111.66431427001953,165565200
2020-08-17,AAPL,112.78673069729702,112.81102657552061,110.74600296555394,111.37279510498047,119561600
2020-08-18,AAPL,111.12497934318773,112.7259788863913,110.78971554731912,112.30082702636719,105633600
2020-08-19,AAPL,112.7089894111577,113.85568519716752,112.34700528381059,112.4417495727539,145538000
2020-08-20,AAPL,112.48303255575973,115.05095151464681,112.46602470234885,114.936767578125,126907200
2020-08-21,AAPL,115.89639140480685,121.343197228119,115.88424717471018,120.8597412109375,338054800
2020-08-24,AAPL,125.06509136210123,125.15013062833738,120.43944460680316,122.30525207519531,345937600
2020-08-25,AAPL,121.1780064067377,121.64688641801345,119.57943117585931,121.3019027709961,211495600
2020-08-26,AAPL,122.61866792136692,123.40823574071352,121.5521404466388,122.95149993896484,163022400
2020-08-27,AAPL,123.55399319873169,123.88682518833696,120.33741060365348,121.48168182373047,155552400
2020-08-28,AAPL,122.45588862300937,122.87375249170243,121.06139279549139,121.28490447998047,187630000
2020-08-31,AAPL,123.97913460853533,127.3026054289081,122.44372735910245,125.39791870117188,225702700
2020-09-01,AAPL,129.01293310588505,130.99536378403553,126.84587750534726,130.39285278320312,151948100
2020-09-02,AAPL,133.70663231996068,134.0856242989173,123.41552988295788,127.69133758544922,200119000
2020-09-03,AAPL,123.32806028413174,125.20358030775732,117.0989743551227,117.46824645996094,257599600
2020-09-04,AAPL,116.68111019411374,120.20865338231157,107.76020880398585,117.54598999023438,332607200
2020-09-08,AAPL,110.73386155128658,115.63161300846177,109.49970941253935,109.63575744628906,231366600
2020-09-09,AAPL,113.95043910719228,115.77737504992243,112.00688739251967,114.00874328613281,176940500
2020-09-10,AAPL,116.96294529880299,117.0989933286325,109.32478630266519,110.2868423461914,182274400
2020-09-11,AAPL,111.33634579157453,111.97772133616776,106.89533097403391,108.83888244628906,180860300
2020-09-14,AAPL,111.48210621661043,112.65795388939479,109.61629870677376,112.10404205322266,140150100
2020-09-15,AAPL,114.99023180291059,115.4761197012607,110.40344885623584,112.27897644042969,184642000
2020-09-16,AAPL,111.97771281555889,112.72597681325361,108.87774608069525,108.96520233154297,154679000
2020-09-17,AAPL,106.6232270995851,109.03322659577087,105.64173160246284,107.22572326660156,178011000
2020-09-18,AAPL,107.2840429654683,107.75049116786684,103.09568449283607,103.82451629638672,287104900
2020-09-21,AAPL,101.58947357294865,107.08000997694384,100.19011362761606,106.97311401367188,195713800
2020-09-22,AAPL,109.49969872360111,109.67461866621314,106.07905112970725,108.65425109863281,183055400
2020-09-23,AAPL,108.46961737823794,108.94578544391972,103.75649882076176,104.09662628173828,150718700
2020-09-24,AAPL,102.20165410941537,107.13827671141094,102.03645401086756,105.16557312011719,167743300
2020-09-25,AAPL,105.36965685149532,109.26648012807148,104.6311051215717,109.11099243164062,149981400
2020-09-28,AAPL,111.76392378119944,112.06517187151762,109.59686073810057,111.71533203125,137672400
2020-09-29,AAPL,111.31690400095869,112.05544815901067,110.36456059896766,110.86988067626953,99382200
2020-09-30,AAPL,110.57835999800264,113.95042293050288,110.41315990508242,112.54134368896484,142675200
2020-10-01,AAPL,114.31970607857447,114.39744992300979,112.5607942290766,113.49369812011719,116120400
2020-10-02,AAPL,109.70374996252428,112.1137567801894,109.05266207166842,109.830078125,144712000
2020-10-05,AAPL,110.69498025864371,113.35764376217921,110.34514039230349,113.21187591552734,106243800
2020-10-06,AAPL,112.43445227836398,112.84260373156758,109.08182887759448,109.96614837646484,161498200
2020-10-07,AAPL,111.3849238034784,112.288675423152,110.9087484133937,111.83193969726562,96849000
2020-10-08,AAPL,112.96892357253944,113.11469140834828,111.35577237395906,111.72505187988281,83477200
2020-10-09,AAPL,112.02630624423392,113.69776170512303,111.67646638432409,113.66860961914062,100506900
2020-10-12,AAPL,116.67141237665292,121.6469076620375,115.91342835963495,120.88892364501953,240226800
2020-10-13,AAPL,121.73432451286128,121.85094025235455,116.27295045929802,117.68202209472656,262330500
2020-10-14,AAPL,117.58486097492064,119.55756448106015,116.24381316344193,117.76950073242188,150712000
2020-10-15,AAPL,115.36920805471462,117.7792075503629,114.81529622261273,117.30303955078125,112559200
2020-10-16,AAPL,117.8569433828195,118.1193269462499,115.45665646862143,115.66072845458984,115393800
2020-10-19,AAPL,116.57422957130423,117.02124557068035,112.39559788284319,112.7065658569336,120639300
2020-10-20,AAPL,112.92034331318091,115.62188622477068,112.36643141199016,114.19337463378906,124423700
2020-10-21,AAPL,113.3770591908259,115.35948233455615,113.16326736933642,113.57141876220703,89946000
2020-10-22,AAPL,114.13506335968486,114.70841493004065,111.35578401227829,112.48304748535156,101988000
2020-10-23,AAPL,113.10499440870647,113.26048210870782,111.05454670282388,111.79309844970703,82572600
2020-10-26,AAPL,110.79214780910604,113.26045893616059,109.69403654118432,111.80279541015625,111850700
2020-10-27,AAPL,112.2303873896094,113.9698669973098,111.30720332612077,113.3090591430664,92276800
2020-10-28,AAPL,111.80281293277008,112.17208508150478,107.96429393091981,108.06147003173828,143937800
2020-10-29,AAPL,109.19844245324492,113.62973745029149,109.0332349429399,112.06517791748047,146129200
2020-10-30,AAPL,107.92540973464747,108.8291614562022,104.67968236923052,105.78750610351562,190272600
2020-11-02,AAPL,106.03046563409058,107.5561534514894,104.29098593931357,105.70005798339844,122866900
2020-11-03,AAPL,106.56493023946784,108.34327419283329,105.6611785129121,107.32291412353516,107624400
2020-11-04,AAPL,110.9184838247905,112.32755570064144,109.17900433769593,111.70561981201172,138235500
2020-11-05,AAPL,114.62095911814943,116.2438304304953,113.57144682955949,115.67047882080078,126387100
2020-11-06,AAPL,115.17886724342364,116.03550252982856,113.04700448892655,115.53904724121094,114457900
2020-11-09,AAPL,117.3010105733885,118.7514525250263,112.96915049805817,113.23197937011719,154515300
2020-11-10,AAPL,112.48241007857042,114.46824612623837,111.10010224382926,112.8912582397461,138023400
2020-11-11,AAPL,114.07886680354521,116.45408514437595,113.34877764644807,116.31780242919922,112295000
2020-11-12,AAPL,116.44437660987315,117.33021441554035,115.42224863802025,116.04525756835938,103162300
2020-11-13,AAPL,116.26914719031565,116.49303706432583,114.74082734876326,116.09392547607422,81581900
2020-11-16,AAPL,115.7629315909366,117.77797730868681,115.01337667932356,117.1063003540039,91183000
2020-11-17,AAPL,116.37621490316717,117.4664766273085,115.80187423618474,116.220458984375,74271000
2020-11-18,AAPL,115.46116472095827,116.63904097831926,114.86735829157409,114.89656066894531,76322100
2020-11-19,AAPL,114.46825901798518,115.89923517011198,113.70896736833065,115.49038696289062,74113000
2020-11-20,AAPL,115.49036722148352,115.61691333251069,114.1762082504216,114.2248764038086,73604300
2020-11-23,AAPL,114.06912746953326,114.49744880802926,110.73018617398223,110.82752990722656,127959300
2020-11-24,AAPL,110.88594337156803,112.77443558427984,109.60097934121339,112.11248779296875,113874200
2020-11-25,AAPL,112.48243113620667,113.65057108020866,112.11251446001901,112.9496841430664,76499200
2020-11-27,AAPL,113.47533097531714,114.37090528252364,113.13462416571154,113.49479675292969,46691300
2020-11-30,AAPL,113.86470584710362,117.7585146753094,113.70894992908693,115.88948822021484,169410200
2020-12-01,AAPL,117.79747164276061,120.19216354656007,116.82401928706074,119.46207427978516,127728200
2020-12-02,AAPL,118.78066586007702,120.0948326221023,117.6806672543266,119.81253051757812,89004200
2020-12-03,AAPL,120.24083575457,120.49393545508784,118.9656155022822,119.67623901367188,78967600
2020-12-04,AAPL,119.3452462973935,119.59834596601074,118.29391606792319,119.0045394897461,78260400
2020-12-07,AAPL,119.0629479962768,121.26295226566269,119.00454323508524,120.4647216796875,86712000
2020-12-08,AAPL,121.06824323820942,121.66204962752003,119.82221828193694,121.07797241210938,82225500
2020-12-09,AAPL,121.2239981813297,122.60629848757797,117.78771319139744,118.54700469970703,115089200
2020-12-10,AAPL,117.30101936364385,120.58155676972146,116.96031249401626,119.96827697753906,81312200
2020-12-11,AAPL,119.17976698694284,119.50100803270227,117.34967931202699,119.1603012084961,86939800
2020-12-14,AAPL,119.34523518624412,120.07532431759577,118.31337825719271,118.54700469970703,79184500
2020-12-15,AAPL,121.0390623043862,124.50455773983639,120.83463820097641,124.4850845336914,157243700
2020-12-16,AAPL,124.0275561892667,124.96206204213269,123.2001158255996,124.41693115234375,98208600
2020-12-17,AAPL,125.47796686372932,126.13992200043482,124.64079748282818,125.28327941894531,94359800
2020-12-18,AAPL,125.53640555307189,125.67268827051221,122.77179737031575,123.2974624633789,192541500
2020-12-21,AAPL,121.70101669831642,124.90367600970008,120.17269671586064,124.82579803466797,121251600
2020-12-22,AAPL,128.11602426239406,130.84169295968275,126.20805171818213,128.3788604736328,168904800
2020-12-23,AAPL,128.65146195480474,128.91428338608608,127.30809300233021,127.48332214355469,88223700
2020-12-24,AAPL,127.83376887622417,129.91695629713385,127.61960817236115,128.4665069580078,54930100
2020-12-28,AAPL,130.43285473552945,133.69391042104374,129.9655870238762,133.06117248535156,124486200
2020-12-29,AAPL,134.38507537843176,135.1054204796811,130.77356128298763,131.28948974609375,121047300
2020-12-30,AAPL,131.9806813052001,132.37980036355688,129.8585472989338,130.17005920410156,96452100
2020-12-31,AAPL,130.5204870277971,131.16296911492586,128.2231389904879,129.16738891601562,99116600
2021-01-04,AAPL,129.97535392263828,130.0629610638514,123.39481436257799,125.9744644165039,143301900
2021-01-05,AAPL,125.46826076163048,128.24260563447913,125.020466187956,127.53197479248047,97664900
2021-01-06,AAPL,124.32932099883892,127.570918733124,123.02489113823766,123.23905181884766,155088000
2021-01-07,AAPL,124.9523759594321,128.13557011102623,124.46564966087615,127.44441223144531,109578200
2021-01-08,AAPL,128.91428961570313,129.10899197173987,126.77269738263777,128.5443878173828,105158200
2021-01-11,AAPL,125.76030156918269,126.71428063801753,125.08861712398671,125.55587005615234,100384500
2021-01-12,AAPL,125.08859951093686,126.24700992969254,123.49213860159901,125.3806381225586,91951100
2021-01-13,AAPL,125.34172565614995,127.9603149883141,125.07890420286044,127.4151840209961,88636800
2021-01-14,AAPL,127.32757155716695,127.52225905827079,125.34172042627678,125.48774719238281,90221800
2021-01-15,AAPL,125.36118590805361,126.76295959555424,123.6284420036996,123.76472473144531,111598500
2021-01-19,AAPL,124.38772578454656,125.29304408982054,123.57002946950722,124.4364013671875,90757300
2021-01-20,AAPL,125.24440267739962,128.97272754861257,125.13732230785592,128.52493286132812,104319500
2021-01-21,AAPL,130.24795849137539,135.96212039668015,130.0435269134471,133.2364501953125,120150900
2021-01-22,AAPL,132.66205104466366,136.13728217261755,131.43550674558008,135.37799072265625,114459400
2021-01-25,AAPL,139.2718507560153,141.23821403300437,132.91519251886263,139.12582397460938,157611700
2021-01-26,AAPL,139.78775742744395,140.4691710725819,137.61694808504978,139.35943603515625,98390600
2021-01-27,AAPL,139.6222601892596,140.46917381461645,136.6824448551771,138.28863525390625,140843800
2021-01-28,AAPL,135.81605814636788,138.22048632254183,133.07091575107856,133.4505615234375,142621100
2021-01-29,AAPL,132.22399608017142,133.10984102627805,126.7532002152796,128.4567413330078,177523800
2021-02-01,AAPL,130.19925735971532,131.78598951100426,127.45411448597895,130.5789031982422,106239800
2021-02-02,AAPL,132.12665611956461,132.69126014883398,131.03639446508643,131.40631103515625,83305400
2021-02-03,AAPL,132.15589194554707,132.165635975879,130.0629752354402,130.38421630859375,89880900
2021-02-04,AAPL,132.68155527349182,133.75234392204015,131.01694525702797,133.74261474609375,84183100
2021-02-05,AAPL,133.90348403057772,133.97171978594034,132.45086722756864,133.32827758789062,75693800
2021-02-08,AAPL,132.61661008272995,133.5232814106689,131.53446261926186,133.4745330810547,71297200
2021-02-09,AAPL,133.19178552172198,134.4201778248724,132.44111786524098,132.5970916748047,76774200
2021-02-10,AAPL,133.0552748381974,133.55248682280848,131.0274669252529,131.9926300048828,73046600
2021-02-11,AAPL,132.4898491628531,132.9675589258699,130.4133074654321,131.7391815185547,64280000
2021-02-12,AAPL,130.9787653308469,132.12914848493614,130.33532312132203,131.97315979003906,60145100
2021-02-16,AAPL,132.0901279755408,132.59706880200096,129.45786770907952,129.84783935546875,80576300
2021-02-17,AAPL,127.95653915633494,128.90220010245756,126.22120594870577,127.55682373046875,97918500
2021-02-18,AAPL,125.9579652802824,126.73789375549589,124.21288851935199,126.4551773071289,96856700
2021-02-19,AAPL,126.97187831271118,127.43008573965325,125.56801001534814,126.61115264892578,87668800
2021-02-22,AAPL,124.7978296513902,126.46492703235708,122.44830783858197,122.83827209472656,103916400
2021-02-23,AAPL,120.6544792375418,123.5304515985531,115.41922654111875,122.7017822265625,158273000
2021-02-24,AAPL,121.80487424070276,122.40931177714582,119.16287735238498,122.20458221435547,111039900
2021-02-25,AAPL,121.55140392768223,123.28673718148006,117.51528958023444,117.95399475097656,148199500
2021-02-26,AAPL,119.51383705660506,121.71712880247114,118.15871701805524,118.21721649169922,164560400
2021-03-01,AAPL,120.64473383419431,124.71984514122286,119.70882406427694,124.58335876464844,116307900
2021-03-02,AAPL,125.18779891061432,125.49001767022227,121.87311395477933,121.98035430908203,102260900
2021-03-03,AAPL,121.67814086921052,122.55555866097826,118.78266587535208,118.99714660644531,112966300
2021-03-04,AAPL,118.69491428410296,120.49849054949536,115.64345838509743,117.11556243896484,178155000
2021-03-05,AAPL,117.94426827018953,118.88017822568953,114.61983137511395,118.37322235107422,153766600
2021-03-08,AAPL,117.89548670485603,117.96372988743823,113.29392514231552,113.4401626586914,154376600
2021-03-09,AAPL,116.04318464645965,118.99715180961525,115.80920903774101,118.0514907836914,129525800
2021-03-10,AAPL,118.63641195525601,119.10436305827703,116.45261534799565,116.96932220458984,111943300
2021-03-11,AAPL,119.46507539206557,120.11826113686391,118.21719592798866,118.89962768554688,103026500
2021-03-12,AAPL,117.37879987716553,118.12947496626138,116.16991732521446,117.99298858642578,88105100
2021-03-15,AAPL,118.36345366505867,120.8884590376453,117.39829045128926,120.87870788574219,92403800
2021-03-16,AAPL,122.54580261068884,124.02766536377307,121.59039794957519,122.4190673828125,115227900
2021-03-17,AAPL,120.93721906750288,122.70179839737172,119.27012151430435,121.62940216064453,111932600
2021-03-18,AAPL,119.79656889154106,120.08904396527872,117.30080936399335,117.50553894042969,121229700
2021-03-19,AAPL,116.8913345232248,118.38294083560933,116.67685382299581,116.97907257080078,185549500
2021-03-22,AAPL,117.31055690317099,120.76172845240197,117.24231371312757,120.29376983642578,111912300
2021-03-23,AAPL,120.2352652049879,121.12242658262932,119.07512365781542,119.465087890625,95467100
2021-03-24,AAPL,119.73808337691133,119.8160777258849,117.05708899403655,117.07658386230469,88530500
2021-03-25,AAPL,116.5403780411406,118.60718345893137,116.0139273940255,117.56402587890625,98844700
2021-03-26,AAPL,117.33003655489678,118.43168604296147,115.9359194779791,118.16845703125,94071200
2021-03-29,AAPL,118.59741859593674,119.50408225482553,117.70050608807547,118.34394073486328,80819200
2021-03-30,AAPL,117.09606408266947,117.37878796591035,115.87743050212212,116.8913345336914,85671900
2021-03-31,AAPL,118.59743117177423,120.42050239594532,118.10997769999379,119.08488464355469,118323800
2021-04-01,AAPL,120.5570011392304,121.06394949790783,119.41635431579364,119.91355895996094,75089100
2021-04-05,AAPL,120.76173132452315,122.99426922039768,119.98180275866349,122.74079132080078,88651200
2021-04-06,AAPL,123.32571551492187,123.93990414772982,122.49704618679874,123.0429916381836,80171300
2021-04-07,AAPL,122.6725329855432,124.71008476944755,121.9998448664795,124.69058990478516,83466700
2021-04-08,AAPL,125.71425994840894,127.11812846744388,125.29505706125592,127.08888244628906,88844600
2021-04-09,AAPL,126.54289903368493,129.70158738082736,126.22117802130997,129.66259765625,106686700
2021-04-12,AAPL,129.19468770758402,129.51640882237047,127.35211395991703,127.94680786132812,91420000
2021-04-13,AAPL,129.11667689697725,131.28097148351077,128.61946483937675,131.05673217773438,91266500
2021-04-14,AAPL,131.55393195001986,131.6124239805342,128.35623869078685,128.71694946289062,87222800
2021-04-15,AAPL,130.46205515581354,131.61243821608534,130.286564169391,131.12498474121094,89347100
2021-04-16,AAPL,130.93001971708307,131.29073056509336,129.93561036138595,130.7935333251953,84922400
2021-04-19,AAPL,130.15982336917756,132.07064756343885,129.99409097045535,131.45645141601562,94264200
2021-04-20,AAPL,131.63192734239016,132.12912448166279,128.5024698015972,129.7698516845703,94812300
2021-04-21,AAPL,129.0387223131278,130.39384277572347,128.0053230234237,130.15011596679688,68847100
2021-04-22,AAPL,129.7016154150474,130.78376273570044,128.11252718583415,128.6292266845703,84566500
2021-04-23,AAPL,128.84369107132306,131.72940697661994,128.84369107132306,130.94949340820312,78657500
2021-04-26,AAPL,131.44673317968144,131.67095765954295,130.20859693053708,131.33949279785156,66905100
2021-04-27,AAPL,131.62218352757128,132.01215523774303,130.7447732125093,131.0177459716797,66015800
2021-04-28,AAPL,130.9397203492265,131.63191067198548,129.7405892381977,130.22804260253906,107760100
2021-04-29,AAPL,133.0455464580238,133.630496551131,129.12641653636294,130.1305694580078,151101000
2021-04-30,AAPL,128.4732479162047,130.2085812488916,127.78107225167611,128.16128540039062,109839500
2021-05-03,AAPL,128.7266884414814,130.7057629484472,128.52196634221076,129.21414184570312,75135100
2021-05-04,AAPL,127.89804644623831,128.19052150938094,123.52070884107249,124.64185333251953,137564700
2021-05-05,AAPL,125.95797834787251,127.17661206810328,124.75884693241741,124.88558959960938,84000900
2021-05-06,AAPL,124.68083714349731,126.49416448959799,123.9399058507591,126.48442077636719,78128300
2021-05-07,AAPL,127.78325616498553,128.1836356126159,126.44535491426944,127.15825653076172,78973300
2021-05-10,AAPL,126.37699713829772,126.50394017112625,123.83792786540381,123.87699127197266,88071200
2021-05-11,AAPL,120.60552510907532,123.31060121990447,119.89263087268371,122.95904541015625,126142800
2021-05-12,AAPL,120.50785562792139,121.71879146016067,119.3848068747701,119.89261627197266,112172300
2021-05-13,AAPL,121.66021008886267,123.19341357180042,121.34771025318693,122.04106903076172,105861300
2021-05-14,AAPL,123.29107903765586,124.89264176534579,122.90045234662759,124.46295166015625,81918000
2021-05-17,AAPL,123.84768989501724,123.95511239550505,122.23635983828252,123.31057739257812,74244600
2021-05-18,AAPL,123.59379552967953,124.01371786549493,121.8555147978895,121.92387390136719,63342900
2021-05-19,AAPL,120.27349900757707,121.9922444710152,119.98052713623112,121.76763916015625,92612000
2021-05-20,AAPL,122.29500254594112,124.72664262360804,122.16804457222597,124.32624816894531,76857100
2021-05-21,AAPL,124.82426479688547,125.00004641017311,122.27543512950636,122.49028015136719,79295400
2021-05-24,AAPL,123.05669713625909,124.94146389287052,122.98833802904868,124.12114715576172,63092900
2021-05-25,AAPL,124.82427842870585,125.31256736390405,123.35943397486378,123.92584228515625,72009500
2021-05-26,AAPL,123.98441377739123,124.40433608477755,123.45706896458631,123.87699127197266,56575900
2021-05-27,AAPL,123.4766045875031,124.64847698408089,122.14847856440403,122.34378814697266,94625600
2021-05-28,AAPL,122.62699066719642,122.85160338976284,121.63089988807833,121.68949127197266,71311100
2021-06-01,AAPL,122.1484865589402,122.4121552577231,121.03520547415292,121.36723327636719,67637100
2021-06-02,AAPL,121.36721900446283,122.30471836295723,121.14261374127888,122.12893676757812,59278900
2021-06-03,AAPL,121.75786579428137,121.92387970340114,120.2441902802076,120.64458465576172,76229200
2021-06-04,AAPL,121.16213974078971,123.20315975663462,120.94729474432367,122.93948364257812,75169300
2021-06-07,AAPL,123.21294850959707,123.35943444565716,121.90435770211774,122.94927978515625,71057600
2021-06-08,AAPL,123.63286644051075,125.44928155152503,123.2520074907996,123.76958465576172,74403800
2021-06-09,AAPL,124.22856322000109,124.75590806990476,123.55473244780471,124.15043640136719,56877900
2021-06-10,AAPL,124.04301097808155,125.1855951846905,122.98832875360279,123.15434265136719,71186400
2021-06-11,AAPL,123.56451405558266,124.45318995364758,123.14459167144136,124.36529541015625,53522400
2021-06-14,AAPL,124.82425990854335,127.4805045322462,124.0918377902917,127.42191314697266,96906500
2021-06-15,AAPL,126.89457246686105,127.53910749038236,126.35745994725994,126.60160064697266,62746300
2021-06-16,AAPL,127.31450018091431,127.82231705994997,125.449276371544,127.09965515136719,91815000
2021-06-17,AAPL,126.75788205128507,129.4434303366887,126.61138865865254,128.70123291015625,96721700
2021-06-18,AAPL,127.64656080258288,128.42779930928762,127.1875749842507,127.40242004394531,108953300
2021-06-21,AAPL,127.24615390753081,129.30670230447237,126.18170388050524,129.19927978515625,79663300
2021-06-22,AAPL,129.0332571523742,130.93755177411464,128.53520055049577,130.8398895263672,74783600
2021-06-23,AAPL,130.63484911301182,131.17196179435507,130.10749669817656,130.5664825439453,60214200
2021-06-24,AAPL,131.2988830515641,131.4844323925828,129.81450322458238,130.28326416015625,68711000
2021-06-25,AAPL,130.33206780671978,130.7519826258196,129.6972930949088,129.99026489257812,70783700
2021-06-28,AAPL,130.28326829600795,132.08014056924634,130.22467690249317,131.62115478515625,62111300
2021-06-29,AAPL,131.64068656233414,133.29108030597018,131.20123622200433,133.13482666015625,64556100
2021-06-30,AAPL,132.97853765971635,134.18948074107257,132.68556587699877,133.75003051757812,63261400
2021-07-01,AAPL,133.3985152300678,134.1114020662822,132.57819096384344,134.0528106689453,52485800
2021-07-02,AAPL,134.66800143213112,136.71878923106325,134.521522975564,136.6797332763672,78852600
2021-07-06,AAPL,136.78717260963688,139.79497322979873,136.78717260963688,138.69146728515625,108181800
2021-07-07,AAPL,140.17581304211686,141.4941787382535,139.3164479398055,141.1816864013672,104911600
2021-07-08,AAPL,138.2617906456667,140.68366270138483,137.37311474377276,139.8828887939453,105575500
2021-07-09,AAPL,139.4043413205293,142.23636751298437,139.30667907892771,141.7090301513672,99890800
2021-07-12,AAPL,142.78327143895456,142.89069395646402,140.62506082396192,141.11334228515625,76299700
2021-07-13,AAPL,140.65435663279786,144.00397520789517,140.2637374239949,142.22662353515625,100827100
2021-07-14,AAPL,144.62896358307862,146.0645121600824,144.2187940743634,145.6543426513672,127050800
2021-07-15,AAPL,145.74225840567044,146.48444087501676,143.64263914576114,145.00006103515625,106820300
2021-07-16,AAPL,144.98055328375486,146.25007329563246,142.46101889049345,142.9590606689453,93251400
2021-07-19,AAPL,140.3808931785124,140.69340040632105,138.3496409012505,139.11135864257812,121434600
2021-07-20,AAPL,140.09774354697396,143.6524324995489,139.60946201556987,142.7246856689453,96350000
2021-07-21,AAPL,142.11920648842988,142.7051502253578,141.24030578420624,141.99224853515625,74993500
2021-07-22,AAPL,142.5195913490058,144.72661812834664,142.39263340422124,143.35943603515625,77338200
2021-07-23,AAPL,144.09187799846512,145.23445495496276,143.47663852143975,145.0782012939453,71447400
2021-07-26,AAPL,144.79501181913238,146.31844783738003,144.23836371183495,145.49813842773438,72434100
2021-07-27,AAPL,145.6250840111189,145.71298601459037,142.13876150930636,143.33016967773438,104818600
2021-07-28,AAPL,141.41609361273288,143.52547338784896,139.19929130551824,141.5821075439453,118931200
2021-07-29,AAPL,141.29889173837356,143.1152993715257,141.1914692207776,142.22662353515625,56699500
2021-07-30,AAPL,140.99615834422465,142.90045304700064,140.73248218501953,142.44146728515625,70440600
2021-08-02,AAPL,142.9297606339798,143.50592922511103,141.84577511280253,142.1094512939453,62880000
2021-08-03,AAPL,142.39266574077612,144.5703973198966,141.77742620853948,143.90634155273438,64786600
2021-08-04,AAPL,143.81842770211748,144.32622969980267,142.8516250314263,143.50592041015625,56368300
2021-08-05,AAPL,143.53521546251628,144.37506017943633,142.74420187239215,143.61334228515625,46397700
2021-08-06,AAPL,143.1341182329051,143.87741265764788,142.42993828378326,142.92872619628906,54126800
2021-08-09,AAPL,142.98742050984688,143.47643358609363,142.3223698894288,142.8798370361328,48908700
2021-08-10,AAPL,143.22212723273427,144.46422440880676,142.1071782098756,142.4005889892578,69023100
2021-08-11,AAPL,142.84070404163072,143.4959796880464,142.33212632967644,142.65487670898438,48493500
2021-08-12,AAPL,142.97763397957073,145.77478914489808,142.63531888467134,145.61830139160156,72282600
2021-08-13,AAPL,145.6965517804986,146.15622524916978,145.01193648359285,145.82369995117188,59375000
2021-08-16,AAPL,145.27597699148956,147.8677548726636,143.25147091055382,147.79928588867188,103296000
2021-08-17,AAPL,146.92883920441727,148.3469738946529,145.81389018106398,146.8897247314453,92229700
2021-08-18,AAPL,146.50827107774236,147.40805304290222,142.93846787438542,143.14385986328125,86326000
2021-08-19,AAPL,141.8431384679369,144.74787747327346,141.32478577627037,143.4764404296875,86960300
2021-08-20,AAPL,144.20018093381358,145.23688628655097,143.5546800797901,144.93370056152344,60549600
2021-08-23,AAPL,145.05107287931523,146.8897670318289,144.64030363910405,146.42031860351562,60131800
2021-08-24,AAPL,146.16599748585364,147.54501786684636,145.87258667150505,146.33226013183594,48606400
2021-08-25,AAPL,146.51806444524348,147.01686722827083,144.55223766808206,145.0999298095703,58991300
2021-08-26,AAPL,145.09017201862116,145.84324134015625,144.26861878609316,144.29795837402344,48597200
2021-08-27,AAPL,144.2392565978135,145.48135367838458,143.60354572760687,145.33465576171875,55802400
2021-08-30,AAPL,145.7258929660488,150.11723565003402,145.3444633733459,149.75535583496094,90956700
2021-08-31,AAPL,149.3054461965621,149.44236923362013,147.96554048732443,148.49368286132812,86453100
2021-09-01,AAPL,149.4717126602179,151.57446255268852,148.99247455645138,149.1587371826172,80313700
2021-09-02,AAPL,150.48886382470346,151.32019193818465,149.05116433458483,150.27369689941406,71115500
2021-09-03,AAPL,150.38126619393228,151.2321589268622,149.72599059173956,150.90940856933594,57808700
2021-09-07,AAPL,151.56469648456283,153.8043695479327,150.99743959102315,153.2469024658203,82278300
2021-09-08,AAPL,153.53051823549217,153.58919740809037,150.59644021764143,151.7016143798828,74420200
2021-09-09,AAPL,152.0732585427631,152.6796298490877,150.56709024038778,150.68446350097656,57305700
2021-09-10,AAPL,151.594076369537,152.06352481455383,145.4325077001403,145.6965789794922,140893200
2021-09-13,AAPL,147.32004846636258,148.09268237347644,145.48135496921765,146.26377868652344,102404300
2021-09-14,AAPL,147.04622803340942,147.7504080093713,143.68181590903453,144.86521911621094,109296300
2021-09-15,AAPL,145.2955602871313,146.15622806180076,143.15368066284816,145.75523376464844,83281300
2021-09-16,AAPL,145.1781771600229,145.69652972947753,143.98498428450677,145.52047729492188,68034100
2021-09-17,AAPL,145.54984051172312,145.54984051172312,142.55706833315722,142.85047912597656,129868800
2021-09-20,AAPL,140.6401600731503,141.65730067907975,138.16575516526504,139.79905700683594,123478900
2021-09-21,AAPL,140.76730289175725,141.42259357419263,139.64257873843403,140.27828979492188,75834000
2021-09-22,AAPL,141.27583538032138,143.21232244413056,140.54231597032648,142.64508056640625,76404300
2021-09-23,AAPL,143.42750895866175,143.8480679048245,142.43970805715156,143.6035614013672,64838200
2021-09-24,AAPL,142.45926674371992,144.22949136628228,142.36145817706782,143.6915740966797,53477900
2021-09-27,AAPL,142.27346776582567,142.75270596031078,140.65973055901063,142.1756591796875,74150700
2021-09-28,AAPL,140.10220759436288,141.5692464173405,138.57648960622467,138.79165649414062,108972300
2021-09-29,AAPL,139.3393925185162,141.2758801966286,138.90905860704783,139.6914825439453,74602000
2021-09-30,AAPL,140.50321039247126,141.20739026450596,138.17550387527373,138.3906707763672,89056700
2021-10-01,AAPL,138.7818766539813,139.77946730384753,136.0531908135578,139.51539611816406,94639600
2021-10-04,AAPL,138.6449736382081,139.08509731906585,135.23167212302508,136.08255004882812,98322000
2021-10-05,AAPL,136.42487967911666,139.11445172258436,136.2977314979069,138.00927734375,80861100
2021-10-06,AAPL,136.4052949835953,139.02639764577518,135.32946035449564,138.87969970703125,83221100
2021-10-07,AAPL,139.91641559084152,141.05092948182715,139.58389028870607,140.141357421875,61732700
2021-10-08,AAPL,140.86507705840515,141.01177498221017,139.42737771114903,139.75990295410156,58773200
2021-10-11,AAPL,139.1437779877816,141.62795772548145,138.69387941362646,139.67190551757812,64452200
2021-10-12,AAPL,140.08267299121655,140.1022376916366,137.94079346178435,138.4004669189453,73035900
2021-10-13,AAPL,138.13639477336537,138.29286758829517,136.1412134172162,137.8136444091797,78762700
2021-10-14,AAPL,138.98727624385413,140.71838645223315,138.4004546711347,140.60101318359375,69907100
2021-10-15,AAPL,140.6107923523626,141.7159515069994,140.35649605913446,141.6572723388672,67940300
2021-10-18,AAPL,140.29779550162618,143.6133023070473,140.01417459106327,143.32968139648438,85589200
2021-10-19,AAPL,143.77960431394027,145.8921441646938,143.32972068785898,145.49114990234375,76378900
2021-10-20,AAPL,145.43248657280327,146.45941702243417,144.86522961087866,145.9801788330078,58418800
2021-10-21,AAPL,145.54005210514717,146.35181550626882,144.62070524306984,146.19532775878906,61421000
2021-10-22,AAPL,146.40077113044538,146.87999450534622,145.37384044730348,145.42274475097656,58883400
2021-10-25,AAPL,145.4128937692613,146.08773407498782,144.3761886308666,145.373779296875,50720600
2021-10-26,AAPL,146.04865428407604,147.5254684740955,145.73567873669694,146.03887939453125,60893400
2021-10-27,AAPL,146.07798106118008,146.43984594803317,145.22710311706854,145.57919311523438,56094900
2021-10-28,AAPL,146.5278661763529,149.804244404835,146.43005760449074,149.21743774414062,100077900
2021-10-29,AAPL,143.98497686283406,146.64520855406127,143.19277825689716,146.50828552246094,124953200
2021-11-01,AAPL,145.71609190400514,146.4104819724985,144.5522386338212,145.68675231933594,74588300
2021-11-02,AAPL,145.39334900645795,148.23940825327995,145.38355919540496,146.7234649658203,69122000
2021-11-03,AAPL,147.08531361837095,148.63059632188478,146.52784661894307,148.16114807128906,54511500
2021-11-04,AAPL,148.249208975671,149.0805222679595,147.32986198602657,147.64283752441406,60394600
2021-11-05,AAPL,148.76915899673787,149.07278712412187,146.976757690118,148.17169189453125,65463900
2021-11-08,AAPL,148.29903947767883,148.45575560494797,147.07472275577462,147.34896850585938,55020900
2021-11-09,AAPL,147.1138975747547,148.31862107112684,146.9767746966739,147.71136474609375,56787900
2021-11-10,AAPL,146.93764173788648,147.04538223791627,144.81222909664123,144.8807830810547,65187100
2021-11-11,AAPL,145.89938743250096,146.35971678839883,144.64567331029048,144.83177185058594,41000000
2021-11-12,AAPL,145.38028875154347,147.30981351364665,144.44981083290466,146.9082489013672,63804000
2021-11-15,AAPL,147.28040751304476,148.7593917575851,146.3597188974358,146.9180145263672,59222800
2021-11-16,AAPL,146.85925789370467,148.37741378411212,146.27157982474884,147.89747619628906,59256200
2021-11-17,AAPL,147.89748945260723,151.81530374274254,147.88770029718108,150.33633422851562,88807000
2021-11-18,AAPL,150.55181209560718,155.40989334552083,149.90536916424182,154.62632751464844,137827700
2021-11-19,AAPL,154.41082730572364,157.71159552855715,153.31384424629613,157.25125122070312,117305600
2021-11-22,AAPL,158.3580215257173,162.29542845267346,157.69200037488366,157.7115936279297,117467900
2021-11-23,AAPL,157.80951705712113,158.47555309859132,155.79184557181551,158.09356689453125,96041900
2021-11-24,AAPL,157.44716451205608,158.80860440364947,156.35997042990053,158.6127166748047,69463600
2021-11-26,AAPL,156.2913900038225,157.15329885394945,153.14733793761846,153.5880889892578,76959800
2021-11-29,AAPL,156.09548196515397,157.8780943084946,155.52739720558188,156.94761657714844,88748200
2021-11-30,AAPL,156.7027606504653,162.11913695746247,156.6341917361946,161.90365600585938,174048100
2021-12-01,AAPL,164.03886252915143,166.8009284808444,161.1494777894876,161.38455200195312,152052500
2021-12-02,AAPL,155.47844855141722,160.82625610567675,154.55775990226203,160.39529418945312,136739200
2021-12-03,AAPL,160.64997170977935,161.57066041655554,156.43831855392804,158.51475524902344,118023100
2021-12-06,AAPL,160.91438234430973,164.43063118657795,160.90459319122638,161.92323303222656,107497000
2021-12-07,AAPL,165.60599842826275,168.05463216133037,164.881197462976,167.662841796875,120405400
2021-12-08,AAPL,168.593312102322,172.34462027485748,167.19268602213367,171.48269653320312,116998900
2021-12-09,AAPL,171.3161880617465,173.11837862863902,170.3465238704593,170.97337341308594,108923700
2021-12-10,AAPL,171.6100212029294,175.93920304428585,171.1007012965135,175.7628936767578,115402700
2021-12-13,AAPL,177.3985839315142,178.3878413686235,171.92344335477927,172.12913513183594,153237000
2021-12-14,AAPL,171.64921855709608,174.08806304841983,168.67168661995763,170.7481231689453,139380400
2021-12-15,AAPL,171.51207028188244,175.81186972926076,168.76959801571434,175.61598205566406,131063300
2021-12-16,AAPL,175.5963934569458,177.4181772656769,167.2416576691539,168.7206268310547,150185800
2021-12-17,AAPL,166.43851201579665,169.90578548213614,166.20345276063674,167.6236572265625,195432700
2021-12-20,AAPL,164.82242453025603,167.07517044282818,164.01928047689202,166.26222229003906,107499100
2021-12-21,AAPL,168.03504264727704,169.641345814115,165.64517367936028,169.4356689453125,91185900
2021-12-22,AAPL,169.48461926274177,172.24668517933623,168.6129062856775,172.0312042236328,92135300
2021-12-23,AAPL,172.23687751170715,173.21633086134378,171.6687927754853,172.6580352783203,68356600
2021-12-27,AAPL,173.45138279506557,176.71296410542078,173.4318044894933,176.62481689453125,74919600
2021-12-28,AAPL,176.4583204970068,177.60427913199814,174.86180674158715,175.60618591308594,79144300
2021-12-29,AAPL,175.6453602839472,176.91865254996387,174.47980847763824,175.6943359375,62348900
2021-12-30,AAPL,175.78251482342475,176.85991961465393,174.4308642572052,174.53860473632812,59773000
2021-12-31,AAPL,174.43087489725414,175.5474513193314,173.61792667706044,173.92156982421875,64062300
2022-01-03,AAPL,174.17620137564992,179.12244407617163,174.05867174915193,178.2703094482422,104487900
2022-01-04,AAPL,178.8776038701533,179.1812320747434,175.43971239750775,176.00779724121094,99310400
2022-01-05,AAPL,175.9196433238863,176.46813489136744,171.05175824457976,171.3260040283203,94537600
2022-01-06,AAPL,169.15158724290762,171.6981718811385,168.11336910348592,168.46597290039062,96904000
2022-01-07,AAPL,169.33766907213513,170.56198561495097,167.51588545861432,168.63246154785156,86709100
2022-01-10,AAPL,165.6060136268591,168.95574308768624,164.71470727935647,168.65211486816406,106765600
2022-01-11,AAPL,168.77941063247667,171.58063290230876,167.3102305884416,171.48269653320312,76138300
2022-01-12,AAPL,172.50135116951776,173.53956952156884,171.22807353490404,171.92347717285156,74805200
2022-01-13,AAPL,172.16834964468802,172.99108706764017,168.26032446775187,168.65211486816406,84505800
2022-01-14,AAPL,167.81954242119846,170.20941111487983,167.57467907053888,169.51400756835938,80440800
2022-01-18,AAPL,167.986029250503,168.99486494876345,165.92918629810023,166.31117248535156,90956700
2022-01-19,AAPL,166.5070728064469,167.56488423888524,162.53049451772475,162.8145294189453,94815000
2022-01-20,AAPL,163.54914953452655,166.19367112950465,160.8066766064742,161.12989807128906,91420500
2022-01-21,AAPL,161.0417244969125,162.9124840575923,158.96528809380473,159.07302856445312,122848900
2022-01-24,AAPL,156.7321842051612,158.96533743052825,151.5214833824531,158.29930114746094,162294600
2022-01-25,AAPL,155.71348938472497,159.41582185177984,153.79376918824497,156.49705505371094,115798400
2022-01-26,AAPL,160.14061983418955,161.01233270214277,154.57733208034693,156.40890502929688,108275300
2022-01-27,AAPL,159.11220830674253,160.47364799025604,155.02788925620197,155.94857788085938,121954600
2022-01-28,AAPL,162.3052665652414,166.84993078156614,159.45505293330285,166.83033752441406,179935700
2022-01-31,AAPL,166.66381797685227,171.40436952425716,166.0271642085972,171.1888885498047,115541600
2022-02-01,AAPL,170.43467612383174,171.2476242171807,168.769608378118,171.02235412597656,86213900
2022-02-02,AAPL,171.15949584991125,172.266283066221,169.7686736999572,172.2270965576172,84914300
2022-02-03,AAPL,170.8950419808838,172.61888970067017,168.5835311300311,169.34750366210938,89418100
2022-02-04,AAPL,168.3668057872498,170.7401162961765,167.38610440694853,169.0631103515625,82465400
2022-02-07,AAPL,169.52400639061884,170.59296708423147,167.65086354740316,168.34716796875,77251200
2022-02-08,AAPL,168.4157839513578,171.96593186115814,168.1215706490425,171.45596313476562,74829200
2022-02-09,AAPL,172.65246413479986,173.2408759269309,171.5246486789991,172.87802124023438,71285000
2022-02-10,AAPL,170.77931477893978,172.09345086021537,168.23930213729957,168.7982940673828,90865900
2022-02-11,AAPL,169.00425774018962,169.73978371917386,164.79704076038374,165.38546752929688,98670700
2022-02-14,AAPL,164.13996586391173,166.30732224292808,163.34560023389338,165.62083435058594,86185500
2022-02-15,AAPL,167.67046929290464,169.61225329281152,166.96436329942736,169.45533752441406,62527400
2022-02-16,AAPL,168.53352854543166,169.99476394129306,166.7682631690513,169.2200164794922,61177400
2022-02-17,AAPL,167.72933608370406,168.5923579851135,165.2187432406735,165.62083435058594,69589300
2022-02-18,AAPL,166.54270637048876,167.24879755806595,162.98275576839345,164.0713348388672,82772700
2022-02-22,AAPL,161.79608567118115,163.47309136847835,159.0206993785114,161.14883422851562,91162800
2022-02-23,AAPL,162.3453036437316,162.94353209804362,156.66704910552062,156.9808807373047,90009200
2022-02-24,AAPL,149.63543454420616,159.70724299641822,149.0666258865526,159.599365234375,141147500
2022-02-25,AAPL,160.6781069290293,161.9334034703252,157.76542269815738,161.6686248779297,91974200
2022-02-28,AAPL,159.91313801466617,162.2275934848512,159.29529145951147,161.93338012695312,95056600
2022-03-01,AAPL,161.52148207442062,163.38482330332894,158.84417203107242,160.05043029785156,83474400
2022-03-02,AAPL,161.21749147612806,164.13017563125035,159.80527916281847,163.34561157226562,79724800
2022-03-03,AAPL,165.21876441640376,165.6502754224143,162.35511815252505,163.02198791503906,76678400
2022-03-04,AAPL,161.3155594882437,162.35510045432284,158.9716840195684,160.02102661132812,83737200
2022-03-07,AAPL,160.2073525837716,161.8353202073776,155.9707161123603,156.2257080078125,96418800
2022-03-08,AAPL,155.75499927047608,159.73664445127486,152.7932769334802,154.40162658691406,131148300
2022-03-09,AAPL,158.36363528455044,160.25639649791017,156.33359145766846,159.80526733398438,91454900
2022-03-10,AAPL,157.10834060556428,157.29467624132576,152.96978004521466,155.4607696533203,105342000
2022-03-11,AAPL,155.86288565896737,156.20613717728514,151.51838510076294,151.7439422607422,96970100
2022-03-14,AAPL,148.52722554311967,151.14569651195163,147.20328761828517,147.71324157714844,108732100
2022-03-15,AAPL,147.98782853142856,152.56771702935066,147.4778746009712,152.0969696044922,92964300
2022-03-16,AAPL,154.01917189606445,156.91223829679822,151.47915863007114,156.51014709472656,102300200
2022-03-17,AAPL,155.549028989307,157.89290442537197,154.58794593498652,157.52023315429688,75615400
2022-03-18,AAPL,157.41234943730183,161.30573452736996,156.67682351294607,160.8153839111328,123511700
2022-03-21,AAPL,160.3544483255179,163.13965111509174,159.86409772398687,162.18836975097656,95811400
2022-03-22,AAPL,162.3158776286816,166.15042355950408,161.7274657879275,165.56201171875,81532000
2022-03-23,AAPL,164.74798274738075,169.30823686478777,164.41453300137204,166.92514038085938,98062700
2022-03-24,AAPL,167.75877268098228,170.77933467330854,166.92518550141648,170.710693359375,90131400
2022-03-25,AAPL,170.5243286011813,171.8973042886656,169.41613146208226,171.34811401367188,80546200
2022-03-28,AAPL,168.84733794398963,172.33863211398676,168.68062052174977,172.21115112304688,90371900
2022-03-29,AAPL,173.28012092274494,175.55534023387025,172.93686947046768,175.50631713867188,100589400
2022-03-30,AAPL,175.10424033882794,176.1437814426428,173.2899367384836,174.33929443359375,92633200
2022-03-31,AAPL,174.40792609212167,174.59426174462104,171.03431102289065,171.24026489257812,103049300
2022-04-01,AAPL,170.67144974905557,171.5050518578882,168.62178757896973,170.946044921875,78751300
2022-04-04,AAPL,171.20101381741605,175.04536068416874,171.0735178742133,174.99632263183594,76468400
2022-04-05,AAPL,174.07449332905188,174.85905741860927,171.0539313110609,171.68157958984375,73401800
2022-04-06,AAPL,169.03368653783352,170.27918145157616,166.846726701127,168.513916015625,89058800
2022-04-07,AAPL,167.85684898260146,170.01438898962488,166.57213259059588,168.81793212890625,77594700
2022-04-08,AAPL,168.46488285345913,168.46488285345913,165.9346714824091,166.8074951171875,76575500
2022-04-11,AAPL,165.4541214198734,165.76793805160875,162.306063690876,162.55123901367188,72246700
2022-04-12,AAPL,164.77744578641645,166.59173431379904,163.42407312851623,164.4243927001953,79265200
2022-04-13,AAPL,164.1595454703461,167.7390982584529,163.55151561789108,167.1114501953125,70618900
2022-04-14,AAPL,167.32725269207126,167.96471752203973,161.85493758758528,162.10011291503906,75329400
2022-04-18,AAPL,160.75655343597518,163.38484067093813,160.41331696354428,161.88436889648438,69023900
2022-04-19,AAPL,161.8353289533827,164.58129552240263,160.7467499371193,164.1693878173828,67723800
2022-04-20,AAPL,165.50314204406817,165.62083637298807,162.89448802131358,164.00267028808594,67929800
2022-04-21,AAPL,165.6502801659303,168.21971309344158,162.7081759108626,163.2083282470703,87227800
2022-04-22,AAPL,163.2475677102336,164.6303453628702,158.38328200071132,158.6676788330078,84882400
2022-04-25,AAPL,158.01060452122857,160.02104538080667,155.40195017437114,159.7366485595703,96046400
2022-04-26,AAPL,159.11877502482716,159.20703454434567,153.69549840448505,153.77395629882812,95623200
2022-04-27,AAPL,152.90114966122312,156.70626068843154,152.38137914765707,153.5484161376953,88063200
2022-04-28,AAPL,156.17670074562366,161.34500140614668,155.86286910913438,160.4819793701172,130216800
2022-04-29,AAPL,158.7167001847882,162.9925585964128,154.21528465651994,154.60755920410156,131747600
2022-05-02,AAPL,153.68571389859628,155.17636916422146,150.31209888761785,154.91159057617188,123055300
2022-05-03,AAPL,155.09790243206862,157.60851029484962,153.30323224685807,156.40223693847656,88966500
2022-05-04,AAPL,156.58859524312854,163.26716957480116,156.1865040661354,162.81605529785156,108256500
2022-05-05,AAPL,160.68793581379188,160.91349295341686,151.9596840798174,153.74456787109375,130525300
2022-05-06,AAPL,153.22400390708842,156.59275954886184,151.42668182783396,154.47132873535156,116124600
2022-05-09,AAPL,152.1633023773659,153.0472394567593,148.7847453865434,149.3445587158203,131577900
2022-05-10,AAPL,152.74276671948687,153.9409814618481,150.19900690567323,151.75079345703125,115366700
2022-05-11,AAPL,150.75883036017825,152.67400468671187,143.20615431110124,143.8838348388672,142689800
2022-05-12,AAPL,140.22041656879802,143.58915641213457,136.32131165679368,140.01416015625,182602000
2022-05-13,AAPL,142.00795311338425,145.45528221531998,140.55438668965164,144.4829559326172,113990900
2022-05-16,AAPL,142.95079475797485,144.88561601712348,141.60524980458257,142.9409637451172,86643800
2022-05-17,AAPL,146.20171700867192,147.09547018171415,144.06063880216985,146.57493591308594,78336300
2022-05-18,AAPL,144.2275834099531,144.72847052072004,137.4016833512006,138.30526733398438,109742900
2022-05-19,AAPL,137.3820660685117,139.13027811714653,134.1606406090294,134.89724731445312,136095600
2022-05-20,AAPL,136.60611694229152,138.1873660432014,130.24184145556765,135.13290405273438,137426100
2022-05-23,AAPL,135.32937819993117,140.7016976717336,135.19187888015,140.55438232421875,117726300
2022-05-24,AAPL,138.2954614249139,139.4347501436659,134.8776102549607,137.85350036621094,104132700
2022-05-25,AAPL,135.95793161918118,139.25792986661668,135.8695424217508,138.0106201171875,92482700
2022-05-26,AAPL,134.93652895354754,141.7624148884754,134.69099338044722,141.21241760253906,90601500
2022-05-27,AAPL,142.79365382955837,147.00703727273068,142.66597054796807,146.96775817871094,90978500
2022-05-31,AAPL,146.40794084331958,147.9695433008326,144.2177530085784,146.18203735351562,103718400
2022-06-01,AAPL,147.2231036462002,149.03025660842948,145.04274685421817,146.0543670654297,74286600
2022-06-02,AAPL,145.1900596961789,148.5686307144866,144.23738071765732,148.50970458984375,72348100
2022-06-03,AAPL,144.27665857578705,145.32755774395642,141.88024460504298,142.7838134765625,88570300
2022-06-06,AAPL,144.4043487713543,145.9168559663355,142.31238134609404,143.53024291992188,71598400
2022-06-07,AAPL,141.77222665254513,146.33918169758047,141.52669111278408,146.0543670654297,67808200
2022-06-08,AAPL,145.92671828674779,147.19367537745603,144.82672360419159,145.3177947998047,53950200
2022-06-09,AAPL,144.45345606665015,145.30791486372848,139.98470669380748,140.09274291992188,69473000
2022-06-10,AAPL,137.77489399581836,138.24631801246798,134.61239520262438,134.68115234375,91437900
2022-06-13,AAPL,130.49721341200203,132.78560625742455,129.0927574306163,129.52490234375,122207100
2022-06-14,AAPL,130.7525781704987,131.49900074632365,129.13203476822937,130.38917541503906,84784300
2022-06-15,AAPL,131.89184853709685,134.8873847695174,129.79989617338862,133.01148986816406,91533000
2022-06-16,AAPL,129.72136617299006,130.02582791022192,126.73564497252207,127.73743438720703,108123900
2022-06-17,AAPL,127.74724995941777,130.70349274398822,127.49188338256819,129.21063232421875,134520300
2022-06-21,AAPL,131.0374040187389,134.61240084976376,130.93919879539584,133.4436492919922,81000500
2022-06-22,AAPL,132.38292546422988,135.29988866486136,131.51865061736427,132.9329376220703,73409200
2022-06-23,AAPL,134.37670851634957,136.11508949160935,133.20795685254018,135.80081176757812,72433800
2022-06-24,AAPL,137.40168446081998,139.37579982628543,137.27401616859356,139.13026428222656,89116800
2022-06-27,AAPL,140.1516855515393,140.92758626309347,138.45258378281605,139.13026428222656,70207900
2022-06-28,AAPL,139.59190709051958,140.85886421961922,134.86780444338007,134.98565673828125,67083400
2022-06-29,AAPL,135.00527146488074,138.15793948922365,134.2293707457082,136.74365234375,66242400
2022-06-30,AAPL,134.79900702917675,135.89900141660408,131.38115662088498,134.27847290039062,98964500
2022-07-01,AAPL,133.6106148417446,136.55704136561366,133.23741100607202,136.44900512695312,71051600
2022-07-05,AAPL,135.30974606974897,139.08116882706545,134.4847351652157,139.0320587158203,73353800
2022-07-06,AAPL,138.82581180795694,141.54633502633234,138.56062920663072,140.36776733398438,74064300
2022-07-07,AAPL,140.7311436298687,143.93293666537267,140.72132760332855,143.73651123046875,66253700
2022-07-08,AAPL,142.66597262808202,144.91508669074653,142.41062104747897,144.4141845703125,64547800
2022-07-11,AAPL,143.0686144979095,144.0212933779238,141.21236683210466,142.28289794921875,63141600
2022-07-12,AAPL,143.1570440660671,145.79900902596674,142.4597314847581,143.25526428222656,77588800
2022-07-13,AAPL,140.4365056872071,143.83470899507392,139.58203186092555,142.89186096191406,71185600
2022-07-14,AAPL,141.50706056941064,146.29008864591398,140.69188068401962,145.81866455078125,78140700
2022-07-15,AAPL,147.10527685866828,148.16599237248846,145.5534901802815,147.48831176757812,76259900
2022-07-18,AAPL,148.0481247263253,148.86330457327466,144.08026173602485,144.44366455078125,81420900
2022-07-19,AAPL,145.27846713272842,148.52935529848105,144.28650894193657,148.303466796875,82982400
2022-07-20,AAPL,148.42134117440867,150.9749171763546,147.6847344414976,150.3070526123047,64823400
2022-07-21,AAPL,151.7409787508479,152.79187815956976,149.2266969700013,152.5758056640625,65086600
2022-07-22,AAPL,152.61505981778862,153.48916568446282,150.67042266234586,151.33827209472656,66675400
2022-07-25,AAPL,151.25969613523088,152.27130127731917,149.56059453535912,150.2186279296875,53623900
2022-07-26,AAPL,149.54096368293668,150.3561434947877,148.1070444852617,148.89276123046875,55138700
2022-07-27,AAPL,149.85527117258624,154.52044701167125,149.44277321253915,153.99008178710938,78620700
2022-07-28,AAPL,154.1766972484503,154.8249147765774,151.6525992780924,154.54010009765625,81378700
2022-07-29,AAPL,158.3606307359644,160.70795024668809,156.6516977293032,159.60794067382812,101786900
2022-08-01,AAPL,158.13473753103025,160.66866664290342,158.01688524229766,158.6258087158203,67829400
2022-08-02,AAPL,157.24094628726945,159.50969199737088,156.77933833047933,157.1525421142578,59907000
2022-08-03,AAPL,157.96774380452692,163.61506130985597,157.8793546055034,163.1632843017578,82507500
2022-08-04,AAPL,163.0454397472784,164.20437546779837,161.49365309665475,162.84901428222656,55474100
2022-08-05,AAPL,160.51806934143676,163.114525365312,160.31152641592973,162.62277221679688,56697000
2022-08-08,AAPL,163.62598619996888,165.04223808745311,161.49177870542815,162.15072631835938,60276900
2022-08-09,AAPL,161.31470993875857,163.08502430663805,160.55740587444882,162.19985961914062,63135500
2022-08-10,AAPL,164.91437134851807,166.54699582568117,164.14723743893427,166.4486541748047,70170500
2022-08-11,AAPL,167.25511117853088,168.1697800173322,165.41595884571527,165.7110137939453,57149200
2022-08-12,AAPL,167.01906593388134,169.33029699566112,166.60598003496278,169.26145935058594,68039400
2022-08-15,AAPL,168.69105712274018,170.53020967215141,168.5238628007137,170.33351135253906,54091700
2022-08-16,AAPL,169.93024033504878,170.84490912166515,168.82871793209483,170.17611694335938,56377100
2022-08-17,AAPL,169.9204107737534,173.24465231523857,169.72371248841205,171.67105102539062,79542000
2022-08-18,AAPL,170.88422188584445,172.01524814296215,170.26460810636993,171.27761840820312,62290100
2022-08-19,AAPL,170.17608328056133,170.87437931316396,168.4844513494394,168.6909942626953,70346300
2022-08-22,AAPL,166.89121173091766,167.05840602639253,164.38326728455968,164.80618286132812,69026800
2022-08-23,AAPL,164.32426652803133,165.92738691269662,163.90135093265715,164.47178649902344,54147100
2022-08-24,AAPL,164.56028725907692,165.33725066099007,163.50792827667766,164.76681518554688,53841500
2022-08-25,AAPL,165.99623327523008,167.3338027751895,165.57333266477946,167.22561645507812,51218200
2022-08-26,AAPL,167.75669182805456,168.228770692368,160.86230244265508,160.9213104248047,78961000
2022-08-29,AAPL,158.4920749241394,160.2132113909233,157.18402441564837,158.71829223632812,73314000
2022-08-30,AAPL,159.45592432505862,159.8788249449609,155.11865676791015,156.28903198242188,77906200
2022-08-31,AAPL,157.6659546700505,157.93150567766617,154.54824027156832,154.62692260742188,87991100
2022-09-01,AAPL,154.05643966038986,155.8070798264191,152.11893087993334,155.35467529296875,74229900
2022-09-02,AAPL,157.11516076913463,157.71510032446895,152.41400097767612,153.24014282226562,76957800
2022-09-06,AAPL,153.88928271826865,154.4990520231096,151.1551355030448,151.9812774658203,73714800
2022-09-07,AAPL,152.26648324611122,154.08596126340717,151.07643378022465,153.38768005371094,87449600
2022-09-08,AAPL,152.0894537868935,153.7810862700933,150.1617743268103,151.9124298095703,84923800
2022-09-09,AAPL,152.90574262919617,155.21698869351633,152.19761681404773,154.77439880371094,68028800
2022-09-12,AAPL,156.9577901423654,161.5507634451195,156.67257987610813,160.7344512939453,104956000
2022-09-13,AAPL,157.26267420589616,157.89211772902357,150.8403783347764,151.30262756347656,122656600
2022-09-14,AAPL,152.23697022602627,154.5088829319825,151.0764397160354,152.74839782714844,87965400
2022-09-15,AAPL,152.09926605765543,152.67954626691656,148.88321078041434,149.85687255859375,90481100
2022-09-16,AAPL,148.71599907903905,148.85368936524756,145.92282969048466,148.2144012451172,162278800
2022-09-19,AAPL,146.84734147012324,152.0107501857091,146.64081352548533,151.93206787109375,81474200
2022-09-20,AAPL,150.86987662798256,155.47269441025097,150.5551623818667,154.31214904785156,107689800
2022-09-21,AAPL,154.74490471552286,156.121822780707,151.06660011449515,151.1846160888672,101696800
2022-09-22,AAPL,149.8667164993867,151.9222413623521,148.42096082844884,150.2207794189453,86652500
2022-09-23,AAPL,148.6963269671511,148.97170754367346,146.1097004729062,147.9488525390625,96029900
2022-09-26,AAPL,147.19157145564952,151.23378336075643,147.17189712565283,148.28326416015625,93339400
2022-09-27,AAPL,150.2207592205518,152.16809751273013,147.47676821114496,149.2569122314453,84442700
2022-09-28,AAPL,145.20489532446575,148.1554147485666,142.45107419388137,147.3686065673828,146691400
2022-09-29,AAPL,143.69032433945154,144.30009364647282,138.35970520995244,140.13002014160156,128138200
2022-09-30,AAPL,138.9498262348882,140.7398156433782,135.72392543950448,135.92062377929688,124925300
2022-10-03,AAPL,135.93040692542345,140.71024795379824,135.41897946775094,140.1004638671875,114311700
2022-10-04,AAPL,142.63796359142103,143.80833886784444,141.8806592936553,143.69032287597656,87830100
2022-10-05,AAPL,141.69380954476654,144.94921413848994,140.65127989511333,143.98536682128906,79471000
2022-10-06,AAPL,143.40506352233135,145.1065253655181,142.8247983571862,143.0313262939453,68402200
2022-10-07,AAPL,140.18899129011245,140.73976746295003,137.14996021039673,137.77940368652344,85925600
2022-10-10,AAPL,138.10398864746094,139.54974448383035,136.28451052504542,138.10398864746094,74899000
2022-10-11,AAPL,137.59253769929057,139.01863396780078,135.94025417061508,136.68771362304688,77033700
2022-10-12,AAPL,136.8352517842159,138.04496046792565,135.88124936484056,136.0582733154297,70433700
2022-10-13,AAPL,132.76355465182596,141.22170198168052,132.1537703856876,140.63160705566406,113224000
2022-10-14,AAPL,141.92981170804703,142.1363546632189,135.9107571080086,136.09762573242188,88598000
2022-10-17,AAPL,138.7432621845146,140.5430657827838,137.95645402263972,140.0611572265625,85250900
2022-10-18,AAPL,143.09035010046446,144.28038442851894,138.29083411442357,141.37904357910156,99136600
2022-10-19,AAPL,139.35305140756245,142.55927749459596,139.16618275396215,141.4872589111328,61758300
2022-10-20,AAPL,140.66113173914408,143.48379115188152,140.29722405710444,141.0250244140625,64522000
2022-10-21,AAPL,140.51356590449524,145.41143897685419,140.29719327846567,144.84100341796875,86548600
2022-10-24,AAPL,144.76231202642796,147.75216493318766,143.5919369881937,146.9850311279297,75981900
2022-10-25,AAPL,147.61450271725704,149.97492757312142,146.89654709772452,149.827392578125,74732300
2022-10-26,AAPL,148.4701495749658,149.48316008121265,145.598297355203,146.88670349121094,88194300
2022-10-27,AAPL,145.62778239087538,146.59161434532078,141.75276523834512,142.41171264648438,109180200
2022-10-28,AAPL,145.75566287950778,154.90227649289278,145.3819406077306,153.1713104248047,164762400
2022-10-31,AAPL,150.6338586024099,151.69604741946125,149.41430514421359,150.81088256835938,97943200
2022-11-01,AAPL,152.52219441549875,152.88608702918296,146.6703335656384,148.16525268554688,80379300
2022-11-02,AAPL,146.49328294195223,149.66017491618842,142.60843546015093,142.637939453125,93604600
2022-11-03,AAPL,139.7169294177421,140.44472962212055,136.4615253404881,136.58938598632812,97918500
2022-11-04,AAPL,139.97826383175124,140.54964571240953,132.38285778027205,136.3234100341797,140814800
2022-11-07,AAPL,135.07229477760092,137.08197002566635,133.65369341095922,136.8553924560547,83374600
2022-11-08,AAPL,138.32323704462326,139.32806703138522,135.44663574586633,137.4267578125,89908500
2022-11-09,AAPL,136.44161049413725,136.49087039963513,132.58971737719733,132.8655548095703,74917800
2022-11-10,AAPL,139.14089348616804,144.6872100830078,137.42674799216064,144.6872100830078,118854000
2022-11-11,AAPL,143.6528333928847,147.7805490726991,142.2243712372686,147.47515869140625,93979700
2022-11-14,AAPL,146.75601106211803,148.04653945457946,145.23889010351994,146.07626342773438,73374100
2022-11-15,AAPL,149.9576976256643,151.3073317859871,146.35208917690562,147.81008911132812,89868300
2022-11-16,AAPL,146.91360206864496,147.64259440598903,145.1009371275507,146.57864379882812,64218300
2022-11-17,AAPL,144.2537899006478,149.22874117882532,143.9779523871504,148.48004150390625,80389400
2022-11-18,AAPL,150.0463641188946,150.4305673318375,147.74114484123723,149.04151916503906,74829600
2022-11-21,AAPL,147.928327968664,148.1351985339266,145.52458880647748,145.81027221679688,58724100
2022-11-22,AAPL,145.92847743972578,148.18443654711209,144.74629997055138,147.947998046875,51804100
2022-11-23,AAPL,147.22887996484198,149.5735133563615,147.1205141770319,148.82481384277344,58301400
2022-11-25,AAPL,146.10580754336945,146.66734339247978,144.9334909730617,145.90878295898438,35195900
2022-11-28,AAPL,142.9829242489195,144.46063120272478,141.24908683464577,142.07659912109375,69246000
2022-11-29,AAPL,142.14552449543845,142.65780035300432,138.26409424637174,139.0718994140625,83763800
2022-11-30,AAPL,139.29850181511986,146.50971891238402,138.4611435666205,145.82997131347656,111380900
2022-12-01,AAPL,146.00733016626612,146.91365545012422,144.43110313137328,146.1058349609375,71250400
2022-12-02,AAPL,143.79072424895466,145.80039880762385,143.4853188948338,145.61322021484375,65447400
2022-12-05,AAPL,145.5738317516645,148.67701012513257,143.60355595085647,144.45077514648438,68826400
2022-12-06,AAPL,144.88426506871545,145.11084261882044,139.81079492252832,140.7860870361328,64727200
2022-12-07,AAPL,140.07679006739448,141.2392458201791,137.9193352044314,138.84536743164062,69721100
2022-12-08,AAPL,140.24420863853896,141.38697201949464,139.00294050323058,140.52989196777344,62128300
2022-12-09,AAPL,140.22455886029022,143.4065658669265,138.80595753740835,140.0472412109375,76097000
2022-12-12,AAPL,140.5791698825673,142.352421040337,138.96354439037955,142.3425750732422,70462700
2022-12-13,AAPL,147.27811851695523,147.7411345402718,142.0962984876822,143.30801391601562,93886200
2022-12-14,AAPL,143.18982946326526,144.4803579746899,139.0620984014011,141.08163452148438,82291200
2022-12-15,AAPL,139.01284678575612,139.69259452336593,134.00834311374663,134.4713592529297,98931900
2022-12-16,AAPL,134.65850323442362,135.6042272094749,131.74248840865712,132.51089477539062,160156900
2022-12-19,AAPL,133.1020090197244,133.19066784085936,129.36834224245627,130.40272521972656,79592600
2022-12-20,AAPL,129.43729149310985,131.26964891983806,127.95958437581338,130.33377075195312,77432800
2022-12-21,AAPL,131.003643429146,134.7767236692483,130.77706590433928,133.4369354248047,85928000
2022-12-22,AAPL,132.35328842388512,132.56015897362735,128.36347675529532,130.26478576660156,77852100
2022-12-23,AAPL,128.974266934376,130.4519739547497,127.71329147955147,129.90029907226562,63814900
2022-12-27,AAPL,129.4274769206807,129.4570298676345,126.80700538931126,128.0975341796875,69007800
2022-12-28,AAPL,127.74283419111387,129.08262238361158,123.99931454878694,124.16678619384766,85438400
2022-12-29,AAPL,126.08780488461109,128.54079629058208,125.83167442757419,127.68373107910156,75703700
2022-12-30,AAPL,126.50157113096991,128.01867700022572,125.53613260725537,127.99897003173828,77034200
2023-01-03,AAPL,128.34378035287284,128.95456111650307,122.3245864348614,123.21121215820312,112117500
2023-01-04,AAPL,125.00415469022626,126.74785308207225,123.22105739420844,124.4820327758789,89113600
2023-01-05,AAPL,125.24059093401247,125.87107865122056,122.9058186898535,123.16194915771484,80962700
2023-01-06,AAPL,124.13724683818648,128.35362894146016,123.03388952483932,127.69358825683594,87754700
2023-01-09,AAPL,128.530949601707,131.4272575812406,127.95956778658704,128.2156982421875,70790800
2023-01-10,AAPL,128.32406282244906,129.30920076375085,126.21586822934367,128.78707885742188,63896200
2023-01-11,AAPL,129.29938853968858,131.52579545654146,128.52113597704147,131.506103515625,69458900
2023-01-12,AAPL,131.89027740511193,132.26461961526783,129.48653833184324,131.42726135253906,71379600
2023-01-13,AAPL,130.0677644513709,132.914812571895,129.70326821418658,132.75718688964844,57809700
2023-01-17,AAPL,132.82617382563913,135.24960517017936,132.13658015166487,133.919677734375,63646600
2023-01-18,AAPL,134.78658853017248,136.5499789381121,133.02318309021993,133.2005157470703,69672800
2023-01-19,AAPL,132.08729648616435,134.22504400705918,131.78190613060963,133.25961303710938,58280400
2023-01-20,AAPL,133.26944989272516,135.96873306889344,132.22520615532028,135.82095336914062,80223600
2023-01-23,AAPL,136.06726442233395,141.18999437445396,135.85053284595898,139.01283264160156,81760300
2023-01-24,AAPL,138.22470516633354,141.03235437334166,138.21485919822922,140.41171264648438,66435100
2023-01-25,AAPL,138.79610855058309,140.31321463501226,136.74701946562928,139.75169372558594,65799300
2023-01-26,AAPL,141.04218251884544,142.10613318815084,139.79105325512376,141.82044982910156,54105100
2023-01-27,AAPL,141.03234821855804,145.04185173584784,140.95353538112576,143.76116943359375,70555800
2023-01-30,AAPL,142.80563325307273,143.3868611555781,140.7269911492517,140.874755859375,64015300
2023-01-31,AAPL,140.57918779657314,142.19481349464007,140.16543164570373,142.1455535888672,65874500
2023-02-01,AAPL,141.83030751885846,144.43107102589934,139.2196980441436,143.2686004638672,77663600
2023-02-02,AAPL,146.68702845858084,148.9331416858034,145.96788199485025,148.57850646972656,118339000
2023-02-03,AAPL,145.8299825944814,155.0410292646019,145.632957993241,152.20382690429688,154357300
2023-02-06,AAPL,150.30250288074524,150.82462478693864,148.53909754834626,149.4749755859375,69858300
2023-02-07,AAPL,148.40120972216627,152.92299020492754,148.40120972216627,152.3516082763672,83322600
2023-02-08,AAPL,151.5930321421785,152.28262569889247,148.9233016908853,149.6621551513672,64120100
2023-02-09,AAPL,151.49448585654548,152.0363146392675,148.1844223308367,148.6277313232422,56007100
2023-02-10,AAPL,147.46352995054943,149.3184067990407,147.22673043469464,148.99281311035156,57450700
2023-02-13,AAPL,148.93360529625505,152.19938787253557,148.90400724096855,151.7948760986328,62199000
2023-02-14,AAPL,150.08798919443248,151.71595766811416,148.8448255867729,151.153564453125,61707600
2023-02-15,AAPL,151.06478017591323,153.4228543120151,150.83785669682248,153.255126953125,65573800
2023-02-16,AAPL,151.45941308943844,154.24175084931028,151.3015618059057,151.65675354003906,68167900
2023-02-17,AAPL,150.314927401964,150.95623873407766,148.83496427712012,150.5122528076172,59144100
2023-02-21,AAPL,148.19362270368532,149.27893490600394,146.42754017987073,146.49659729003906,58867200
2023-02-22,AAPL,146.88142431742384,147.9469997349945,145.19427453082793,146.9208984375,51011300
2023-02-23,AAPL,148.08511286734324,148.33177339849212,145.27319184522457,147.40432739257812,48394200
2023-02-24,AAPL,145.1449254913303,145.22385866894857,143.77349352201168,144.75027465820312,55469600
2023-02-27,AAPL,145.736905394929,147.17739437262094,145.48036882399748,145.944091796875,44998500
2023-02-28,AAPL,145.08571098317904,147.08859306462728,144.8686485359811,145.44090270996094,50547000
2023-03-01,AAPL,144.86867310742886,145.26332395747403,143.07297711330398,143.3689727783203,55479000
2023-03-02,AAPL,142.4514066454644,144.7502847940671,141.97780754659183,143.96096801757812,52238100
2023-03-03,AAPL,146.06250758539213,149.09150642636217,145.36200004016092,149.0125732421875,70732300
2023-03-06,AAPL,151.7357028817241,154.2121845297758,151.41012419214647,151.77517700195312,87558000
2023-03-07,AAPL,151.64687511738626,151.9724687898397,149.11121296034582,149.57493591308594,56182000
2023-03-08,AAPL,150.768776295138,151.41996369175047,149.80187125635692,150.82797241210938,47204800
2023-03-09,AAPL,151.50874285646216,152.47564779944702,148.22322319539091,148.5784149169922,53833600
2023-03-10,AAPL,148.2035375357173,148.92378215572674,145.63826168901898,146.51637268066406,68572400
2023-03-13,AAPL,145.83556564568843,151.09436981836478,145.72703441304543,148.4600372314453,84457100
2023-03-14,AAPL,149.25919818665145,151.35087437586574,148.09496787151124,150.55169677734375,73695900
2023-03-15,AAPL,149.1704519790422,151.20293271142558,147.91741204069223,150.9464111328125,77167900
2023-03-16,AAPL,150.1274764543104,154.37004080347904,149.6144183096525,153.7681884765625,76161100
2023-03-17,AAPL,153.99511025228628,154.64629769155513,152.21915135199143,152.92953491210938,98944600
2023-03-20,AAPL,152.99856200766544,155.71182715017224,152.0908382388982,155.29742431640625,73641400
2023-03-21,AAPL,155.21854884327422,157.2707512481165,154.44895412275298,157.15235900878906,73938300
2023-03-22,AAPL,157.17207516380427,159.97413485829682,155.7019731494937,155.72171020507812,75701800
2023-03-23,AAPL,156.70836691747317,159.39203464017027,155.57371946683134,156.80702209472656,67622100
2023-03-24,AAPL,156.73798864921076,158.19821496579544,155.7414853951506,158.1094207763672,59196500
2023-03-27,AAPL,157.80358620555725,158.6225011955429,155.761229232647,156.16575622558594,52390300
2023-03-28,AAPL,155.8598764210837,156.37293460313032,153.8964529365925,155.5441436767578,45992200
2023-03-29,AAPL,157.241143834068,158.8987103608656,157.22142183199622,158.62245178222656,51305700
2023-03-30,AAPL,159.37233869931885,160.29978492356275,159.1158171063234,160.19125366210938,49501700
2023-03-31,AAPL,160.27016471086742,162.7959663866168,159.74724553838644,162.69729614257812,68749800
2023-04-03,AAPL,162.07571848273926,164.06872488806627,162.0263833617239,163.95033264160156,56976200
2023-04-04,AAPL,164.37458557847017,164.61137005549932,162.90448337873613,163.41754150390625,46278300
2023-04-05,AAPL,162.53944524256352,162.84530192290984,159.6387146980463,161.57252502441406,51511700
2023-04-06,AAPL,160.2602872813979,162.75650592852264,159.83603835658786,162.46051025390625,45390100
2023-04-10,AAPL,159.26376357061562,159.86561584472656,157.94166678976978,159.86561584472656,47716900
2023-04-11,AAPL,160.18136751588224,160.1912285181147,158.3659344224378,158.65206909179688,47644200
2023-04-12,AAPL,159.06644488688698,159.89522066020655,157.64567781550258,157.96141052246094,50133100
2023-04-13,AAPL,159.4709538117945,163.58524921058068,159.26375236431844,163.34844970703125,68445600
2023-04-14,AAPL,162.39139978711486,164.09830125116352,161.63169630249857,163.0031280517578,49386500
2023-04-17,AAPL,162.88477412221818,163.18076982399003,161.83893569026216,163.0229034423828,41516200
2023-04-18,AAPL,163.88123939813596,165.17373798707087,163.43723846181683,164.2462921142578,49923000
2023-04-19,AAPL,163.58525138616776,165.91372717633618,163.32871482350347,165.39080810546875,47720200
2023-04-20,AAPL,163.87138723669895,165.62760901810955,163.34846811386117,164.4239044189453,52456400
2023-04-21,AAPL,162.84527188495923,164.22656472043278,162.2927547507698,162.815673828125,58337300
2023-04-24,AAPL,162.79594256316088,163.38793383083043,161.70076925644653,163.1215362548828,41949600
2023-04-25,AAPL,162.98342757965568,164.08846202710322,161.54292334211996,161.5823974609375,48714100
2023-04-26,AAPL,160.8818784792827,163.07222541881754,160.62535692108122,161.57252502441406,45498800
2023-04-27,AAPL,162.98339664348885,166.30837541189834,162.98339664348885,166.16038513183594,64902300
2023-04-28,AAPL,166.23931504498196,167.58114875947356,165.63746282624027,167.4134063720703,55275900
2023-05-01,AAPL,167.01880455577543,168.17317422093868,166.38735409649894,167.3246612548828,52472900
2023-05-02,AAPL,167.81797955488014,168.07451617943886,165.30203876342605,166.28868103027344,48425700
2023-05-03,AAPL,167.23584575291258,168.63687581044152,164.92710671677185,165.21322631835938,65136000
2023-05-04,AAPL,162.6874369491867,164.80871172491695,162.1151826483231,163.57540893554688,81235400
2023-05-05,AAPL,168.6960805994559,171.97173995816638,168.47901810918157,171.25149536132812,113453200
2023-05-08,AAPL,170.17603958076435,171.52774960942492,169.81098679048802,171.1824188232422,55962800
2023-05-09,AAPL,170.73842563937583,171.22187065365208,169.3077975448434,169.47552490234375,45326900
2023-05-10,AAPL,170.70882753380215,171.70533067690712,169.60377809797177,171.24160766601562,53724500
2023-05-11,AAPL,171.52774738748727,172.2578529585823,169.87018071223292,171.4290771484375,49514700
2023-05-12,AAPL,171.5377307421917,171.97245613352067,168.94915782664347,170.50033569335938,45533100
2023-05-15,AAPL,171.0832715155854,171.13267487374878,169.4135375098661,170.00634765625,37266700
2023-05-16,AAPL,169.92730529834625,171.0635071571624,169.73958158279842,170.00634765625,42110300
2023-05-17,AAPL,169.65066921503973,170.85602374756016,168.37613188825594,170.61891174316406,57951600
2023-05-18,AAPL,170.92519018134206,173.13833101906644,170.51022910097907,172.9506072998047,65496700
2023-05-19,AAPL,174.27450921230027,174.27450921230027,172.84190244667505,173.05926513671875,55809500
2023-05-22,AAPL,171.89341610998645,172.61467191708667,171.36977372037438,172.11077880859375,43570900
2023-05-23,AAPL,171.0536346915268,171.30063640969706,169.22581594675142,169.50245666503906,50747300
2023-05-24,AAPL,169.03807815911904,170.35212899950594,168.4749221279745,169.77908325195312,45143500
2023-05-25,AAPL,170.34225271987503,171.81437317497037,169.63088663153601,170.91529846191406,56058300
2023-05-26,AAPL,171.24133948884744,173.66195304430255,171.03385143516303,173.32601928710938,54835000
2023-05-30,AAPL,174.8376957969301,176.84334846181008,174.45237373510062,175.17361450195312,55964400
2023-05-31,AAPL,175.20326416230037,177.19904230758075,174.64009299685546,175.1242218017578,99625300
2023-06-01,AAPL,175.56877944546235,177.9597537396585,174.8080101004683,177.93011474609375,68901800
2023-06-02,AAPL,178.8588732872537,179.5998784017098,177.11009699591673,178.7798309326172,61996900
2023-06-05,AAPL,180.43969339813148,182.73186141970515,175.90473056039738,177.42626953125,121946500
2023-06-06,AAPL,177.81159450251565,177.95978950011875,175.30204865399,177.0607147216797,64848400
2023-06-07,AAPL,176.29993732672585,179.03672040758232,175.19337452542106,175.6873779296875,61944600
2023-06-08,AAPL,175.76641213704826,178.67115468077665,175.3317017878174,178.40440368652344,50214900
2023-06-09,AAPL,179.3232203666376,180.04446105377914,178.46365934119785,178.78970336914062,48900000
2023-06-12,AAPL,179.09600328256303,181.68457636718009,178.79959821677159,181.5857696533203,54274900
2023-06-13,AAPL,180.6076484418825,181.94144859403625,180.2519653861507,181.1115264892578,54929100
2023-06-14,AAPL,181.17082015656314,182.17859141427,179.8370198890403,181.74386596679688,57462900
2023-06-15,AAPL,181.75372726370364,184.2830221162751,181.57587821037063,183.7791290283203,65433200
2023-06-16,AAPL,184.4904993080967,184.74739071591918,182.06001110467366,182.70220947265625,101256200
2023-06-20,AAPL,182.19832743508823,183.8680612460024,182.19832743508823,182.79112243652344,49799100
2023-06-21,AAPL,182.68246747271866,183.18636063386023,180.40017397466633,181.75375366210938,49515700
2023-06-22,AAPL,181.53638158238215,184.8066817993699,181.46721386744264,184.7572784423828,51245300
2023-06-23,AAPL,183.32464848206732,185.31053654650353,182.7911164149862,184.4410858154297,53117000
2023-06-26,AAPL,184.5893075659166,185.79467703737228,183.0084906957425,183.0480194091797,48088700
2023-06-27,AAPL,183.66059237854205,186.13060949863421,183.4432296659109,185.8045654296875,50730800
2023-06-28,AAPL,185.67610944091012,187.6224840299043,185.3500804657921,186.98028564453125,51216800
2023-06-29,AAPL,186.81237549208976,187.79050790237736,186.67405510762606,187.31625366210938,46347300
2023-06-30,AAPL,189.33174450555188,192.14755478947328,188.9661717445866,191.6436767578125,85213200
2023-07-03,AAPL,191.45598629070506,191.55479301639548,189.4602080229184,190.15182495117188,31458200
2023-07-05,AAPL,189.27246641036476,190.66554451499093,188.33384790710164,189.03533935546875,46920300
2023-07-06,AAPL,187.56322301313529,189.71708585705593,186.93089921117289,189.5095977783203,45094300
2023-07-07,AAPL,189.11439856972888,190.3592817984136,187.9584323411384,188.3931427001953,46815000
2023-07-10,AAPL,186.9901751208951,187.71143099184326,184.79679865953796,186.3479766845703,59922200
2023-07-11,AAPL,186.8913747422291,187.0296950947768,184.3620796809065,185.82432556152344,46638100
2023-07-12,AAPL,187.4051170053163,189.4008949030878,186.2096372553674,187.49404907226562,60750200
2023-07-13,AAPL,188.2153081360164,188.897035286273,187.5039419858172,188.25482177734375,41342300
2023-07-14,AAPL,187.948525384943,188.88712881002033,187.35573036289856,188.40301513671875,41616200
2023-07-17,AAPL,189.598506397075,191.9894962144421,189.5095893997432,191.6634521484375,50520200
2023-07-18,AAPL,191.03110761046918,191.9993499863452,190.11225351055063,191.4065399169922,48288200
2023-07-19,AAPL,190.7841182449009,195.85258285437448,190.3395031262878,192.7601318359375,80507300
2023-07-20,AAPL,192.7502360363635,194.1136901954007,190.19130213491889,190.81375122070312,59581200
2023-07-21,AAPL,191.77212935032986,192.63169045749675,188.93653953192955,189.63803100585938,71951700
2023-07-24,AAPL,191.09041212625252,192.57242242955687,189.9443205401746,190.43832397460938,45377800
2023-07-25,AAPL,191.0113210182094,192.10800896579215,190.60623468716878,191.29783630371094,37283200
2023-07-26,AAPL,191.34726521155525,193.29363971255637,191.00147189498233,192.1673126220703,47471900
2023-07-27,AAPL,193.66910156142774,194.83494237556206,190.24071668140024,190.90267944335938,47460200
2023-07-28,AAPL,192.33527753863382,194.2717774555962,191.81163515269853,193.4813690185547,48291400
2023-07-31,AAPL,193.7086415129764,194.13349234375602,192.9182329324809,194.09396362304688,38824100
2023-08-01,AAPL,193.88647197429418,194.37058568804014,192.93797875368105,193.26402282714844,35175100
2023-08-02,AAPL,192.70084355962268,192.83916391140565,189.54911446715442,190.27035522460938,50389300
2023-08-03,AAPL,189.2724853572926,190.06287880115997,188.40303447809214,188.8772735595703,61235200
2023-08-04,AAPL,183.29500493096032,185.13269797319032,179.7381748247779,179.80734252929688,115956800
2023-08-07,AAPL,179.9456936325003,180.93370048918646,175.2230220636036,176.7050323486328,97576100
2023-08-08,AAPL,177.5349496271552,178.10799539743132,175.45025461361834,177.6436309814453,67823000
2023-08-09,AAPL,178.70079919463467,178.76007719518685,174.88709204262926,176.05294799804688,60378500
2023-08-10,AAPL,177.32747151707323,178.58224448237493,175.4700288246158,175.83558654785156,54686900
2023-08-11,AAPL,175.4299516016464,176.71608281179377,174.6681548123879,175.89492797851562,52036700
2023-08-14,AAPL,176.0730260741773,177.77469387045335,175.42005736478495,177.54714965820312,43675600
2023-08-15,AAPL,176.9733287591711,177.56692432110017,175.1628328578025,175.55856323242188,43622600
2023-08-16,AAPL,175.24197103328896,176.6369303294026,174.61868139075943,174.6879425048828,46964900
2023-08-17,AAPL,175.25188574378228,175.61793712814787,171.6308936142582,172.14535522460938,66062900
2023-08-18,AAPL,170.46346761685473,173.23362560342792,170.12709527960956,172.630126953125,61172200
2023-08-21,AAPL,173.2039318191006,174.2526308376999,171.88810651020768,173.96571350097656,46311900
2023-08-22,AAPL,175.17271045239184,175.78609702554508,174.37134667878323,175.3408966064453,42038900
2023-08-23,AAPL,176.61717535249278,179.61487764306722,176.4291981302873,179.189453125,52722800
2023-08-24,AAPL,178.74422007761805,179.16964451815014,174.1338878222112,174.4999542236328,54945800
2023-08-25,AAPL,175.4893219988908,177.2404448053197,173.9459523611551,176.70620727539062,51449600
2023-08-28,AAPL,178.17040801110178,178.6650784859593,176.64682959084442,178.26934814453125,43820700
2023-08-29,AAPL,177.78457014737916,182.9291401969668,177.58670497165372,182.15745544433594,53003900
2023-08-30,AAPL,182.9687355268348,185.84772159478027,182.77087033679462,185.64984130859375,60813900
2023-08-31,AAPL,185.83782890921285,187.10418431162185,185.4816655087761,185.8675079345703,60794500
2023-09-01,AAPL,187.47021551879786,187.8956248663274,186.27310636870047,187.44053649902344,45766500
2023-09-05,AAPL,186.27311615331163,187.95499277883354,185.61025951662367,187.677978515625,45280000
2023-09-06,AAPL,186.39182984634905,186.83704535292617,179.5357042757167,180.96035766601562,81755800
2023-09-07,AAPL,173.312752460059,176.31046963604499,171.69023379276553,175.66738891601562,112488800
2023-09-08,AAPL,176.44896296342043,178.31881673909905,175.89491935539235,176.28076171875,65551300
2023-09-11,AAPL,178.15065045906456,178.3781946740771,175.44973851819339,177.44821166992188,58953100
2023-09-12,AAPL,177.57682236385347,178.2100000030001,172.95660168355545,174.4208221435547,90370200
2023-09-13,AAPL,174.62857587906927,175.4101637291933,172.12554433664133,172.3531036376953,84267900
2023-09-14,AAPL,172.14533201670497,174.22295413122683,171.72981061302968,173.86679077148438,60895800
2023-09-15,AAPL,174.59889423512476,174.61868528190746,171.967258666553,173.14456176757812,109259500
2023-09-18,AAPL,174.59890495957814,177.46800307348116,174.2922116482627,176.07302856445312,67257600
2023-09-19,AAPL,175.62781908525017,177.71532920549458,175.24197669791334,177.1613006591797,51826900
2023-09-20,AAPL,177.3492658362857,177.78457830053213,173.5304088946865,173.6194610595703,58436200
2023-09-21,AAPL,172.6894667209782,174.42081339229338,172.00681904661934,172.07606506347656,63149100
2023-09-22,AAPL,172.80817906033587,175.19249433338604,172.19479251227028,172.92689514160156,56725400
2023-09-25,AAPL,172.34318970903263,175.08366835534056,172.2937196425223,174.20315551757812,46172700
2023-09-26,AAPL,172.95660640862047,173.3325457352886,169.83028512536117,170.12709045410156,64588900
2023-09-27,AAPL,170.78001646868876,171.19553782333026,167.24807740616436,168.6133575439453,66921800
2023-09-28,AAPL,167.53500431517824,170.19633406818943,165.83333655703308,168.87062072753906,56294400
2023-09-29,AAPL,170.18644988639232,171.2252609973693,168.5243490895999,169.3850860595703,51861100
2023-10-02,AAPL,169.39497856408786,172.44215085955082,169.10806120104496,171.89801025390625,52164500
2023-10-03,AAPL,170.42387079713225,171.77927819729268,168.99923247491208,170.5623779296875,49594600
2023-10-04,AAPL,169.26636140324675,172.35311583182798,169.14764530465982,171.80897521972656,53020300
2023-10-05,AAPL,171.93755168454948,173.57986123329636,170.83938266052527,173.04562377929688,48527900
2023-10-06,AAPL,171.94748866333921,176.09283034712797,171.33408690716874,175.59815979003906,57266700
2023-10-09,AAPL,174.9253820623563,177.1415113656987,173.92615307401468,177.0821533203125,42390800
2023-10-10,AAPL,176.20162316730602,177.80435062036204,176.05321297222847,176.488525390625,43698000
2023-10-11,AAPL,176.300562769531,177.9329844734106,175.70696722860302,177.88351440429688,47551100
2023-10-12,AAPL,178.1506510638416,180.39644439001881,177.13161588848607,178.78382873535156,56743100
2023-10-13,AAPL,179.48624788964275,179.9908063804386,176.24121051823693,176.9436492919922,51427100
2023-10-16,AAPL,174.86601479996662,177.17118104988546,174.6285675347915,176.8150177001953,52517000
2023-10-17,AAPL,174.7670635598835,176.51820117592956,172.9367919566193,175.26173400878906,57549400
2023-10-18,AAPL,173.70849028197048,175.68717223288098,173.2434988158149,173.96571350097656,54764400
2023-10-19,AAPL,174.16358722416024,175.9444040866048,173.32265641144056,173.58978271484375,59302900
2023-10-20,AAPL,173.44136860989997,173.55019672394363,170.7998299466356,171.0372772216797,64244000
2023-10-23,AAPL,169.08827156264798,172.15521956196545,168.11870652701532,171.15599060058594,55980100
2023-10-24,AAPL,171.20545097606092,171.81883752196748,169.6224994494151,171.59129333496094,43816600
2023-10-25,AAPL,170.04791453369674,171.2153295207887,168.83101438745086,169.27622985839844,57157000
2023-10-26,AAPL,168.55401686361284,169.55326090861308,163.90411730631092,165.11111450195312,70625300
2023-10-27,AAPL,165.13089150916355,167.1590433521086,165.05174242645685,166.4269256591797,58499100
2023-10-30,AAPL,167.21841659954197,169.34549366723184,167.0700063949142,168.47486877441406,51131000
2023-10-31,AAPL,167.54492077929578,169.07838740239757,166.1103641120373,168.9497833251953,44846000
2023-11-01,AAPL,169.1773025316942,172.37286957481675,168.30667766450742,172.1156463623047,56934900
2023-11-02,AAPL,173.64915484595178,175.88506030695757,173.58979679508,175.67730712890625,77334800
2023-11-03,AAPL,172.38278939451087,174.93529110628108,171.5022764668811,174.76708984375,79829200
2023-11-06,AAPL,174.49995231934884,177.517429979593,174.33176617832314,177.31956481933594,63841300
2023-11-07,AAPL,177.2701137835187,180.495375116872,177.06236062659886,179.88198852539062,70530000
2023-11-08,AAPL,180.40632954214095,181.4945955371222,179.65442075331012,180.94056701660156,49340300
2023-11-09,AAPL,181.00982351508927,182.15744752284814,179.87207238589124,180.46568298339844,53763500
2023-11-10,AAPL,182.2488540012565,184.8245355233408,181.81296804065445,184.65611267089844,66133400
2023-11-13,AAPL,184.08158291885422,184.2896098154562,182.48664454208014,183.0711212158203,43627500
2023-11-14,AAPL,185.94394820695575,186.35011603301572,184.55705211313364,185.68638610839844,60108400
2023-11-15,AAPL,186.09256123667055,187.72711849110286,186.02320887124122,186.2510528564453,53790500
2023-11-16,AAPL,187.79647578680803,189.173470968727,186.88506958999568,187.93516540527344,54412900
2023-11-17,AAPL,188.47010270019993,188.5988913131576,186.80582731444395,187.91534423828125,50922700
2023-11-20,AAPL,188.11348674243894,190.11459289941732,188.10358573904105,189.6588897705078,46505100
2023-11-21,AAPL,189.61927636373662,189.72824786854497,187.96490178421791,188.85647583007812,38134500
2023-11-22,AAPL,189.69852651247717,191.12504193836494,189.04469749475615,189.52020263671875,39617700
2023-11-24,AAPL,189.0843077535022,189.1140258787283,187.47946852715137,188.19273376464844,24048300
2023-11-27,AAPL,188.14319291304204,188.886176253634,187.13273133734725,188.014404296875,40552600
2023-11-28,AAPL,188.0045033953615,189.29234420962146,187.62805366546104,188.6186981201172,38415400
2023-11-29,AAPL,189.11401237919708,190.29288164913223,187.2020759179661,187.59832763671875,43014200
2023-11-30,AAPL,188.06394110215783,188.53946132762457,186.42938378571617,188.17291259765625,48794400
2023-12-01,AAPL,188.54936135651158,189.76784980640184,187.4596464071562,189.4508514404297,45704800
2023-12-04,AAPL,188.20264866713902,188.272001041812,185.69631914773436,187.6577911376953,43389500
2023-12-05,AAPL,188.43048297188668,192.58127042048946,188.40074973234698,191.61044311523438,66628400
2023-12-06,AAPL,192.6308143978356,192.93791176533594,190.3127099631217,190.520751953125,41089700
2023-12-07,AAPL,191.8184723448333,193.17565028147504,191.77883810543793,192.45248413085938,47477700
2023-12-08,AAPL,192.38314555463674,194.15640755182167,191.8581052152776,193.8790283203125,53406400
2023-12-11,AAPL,191.3033586686724,191.67980841318465,189.6291670567547,191.37269592285156,60943700
2023-12-12,AAPL,191.27362671385956,192.8982829604503,189.92634969600132,192.8883819580078,52696900
2023-12-13,AAPL,193.26482653488247,196.14760557804456,193.02708153571695,196.1079864501953,70404200
2023-12-14,AAPL,196.16740691178524,197.75242887078264,194.32480773637585,196.25656127929688,66831600
2023-12-15,AAPL,195.68199966761293,196.54385551373443,195.15695931123605,195.7216339111328,128538400
2023-12-18,AAPL,194.2554378492161,194.7903942380946,192.57134555644006,194.05731201171875,55751900
2023-12-19,AAPL,194.32480226669028,195.10740466398735,194.05732405565033,195.09750366210938,40714100
2023-12-20,AAPL,195.05787394759355,195.8305753609382,193.0072479248047,193.0072479248047,52242800
2023-12-21,AAPL,194.26537091395173,195.23619818360498,191.6896894536902,192.858642578125,46482500
2023-12-22,AAPL,193.35394675355903,193.58180582555468,191.16463132079943,191.7887420654297,37149600
2023-12-26,AAPL,191.7986702097743,192.0760494430794,191.02596875756228,191.24391174316406,28919300
2023-12-27,AAPL,190.68914273833013,191.68968812345565,189.30223153241622,191.34295654296875,48087700
2023-12-28,AAPL,192.32369457775746,192.83883387512188,191.3627683436117,191.76893615722656,34049900
2023-12-29,AAPL,192.08593771837442,192.58125990446206,189.9362412446781,190.728759765625,42672100
2024-01-02,AAPL,185.39908100307179,186.6770206585062,182.16958591702465,183.90321350097656,82488700
2024-01-03,AAPL,182.49651173581816,184.1409850600839,181.7138941984477,182.52622985839844,58414500
2024-01-04,AAPL,180.44587486910356,181.37708304150152,179.18776734055538,180.2081298828125,71983600
2024-01-05,AAPL,180.28738953880892,181.05017488447822,178.48440937769652,179.48495483398438,62379700
2024-01-08,AAPL,180.38645226507356,183.86362411289957,179.80197564152536,183.82398986816406,59144500
2024-01-09,AAPL,182.19931060924736,183.41779895114087,181.0204413910758,183.40789794921875,42841800
2024-01-10,AAPL,182.62529236075727,184.65610118978807,182.19930742900604,184.4480743408203,46792900
2024-01-11,AAPL,184.7947925921475,185.3000308909078,181.90211286972462,183.8536834716797,49128400
2024-01-12,AAPL,184.3192926371913,184.99293868218925,183.45743685571247,184.18060302734375,40477800
2024-01-16,AAPL,180.45578462721193,182.5361287641061,179.23728115128065,181.9120330810547,65603000
2024-01-17,AAPL,179.57413473456663,181.21859313457642,178.61320834965068,180.97093200683594,47317400
2024-01-18,AAPL,184.34901955890965,187.3704881134165,184.0914574471942,186.86526489257812,78005800
2024-01-19,AAPL,187.5587047602819,190.15418823308323,187.0534815615711,189.76783752441406,68903000
2024-01-22,AAPL,190.5009439071057,193.50259558850516,190.4613096613906,192.07606506347656,60133900
2024-01-23,AAPL,193.19546652112328,193.91863266844476,192.01659731903075,193.3539581298828,42355600
2024-01-24,AAPL,193.59173469903226,194.54276001272405,192.52183688964197,192.6803436279297,53631300
2024-01-25,AAPL,193.3936190715828,194.43379881211092,191.30335858737243,192.3534393310547,54822100
2024-01-26,AAPL,192.45249496932922,192.93790105900956,190.14429166563914,190.6197967529297,44594000
2024-01-29,AAPL,190.21364328629937,190.40186815816608,187.80638442872507,189.93626403808594,47145600
2024-01-30,AAPL,189.15363947733223,190.00559424490717,185.71610228505008,186.28076171875,55859400
2024-01-31,AAPL,185.2901205380725,185.34957189909602,182.62529981948686,182.67481994628906,55467800
2024-02-01,AAPL,182.2686867903897,185.2009860420896,182.10027903950464,185.11183166503906,64885400
2024-02-02,AAPL,178.1773017145222,185.5774165638072,177.57300802816712,184.11126708984375,102551700
2024-02-05,AAPL,186.3897373769733,187.47945226083425,184.10135123689923,185.92413330078125,69668800
2024-02-06,AAPL,185.1118168962398,187.53889270164484,185.02266252630227,187.52899169921875,43490800
2024-02-07,AAPL,188.85644306077413,189.26261088240534,186.84543618864265,187.63795471191406,53439000
2024-02-08,AAPL,187.6181328392653,187.76672344534998,185.59722501634783,186.5581512451172,40962000
2024-02-09,AAPL,187.12353611951417,188.45270503827624,186.47880163607178,187.32192993164062,45155200
2024-02-12,AAPL,186.89539390047275,187.14337102036012,185.27857823550397,185.6356658935547,41781900
2024-02-13,AAPL,184.26684396147397,184.70328611762721,182.02512109310902,183.54273986816406,56529500
2024-02-14,AAPL,183.82047352517276,184.0287658151745,180.96377246543662,182.65992736816406,54630500
2024-02-15,AAPL,182.06480997798818,182.99720639873473,179.8826142837668,182.37229919433594,65434500
2024-02-16,AAPL,181.9358425720657,183.3542794985624,180.20000281806102,180.83482360839844,49752500
2024-02-20,AAPL,180.31904659124555,180.95386745060242,178.54353696650966,180.09091186523438,53665600
2024-02-21,AAPL,180.4678422502364,181.41015233649017,179.1982005294332,180.8447723388672,41371400
2024-02-22,AAPL,181.99536064224762,183.46339606563654,180.98362490692526,182.87815856933594,52292200
2024-02-23,AAPL,183.51299444569602,183.54275049121756,180.75548990166286,181.04315185546875,45119700
2024-02-26,AAPL,180.7654158601022,181.28119739799624,179.18826979539264,179.69415283203125,40867400
2024-02-27,AAPL,179.6346334198553,182.43180748858953,178.1070858709482,181.15225219726562,54318900
2024-02-28,AAPL,181.03321827875988,181.6382830805114,178.67248629654023,179.95204162597656,48953900
2024-02-29,AAPL,179.80327228471162,181.09275646398507,178.07734590919267,179.2874755859375,136682600
2024-03-01,AAPL,178.0971730296413,179.06923911535185,175.94473341504965,178.20628356933594,73563100
2024-03-04,AAPL,174.72465821330945,175.46858951163802,172.38375378915603,173.68316650390625,81510100
2024-03-05,AAPL,169.37829007310003,170.6479317427376,168.24751498810025,168.74346923828125,95132400
2024-03-06,AAPL,169.67587669286206,169.85442810491517,167.31512946505867,167.75157165527344,68587700
2024-03-07,AAPL,167.78130279152694,169.34851990765398,167.12665473872153,167.6325225830078,71765100
2024-03-08,AAPL,167.6325286145872,172.29449531822434,167.57301652903823,169.34852600097656,76267000
2024-03-11,AAPL,171.54066841678448,172.96901916174485,170.65787040570808,171.35220336914062,60139500
2024-03-12,AAPL,171.74896885963832,172.62185327512867,169.62628505087014,171.8283233642578,59825400
2024-03-13,AAPL,171.37204497358655,171.78864474969012,169.37829909505535,169.7453155517578,52488700
2024-03-14,AAPL,171.5108905650266,172.89955631533712,170.65784870831544,171.60015869140625,72913500
2024-03-15,AAPL,169.78497182252738,171.22323608398438,168.91208752136302,171.22323608398438,121752700
2024-03-18,AAPL,174.1493830977455,176.27206668827822,172.11596763998543,172.31434631347656,75604200
2024-03-19,AAPL,172.92931675607417,175.18095319129145,171.62991909909198,174.65524291992188,55215200
2024-03-20,AAPL,174.29816190798687,177.2242889404297,173.67325471299228,177.2242889404297,53423100
2024-03-21,AAPL,175.61741650508932,176.05385870042272,169.45765758517675,169.98336791992188,106181300
2024-03-22,AAPL,170.37020490965267,171.64977539848843,168.68396342338923,170.88600158691406,71160100
2024-03-25,AAPL,169.18985713490977,170.54876707334867,168.0789092110998,169.46759033203125,54288300
2024-03-26,AAPL,168.62443878704727,170.0329469889122,168.20783904863555,168.3367919921875,57388400
2024-03-27,AAPL,169.03114031499092,172.19533102381604,168.73356472173438,171.9076690673828,60273300
2024-03-28,AAPL,170.36028779920613,170.83639964948821,169.13031578937776,170.09246826171875,65672700
2024-04-01,AAPL,169.80482284392966,169.86433493378763,168.1086526063626,168.65420532226562,46240500
2024-04-02,AAPL,167.71189467068976,167.96978543762384,166.86876637308836,167.4738311767578,49329500
2024-04-03,AAPL,167.4242255584593,169.29893197888933,167.21593325359058,168.2772674560547,47691700
2024-04-04,AAPL,168.91207088207483,170.52888638010077,167.4539794921875,167.4539794921875,53704400
2024-04-05,AAPL,168.2177383421046,169.01126807227428,167.58291758503302,168.20782470703125,42104800
2024-04-08,AAPL,167.66228381393842,167.83090643391947,166.87868279928273,167.08697509765625,37425500
2024-04-09,AAPL,167.33495148030394,168.70378997636425,166.98779260608748,168.29710388183594,42373800
2024-04-10,AAPL,167.43415997850798,167.72180678766216,165.75783217031642,166.4224090576172,49709300
2024-04-11,AAPL,166.97785862713312,174.04025682035402,166.79932237773104,173.62364196777344,91070300
2024-04-12,AAPL,172.8499808741194,176.9168120397123,172.80039755418966,175.1214599609375,101670900
2024-04-15,AAPL,173.94107267383276,175.20080068867838,171.10421379905583,171.2926788330078,73531800
2024-04-16,AAPL,170.36027866522625,172.354009228837,166.9084414489389,168.00946044921875,73711200
2024-04-17,AAPL,168.2375982616629,169.26917642354965,166.640625,166.640625,50901200
2024-04-18,AAPL,166.67037984876308,167.27544462394533,165.20235954360626,165.68838500976562,43122900
2024-04-19,AAPL,164.86513304300607,165.05358296102196,162.75236290762146,163.6649169921875,68149400
2024-04-22,AAPL,164.18070504913473,165.9066162144586,163.43677364744048,164.49810791015625,48116400
2024-04-23,AAPL,164.01208389352126,165.69832539217154,163.58555534900174,165.54953002929688,49537800
2024-04-24,AAPL,165.19244539313124,167.93012271313196,164.86512888648411,167.6523895263672,48251800
2024-04-25,AAPL,168.15826264272923,169.22952573993217,166.7894239404159,168.51535034179688,50558300
2024-04-26,AAPL,168.50540819041237,169.95358601606148,167.81106018420974,167.9300994873047,44838400
2024-04-29,AAPL,171.9671774185786,174.60565774723543,171.69937301226366,172.09613037109375,68169400
2024-04-30,AAPL,171.92752335282844,173.57409529864353,168.62446582369017,168.95179748535156,65934800
2024-05-01,AAPL,168.20783263565716,171.31251085120192,167.74163446478235,167.9300994873047,50383100
2024-05-02,AAPL,171.1141167118999,172.01675700988142,169.50722990892024,171.62991333007812,94214900
2024-05-03,AAPL,185.13972451400554,185.48689856009224,181.18201909229816,181.8961944580078,163224100
2024-05-06,AAPL,180.87452115240256,182.70954279745968,178.9601298757301,180.2397003173828,78569700
2024-05-07,AAPL,181.965609726272,183.40387401178498,179.8528549315395,180.92410278320312,77305800
2024-05-08,AAPL,181.3704630721318,181.58868413827042,179.98178218440233,181.2613525390625,45057100
2024-05-09,AAPL,181.08280763590477,183.16582147443802,180.6364518520254,183.07655334472656,48983000
2024-05-10,AAPL,183.6526350835399,183.84135574437508,180.9013327671207,181.81512451171875,50759500
2024-05-13,AAPL,184.18900107058352,185.8378061410755,183.37452561798457,185.02333068847656,72044800
2024-05-14,AAPL,186.24503525163803,187.029714327999,185.0332642686859,186.1655731201172,52393600
2024-05-15,AAPL,186.6423223274902,189.3638279979279,186.10595679645579,188.4401092529297,70400000
2024-05-16,AAPL,189.1850657006259,189.81082048816586,188.3805324914181,188.55931091308594,52845200
2024-05-17,AAPL,188.23155455119007,189.52278774440742,187.903778922122,188.58912658691406,41282900
2024-05-20,AAPL,188.05276500067424,190.6252889956646,187.73491647398643,189.751220703125,44361300
2024-05-21,AAPL,189.80088903544183,191.42982486744873,189.63203768676544,191.05239868164062,42309400
2024-05-22,AAPL,190.97295090373845,191.51924363513825,188.98644290290525,189.6121826171875,34648500
2024-05-23,AAPL,189.69159391198227,189.71146323030385,185.37094926176496,185.6192626953125,51005900
2024-05-24,AAPL,187.5462164631898,189.29433794369746,186.77146444562422,188.69837951660156,36327000
2024-05-28,AAPL,190.21804799663707,191.69800175645932,187.82431762786635,188.70831298828125,52280100
2024-05-29,AAPL,188.33086600869876,190.95305560689752,188.2315345598267,189.0062713623047,53068000
2024-05-30,AAPL,189.47310363654154,190.88352231957748,189.34399093884022,189.99952697753906,49889100
2024-05-31,AAPL,190.1485307236603,191.2709124904654,188.62885345568,190.95306396484375,75158300
2024-06-03,AAPL,191.5986723140291,193.67458449503022,191.22124613590765,192.72105407714844,50080500
2024-06-04,AAPL,193.3269468870457,194.00236744942592,191.72780743235197,193.03890991210938,47471400
2024-06-05,AAPL,194.08179923154876,195.5716800296083,193.55537589536917,194.5486297607422,54156800
2024-06-06,AAPL,194.36987376952155,195.1744070683784,192.86012347629529,193.16802978515625,41181800
2024-06-07,AAPL,193.33685821193552,195.6114180436154,192.83030419832767,195.56175231933594,53103900
2024-06-10,AAPL,195.57168290202756,195.96899354752293,190.8537269722117,191.8171844482422,97010200
2024-06-11,AAPL,192.34359145933493,205.7624599378956,192.32373729563466,205.7525177001953,172373300
2024-06-12,AAPL,205.97103997359795,218.7144883134223,205.50420946534445,211.63259887695312,198134300
2024-06-13,AAPL,213.29133517221976,215.28776993558532,210.17251871917932,212.79470825195312,97862700
2024-06-14,AAPL,212.40735976944958,213.71844708080008,209.87455920751867,211.05653381347656,70122700
2024-06-17,AAPL,211.93058723086708,217.4729460060793,211.28497823555003,215.2083282470703,93728300
2024-06-18,AAPL,216.1221165738588,217.15510913678148,211.56308472355843,212.84437561035156,79943300
2024-06-20,AAPL,212.48680152632818,212.79472296910444,207.4410850045998,208.26547241210938,86172500
2024-06-21,AAPL,208.97070143703453,210.46058238700795,205.71282963889428,206.09027099609375,241805100
2024-06-24,AAPL,206.3187055335118,211.2651058128792,205.19632375372012,206.73587036132812,80727000
2024-06-25,AAPL,207.73905391104032,209.95402109263304,207.20270345608853,207.65960693359375,55549700
2024-06-26,AAPL,210.07320698316605,213.41054080672134,209.2190079939271,211.8114013671875,66213200
2024-06-27,AAPL,213.24168634094727,214.28460598729217,210.91747580739147,212.65567016601562,49772700
2024-06-28,AAPL,214.31437813701,214.61235731022026,208.88127860134253,209.19911193847656,82542700
2024-07-01,AAPL,210.65922892540738,216.04266357466884,210.49037757076027,215.2877960205078,60402900
2024-07-02,AAPL,214.69182595520752,218.89330089441245,213.6489214774443,218.78404235839844,58046200
2024-07-03,AAPL,218.51582778223576,220.0553741455078,217.55237042000067,220.0553741455078,37369800
2024-07-05,AAPL,220.15471670620812,224.92233836715073,220.15471670620812,224.81307983398438,60412400
2024-07-08,AAPL,225.55804052038548,226.31292323770106,221.7439489111218,226.2831268310547,59085900
2024-07-09,AAPL,226.3923429370984,227.85242731023644,224.84286935479298,227.1372833251953,48076100
2024-07-10,AAPL,227.75312751683794,231.50762613234983,227.70346178953022,231.40829467773438,62627700
2024-07-11,AAPL,229.82902744909742,230.82228138425162,224.24694518340354,226.03480529785156,64710600
2024-07-12,AAPL,227.37567478656334,231.07058040656065,227.13728840093884,228.9847412109375,53046500
2024-07-15,AAPL,234.88468027763452,235.62962070976812,231.5175501306247,232.81871032714844,62631300
2024-07-16,AAPL,233.41466404542834,234.67610072880163,230.76267797901863,233.2358856201172,43234300
2024-07-17,AAPL,227.90211488577285,229.89856501704188,225.11107372236052,227.33596801757812,57345900
2024-07-18,AAPL,228.7265030667722,228.88542732552744,220.7705449165008,222.6676483154297,66034600
2024-07-19,AAPL,223.30333735062962,225.2699757257536,221.7737179376491,222.79676818847656,49151500
2024-07-22,AAPL,225.47855462210336,226.24336434241772,221.58500128681854,222.4491424560547,48201800
2024-07-23,AAPL,222.85638350906987,225.40905343076804,221.17778191166562,223.4920654296875,39960300
2024-07-24,AAPL,222.48886176091068,223.28346786979841,215.66521268088363,217.06568908691406,61777600
2024-07-25,AAPL,217.45306951901438,219.36013034825794,213.17214762576046,216.02279663085938,51391200
2024-07-26,AAPL,217.22462220056258,218.0093012590926,214.55276681781487,216.4896240234375,41601300
2024-07-29,AAPL,215.49636696784094,217.82057739339885,214.2945231128628,216.76773071289062,36311800
2024-07-30,AAPL,217.71132777069818,218.84363662609175,214.6620309808042,217.32395935058594,41643800
2024-07-31,AAPL,219.94613576688096,222.31008478832948,219.14160257039833,220.58181762695312,50036300
2024-08-01,AAPL,222.85636745689294,222.96562598955987,215.5559605569344,216.8869171142578,62501000
2024-08-02,AAPL,217.67159881719564,224.07809897050203,216.24132584869807,218.37681579589844,105568600
2024-08-05,AAPL,197.74691336614487,212.0597055615941,194.6777624827749,207.85824584960938,119548600
2024-08-06,AAPL,203.91501287026546,208.5733757245506,199.7135534430835,205.8319854736328,69660500
2024-08-07,AAPL,205.5042262843129,212.19876304064402,204.99767225034321,208.404541015625,63516400
2024-08-08,AAPL,211.67235443417223,212.75499762550604,207.42122864939222,211.87100219726562,47161100
2024-08-09,AAPL,210.6691341542399,215.3175545997058,210.54000631213808,214.7812042236328,42201600
2024-08-12,AAPL,214.86078610016068,218.28152162650582,214.39341520959198,216.31260681152344,38028100
2024-08-13,AAPL,217.7843004144017,220.64818728863202,217.7843004144017,220.0316619873047,44155300
2024-08-14,AAPL,219.33561365974072,221.78183806687042,218.4704721927748,220.4791717529297,41960600
2024-08-15,AAPL,223.34303300242357,224.0888356302054,221.51331902381992,223.4623565673828,46414000
2024-08-16,AAPL,222.66684293368954,225.56056092969672,222.39834972442236,224.78492736816406,44340200
2024-08-19,AAPL,224.4567771868955,224.72527040192085,221.791767703572,224.62582397460938,40687800
2024-08-20,AAPL,224.50650638916653,225.89866536829538,224.18828995199718,225.2423553466797,30299000
2024-08-21,AAPL,225.25230383574092,226.70412456960102,223.7905293550798,225.13296508789062,34765500
2024-08-22,AAPL,226.51518775043243,227.06211276120644,222.6469583809866,223.2734375,43695300
2024-08-23,AAPL,224.39709153086847,226.9427619959577,223.07453308995716,225.5704803466797,38677300
2024-08-26,AAPL,225.49095216733542,226.00804628168004,222.6370187250734,225.90859985351562,30602200
2024-08-27,AAPL,224.73522230134634,227.56927874043384,223.63143365567382,226.7538604736328,35934600
2024-08-28,AAPL,226.6444476309267,228.57359288043327,224.41697829182954,225.2224578857422,38052200
2024-08-29,AAPL,228.81226038667728,231.61647047641185,227.59908685526068,228.5039825439453,51906300
2024-08-30,AAPL,228.90175696593346,229.11057321557684,226.2069166530855,227.71841430664062,52990800
2024-09-03,AAPL,227.27093626472063,227.71841483123856,219.9322331496077,221.52328491210938,50190600
2024-09-04,AAPL,220.41947805942777,220.53880162102288,216.26286364094776,219.614013671875,43840200
2024-09-05,AAPL,220.38966486266608,224.2181094473344,220.28027986462445,221.13546752929688,36615400
2024-09-06,AAPL,222.69670172483006,223.9794909727234,218.54010161402243,219.584228515625,48423000
2024-09-09,AAPL,219.58419811845144,220.03167667908036,215.49719894103853,219.67369079589844,67180000
2024-09-10,AAPL,217.69483113354613,220.2405018848782,215.517084853391,218.878173828125,51591000
2024-09-11,AAPL,220.22062862304543,221.84149617822106,216.6706004766808,221.41390991210938,44587100
2024-09-12,AAPL,221.25479170284098,222.29891847364556,218.5897974500539,221.52328491210938,37455600
2024-09-13,AAPL,222.32874892129448,222.78616606005667,220.66809680320824,221.25479125976562,36766600
2024-09-16,AAPL,215.32814508742544,216.00434741371936,212.72281255665072,215.10939025878906,59357400
2024-09-17,AAPL,214.54256344637628,215.6861214463737,213.2995590231644,215.5767364501953,45519300
2024-09-18,AAPL,216.33249894497217,221.46362499015893,216.322545198334,219.45492553710938,59894900
2024-09-19,AAPL,223.7308662842885,228.53383738270648,223.37288038958053,227.58914184570312,66781300
2024-09-20,AAPL,228.68298057338347,231.78551472560144,226.34612621296694,226.92288208007812,318679900
2024-09-23,AAPL,226.06771724362264,228.16590950652684,224.54628090601008,225.2025909423828,54146000
2024-09-24,AAPL,227.37035418692216,228.06644877557946,224.46669778796843,226.09751892089844,43556100
2024-09-25,AAPL,223.6711754067507,226.01796830972677,222.76627973963284,225.10311889648438,42308700
2024-09-26,AAPL,226.02793410267134,227.22121534991766,224.14851196557498,226.2467041015625,36636700
2024-09-27,AAPL,227.1814462394898,228.23551159576573,226.0279344568732,226.5151824951172,34026000
2024-09-30,AAPL,228.75260351180964,231.696044921875,228.36478670449856,231.696044921875,54541900
2024-10-01,AAPL,228.2355040411627,228.36476618305377,222.4878528116685,224.94403076171875,63285000
2024-10-02,AAPL,224.62581519597003,226.09752818761766,221.771881889721,225.51083374023438,32880600
2024-10-03,AAPL,223.87999557549335,225.54064754177273,222.07018915877285,224.4070281982422,34044200
2024-10-04,AAPL,226.6245660168141,226.72401244250622,222.87567550784985,225.53073120117188,37245100
2024-10-07,AAPL,223.24359711098245,224.4269397639463,220.09133967636964,220.44932556152344,39505400
2024-10-08,AAPL,223.0447257693685,224.71531649859696,222.00059897690352,224.50650024414062,31855700
2024-10-09,AAPL,223.96952441146985,228.4642330490597,223.57176903047048,228.25540161132812,33591100
2024-10-10,AAPL,226.50523572074002,228.21561101279016,225.89864895817115,227.7581787109375,28183500
2024-10-11,AAPL,228.0167412789572,228.12612627842185,226.0677036085129,226.2765350341797,31759200
2024-10-14,AAPL,227.42008369962844,230.43312517401645,227.32065245091678,230.0055389404297,39882100
2024-10-15,AAPL,232.3026279543652,236.1609188169062,231.06956201546166,232.54129028320312,64751400
2024-10-16,AAPL,230.30386376880503,230.8209426799016,228.55370384388218,230.48284912109375,34082200
2024-10-17,AAPL,232.12361966628396,232.5412825211578,229.22991678936268,230.8507843017578,32993800
2024-10-18,AAPL,234.8582339303053,234.8582339303053,232.70037994861724,233.68484497070312,46431500
2024-10-21,AAPL,233.13790198735873,235.52447953691794,233.13790198735873,235.1565399169922,36254500
2024-10-22,AAPL,232.58103244918055,234.8979944094582,231.29825861907142,234.54000854492188,38846600
2024-10-23,AAPL,232.76999409553275,233.82405947286142,226.4853561254601,229.46856689453125,52287000
2024-10-24,AAPL,228.69293816499177,229.52824872985036,227.13173238618916,229.27964782714844,31109500
2024-10-25,AAPL,228.45427709115,231.91479719738325,228.28523030841902,230.11492919921875,38802300
2024-10-28,AAPL,232.01424158684446,233.41633904858514,231.24854661133642,232.09378051757812,36087100
2024-10-29,AAPL,231.7954872619061,233.01859945208068,231.01985366097637,232.36228942871094,35417200
2024-10-30,AAPL,231.30820323038637,232.1633908639167,228.26533088908346,228.812255859375,47070900
2024-10-31,AAPL,228.05650301771783,228.5437662121666,224.10871977089283,224.6457061767578,64370100
2024-11-01,AAPL,219.7333456007168,224.08883784550613,219.03726617591775,221.66249084472656,65276700
2024-11-04,AAPL,219.75323643771605,221.54315061130296,218.4804011628397,220.76751708984375,44944500
2024-11-05,AAPL,220.55871830266648,222.6966799421733,219.90240829460964,222.19947814941406,28111300
2024-11-06,AAPL,221.36415627152132,224.8047989417024,219.95210516998125,221.47354125976562,54561100
2024-11-07,AAPL,223.37286824297072,226.60467969295215,223.31320645932942,226.2069091796875,42137700
2024-11-08,AAPL,226.1471868576639,227.63048374280507,225.39061415381417,225.93814086914062,38328800
2024-11-11,AAPL,223.98696589218596,224.68381119249955,220.50272420052974,223.22042846679688,42005600
2024-11-12,AAPL,223.53899499841924,224.5743058460154,222.354350392842,223.22042846679688,40398300
2024-11-13,AAPL,223.00141185159572,225.62952490733255,221.75703985190805,224.10641479492188,48566200
2024-11-14,AAPL,224.0068849307252,227.83954176018094,223.9869707245471,227.19247436523438,44923900
2024-11-15,AAPL,225.38064426033654,225.89830725108274,223.26024476090137,223.98695373535156,47923700
2024-11-18,AAPL,224.23582987715278,228.70561947942855,224.1561882479486,226.9933624267578,44633700
2024-11-19,AAPL,225.95804731142948,229.123737666772,225.63949596937007,227.252197265625,36211800
2024-11-20,AAPL,227.0331781982001,228.89475383274825,224.8729502483013,227.9689483642578,35169600
2024-11-21,AAPL,227.8494991340082,229.1237348668511,224.69377351516385,227.49111938476562,42108300
2024-11-22,AAPL,227.03318893672346,229.6812162999479,227.03318893672346,228.8350372314453,38168300
2024-11-25,AAPL,230.41787789282506,232.19981188776785,228.70562083004268,231.82151794433594,90152800
2024-11-26,AAPL,232.2794717613211,234.50939199708804,232.2794717613211,234.00167846679688,45986200
2024-11-27,AAPL,233.41431778082386,234.6288260383393,232.75728573526553,233.8722381591797,33498400
2024-11-29,AAPL,233.75280101667178,236.73929396987336,232.91658663539664,236.26145935058594,28481400
2024-12-02,AAPL,236.20171450499868,239.70585504150458,236.0922091638524,238.51126098632812,48137100
2024-12-03,AAPL,238.73028547870095,241.66700046466846,237.82437898500294,241.5574951171875,38861000
2024-12-04,AAPL,241.7765092325954,243.01093178619982,240.16380790150487,241.91587829589844,44383900
2024-12-05,AAPL,242.8914746561807,243.43898620611924,241.03984843814553,241.94573974609375,40033900
2024-12-06,AAPL,241.81633519239523,243.5285923470879,240.99007032901886,241.74664306640625,36870600
2024-12-09,AAPL,240.74119161135067,246.12683738886614,240.6615499788263,245.6390380859375,44649200
2024-12-10,AAPL,245.7783914922151,247.09245556004478,244.23536723926503,246.65443420410156,36914800
2024-12-11,AAPL,246.84360125039836,249.67081089954078,245.15124311202538,245.38021850585938,45205800
2024-12-12,AAPL,245.77839247075497,247.62006903646127,244.57383373711528,246.8435821533203,32777500
2024-12-13,AAPL,246.70423080565516,248.16759835190283,245.13134272203925,247.01283264160156,33155300
2024-12-16,AAPL,246.87345818165343,250.2481944775453,246.53497744922532,249.9097137451172,51694800
2024-12-17,AAPL,248.95404406138837,252.68716009783537,248.655391740455,252.33872985839844,51356400
2024-12-18,AAPL,251.02467749046986,253.13512753347695,246.62457993830327,246.9331817626953,56774100
2024-12-19,AAPL,246.3856613682502,250.86540066585474,245.97750369773615,248.66534423828125,60882300
2024-12-20,AAPL,246.92320588947405,253.8518755287198,244.58379575845774,253.34417724609375,147495300
2024-12-23,AAPL,253.62293295259332,254.49896052911285,252.30886880268173,254.1206817626953,40858800
2024-12-24,AAPL,254.3396705835317,257.0474099027653,254.14055892454206,257.0374755859375,23234700
2024-12-26,AAPL,257.0275101814573,258.9289141129315,256.47003399402934,257.853759765625,27237100
2024-12-27,AAPL,256.6691137206059,257.5352220874343,251.9206014592013,254.439208984375,42355300
2024-12-30,AAPL,251.09434735441482,252.35863351915538,249.6210152068174,251.06448364257812,35557500
2024-12-31,AAPL,251.30342042234355,252.1396347735265,248.30696287880588,249.29251098632812,39480700
2025-01-02,AAPL,247.80922035937212,247.97846832553566,240.73124671787497,242.75210571289062,55740700
2025-01-03,AAPL,242.26431274414062,243.080612931882,240.80092995907523,242.26431274414062,40244100
2025-01-06,AAPL,243.2100158477468,246.21642284830082,242.10501290585998,243.89691162109375,45045600
2025-01-07,AAPL,241.88599852058522,244.44443460073458,240.263347789176,241.11947631835938,40856000
2025-01-08,AAPL,240.83078235887348,242.61273160476242,238.9692066706783,241.60726928710938,37628900
2025-01-10,AAPL,238.9293760168756,239.0787097724967,231.95094323601768,235.7836151123047,61710900
2025-01-13,AAPL,232.47855694506205,233.61342361918983,228.68571346021633,233.34463500976562,49630700
2025-01-14,AAPL,233.69307331230715,235.05690023183175,231.42333988575893,232.2296905517578,39435300
2025-01-15,AAPL,233.5835582088168,237.88411516800545,233.3744970274307,236.79901123046875,39832000
2025-01-16,AAPL,236.28136958651152,236.9383864807084,227.0033243432251,227.23228454589844,71759100
2025-01-17,AAPL,231.07489856287185,231.24413133243607,227.4512878984511,228.9445343017578,68488300
2025-01-21,AAPL,222.9914505136237,223.40955766052627,218.39225670760806,221.6375732421875,98070400
2025-01-22,AAPL,218.80041619812283,223.1109227348787,218.80041619812283,222.82223510742188,64126500
2025-01-23,AAPL,223.72815445577547,226.0078374632505,221.29913768199057,222.65301513671875,60234800
2025-01-24,AAPL,223.76794215782238,224.614121166801,220.4131202139208,221.77694702148438,54697900
2025-01-27,AAPL,223.01138591977585,231.10477141655377,222.9715575076631,228.82508850097656,94863400
2025-01-28,AAPL,229.81063008981926,239.1085741517517,229.77080167884077,237.187255859375,75707600
2025-01-29,AAPL,233.06589003597526,238.78005164957875,232.9563846938824,238.2823028564453,45486100
2025-01-30,AAPL,237.59541819689565,239.7058683175974,236.14200015946125,236.52027893066406,55658300
2025-01-31,AAPL,246.0770438113447,246.0770438113447,232.38895238779278,234.9374237060547,100959800
2025-02-03,AAPL,228.95449458875606,230.78620649590428,224.6838014511222,226.9833984375,73063300
2025-02-04,AAPL,226.2268315478868,232.08036234711574,225.62952690670866,231.75184631347656,45067300
2025-02-05,AAPL,227.50106167329415,231.62242106375825,227.24223776986636,231.42332458496094,39620300
2025-02-06,AAPL,230.24863411824003,232.74734282564026,229.39250557129796,232.16995239257812,29925300
2025-02-07,AAPL,231.5527419594936,232.94643248808816,226.23677336593994,226.60511779785156,39707200
2025-02-10,AAPL,228.7876615470872,229.80417456619486,226.42572786906877,226.8741912841797,33115600
2025-02-11,AAPL,227.42233485023965,234.42837673351212,227.3525813044295,231.8272705078125,53718400
2025-02-12,AAPL,230.41209906543347,236.15247950770552,229.89386689621963,236.06277465820312,45243300
2025-02-13,AAPL,236.10264318513748,241.514131106333,234.7672133917818,240.70689392089844,53614100
2025-02-14,AAPL,240.4278591482801,244.71320848741047,240.16875066053348,243.76644897460938,40896200
2025-02-18,AAPL,243.31796980618805,244.34445851454996,241.01584434943877,243.6368865966797,48822500
2025-02-19,AAPL,243.8262313730556,245.17162160901916,242.33134319523683,244.03550720214844,32204200
2025-02-20,AAPL,244.10528213544586,245.93900803040836,243.45748811790233,244.99224853515625,32316900
2025-02-21,AAPL,245.11182656230832,247.84249441981407,244.38431857946645,244.71319580078125,53197400
2025-02-24,AAPL,244.0953010258401,248.01191597096326,243.58704451830639,246.25791931152344,51326400
2025-02-25,AAPL,247.15485528022737,249.14803959700342,244.0753891604379,246.1981201171875,48013300
2025-02-26,AAPL,243.49736566903925,244.14514449402503,238.3150894487839,239.5408935546875,44433600
2025-02-27,AAPL,238.5941277716784,241.6337368385667,236.25213016109495,236.49131774902344,41153600
2025-02-28,AAPL,236.14250368420718,241.26498665715278,229.41550676334808,241.01583862304688,56833400
2025-03-03,AAPL,240.96600727263495,243.1983791446907,235.30537120652147,237.2188262939453,47184000
2025-03-04,AAPL,236.89992456399492,239.25188262538288,233.88023638606123,235.1259765625,53798100
2025-03-05,AAPL,234.61771347352882,235.7438674276595,228.44880585950324,234.93663024902344,47227600
2025-03-06,AAPL,233.64107919926062,237.0494227188423,232.36544239217005,234.52804565429688,45170400
2025-03-07,AAPL,234.30878315837532,240.54744460053885,233.95996981993864,238.2552947998047,46273600
2025-03-10,AAPL,234.73730306532093,235.35520052510583,223.45588808739058,226.70477294921875,72071200
2025-03-11,AAPL,223.04728218644934,225.0703629938446,216.7089556312574,220.08740234375,76137400
2025-03-12,AAPL,219.3897895710681,220.99430349899413,214.17761702040198,216.2405548095703,62547500
2025-03-13,AAPL,215.21406028960521,216.10102664759694,207.70972301630272,208.96542358398438,61368300
2025-03-14,AAPL,210.53007941159925,213.22087501834247,208.86577244295887,212.762451171875,60107600
2025-03-17,AAPL,212.58305520506434,214.48654973692538,209.25444129100026,213.2707061767578,48073400
2025-03-18,AAPL,213.43018643369246,214.4168029665515,210.76928711901598,211.96519470214844,42432400
2025-03-19,AAPL,213.48995680484757,218.0144781615262,213.0215573102422,214.50648498535156,54385400
2025-03-20,AAPL,213.2607660976187,216.74883872802718,211.49679368091097,213.37039184570312,48862900
2025-03-21,AAPL,210.83902892918795,218.09421843072647,210.55998434888178,217.5261688232422,94127800
2025-03-24,AAPL,220.24685206675267,220.72521201243578,217.8351010318318,219.97776794433594,44299500
2025-03-25,AAPL,220.0176475207108,223.3363011191594,219.32999652191663,222.98748779296875,34493600
2025-03-26,AAPL,222.7483031053444,224.25316696482244,219.71866969932233,220.77505493164062,34466100
2025-03-27,AAPL,220.63554992146092,224.22328797900445,219.8083765580053,223.08717346191406,37094800
2025-03-28,AAPL,220.91458161653458,223.04728822423488,216.93817343567548,217.1574249267578,39818600
2025-03-31,AAPL,216.27045427307317,224.8511131847691,215.49311362240712,221.37301635742188,65299300
2025-04-01,AAPL,219.06091135294477,222.91771798921508,218.15400887457568,222.4293975830078,36412700
2025-04-02,AAPL,220.56578026164416,224.4225869866718,220.2667995775576,223.12701416015625,35905900
2025-04-03,AAPL,204.8395255545537,206.78289223919597,200.56415230327434,202.49754333496094,103419000
2025-04-04,AAPL,193.2292544699453,199.19884701911502,186.70157274086588,187.738037109375,125910900
2025-04-07,AAPL,176.59612158290105,193.48835506739644,174.02491207450518,180.84161376953125,160466300
2025-04-08,AAPL,186.06374707733985,189.6913418115003,168.63336050772435,171.83241271972656,120859500
2025-04-09,AAPL,171.3640242168161,199.92636006312654,171.30423111843703,198.17236328125,184395900
2025-04-10,AAPL,188.42568213047016,194.11621470149436,182.37636057603893,189.7710723876953,121880000
2025-04-11,AAPL,185.46580802047046,198.85999394662434,185.42593581806156,197.4747314453125,87435900
2025-04-14,AAPL,210.7194495182335,212.2143377637297,200.47448329230923,201.82984924316406,101352900
2025-04-15,AAPL,201.1720815277121,202.81645240683693,199.11910423874315,201.4511260986328,51343900
2025-04-16,AAPL,197.68401406478426,200.01603598224625,191.71442177543545,193.6079559326172,59732400
2025-04-17,AAPL,196.5279673080365,198.15241736523095,193.75744237056688,196.3087158203125,52164700
2025-04-21,AAPL,192.61136524453693,193.13955785695288,189.1631497833642,192.50173950195312,46742500
2025-04-22,AAPL,195.45165216386687,200.9030125684292,195.3021694205859,199.059326171875,52976400
2025-04-23,AAPL,205.29797863560773,207.29116289420588,202.10888686320854,203.9027557373047,52929200
2025-04-24,AAPL,204.1917755069081,208.11835121294007,202.2484237558185,207.659912109375,47311000
2025-04-25,AAPL,205.66671618569228,209.0352025034097,205.49729734578435,208.56680297851562,38222300
2025-04-28,AAPL,209.2843516085664,210.77923983434187,206.7530142372406,209.4238739013672,38743100
2025-04-29,AAPL,207.978817902887,211.51672307140856,207.6599011161091,210.490234375,36827600
2025-04-30,AAPL,208.58674127234366,212.8521544830753,205.96569903614,211.7758331298828,52286500
2025-05-01,AAPL,208.3674918385056,213.82881264887993,208.18809734114114,212.59304809570312,57365700
2025-05-02,AAPL,205.38766067678682,206.2846026840361,201.47106105284274,204.6501922607422,101010600
2025-05-05,AAPL,202.40787903175757,203.4044712176219,197.5345438511527,198.21221923828125,69018500
2025-05-06,AAPL,197.5345306234426,199.96620262041338,196.34858356859348,197.83349609375,51216500
2025-05-07,AAPL,198.49125449640593,198.7603386318323,192.59143085844198,195.58120727539062,68536700
2025-05-08,AAPL,197.04619801698016,199.3682595147921,194.0165494128041,196.81698608398438,50478900
2025-05-09,AAPL,198.32183886048443,199.85658408831688,196.86680762308345,197.8534393310547,36453900
2025-05-12,AAPL,210.52676720097676,210.82613996616402,206.31563192374182,210.34713745117188,63775800
2025-05-13,AAPL,209.98788789546765,212.95164926547025,208.56089957562318,212.48263549804688,51909300
2025-05-14,AAPL,211.98367663769176,213.49051386836734,210.13757262915965,211.88389587402344,49325800
2025-05-15,AAPL,210.506803034962,212.51258988469863,209.0997617101353,211.00575256347656,45029500
2025-05-16,AAPL,211.9138418912236,212.12340739052024,209.3292870180407,210.81614685058594,54737900
2025-05-19,AAPL,207.47318710280226,209.0398806327114,203.83084657536088,208.3413543701172,46140500
2025-05-20,AAPL,207.23369558110693,208.03201787298204,204.5992426766309,206.42539978027344,42496600
2025-05-21,AAPL,204.73893602091724,206.60500227852873,200.28831500749223,201.6654052734375,59211800
2025-05-22,AAPL,200.2883071907537,202.32401437172413,199.28041949489233,200.9369354248047,46742400
2025-05-23,AAPL,193.26311186041877,197.28464391104225,193.05356158182016,194.85975646972656,78432900
2025-05-27,AAPL,197.88337691051132,200.31825293342968,197.01519441683536,199.78936767578125,56288500
2025-05-28,AAPL,200.16855762950956,202.30406088976383,199.48000488022652,199.99891662597656,45339700
2025-05-29,AAPL,203.15228556391767,203.38179807643976,198.09293019267844,199.5299072265625,51396800
2025-05-30,AAPL,198.95112277889336,201.53569281345096,196.36656797106642,200.4280242919922,70819900
2025-06-02,AAPL,199.85921507319503,201.70533435611304,199.69954757512772,201.27622985839844,35423300
2025-06-03,AAPL,200.92696184786135,203.34187550579085,200.53778186221837,202.84292602539062,46381600
2025-06-04,AAPL,202.48369763994597,205.80670326672896,201.67540185470463,202.39389038085938,43604000
2025-06-05,AAPL,203.07246156364138,204.3198354061699,199.7294935749724,200.20849609375,55126100
2025-06-06,AAPL,202.57349663849442,205.26782088834017,201.62549563553227,203.49156188964844,46607700
2025-06-09,AAPL,203.96058960802065,205.56720771427428,199.59977555964565,201.02676391601562,72862600
2025-06-10,AAPL,200.1785434107301,203.92066462184746,200.14860765917956,202.2441864013672,54672600
2025-06-11,AAPL,203.0724503091444,204.07034932786254,197.99314795828434,198.36236572265625,60989900
2025-06-12,AAPL,198.66173587371065,199.26046614106752,196.94534836583952,198.78147888183594,43904600
2025-06-13,AAPL,199.3103695725812,199.9490243445518,195.2888376882346,196.03726196289062,51447300
2025-06-16,AAPL,196.8854859861783,198.27256505925683,196.1470352061455,198.0031280517578,43020700
2025-06-17,AAPL,196.78567812068002,197.97318035709665,194.79986887227625,195.2289581298828,38856200
2025-06-18,AAPL,195.52832221137376,197.15490236836843,194.66015499959357,196.16697692871094,45394700
2025-06-20,AAPL,197.8235020126397,201.27622400422058,196.44639652864126,200.57769775390625,96813500
2025-06-23,AAPL,201.20639190632414,201.87498244787415,198.54200324907936,201.07666015625,55814300
2025-06-24,AAPL,202.16436301176623,203.0125832870988,199.77938491343542,199.87918090820312,54064000
2025-06-25,AAPL,201.0267661369261,203.2421033073339,200.19850807531137,201.13653564453125,39525700
2025-06-26,AAPL,201.00678701240994,202.2142514946699,199.04094000321476,200.57769775390625,50799100
2025-06-27,AAPL,201.4658274879402,202.7930349784745,199.57979899649257,200.65753173828125,73188600
2025-06-30,AAPL,201.58557286233471,206.95427439094752,198.84135059390303,204.7389373779297,91912800
2025-07-01,AAPL,206.23578409144605,209.74839282792448,205.70689884063935,207.3833770751953,78788900
2025-07-02,AAPL,208.47108532398713,212.8917706186518,207.7026988246806,211.99366760253906,67941800
2025-07-03,AAPL,211.70428104663077,214.19902871499423,211.36499901814886,213.10134887695312,34955800
2025-07-07,AAPL,212.23315593085263,215.77570049162512,208.36131809352125,209.50889587402344,50229000
2025-07-08,AAPL,209.658593847986,210.98578616820197,208.01205130024096,209.5687713623047,42848900
2025-07-09,AAPL,209.0897778625777,210.8859991217609,206.78463359109693,210.69639587402344,48749400
2025-07-10,AAPL,210.06771262581316,213.03147386855414,209.58872537016995,211.96372985839844,44443600
2025-07-11,AAPL,210.12759762046792,211.68431760849728,209.41908263784933,210.7163543701172,39765800
2025-07-14,AAPL,209.48893166698292,210.46688365912564,207.10395364435493,208.1816864013672,38840100
2025-07-15,AAPL,208.7804390594974,211.44482767792792,208.48106630115817,208.67066955566406,42296300
2025-07-16,AAPL,209.8581806046168,211.95375954691573,208.2016644692293,209.71847534179688,47490500
2025-07-17,AAPL,210.12759810142074,211.3550095983717,209.14964612579556,209.57875061035156,48068100
2025-07-18,AAPL,210.42696659875526,211.34503189230253,209.25942654413325,210.73631286621094,48974600
2025-07-21,AAPL,211.65437808070223,215.3266389893317,211.18536434566,212.0335693359375,51377400
2025-07-22,AAPL,212.69220709721728,214.49840197701596,211.78411528941558,213.94955444335938,46404100
2025-07-23,AAPL,214.54829351654996,214.69797228179937,211.9637386583707,213.7000732421875,46989300
2025-07-24,AAPL,213.45058781785585,215.2368355364858,213.08137006420023,213.31088256835938,46022600
2025-07-25,AAPL,214.24891808809048,214.7877920897316,212.95164630742312,213.43064880371094,40268800
2025-07-28,AAPL,213.5803337758995,214.39861831079742,212.61237047326716,213.6002960205078,37858000
2025-07-29,AAPL,213.73000061776605,214.3586818606333,210.37707459375494,210.8261260986328,51411700
2025-07-30,AAPL,211.454797150492,211.94377315400357,207.28358653790625,208.6107940673828,45512500
2025-07-31,AAPL,208.0519764228089,209.39913099136336,206.72476887181696,207.1339111328125,80698400
2025-08-01,AAPL,210.4269720875647,213.1312852679161,201.07666267114303,201.95481872558594,104434500
2025-08-04,AAPL,204.0803265791815,207.44325668811337,201.25627047720934,202.9227752685547,75109300
2025-08-05,AAPL,202.97265486934364,204.90858140720596,201.73526982787092,202.49366760253906,44155100
2025-08-06,AAPL,205.19798558200998,214.9275012748427,205.15806109322384,212.80197143554688,108483100
2025-08-07,AAPL,218.42014073215765,220.38600300495352,216.12496995802366,219.56771850585938,90224800
2025-08-08,AAPL,220.36604479784603,230.5146761138317,218.78936250198095,228.86814880371094,113854000
2025-08-11,AAPL,227.6992650180531,229.33767612130436,224.54232171734583,226.95997619628906,61806100
2025-08-12,AAPL,227.78917070894937,230.57647717809445,226.8500938879156,229.42758178710938,55626200
2025-08-13,AAPL,230.8462285986664,234.77241529044048,230.2068337695816,233.10403442382812,69878500
2025-08-14,AAPL,233.83332460758467,234.89229562265464,230.6264418350812,232.5545654296875,51916300
2025-08-15,AAPL,233.77337703316005,234.0531046408583,229.11788646444978,231.36570739746094,56038700
2025-08-18,AAPL,231.47561022214762,232.89423321308522,229.88715369469057,230.66639709472656,37476200
2025-08-19,AAPL,231.05601964615855,232.64447617946885,229.1278960385577,230.3367156982422,39402600
2025-08-20,AAPL,229.75726351111018,230.24679444121838,225.55134937034353,225.79110717773438,42263900
2025-08-21,AAPL,226.05087353353895,226.30063142153253,223.56327948127884,224.68218994140625,30621200
2025-08-22,AAPL,225.95095699429655,228.8681272027074,225.1916985271248,227.53941345214844,42477800
2025-08-25,AAPL,226.26065308481304,229.07792927219558,226.01089520624416,226.94000244140625,30983100
2025-08-26,AAPL,226.65028173376106,229.26775474756235,224.4724002828088,229.08792114257812,54575100
2025-08-27,AAPL,228.38860049855515,230.676376013076,228.03893336267103,230.26678466796875,31259500
2025-08-28,AAPL,230.59647266873003,233.18396075811214,229.11789497993007,232.33477783203125,38074700
2025-08-29,AAPL,232.28481317583598,233.15398096397084,231.145917853049,231.91517639160156,39418400
2025-09-02,AAPL,229.02798202980685,230.62643860177437,226.75019132336067,229.49752807617188,44075600
2025-09-03,AAPL,236.98028515930878,238.6186963224971,234.133039090421,238.2390594482422,66427800
2025-09-04,AAPL,238.21906152531412,239.66765417218173,236.51072617258424,239.5477752685547,47549400
2025-09-05,AAPL,239.76756781945676,241.08629675958926,238.25903569310344,239.45787048339844,54870400
2025-09-08,AAPL,239.06825064349684,239.91741830634814,236.11111057683257,237.64962768554688,48999500
2025-09-09,AAPL,236.77047435136637,238.5487492683241,233.13400016518182,234.123046875,66313900
2025-09-10,AAPL,231.96513778704139,232.19491077497392,225.73117543382176,226.5703582763672,83440800
2025-09-11,AAPL,226.66027725307507,230.22681187017153,226.43048902665416,229.80722045898438,50208600
2025-09-12,AAPL,228.9980136278554,234.28288383192944,228.79821036620638,233.84332275390625,55824200
2025-09-15,AAPL,236.77047667310174,237.95932665324483,234.80238330570734,236.47076416015625,42699500
2025-09-16,AAPL,236.9502954777413,240.98639147239973,236.09114297984144,237.9193572998047,63421100
2025-09-17,AAPL,238.73857528095925,239.86748583209587,237.4997706474641,238.75856018066406,46508000
2025-09-18,AAPL,239.737599946219,240.9664044724694,236.4208079152849,237.64962768554688,44249600
2025-09-19,AAPL,240.99636870073516,246.06146581163878,239.9773675285625,245.26223754882812,163741300
2025-09-22,AAPL,248.05953649140056,256.3914711896616,247.8797028858207,255.8319854736328,105517400
2025-09-23,AAPL,255.63220171436936,257.0907792625319,253.33442606621003,254.18359375,60275200
2025-09-24,AAPL,254.9728287261993,255.4923293909784,250.79686899703333,252.06564331054688,42303700
2025-09-25,AAPL,252.96477212582877,256.9209435623003,251.466224879955,256.6212158203125,55202100
2025-09-26,AAPL,253.8539172209246,257.3505275669758,253.5342198150173,255.2126007080078,46076300
2025-09-29,AAPL,254.31347273152574,254.75304905914027,252.76497075706976,254.18359375,40127700
2025-09-30,AAPL,254.61318058017173,255.67215158054225,252.8648753735947,254.38340759277344,37704300
2025-10-01,AAPL,254.7929996074261,258.53938316103813,254.6831055272507,255.20260620117188,48713900
2025-10-02,AAPL,256.33149581258533,257.9299523535748,253.9038565188199,256.8809814453125,42630200
2025-10-03,AAPL,254.42336451804394,258.9889308017334,253.70406057825727,257.7701110839844,49155600
2025-10-06,AAPL,257.7401350456914,258.819106172963,254.80299514816292,256.44140625,44664100
2025-10-07,AAPL,256.56129542181253,257.15072039039774,255.18262697514498,256.23162841796875,31955800
2025-10-08,AAPL,256.2715719294531,258.2696351050741,255.8619653198879,257.8100891113281,36496900
2025-10-09,AAPL,257.5603136690899,257.75013209688524,252.8948383011137,253.79396057128906,38322000
2025-10-10,AAPL,254.69310389004832,256.13171175032437,243.76369637579657,245.032470703125,61999100
2025-10-13,AAPL,249.13848619669534,249.44818352992385,245.32217845998096,247.42015075683594,38142900
2025-10-14,AAPL,246.36117950382103,248.60900042906025,244.46301046499008,247.53004455566406,35478000
2025-10-15,AAPL,249.24838988167792,251.5761352503302,247.2303418581919,249.09852600097656,33893600
2025-10-16,AAPL,248.00958596667436,248.79881419551728,244.8926123625184,247.21035766601562,39777000
2025-10-17,AAPL,247.77980070207627,253.13461023404025,247.03052706557392,252.045654296875,49147000
2025-10-20,AAPL,255.64218177653177,264.1239650925819,255.3824390623343,261.98602294921875,90483000
2025-10-21,AAPL,261.6263807259345,265.03308188579996,261.5764108568555,262.5155029296875,46695900
2025-10-22,AAPL,262.3956210979312,262.5954395959732,255.18261234613632,258.19970703125,45015300
2025-10-23,AAPL,259.68824995662277,260.36758405794774,257.76012648314656,259.3285827636719,32754900
2025-10-24,AAPL,260.93706434715574,263.87421967110856,258.9290010880386,262.56549072265625,38253700
2025-10-27,AAPL,264.6234656652487,268.8593494221352,264.3936774471076,268.5496520996094,44888200
2025-10-28,AAPL,268.7294713644567,269.6286240979669,267.8902885694659,268.7394714355469,41534800
2025-10-29,AAPL,269.01920560410514,271.1471476128123,266.85129379808274,269.4388122558594,51086700
2025-10-30,AAPL,271.72657092903916,273.87451306817263,268.2199910571769,271.13714599609375,69886500
2025-10-31,AAPL,276.721738255342,277.05143573891627,268.89933466249033,270.108154296875,86167100
2025-11-03,AAPL,270.15812755648943,270.5877038096653,265.9921525413924,268.7894287109375,50194600
2025-11-04,AAPL,268.0701070960229,271.22705027239556,267.36080327265466,269.7784729003906,49274800
2025-11-05,AAPL,268.3498399683747,271.43687417180433,266.67147434431234,269.8783874511719,43683100
2025-11-06,AAPL,267.6305743388968,273.1352174017799,267.6305743388968,269.50872802734375,51204000
2025-11-07,AAPL,269.5386899523433,272.02629915101613,266.51162568814635,268.2099914550781,48227400
2025-11-10,AAPL,268.9599914550781,273.7300109863281,267.4599914550781,269.42999267578125,41312400
2025-11-11,AAPL,269.80999755859375,275.9100036621094,269.79998779296875,275.25,46208300
2025-11-12,AAPL,275.0,275.7300109863281,271.70001220703125,273.4700012207031,48398000
2025-11-13,AAPL,274.1099853515625,276.70001220703125,272.0899963378906,272.95001220703125,49602800
2025-11-14,AAPL,271.04998779296875,275.9599914550781,269.6000061035156,272.4100036621094,47431300
2025-11-17,AAPL,268.82000732421875,270.489990234375,265.7300109863281,267.4599914550781,45018300
2025-11-18,AAPL,269.989990234375,270.7099914550781,265.32000732421875,267.44000244140625,45677300
2025-11-19,AAPL,265.5299987792969,272.2099914550781,265.5,268.55999755859375,40424500
2025-11-20,AAPL,270.8299865722656,275.42999267578125,265.9200134277344,266.25,45823600
2025-11-21,AAPL,265.95001220703125,273.3299865722656,265.6700134277344,271.489990234375,59030800
2025-11-24,AAPL,270.8999938964844,277.0,270.8999938964844,275.9200134277344,65585800
2025-11-25,AAPL,275.2699890136719,280.3800048828125,275.25,276.9700012207031,46914200
2025-11-26,AAPL,276.9599914550781,279.5299987792969,276.6300048828125,277.54998779296875,33431400
2025-11-28,AAPL,277.260009765625,279.0,275.989990234375,278.8500061035156,20135600
2025-12-01,AAPL,278.010009765625,283.4200134277344,276.1400146484375,283.1000061035156,46587700
2025-12-02,AAPL,283.0,287.3999938964844,282.6300048828125,286.19000244140625,53669500
2025-12-03,AAPL,286.20001220703125,288.6199951171875,283.29998779296875,284.1499938964844,43538700
2025-12-04,AAPL,284.1000061035156,284.7300109863281,278.5899963378906,280.70001220703125,43989100
2025-12-05,AAPL,280.5400085449219,281.1400146484375,278.04998779296875,278.7799987792969,47265800
2025-12-08,AAPL,278.1300048828125,279.6700134277344,276.1499938964844,277.8900146484375,38211800
2025-12-09,AAPL,278.1600036621094,280.0299987792969,276.9200134277344,277.17999267578125,32193300
2025-12-10,AAPL,277.75,279.75,276.44000244140625,278.7799987792969,33038300
2025-12-11,AAPL,279.1000061035156,279.5899963378906,273.80999755859375,278.0299987792969,33248000
2025-12-12,AAPL,277.8999938964844,279.2200012207031,276.82000732421875,278.2799987792969,39532900
2025-12-15,AAPL,280.1499938964844,280.1499938964844,272.8399963378906,274.1099853515625,50409100
2025-12-16,AAPL,272.82000732421875,275.5,271.7900085449219,274.6099853515625,37648600
2025-12-17,AAPL,275.010009765625,276.1600036621094,271.6400146484375,271.8399963378906,50138700
2025-12-18,AAPL,273.6099853515625,273.6300048828125,266.95001220703125,272.19000244140625,51630700
2025-12-19,AAPL,272.1499938964844,274.6000061035156,269.8999938964844,273.6700134277344,144632000
2025-12-22,AAPL,272.8599853515625,273.8800048828125,270.510009765625,270.9700012207031,36571800
2025-12-23,AAPL,270.8399963378906,272.5,269.55999755859375,272.3599853515625,29642000
2025-12-24,AAPL,272.3399963378906,275.42999267578125,272.20001220703125,273.80999755859375,17910600
2025-12-26,AAPL,274.1600036621094,275.3699951171875,272.8599853515625,273.3999938964844,21455300
