Date,Ticker,Open,High,Low,Close,Volume
,,META,META,META,META,META
2012-05-18,META,41.7583025202686,44.687839417507796,37.73639773033992,37.96480178833008,573576400
2012-05-21,META,36.27659145587833,36.405690711132536,32.77108015460566,33.7939338684082,168192700
2012-05-22,META,32.383790175603224,33.35699161546748,30.725374626638857,30.784957885742188,101786600
2012-05-23,META,31.152390036721727,32.27455049753189,31.142459178505305,31.778018951416016,73600000
2012-05-24,META,32.721433530505955,32.97962829830883,31.549618639526823,32.80087661743164,50237200
2012-05-25,META,32.67178054378367,32.721432945754344,30.894196520291167,31.68864631652832,37149800
2012-05-29,META,31.261626267762804,31.47017050593436,28.4512577404699,28.63994026184082,78063400
2012-05-30,META,28.500913970985476,29.345016157131653,27.666740749797373,27.99445152282715,57267900
2012-05-31,META,28.351951172013045,29.46418269408395,26.64388329631165,29.394668579101562,111639200
2012-06-01,META,28.689593927470575,28.947790574935443,27.199999195716256,27.5277099609375,41855500
2012-06-04,META,27.01131805700868,27.458195331740786,26.25658984635005,26.713397979736328,35230300
2012-06-05,META,26.514784485921407,27.567430800211618,25.57137382033956,25.690542221069336,42473400
2012-06-06,META,25.889155053798582,26.98152485696207,25.342971099275626,26.624021530151367,61489200
2012-06-07,META,26.81270314513894,27.160275601769797,25.968599148783287,26.12748908996582,26159500
2012-06-08,META,26.365828092654517,27.567435590170728,26.25659242496599,26.91201400756836,38034000
2012-06-11,META,26.991456460274623,27.87528204915044,26.653814840994905,26.822635650634766,28219600
2012-06-12,META,27.289375397584163,27.5773646254335,26.77298209572046,27.209930419921875,15816800
2012-06-13,META,27.468125535399363,27.905073835175585,26.91201072284989,27.08083152770996,17102800
2012-06-14,META,27.458199649115805,28.123552130620823,27.190072105647083,28.093761444091797,16855000
2012-06-15,META,28.31223169615658,29.89120231543385,28.15334173772395,29.80182647705078,43563800
2012-06-18,META,29.752171528742995,31.857468167099853,29.205987545373517,31.192113876342773,42978900
2012-06-19,META,31.32121399606278,31.956773833052505,30.48704076295491,31.68864631652832,30849000
2012-06-20,META,31.69857441597449,31.70850527432756,30.93391536984613,31.380794525146484,15553600
2012-06-21,META,31.45030837854192,32.274550673832,31.291418434446303,31.619129180908203,21875300
2012-06-22,META,32.18517612961737,33.21796270162605,31.83760554684292,32.820735931396484,74834000
2012-06-25,META,32.63205620431654,32.7909461591691,31.331142094549364,31.83760643005371,24352900
2012-06-26,META,32.463236067383335,33.20803350003433,32.27455541487658,32.870391845703125,24858700
2012-06-27,META,32.23483185546349,32.67178210545622,31.678716971515847,32.00642776489258,28568000
2012-06-28,META,31.73830011033047,31.966704200000226,30.685653610624712,31.14246368408203,17713300
2012-06-29,META,31.69857546298254,31.76808957963253,30.54662237362308,30.88426399230957,19526900
2012-07-02,META,31.03322660776718,31.509896513874203,30.338081574106063,30.556556701660156,14122000
2012-07-03,META,30.695582774546278,31.221906942382066,30.586345218513753,30.983572006225586,8763600
2012-07-05,META,31.102738442356667,31.4105874972872,30.804820246503596,31.251697540283203,10032100
2012-07-06,META,31.2219041977642,31.678712311711486,31.043152537830903,31.509891510009766,10945600
2012-07-09,META,31.877326167575365,32.651918014374104,31.768090507129415,31.946840286254883,17785200
2012-07-10,META,32.205039176424876,32.254691577694494,30.94384848535267,31.251697540283203,14269500
2012-07-11,META,31.261627534327836,31.34107251063153,30.338078500973843,30.755165100097656,13030300
2012-07-12,META,30.487041570884614,31.182184687484515,30.38773487019384,30.596277236938477,11300700
2012-07-13,META,30.824682602050288,30.854473285780987,30.348010827063998,30.506900787353516,8108300
2012-07-16,META,30.288429429045824,30.288429429045824,28.014313654540896,28.05403709411621,24672100
2012-07-17,META,28.282439457819017,28.39167701584557,26.961665478685493,27.895145416259766,30438600
2012-07-18,META,28.113619789599333,29.086823204174905,27.954729822753894,28.908071517944336,16841800
2012-07-19,META,29.205985753690364,29.295361584630506,28.43139585024832,28.798830032348633,13685100
2012-07-20,META,28.798834143105395,29.265573186990547,28.520775752255062,28.56049919128418,11869100
2012-07-23,META,27.92493676507362,28.798831508470617,27.815699211854877,28.550565719604492,12390700
2012-07-24,META,28.620077772864263,29.245708576381716,27.905073034390405,28.25264549255371,11539800
2012-07-25,META,28.19306380622847,29.28543371141978,27.885214742786886,29.136474609375,17230200
2012-07-26,META,27.55750036246727,28.034170184419047,26.544575570231626,26.66374397277832,64597400
2012-07-27,META,23.029135103256458,24.36977074182211,22.125447783404145,23.5455265045166,123102300
2012-07-30,META,23.83351639211694,23.873239828613634,22.87024578648459,22.989412307739258,29285900
2012-07-31,META,23.20788511366036,23.20788511366036,21.460093857986386,21.559398651123047,56179400
2012-08-01,META,21.350860905773228,21.430305893843947,20.695439280660324,20.73516082763672,44604400
2012-08-02,META,20.625921336552278,20.695435451487565,19.682510620413872,19.900985717773438,56374500
2012-08-03,META,20.218765186843676,22.006277997237277,19.761955178958846,20.943700790405273,80647000
2012-08-06,META,21.241620184260825,21.996348405976992,21.152244349181434,21.7679443359375,27778900
2012-08-07,META,22.046000061538336,22.29426581946504,20.357792149989777,20.576265335083008,36782900
2012-08-08,META,20.566334477471848,21.003282741775728,20.0797338192296,20.576265335083008,29537400
2012-08-09,META,20.606061156259965,21.023147771091143,20.467032916022145,20.8642578125,15610700
2012-08-10,META,21.26148365817612,21.66863943200771,20.98342527116912,21.658708572387695,25794700
2012-08-13,META,21.99634682343607,22.29426688363921,21.251549514104482,21.450162887573242,24973100
2012-08-14,META,21.261480218735837,21.4501627327576,20.109527206813222,20.238624572753906,39308800
2012-08-15,META,20.49682547590222,21.261484655449593,20.258490516196137,21.052942276000977,47861100
2012-08-16,META,20.29821003977652,20.33793157833722,19.55341272411763,19.73216438293457,157565300
2012-08-17,META,19.8711940183284,19.940708136327665,18.868200001481824,18.9178524017334,129293400
2012-08-20,META,18.91785136764548,19.990359443865863,18.61993319418553,19.871192932128906,101186600
2012-08-21,META,19.444174728159663,19.84139957515689,18.957574053823375,19.027088165283203,70640600
2012-08-22,META,19.225704098380696,19.394524917620856,18.828477304320746,19.30514907836914,49892200
2012-08-23,META,19.36473233983104,19.5931364205331,19.225704098380696,19.30514907836914,32813700
2012-08-24,META,19.384591931166927,19.543481873707844,19.116464442835063,19.275354385375977,29622200
2012-08-27,META,19.354802064313084,19.39452550256424,18.967508011953257,19.017160415649414,20704000
2012-08-28,META,18.96750802449065,19.24556451596138,18.818548919185936,19.205842971801758,25417000
2012-08-29,META,19.18598154757059,19.245564811784774,18.93771573687404,18.96750831604004,16124700
2012-08-30,META,19.136326506492477,19.3150781686246,18.927782269299147,18.95757484436035,30647500
2012-08-31,META,18.550419042136568,18.570280758758056,17.904928404878678,17.93471908569336,58764200
2012-09-04,META,17.954582382694785,18.143264918971823,17.428258210603143,17.607009887695312,46622400
2012-09-05,META,18.143263709455066,18.619933553845282,18.0538878768672,18.451112747192383,60781800
2012-09-06,META,18.610000861182346,19.12639408876987,18.590139146094195,18.828474044799805,46066500
2012-09-07,META,18.967505578810727,19.285285467584167,18.649725690037286,18.848337173461914,36371700
2012-09-10,META,18.92778353911794,19.06681367127987,18.421321093805446,18.67951774597168,24797800
2012-09-11,META,18.788756932108676,19.444178531381944,18.719242807052094,19.29521942138672,50508200
2012-09-12,META,20.615992108714455,21.01321700698957,20.13932223078432,20.784812927246094,121584000
2012-09-13,META,20.814601450520637,21.330994711742548,20.46703088442659,20.566335678100586,65041600
2012-09-14,META,20.983423450396167,21.926834197140124,20.75501938130831,21.847389221191406,72819800
2012-09-17,META,22.5127441875793,22.592189172641458,21.3508600972216,21.3707218170166,50667600
2012-09-18,META,21.450164727382894,21.827527896399477,21.221760654185548,21.718292236328125,36760500
2012-09-19,META,21.83745767099614,23.207885830366855,21.618984467584067,23.128440856933594,78782800
2012-09-20,META,22.86031365153248,23.07878685771825,22.383643804881206,22.43329620361328,57248900
2012-09-21,META,22.810657384249822,23.078784860076826,22.443225119554242,22.7014217376709,51218100
2012-09-24,META,21.628914698719818,21.82752617948381,20.218765040590135,20.645782470703125,79106500
2012-09-25,META,21.052938502372868,21.062867466561087,20.079735223700542,20.139320373535156,46291700
2012-09-26,META,20.010220285309355,20.63585107397562,19.662647835396704,20.476961135864258,38271900
2012-09-27,META,20.84439322926097,20.85432408707272,20.020150972060414,20.179040908813477,30215900
2012-09-28,META,20.427307623146,21.797735759114953,20.357793509343633,21.509746551513672,65486000
2012-10-01,META,21.9268354038346,22.43329786367382,21.579262904636966,21.837459564208984,51262700
2012-10-02,META,21.9268341349604,22.33398987230768,21.66863749032985,22.115516662597656,29341400
2012-10-03,META,22.1453088204147,22.3339913606256,21.648777215525424,21.678569793701172,32000100
2012-10-04,META,22.165169430108758,22.244614407151104,21.261482105957953,21.79773712158203,46892100
2012-10-05,META,21.340928295750306,21.479956539945615,20.735159127554578,20.764951705932617,40529300
2012-10-08,META,20.258487701416016,20.606060179655415,20.02015277482496,20.258487701416016,32236700
2012-10-09,META,20.24855439105111,20.4074443228737,19.83146784648745,20.089664459228516,27161800
2012-10-10,META,19.79174666724818,19.801677524930724,19.31507686319056,19.50375747680664,39321800
2012-10-11,META,19.7420944301056,19.821539405703138,19.47396882128743,19.61299705505371,21817300
2012-10-12,META,19.6129961133864,19.662648510456822,19.34486862332405,19.384592056274414,18809400
2012-10-15,META,19.5434819998408,19.742093482240016,19.354799481561642,19.384592056274414,20189700
2012-10-16,META,19.5434810734005,19.553411931167325,19.166116054730814,19.344867706298828,21834700
2012-10-17,META,19.36473088681641,20.337932292181016,19.235633514316042,19.742094039916992,44074500
2012-10-18,META,19.563343817319698,19.65271964780192,18.758961342979692,18.848337173461914,52157400
2012-10-19,META,18.86819839477539,18.927781648827047,18.669585022446547,18.86819839477539,34835000
2012-10-22,META,19.066813325297716,19.29521739625946,18.917852336818825,19.18597984313965,32447300
2012-10-23,META,19.116466937920986,19.662650949928764,18.967507834111387,19.36473274230957,78381200
2012-10-24,META,23.96260971275678,24.081778107939677,22.691490266098594,23.0688533782959,228949900
2012-10-25,META,23.128440933840082,23.148300756676253,22.314127585794445,22.40350341796875,76142000
2012-10-26,META,22.24461563426326,22.72128552281257,21.72822230794262,21.78780746459961,73175800
2012-10-31,META,20.675572812271188,21.35085600286238,20.586196984450737,20.96356201171875,99378200
2012-11-01,META,20.933770744551715,21.291274078151034,20.864256628377984,21.062868118286133,37713900
2012-11-02,META,21.112522214034527,21.53953965981669,20.92383969038524,21.033077239990234,38344400
2012-11-05,META,20.953631476953674,21.330994615925352,20.77487981855537,21.102590560913086,31806700
2012-11-06,META,21.092661702504817,21.221760976528707,20.84439590766255,21.023147583007812,29062700
2012-11-07,META,20.7053660619213,20.80467275097549,20.228696227402224,20.328001022338867,33396800
2012-11-08,META,20.377655850786713,20.586198198588903,19.84140085223662,19.85133171081543,34254600
2012-11-09,META,19.82153953356673,19.86126296868056,18.997297196131193,19.07674217224121,42295500
2012-11-12,META,19.01715844620409,20.030083287295085,18.739101983713095,19.930776596069336,67349200
2012-11-13,META,19.47396705560646,19.97049858160057,19.424312766536577,19.722232818603516,71775100
2012-11-14,META,19.9605684036088,22.34391943072981,19.79174760325636,22.204891204833984,229751000
2012-11-15,META,22.185029448731225,22.34391939064642,21.499815390398496,22.01620864868164,78857700
2012-11-16,META,22.09565604577313,23.76400251318697,22.026141925317173,23.396568298339844,107182200
2012-11-19,META,23.793791992540744,23.95268383797849,22.661700615855477,22.76100730895996,85021300
2012-11-20,META,22.572324115372794,23.734208033937954,22.5425334342029,22.93975830078125,46655300
2012-11-21,META,23.0589249004629,24.359838947813788,22.89010409476716,24.151294708251953,89862400
2012-11-23,META,24.409493661456054,24.50880036142371,23.714348655800222,23.83351707458496,29520900
2012-11-26,META,24.766996179112873,25.9090184545024,24.637896905322005,25.760059356689453,123865000
2012-11-27,META,25.85936746665145,26.31617564412769,25.283388973823115,25.968603134155273,85760600
2012-11-28,META,25.760060286223933,26.306244295952656,25.571377745322945,26.177146911621094,49205600
2012-11-29,META,26.31617218722624,27.32909700524731,25.978530581219214,27.130483627319336,88759700
2012-11-30,META,27.07090244270681,27.805768966674805,26.574370854016188,27.805768966674805,127049600
2012-12-03,META,27.805768149366838,28.679662886363747,26.792843283623096,26.852428436279297,123526100
2012-12-04,META,26.872289189662702,27.567434175100285,26.494926013702504,27.269514083862305,72869200
2012-12-05,META,27.557503741046613,27.7064628419044,27.07090300138172,27.517780303955078,58976300
2012-12-06,META,27.487987091221537,27.55750120561834,26.633952213506376,26.78291130065918,46001500
2012-12-07,META,26.882218375677965,27.58729417635251,26.653814312493395,27.299304962158203,51751900
2012-12-10,META,26.981524925626086,27.974588041189623,26.912010810595447,27.64687728881836,50608500
2012-12-11,META,27.87527975748555,28.044100553246423,27.468124054906536,27.785903930664062,77099100
2012-12-12,META,27.805768007622202,27.944796241542672,27.18013906086246,27.388681411743164,46704200
2012-12-13,META,27.39861294239586,28.55056606514717,27.239722987127934,28.044103622436523,81051600
2012-12-14,META,27.984518828422885,28.13347791655482,26.57436913214658,26.624021530151367,91631600
2012-12-17,META,26.584303400304634,26.812707491010148,26.137424184474007,26.564441680908203,57742500
2012-12-18,META,26.772982905548414,27.716393701177285,26.713399644028847,27.517780303955078,60512900
2012-12-19,META,27.636948601317478,28.024242640692513,26.763053824386756,27.21986198425293,61390300
2012-12-20,META,27.299305351421662,27.408542902379555,26.941802016735902,27.170207977294922,35574800
2012-12-21,META,26.47506378423434,26.822636270241567,25.93881066094925,26.077838897705078,54555200
2012-12-24,META,26.316173310491422,26.77298144745934,26.018255125000834,26.74319076538086,28230100
2012-12-26,META,26.842498425764518,26.991457523877063,26.197005843747334,26.32610511779785,33175400
2012-12-27,META,26.365824767027622,26.614090544096122,25.342970977740645,25.869293212890625,43481700
2012-12-28,META,25.30324910508733,25.928879962598394,24.975538334906474,25.730266571044922,56574800
2012-12-31,META,26.01825429844046,26.802773172172106,25.928878466809095,26.435340881347656,60374500
2013-01-02,META,27.249654117694263,27.98452064166226,27.22979239955839,27.805768966674805,69846400
2013-01-03,META,27.686601540656817,28.272508987763732,27.398614193873524,27.57736587524414,63140600
2013-01-04,META,27.815701756548695,28.72932001892227,27.636950069153325,28.56049919128418,72715400
2013-01-07,META,28.49097823129499,29.58334791897299,28.45125480179667,29.215913772583008,83781800
2013-01-08,META,29.305292857308046,29.394668689511843,28.659802209038745,28.858413696289062,45871300
2013-01-09,META,29.46418372182465,30.38773275393085,29.28543205185343,30.3778018951416,104787700
2013-01-10,META,30.387733128682857,31.231837195002484,30.069953219978448,31.082876205444336,95316400
2013-01-11,META,31.06301731977145,31.73829869910146,30.88426564219791,31.499963760375977,89598000
2013-01-14,META,31.85746624892087,31.98656172513142,30.407593129670843,30.73530387878418,98892800
2013-01-15,META,30.42745607378151,31.490033402820977,29.67272780873531,29.891202926635742,173242600
2013-01-16,META,30.000436237872204,30.139466364024667,29.32515490076174,29.642934799194336,75332700
2013-01-17,META,29.871338298268014,30.208979907482632,29.8216859003731,29.93092155456543,40256700
2013-01-18,META,30.09974484696317,30.228844122748313,29.066960111270642,29.454254150390625,49631500
2013-01-22,META,29.543630848897394,30.675722315645015,29.53369998938514,30.51683235168457,55243300
2013-01-23,META,30.884265266106784,31.28149015914541,30.58634517573954,30.6062068939209,48899800
2013-01-24,META,31.05308721974277,31.271560445386246,30.596277155429256,30.864404678344727,43845100
2013-01-25,META,31.1921134979021,31.708506792277163,30.914055133057605,31.321212768554688,54363600
2013-01-28,META,31.658856848662076,32.28448588788842,31.589342721427805,32.24476623535156,59682500
2013-01-29,META,31.778023528467255,31.84753765187693,30.496971045799373,30.576417922973633,72976500
2013-01-30,META,30.76509589551941,31.271558328706195,30.665789201814967,31.023292541503906,87682100
2013-01-31,META,28.947787543091206,31.251693517179657,28.540631843917858,30.765092849731445,190744900
2013-02-01,META,30.794887016238953,30.804817874551745,29.424458874954475,29.523765563964844,85856700
2013-02-04,META,28.858413551701474,28.997443675609464,27.81569804003821,27.91500473022461,92362200
2013-02-05,META,28.063964884602697,28.759107954081014,27.845491673186824,28.441328048706055,47948200
2013-02-06,META,28.540634990070753,29.08682086452154,28.46119001303834,28.84848403930664,38375900
2013-02-07,META,28.908069658929648,28.947791201027698,28.073896439576046,28.45125961303711,34540100
2013-02-08,META,28.68959321479415,28.96765157303008,28.312230058868877,28.351951599121094,37708800
2013-02-11,META,28.41153925601318,28.48105337817254,27.845493525152403,28.063966751098633,37361800
2013-02-12,META,27.478057732187324,27.96465845363361,26.912012033650164,27.180139541625977,93498700
2013-02-13,META,27.170208539239212,28.123548259295074,27.120554244996104,27.716392517089844,50164000
2013-02-14,META,27.825629646739753,28.431396874343353,27.8156987880423,28.30229949951172,35615800
2013-02-15,META,28.322161898181772,28.55056597136445,27.895144434507756,28.12354850769043,33109300
2013-02-19,META,28.03417176138825,28.87827580240022,27.924936104869715,28.72931671142578,49396400
2013-02-20,META,28.719385164238606,28.848482534889868,28.13347777888487,28.262575149536133,42098200
2013-02-21,META,28.083826230243314,28.351951838028544,26.961663823368852,27.090763092041016,49642300
2013-02-22,META,27.428403657018947,27.438332621196086,26.633952040501867,26.941801071166992,36350200
2013-02-25,META,26.971593979236513,27.44826381856463,26.961663120819146,27.08083152770996,34652000
2013-02-26,META,27.17021007882317,27.26951488470113,26.514788510616274,27.200000762939453,31611700
2013-02-27,META,27.15034609004464,27.15034609004464,26.445270283730192,26.68360710144043,44319700
2013-02-28,META,26.65381645306773,27.110624616123243,26.157284852815526,27.060972213745117,83027800
2013-03-01,META,26.86235612169176,27.924935230713253,26.62402120476992,27.58729362487793,54064800
2013-03-04,META,27.56743339629409,27.865351584997892,27.24965348991199,27.5277099609375,32400700
2013-03-05,META,27.686599186022143,27.98451926100885,27.021246814238044,27.329097747802734,40622200
2013-03-06,META,27.905077052846778,27.9348677374164,27.1602796327216,27.259586334228516,33532600
2013-03-07,META,27.37875038892233,28.48105107730689,27.279443696381065,28.381744384765625,74540200
2013-03-08,META,28.232787446355303,28.272508989930838,27.53764243966467,27.76604652404785,44198900
2013-03-11,META,27.815698236249837,28.44132716883746,27.63694657147692,27.944795608520508,35642100
2013-03-12,META,27.90507513928268,28.123548352322068,27.40854355991508,27.636947631835938,27569600
2013-03-13,META,27.42840396070281,27.458194641799164,26.7332590253185,26.892148971557617,39619500
2013-03-14,META,26.91201169481786,27.239722457956404,26.643884190217875,26.852428436279297,27646400
2013-03-15,META,26.842496805813475,26.87228748716749,26.375755927346344,26.465131759643555,31597400
2013-03-18,META,26.18707547468223,26.604162063504713,25.601168078619278,26.306241989135742,26653700
2013-03-19,META,26.34596773568457,26.713400063968702,26.028185916309905,26.365827560424805,25254200
2013-03-20,META,26.494924009115298,26.50485486748364,25.601167591257745,25.680612564086914,44006500
2013-03-21,META,25.481998358604557,25.92887750010036,25.3826916722591,25.561443328857422,24336100
2013-03-22,META,25.621025874811455,25.829570099784167,25.452205080925907,25.551511764526367,18456300
2013-03-25,META,25.5713770412445,25.621029442900802,24.9060246308144,24.955677032470703,39199000
2013-03-26,META,24.906026434944735,25.30325135932227,24.856374029691736,25.035123825073242,26957200
2013-03-27,META,24.826578585029512,26.09770009046537,24.548520222994835,25.90901756286621,52297400
2013-03-28,META,25.909015957395013,25.988460928179535,25.342970303790594,25.40255355834961,28585700
2013-04-01,META,25.452208167614966,25.710404818641702,25.104637574038275,25.352903366088867,22249300
2013-04-02,META,25.591236247673443,25.93880870750509,25.12449538379872,25.243663787841797,35153300
2013-04-03,META,25.650816986613236,26.206931731325486,25.521719631170466,26.067903518676758,48195200
2013-04-04,META,26.43534015545812,27.041107349293235,25.92887775482654,26.882217407226562,82016800
2013-04-05,META,26.673678472962322,27.607156528215928,26.4254126700319,27.200000762939453,64566600
2013-04-08,META,27.0013855701902,27.01131642824555,26.44526888379563,26.66374397277832,27256000
2013-04-09,META,26.395619143997003,26.703468198223664,26.236729187356296,26.405550003051758,21311100
2013-04-10,META,26.822636900551533,27.646879269762895,26.713399343894867,27.378751754760742,45949400
2013-04-11,META,27.28937330201042,27.905073252201287,27.060969245535393,27.82562828063965,33368500
2013-04-12,META,27.805768699447867,27.805768699447867,27.051040464597303,27.209930419921875,28697400
2013-04-15,META,26.971592621201673,27.289372498086692,26.177142928989134,26.33603286743164,30275400
2013-04-16,META,26.624017852888617,26.921937882121867,26.216862184308752,26.73325538635254,27365900
2013-04-17,META,26.465130346902267,27.011316170020006,26.206933722284017,26.445268630981445,26440600
2013-04-18,META,26.63395566636685,26.63395566636685,24.97553998773335,25.511795043945312,39059000
2013-04-19,META,25.442276117271565,25.779915810925214,25.154286924241976,25.551511764526367,20380900
2013-04-22,META,25.630956485704765,26.177142293187686,25.521720839502123,25.789846420288086,25687600
2013-04-23,META,26.03811289302211,26.147350436334193,25.5912356500606,25.79977798461914,25191500
2013-04-24,META,25.750130907128064,26.216869962380706,25.621031621257035,25.928882598876953,19729900
2013-04-25,META,25.889155546299456,26.216866304070933,25.819641430123326,25.958669662475586,17150000
2013-04-26,META,26.41547820374708,27.42840299598273,26.41547820374708,26.66374397277832,33018000
2013-04-29,META,26.97159261185686,27.219858377351947,26.673674450909743,26.7928409576416,29201100
2013-04-30,META,26.941804131024412,27.656810856506887,26.822637606189172,27.57736587524414,36245700
2013-05-01,META,27.656809815018796,27.726323934241247,27.120554791101,27.239723205566406,64567600
2013-05-02,META,27.815695738335478,28.818689627398644,27.785903165509573,28.76903533935547,104257000
2013-05-03,META,28.8385544745811,28.86834515652496,27.954726992600055,28.113616943359375,58506400
2013-05-06,META,28.133480003960667,28.262577384822233,27.28937591642669,27.378751754760742,43939400
2013-05-07,META,27.358885962155917,27.656806010275773,26.66374297144445,26.70346450805664,41259100
2013-05-08,META,26.693534609478228,27.110621176538082,26.465130556928603,26.93187141418457,34654900
2013-05-09,META,26.89214997726579,27.35888897503353,26.66374590776994,26.852428436279297,33457200
2013-05-10,META,26.951732674770764,27.11062262364453,26.38568699514327,26.494924545288086,30847100
2013-05-13,META,26.415479885706336,27.14041552284835,26.345965769010203,26.633953094482422,29068800
2013-05-14,META,26.70346574887218,27.090761640012516,26.6339516359827,26.882217407226562,24930300
2013-05-15,META,26.73325762856043,26.80277173964338,26.21686438320501,26.415477752685547,30299800
2013-05-16,META,26.296312496586765,26.365826615981945,25.720335929161084,25.948740005493164,35499100
2013-05-17,META,26.216862588531445,26.415475944415917,26.01825112676431,26.067903518676758,29462700
2013-05-20,META,25.998393047907474,26.00832390650214,25.51179234147447,25.58130645751953,42402900
2013-05-21,META,25.690544597994695,25.899086950919592,25.412486233310517,25.48200035095215,26261300
2013-05-22,META,25.472070556048685,25.670683952564175,24.74713487876728,24.985469818115234,45314500
2013-05-23,META,24.627967047585955,25.352904636221112,24.59817636328274,24.88616371154785,37663100
2013-05-24,META,24.79678854887076,24.79678854887076,23.912962866827858,24.141366958618164,58727900
2013-05-28,META,24.369773455877134,24.369773455877134,23.75407339756901,23.932825088500977,50079700
2013-05-29,META,23.62497261547485,23.644832438413992,23.098648478176873,23.158231735229492,64237800
2013-05-30,META,23.962614980723057,24.608107597516995,23.764003470578448,24.379701614379883,60733200
2013-05-31,META,24.459145886187503,24.7769277025924,24.101644420673328,24.181089401245117,35925000
2013-06-03,META,24.10164162689504,24.15129402370272,23.545524933237886,23.684555053710938,35733800
2013-06-04,META,23.724276224933,23.763999657057994,23.158230575974265,23.356843948364258,34760800
2013-06-05,META,23.188025269307154,23.545526720518023,22.631910427554285,22.741146087646484,53819700
2013-06-06,META,22.83051921674324,22.929825900238487,22.512739344852402,22.810657501220703,31260700
2013-06-07,META,22.870244219746105,23.237676511580844,22.701423414435727,23.128440856933594,38699200
2013-06-10,META,23.893098768506327,24.429353776659685,23.823584651327405,24.161226272583008,58393000
2013-06-11,META,23.863309860229492,24.181089787593912,23.83351728174491,23.863309860229492,29885900
2013-06-12,META,23.992404168498815,24.091710856593963,23.416427650488007,23.60511016845703,26445800
2013-06-13,META,23.555454960646657,23.66469250271189,23.10857772278585,23.565385818481445,31189300
2013-06-14,META,23.396565599476766,23.724276339622243,23.09864743356906,23.466079711914062,30677100
2013-06-17,META,23.744140738800578,24.081782375177852,23.585250779813357,23.853378295898438,33664500
2013-06-18,META,23.922892422489216,24.51873071590703,23.912961563285187,24.04205894470215,36709100
2013-06-19,META,24.032131289654615,25.01526367503351,23.93282458631862,24.141366958618164,31790600
2013-06-20,META,24.111572183156433,24.57831114730374,23.485941384155627,23.734207153320312,42765600
2013-06-21,META,24.419421741269066,24.528659288211053,23.883166758954808,24.359838485717773,45833900
2013-06-24,META,23.783862361739942,23.94275230860949,23.217814795134917,23.7739315032959,40626000
2013-06-25,META,23.97254383471223,24.260533057386656,23.87323903500705,24.0817813873291,24713200
2013-06-26,META,24.339977410162266,24.47900564148248,23.82358413080491,23.99240493774414,29890300
2013-06-27,META,24.071854524625994,24.667692892358502,24.042061943298084,24.488941192626953,34694100
2013-06-28,META,24.5087974230236,24.80671559309091,24.250600791710422,24.707408905029297,96778900
2013-07-01,META,24.796787452117893,24.88616329175544,24.449216846991575,24.637897491455078,20582200
2013-07-02,META,24.528662308358285,24.5981764307468,24.131435504793437,24.240673065185547,18394100
2013-07-03,META,24.051988748046004,24.53858946297587,23.982474630787113,24.34990882873535,10404400
2013-07-05,META,24.479007101786582,24.48893796091868,24.032129805548298,24.200950622558594,20229500
2013-07-08,META,24.300252660493513,24.86630020190587,24.250600264600713,24.53858757019043,27064600
2013-07-09,META,24.896093607064323,25.313180218220005,24.856372064825432,25.30324935913086,30387900
2013-07-10,META,25.402555685722078,25.650821476979768,25.29331813145104,25.621028900146484,26721800
2013-07-11,META,25.779917646074562,25.819641079989445,25.273457122482853,25.630958557128906,26777400
2013-07-12,META,25.561445756459772,25.750128289023806,25.372763223895742,25.730266571044922,16537900
2013-07-15,META,25.75012575767802,26.246657293632882,25.472067415660998,26.097698211669922,24234000
2013-07-16,META,26.206934768677844,26.564438093057163,25.829571621702215,26.137420654296875,30817600
2013-07-17,META,26.187075298378968,26.5942310259029,26.117559288945237,26.465131759643555,21518500
2013-07-18,META,26.564439714524262,26.584301432450467,25.938810752790232,25.998394012451172,24806900
2013-07-19,META,25.64089052606521,25.928879752067637,25.422417312424436,25.70047378540039,46539700
2013-07-22,META,25.809709956747103,25.948738185787843,25.541582462924907,25.869293212890625,27526300
2013-07-23,META,25.918949322391054,26.11756082150333,25.789850048556264,25.948740005493164,28221600
2013-07-24,META,26.137422583325858,26.345966835977578,25.86929507025266,26.32610511779785,82635600
2013-07-25,META,33.307339209757735,34.638043992258496,32.52281840620263,34.12165069580078,365457900
2013-07-26,META,33.53574153051236,34.48908120270659,33.327199187513955,33.77407455444336,136028900
2013-07-29,META,33.83365685891414,35.382836537110066,33.77407171382533,35.18422317504883,124718800
2013-07-30,META,35.40270068470784,37.69667399884458,35.07498804655398,37.36896514892578,173582800
2013-07-31,META,37.696680559137754,38.044254974173754,36.07799016776988,36.54472732543945,154828700
2013-08-01,META,37.04125788278425,38.02439215159256,36.663892793033675,37.229942321777344,106066500
2013-08-02,META,37.398754899686296,38.222999062502936,37.23986496071664,37.786048889160156,73058500
2013-08-05,META,38.16341414380107,39.047239671387885,37.98466248785823,38.91814041137695,79994800
2013-08-06,META,38.838701893150045,38.977730133367956,37.676815993177414,38.28258514404297,63950800
2013-08-07,META,38.34216613630803,38.669874982923176,37.43847888476897,38.60036087036133,68854800
2013-08-08,META,38.858566782078704,38.918148153756114,38.163421736034906,38.27265930175781,41301000
2013-08-09,META,38.32230888359935,38.47126987828743,37.74633041158993,38.232933044433594,43532300
2013-08-12,META,37.935010415158665,38.23292858152353,37.835701834213694,37.954872131347656,31161000
2013-08-13,META,37.97473318664017,38.05417626177854,36.51492927215262,36.7631950378418,65379200
2013-08-14,META,36.574518888107725,37.289521804646974,36.365972740391506,36.39576721191406,48423900
2013-08-15,META,36.10777926812519,36.81285324481295,35.770137621956536,36.306392669677734,56521100
2013-08-16,META,36.71354686823359,37.22994017489431,36.644032748898056,36.822784423828125,45840800
2013-08-19,META,37.17034922425416,38.01445127783591,36.88236003863788,37.54771423339844,57609600
2013-08-20,META,38.083969535910754,38.312377389551926,37.428548021369885,38.1435546875,57995200
2013-08-21,META,38.1137614782041,38.58049854254368,37.88535742794538,38.054176330566406,46116900
2013-08-22,META,38.103833467124105,38.48119853931231,38.0740427837161,38.28258514404297,21931200
2013-08-23,META,38.72946392260577,40.348157962641096,38.65994980323941,40.26871109008789,86442300
2013-08-26,META,40.6162763203996,41.64905891315823,40.3382161173725,41.05322265625,94162400
2013-08-27,META,40.39781120185311,40.914204519454465,39.14654945083257,39.36502456665039,72695100
2013-08-28,META,39.682803663831876,40.566629285691626,39.60336057951406,40.26871109008789,57918200
2013-08-29,META,40.606350700527116,41.49017627838879,40.51697486747171,40.99364471435547,58303400
2013-08-30,META,41.728513827647134,41.96684686115053,40.77517411716305,41.003578186035156,67735100
2013-09-03,META,41.54976101546771,41.867540910221045,41.22204836812105,41.579551696777344,48774900
2013-09-04,META,41.71858122423135,41.8774711765479,41.15253553233894,41.490177154541016,42581900
2013-09-05,META,41.50011080929956,42.47331226191688,41.48024909129895,42.36407470703125,50035400
2013-09-06,META,42.79109142486492,44.300547872385856,42.10587921289044,43.64512634277344,117535700
2013-09-09,META,44.05228462400899,44.47930210758391,43.396863056606755,43.73450469970703,75794700
2013-09-10,META,43.93311377570542,43.952971704313875,42.93011791039748,43.297550201416016,54540300
2013-09-11,META,43.08901003133146,44.77721816587789,42.81095355795981,44.72756576538086,72328300
2013-09-12,META,45.214159345517054,45.30353517133148,44.340266591148044,44.439571380615234,68072300
2013-09-13,META,44.7275600737861,44.76728350442304,43.62525949713751,44.00262451171875,52765300
2013-09-16,META,44.538882612576344,44.62825845131888,42.13567150808774,42.21511459350586,70424200
2013-09-17,META,42.20518640555979,45.1247908778502,42.13567228395065,44.75735855102539,91934600
2013-09-18,META,44.52895049577569,45.15458132269195,44.09200408631403,44.91624450683594,79317000
2013-09-19,META,45.19430038668336,45.730555374279774,44.91624392862675,45.661041259765625,63972400
2013-09-20,META,45.99868244161779,47.26980199607483,45.4227078140926,47.16056823730469,115508400
2013-09-23,META,46.95202766596956,47.22015518902473,45.968897203002804,46.86265182495117,75177000
2013-09-24,META,48.17348822052847,49.31551227489596,47.82591765871315,48.11390686035156,136716100
2013-09-25,META,48.88849733287189,49.19634826629151,48.12383826978592,49.11690139770508,87879700
2013-09-26,META,49.663082209732735,50.24898956956384,49.15662171344787,50.04044723510742,98220100
2013-09-27,META,49.94114135323719,50.924271644623836,49.5141239415893,50.884552001953125,81410500
2013-09-30,META,49.792185444788174,51.24205672616462,49.4545438242259,49.881561279296875,100095000
2013-10-01,META,49.62337221463379,50.67601684364588,49.10697886588407,50.070247650146484,98114000
2013-10-02,META,49.78225998442718,50.7455287261212,49.603508302827144,49.931217193603516,62834000
2013-10-03,META,50.11989662685747,50.3681624056103,48.719677786220885,48.838844299316406,82045000
2013-10-04,META,49.42475296041229,50.80511011967732,49.226139574652635,50.685943603515625,74447000
2013-10-07,META,50.37809037552751,50.93420707272137,50.05038152392467,50.16954803466797,57204000
2013-10-08,META,50.248993472999615,50.248993472999615,46.75341454659142,46.81299591064453,136081000
2013-10-09,META,47.051333401418624,47.50814154409373,44.946036782747136,46.44556427001953,147297000
2013-10-10,META,47.53792875788492,49.3353743032173,47.49820911359398,48.70974349975586,99774000
2013-10-11,META,48.83884700458468,49.52405922813294,48.45155297439499,48.76933288574219,58428000
2013-10-14,META,47.97487705941134,49.28571997552568,47.57765032618614,49.16654968261719,68781000
2013-10-15,META,49.643226430019375,50.64621850216027,48.838843948867485,49.15662384033203,81167000
2013-10-16,META,49.69287987630501,50.884556388559446,49.553851644385105,50.785247802734375,64678000
2013-10-17,META,50.76538515456643,51.857756849197635,50.59656624411264,51.84782409667969,71522000
2013-10-18,META,53.80416008047524,54.449652622999295,53.228181653209454,53.8438835144043,88260000
2013-10-21,META,54.300692275702936,54.429791543366434,53.13880644320187,53.47644805908203,58235000
2013-10-22,META,53.95311936084781,54.38013300328565,51.8378939238211,52.3145637512207,83204000
2013-10-23,META,51.39101704236166,51.88754860798834,50.77531896169043,51.53997802734375,57207000
2013-10-24,META,52.01664845024202,52.473456586487224,51.232127658710965,52.08616256713867,46775000
2013-10-25,META,52.81109731671998,52.87068246801417,51.5201160112275,51.589630126953125,45085000
2013-10-28,META,51.18247536198233,51.341365313527206,49.265863190589876,49.881561279296875,73472000
2013-10-29,META,50.37809162077228,50.43767677173429,48.908358657825836,49.05731964111328,102143000
2013-10-30,META,49.65315908860411,49.86170144759975,48.41183011138901,48.67002487182617,127073000
2013-10-31,META,46.83285640415066,51.639282037645536,46.177434899048414,49.861698150634766,248809000
2013-11-01,META,50.49725992312356,51.72865990230968,49.3751012853548,49.40489196777344,95033000
2013-11-04,META,49.02753382217596,49.404898935049204,47.68689988898152,47.88551330566406,80371000
2013-11-05,META,47.45849143554231,49.831911887344994,47.18043116237996,49.76239776611328,76835000
2013-11-06,META,49.91135396649112,50.10003839594248,48.372106788769365,48.77926254272461,67889000
2013-11-07,META,48.898425864836604,49.52405285389459,46.97188113849493,47.230079650878906,97128000
2013-11-08,META,47.4783432657872,48.31251633506809,46.922226623521716,47.20028305053711,70731000
2013-11-11,META,46.71368976843583,47.20028857264143,45.41277572598006,45.8795166015625,80910000
2013-11-12,META,45.68090536571824,47.04140083438265,45.512086446850056,46.28667449951172,68196000
2013-11-13,META,45.90930851193187,48.401899114978164,45.740489596468905,48.37210464477539,79245000
2013-11-14,META,48.3621725420477,49.226136357161785,47.69681831147662,48.65016174316406,75117000
2013-11-15,META,48.76933346294462,49.136765779494375,48.37210667494163,48.67002487182617,42453000
2013-11-18,META,48.13377101195326,48.50120330849716,45.482290491106504,45.5120849609375,85910000
2013-11-19,META,45.93909778815867,46.67396615616429,45.402846587976335,46.03840637207031,75602000
2013-11-20,META,46.28666943797891,47.22014734265351,45.98875128016658,46.10791778564453,53933000
2013-11-21,META,46.66404209771288,47.13077923234302,46.366120102892346,46.37605285644531,34886000
2013-11-22,META,46.71368802824818,46.942092081257485,45.641178087263626,45.909305572509766,40545000
2013-11-25,META,46.03840464979886,46.32639385001641,43.734498624528484,44.50908660888672,82565000
2013-11-26,META,44.35019951449962,45.84972318345095,43.24789882711704,45.5716667175293,82016000
2013-11-27,META,45.65111388283098,46.34625505214307,45.214163675565935,46.16750717163086,44993000
2013-11-29,META,46.42570795663433,46.88251615248559,46.17744213868441,46.683902740478516,22953900
2013-12-02,META,46.57466488205055,47.210224714199924,45.93910126166576,46.73355484008789,50774000
2013-12-03,META,46.425703545529714,46.87258273302681,45.968895393081745,46.40584182739258,32086000
2013-12-04,META,46.13771745929732,48.43169491929923,45.93910405262533,48.28273391723633,60890000
2013-12-05,META,47.81599236870124,48.36217634562061,47.537932109649226,48.00467300415039,43855000
2013-12-06,META,48.64023132050409,49.04738704949302,47.37904069943226,47.607444763183594,42938000
2013-12-09,META,47.75640430964314,48.63030089247705,47.40883374227258,48.50120162963867,36056000
2013-12-10,META,48.302588401966965,50.41781385796926,48.203283607622666,49.90142059326172,68479000
2013-12-11,META,50.19934241608056,50.41781752541222,48.67002422722968,49.03746032714844,65776000
2013-12-12,META,50.69587099743161,51.7087958240116,50.308576990728845,51.470462799072266,92723000
2013-12-13,META,51.301641976922866,53.128878317309265,50.983862073223946,52.95012664794922,82641000
2013-12-16,META,52.880616478740315,54.12194550406286,52.54297483232316,53.43673324584961,85119000
2013-12-17,META,54.3801378206469,54.79722632421698,53.86374830306166,54.47944641113281,78751000
2013-12-18,META,54.479446771382406,55.50230063662106,53.37714603322968,55.18452072143555,76003000
2013-12-19,META,53.953122267091594,54.807153386205634,53.57575721281825,54.66812515258789,89753200
2013-12-20,META,54.54895974400912,54.76743485169334,53.85381477357004,54.737640380859375,239824000
2013-12-23,META,55.11500506568285,57.91544285785332,55.06535266561308,57.369258880615234,98297000
2013-12-24,META,57.86578855354868,58.17363948502705,56.51522210197737,57.55793762207031,46617800
2013-12-26,META,57.91544771440537,57.97503287242684,56.97203688102795,57.32954025268555,55101000
2013-12-27,META,57.08126966623735,57.27988305478498,54.86673928628416,55.055419921875,60466000
2013-12-30,META,54.54895578338893,54.797221555646026,53.059361149846325,53.33741760253906,68307000
2013-12-31,META,53.74457469959855,54.479443071200755,53.536032354716156,54.27090072631836,43076200
2014-01-02,META,54.44965278505199,54.83694679642502,53.81408920500106,54.330482482910156,43195500
2014-01-03,META,54.638334318478634,55.26396515625195,54.151731713936,54.18152618408203,38246200
2014-01-06,META,54.04249679231693,56.862796393576275,53.67506447400874,56.80321502685547,68852600
2014-01-07,META,57.299747665120925,58.14384987376699,56.8230777814841,57.518218994140625,77207400
2014-01-08,META,57.20043801015828,58.004820554749706,56.83300569196806,57.82606887817383,56682400
2014-01-09,META,58.24315885055289,58.55100602154559,56.25703242820818,56.82307815551758,92253300
2014-01-10,META,56.73369204770306,57.89557397615214,56.66417793856003,57.53807067871094,42449500
2014-01-13,META,57.50828584105366,57.84592745757148,54.99583732852231,55.522159576416016,63010900
2014-01-14,META,56.068342728045465,57.3791857406284,55.71083939948009,57.3394660949707,37503600
2014-01-15,META,57.577804534108715,58.16371198027993,56.87273056329257,57.200439453125,33663400
2014-01-16,META,56.86279185492796,57.61752193785781,56.435778203982146,56.793277740478516,34541800
2014-01-17,META,56.90251749141094,57.41891078176724,55.68105027677856,55.909454345703125,40849200
2014-01-21,META,56.20737542224903,58.17364388551347,56.10807061786558,58.1041259765625,48669200
2014-01-22,META,58.44176589217291,58.8985778282825,56.70390534904518,57.111061096191406,61352900
2014-01-23,META,55.978968817466985,56.28681975835132,55.303685571048966,56.23716735839844,47951800
2014-01-24,META,55.76049660204115,56.028620315115816,54.022636114030334,54.072288513183594,55200700
2014-01-27,META,54.35034258393824,54.55888492413312,51.49031981756906,53.17852783203125,73924100
2014-01-28,META,53.645273801103066,54.89653174954436,53.62541208278045,54.757503509521484,48191200
2014-01-29,META,54.23117852451433,54.56882014266624,52.82102689991449,53.158668518066406,92995600
2014-01-30,META,61.689082397723034,62.06644745897952,60.04059770474195,60.65629959106445,150178900
2014-01-31,META,60.05052488475772,62.93040550664584,59.752602934015016,62.135955810546875,87794600
2014-02-03,META,62.592771192859956,63.327639614875835,60.27893594706933,61.053524017333984,74866600
2014-02-04,META,61.61956379116458,62.70200270753209,61.39115973574107,62.3147087097168,45985500
2014-02-05,META,62.30478226345344,62.72186695849845,60.844978254325504,61.75859451293945,51685100
2014-02-06,META,61.03366434782366,62.34450748992005,61.03366434782366,61.72880935668945,42086500
2014-02-07,META,61.83804256654509,64.12208704508723,61.78839016688368,63.87382125854492,60704300
2014-02-10,META,63.853962515321314,64.04263935868843,63.02971829615459,63.109161376953125,43666100
2014-02-11,META,63.30777848849514,64.54910747846563,62.91055169641041,64.400146484375,45675600
2014-02-12,META,64.46965530279057,64.60868353211595,63.60569524576427,64.00291442871094,47282100
2014-02-13,META,63.73480230480888,66.86295318603516,63.6057068045383,66.86295318603516,61911700
2014-02-14,META,67.03177047677748,67.11121735643644,66.25718234128126,66.6246109008789,36694900
2014-02-18,META,66.47565702082375,67.07149346127808,65.61168925745856,66.83316040039062,43809900
2014-02-19,META,66.58487952653665,68.60079627532724,66.53522334419938,67.5878677368164,62087100
2014-02-20,META,67.26016647427961,69.62365390288069,65.2740402926575,69.14698028564453,130928900
2014-02-21,META,69.2065800385202,69.47470378129404,67.97517615841537,68.11420440673828,70932400
2014-02-24,META,68.26315934322504,70.94443441506785,68.06454974226067,70.28900909423828,76620300
2014-02-25,META,70.45782351596998,70.50747970127725,68.9682288743937,69.3654556274414,52077000
2014-02-26,META,69.70309758028964,70.72595130480462,68.37238915970475,68.77954864501953,55322700
2014-02-27,META,68.8589959365615,69.524354012448,68.39226261519784,68.46177673339844,41653700
2014-02-28,META,68.98808791585854,69.39523980664698,66.91258230327777,67.98509216308594,66783700
2014-03-03,META,66.49550747942216,67.57795025048273,66.04863209342032,66.94239044189453,56824100
2014-03-04,META,68.18372565884165,68.42205871490293,67.1509389806144,68.32275390625,42013500
2014-03-05,META,69.20657603746817,71.47075889522328,69.13706191732554,71.07353210449219,74567700
2014-03-06,META,71.38137357912844,71.39130633163452,69.76268343826803,70.34858703613281,46026500
2014-03-07,META,70.58693078169753,70.68623558177109,68.98809849816028,69.31581115722656,38927000
2014-03-10,META,70.2790728348908,71.64950477317161,70.02088188181288,71.53033447265625,59871600
2014-03-11,META,71.99707677728708,72.08644882209792,69.47469552308569,69.61372375488281,59408300
2014-03-12,META,69.37539221483819,70.85505418585406,68.5213573003395,70.38831329345703,46340500
2014-03-13,META,70.79547352482726,70.85505488990552,67.67725581122063,68.3525390625,57091000
2014-03-14,META,68.01489178922297,68.94837355777288,66.99203797549892,67.25023651123047,48227000
2014-03-17,META,67.7070477505912,68.47170306368211,66.15787161803412,68.2631607055664,52197000
2014-03-18,META,68.28304254804972,69.11721218008016,67.82623428625126,68.7100601196289,40827000
2014-03-19,META,68.69016571193153,68.80933599914874,67.0019616469362,67.76661682128906,43981000
2014-03-20,META,67.53823408188724,67.75670921018359,66.35648638417767,66.50544738769531,44439000
2014-03-21,META,67.06154111121973,67.44883506316745,65.7209076178261,66.77355194091797,59999900
2014-03-24,META,66.72391896531981,66.8927378913029,62.92048508339404,63.65534973144531,85696000
2014-03-25,META,64.43986511230469,65.73085019612057,63.33756444535413,64.43986511230469,68786000
2014-03-26,META,64.29090789519118,64.49945025298236,59.95122287661759,59.97108459472656,97503900
2014-03-27,META,60.09024620277737,61.47060708674155,57.57779778503259,60.54705810546875,112650000
2014-03-28,META,60.914491424670196,61.52026052893936,58.9283652012225,59.59371566772461,67052000
2014-03-31,META,60.3583795400085,61.09324796821183,59.45469218767905,59.82212829589844,53011000
2014-04-01,META,60.040599213013216,62.22533897609889,59.82212788846944,62.18561553955078,59291000
2014-04-02,META,62.77152623234531,63.46667125512556,61.77846299644084,62.28492736816406,66277000
2014-04-03,META,62.11610251606073,62.73180064048187,58.71982818419664,59.07733154296875,83859000
2014-04-04,META,59.52419676468785,59.78239527437759,55.929309650135046,56.356327056884766,125214400
2014-04-07,META,55.51222386545417,57.597654674584895,55.0554120010456,56.55493927001953,108488000
2014-04-08,META,57.27988586869376,58.30273975584474,56.77342151360516,57.786346435546875,78836000
2014-04-09,META,59.21635556276684,62.02672225363973,58.77940536065239,61.97706985473633,100215000
2014-04-10,META,62.642424161439784,62.74172895930849,58.27294486698302,58.74961471557617,114988000
2014-04-11,META,57.200443760842056,59.8916481450806,56.9124582869485,58.123992919921875,91452000
2014-04-14,META,59.673167683396294,60.03067104057857,57.379190333633645,58.48149108886719,72325000
2014-04-15,META,58.878712867513144,59.26600687539032,55.492367804370126,58.68009948730469,108623000
2014-04-16,META,59.375250663891244,59.772473677818724,57.339471826335725,59.30573654174805,78774000
2014-04-17,META,58.88864270581338,60.15976608507182,58.31266806171917,58.5311393737793,88040000
2014-04-21,META,59.04753807109213,60.81519317626953,58.73969089778482,60.81519317626953,60364000
2014-04-22,META,62.215408350374766,62.999925365964195,61.78839088946942,62.592769622802734,60631000
2014-04-23,META,63.00986280996417,63.03965349468023,60.83505190803753,60.93436050415039,95908700
2014-04-24,META,63.15881191141279,63.20846809721055,59.355382192233925,60.447750091552734,138769000
2014-04-25,META,59.55399814315892,59.59371778998367,57.170645074851365,57.30967330932617,92502000
2014-04-28,META,57.647315038135226,57.90551357827055,54.280831569357055,55.75056457519531,107758000
2014-04-29,META,55.700912529345935,57.87571947557264,55.452646740534135,57.74662399291992,75557000
2014-04-30,META,57.180574888248714,59.434824782609205,56.76348641803031,59.36531066894531,76093000
2014-05-01,META,60.010804349519894,61.84796959719047,59.79232925195912,60.72581100463867,82429000
2014-05-02,META,60.87476145471598,61.4606687792518,59.762531949714585,60.04058837890625,54189000
2014-05-05,META,59.256079063820316,60.92442553550747,58.76948021938225,60.79533004760742,46057000
2014-05-06,META,60.55699872837692,60.725821456887026,58.084273267539324,58.123992919921875,55901000
2014-05-07,META,58.36232198072772,58.888644239801835,55.86973134424687,56.99189376831055,78587000
2014-05-08,META,56.833005249379,58.411975854679305,56.1080695836825,56.36626434326172,61251000
2014-05-09,META,56.4556358626868,57.250089375286926,55.98889878050459,56.842933654785156,52584000
2014-05-12,META,57.57779759102187,59.48448069659867,57.57779759102187,59.41496658325195,48575000
2014-05-13,META,59.24614388781343,60.467611035779555,59.097182908793265,59.41496658325195,48525000
2014-05-14,META,59.11705579935916,60.03067598611841,58.54108106729779,58.81913757324219,47429000
2014-05-15,META,58.84892383988174,58.96809415196756,57.12099598522768,57.518218994140625,56814000
2014-05-16,META,57.90551240991679,58.04454064184514,56.912449281016904,57.617523193359375,47933000
2014-05-19,META,57.48842379116857,59.14684118242707,57.17064389372416,58.79926681518555,43034000
2014-05-20,META,59.087256051711556,59.77246824552135,57.7764130272366,58.153778076171875,53931000
2014-05-21,META,58.15378039423128,60.08032157348406,57.84592944885036,60.07039260864258,58992000
2014-05-22,META,60.517266279288826,61.05352128310343,59.98101506370946,60.100181579589844,54200000
2014-05-23,META,59.99094145692608,61.02372798558261,59.73274671887948,60.92441940307617,38294000
2014-05-27,META,61.19254814681603,63.0694368299262,61.142895748663385,63.03964614868164,55682000
2014-05-28,META,62.95027241713663,63.69506977898299,62.185613337719474,63.06943893432617,47795000
2014-05-29,META,63.397151254654005,63.85396317988193,63.06943859883192,63.38722229003906,42700000
2014-05-30,META,63.506389631386305,63.724860949869836,62.12603244963065,62.860897064208984,45253500
2014-06-02,META,62.79138273718363,63.14888607853832,61.61956791307007,62.642425537109375,35996000
2014-06-03,META,62.18561026259247,62.98005998496204,61.88769209023327,62.433876037597656,32217000
2014-06-04,META,62.016797678498634,63.14888912185687,61.639432601300726,62.9006233215332,36514000
2014-06-05,META,63.21839644527037,63.913541369077606,62.3842232943487,62.75165557861328,47352000
2014-06-06,META,62.93041211007046,63.03964966504066,61.718877616978716,62.06644821166992,42442000
2014-06-09,META,61.967139670365015,62.90061763137226,61.361370566257115,62.443809509277344,37617000
2014-06-10,META,63.089299556098275,65.36341503727982,63.05950887437715,65.31375885009766,69338000
2014-06-11,META,64.86688418526141,65.34355782745702,64.44979948363431,65.32369232177734,44242000
2014-06-12,META,65.3932084126734,66.00891030733028,63.61562442420972,63.844032287597656,55730000
2014-06-13,META,64.25118376017375,64.51931505761102,63.38722365535976,64.05257415771484,29419000
2014-06-16,META,63.71492977931995,64.42992882067567,63.30777028665318,63.744720458984375,31046000
2014-06-17,META,63.65535177245938,64.42993988260227,63.486532841063365,63.95327377319336,27715000
2014-06-18,META,64.04262749834128,65.29388893624954,63.60568495251588,65.14492797851562,35570000
2014-06-19,META,65.00591404785274,65.12508435550507,63.764585088239436,63.893680572509766,34245000
2014-06-20,META,64.01285072192893,64.36042131446735,62.91055000239943,64.05257415771484,46466000
2014-06-23,META,63.87382269569575,65.2045312812679,63.77451789413859,64.91654205322266,34560000
2014-06-24,META,64.90660343600533,66.70404518414962,64.81722381914958,65.26410675048828,57335000
2014-06-25,META,65.12507768919428,67.01189902996248,65.11514493712232,66.97217559814453,44308000
2014-06-26,META,67.52829723567693,67.52829723567693,66.43592923686457,66.6643295288086,47714000
2014-06-27,META,66.84308375146102,67.23037780599722,66.37634281997607,67.13107299804688,46461000
2014-06-30,META,66.99204586267348,67.44885404799813,66.6643331721782,66.82322692871094,27102800
2014-07-01,META,67.11120172284517,67.96523653905247,66.92251732172714,67.5878677368164,33243000
2014-07-02,META,67.56801074736431,67.82620926145559,65.33361888763588,65.9890365600586,41895000
2014-07-03,META,66.39620008813824,66.53522831731053,65.30383218329735,65.83015441894531,25203200
2014-07-07,META,65.84007762547547,66.1082012924417,64.66826302344283,64.83708190917969,28745000
2014-07-08,META,64.60868668906022,65.10521826847562,61.77845820168662,62.324642181396484,68926000
2014-07-09,META,62.97013766372768,64.66827862296469,62.71194289730785,64.51931762695312,51432000
2014-07-10,META,62.87082600401464,64.8867390894661,62.61262747750957,64.42000579833984,44422000
2014-07-11,META,64.82716949898425,66.1280799671558,64.3405706147514,65.87981414794922,39212000
2014-07-14,META,66.66433031339984,67.69711695715951,66.4359300187677,67.42899322509766,38537000
2014-07-15,META,67.48858437137314,67.61767987937101,65.80037970659801,66.70406341552734,44213200
2014-07-16,META,67.07148064403522,67.46870738725256,66.60473978899009,67.1906509399414,29541600
2014-07-17,META,66.56501214753361,67.37932351022167,65.58188189200682,65.9493179321289,38188000
2014-07-18,META,66.33661620823202,67.98509696719351,65.70105644857577,67.94537353515625,42456000
2014-07-21,META,68.3326755105403,69.47469969151187,68.02482834687184,68.91858673095703,49539000
2014-07-22,META,69.2760962060482,69.28602138374166,68.1340719241637,68.78948974609375,40398000
2014-07-23,META,69.25621285135803,70.83518699196397,69.12711738636543,70.79546356201172,78435000
2014-07-24,META,75.43308237037218,76.20767048091255,73.99314371118517,74.45988464355469,124168000
2014-07-25,META,74.46980932225334,75.14509262013406,74.14210421523727,74.66842651367188,45917000
2014-07-28,META,74.64855723725586,74.97626990419671,73.33771414596316,74.4002914428711,41725000
2014-07-29,META,74.20167287252745,74.40028245344992,72.9106878671218,73.19867706298828,41324000
2014-07-30,META,73.69520831021336,74.66841343654303,73.61576144755995,74.16194915771484,36853000
2014-07-31,META,73.48667565391472,73.65549457692882,71.93749951054609,72.14604187011719,43992000
2014-08-01,META,71.71902687023902,72.71209008898734,71.0536763320307,71.8580551147461,43535000
2014-08-04,META,71.85805212461207,73.36750482065138,71.85805212461207,73.00007629394531,30777000
2014-08-05,META,72.69220186750672,73.07949579568236,71.67928103454018,72.18574523925781,34986000
2014-08-06,META,71.52040979063763,73.20862181098965,71.29200949279794,71.96729278564453,30986000
2014-08-07,META,72.49360327856476,73.48666633717525,72.19568133039368,72.66242218017578,38141000
2014-08-08,META,72.89083755327194,72.92062823587504,72.0566605580317,72.55319213867188,27202000
2014-08-11,META,72.9504151795373,73.39729812509168,72.55318842009017,72.93055725097656,24591000
2014-08-12,META,72.58298191825165,72.82132252905254,71.7190218276277,72.32479095458984,27419000
2014-08-13,META,72.61278523310064,73.73494394199467,72.54327111089431,73.25827026367188,29266000
2014-08-14,META,73.45687143654752,73.86402332741702,73.17881500834991,73.78458404541016,22207000
2014-08-15,META,73.80446353223158,74.13217623682867,72.4936202903149,73.11924743652344,38846600
2014-08-18,META,73.48667479486859,74.20168149159453,73.44695135877596,74.07257843017578,23974000
2014-08-19,META,74.29104945308102,75.05571229696996,73.99313506348311,74.7677230834961,26679000
2014-08-20,META,74.44994751683838,74.65848987462155,74.10237692053308,74.29105377197266,22917000
2014-08-21,META,74.40029737013998,74.66842869226043,73.89384056430599,74.05272674560547,20102000
2014-08-22,META,73.82431886292771,74.21162050337631,73.0596634889518,74.05272674560547,20897000
2014-08-25,META,74.42014872538849,74.75778653173485,74.27118774992452,74.49958801269531,19734000
2014-08-26,META,74.47973524915909,75.46286563303626,74.21161153590913,75.43307495117188,23993000
2014-08-27,META,74.74784145177028,74.96631650288917,73.94346292398588,74.1122817993164,36323000
2014-08-28,META,73.48666157489461,73.91367896548317,73.21853790009219,73.3476333618164,21947000
2014-08-29,META,73.7845901444162,74.30097961425781,73.49660094098662,74.30097961425781,26241000
2014-09-02,META,74.48966535747087,76.16793684683816,74.3009809437343,76.14807891845703,34979000
2014-09-03,META,76.60489598605935,76.94254141974886,75.07557772204807,75.30398559570312,32389000
2014-09-04,META,75.36356011633131,76.39634667778536,75.00605678442528,75.42314147949219,26676000
2014-09-05,META,75.5721031833799,76.84322278605003,75.07557161505746,76.72406005859375,29476000
2014-09-08,META,76.72405863202104,77.62774212980054,76.47579285247598,77.34968566894531,28183000
2014-09-09,META,77.0517616730824,77.6277400848065,75.67140458129299,76.13814544677734,28882000
2014-09-10,META,75.98917707941281,77.40925746598798,75.9792519045161,76.89286804199219,29909000
2014-09-11,META,76.5949501086729,77.81642099046597,76.51551082300806,77.37947082519531,32219000
2014-09-12,META,77.47878282855403,77.75684687191531,76.56516655834984,76.94253540039062,26676800
2014-09-15,META,76.61481672395658,76.71412151483067,72.92062092226936,74.0626449584961,49679000
2014-09-16,META,73.0099992836925,75.70120708119592,72.56312389782529,75.55224609375,37742000
2014-09-17,META,75.43307751806422,76.7141299171188,75.0457834877071,75.89981842041016,28693000
2014-09-18,META,76.23745822014935,76.79357876188678,75.98919242115952,76.46586608886719,23031000
2014-09-19,META,76.86309587065891,77.75685429706205,75.90975607465263,77.36956024169922,76671000
2014-09-22,META,76.46585965292216,76.99218189024599,75.42314035433967,76.26725006103516,31961000
2014-09-23,META,75.80050735124736,78.08454790854437,75.51251814645272,77.74691009521484,36814000
2014-09-24,META,77.55822802612143,78.07462509047537,76.97232442301367,77.99517822265625,30680000
2014-09-25,META,78.05475815186598,78.39240354566145,76.59495418249683,76.68433380126953,37533000
2014-09-26,META,77.05175851326733,78.29308732738599,76.79356757498891,78.24343872070312,28872000
2014-09-29,META,77.57809538275956,78.65059781803225,77.36955303211013,78.45198822021484,34031000
2014-09-30,META,78.79955397884973,79.15705729420353,78.054756667941,78.49170684814453,35899000
2014-10-01,META,78.23350836292863,78.27323179537244,75.37348941520433,76.01898193359375,55090000
2014-10-02,META,76.0388542148432,76.94254542646514,75.11530507148593,76.54531860351562,36488000
2014-10-03,META,77.22058903305964,77.51850341816382,76.72405748141581,76.9028091430664,23340000
2014-10-06,META,76.65455174620612,77.34969296390395,76.31690631441644,77.02198028564453,25729000
2014-10-07,META,76.51551807271588,77.40926883876745,75.71113177621076,75.76078796386719,25317000
2014-10-08,META,75.65156050741878,77.17094610422338,74.57905035327263,76.98226165771484,32976000
2014-10-09,META,76.74391443687738,77.22058805405909,75.32383391412097,75.3834228515625,32487000
2014-10-10,META,75.06564564242022,75.9693368150968,72.25528246999288,72.40424346923828,52146000
2014-10-13,META,72.72202900223874,74.26127257579195,72.01694738991152,72.48368835449219,43938000
2014-10-14,META,73.48668074978944,73.66543243845588,71.55021043629569,73.07952117919922,50299000
2014-10-15,META,71.19270333438101,73.28806729549814,69.83220402090394,72.70215606689453,61528000
2014-10-16,META,70.29894234036186,72.8411816175982,70.09039998494521,72.12617492675781,53529000
2014-10-17,META,73.71507926496052,75.47279766643985,73.23840563026235,75.42314147949219,76342000
2014-10-20,META,75.07556512714768,76.5552269514668,74.8570900437308,76.41619873046875,34701000
2014-10-21,META,77.02196841609906,78.19378312854248,76.61481650175517,78.14413452148438,32252000
2014-10-22,META,78.27323800146527,79.29609184446545,77.46885926599343,77.82636260986328,41862000
2014-10-23,META,78.82934644337459,80.07067532298696,78.46191794395027,79.48477172851562,35056000
2014-10-24,META,79.64365647615604,80.25935831707905,78.76976368790055,80.11039733886719,32248000
2014-10-27,META,80.17991451215117,80.23950345159236,79.20671689343268,79.72310638427734,30169000
2014-10-28,META,79.62380553198554,80.59701077539007,79.01803639020257,80.20970916748047,74212000
2014-10-29,META,74.92659604966104,76.34667636179543,74.26124569592922,75.33375549316406,106120000
2014-10-30,META,74.52938315850143,74.82729752052603,72.3942961365451,73.59590148925781,83270000
2014-10-31,META,74.41022149242845,75.17487677770329,73.93354785088209,74.46980285644531,44544000
2014-11-03,META,74.94646680627717,74.99611541104741,73.18874103037548,73.36749267578125,40727000
2014-11-04,META,73.71508861700296,75.2443993596013,73.13911011180697,75.2344741821289,39326000
2014-11-05,META,75.97926718633053,76.26725642211566,73.9037611685931,74.31092071533203,35913000
2014-11-06,META,74.37049422690906,75.07556811185,73.79451581617866,74.73793029785156,21383000
2014-11-07,META,74.86703441835441,75.3337753369368,74.4995983049772,75.07557678222656,20774000
2014-11-10,META,74.83724733463333,74.95641765249505,74.09244989505814,74.47974395751953,21575100
2014-11-11,META,74.43008322216517,74.45988148216566,73.51646690372654,74.09244537353516,18715700
2014-11-12,META,73.76473281474118,74.61876776742858,73.02986817282559,74.2016830444336,26536600
2014-11-13,META,74.22154608156504,74.71807771257238,73.12917800864318,73.73494720458984,26448500
2014-11-14,META,73.7547960641117,74.41022137312831,73.52639578476628,74.36056518554688,19476900
2014-11-17,META,74.36056591313012,75.13516153403893,73.36750276354866,73.72500610351562,28701200
2014-11-18,META,73.9335478544175,74.28112601512046,73.38736767247237,73.82431030273438,20690500
2014-11-19,META,73.49661049720301,74.0229327877263,72.60285209043181,72.82132720947266,25441200
2014-11-20,META,72.29500858625988,73.47674871738086,72.00701933077637,73.0894546508789,19154900
2014-11-21,META,73.98320834919558,73.98320834919558,72.99014514987752,73.23841094970703,23060400
2014-11-24,META,73.02986403262636,73.8342427494394,72.84117961205226,73.4966049194336,22103800
2014-11-25,META,73.69521410952379,75.21459948910379,73.61576724061845,75.10536193847656,32250200
2014-11-26,META,75.0060598952614,77.2404520241091,74.98620196554097,77.0815658569336,32695300
2014-11-28,META,77.13122005721334,77.72705648611041,76.69427738347349,77.1610107421875,15992000
2014-12-01,META,76.7240605530256,76.77370916429551,74.28112613031273,74.57904052734375,31789900
2014-12-02,META,74.8074432241269,75.3834216257181,74.51945402333129,74.93653869628906,16773900
2014-12-03,META,74.85709675547928,75.20467491560835,73.88389912123525,74.36056518554688,16689900
2014-12-04,META,74.31091902289164,75.02592571938818,74.14210010190516,74.71807098388672,14362800
2014-12-05,META,75.27418646257269,76.2275261351206,74.83723627147856,75.8302993774414,24306400
2014-12-08,META,75.6515437170774,76.71412088124097,74.87695574759907,75.98918151855469,25733900
2014-12-09,META,74.67834573165068,76.39634831208859,74.26126102766132,76.30696868896484,25358600
2014-12-10,META,76.11828350444475,77.01204175542344,75.54230512309518,75.65154266357422,32210500
2014-12-11,META,75.9891829143628,77.97530905780268,75.94946705878758,77.1907958984375,33462100
2014-12-12,META,76.62476479049263,78.33282723372831,76.48572896371682,77.29011535644531,28091600
2014-12-15,META,77.9157367137681,78.03490702369312,76.02891514387802,76.4559326171875,29396500
2014-12-16,META,75.66148500710179,76.8531577751637,74.07257788105834,74.17189025878906,31554600
2014-12-17,META,74.48966338271259,75.87995320311019,74.38042583833685,75.58203125,29203900
2014-12-18,META,76.35662037890144,77.85614776611328,75.97925913225578,77.85614776611328,34222100
2014-12-19,META,78.20371580084147,79.44504462307704,77.78663113492308,79.32587432861328,43335000
2014-12-22,META,79.52449527243515,81.3219370681431,79.44504840567662,80.8849868774414,31395800
2014-12-23,META,81.45103446843625,81.59999545300992,79.84227704915766,80.05081939697266,19865800
2014-12-24,META,80.46790771392996,80.86513449851283,80.18985123766316,80.20970916748047,7685500
2014-12-26,META,80.45797568145636,80.71617423021856,79.95151891363578,80.21964263916016,10647400
2014-12-29,META,79.931653321883,80.39839422921521,79.1570652528937,79.46491241455078,14134700
2014-12-30,META,79.2960906158552,80.03095522177033,78.55129325707797,78.67046356201172,14370800
2014-12-31,META,78.98824286562632,79.24644140278707,77.31989649157384,77.4787826538086,19935400
2015-01-02,META,78.0349029221401,78.38247350389776,77.1610025148975,77.90579986572266,18177500
2015-01-05,META,77.43906175233103,78.70024852116858,76.32682838324084,76.654541015625,26452200
2015-01-06,META,76.69427522442359,77.05177101052082,74.83724428977564,75.62176513671875,27399300
2015-01-07,META,76.22753430237772,76.82337071450117,75.29405245828599,75.62176513671875,22045300
2015-01-08,META,76.20766664381,77.6873362435156,75.55224888191928,77.63768005371094,23961000
2015-01-09,META,77.65752984848196,78.0746221003231,76.66446676818694,77.20072174072266,21157000
2015-01-12,META,77.30003104163643,77.45892478045602,75.68134085388192,76.18780517578125,19190200
2015-01-13,META,76.6942656784468,77.53836778859728,75.32383376701954,75.91967010498047,25179600
2015-01-14,META,75.88988272454154,76.66447075521988,75.50258870920237,75.7508544921875,25918600
2015-01-15,META,75.87002812390118,76.0388470453841,73.02986683583829,73.53633117675781,34134000
2015-01-16,META,73.52639406573743,74.79751364281064,73.3277768965258,74.65848541259766,21791500
2015-01-20,META,75.19473875915466,75.78064234844848,74.30098045843765,75.71112823486328,22821600
2015-01-21,META,75.63170118896697,76.76379269431955,75.32384642770697,76.20767211914062,25096700
2015-01-22,META,76.63468497511127,77.2106634468297,76.1480861307489,77.11135864257812,19519500
2015-01-23,META,77.11136366655803,77.64761873621988,76.50559447174398,77.29011535644531,16746500
2015-01-26,META,77.43906836365275,77.92566718946722,76.75385236043499,76.96239471435547,19260800
2015-01-27,META,76.1778749185494,76.34669383922281,75.10536487579357,75.25432586669922,20110000
2015-01-28,META,76.36655351421247,77.10141808303749,75.47279521349546,75.71112823486328,53306400
2015-01-29,META,76.31690675375657,77.47878889994209,73.69522046553081,77.45893096923828,61293500
2015-01-30,META,77.45892107441489,77.61781480563216,75.22452912034522,75.3834228515625,42649500
2015-02-02,META,75.58203630240648,75.6118269844149,73.23840668245043,74.46980285644531,41955300
2015-02-03,META,74.66843362468705,75.05572771424804,73.34765758773707,74.8769760131836,26957700
2015-02-04,META,74.5691069380712,75.82036860568373,74.48966764563629,75.10536193847656,20277400
2015-02-05,META,75.1848150600613,75.4529463707981,74.68828345281497,75.08551025390625,15062600
2015-02-06,META,75.15502043433318,75.17487836393431,73.73493980902644,73.95341491699219,21211000
2015-02-09,META,73.53632052571956,74.31090847818669,72.94047664554209,73.92361450195312,16194300
2015-02-10,META,74.33078107649594,74.81737993664683,73.98321046210243,74.66842651367188,15811300
2015-02-11,META,74.56910039458829,76.21758868560124,74.50951903637281,75.97925567626953,20877400
2015-02-12,META,76.32682171689048,76.33675446816278,75.36354940814941,75.7011947631836,17235000
2015-02-13,META,75.92960627772548,75.9494717832188,74.97626657874832,75.214599609375,18621900
2015-02-17,META,74.77766236661105,76.37649473276853,74.55918724927709,75.07557678222656,25254400
2015-02-18,META,75.41320887572964,76.36654847475988,74.92660253627437,76.17786407470703,22426400
2015-02-19,META,76.45594304358626,79.28617199614804,76.41621960152744,78.86908721923828,45851200
2015-02-20,META,78.99818590268413,79.78269921614293,78.65060769813508,79.34575653076172,36931700
2015-02-23,META,79.40532421491254,79.63373206054715,77.83628270551343,78.2930908203125,24139100
2015-02-24,META,77.95545605303252,78.92866125842437,77.558229283965,77.90579986572266,18897100
2015-02-25,META,77.95545789410292,79.643662231922,77.95545789410292,79.00810241699219,25593800
2015-02-26,META,79.3258811682911,80.80555070703505,79.16699500510971,79.85221099853516,31111900
2015-02-27,META,80.12034024731025,80.66652804449929,78.07463245505865,78.42220306396484,30739200
2015-03-02,META,78.45198006465517,79.30601488413481,77.9753064723878,79.19677734375,21662500
2015-03-03,META,79.05776905801483,79.14714111733495,77.97532613303959,79.04783630371094,18635000
2015-03-04,META,78.74991418916706,80.58707957984225,78.30303120669738,80.33881378173828,28126700
2015-03-05,META,80.66651772620244,81.42124021572533,80.48776606784806,80.64665222167969,27825700
2015-03-06,META,80.33881218988574,80.76582965722238,79.27623489811376,79.45498657226562,24488600
2015-03-09,META,79.12726428547968,79.35567212108369,78.08454505030413,78.88893127441406,18925100
2015-03-10,META,77.95545373301194,78.71018381413174,77.01204681396484,77.01204681396484,23067100
2015-03-11,META,77.26031397980698,77.88594101960423,76.72405898435062,77.03190612792969,20215700
2015-03-12,META,77.55823255197733,78.5016471153234,77.36955570048472,78.38247680664062,16093300
2015-03-13,META,78.05474789747252,78.82933580154734,77.1411317837673,77.5085678100586,18557300
2015-03-16,META,77.41918958929082,77.57808330398166,76.8233533121388,77.52842712402344,19305400
2015-03-17,META,77.8164308455149,79.22657873287842,77.7965653392305,78.80949401855469,22170000
2015-03-18,META,78.7002512296988,80.67644469121583,78.62080436278599,80.34873962402344,36912400
2015-03-19,META,80.55728185033423,82.4242377612526,80.43811155013807,82.17597198486328,42099500
2015-03-20,META,82.81154465030187,84.01315028579813,82.49376471014146,83.21870422363281,44466300
2015-03-23,META,83.33785029248101,84.37063678549042,82.72215604336745,83.84431457519531,27357300
2015-03-24,META,84.12237198462415,85.47293836970017,83.93368757632868,84.71820831298828,32576500
2015-03-25,META,84.90689212576909,84.92675005343828,82.34478759765625,82.34478759765625,37436100
2015-03-26,META,82.14618436347017,83.188896117259,81.57020592244177,82.43417358398438,32794800
2015-03-27,META,82.80159963027408,83.367645301597,82.30506807379889,82.72216033935547,18372600
2015-03-30,META,83.22863299040948,83.75495532870362,81.83835042754639,82.62286376953125,24527700
2015-03-31,META,82.32494148786476,82.92077789758312,81.63972544962958,81.649658203125,19734300
2015-04-01,META,81.92770641730462,82.14618151331935,80.3090162786496,81.10346221923828,22058200
2015-04-02,META,81.67944051635175,81.98728765492163,80.87506182449098,80.99422454833984,19664100
2015-04-06,META,80.23949552964575,82.23554675680428,80.23949552964575,81.86811828613281,19062900
2015-04-07,META,82.07665975706509,82.84131494545314,81.64964235728566,81.74894714355469,17467000
2015-04-08,META,82.05680673807541,82.52354763866644,81.2722859271946,81.70923614501953,18966700
2015-04-09,META,81.9277034769873,82.2256254293098,81.14318274057673,81.59999084472656,15927300
2015-04-10,META,81.6397204058953,82.03694717999039,81.3418060076769,81.47090148925781,12529700
2015-04-13,META,81.361663571684,83.35772260960907,81.35173081884682,82.43417358398438,26883100
2015-04-14,META,82.59307267156119,83.10946982931567,81.86814070688699,82.94064331054688,19634200
2015-04-15,META,82.97043035417062,83.0796679082906,81.6993031404537,82.1362533569336,22390900
2015-04-16,META,81.89790738968125,82.49374367851574,81.58012753053822,81.739013671875,13769700
2015-04-17,META,80.91479141252441,81.54041848972851,79.81249067425709,80.21964263916016,24215000
2015-04-20,META,80.97436006571732,82.5731921440207,80.67643812726877,82.51360321044922,28796800
2015-04-21,META,83.41731646229312,83.90391535357777,82.96050825750955,83.03995513916016,27171900
2015-04-22,META,83.7350834548585,84.15216815427509,83.06973297105527,84.04293060302734,45548000
2015-04-23,META,83.5166123908853,84.9962744159682,81.83834075927734,81.83834075927734,73728100
2015-04-24,META,82.19583560686549,82.36466210462187,80.91479077925506,80.96443939208984,29660400
2015-04-27,META,81.30208869574079,82.35473328637086,81.06374806745123,81.34181213378906,25446000
2015-04-28,META,81.26235488513207,81.33186899872577,79.67345544836883,80.12033081054688,23775300
2015-04-29,META,79.45498840898095,80.82541289151074,78.96838198803128,79.91179656982422,26430300
2015-04-30,META,79.45498314284404,80.39839008563872,77.77670402888194,78.22357940673828,28999000
2015-05-01,META,78.69032053176704,79.2067176037128,77.56816191908827,78.44205474853516,24136400
2015-05-04,META,78.77971043278302,79.13721381340213,78.08456160314748,78.26331329345703,14692000
2015-05-05,META,78.00511832042278,78.25338412338216,76.68434243032588,77.02198028564453,22311300
2015-05-06,META,77.42913206201989,78.26330143947112,76.51551581724846,77.5582275390625,28663000
2015-05-07,META,77.45891552091994,78.39239718371924,77.02196536787012,77.88593292236328,19749400
2015-05-08,META,78.55129671103442,78.68039977450702,77.48871940218211,77.96539306640625,19943600
2015-05-11,META,77.9356053697303,78.48178559856532,77.38941756442414,77.46886444091797,18874100
2015-05-12,META,77.32982797341872,77.34968590219526,76.25731798419694,76.92266845703125,21285300
2015-05-13,META,77.1808673605233,77.98524606806659,77.1113532447661,77.8958740234375,21512300
2015-05-14,META,78.39241331399887,81.28222335559349,78.12428200073963,80.80555725097656,49438000
2015-05-15,META,80.84526709273975,80.9544970586381,79.6237961991996,79.86212921142578,27069900
2015-05-18,META,79.77275906068881,80.8154707491458,79.67345426795053,80.31893920898438,21613700
2015-05-19,META,80.68637290074548,81.1233230676937,79.99123179557314,80.07067108154297,17955400
2015-05-20,META,79.91179458304471,80.53742165324869,78.90879865891739,79.99124145507812,23056900
2015-05-21,META,79.63372559918177,80.35865735732577,79.52448806141165,79.92171478271484,13402700
2015-05-22,META,79.79262355813192,80.74596328455581,79.69331875721768,79.98130798339844,19567900
2015-05-26,META,79.87206917880366,80.04088809536154,78.5314354462766,78.77970123291016,16321300
2015-05-27,META,79.0478268967405,80.10047901000638,78.87900797602255,79.99124145507812,14160900
2015-05-28,META,79.69332183355621,80.50763335484025,79.44505603345168,79.5940170288086,11982000
2015-05-29,META,79.39540099396284,79.51457130727034,78.33282365716839,78.64067840576172,16134600
2015-06-01,META,78.74990194039883,79.82240426327296,78.11434220222536,79.7330322265625,18119000
2015-06-02,META,79.20671296091813,80.78567961301412,79.00809580009253,79.88199615478516,18923300
2015-06-03,META,80.78567564805212,81.95749032176546,80.6863708607482,81.86811828613281,31775000
2015-06-04,META,81.57020700825028,82.37458573994766,80.94457994764903,81.4808349609375,20863900
2015-06-05,META,81.30207437008929,81.88797793100332,80.94457106711911,81.57019805908203,16143100
2015-06-08,META,81.25242140319806,81.43117306175827,79.57414236318651,80.11039733886719,16915500
2015-06-09,META,80.04088322589766,80.62679438647231,78.76976368790055,80.11039733886719,16497500
2015-06-10,META,80.26928930852353,82.02700759874911,80.24942380441368,81.5900650024414,21531200
2015-06-11,META,81.73901801555634,82.32492916051586,80.79561113947408,81.2623519897461,18656800
2015-06-12,META,80.80555322395948,81.52055234525226,80.63672672620311,80.96443939208984,11417900
2015-06-15,META,79.99124505084758,80.36860634526336,79.51457137369039,80.15013122558594,18805100
2015-06-16,META,80.25936289001513,80.9445788829492,79.89192679968646,80.49769592285156,13693700
2015-06-17,META,81.19285030709636,81.64965847528549,80.77575800007932,81.22264099121094,18350300
2015-06-18,META,81.07368245425306,82.61293350962812,81.00416833038607,82.33487701416016,26782600
2015-06-19,META,82.2554172134923,82.40437819165327,81.55034333176505,81.93763732910156,23353200
2015-06-22,META,82.83140005722863,84.38057612953324,82.7320876821564,84.15216827392578,29383100
2015-06-23,META,84.37064320082747,87.35976536427206,84.17203360403806,87.2703857421875,50667900
2015-06-24,META,87.05191104370908,88.630877664557,86.84336113485196,88.24358367919922,41370200
2015-06-25,META,88.64081716583486,88.7798453980123,87.2306617621529,87.36969757080078,27302000
2015-06-26,META,87.50873554849757,87.72720309734174,86.22768305807897,87.39949798583984,38214600
2015-06-29,META,86.00920512972603,86.89303077953736,85.13531223341568,85.20482635498047,35957900
2015-06-30,META,85.99927020083933,86.09857500392408,84.97641633377192,85.1750259399414,23016500
2015-07-01,META,86.16808546667265,87.33990027686963,85.89002899924803,86.30712127685547,25260000
2015-07-02,META,86.79372394570511,86.83344738230971,85.74107181686014,86.68448638916016,16908800
2015-07-06,META,85.89002074847117,87.57823247297253,85.79071595914044,86.94267272949219,24635900
2015-07-07,META,87.19094577951444,87.24059439009513,84.63877384037802,86.6149673461914,33059900
2015-07-08,META,85.69141456603289,86.14822267623478,84.85723763436023,85.05585479736328,24399300
2015-07-09,META,86.12837337937113,86.99233350148687,85.05586332108521,85.28426361083984,23307400
2015-07-10,META,86.74406838470914,87.60803609006354,86.16808991447287,87.33990478515625,23245900
2015-07-13,META,88.0449925275117,89.59416879320165,87.8066518893506,89.4749984741211,29976700
2015-07-14,META,89.83249517978047,90.17014060385048,89.02811642105354,89.05790710449219,26627800
2015-07-15,META,89.37568502841006,90.35881544231077,88.79970657320735,89.1373519897461,30886600
2015-07-16,META,89.65373431154477,90.2297127205466,89.14727001559694,90.21977996826172,21804100
2015-07-17,META,91.9079995750679,94.72829534610179,91.8980668219387,94.31121063232422,54001600
2015-07-20,META,95.18509692812565,97.9160204619744,94.69849812896061,97.2308120727539,54860500
2015-07-21,META,98.26360198900886,98.55159123022868,96.46615999624392,97.70748901367188,39453300
2015-07-22,META,96.06893742813769,96.90311450436778,95.2546258598855,96.36685943603516,28299500
2015-07-23,META,96.28739907892862,96.77399788567463,94.15231185845276,94.77794647216797,29418800
2015-07-24,META,96.67468492012219,97.08184440108569,95.21488104676673,96.27745819091797,33444900
2015-07-27,META,95.91003995641442,95.93983063840301,93.17911631922588,93.51675415039062,38585400
2015-07-28,META,94.18210720192617,94.8971138950115,92.66272176735521,94.62899017333984,35236000
2015-07-29,META,95.65184159045955,96.60518129816202,94.08280000682674,96.31719207763672,64648300
2015-07-30,META,94.25163087735488,95.14538168601892,91.16320375434312,94.54954528808594,86211300
2015-07-31,META,94.29134624983749,95.661778292112,93.2982830662627,93.35787200927734,46509000
2015-08-03,META,92.88119225637409,94.42044312055941,92.15626042272913,93.4869613647461,29343100
2015-08-04,META,93.13939276546675,94.07287454109323,92.68258463046054,93.40751647949219,20136000
2015-08-05,META,94.58927886559671,96.41651169201575,94.5197647379932,95.77102661132812,29813200
2015-08-06,META,96.50586674422307,98.05504266558745,93.76501062633476,94.46015930175781,42271300
2015-08-07,META,94.71836121642245,94.73822672239214,92.96064276163594,93.64585876464844,23199100
2015-08-10,META,95.01628796048145,95.23476307828362,92.98050535529316,93.49690246582031,21624200
2015-08-11,META,93.07981861461835,94.10267251536068,92.25557432658422,92.9705810546875,22491000
2015-08-12,META,92.05696655356998,93.78490218205405,90.55744639835916,93.53663635253906,27050500
2015-08-13,META,93.39759275273309,94.07287600115139,92.70244399839244,92.78189086914062,17451800
2015-08-14,META,92.89113697791964,94.06295191173665,92.56342428825282,93.76502990722656,15929700
2015-08-17,META,93.76501830373854,93.80474173785551,92.74216449875547,93.2784194946289,18313500
2015-08-18,META,93.42738382407649,95.18510228199116,93.38766038853703,94.50981903076172,22278800
2015-08-19,META,93.97356622023361,95.43337031055424,93.50683288875474,94.64884948730469,23251300
2015-08-20,META,92.89111674691019,94.11258003113885,89.83248079577768,89.9317855834961,44598200
2015-08-21,META,86.91288399244422,88.56137246645943,85.01613730614822,85.4630126953125,62778700
2015-08-24,META,76.49564911537614,81.52054595947266,71.50054295194104,81.52054595947266,83710700
2015-08-25,META,86.34683646055511,87.06184312918627,82.42424011230469,82.42424011230469,52021200
2015-08-26,META,85.35377085513008,86.85329826528442,82.68243625433655,86.58517456054688,45124300
2015-08-27,META,88.48191699889828,89.43525662590176,86.58517049688813,89.10755157470703,42431400
2015-08-28,META,89.25651871965279,90.84542591918621,89.16714666732632,90.3786849975586,33215900
2015-08-31,META,89.97152105949812,90.41840402876524,88.27338395981262,88.80963897705078,32850700
2015-09-01,META,86.24753957283774,88.76992107342308,85.89996895939453,86.62490844726562,36097400
2015-09-02,META,88.19393138015559,89.26644134521484,87.02211662051015,89.26644134521484,27190500
2015-09-03,META,89.13736090729364,89.19694227880264,87.12144368887688,87.53852844238281,27048200
2015-09-04,META,86.59510635993752,87.77685396989816,86.09857476939551,87.64775848388672,27328700
2015-09-08,META,89.0678369179923,89.61401710810543,88.21380199740895,88.90894317626953,27012500
2015-09-09,META,90.15026751892327,91.34194779158872,89.54449841835746,89.81262969970703,32551100
2015-09-10,META,89.44519525968283,91.42138875467899,89.00824506073018,91.34194946289062,26437400
2015-09-11,META,91.04403240270958,91.44125918894463,90.49784462457755,91.41146850585938,21185000
2015-09-14,META,91.6696548461914,91.97750956761935,90.96458093506486,91.6696548461914,20127900
2015-09-15,META,91.72923960741406,92.6031323920024,91.15326120152922,92.25556182861328,18859400
2015-09-16,META,92.25556998562213,92.950711173863,91.98743868696441,92.80175018310547,16321200
2015-09-17,META,92.72230491480578,94.84745935507105,92.25556404285092,93.6855697631836,27841800
2015-09-18,META,92.55348263685892,94.5296837622849,92.40452922539464,93.74516296386719,62300000
2015-09-21,META,93.96363513844187,95.82065832383194,93.86432276526929,94.8871841430664,28790000
2015-09-22,META,93.1195338043761,94.02322496156424,91.2823683824266,92.31515502929688,36888900
2015-09-23,META,92.75210005748467,93.66571634040383,92.1562636806448,93.31814575195312,21701400
2015-09-24,META,92.41446263062473,94.11259986075844,91.60015107740614,93.7551040649414,29106000
2015-09-25,META,95.12551979149686,95.18510115586582,91.42139091832529,92.12646484375,28961600
2015-09-28,META,91.44126550813907,91.6498078806182,87.56831733352503,88.59117126464844,41199900
2015-09-29,META,88.48192268195575,89.43526237019076,85.12537205609895,86.06877899169922,42281800
2015-09-30,META,87.8265035901384,89.39553754076995,87.39948615115425,89.27637481689453,36169100
2015-10-01,META,89.42534100984136,90.319091796875,87.74706183706493,90.319091796875,29283700
2015-10-02,META,88.28330458489262,91.56040802697119,87.75698239300078,91.43131256103516,37881700
2015-10-05,META,92.29529470591116,93.61606298194779,92.01723822674555,93.35787200927734,27292500
2015-10-06,META,93.4273771702463,93.51674921149208,91.69944194146021,92.15625762939453,22172800
2015-10-07,META,92.46410710453688,93.01029484755256,90.73617940845044,91.759033203125,24129300
2015-10-08,META,91.25256620945716,92.57334192991809,89.8424184481156,91.82854461669922,27290500
2015-10-09,META,92.25556286862951,93.08973223016713,91.60013759044698,92.59320068359375,20012900
2015-10-12,META,92.67265074312573,93.94377033392429,92.02715819504104,93.60613250732422,18449600
2015-10-13,META,93.01030152434785,94.7084386611661,92.90106396790304,93.46710968017578,19480300
2015-10-14,META,93.42739033426106,94.53961630098509,92.96064940473744,93.4174575805664,19253400
2015-10-15,META,94.3310770944586,95.63199511910672,94.24170503762421,95.29434967041016,27557500
2015-10-16,META,95.51281394379663,96.91302904368094,94.68856971203328,96.8633804321289,25412900
2015-10-19,META,96.5058814698363,97.88623870300471,96.2476829180544,97.78693389892578,23729900
2015-10-20,META,98.04512813245127,98.89915547109229,95.89017533884892,96.3271255493164,30881800
2015-10-21,META,96.69455411112,97.49893277549327,95.80079583044414,96.43635559082031,21917800
2015-10-22,META,97.11164360656664,99.03818848765785,96.87331057870568,98.97859954833984,26392100
2015-10-23,META,101.20306841048038,102.13654261170728,99.46520791245167,101.48112487792969,42809700
2015-10-26,META,101.49106188720154,103.08989433791457,100.84557683099544,103.0501708984375,25961200
2015-10-27,META,102.22592927086151,103.37787865479788,101.68967422823782,102.98065185546875,23795500
2015-10-28,META,103.17925846496244,103.75523688611422,102.20605328520702,103.4771728515625,24081500
2015-10-29,META,103.23884193103886,104.39079879681978,102.8018917300226,104.15245819091797,20316700
2015-10-30,META,103.78503081936732,103.99357316946339,100.9448696345859,101.26264953613281,33487100
2015-11-02,META,101.01437145004833,102.7522317323544,100.47811651090325,102.59333801269531,24003900
2015-11-03,META,102.50399097197867,102.93100847709808,101.68967940134067,101.8684310913086,21242300
2015-11-04,META,102.47419672108377,103.41760375524754,101.76912273976127,103.218994140625,43469300
2015-11-05,META,108.0452700036231,109.88243525211686,107.20116029422002,108.00554656982422,63232900
2015-11-06,META,107.29053739524251,107.98567852922542,105.17531573629157,106.3570556640625,35084300
2015-11-09,META,106.25775367952258,107.49908257764784,105.12566233054996,105.75128936767578,26383500
2015-11-10,META,105.22497546663851,107.3997862929876,104.50996875241574,107.16145324707031,25031700
2015-11-11,META,107.51895009835195,109.10785729087814,106.36700071788856,108.25382232666016,25057100
2015-11-12,META,107.72749136495447,108.63117487088023,107.25081773028401,107.27067565917969,20924700
2015-11-13,META,106.96283195298638,107.4990869680543,103.10974962336985,103.22891235351562,30278400
2015-11-16,META,102.60328403246119,103.44738619201408,99.77305557915065,103.31829071044922,49309200
2015-11-17,META,103.8942695664991,105.4633035866798,103.41759592045761,104.40072631835938,26807200
2015-11-18,META,105.06607957840058,107.13164507944624,104.65892006849447,107.02240753173828,23836500
2015-11-19,META,106.61526379760691,106.9826999023798,105.21504107464906,105.52289581298828,25520600
2015-11-20,META,106.09884979154938,107.12171106996489,105.88038229061897,106.57552337646484,22129600
2015-11-23,META,106.44644761945008,106.72450410527047,105.34414685318289,106.2081069946289,19897200
2015-11-24,META,105.26469114840862,105.75128995777729,103.66585891258403,105.0064926147461,23577300
2015-11-25,META,105.59240348450084,105.86052719354983,104.37093251190569,104.67878723144531,15150800
2015-11-27,META,105.04621851635939,105.22497018594447,104.1326022391337,104.718505859375,5913100
2015-11-30,META,105.10579861017435,105.36399714678059,103.0303002939703,103.51689910888672,20383200
2015-12-01,META,104.10280718624999,106.40671328835688,103.77509454302442,106.37692260742188,22781900
2015-12-02,META,106.25776233533271,107.17137866042367,105.0561567732405,105.33421325683594,24429100
2015-12-03,META,105.53282609295302,106.10880458456693,102.63308328040677,103.65593719482422,23236500
2015-12-04,META,104.08294408462162,106.98269417826579,103.38780292518626,105.44344329833984,21224700
2015-12-07,META,105.74136326291988,106.08893383604848,103.93398870618081,104.87739562988281,15474900
2015-12-08,META,103.27856432402194,106.16838163556332,103.22890813750881,105.75128936767578,20401800
2015-12-09,META,105.4434542613033,105.70165282299723,102.83170068905723,103.8744125366211,23517300
2015-12-10,META,104.321284565528,105.6619182722441,103.68572477010007,104.68871307373047,17454300
2015-12-11,META,103.42753048357098,103.61620733352935,101.20307110820946,101.41161346435547,26427700
2015-12-14,META,101.58042068404728,104.01342213530933,100.75617653102698,103.9339828491211,24648100
2015-12-15,META,104.56955015178525,105.06608171456396,103.55662152089326,103.82475280761719,21764300
2015-12-16,META,104.63907686382527,106.34713928116317,103.4672619315472,106.04922485351562,22680500
2015-12-17,META,106.74436414971186,107.00256271014594,105.39379755486286,105.4831771850586,21675700
2015-12-18,META,105.34414043925848,105.8505971891079,103.24877659322652,103.31829071044922,35994200
2015-12-21,META,104.1822639677928,104.4205970144246,102.88134602355423,104.04322814941406,16138800
2015-12-22,META,104.49009460958763,104.92704477303187,104.08293512520191,104.77808380126953,14597100
2015-12-23,META,105.15545169857137,105.3739267941481,103.13953480542821,103.90419006347656,19599700
2015-12-24,META,104.01343217778125,104.58941062295806,103.77509914326589,104.29148864746094,6501800
2015-12-28,META,104.29147654345621,105.24482372381388,103.80487777799112,105.1951675415039,13069700
2015-12-29,META,105.68177609798596,106.99261912183532,105.5129571848431,106.51595306396484,17179900
2015-12-30,META,106.2577652898897,106.50603109664178,105.32428343203111,105.4831771850586,13115000
2015-12-31,META,105.26468370452943,105.43350260532544,103.89425941779206,103.9339828491211,18391100
2016-01-04,META,101.24278636692692,101.53077559317333,99.05805044043295,101.51091766357422,37912400
2016-01-05,META,102.1762735647399,102.99058509781774,100.96473523044752,102.01738739013672,23258200
2016-01-06,META,100.42847426914615,103.05016039566198,100.20007398602057,102.2557144165039,25096200
2016-01-07,META,99.80284255724968,100.72639155262931,96.62504363576616,97.24073791503906,45172900
2016-01-08,META,99.18713722862745,99.80283906281281,96.35690897945362,96.65483093261719,35402300
2016-01-11,META,97.23081441262482,97.91602281833494,94.72829108946931,96.83358764648438,29932400
2016-01-12,META,98.31325846233577,99.26659824127886,96.87331982857685,98.68069458007812,28395400
2016-01-13,META,99.88229029611284,99.88229029611284,94.54953862122251,94.77794647216797,33410600
2016-01-14,META,95.1850913252908,98.18414596329973,91.80867545780083,97.68761444091797,48658600
2016-01-15,META,93.32808021371405,95.71142576471196,92.89112999367808,94.31121063232422,46132800
2016-01-19,META,95.86037651807044,96.74420204041003,93.26848131052223,94.59918975830078,30998300
2016-01-20,META,92.18605814261174,94.34100345582871,88.75006039960755,93.69551086425781,59051400
2016-01-21,META,94.25161796823413,95.32412030703047,91.97750266838025,93.50682067871094,30518900
2016-01-22,META,95.74121948983004,97.38970033708118,94.82759565698095,97.26060485839844,30495400
2016-01-25,META,98.03518834709915,98.78991840836588,96.25760452694821,96.33705139160156,32482000
2016-01-26,META,97.08184902750155,97.20101174841271,94.99641807038569,96.66475677490234,26877100
2016-01-27,META,97.11164215152786,97.17122351348279,93.57633991475718,93.79480743408203,58699400
2016-01-28,META,106.45635718255681,109.57457459014515,104.08293707123582,108.35311126708984,107475300
2016-01-29,META,108.23395310741599,112.05724480829751,108.08499211616693,111.4316177368164,62739500
2016-02-01,META,111.49119584294313,114.91726823561653,111.23300488056258,114.29163360595703,46132700
2016-02-02,META,114.00365635292634,116.77429596411045,112.41474920014916,113.81497192382812,59778600
2016-02-03,META,114.47039198123167,114.53990610232519,108.98868643886492,111.90829467773438,56919300
2016-02-04,META,111.02445137025029,111.16347959031833,108.49213757699567,109.7235336303711,38890200
2016-02-05,META,108.75034152133671,108.81985563484255,102.464250319352,103.34807586669922,76894700
2016-02-08,META,99.71346971767962,101.96771962577968,96.78392902062856,99.05804443359375,71229700
2016-02-09,META,96.46614959177985,101.68966365514068,96.14836970065164,98.84950256347656,62709000
2016-02-10,META,100.84557287157675,102.53377731247704,99.54465490331157,100.29938507080078,45179400
2016-02-11,META,98.90909051267386,104.380870717159,98.194083815899,101.20307159423828,43670600
2016-02-12,META,103.02037082965155,103.5169024131828,100.38875192164181,101.30237579345703,36176800
2016-02-16,META,103.07996217830066,103.20905766550335,99.54465206901862,100.9051513671875,45687200
2016-02-17,META,101.31229669099626,104.9866347998189,99.70353927724449,104.4702377319336,44073400
2016-02-18,META,105.0660663456396,105.26467591111059,102.31527764740383,102.75222778320312,29593500
2016-02-19,META,101.83862791484677,104.29148750345523,101.35202152177449,103.84461212158203,32404500
2016-02-22,META,104.75822767614306,107.49908404195,104.6092666910449,106.4166488647461,35709700
2016-02-23,META,106.10878877930001,106.72449061756997,104.39079389054021,104.72843170166016,25319300
2016-02-24,META,103.48710369055341,106.20809443550067,102.02729973614754,106.13858032226562,34412400
2016-02-25,META,106.36698810222684,107.32032775878906,104.87739346826022,107.32032775878906,29906300
2016-02-26,META,107.9459518066759,108.69074910316115,106.41664135851967,107.1713638305664,26686200
2016-02-29,META,106.85358980175266,108.15450763614403,106.00948766816671,106.17830657958984,32779000
2016-03-01,META,107.08200343468418,109.05819702148438,106.85359557194724,109.05819702148438,26817300
2016-03-02,META,108.91916266976297,109.78313030665618,108.01547159912488,109.18728637695312,25670200
2016-03-03,META,109.48520518531464,109.53486137018172,107.7870682181474,108.81985473632812,21353100
2016-03-04,META,109.28661115196952,109.28661115196952,107.18131438339195,107.63812255859375,24938900
2016-03-07,META,107.32033083127041,107.32033083127041,103.99357090213029,104.99656677246094,31436400
2016-03-08,META,104.05314353660162,106.62518073557075,103.67578231104274,105.1951675415039,25617000
2016-03-09,META,105.95982731739853,106.76421356201172,104.75822190304106,106.76421356201172,20493300
2016-03-10,META,107.16143450008032,107.90623176768787,105.03627265948806,106.57552337646484,24854300
2016-03-11,META,107.72749012289157,108.66096429963336,107.17136962610952,108.65103912353516,20697600
2016-03-14,META,108.5219317232412,109.56465098353499,108.01546743311535,109.12770080566406,17249400
2016-03-15,META,108.35311434841738,110.06118407533279,108.08498307131293,109.90229034423828,17618500
2016-03-16,META,109.72354579595327,111.71960485748545,109.3362517718983,111.40182495117188,24744800
2016-03-17,META,111.37203653642892,111.90829155984004,109.96188864697976,110.24987030029297,24241200
2016-03-18,META,110.78611743034307,111.64015230568926,109.50506511732378,110.6768798828125,36256900
2016-03-21,META,110.88543509176206,111.59050901988712,110.25980045760967,111.07411193847656,18448000
2016-03-22,META,110.5875183538905,112.0969710814557,110.39883392176826,111.47134399414062,19001100
2016-03-23,META,111.23300088493995,112.40481565582274,111.22306813244504,111.75932312011719,18562000
2016-03-24,META,111.35216898479551,112.30550870563626,110.90529359506317,112.26579284667969,17839100
2016-03-28,META,112.53391583574421,113.79510270238202,112.16647974277748,112.90135192871094,21351800
2016-03-29,META,113.04038467219853,115.5131098924899,112.85170024173443,115.33435821533203,29825300
2016-03-30,META,115.92025948774817,116.17845043978348,113.56669720324793,113.90433502197266,33235200
2016-03-31,META,113.90433089350523,114.212185596651,112.98078193700785,113.3084945678711,21207500
2016-04-01,META,112.9609322698284,115.36414325229293,112.56370549820085,115.2549057006836,24760500
2016-04-04,META,113.27870919251723,113.75538282122751,110.835774839494,111.76925659179688,48487900
2016-04-05,META,111.33230603072448,112.53391148640199,111.12376368649652,111.44154357910156,22962400
2016-04-06,META,111.68980749700185,113.02050840747843,111.64015131166819,112.92120361328125,20814600
2016-04-07,META,113.00065318280181,114.09302109804635,112.28564652512311,112.85169219970703,20714500
2016-04-08,META,113.45746298660839,113.53690985563026,109.13763987177778,109.8625717163086,48497800
2016-04-11,META,109.93209253571762,110.140642473734,108.0154802684043,108.23395538330078,39762300
2016-04-12,META,108.58151799605224,110.38890014939444,108.23394741905196,109.84271240234375,26248100
2016-04-13,META,111.45147799250755,111.868562687179,105.78108087433512,109.743408203125,88227400
2016-04-14,META,109.85265367652327,111.26280159915355,109.4951503191704,110.07112121582031,28473300
2016-04-15,META,110.02147212491259,110.20022380281422,108.44249770736977,108.87944793701172,20922800
2016-04-18,META,108.97874869972385,110.04132597438159,108.44249368590538,109.68382263183594,21167200
2016-04-19,META,110.32931504274761,111.66994878715967,108.40277767339208,111.51106262207031,30210500
2016-04-20,META,111.65009236003239,112.4842617850347,110.78612467573369,111.6401596069336,21027900
2016-04-21,META,111.76926579193413,113.24892783324466,111.53092516972515,112.65309143066406,20875200
2016-04-22,META,110.43855287060343,110.97480788499598,108.25381695401502,109.79306030273438,38458200
2016-04-25,META,109.10785002557684,109.90229599246817,108.31339648221501,109.33625030517578,21017900
2016-04-26,META,109.72354151692136,109.73347426948865,107.3997774632144,108.00554656982422,22521500
2016-04-27,META,107.19124417517469,108.18430737464386,105.5725463110985,108.13465118408203,52213100
2016-04-28,META,118.75049366886178,119.95209917496474,115.42373362119216,115.9202651977539,87110100
2016-04-29,META,116.00962845987493,117.0225494657093,115.03642330986385,116.76435852050781,37140600
2016-05-02,META,117.01262536618923,117.90638365983386,115.76136375508675,117.74748992919922,28095200
2016-05-03,META,116.70477426557238,117.34034163129184,116.20824270669212,116.61540222167969,24117500
2016-05-04,META,115.8010893593843,117.47936843245286,115.76136592598071,117.24102783203125,23448400
2016-05-05,META,117.22117519224261,118.15465697816764,116.43665439418422,116.99276733398438,22056700
2016-05-06,META,116.34727113538845,118.81006326843368,116.29761495206124,118.66110229492188,26395600
2016-05-09,META,118.71077140573657,119.44563602489241,118.07521158757952,118.41284942626953,21138100
2016-05-10,META,118.79021544138035,119.66410827636719,118.17451356753274,119.66410827636719,23220000
2016-05-11,META,119.57472049915506,120.24007089654727,118.59158266560833,118.69088745117188,22038400
2016-05-12,META,119.1477109289159,120.00173820203686,118.0752009908524,119.44562530517578,22035500
2016-05-13,META,119.54493513821168,119.80313366970057,118.84979398782275,118.97888946533203,18124300
2016-05-16,META,118.55187568253743,118.78028353984266,116.53595870770255,117.8468017578125,31247800
2016-05-17,META,117.99576908156855,118.1844535139763,116.38700397057582,116.53596496582031,21328600
2016-05-18,META,115.98977542691381,117.44957184883111,115.92026131158441,116.83387756347656,21642300
2016-05-19,META,116.23804306123378,116.67498568893043,115.07615343437762,115.99970245361328,20544100
2016-05-20,META,116.14867092406722,117.17152480749056,116.13873817065867,116.53596496582031,18944800
2016-05-23,META,116.60547351324975,116.78422518370499,115.13574429081376,115.16553497314453,20441000
2016-05-24,META,115.43365837402311,116.91332792180557,115.3144956450268,116.88352966308594,20183600
2016-05-25,META,117.31053760497497,117.84679257137266,116.56574030327872,117.07220458984375,20019800
2016-05-26,META,117.41978720589107,118.9292474684838,117.10200729426167,118.6412582397461,18481300
2016-05-27,META,118.73063919944374,119.01862844979574,118.18445896033863,118.55188751220703,13493600
2016-05-31,META,118.63132478692792,119.26688460643815,117.30062378247547,117.98583221435547,23547600
2016-06-01,META,117.67798295969126,118.25396140350091,117.00269971644181,117.95603942871094,15029500
2016-06-02,META,117.86666270305084,118.61146003398802,117.39992183009495,118.10499572753906,13228300
2016-06-03,META,118.15465769058707,118.15465769058707,117.04242422780993,117.648193359375,14135100
2016-06-06,META,117.79716160114349,118.60154038294174,117.53896304315141,117.96598052978516,12744700
2016-06-07,META,118.41283668515057,118.47242562051466,116.85372799016926,116.94310760498047,17103000
2016-06-08,META,116.94311381371179,117.77728318839816,116.45650743534117,117.56874084472656,14505600
2016-06-09,META,117.3105466313595,117.85673439188413,116.89346192867008,117.73756408691406,13859200
2016-06-10,META,116.72465918760919,117.2907049558342,115.4535393976633,115.81104278564453,18510800
2016-06-13,META,114.20226526404535,114.67893892227285,112.52398607178135,113.1595458984375,31718200
2016-06-14,META,113.27870966618465,114.15260248325896,112.79211085935115,114.1426773071289,17618500
2016-06-15,META,114.50018722121771,114.63921545973743,113.27871618111374,113.80503845214844,19819400
2016-06-16,META,113.08009946723868,113.70572650124461,112.15655046858025,113.59648895263672,19236300
2016-06-17,META,113.62628233900163,113.63621509178526,111.77918429770938,112.23599243164062,24644300
2016-06-20,META,112.98078393142224,113.92419840876086,111.96786291761042,112.58356475830078,20785400
2016-06-21,META,113.3283645281278,114.41079967833633,113.17940354674465,113.58655548095703,19166300
2016-06-22,META,113.85469188150772,113.94406392847353,112.82190529434727,113.11982727050781,14846300
2016-06-23,META,113.57663384471853,114.29163293999524,112.75238962165051,114.28170776367188,16176900
2016-06-24,META,110.23993591762756,112.89141255379141,110.23000316530013,111.3025131225586,40643100
2016-06-27,META,110.79605882520322,110.79605882520322,107.47923143664798,108.21409606933594,36130400
2016-06-28,META,109.8625650038273,111.9678614454528,109.78312571612952,111.91820526123047,26813800
2016-06-29,META,112.58357458257632,113.45746744675931,112.25586191733117,113.36809539794922,20968300
2016-06-30,META,113.87453763405594,114.38100190878332,112.88147458833859,113.48724365234375,23192700
2016-07-01,META,113.40781336044287,114.33136243095932,113.02051932214283,113.39788818359375,14980000
2016-07-05,META,113.14961543778615,113.40780639648438,112.18634298961166,113.40780639648438,14207000
2016-07-06,META,112.57363754969974,115.97984440459771,112.18634353330505,115.89046478271484,24337600
2016-07-07,META,115.82095187141503,116.15859728047269,114.55976501093826,115.0463638305664,16630200
2016-07-08,META,115.62234852844041,116.68492584799739,115.04637005483771,116.42672729492188,18142600
2016-07-11,META,116.8934591690645,117.87658953832869,116.68491682264302,117.05235290527344,17711600
2016-07-12,META,117.80706430692017,117.89644391922168,116.75441992150664,117.11192321777344,15217700
2016-07-13,META,117.56875736267324,117.57869011656842,115.87062011721991,115.96992492675781,16207700
2016-07-14,META,116.6849217497586,116.82394998657682,115.89046818810814,116.47637939453125,14579700
2016-07-15,META,116.9232627279973,117.45951778205816,115.77131331949226,116.04936981201172,16646000
2016-07-18,META,116.50617149924418,118.78028708134322,116.07915403052739,118.54195404052734,20868400
2016-07-19,META,118.1645658787535,120.0116636903531,117.83686084234934,119.77333068847656,21541300
2016-07-20,META,120.40890640775285,121.35231336551404,119.72369041279693,121.07425689697266,20046500
2016-07-21,META,121.07424081195333,121.25299245747811,119.415827397427,119.77333068847656,17801700
2016-07-22,META,119.06826899076903,120.17056965441607,118.48235781321857,120.16063690185547,18422400
2016-07-25,META,120.54794471753631,121.00475289353055,116.96298585605665,120.7862777709961,18487400
2016-07-26,META,121.15370794109066,121.22322206062097,119.9123789662844,120.37911987304688,17612000
2016-07-27,META,121.57078923619099,124.13289398642371,120.66710570773452,122.48440551757812,52654200
2016-07-28,META,126.63541228158725,127.43979860241059,122.77239715101058,124.13289642333984,78955800
2016-07-29,META,123.78531988030637,124.96705984546949,122.85183811958947,123.08024597167969,35058800
2016-08-01,META,122.9908694729982,123.71580890532472,122.00773907702272,123.44767761230469,25006900
2016-08-02,META,123.19940984127066,123.93428201466445,121.22321632824078,122.23613739013672,23968400
2016-08-03,META,122.23613472579619,123.06037892647805,121.46154671126442,121.66016387939453,18525300
2016-08-04,META,122.08717436326783,123.92433949907827,121.6601569467091,123.49732208251953,21066000
2016-08-05,META,124.11303380775884,124.96706113255514,123.75553047343925,124.28185272216797,20184000
2016-08-08,META,124.38116526909147,124.57977487765535,123.686024062647,124.39109802246094,15233900
2016-08-09,META,124.47052318684537,125.21532049909734,123.66614451408365,124.19246673583984,19621000
2016-08-10,META,124.20240206552367,124.60956157470973,123.67607983284526,124.01371765136719,10670100
2016-08-11,META,124.33150663110212,124.51025830587902,123.88463123239521,124.0335922241211,11729500
2016-08-12,META,123.83496598965846,124.13288795132974,123.31857650942781,124.01371765136719,12159000
2016-08-15,META,124.0435078760687,124.05343305140353,122.84189493121846,123.04051208496094,19295100
2016-08-16,META,122.64328884317715,123.06037351319793,121.92828222230158,122.4446792602539,14222400
2016-08-17,META,122.80218169046465,123.51718072974529,121.99779545951037,123.50725555419922,13794200
2016-08-18,META,123.1497579814096,123.39802375808084,122.7823219044069,123.05045318603516,12400800
2016-08-19,META,122.74260429470358,123.29872481283303,122.42482438854559,122.702880859375,11688300
2016-08-22,META,122.47448396560074,123.96407873752055,122.25600885348383,123.2887954711914,14386400
2016-08-23,META,123.64628377654294,124.22225459347986,123.38808525941751,123.50725555419922,13309500
2016-08-24,META,123.60658171127365,123.82505683457025,122.23614960203906,122.62345123291016,12243700
2016-08-25,META,122.2659234111386,123.50725220300436,122.24605790764573,123.03057861328125,10730800
2016-08-26,META,123.18948664036398,124.32157802388878,123.05045840564834,124.09317016601562,17504800
2016-08-29,META,123.48739789218885,125.85089297506482,123.48739789218885,125.6622085571289,15925900
2016-08-30,META,125.7217940237168,125.7217940237168,124.28185547822632,124.9670639038086,17804300
2016-08-31,META,124.72872014798173,125.34442197926276,124.232188612698,125.2451171875,14200600
2016-09-01,META,125.50331162856422,125.75157740312525,124.72872362416902,125.29476928710938,13536100
2016-09-02,META,125.97005359111434,125.97998634359469,125.12595146556922,125.63241577148438,12118800
2016-09-06,META,125.79130731239712,129.03862805366188,125.59269771311126,128.830078125,26278400
2016-09-07,META,129.1378964037118,131.06444090721715,129.04852437695646,130.14089965820312,27990800
2016-09-08,META,130.01181795528956,130.1707116864329,128.90951731901043,129.3663330078125,15676600
2016-09-09,META,128.81022571495706,129.04855116911745,126.21832275390625,126.21832275390625,27100700
2016-09-12,META,125.08623644828444,127.86680878872218,124.87769409098692,127.79730224609375,21252800
2016-09-13,META,127.14187189199872,127.45965936843584,125.78138024673687,126.32756042480469,18016200
2016-09-14,META,126.00978935892037,127.90654371540911,126.00978935892037,126.88368225097656,15691100
2016-09-15,META,127.09221207743768,128.2044454175082,126.78435738089553,127.45964813232422,15077200
2016-09-16,META,127.31067696258371,128.28387448569916,127.31067696258371,128.17465209960938,24119200
2016-09-19,META,129.0088376279522,129.03862831025728,127.37027433646804,127.757568359375,14958800
2016-09-20,META,127.75756769349275,128.27396477232423,127.14187339180899,127.74764251708984,11083800
2016-09-21,META,128.23425648250316,129.10814179871122,127.49938425590501,129.03863525390625,14068300
2016-09-22,META,129.5947427912252,129.8231430759264,128.66126099339252,129.1776580810547,15538300
2016-09-23,META,126.67513041052747,127.70792455114766,126.41693945184284,127.07235717773438,28326300
2016-09-26,META,126.48645356380833,127.27097434548742,125.92040788290954,126.42686462402344,15064900
2016-09-27,META,126.72479220016014,128.11507458214362,126.54604052583787,127.79730224609375,15637100
2016-09-28,META,128.3136915179713,128.57188247233285,127.50929766784618,128.3335418701172,12047600
2016-09-29,META,128.2838970444834,128.39313460272191,126.66521433069347,127.20146179199219,14532200
2016-09-30,META,127.14187788729274,127.69799084433997,126.56589942379621,127.38021850585938,18402900
2016-10-03,META,127.4894683183213,128.19453475916686,126.91348979945217,127.87676239013672,13156900
2016-10-04,META,128.2739559351926,128.3831934798632,126.66519859817114,127.3007583618164,14307500
2016-10-05,META,127.36035179424687,127.90653956937189,126.94326708040816,127.57882690429688,12386800
2016-10-06,META,127.5390920432378,128.16472667158786,127.19152903533077,127.84695434570312,11682700
2016-10-07,META,128.1448558764441,128.3534057949327,127.43978956043189,128.09521484375,12804400
2016-10-10,META,128.78041976880746,129.79334840693522,128.30375370795826,129.3365478515625,15138700
2016-10-11,META,129.32659555673368,129.7337550401551,127.34046947519246,127.98596954345703,17537900
2016-10-12,META,128.11503889593325,128.76053887079107,127.56886642489462,128.15476989746094,11073000
2016-10-13,META,127.32062065269828,127.36033650751244,125.8707419284772,126.93331909179688,17139300
2016-10-14,META,127.5986813279091,128.05548186165333,126.69499028327839,126.99290466308594,13345300
2016-10-17,META,127.31069116833827,127.57882245822654,126.43679833506377,126.6552734375,11351700
2016-10-18,META,127.78736113452341,128.49244265082007,127.1220106305783,127.67813873291016,13504000
2016-10-19,META,127.84695161091925,129.56494656686576,127.70792338014219,129.2074432373047,16752300
2016-10-20,META,129.16772725819968,129.75363086214145,128.60167400653546,129.09820556640625,13167500
2016-10-21,META,128.87973132513474,131.21343573322753,128.80028445667404,131.1538543701172,19088800
2016-10-24,META,131.79932536510788,132.48454127409804,131.23327216970236,132.35543823242188,17470200
2016-10-25,META,132.57394290289798,132.57394290289798,131.3028231644539,131.37232971191406,13336800
2016-10-26,META,130.7268406928031,131.34253503563718,130.0316994746127,130.13099670410156,13084700
2016-10-27,META,130.82612644011058,130.88570779626204,128.373259592282,128.79034423828125,16741400
2016-10-28,META,129.59475913043144,132.04762666490572,129.0287057826559,130.3792724609375,24545500
2016-10-31,META,131.09427346263956,131.20351102566164,129.97212230025917,130.08135986328125,15669000
2016-11-01,META,130.49842343768861,131.02474565970132,127.75755962938372,128.60166931152344,22077800
2016-11-02,META,129.3266204924691,129.3266204924691,125.404023755689,126.28784942626953,39640900
2016-11-03,META,121.15369046529133,122.42480993990515,118.67103287378947,119.16756439208984,63766300
2016-11-04,META,118.76041194699766,121.08418353009239,118.42277413125363,119.91236877441406,30545500
2016-11-07,META,121.9779412859941,122.3553025330452,120.50820457766591,121.30265808105469,23008900
2016-11-08,META,121.18348864611181,123.74559325750354,120.69688984946569,123.3582992553711,19460800
2016-11-09,META,120.65716939801426,122.95114278678994,119.67403902803474,122.32551574707031,31916000
2016-11-10,META,123.07031335643464,123.3185791376284,114.47038305917665,119.96202850341797,67846700
2016-11-11,META,118.7008307558903,119.86271276086805,117.33040640974755,118.19436645507812,32840100
2016-11-14,META,118.30360892754403,118.30360892754403,112.76232237444435,114.28170776367188,51377000
2016-11-15,META,115.92026770975077,117.66805344206391,115.02650933727772,116.38700103759766,34681400
2016-11-16,META,113.68587607109288,117.06228481868037,113.4177447699262,115.53296661376953,32397900
2016-11-17,META,115.99970281041848,116.97290802001953,115.20525684531788,116.97290802001953,18597800
2016-11-18,META,117.56875126023817,118.30361590444085,116.02950027464642,116.208251953125,22879300
2016-11-21,META,117.38005052241247,121.1040369930026,116.98283136005877,120.92528533935547,35415400
2016-11-22,META,121.55093707866094,122.12691555246128,120.06134228009026,120.62738800048828,26089200
2016-11-23,META,120.38905638332166,120.46849568207057,119.10800393216641,120.00175476074219,15672100
2016-11-25,META,120.17057175605319,120.2996672357175,119.23708998725935,119.54493713378906,8658600
2016-11-28,META,119.28674071508244,120.8458494583145,118.98881875845157,119.5747299194336,18101300
2016-11-29,META,119.7336331765945,121.25301870421039,119.5648142460752,120.03155517578125,18891000
2016-11-30,META,119.48535508615306,120.94515909445,117.13179274864673,117.5985336303711,30188900
2016-12-01,META,117.55881299819737,117.62832711565554,113.2091991276639,114.30156707763672,43277000
2016-12-02,META,114.31149047611311,115.6719896081414,113.50711181471175,114.59947967529297,25070400
2016-12-05,META,115.14566547374714,116.75443045204854,114.27177265764718,116.61540222167969,20201500
2016-12-06,META,116.87359225595897,116.98282979708772,115.5230259078852,116.49622344970703,19131200
2016-12-07,META,116.18838324231746,117.13179016113281,115.76136580426552,117.13179016113281,21913700
2016-12-08,META,117.16158743098899,118.67104000366488,116.82394203849441,118.08513641357422,22442800
2016-12-09,META,118.39298436222532,119.10799100868294,118.1248530815686,118.84979248046875,17464700
2016-12-12,META,118.39298715599696,118.4128450848804,116.83387835041876,116.95304107666016,17805500
2016-12-13,META,117.04241654770324,120.67702352212683,116.79415077487619,119.47541809082031,29768000
2016-12-14,META,119.16757916663097,120.84585833103162,118.02555501765663,119.3761215209961,25913100
2016-12-15,META,119.24702088411937,121.65023180843102,118.8001379356756,119.7336196899414,20139600
2016-12-16,META,120.06134419450304,120.65718060813789,118.44264630530424,119.03849029541016,25324300
2016-12-19,META,119.01861856177402,119.52508289627971,117.68791756015477,118.41284942626953,15918100
2016-12-20,META,118.67103736577607,118.93916106216075,117.97589624443066,118.26387786865234,13684400
2016-12-21,META,118.09507071953779,118.37312719575361,117.65812807540038,118.21424102783203,10767600
2016-12-22,META,118.03548837689374,118.16458386079118,116.11887616572791,116.58561706542969,16258600
2016-12-23,META,116.18838873389457,116.74450167430416,115.49324755838256,116.45651245117188,10890000
2016-12-27,META,116.14866403343629,117.85673384776882,116.04935923465497,117.1913833618164,12051500
2016-12-28,META,117.3701345509431,117.4297159146745,115.84081641124996,116.10894012451172,12087400
2016-12-29,META,116.1883773271047,116.71469953353078,115.25489563180122,115.54288482666016,9934900
2016-12-30,META,115.79117373239082,116.01958161412541,113.97386616186563,114.2519302368164,18684100
2017-01-03,META,115.22512551170679,117.02256753582978,114.70873596509513,116.04936981201172,20663900
2017-01-04,META,116.73457730665392,118.82994117710588,116.47637876404455,117.86666870117188,19630900
2017-01-05,META,118.03548959613047,120.11098799534177,117.49923457241076,119.83293151855469,19492200
2017-01-06,META,120.14077337142467,123.02065020915396,119.1973589103841,122.55391693115234,28545300
2017-01-09,META,122.6929584515296,124.55991449527791,122.18649411024988,124.0335922241211,22880400
2017-01-10,META,123.95413711427177,124.6294203322784,123.41788212557798,123.48739624023438,17324600
2017-01-11,META,123.4874117532089,125.24513792192946,123.19942250589109,125.21533966064453,18356500
2017-01-12,META,124.73865758205153,125.85089099036297,123.93427888917063,125.74165344238281,18653900
2017-01-13,META,126.60562769838124,128.3732865928486,126.48646496101499,127.4497299194336,24884300
2017-01-17,META,127.1517901496493,127.44971210436323,126.51623796076831,126.98297882080078,15294500
2017-01-18,META,127.51924495686795,127.53909531009727,125.96012851070743,127.03263854980469,13145900
2017-01-19,META,127.34048257294904,127.45966045409854,126.56589453371195,126.66520690917969,12195500
2017-01-20,META,127.21139691408264,127.58875061105137,125.90054626888444,126.15874481201172,19097200
2017-01-23,META,126.42685669333416,128.3534014686689,126.06935338293246,128.03561401367188,16593600
2017-01-24,META,128.48250502586112,128.9988869128691,127.4894419544674,128.47256469726562,15162700
2017-01-25,META,129.0982029839127,130.8261382327559,128.86980271376447,130.56793212890625,18731300
2017-01-26,META,130.7168856056053,132.21640525836904,130.52820121392577,131.85890197753906,20020100
2017-01-27,META,131.75960834545714,132.02773963242507,130.17071643488373,131.26307678222656,19539500
2017-01-30,META,130.66723977357248,130.66723977357248,128.7009791497644,130.07139587402344,18956100
2017-01-31,META,129.267047039275,129.75365350793402,128.6215619599633,129.416015625,19790500
2017-02-01,META,131.33258858498692,132.56399222413128,129.77347232043465,132.3057861328125,50139800
2017-02-02,META,132.29588362252701,134.55014137887255,129.49543806359438,129.93238830566406,54366400
2017-02-03,META,130.32960196853327,131.92843410761867,129.85292078771812,130.07139587402344,24804900
2017-02-06,META,130.0713957135473,131.14390563964844,129.396120104302,131.14390563964844,17058500
2017-02-07,META,131.32266461393144,132.07738708507352,130.74668622032044,130.92543029785156,14596400
2017-02-08,META,131.68019659365552,133.50742938666082,131.52130283262645,133.2690887451172,22390600
2017-02-09,META,133.55705077379832,133.5669759489223,132.385228532785,133.20947265625,16470600
2017-02-10,META,133.1697679722192,134.00393734077284,132.75266813500198,133.25914001464844,15061900
2017-02-13,META,133.7656021684869,133.7656021684869,132.7725390266972,133.1201171875,13526200
2017-02-14,META,133.16977457675,133.29886248234752,131.6305236624993,132.9215087890625,14364900
2017-02-15,META,132.52426843771815,132.77253421416682,131.7397552514341,132.51434326171875,13226500
2017-02-16,META,132.14692756197016,132.9413660012071,132.09727137128235,132.9115753173828,12831100
2017-02-17,META,132.57393856397573,133.1598422212977,132.24622588625107,132.60372924804688,12276500
2017-02-21,META,132.57392907196393,132.98108859570726,131.97808512731805,132.7924041748047,14759100
2017-02-22,META,132.6732275355793,135.8410858887221,132.53419931679852,135.1757354736328,27360100
2017-02-23,META,134.94732741489668,135.17572765691335,133.3981515943688,134.42100524902344,18422500
2017-02-24,META,133.22935342573706,134.6792171128092,133.22935342573706,134.50047302246094,12625700
2017-02-27,META,134.32169829647188,136.22837747178278,134.08337287014496,135.46372985839844,14306700
2017-02-28,META,135.84112160054184,135.86098710928715,133.81527914387766,134.59979248046875,16112100
2017-03-01,META,135.52332888079954,136.52631720419205,135.35450996416563,136.46673583984375,16257000
2017-03-02,META,136.13903776520118,136.86398485026626,135.3644496398227,135.8113250732422,12294800
2017-03-03,META,135.68221269018088,136.37735381160098,135.13602496872934,136.2184600830078,11160600
2017-03-06,META,135.93048840776783,136.873895366812,135.56304473938474,136.46673583984375,12748200
2017-03-07,META,136.07943342130324,137.41013431943628,136.0397175651689,136.34756469726562,13527100
2017-03-08,META,136.19861040475394,137.03279500032895,136.09931317755002,136.76466369628906,10184500
2017-03-09,META,136.76465456874377,137.60876428482155,136.44686709583988,137.2810516357422,15535300
2017-03-10,META,137.94641788267032,138.52239637845958,137.26120182469788,137.82723999023438,16314100
2017-03-13,META,137.74779671379844,138.711054032159,137.70806570200432,138.63162231445312,10955500
2017-03-14,META,138.49258963230034,138.49258963230034,137.55910787334605,138.3535614013672,12944000
2017-03-15,META,138.3237531837004,139.12814702696184,137.52931482230807,138.7507781982422,19344800
2017-03-16,META,139.22745568190302,139.27711187180395,138.76071477212938,139.0189208984375,13612900
2017-03-17,META,139.36646560991574,139.36646560991574,138.73090586034118,138.86993408203125,20592800
2017-03-20,META,138.7408685020914,139.21753460269827,138.28405275567576,138.96926879882812,12099500
2017-03-21,META,140.17088088199816,141.3228379643588,137.43995676514564,137.5491943359375,29894800
2017-03-22,META,136.97318521208032,138.82028317209492,136.64548772581506,138.62167358398438,17055400
2017-03-23,META,138.512462335583,139.41615355894228,138.12516826170662,138.56211853027344,13022800
2017-03-24,META,139.1082641581946,140.04174578454547,138.79047673095235,139.366455078125,16664700
2017-03-27,META,138.08543941866614,139.67433142881353,137.80738293806678,139.3466339111328,12800500
2017-03-28,META,139.38634423909812,140.9653110097479,139.03876607567358,140.77662658691406,14679400
2017-03-29,META,141.00505122073164,141.8690113680303,140.4489230923816,141.66046142578125,16527600
2017-03-30,META,141.41216355406647,141.9583512285333,140.86599103253832,141.42210388183594,12404000
2017-03-31,META,141.32281193101508,141.64059940675793,140.90572723380828,141.0646209716797,11478300
2017-04-03,META,140.94545160668204,141.48171421615984,139.84316601007697,141.29302978515625,13564000
2017-04-04,META,140.87592922129497,141.1043294870118,140.29002564044134,140.746826171875,12948600
2017-04-05,META,141.27315694470494,142.44497933029163,140.3098844859649,140.8660125732422,17158100
2017-04-06,META,141.12420136690614,141.23343891682566,139.9325286469282,140.1907196044922,15103400
2017-04-07,META,140.2205210055272,140.56809918719009,139.2671888178413,139.80343627929688,11818300
2017-04-10,META,140.02189913295152,140.4489089987398,139.6544706295578,140.06161499023438,9039400
2017-04-11,META,139.82328697024343,140.0516872395375,137.8470859538219,138.9493865966797,16638100
2017-04-12,META,138.75078360504907,139.4260592691346,138.47272713713843,138.61175537109375,11612500
2017-04-13,META,138.6514960241226,139.60484347954377,138.36351432833814,138.423095703125,10965600
2017-04-17,META,138.7905068192461,140.56809842575078,138.78058164234508,140.43899536132812,11519700
2017-04-18,META,140.29004015553377,140.92559998676398,139.63461481781277,139.98219299316406,14807500
2017-04-19,META,140.36948004857229,142.04774401652003,140.29003317950136,141.28309631347656,15563900
2017-04-20,META,141.95836529025655,143.24935033425555,141.7001743426328,142.80247497558594,15968200
2017-04-21,META,142.9017636525903,143.16989491294433,141.28308122112384,142.68328857421875,12382000
2017-04-24,META,143.95443499294305,144.6595013149068,143.33872556117097,144.4608917236328,14407200
2017-04-25,META,144.77865964022018,146.12922603396532,144.77865964022018,145.47381591796875,17767500
2017-04-26,META,146.06965722587375,146.5661888081111,145.07659406139908,145.5433349609375,12395000
2017-04-27,META,145.65256127085263,146.72507122404107,145.12623904654814,146.6754150390625,11275100
2017-04-28,META,148.46293581742017,150.47885273033117,148.03592595102236,149.20773315429688,30652200
2017-05-01,META,150.68738296414827,151.51162706095448,150.36959553518938,151.4023895263672,25218300
2017-05-02,META,152.27628194175128,152.37559430629108,150.60794331864588,151.7201690673828,21870400
2017-05-03,META,152.53447989682581,152.53447989682581,150.2901478625612,150.74696350097656,29782500
2017-05-04,META,149.12829801577783,150.468939388775,147.68835941515164,149.8035888671875,36225500
2017-05-05,META,150.3993975003212,150.5781567307615,148.75090918298633,149.1977996826172,17148500
2017-05-08,META,149.6645676947751,150.03199624494547,148.70129513892178,150.0121307373047,15827500
2017-05-09,META,150.43914546996686,151.53150586804554,149.16802582129333,149.43614196777344,17453900
2017-05-10,META,149.1878551659433,149.47585193108438,147.82736366002794,149.2474365234375,12080700
2017-05-11,META,149.26730729651976,149.6049451028661,148.37355659667585,148.99917602539062,11841900
2017-05-12,META,149.3566616783671,149.41625818385884,148.59201411667766,149.2871551513672,9598200
2017-05-15,META,149.1282820784283,150.42919229899206,148.73106290447944,149.1481475830078,15064700
2017-05-16,META,149.06872526453702,149.16803765084794,147.99621513473832,148.7410125732422,14550800
2017-05-17,META,146.9733735458854,147.6387241618277,143.41820498905733,143.84523010253906,28300100
2017-05-18,META,143.71607360870811,147.12227230765748,143.50752371861773,146.63568115234375,23031600
2017-05-19,META,147.4202071925742,148.35368888689817,146.93361599446803,147.0329132080078,16187900
2017-05-22,META,147.05277619939855,147.5592328927354,146.66548222144937,147.211669921875,12586700
2017-05-23,META,147.48973730728926,147.77771894183152,146.22854291504584,147.04286193847656,12817800
2017-05-24,META,147.4797907438921,149.18786043274298,147.3904187044957,148.99917602539062,17862400
2017-05-25,META,149.25739531409565,151.53150327307716,148.90981714846654,150.9058837890625,19891400
2017-05-26,META,151.17400425788526,151.19386976438898,150.1014942008095,151.07470703125,14996200
2017-05-30,META,150.91580800140486,151.8393494567812,150.58809534380453,151.32296752929688,13226000
2017-05-31,META,151.64075149463565,152.28625168293928,150.0419190955539,150.40936279296875,18023900
2017-06-01,META,150.69731113308566,151.233558488935,149.2573728052354,150.4788360595703,14530600
2017-06-02,META,150.79664787598009,152.5642990999012,150.25046010388283,152.54443359375,16854400
2017-06-05,META,152.57422571380778,153.63681058525617,152.34582542621234,152.56430053710938,12520400
2017-06-06,META,152.34581340201132,153.4481140461935,151.42225684194173,151.74996948242188,13457100
2017-06-07,META,152.20679938081847,152.68346546921575,151.28324273454814,152.05783081054688,12066700
2017-06-08,META,153.01114526092505,153.6566301345736,152.03794778662865,153.63677978515625,17799400
2017-06-09,META,153.69639061493035,154.51069453242306,145.59299153468632,148.562255859375,35577700
2017-06-12,META,147.14216229092816,148.1650161035465,143.55720378216824,147.41029357910156,33170200
2017-06-13,META,149.10844330633446,150.13129725792544,147.86711422402084,149.634765625,20483400
2017-06-14,META,150.21072144623218,151.34281279216714,148.0160604458823,149.20773315429688,20808800
2017-06-15,META,146.64563488007298,148.99918971810456,145.3546497427064,148.7608642578125,18994200
2017-06-16,META,148.55232755660828,149.78373143856587,147.56920463946793,149.5950469970703,22882400
2017-06-19,META,150.65761334506806,152.50471136348983,150.65761334506806,151.80955505371094,19026500
2017-06-20,META,151.81948221963026,152.77281425122555,151.1541318019916,151.19384765625,14743900
2017-06-21,META,151.30311045254234,153.01118037661712,150.82644435717836,152.8423614501953,15039800
2017-06-22,META,151.9485672343742,153.47789277081242,151.8492700241382,152.3358612060547,13005500
2017-06-23,META,151.66060403031415,154.1233963759456,151.59108233706706,153.9943084716797,18027000
2017-06-26,META,155.16611828477656,155.4143840740322,152.13727262526947,152.52456665039062,18049700
2017-06-27,META,151.7797633592169,152.2465042370376,149.34676175005097,149.5354461669922,19360800
2017-06-28,META,149.87307315314158,152.40538695219828,148.82042874836606,152.17698669433594,16719100
2017-06-29,META,151.22366765586327,151.44214277899295,147.88697459245103,149.9922637939453,23973500
2017-06-30,META,150.8462945515296,150.8661600584235,149.0190618937829,149.93267822265625,17666000
2017-07-03,META,150.66754644581417,151.09455633856646,146.77474060983266,147.40036010742188,13862700
2017-07-05,META,147.9664180778391,149.80359107488172,147.10245793531936,149.297119140625,14334300
2017-07-06,META,147.99622401863544,148.9992125076352,146.97337002059248,147.78768920898438,14951800
2017-07-07,META,148.2146549059263,150.93565302056385,148.15507354952985,150.38946533203125,13615900
2017-07-10,META,150.63775401754785,152.91186199952614,150.4589947682065,152.43519592285156,13378700
2017-07-11,META,152.3061179702044,154.34190082591707,151.84931732436178,154.1929473876953,13667700
2017-07-12,META,155.40445880147755,158.05593561073619,155.1164620004719,157.7977294921875,22739400
2017-07-13,META,157.63883053784087,158.6716094197859,157.3210430954336,158.15521240234375,13929200
2017-07-14,META,159.01921479335655,159.20789922550503,158.224761204125,158.86032104492188,16371200
2017-07-17,META,159.13834524336636,159.66466741945567,157.70833210344875,158.6219482421875,12858800
2017-07-18,META,158.55245627576127,162.59421516462118,158.3141156795693,161.73025512695312,23722900
2017-07-19,META,162.45520077426843,164.55056467464098,162.0381160601157,163.0013885498047,26273600
2017-07-20,META,163.6568184406949,163.85542805016732,161.68061721703077,163.38868713378906,18523100
2017-07-21,META,163.0212515334372,163.905077137286,162.6140920022524,163.28936767578125,14744000
2017-07-24,META,163.4979137564106,165.01729913901661,163.17020110387625,164.84848022460938,17367000
2017-07-25,META,163.86532211314628,164.39164429713654,162.723305710814,164.13345336914062,15383200
2017-07-26,META,164.85841611761248,164.85841611761248,162.96167692483195,164.46119689941406,35236900
2017-07-27,META,173.48814975175003,174.2726782184974,166.33809725839563,169.25770568847656,68910700
2017-07-28,META,167.89721019619836,172.2269513999108,167.87734468846372,171.25375366210938,24557600
2017-07-31,META,170.80685122784342,171.5218578638231,167.38078660298925,168.075927734375,25478900
2017-08-01,META,168.64197054757364,169.287455454059,167.87730777382905,168.6816864013672,14385000
2017-08-02,META,169.11865824730495,169.36692403593784,165.75217475956077,168.12559509277344,17433800
2017-08-03,META,168.12558316597753,168.522802338435,167.0828638971015,167.42050170898438,10793800
2017-08-04,META,167.79788961688672,168.88032486495945,167.51983313394953,168.44337463378906,10777700
2017-08-07,META,168.77108550721096,170.86644943674585,168.48310385043376,170.78700256347656,12787800
2017-08-08,META,170.68770597592456,171.8495880900743,169.4364366584235,170.04220581054688,14393500
2017-08-09,META,168.8008960364657,170.26070030441687,168.38381126747157,169.99256896972656,10815000
2017-08-10,META,168.88033671625692,169.40665903539033,165.69261211568985,166.23878479003906,20832700
2017-08-11,META,166.7849594365857,167.64893471436662,165.6925990212719,166.9140625,13791200
2017-08-14,META,168.9100959694523,169.8932338756254,168.11564247331705,169.56552124023438,12954200
2017-08-15,META,170.3004033908926,170.31032856723718,168.83065903308116,169.8137969970703,8729200
2017-08-16,META,170.06205334382898,170.19115639384836,168.06600199759637,168.8207244873047,15779900
2017-08-17,META,168.16531830444666,168.6817154102053,165.69260063942954,165.75218200683594,17216000
2017-08-18,META,165.6826497427864,167.49995709748833,165.0570302719775,166.2487030029297,15093600
2017-08-21,META,166.00042513506446,166.83459447071246,164.66972426825362,166.61611938476562,11907500
2017-08-22,META,167.11265987507312,168.691626592116,165.99049370554346,168.46322631835938,11391000
2017-08-23,META,167.66877601385337,168.18517308668328,167.0332162138092,167.53968811035156,9856500
2017-08-24,META,167.70850738541677,168.11565175525436,165.25564022537776,166.576416015625,14030400
2017-08-25,META,166.695570251037,167.21196729866998,165.0272163867383,165.166259765625,12614500
2017-08-28,META,165.75219757386526,166.53671090663227,165.17621904660575,166.0799102783203,8553700
2017-08-29,META,164.1036822894085,167.26161577049203,163.85541650682242,166.88426208496094,11121000
2017-08-30,META,167.00344183498467,168.99949347538364,166.46719435723085,168.74130249023438,11138300
2017-08-31,META,169.21796781086434,170.9558284580244,168.88032995040797,170.77708435058594,17226500
2017-09-01,META,171.20409016339514,171.72048727186143,170.12165490865814,170.8267364501953,11677600
2017-09-05,META,170.0819238274325,171.19414966649737,168.37385405861684,169.53573608398438,13210900
2017-09-06,META,169.72441779282607,171.28351897786388,168.39371687760854,170.89622497558594,13906300
2017-09-07,META,170.74728937734764,172.10778111515418,169.088875648351,172.00848388671875,18049500
2017-09-08,META,171.88929946283218,172.28653382029586,169.6151914840004,169.76414489746094,10998500
2017-09-11,META,171.20406536483895,172.68373477827754,171.00545578356378,172.30636596679688,12372000
2017-09-12,META,172.5546465230831,172.79298713280784,170.5585950578146,171.7602081298828,11186300
2017-09-13,META,171.80986310156342,171.96875685426897,170.8664560684053,171.84959411621094,9119300
2017-09-14,META,171.06504830816147,171.08491381346752,169.31726266474533,169.77407836914062,15615700
2017-09-15,META,169.69464874192767,171.1445125648226,169.07893923840882,170.44937133789062,15660500
2017-09-18,META,170.79696474745253,170.87641163088742,168.165337874857,168.8306884765625,12954000
2017-09-19,META,169.4364132945834,171.3629580423361,169.1782223557997,171.3232421875,13168600
2017-09-20,META,171.3033901419022,171.84957789468197,169.51587347505074,170.97567749023438,12264100
2017-09-21,META,170.49898248709795,171.07496082380527,168.83062883026668,169.92300415039062,11161400
2017-09-22,META,169.02928187210077,170.53872691822158,168.04614391922902,169.3569793701172,12097100
2017-09-25,META,168.06599524243387,168.12557660068182,160.43926317496485,161.74017333984375,41251600
2017-09-26,META,163.3588892408583,164.3519523973377,161.65081939947848,163.07090759277344,23363300
2017-09-27,META,164.74916406013335,167.1722404755381,164.42146656807827,166.51681518554688,19242500
2017-09-28,META,166.77501139227604,167.89717749007715,166.0004234238819,167.5595245361328,12178700
2017-09-29,META,167.65885026241537,170.46922074212407,167.63898475696752,169.6846923828125,15340400
2017-10-02,META,170.2010978223,170.67776390589935,167.57941163309107,168.29441833496094,13392300
2017-10-03,META,168.12559579672308,169.54566884023728,168.02628341967764,168.78102111816406,8190300
2017-10-04,META,168.65190101575786,169.48607034805556,167.12257542027234,167.25167846679688,12127900
2017-10-05,META,168.00640138927514,170.12163055817993,167.43043814847286,170.0521240234375,14580600
2017-10-06,META,169.0690022560824,171.17429129720227,168.5724706782378,171.03526306152344,13124500
2017-10-09,META,171.50198482253145,173.66687013992797,170.80684372169384,171.30337524414062,14570400
2017-10-10,META,171.79991128755583,171.99852087117313,169.61517556188588,170.39968872070312,11341100
2017-10-11,META,170.75718923041313,171.58143338419265,170.21100151972314,171.54171752929688,11283700
2017-10-12,META,171.41263922874293,172.64404304943582,171.09485173194145,171.35305786132812,10351000
2017-10-13,META,172.24677801844288,173.43845061344652,171.99851226311134,172.53477478027344,13658300
2017-10-16,META,173.27958126825206,173.7860379810241,172.85255626682704,173.3093719482422,11498800
2017-10-17,META,173.4980690956778,174.90821694619504,173.15049093301928,174.8883514404297,15990100
2017-10-18,META,175.4245778956243,175.51396508440905,174.53082723129128,174.8088836669922,12752400
2017-10-19,META,173.71651907055272,174.80889453079334,171.43248608576994,173.34909057617188,14048400
2017-10-20,META,174.28258666740382,174.65995552166484,173.41862655679728,173.7661895751953,12602200
2017-10-23,META,173.98463960932958,174.12366782723936,170.06204367628916,170.0819091796875,13852700
2017-10-24,META,171.10480801252103,172.03828993021898,170.31035434939872,170.6082763671875,12267900
2017-10-25,META,170.70753480348756,171.0551129373955,167.71842043305062,169.41656494140625,15868200
2017-10-26,META,170.19116269794813,171.09483862273663,169.20802475210576,169.4463653564453,11833100
2017-10-27,META,172.9419360451542,176.97378503519025,172.69367026550114,176.6460723876953,30285300
2017-10-30,META,178.0164843260402,179.4365724264046,176.37793628625226,178.62225341796875,24353200
2017-10-31,META,179.31743079642138,179.54583109150695,177.6987329179484,178.8109588623047,20174200
2017-11-01,META,181.09499185065036,181.631239270174,179.3174155264565,181.39291381835938,40918300
2017-11-02,META,179.37697743249862,180.6778875590136,176.10979162414938,177.6788330078125,35529900
2017-11-03,META,178.0462614747991,178.61231466734085,175.48417222805583,177.6788330078125,17822100
2017-11-06,META,177.32134903828393,179.1982377369636,177.07308325722607,178.92018127441406,13312700
2017-11-07,META,179.2478995779516,179.49616536684076,177.7185889856887,178.9996337890625,12928200
2017-11-08,META,178.54283817488422,179.09896633308887,177.86756242647868,178.31443786621094,10494100
2017-11-09,META,177.07309064860945,178.15552586249888,175.8615523742399,178.0562286376953,12610300
2017-11-10,META,177.11280835230295,177.85760567060038,176.7255143529059,177.2220458984375,11070200
2017-11-13,META,176.26869760686168,177.798008090636,176.07008802042787,177.52989196777344,9523400
2017-11-14,META,176.89435920176228,177.7285286838815,175.95093700454626,176.83477783203125,9585900
2017-11-15,META,175.4345465843028,177.33130091177023,175.17634045731123,176.71559143066406,10253700
2017-11-16,META,177.51994834120168,178.5825330959397,177.26175739892824,178.3441925048828,15607600
2017-11-17,META,178.0562074673323,178.73148306629716,177.65897315652396,177.75828552246094,13018000
2017-11-20,META,177.62920998249183,178.25484464830473,176.86456222754487,177.5001220703125,10052400
2017-11-21,META,177.9072571635059,180.62825564806863,177.74837857582853,180.5984649658203,14504000
2017-11-22,META,180.04235095899685,180.46936083731828,179.18831604941295,179.61532592773438,10376300
2017-11-24,META,179.14857470780746,181.87949819513952,179.03933716219657,181.51206970214844,9426300
2017-11-27,META,181.29360457054588,182.4554866269967,180.7275664597862,181.76034545898438,12344500
2017-11-28,META,182.23700669132907,182.97187885113578,180.82685888705717,181.15457153320312,14379700
2017-11-29,META,180.62824698739723,180.7076938538972,172.79297972000433,173.91514587402344,41933500
2017-11-30,META,175.6232302181195,177.04330329836557,173.98466687213366,175.950927734375,25307600
2017-12-01,META,174.8088868185829,176.24882520505278,171.144481753462,173.88534545898438,20182500
2017-12-04,META,175.0670734641742,175.3451450510114,169.60522684370187,170.280517578125,24459400
2017-12-05,META,169.26760840434804,174.16341754157304,167.83759506485077,171.631103515625,20184900
2017-12-06,META,171.30339687897697,175.5437808590367,170.70755291561267,174.8386993408203,20255800
2017-12-07,META,174.58047588025173,179.1386313469592,174.58047588025173,178.89036560058594,20404500
2017-12-08,META,180.27073382068292,181.01553110639153,177.5000945851402,177.75828552246094,19883800
2017-12-11,META,178.05624080657557,178.9698571630909,177.55970918979924,177.79803466796875,13168600
2017-12-12,META,177.3610598660816,177.93702307800618,175.37493384363026,175.73243713378906,16854100
2017-12-13,META,176.07007784144264,177.91717567907847,176.0204216594699,177.06314086914062,14615700
2017-12-14,META,177.05324498417238,179.10889324091858,176.4474757791013,177.15255737304688,13591000
2017-12-15,META,177.77818814536826,179.23799234239164,177.12276276038986,178.9301300048828,28463100
2017-12-18,META,179.75435836012767,180.04235516413516,178.50310422506925,179.56568908691406,17265400
2017-12-19,META,178.70170544637455,178.83080850093938,176.98371049128104,178.26475524902344,14920600
2017-12-20,META,178.5626853182931,178.5626853182931,176.1296835940303,176.656005859375,11860500
2017-12-21,META,176.70566158052242,177.44051862297647,175.821835971911,176.21905517578125,11600700
2017-12-22,META,175.91119805703332,176.2984920624017,175.00750699352696,175.9707794189453,8509500
2017-12-26,META,175.404740075275,175.77216857306874,173.4583297333868,174.76918029785156,8897300
2017-12-27,META,175.32529352058748,177.20218217545033,175.037296735637,176.3878631591797,9496100
2017-12-28,META,176.71556643605342,177.69870430904916,176.4474351701565,176.68577575683594,12220800
2017-12-29,META,176.7652419913627,177.6093517362058,175.23593139648438,175.23593139648438,10261500
2018-01-02,META,176.4474526579683,180.32040802242759,176.3183647528784,180.16151428222656,18151900
2018-01-03,META,180.61833742444432,183.49821460754387,180.07214964063118,183.38897705078125,16886600
2018-01-04,META,183.6173686771465,184.91829412009614,182.82293028684023,183.05133056640625,13880900
2018-01-05,META,184.3025942053248,185.60350456264763,183.64716886176097,185.55386352539062,13574500
2018-01-08,META,185.90141274321354,187.58961701399005,185.0374526791032,186.9739227294922,17994700
2018-01-09,META,187.39100138225353,187.49031375207446,185.80210953569997,186.56675720214844,12393100
2018-01-10,META,185.64322130280325,186.58662823227942,184.3423110455009,186.53697204589844,10529900
2018-01-11,META,187.09307241996643,187.09307241996643,186.08015901983472,186.4674530029297,9588600
2018-01-12,META,176.82480697209243,180.22108083685907,176.16938171232874,178.12571716308594,77551300
2018-01-16,META,180.24098477054977,180.48925058979296,176.8049791649292,177.15255737304688,36183800
2018-01-17,META,178.016484693658,178.07608120774046,174.58049487564193,176.36801147460938,27992400
2018-01-18,META,176.8943360637807,179.72455682640532,175.85161677104932,178.55274963378906,23304900
2018-01-19,META,179.59547461560447,181.1049196756431,178.92018380205798,180.03240966796875,26826500
2018-01-22,META,179.54583073081054,184.10398721105145,179.15853668646866,184.08412170410156,21059500
2018-01-23,META,184.759402843244,188.2351238824501,184.26287126621455,188.03651428222656,25678800
2018-01-24,META,188.57276298915235,189.33742586575525,185.22614498635804,185.2559356689453,24334500
2018-01-25,META,186.64621476657425,187.31156525428196,185.30558861478383,186.17947387695312,17377700
2018-01-26,META,186.44759957162958,188.68199157714844,185.51411782040898,188.68199157714844,17759200
2018-01-29,META,187.44066953907347,187.53004158585642,184.34231736040186,184.68988037109375,20453200
2018-01-30,META,186.3184919939445,186.87460489956686,180.5785885491502,185.82196044921875,20858600
2018-01-31,META,187.0632960772574,188.5131749075935,183.93515329351402,185.59356689453125,43275100
2018-02-01,META,186.91433689422146,193.96509092767525,186.58662425462194,191.75054931640625,54211300
2018-02-02,META,190.70783815624117,192.862798498052,188.66213051855547,188.96005249023438,26677500
2018-02-05,META,185.6332908601518,189.2877712006641,179.35713951321085,180.00262451171875,33128200
2018-02-06,META,177.33128526926728,184.48133656790674,176.5070410768507,184.02452087402344,37758500
2018-02-07,META,182.87259233930067,183.79614904594163,178.70172969906648,178.9301300048828,27601900
2018-02-08,META,179.75434837685123,180.57859257783755,170.2904581354756,170.3897705078125,38478300
2018-02-09,META,173.54771013067952,175.67286465933802,166.02028965737182,174.8883514404297,39887600
2018-02-12,META,175.83174898796872,176.31835535905623,170.6479584253837,175.18626403808594,32092100
2018-02-13,META,174.40175031635505,174.74932848952264,171.899242020138,171.94888305664062,21809400
2018-02-14,META,172.24680328249755,178.56268563062287,172.00847782030428,178.2747039794922,28929700
2018-02-15,META,179.24791741193448,179.24791741193448,175.61330226427154,178.711669921875,20922100
2018-02-16,META,177.7483668653608,178.63219240402876,175.07702474485308,176.12966918945312,20645300
2018-02-20,META,174.55072177264233,176.7155922611635,173.89529642819502,174.78904724121094,21204900
2018-02-21,META,175.4842151812032,180.01258121818572,175.17635284241317,176.67588806152344,23200800
2018-02-22,META,177.46037052883577,178.95990548734832,176.17932581453093,177.7483673095703,18464200
2018-02-23,META,178.65207090825703,182.11786707272893,178.2647768505722,182.0185546875,19007300
2018-02-26,META,183.2995775310924,184.37208743141372,181.94901119212554,183.6471405029297,17599700
2018-02-27,META,183.17048181729038,183.41874758694053,180.20123291015625,180.20123291015625,15849800
2018-02-28,META,181.03542565076677,181.61140412912914,176.90427907330402,177.08303833007812,18783000
2018-03-01,META,177.76823962984855,178.87054039821555,173.2001579591392,174.71954345703125,23201600
2018-03-02,META,172.08787391086514,175.8813816967607,171.78996714480067,175.394775390625,20025900
2018-03-05,META,174.97772779793522,179.89338746655915,174.66988063922287,179.14859008789062,16189300
2018-03-06,META,180.51900888803414,181.1148528084916,177.86753223258503,178.5328826904297,15086800
2018-03-07,META,177.50009850119213,182.54486071271018,176.83474806296604,182.4356231689453,19097300
2018-03-08,META,182.28667255360858,183.12084197738199,180.1913086646202,181.07513427734375,17225900
2018-03-09,META,182.63421783541125,184.22310952510597,181.93907677411113,183.94505310058594,18526300
2018-03-12,META,183.94508868540132,184.80906395645638,182.94210032813234,183.4783477783203,15301200
2018-03-13,META,184.32246881501712,184.69983769563473,179.85368422938032,180.61834716796875,18067500
2018-03-14,META,181.33334093538332,182.97188910499779,180.58854355775105,182.9123077392578,16821700
2018-03-15,META,181.9689004111685,182.7236229640044,180.92618105388345,182.5845947265625,15614300
2018-03-16,META,183.2102015546975,184.04437085269697,182.13769167743857,183.8060302734375,24403400
2018-03-19,META,175.78208844326517,175.94098217106014,168.88030314215806,171.3629608154297,88140100
2018-03-20,META,166.30829060073853,169.0193488170456,160.82657764934302,166.9835662841797,129851800
2018-03-21,META,163.65683930411484,172.19717482370973,162.16724431376113,168.21499633789062,106598800
2018-03-22,META,164.97760446068423,169.0888857566469,162.58431836407127,163.74620056152344,73743000
2018-03-23,META,164.29236726490421,165.44432413670978,157.91690376486022,158.28433227539062,53609700
2018-03-26,META,159.70442949476993,159.98248597574425,147.98628082177376,158.94969177246094,126116600
2018-03-27,META,155.22568684034707,161.72032783697745,149.70425856740601,151.1640625,79117000
2018-03-28,META,150.59804314106407,154.798711803412,149.75394842919079,151.96847534179688,60029200
2018-03-29,META,154.07373680754304,160.300246804713,153.07074851269897,158.68154907226562,59434300
2018-04-02,META,156.71528361031537,158.09564069755277,153.04095321254837,154.31207275390625,36796000
2018-04-03,META,155.4640345480855,156.29820393261704,149.7638467812387,155.02708435058594,42543900
2018-04-04,META,150.97538262253934,154.48089417052745,149.46592246029974,154.0240936279297,49885600
2018-04-05,META,160.43926613041484,160.44920645893228,155.56332285144333,158.2346649169922,41449600
2018-04-06,META,156.63584985674814,160.30025538543117,155.7222335569777,156.10952758789062,41644800
2018-04-09,META,156.72523499681546,159.4164276715436,154.95756863342757,156.83445739746094,34915200
2018-04-10,META,156.83443253790327,164.82859272977186,155.92081639496672,163.89511108398438,57889300
2018-04-11,META,164.2129125356057,167.48008342181961,162.11754881766407,165.166259765625,56144600
2018-04-12,META,165.82167270624564,166.2884135769194,161.96859817036977,162.73324584960938,38263000
2018-04-13,META,163.4383197622783,164.5505455373332,162.6339411104661,163.3787384033203,19990600
2018-04-16,META,164.5704406640595,164.63002203374216,162.25660150608084,163.68661499023438,18119400
2018-04-17,META,164.67965045004675,167.82765855850135,164.51083154677264,167.49002075195312,22743000
2018-04-18,META,165.72239075633624,166.9537794197021,164.62009000426215,165.20599365234375,20969600
2018-04-19,META,165.04708519135187,167.16231445613354,164.05402208532334,166.9339141845703,22235000
2018-04-20,META,166.62606105519114,167.26162087187814,164.65980023996286,165.1265411376953,19119400
2018-04-23,META,166.10966325893304,167.2814704031641,163.94477789596365,164.6895751953125,23088100
2018-04-24,META,164.28243303299078,164.94779869185714,157.09266537598995,158.58226013183594,35079900
2018-04-25,META,159.02913552800146,159.94275182656736,155.10653903486195,158.58226013183594,41083600
2018-04-26,META,172.01839203733653,175.04723753424813,169.61518114470482,172.95187377929688,77556900
2018-04-27,META,175.58346730767863,175.87146406447607,171.40268054660564,172.38580322265625,29804700
2018-04-30,META,172.58446137583272,174.50108139255886,170.51890308069886,170.806884765625,20750500
2018-05-01,META,170.80687819798493,172.81287019638987,169.04915201091433,172.6539764404297,26025900
2018-05-02,META,173.0412808421305,176.8447151174442,172.99162464630734,174.84866333007812,30424500
2018-05-03,META,173.91516699395788,174.89828988628537,170.92603699654595,172.8128662109375,24026100
2018-05-04,META,171.8793908585493,175.75233151135856,171.8595253505254,175.38490295410156,17677800
2018-05-07,META,176.11976404085377,178.25484385312672,175.9410047858724,176.73545837402344,18697200
2018-05-08,META,177.0134826054323,177.79799572079432,175.8813913732879,177.6788330078125,15577200
2018-05-09,META,178.42364962332948,181.7404768199026,177.5398240493219,181.39291381835938,23282800
2018-05-10,META,181.87951624570422,184.8388554467013,181.2340312367227,184.24301147460938,21071400
2018-05-11,META,183.5677317892861,187.01366217802422,182.90236613531536,185.69288635253906,21207800
2018-05-14,META,186.4078758980647,186.55682929767724,184.90834096157855,185.3452911376953,15646700
2018-05-15,META,183.59752530906263,184.0046696960543,181.92917128948,183.04141235351562,15429400
2018-05-16,META,182.4257002834092,183.04140974938363,181.39292125964974,181.92916870117188,16975500
2018-05-17,META,181.41275010095788,182.7831819543688,180.95594958511393,182.48526000976562,14840700
2018-05-18,META,182.21715936753333,182.91230052866533,181.34325896328693,181.4127655029297,13130500
2018-05-21,META,182.49522887801348,184.0146143648685,181.85966903483845,183.21023559570312,13532900
2018-05-22,META,183.64717555817558,184.1337819951603,182.15758071554657,182.5250244140625,12731400
2018-05-23,META,181.23402848046132,185.613440695791,180.91624099272752,185.60350036621094,16628100
2018-05-24,META,184.59057198055757,185.50418820481875,183.74646229305336,184.6402130126953,12354700
2018-05-25,META,184.72959773537704,185.037444864625,183.17048143184374,183.63722229003906,10965100
2018-05-29,META,183.06124071118006,185.51410767983967,182.43562128783196,184.4515380859375,16398900
2018-05-30,META,185.24599782684075,186.69587672830158,183.96495299956314,186.3681640625,13736900
2018-05-31,META,186.56676551829625,191.38312776343545,186.17947150343542,190.44964599609375,30782600
2018-06-01,META,191.73070138665275,193.20043054253244,190.73763827942096,192.64431762695312,17307200
2018-06-04,META,190.50922617812193,192.6343806585542,190.14179767097724,191.93923950195312,18939800
2018-06-05,META,192.95217477840367,193.64731595895012,191.28382079215095,191.6016082763672,15544300
2018-06-06,META,189.70484816722947,191.1944428595249,187.7981687794442,190.0126953125,22558900
2018-06-07,META,189.426798129732,189.6452732375822,185.47441098824973,186.87461853027344,21503200
2018-06-08,META,186.22913731497124,188.16560748935305,185.136761753555,187.7882537841797,12677100
2018-06-11,META,187.5002456308384,191.26396334867428,187.49032045467757,190.2113037109375,12928900
2018-06-12,META,190.83695310064772,191.93925385746576,190.23118394324425,191.0653533935547,11562700
2018-06-13,META,191.40299952743857,193.1507852395862,190.5787552836416,191.07528686523438,15853800
2018-06-14,META,191.7604922785688,195.91148879795227,191.57180786351674,195.4447479248047,19120900
2018-06-15,META,194.43184329701452,195.70297817318456,193.28982664273636,194.49143981933594,21860900
2018-06-18,META,193.44869539597664,198.19553581365187,192.78334493566004,196.93434143066406,16826000
2018-06-19,META,194.87871199437944,196.58678177187983,192.4456952296434,196.1200408935547,19994000
2018-06-20,META,197.71889286906236,202.1380211609003,197.43089605004315,200.59877014160156,28230900
2018-06-21,META,201.35347270374544,201.97910731812365,198.7019959923883,200.1022186279297,19045700
2018-06-22,META,199.76458248044904,200.8370924771239,197.92740963233234,200.34056091308594,17420200
2018-06-25,META,198.61261980694115,198.61261980694115,191.77041566070966,194.98794555664062,25275100
2018-06-26,META,196.22928551508667,197.71888024778335,194.868778688557,197.61956787109375,17897600
2018-06-27,META,197.79830298084718,199.35741933699376,194.44175997297106,194.48147583007812,18734400
2018-06-28,META,193.8260702706,195.97109044329886,191.91939072362615,194.86878967285156,18172400
2018-06-29,META,195.95121996703992,196.2292764253612,192.61452731424384,192.97203063964844,15811600
2018-07-02,META,192.0286090096052,196.08030832262045,190.88659249262903,195.99093627929688,13961600
2018-07-03,META,193.2004178989651,194.04451239310796,191.18450113544696,191.39303588867188,13489500
2018-07-05,META,193.38913868124402,197.27200439061318,192.68405712132028,197.07339477539062,19684200
2018-07-06,META,197.07336537400994,202.22736518835117,196.32856806333498,201.82020568847656,19740100
2018-07-09,META,203.50843246141565,204.3724077415996,200.71792731913249,203.31976318359375,18149400
2018-07-10,META,203.08141430852248,203.48857383699604,200.85694739600112,202.12806701660156,13190100
2018-07-11,META,200.81720695826104,203.08138945238997,200.3504661223456,201.13497924804688,12927400
2018-07-12,META,202.01883839535054,205.64352814724924,201.7805129265396,205.48463439941406,15454700
2018-07-13,META,206.36844242220712,206.98413670133957,205.0178759867671,205.88185119628906,11486800
2018-07-16,META,206.0606117726755,207.27215007581523,205.40518643105398,205.79248046875,11078200
2018-07-17,META,203.4786374042448,209.00008135608186,203.41905603853525,208.53334045410156,15349900
2018-07-18,META,208.36451529662958,209.52639735201208,206.99408331456465,207.90769958496094,15334900
2018-07-19,META,207.32177512178768,208.53331324292898,206.31877175341856,206.646484375,11350400
2018-07-20,META,207.40123793545908,210.03284913292228,207.05365978351912,208.48367309570312,16163900
2018-07-23,META,209.11923254417522,210.15201151632886,207.35158141197147,209.4469451904297,16732000
2018-07-24,META,213.6178279228546,214.70026318613102,211.12524471832091,213.18087768554688,28468700
2018-07-25,META,214.22359020850868,217.1034673667331,212.78365162939647,215.99124145507812,58954200
2018-07-26,META,173.67680091404776,178.88045689209585,172.54470961249203,175.03729248046875,169803700
2018-07-27,META,178.62225354520353,178.68183490626512,171.79991495072542,173.6768035888672,60073700
2018-07-30,META,174.0839758427191,174.0839758427191,165.40459832617688,169.87338256835938,65280800
2018-07-31,META,169.48605855386174,173.0313006988303,168.82070816942897,171.3828125,40356500
2018-08-01,META,172.72347239910673,173.86550415299672,169.7144921624389,170.45928955078125,34042100
2018-08-02,META,169.49601358173788,175.56363012074144,169.08886920067656,175.14654541015625,32400000
2018-08-03,META,176.45738088930472,177.60933769737173,174.92805526236816,176.5467529296875,24763400
2018-08-06,META,177.72853028109512,184.50121373670285,177.14262660288472,184.40191650390625,49716200
2018-08-07,META,185.20628503395105,186.9938018074944,182.4455705765114,182.53494262695312,33398600
2018-08-08,META,183.46840640325328,185.55384495940547,182.48526848627748,183.89541625976562,22205200
2018-08-09,META,184.56077957153767,185.27578620173068,181.21414668626363,181.81991577148438,19732100
2018-08-10,META,180.77721854730927,180.83681506787494,178.17539780812575,179.0095672607422,21500400
2018-08-13,META,178.8506663162982,181.34324918572818,177.6589785009637,178.80101013183594,17423300
2018-08-14,META,179.45646423802907,180.72758396924198,177.38095055631865,179.8536834716797,19102000
2018-08-15,META,178.09593777355548,179.6153231474566,173.56757233346266,178.2846221923828,33020200
2018-08-16,META,179.16845107229676,179.2478979423693,172.80291266655718,173.48812866210938,31351800
2018-08-17,META,173.28950145287726,174.99757110350183,170.8465596934688,172.5943603515625,24893200
2018-08-20,META,172.83268566598335,173.3590230204813,169.72440863946534,171.30337524414062,21518000
2018-08-21,META,171.61124607457785,172.96181260835425,170.201098174346,171.4225616455078,19578500
2018-08-22,META,171.0154127998616,173.03132979475197,170.9359659290111,172.43548583984375,16894100
2018-08-23,META,171.8892764414224,174.33221816557742,171.63108550835693,171.70059204101562,18053600
2018-08-24,META,172.4950695816798,173.60731063597208,171.72048152139024,173.4384765625,14631600
2018-08-27,META,174.76918464298603,177.4305865418209,174.57055989583895,176.22898864746094,17921900
2018-08-28,META,176.864540058211,177.0035682828603,174.6102826308102,175.03729248046875,15910700
2018-08-29,META,175.07704393923842,175.56363520587774,173.53779295965174,174.6798095703125,18494100
2018-08-30,META,174.67980994689418,178.54282516949394,174.48120033847394,176.40774536132812,24216500
2018-08-31,META,175.92114959089196,176.38789053305382,173.76620414554205,174.51100158691406,18065200
2018-09-04,META,172.29646629239426,172.68376033673212,167.62907225339043,169.9727020263672,29809000
2018-09-05,META,168.3142828503275,169.9429058498989,165.51383742566972,166.02029418945312,31226700
2018-09-06,META,165.82166981524483,165.82166981524483,158.8900937195526,161.4025421142578,41514800
2018-09-07,META,159.19793863845442,163.48797838265241,159.04898523883918,161.90899658203125,24300600
2018-09-10,META,162.37574146260647,163.8653361074386,161.03511537402179,163.0410919189453,20197700
2018-09-11,META,162.80278351114953,166.03023891270928,162.58430839480857,164.78890991210938,20457100
2018-09-12,META,162.11756494310168,163.3489687474988,160.6776263555124,160.87623596191406,24078100
2018-09-13,META,160.87622139579904,162.18707195465765,159.74413007357586,160.24066162109375,25453800
2018-09-14,META,160.5981715601755,161.710397423513,159.22773958360546,161.1940155029297,21770400
2018-09-17,META,160.79676528727887,160.93579350647497,158.66168581685196,159.466064453125,21005300
2018-09-18,META,158.28434290853062,160.6378978445802,157.76794580148945,159.1880340576172,22465200
2018-09-19,META,158.96955476745606,162.30624763937197,158.37371080167262,161.9288787841797,19629000
2018-09-20,META,163.35888694847847,165.29535704585095,163.32909626643743,164.86834716796875,18936000
2018-09-21,META,165.4840295724401,166.089798651967,161.68059619153405,161.7997589111328,45994800
2018-09-24,META,159.91295195607822,164.55055487781118,159.76399855022814,164.2625732421875,19222800
2018-09-25,META,160.86630958600753,164.44132793341424,160.03212500063188,163.76605224609375,27622800
2018-09-26,META,163.1602741608582,168.12558977650852,163.07090211648224,165.79188537597656,25252200
2018-09-27,META,166.38773267835091,170.57846035500611,166.05009484635943,167.6687774658203,27266900
2018-09-28,META,167.1623175329473,167.6191180844817,161.4323390628726,163.3191680908203,34265600
2018-10-01,META,161.89909028958493,164.72932643590048,160.14136420441187,161.3131866455078,26407700
2018-10-02,META,160.4591386955215,161.1542798400418,157.56932141657936,158.22474670410156,36031000
2018-10-03,META,158.89008673733764,162.52470110815972,158.42334589531154,161.30322265625,23109500
2018-10-04,META,160.33995714563227,160.33995714563227,156.25846764773982,157.74806213378906,25739600
2018-10-05,META,158.1056112738916,159.78387548647305,155.11648110703086,156.2386474609375,25744000
2018-10-08,META,154.4610350407743,157.24161487978859,153.3190184842043,156.1591796875,24046000
2018-10-09,META,156.59612221766216,159.47599913828736,156.32799093860217,156.80465698242188,18844400
2018-10-10,META,155.7321606394569,156.5961206765539,150.26037333000198,150.32989501953125,30610000
2018-10-11,META,149.08859001745896,153.73611873677723,148.12531745630287,152.2862548828125,35338900
2018-10-12,META,155.6427874078182,155.80168115276192,150.25046163291145,152.6735382080078,25293500
2018-10-15,META,152.25645326180265,154.49084540551436,151.49179037424213,152.45506286621094,15433500
2018-10-16,META,154.32200021109145,158.3538491394675,153.93470620687327,157.67855834960938,19180100
2018-10-17,META,158.45314565938952,159.37670222103174,156.85431346380702,158.31411743164062,17592000
2018-10-18,META,157.41042988237461,157.55939844231526,152.21671400145328,153.8453369140625,21675100
2018-10-19,META,154.77881075142426,156.25848018130944,152.4848374833779,152.9813690185547,19761300
2018-10-22,META,153.68646383778574,156.2485688531894,153.3885569837387,153.70632934570312,15424700
2018-10-23,META,150.1710072100987,153.69638433996218,149.80357870221385,153.3190155029297,19095000
2018-10-24,META,153.20977734828747,153.57720585472234,144.589996717205,145.0269317626953,27744600
2018-10-25,META,146.7052132876706,151.15414706069078,145.9802814389943,149.9028778076172,22105700
2018-10-26,META,144.80849337728114,147.9664273040489,142.80250132805324,144.36160278320312,31303300
2018-10-29,META,147.46986209207247,147.7975747150743,138.06555384945398,141.1043243408203,31336800
2018-10-30,META,138.9692533871976,145.6227731624568,138.7706437967156,145.2056884765625,50528300
2018-10-31,META,153.92480017258245,155.31508262909338,147.92670494928095,150.737060546875,60101300
2018-11-01,META,150.46894162377004,151.6904051276369,148.31399627926237,150.6973419189453,25640800
2018-11-02,META,150.7469757620623,153.06081451364523,147.9266803041869,149.30703735351562,24708700
2018-11-05,META,149.05878360099314,149.1481556470227,146.41723200788547,147.64862060546875,15971200
2018-11-06,META,148.27426766321486,149.9227562530089,146.97335726326082,148.89990234375,16667100
2018-11-07,META,150.51856706544888,151.94856506536004,148.7906319802652,150.4788360595703,21877400
2018-11-08,META,149.4460739521334,149.8929493242543,145.72208726289136,146.84423828125,24145800
2018-11-09,META,145.7320290293817,146.73501743680745,143.0706268459031,143.95445251464844,17326900
2018-11-12,META,143.4777523239266,144.0338652349862,139.51544025615692,140.56808471679688,18542100
2018-11-13,META,141.01499538780143,143.87502267841163,140.63762646669477,141.17388916015625,15141700
2018-11-14,META,142.70316167101495,144.57012511173735,140.56808210861098,143.2195587158203,22068400
2018-11-15,META,141.3426669829366,143.8352498055647,139.85307239467778,142.8521270751953,30320300
2018-11-16,META,140.09144447025733,140.78658573709401,136.8143326089493,138.56211853027344,37250600
2018-11-19,META,136.65541101069763,136.79443923574522,130.29981336146517,130.637451171875,44362700
2018-11-20,META,126.14881731059673,133.22936278826987,125.97006563121647,131.5113525390625,41939500
2018-11-21,META,133.4676810270502,136.23833569555546,133.19956488721374,133.88478088378906,25469700
2018-11-23,META,132.72288736464,133.56699712512034,130.3494669809507,130.8162078857422,11886100
2018-11-26,META,132.07740159770862,136.04965427733893,131.85892648809363,135.4339599609375,24263600
2018-11-27,META,134.80831968519422,135.66235458176686,132.78247757047865,134.0635223388672,20750300
2018-11-28,META,135.33465895445758,135.8411157586073,130.93539601552456,135.8113250732422,29847500
2018-11-29,META,134.97715324255222,139.01892788719684,134.71896225620603,137.71800231933594,24238700
2018-11-30,META,137.30090852480677,139.99211638467614,136.40715773236062,139.63461303710938,25732600
2018-12-03,META,142.0080366851191,142.68331238335657,139.78356967639107,140.1112823486328,24819200
2018-12-04,META,139.75377010342598,142.39532166709137,136.2085426072989,136.9731903076172,30307400
2018-12-06,META,132.8917278261251,138.7309292755988,132.74275925085274,138.6614227294922,28218100
2018-12-07,META,138.2840432171728,139.89280066634169,135.7120133031966,136.46673583984375,21195500
2018-12-10,META,138.6316205066074,142.0576853115259,138.04570173734353,140.8660125732422,26422200
2018-12-11,META,142.88193817873068,142.88193817873068,140.12122369276744,141.09442138671875,20300300
2018-12-12,META,142.08744161107794,146.16893073793977,141.5213884844261,143.49758911132812,23696900
2018-12-13,META,144.56023279434623,144.8382893079187,142.19673727603686,144.0041046142578,18148600
2018-12-14,META,142.34566229516082,144.99713897574813,141.5214180969876,143.0606689453125,21785800
2018-12-17,META,142.0874812741174,143.9147138842566,137.45980322964053,139.217529296875,24334000
2018-12-18,META,140.10134746804738,144.917694531663,138.8600185620216,142.6634521484375,24709100
2018-12-19,META,140.23044910001016,143.9047795939674,131.58086270331356,132.31573486328125,57404900
2018-12-20,META,129.7933570281225,134.62958510936798,129.09821581968183,132.47462463378906,40297900
2018-12-21,META,132.46469204620433,133.96421193716105,122.5638512976946,124.08323669433594,56901500
2018-12-24,META,122.24606978922786,128.84001594286272,122.16662292047397,123.19940948486328,22066000
2018-12-26,META,125.1259715566513,133.3088183262092,125.01673399123808,133.2492218017578,39723400
2018-12-27,META,131.52129497498996,134.05360921068126,128.77050561917207,133.5868682861328,31202500
2018-12-28,META,134.4011708937167,134.97714937253704,131.2829530276493,132.27601623535156,22627600
2018-12-31,META,133.517341699094,133.70602612801716,129.04855738311358,130.18064880371094,24625300
2019-01-02,META,128.09522034668402,136.55610741995005,127.66819531541115,134.73880004882812,28146200
2019-01-03,META,133.7556589409655,136.21845095741136,130.21041672981713,130.8261260986328,22717900
2019-01-04,META,133.08041569748247,137.04274396724765,132.82222467840123,136.9930877685547,29002100
2019-01-07,META,136.6057550851361,137.90666529760657,134.96720706161565,137.0923614501953,20089300
2019-01-08,META,138.91960415987464,142.14705941392765,138.57202599441553,141.54129028320312,26263800
2019-01-09,META,141.9583725827706,143.69623307471448,140.29003378391613,143.2294921875,22205900
2019-01-10,META,142.08746598215473,143.5571950840508,139.8629992486024,143.19969177246094,16125000
2019-01-11,META,142.15697487711634,144.35165096720868,141.58101162110495,142.80247497558594,12908000
2019-01-14,META,141.01500071523935,145.55330765955875,140.2900686867813,144.38148498535156,20520300
2019-01-15,META,144.99715501997423,149.63475843015624,144.97730466573054,147.91676330566406,24069000
2019-01-16,META,147.96641949302634,148.6119045235976,145.98029305687834,146.51654052734375,18025700
2019-01-17,META,145.93062941482347,147.9664119385257,145.48375402009407,147.27127075195312,15787900
2019-01-18,META,148.71119440302223,151.37259615131458,147.51952175225043,148.99917602539062,31029600
2019-01-22,META,148.1650390512821,150.4788783230586,145.3546681371401,146.54635620117188,22378700
2019-01-23,META,147.25139820480075,147.76779526996606,142.06760750674863,143.29901123046875,20098400
2019-01-24,META,143.63662727583218,145.4241436511897,141.53133862982133,144.81837463378906,20955500
2019-01-25,META,146.4569633223408,148.79066801233625,145.52348144634266,147.97634887695312,22237200
2019-01-28,META,147.02296928245494,147.9266601821738,145.1957371346045,146.44699096679688,15508500
2019-01-29,META,147.0627293341723,147.07266966430407,142.43505106957574,143.18978881835938,17632100
2019-01-30,META,145.20569421963796,149.90287865090156,144.68929714160828,149.37655639648438,44613200
2019-01-31,META,164.45124109943382,170.48905088702503,163.85539723014855,165.53367614746094,77233600
2019-02-01,META,164.6896042747698,167.9270001387855,164.51086016477612,164.56051635742188,30806500
2019-02-04,META,164.55055073949134,168.12558391938973,162.48497769698787,168.075927734375,20036000
2019-02-05,META,167.97663528382893,170.78700597600024,167.51983469458017,169.9727020263672,22557000
2019-02-06,META,170.01239356044348,171.27358789480058,168.0957891199487,169.3073272705078,13281200
2019-02-07,META,167.0332123202778,168.0660064418633,164.10367917200116,165.22584533691406,17517600
2019-02-08,META,163.32910441163853,166.20898160745864,163.07091343675992,166.1692657470703,12561400
2019-02-11,META,166.73528682263577,167.13252115057335,163.93485678714177,164.63992309570312,12811200
2019-02-12,META,165.70249301994548,167.17222201919657,163.35886373052074,163.89511108398438,16292300
2019-02-13,META,164.23279511932705,165.06696456175467,162.59423176497805,162.931884765625,14205100
2019-02-14,META,162.057960646752,163.72629928800146,161.12447896050742,162.81268310546875,12755200
2019-02-15,META,163.36879292610175,163.55747732548187,159.74411894295653,161.37274169921875,15504400
2019-02-19,META,159.38662359154245,163.01129775534545,159.217804687088,161.16419982910156,14345400
2019-02-20,META,161.1244801489309,162.58428404726115,160.13141709716552,161.4323272705078,11770700
2019-02-21,META,160.80671363518204,161.11457594978071,158.48294942821414,158.92982482910156,15607800
2019-02-22,META,159.46608794412768,161.28339538964576,159.19795664155836,160.76699829101562,15858500
2019-02-25,META,161.93879180543615,164.91798082607806,161.76995775968018,163.47802734375,18737100
2019-02-26,META,163.1999898481178,165.08681887185963,162.66374242948132,162.991455078125,13784100
2019-02-27,META,161.7699903380451,162.79284422888645,159.29727265082016,161.6806182861328,12697500
2019-02-28,META,161.24366391596246,162.36583015989265,159.74414396709827,160.33004760742188,11114200
2019-03-01,META,161.47208437633873,161.99840666660666,160.56839321646657,161.154296875,11097800
2019-03-04,META,162.76303888647507,166.3380721704185,162.69353234778373,166.20896911621094,18894700
2019-03-05,META,166.20897588868576,170.68770042869457,165.39467197873768,170.07199096679688,28187900
2019-03-06,META,171.70060271596694,172.36596832285446,170.08192017840042,171.3133087158203,21531700
2019-03-07,META,170.31032661728906,170.54866722329905,166.44731165173755,167.95677185058594,18306500
2019-03-08,META,165.047113967072,168.44338856347213,164.8187136556875,168.4235382080078,13184800
2019-03-11,META,170.40963242614907,173.09089974046447,170.38976692151172,170.87637329101562,18884000
2019-03-12,META,170.89623591137405,172.59438058568327,170.0322758093778,170.7274169921875,12155300
2019-03-13,META,171.12465418342126,172.82278373291857,170.92602942537857,172.1673583984375,11973300
2019-03-14,META,168.58240343942427,169.96276068181822,166.99351141060052,168.98956298828125,18037400
2019-03-15,META,166.00043564853922,166.41752034277886,161.38268302450012,164.82861328125,37135400
2019-03-18,META,162.4353593656645,162.76305689608992,158.1751096348266,159.3568572998047,37524200
2019-03-19,META,160.3598315511945,162.68361081425897,159.704421395247,160.44921875,25611500
2019-03-20,META,160.37970233371666,164.96764934100926,160.12151136396588,164.29237365722656,20211500
2019-03-21,META,163.7461699955581,165.23576460955843,162.61407869503546,164.92791748046875,16223000
2019-03-22,META,164.50089188989006,166.25861777094678,162.95171592134105,163.19998168945312,16389200
2019-03-25,META,161.86927340027478,165.38470984854575,160.87621037327924,165.13644409179688,12631200
2019-03-26,META,166.1891176934918,168.27454113490862,165.19605458245317,166.51681518554688,15437900
2019-03-27,META,166.68566694789587,167.76810221715652,163.64688077698563,164.71939086914062,10620300
2019-03-28,META,163.42841366136489,165.56349342223425,162.19700987173064,164.401611328125,10443000
2019-03-29,META,165.2357542128183,166.03020765421897,163.66671283311027,165.53367614746094,13455500
2019-04-01,META,166.66577934502337,167.72834896626037,166.11959161777997,167.5297393798828,10381500
2019-04-02,META,168.95975856603962,173.6867335603725,168.37385496216956,172.99159240722656,23946500
2019-04-03,META,173.28951363992826,176.72551868655825,171.7502627804468,172.33616638183594,27391100
2019-04-04,META,174.7989959716797,176.76525694657613,174.31238952839666,174.7989959716797,17847700
2019-04-05,META,175.65299435413797,175.7721570693122,173.88534336533712,174.50103759765625,9594100
2019-04-08,META,173.99459382775456,174.2825754617936,173.0213810717539,173.71652221679688,7297400
2019-04-09,META,174.40173421648885,177.9469767049302,174.33222768003674,176.34814453125,19751000
2019-04-10,META,176.94397498376352,177.54974407779716,175.3153521141725,176.58648681640625,11701500
2019-04-11,META,177.00358778319563,177.16246637676977,175.77218397711053,176.2786407470703,8071000
2019-04-12,META,176.7652295233618,178.38392720445478,176.71557333841326,177.85760498046875,12329800
2019-04-15,META,177.26176158372732,179.24788776393714,175.64306389791543,178.40377807617188,10834800
2019-04-16,META,177.75829922207217,178.9201812589697,177.06315806575836,177.6291961669922,11215200
2019-04-17,META,178.35412915192816,179.4862204184356,177.12272551962863,177.53981018066406,9973700
2019-04-18,META,177.55967093880707,177.63911779872944,176.10979226286733,177.04327392578125,11655600
2019-04-22,META,177.01347735637447,180.40975095209643,177.01347735637447,180.1813507080078,13389900
2019-04-23,META,181.47236321612658,182.94209241691908,180.22109396489566,182.50514221191406,19954800
2019-04-24,META,183.21021544768485,183.85570039683563,180.38990474786817,181.31346130371094,37289900
2019-04-25,META,195.61358411899766,197.1031789131023,190.78729637998094,191.9193878173828,54148800
2019-04-26,META,191.16463985107282,191.56185901556145,187.77829116557683,190.16165161132812,22075000
2019-04-29,META,189.62541440438395,194.0544829295468,189.32749241474613,193.42884826660156,19641300
2019-04-30,META,192.84290839072005,196.0207069930279,190.94615440438014,192.05838012695312,23494700
2019-05-01,META,193.42885491689998,194.81913737908678,191.67112875525197,191.6909942626953,15996600
2019-05-02,META,191.66116833520294,192.65423138357187,188.43371342800393,191.19442749023438,13209500
2019-05-03,META,193.0316090537376,194.79926014875898,192.3662585991343,194.11404418945312,14575400
2019-05-06,META,189.91339396075503,192.93229913751748,189.22817799273233,192.5350799560547,13994900
2019-05-07,META,191.20438751649928,191.56189088519184,186.54693369920378,188.45361328125,16253000
2019-05-08,META,188.07622054586224,189.39699629173043,187.24205117571614,188.2251739501953,12505700
2019-05-09,META,185.9014309963586,188.45361073477753,184.9679491488893,187.34136962890625,12967000
2019-05-10,META,186.94413625481548,188.68199675120817,183.30952152279687,187.03350830078125,12578500
2019-05-13,META,182.22709595075565,184.1437006402044,179.58554422015857,180.2806854248047,16833300
2019-05-14,META,181.25386384693192,182.21713617365302,176.86452718484318,179.4762725830078,17628100
2019-05-15,META,179.16843456416336,185.98084772755877,178.77121540334053,184.9778594970703,16746900
2019-05-16,META,183.76634139134933,187.27185314541222,183.76634139134933,185.69288635253906,12953100
2019-05-17,META,183.5577869499637,186.2787854054957,183.00167401667332,184.0146026611328,10485400
2019-05-20,META,180.61832998306934,182.95201928620904,180.11185808033548,181.45249938964844,10352000
2019-05-21,META,183.28968280743672,184.4118339237832,182.614391949291,183.53794860839844,7502800
2019-05-22,META,183.44855083175287,185.44461745433554,182.33632495648288,184.0344696044922,9213800
2019-05-23,META,181.15457683084898,182.6243060405023,178.4236531860441,179.61532592773438,12768800
2019-05-24,META,181.06521058886167,182.35619574746875,179.5756158257631,179.80401611328125,8807700
2019-05-28,META,180.28065947228504,183.4286826761154,180.19128743446944,183.0314483642578,14843300
2019-05-29,META,182.22708828238248,183.2797327983987,180.0920085680433,180.92617797851562,12797700
2019-05-30,META,181.81000020834674,182.20721940037117,179.63518952260196,181.740478515625,8581500
2019-05-31,META,179.02941170398958,179.28760265096253,175.93105972855378,176.23890686035156,15226500
2019-06-03,META,173.7860640540099,173.83572024575662,159.89310410686156,163.01132202148438,56059600
2019-06-04,META,162.57438606091483,167.11267708694257,159.72428432169525,166.3380889892578,46044300
2019-06-05,META,166.3182324047827,167.54963631603414,163.48801117384917,167.00344848632812,19758300
2019-06-06,META,167.13251705950924,168.52279929090898,166.06993230534383,167.1623077392578,12446400
2019-06-07,META,168.98954297241914,172.6638733479888,167.66876725401505,172.14749145507812,16917300
2019-06-10,META,173.53780861907703,176.62623603380894,172.5944015312787,173.60733032226562,14767900
2019-06-11,META,177.24190141108465,178.73149609105363,175.56362231384912,176.8645477294922,15266600
2019-06-12,META,177.14260218714344,178.0264277478102,171.68075508903763,173.8257598876953,17699800
2019-06-13,META,174.3123620514931,176.79501976333336,173.3987458318887,176.23890686035156,12253600
2019-06-14,META,179.25783968468446,180.5786156099339,178.7513828882271,180.07215881347656,16773700
2019-06-17,META,183.7266001080986,188.18545891691414,183.13077133521833,187.6988525390625,29459900
2019-06-18,META,192.6542509170899,193.1805731738549,185.98086534319046,187.16261291503906,37571400
2019-06-19,META,185.70280781095704,186.79518332984497,183.2698061402787,186.17947387695312,21417100
2019-06-20,META,189.62540357794163,189.83395350466373,186.33836700856963,188.2152557373047,14635700
2019-06-21,META,187.44066662882705,190.66812181581346,187.44066662882705,189.8140869140625,22751200
2019-06-24,META,191.08521779649487,192.6343939532484,190.2411231741314,191.26397705078125,15509000
2019-06-25,META,191.542043815578,191.80023480458402,186.82499339515329,187.53005981445312,16750300
2019-06-26,META,188.2251789710033,189.43671720169758,186.01065243418444,186.3582305908203,12808600
2019-06-27,META,188.56280885555225,197.50037592980706,186.96397680615132,188.18544006347656,11159000
2019-06-28,META,189.22819208587794,191.8598034531795,188.62242293962004,191.66119384765625,16378900
2019-07-01,META,193.8558701439833,193.92537668709272,190.59860897104744,191.66119384765625,14181800
2019-07-02,META,191.66118211012622,193.64730834960938,191.37320047269503,193.64730834960938,9050000
2019-07-03,META,192.81315627976903,196.03067137877287,192.81315627976903,195.83206176757812,10246100
2019-07-05,META,194.81913779152683,195.7029786157896,192.82308614810242,195.03761291503906,11164100
2019-07-08,META,193.83600045304996,195.31565486225594,192.29674952582613,194.40203857421875,9723900
2019-07-09,META,193.61751667994074,198.07637551987906,193.53806981241408,197.82810974121094,14698600
2019-07-10,META,198.61262658235708,201.55210012306995,198.2849139301433,201.3236846923828,20571700
2019-07-11,META,201.85002355885814,202.3862861804278,198.82119287646694,199.8341064453125,13678500
2019-07-12,META,198.29483724438776,203.8758623029449,197.77845533023998,203.44883728027344,15366300
2019-07-15,META,202.83313647168552,203.90564642903183,200.4200004323615,202.49549865722656,16030300
2019-07-16,META,202.4756510626103,204.04469270457696,201.69113781809776,202.42599487304688,12132700
2019-07-17,META,202.76362647482506,202.94238572116157,200.19159655580592,200.400146484375,12083700
2019-07-18,META,198.76158764327712,201.0655014737429,197.99693991161416,199.38722229003906,11937900
2019-07-19,META,200.77748662357317,200.92645517762105,196.69601190381832,196.98399353027344,12098300
2019-07-22,META,198.5232637841171,201.16481547740912,197.43088822585602,200.9165496826172,13589000
2019-07-23,META,201.43293440028953,202.82323196203978,199.5659859017384,200.95626831054688,14583700
2019-07-24,META,196.25907784210779,203.3892640822867,195.85191830838625,203.2403106689453,32532500
2019-07-25,META,205.26612585710185,207.21253606875837,196.88467143547578,199.31768798828125,39889900
2019-07-26,META,198.8012995429999,201.47264164102467,194.8886286003867,198.36434936523438,24434000
2019-07-29,META,197.6195815880292,198.24521626812881,193.94525068959402,194.580810546875,16530800
2019-07-30,META,194.0346237302113,197.33160092427775,192.157734833306,195.6731719970703,11903600
2019-07-31,META,195.58377753933155,197.38121935366053,191.34339379392603,192.8826446533203,14593500
2019-08-01,META,192.82304909397212,197.09322320620495,189.55587835228602,191.39303588867188,17777000
2019-08-02,META,189.7743744444367,191.28381952564587,186.7653943055402,187.70880126953125,15297000
2019-08-05,META,183.40884942322145,184.382047140757,178.09595510906217,180.46937561035156,23086700
2019-08-06,META,182.41576813725678,184.50119161121094,181.81992420016087,183.23007202148438,18035700
2019-08-07,META,182.3263953857101,185.0771693254237,179.96290030478437,183.86563110351562,15833200
2019-08-08,META,185.32542951379364,189.01962543093387,182.77326524504144,188.84088134765625,14828900
2019-08-09,META,188.6820005104404,189.65519816498647,185.82197375902513,186.5469207763672,11058800
2019-08-12,META,185.55386615955348,186.28872323433745,183.18044570259855,184.08412170410156,10930900
2019-08-13,META,184.23306321915715,190.05241335956387,184.08409466832447,187.14273071289062,13577000
2019-08-14,META,184.51111385867284,184.6997982586939,178.0661293440115,178.46336364746094,18903700
2019-08-15,META,179.69478695652361,181.92917920560348,178.78117061080846,181.3234100341797,12925900
2019-08-16,META,182.4753611461386,183.81600251369508,181.09500391828004,182.4257049560547,12654600
2019-08-19,META,184.71967681100196,186.1993464054966,183.56773503747556,184.87857055664062,9691200
2019-08-20,META,184.1635656533056,184.70975343868577,181.12479471475274,182.53494262695312,10083400
2019-08-21,META,183.71667184991637,184.61042257071284,181.86957389438876,182.2767333984375,8398200
2019-08-22,META,182.1575943229764,182.83288524827674,178.66202240793464,180.77723693847656,10821400
2019-08-23,META,179.5855446701736,181.85966787392957,175.43454778564075,176.51698303222656,17323400
2019-08-26,META,178.15552416270623,179.24789969571253,177.00358241773918,179.10887145996094,8773600
2019-08-27,META,180.6679472771127,182.763310847566,179.75433112049433,180.04232788085938,14399600
2019-08-28,META,179.27768212473174,180.6878299232763,177.67884991072336,180.4991455078125,9386100
2019-08-29,META,182.4951983485579,184.78917153699635,182.19727640720262,184.28271484375,10128700
2019-08-30,META,185.48433501071017,185.50420051664787,182.18737321329252,184.3820343017578,10774500
2019-09-03,META,182.72360325274315,184.38201674652126,180.8467146732755,181.12477111816406,9779400
2019-09-04,META,183.3691098814042,186.4476117964774,182.61438732066918,185.8418426513672,11308000
2019-09-05,META,187.22218987001338,190.03256033400763,186.63628626257486,189.57574462890625,13876700
2019-09-06,META,188.89052473120373,188.89052473120373,185.05730084698988,186.18939208984375,15226800
2019-09-09,META,186.42775339899964,187.66908241967977,184.5608048558974,187.4506072998047,14722400
2019-09-10,META,186.1397650391175,186.79519037517085,183.26981305263845,184.87857055664062,15455900
2019-09-11,META,185.1665628625655,188.12588682665984,184.78919401408444,187.18247985839844,11761700
2019-09-12,META,188.54296060606552,189.6055302426007,185.93119980642481,186.16954040527344,11419800
2019-09-13,META,186.03052298681473,186.66608280106655,185.24599460727404,185.89149475097656,11441100
2019-09-16,META,185.6332890133977,186.48732393614006,184.48134726534857,184.92822265625,8444800
2019-09-17,META,185.36518165577485,187.01367021432628,184.25294056113165,186.77532958984375,9671100
2019-09-18,META,186.7852589691307,187.76839702018006,184.71968563597014,186.8349151611328,9681900
2019-09-19,META,187.35128528109814,189.7743616333345,186.84481340979,188.82101440429688,10392700
2019-09-20,META,189.33741952737788,191.76049598296788,186.81503069786078,188.6124725341797,19934200
2019-09-23,META,188.0265713133327,188.781308997705,183.92523084864314,185.52406311035156,13327600
2019-09-24,META,186.6759958854556,186.7355772465352,179.13865065008108,180.02247619628906,18546600
2019-09-25,META,180.19129540719746,182.1476309149545,176.6361277117034,181.5319366455078,18068300
2019-09-26,META,180.07213389841695,180.1416404359486,176.43751931254107,178.860595703125,16083300
2019-09-27,META,179.23795841060212,179.5060745285645,174.4414619788343,175.87147521972656,14656200
2019-09-30,META,176.63613086533923,177.43058438545017,175.62321740131483,176.8446807861328,10740000
2019-10-01,META,177.90726629549687,178.59248232826286,173.66689733978754,174.59043884277344,17073000
2019-10-02,META,173.62714991057808,175.30542898509952,171.88928947413478,173.38882446289062,16151700
2019-10-03,META,174.35211279570194,178.5924817373818,172.42556776877498,178.13568115234375,16086300
2019-10-04,META,178.30449141467102,179.72456444417904,176.8645528793616,179.1982421875,10430200
2019-10-07,META,178.75136597079293,179.92317320763422,176.85461172850813,178.43357849121094,9178300
2019-10-08,META,177.0234398069646,179.11880375596834,176.4871923485915,176.51698303222656,9466900
2019-10-09,META,177.91718578091115,179.4663617676093,176.7056476060954,178.60240173339844,7556900
2019-10-10,META,179.069155247645,180.35020004933247,177.92712352849358,178.78115844726562,8605000
2019-10-11,META,180.8864503864508,185.19635606125178,180.87652520980797,182.9123077392578,14930500
2019-10-14,META,182.9222068663454,183.3392915200704,181.30352443347113,182.0085906982422,7006000
2019-10-15,META,182.52502373686787,189.05938157397676,182.3859954915227,187.5797119140625,15039100
2019-10-16,META,187.01365925179357,188.38407609164543,185.6034962474449,188.23512268066406,10516900
2019-10-17,META,188.97993336703115,189.51618083731768,187.46054785612014,189.06930541992188,9603000
2019-10-18,META,188.91041289230722,190.1616822526529,182.6441863722231,184.56080627441406,16874200
2019-10-21,META,185.74250139491366,188.59260257860936,185.45451978516436,188.44363403320312,8122600
2019-10-22,META,188.68200177508743,189.32748677261512,180.24096485357035,181.07513427734375,19537600
2019-10-23,META,180.7474376021545,185.08713433085762,180.73751242466307,184.8587188720703,12300400
2019-10-24,META,183.33932672147424,185.43469072058065,181.53195954164897,185.08712768554688,11413500
2019-10-25,META,184.54090150462537,187.68890943714973,183.80602942002503,186.58660888671875,8061200
2019-10-28,META,185.9014152634276,188.21525417913656,183.79612627271422,188.08615112304688,13657900
2019-10-29,META,190.36029096558832,191.194460433241,187.1626261866442,187.99679565429688,13574900
2019-10-30,META,188.24504787238885,189.1288734678127,184.68987998491397,186.9441375732422,28734600
2019-10-31,META,195.3354975206075,196.71585454421114,186.94411783814203,190.32052612304688,42286500
2019-11-01,META,191.51223825610325,192.76349239433242,188.5926301139604,192.27688598632812,21711800
2019-11-04,META,193.20044377387438,196.00087404852658,192.46557156913653,193.3692626953125,16371300
2019-11-05,META,194.01473478188305,194.3921036122936,192.25702398883925,192.97203063964844,9942000
2019-11-06,META,192.68402939344588,193.02166720603125,190.02262759597522,190.2212371826172,10973000
2019-11-07,META,190.57876018241166,192.0981456489056,188.1556835774839,189.09909057617188,13473000
2019-11-08,META,188.68198968728436,191.0057537130431,188.3840677256111,189.5161590576172,10760800
2019-11-11,META,188.61248058679345,188.76144915404416,187.23212338674205,188.29470825195312,8631200
2019-11-12,META,188.68199356191622,193.70689054493673,188.42380260473226,193.12098693847656,17615500
2019-11-13,META,193.34940402578198,194.34246723613828,191.40300861913119,191.84988403320312,10860700
2019-11-14,META,191.59164454842457,192.684019950833,190.12191549577093,191.81011962890625,9040500
2019-11-15,META,192.91244324029518,193.94523740824005,192.03855796696632,193.7466278076172,11524300
2019-11-18,META,193.2103442283279,197.25211810780843,191.7108244806429,196.0306396484375,16167200
2019-11-19,META,196.03065289617356,198.612623057092,195.49440548121328,197.93734741210938,19056800
2019-11-20,META,197.2024467135416,198.20543485977365,194.07428926132008,196.13986206054688,12355400
2019-11-21,META,196.0505195815734,197.7089331757313,195.4944066581361,196.55697631835938,12131000
2019-11-22,META,197.0038761974461,197.91749249402721,196.24913849157457,197.44082641601562,9959800
2019-11-25,META,198.1359671072724,199.57590566726876,197.86783580965027,198.40408325195312,15272300
2019-11-26,META,198.61263658100057,198.76158999725968,196.66622607521245,197.58978271484375,11735500
2019-11-27,META,198.51333132152686,201.73086160459985,198.03666521945973,200.59877014160156,12736600
2019-11-29,META,200.20154085441672,202.3862767947864,199.81424682477365,200.2412567138672,7985200
2019-12-02,META,200.72787935766326,200.77752039775626,196.67617948362528,198.31472778320312,11503400
2019-12-03,META,196.22928813832425,197.5500488177166,193.72676471111598,197.44082641601562,11595300
2019-12-04,META,198.61263356431277,198.6424242471121,196.676163417649,197.3315887451172,8456300
2019-12-05,META,198.47361290168908,199.89368601245917,196.8350646734248,197.97708129882812,9740400
2019-12-06,META,199.109161967281,200.17174681328623,198.67221175594955,199.6553497314453,12270600
2019-12-09,META,199.2581128667402,201.73084553899562,198.82117781385858,199.94332885742188,11954800
2019-12-10,META,200.2611060844321,200.64840008286976,198.7615711227595,199.47657775878906,9475700
2019-12-11,META,198.89068804281123,201.2243925249452,198.89068804281123,200.85694885253906,8036800
2019-12-12,META,200.94632170150078,202.2472319209089,192.75355123432666,195.38516235351562,23734800
2019-12-13,META,195.03759671711643,195.43483106912203,191.83000698349448,192.76348876953125,18798000
2019-12-16,META,193.91544680206295,197.73873086261588,193.45863108280358,196.54705810546875,14911500
2019-12-17,META,197.46066932365696,197.6195630613166,194.76947672439846,197.0137939453125,10175700
2019-12-18,META,198.70200527065927,202.88280786728532,198.70200527065927,201.0952911376953,23274400
2019-12-19,META,201.37333888533922,204.86892532139404,201.10520759928502,204.63058471679688,16514600
2019-12-20,META,206.04073422338502,206.26914965368377,202.01882551134253,204.86892700195312,27306900
2019-12-23,META,205.2661529474263,207.1430417210786,204.2532242774253,204.749755859375,13348900
2019-12-24,META,204.8689201132908,205.35551133334658,203.5779350555214,203.6970977783203,6046300
2019-12-26,META,204.14398566921528,206.3783776106005,203.88577956921796,206.34857177734375,9350700
2019-12-27,META,207.222486482387,207.48067744731281,205.15691330415703,206.6564483642578,10284200
2019-12-30,META,206.4181151435534,206.45783100383287,202.48557824644934,202.99205017089844,10524300
2019-12-31,META,202.58488867663291,204.1340648126306,202.18766946589457,203.8262176513672,8953500
2020-01-02,META,205.31580323726652,208.33470850149027,204.8391371751135,208.3247833251953,12077100
2020-01-03,META,205.7726095189696,208.9404680471807,205.514403417722,207.22247314453125,11188400
2020-01-06,META,205.2661472847003,211.30397297299496,205.08740319354132,211.12522888183594,17058900
2020-01-07,META,211.34372103468303,213.09150684087672,210.28113611948638,211.58204650878906,14912400
2020-01-08,META,211.52244939225042,214.73997942961384,211.13515537272028,213.72705078125,13475000
2020-01-09,META,216.03095261005296,216.86513717856823,214.77969848669196,216.7856903076172,12642800
2020-01-10,META,217.67943940712337,218.35473022852156,215.91178821270205,216.54734802246094,12119400
2020-01-13,META,218.07666265158258,220.43021734781135,217.68936864900138,220.37063598632812,14463400
2020-01-14,META,220.0727192673675,220.83738211480784,217.113395404011,217.5404052734375,13288900
2020-01-15,META,219.07962789422874,220.14219741916222,218.6128870744264,219.61587524414062,10036500
2020-01-16,META,221.02605137479898,221.08563273361517,218.86116603585972,220.23159790039062,10015300
2020-01-17,META,220.4898072485414,220.74799820928146,219.00021254201002,220.5990447998047,15905900
2020-01-21,META,220.61893742331972,220.82747222221977,217.60001662802418,219.9039306640625,14275800
2020-01-22,META,220.7678670861368,221.20481729786243,219.74501325093416,219.7847442626953,12212800
2020-01-23,META,219.21867256169566,219.95354468808202,217.74894346186284,218.23553466796875,11195000
2020-01-24,META,219.26835344306713,220.2415511178351,214.61088469869372,216.42819213867188,11905800
2020-01-27,META,211.6217599875433,214.56121837952216,211.02591604576713,213.3794708251953,13810700
2020-01-28,META,214.64067241586744,217.22264271252638,212.03885176597643,216.2792205810547,13413800
2020-01-29,META,219.9039116233613,222.64476052789837,216.93464727874002,221.68148803710938,33181300
2020-01-30,META,205.0973333453647,209.96333677110164,203.3296821317416,208.07652282714844,48775500
2020-01-31,META,206.9841607315126,207.24236686791832,199.66528961156146,200.5093994140625,31359900
2020-02-03,META,202.0287470324437,203.71695116776988,201.0952653515268,202.77354431152344,15495600
2020-02-04,META,205.18669615551534,209.1390982668606,203.77654834930945,208.3744354248047,19628900
2020-02-05,META,211.03582637262156,211.2543014590372,207.2621988500382,208.65248107910156,12538200
2020-02-06,META,209.0099907941408,209.72499743469822,207.88782464797202,209.38735961914062,10567500
2020-02-07,META,208.84118444877097,211.34370784125605,208.47374077755876,210.8571014404297,12242500
2020-02-10,META,210.05273582248736,212.31691874414776,209.19870085007565,211.58204650878906,11856400
2020-02-11,META,208.7319513685439,209.39730187804918,205.0774710016734,205.7527618408203,25030800
2020-02-12,META,206.40817152622643,209.75478932639408,205.96128100859255,209.2979736328125,13813700
2020-02-13,META,208.06658493317434,212.8432160192069,207.7289319629748,211.66146850585938,15396600
2020-02-14,META,212.51548505681615,213.4390263866897,211.17484392635689,212.69422912597656,10741700
2020-02-18,META,212.06863572470812,216.46789814380386,211.91966716254262,216.28915405273438,15609200
2020-02-19,META,216.4778395538806,216.80555220875178,214.6108759999265,215.98130798339844,12135100
2020-02-20,META,215.0180366270395,217.25242870566726,211.47279392220503,213.09149169921875,13109200
2020-02-21,META,211.99911146175108,212.75384913384843,207.38137399647866,208.7220001220703,14092300
2020-02-24,META,200.40014673931017,202.23730447540046,196.79532265517247,199.32763671875,23080100
2020-02-25,META,200.84701081049937,202.0883396783022,194.590710286185,195.405029296875,21433500
2020-02-26,META,195.8221365905481,199.8142549332128,194.1339321659799,195.83206176757812,16524500
2020-02-27,META,190.48937905519435,194.52121298477465,188.1854652937536,188.43373107910156,21682600
2020-02-28,META,181.43261190740742,191.40297317891805,180.55872674810323,191.1348419189453,32568900
2020-03-02,META,192.68404566651745,195.20643460401246,187.53998571923182,195.07733154296875,24949000
2020-03-03,META,194.85885387343657,195.87178253637236,182.69383020051987,184.6005096435547,27984100
2020-03-04,META,187.85774920031216,190.499300744771,185.09703493000848,190.42977905273438,23062500
2020-03-05,META,185.4843302930154,187.6790064786015,182.61437845213564,183.885498046875,19333400
2020-03-06,META,177.09295244472247,182.5051435537278,175.03730446141012,179.83380126953125,24559600
2020-03-09,META,168.42351586713144,173.78605080213518,164.04410375021178,168.32420349121094,29949000
2020-03-10,META,173.45836197261536,177.05324621122898,168.32422661343773,176.95394897460938,24517800
2020-03-11,META,172.80291932773585,174.65995778726648,166.49697719617606,169.05908203125,20373900
2020-03-12,META,158.43329037500783,165.44432903502332,153.26936495743283,153.39846801757812,43266300
2020-03-13,META,162.39560939830452,169.60524213215632,156.5067524209944,169.09878540039062,35028600
2020-03-16,META,151.26338787753699,158.02614557592676,142.1073443256875,144.9971466064453,39120400
2020-03-17,META,149.6943344283049,152.87213325995907,139.0288314730961,148.38348388671875,34255600
2020-03-18,META,138.78057504637806,147.1520901174455,136.14896376320456,145.94056701660156,37553100
2020-03-19,META,145.602898898625,158.8205656112444,143.79553203514052,152.0677490234375,39862300
2020-03-20,META,154.93772108236993,158.16517640687016,146.9733501618565,148.69134521484375,32568400
2020-03-23,META,148.6218384828333,151.2534498367458,141.26323671563284,147.07266235351562,29830800
2020-03-24,META,154.13333322747383,160.1910091561147,151.51164720180952,159.86329650878906,30440400
2020-03-25,META,157.81759650246724,161.85937086098946,151.99824574432336,155.12640380859375,35184300
2020-03-26,META,157.1522368550116,162.8623497265207,155.93077347488602,162.20692443847656,26556800
2020-03-27,META,157.10260011173537,158.97948901218527,153.67653499541476,155.70237731933594,24879900
2020-03-30,META,158.07578629902892,165.59328168240037,156.96356041043316,164.798828125,22515200
2020-03-31,META,164.33209364212337,169.7442850366798,163.06097396184765,165.6429443359375,23676300
2020-04-01,META,160.498866115439,163.01131474567293,156.94369811683305,158.49288940429688,19507600
2020-04-02,META,157.99634240851967,160.23073434303583,154.83839392820795,157.0926513671875,20886300
2020-04-03,META,156.0598724860615,156.81461019982638,149.78372107562265,153.1104736328125,25983300
2020-04-06,META,159.03906110191917,165.0470963294274,157.41043810424367,164.401611328125,28453600
2020-04-07,META,170.59833331963438,172.18724062057575,164.85842880322176,167.65887451171875,31411900
2020-04-08,META,170.06206478348858,173.78605160356497,166.57641857495588,173.071044921875,21664200
2020-04-09,META,174.6797824584038,175.85160472368048,170.37983283511795,173.97471618652344,23534300
2020-04-13,META,172.46525836195048,173.78603403899962,168.27453107174628,173.57748413085938,19355400
2020-04-14,META,177.73844553201988,179.97283770987997,175.39481579712452,176.93406677246094,21011800
2020-04-15,META,173.97473467958628,176.9539241125753,171.62117987646607,175.7423858642578,17423000
2020-04-16,META,176.71559394085583,176.81490632233124,171.31332769213867,175.0273895263672,23593200
2020-04-17,META,177.95694256583675,179.02945276166844,175.4345684194326,177.99667358398438,20974800
2020-04-20,META,176.17932637386727,179.24788768422115,175.54376660260039,177.00357055664062,16110700
2020-04-21,META,174.03433223010862,174.16343529982004,167.1722616278672,169.61520385742188,24850500
2020-04-22,META,177.21211504555205,183.49820656646574,176.90426789533163,181.0155487060547,33242000
2020-04-23,META,182.8030752893421,185.7524741993656,181.87951863575748,183.84579467773438,21426600
2020-04-24,META,181.95894750241217,189.08914843728576,179.57560212447592,188.7515106201172,28792000
2020-04-27,META,191.32356599510462,192.40600128173827,186.10998402488977,186.19935607910156,29197800
2020-04-28,META,187.35127137334757,187.88751873222733,181.2935809424406,181.6411590576172,21731000
2020-04-29,META,189.60554562057973,195.54407434511168,188.68200413690053,192.8429412841797,45954500
2020-04-30,META,205.48462382999278,208.2354129802487,200.17174510415327,203.2899627685547,46230100
2020-05-01,META,200.20153184952505,205.8421231201503,197.66921785286402,200.86688232421875,30415600
2020-05-04,META,198.8112387706745,204.48163600083174,197.38122541616488,203.8361358642578,19250700
2020-05-05,META,205.5839345108894,208.9206272515868,205.06753743771432,205.6335906982422,21071200
2020-05-06,META,206.6762866014675,210.13215708417445,205.2264229675792,207.02386474609375,21857000
2020-05-07,META,209.69522791873723,210.13217814906176,207.58992364107746,209.79452514648438,15152000
2020-05-08,META,210.7677003281482,211.73097266753607,209.38734333968608,210.87693786621094,12506000
2020-05-11,META,209.4270943674289,213.50858466173128,208.91069726867917,211.70120239257812,12911900
2020-05-12,META,211.81043690954013,213.78663807334254,208.54326574680115,208.642578125,14704600
2020-05-13,META,207.97721152556448,209.31785286047747,200.70799703194544,203.67726135253906,20684600
2020-05-14,META,201.15486320876076,205.4945441952128,199.2978400228768,205.37538146972656,17178900
2020-05-15,META,203.8460900596176,209.87397588549004,202.70405827243016,209.41717529296875,19383200
2020-05-18,META,210.67834170021413,213.15107440451104,209.47674377157279,211.7111358642578,20151900
2020-05-19,META,211.7905755925761,218.96049252265828,211.35362539582684,215.3755340576172,31843200
2020-05-20,META,221.94959095802795,229.7352016081723,221.64174383799275,228.3747100830078,50162900
2020-05-21,META,233.0917682201073,235.55456042487916,229.59618192263295,229.7848663330078,47782600
2020-05-22,META,229.90404794790888,234.35298183865513,227.15327389009346,233.2804718017578,33925600
2020-05-26,META,238.106759349573,239.2289104221864,230.0629416507242,230.58926391601562,33178300
2020-05-27,META,227.48098479150323,228.96063919848814,219.5960608954578,227.5504913330078,34697600
2020-05-28,META,222.74406970958594,230.02322448717675,222.44614773114347,223.89602661132812,29377200
2020-05-29,META,223.6378325302475,225.9119557735963,221.33393375568707,223.52859497070312,23241500
2020-06-01,META,223.03205506808072,230.82760706110014,221.94961984291297,230.30128479003906,18223800
2020-06-02,META,229.33800070372604,231.38370831846598,224.98837936364816,231.10565185546875,20919000
2020-06-03,META,230.49988561626694,231.03613304360687,226.94471776311875,228.56341552734375,15380300
2020-06-04,META,227.9675814656623,230.02322952428327,223.05192174901174,224.7202606201172,17041500
2020-06-05,META,225.1373554519171,229.74516790371774,223.7470579375046,229.169189453125,16750400
2020-06-08,META,227.4412450602746,229.9437683643857,225.83248765553066,229.7947998046875,15466500
2020-06-09,META,229.9139785100873,238.10674927591717,228.81167783729438,237.01437377929688,27462900
2020-06-10,META,239.28852858608514,239.53679439982892,233.6479214182966,235.08786010742188,20720700
2020-06-11,META,228.34494129684717,231.27447453517047,221.9992684255599,222.87315368652344,26708200
2020-06-12,META,228.3052049440834,230.05300573100092,222.9426701639008,226.99436950683594,22091400
2020-06-15,META,223.52857512227231,232.14837092497856,223.24059348337713,230.88717651367188,15340300
2020-06-16,META,235.49500469382681,236.80585538039534,231.38372368595373,234.0153350830078,15236700
2020-06-17,META,233.36985690439315,235.9418870097397,230.1225359293252,233.89617919921875,19578100
2020-06-18,META,233.35992247593597,234.5019390734853,230.53961152423804,234.30332946777344,15782500
2020-06-19,META,236.14046656860805,239.15938686146742,233.9160149348593,237.13352966308594,30081300
2020-06-22,META,236.90513683414446,239.0302913169497,235.2665887379737,237.56056213378906,18917800
2020-06-23,META,239.6062688246097,243.48914926769837,238.19612100995397,240.5596160888672,24017900
2020-06-24,META,239.52683866029304,241.53283054911833,231.0659360293835,232.3966522216797,20834900
2020-06-25,META,232.99247570529567,235.65389287595707,231.1255272528302,234.0451202392578,18704300
2020-06-26,META,231.02620838632845,231.47308376893918,213.9057943900482,214.58108520507812,76343900
2020-06-29,META,208.29499427138418,219.21868884580718,205.6733081796403,219.1094512939453,58514300
2020-06-30,META,219.05982728285284,225.92189824651945,216.95453795912383,225.49488830566406,33927100
2020-07-01,META,226.91492118776134,237.34208386816175,225.98143943761693,235.9021453857422,43399700
2020-07-02,META,237.34207502928766,238.335138104724,230.99640258336697,231.80078125,30633600
2020-07-06,META,232.1384291791159,238.7323676813612,230.65877483009118,238.6132049560547,26206200
2020-07-07,META,237.749240004825,245.93207023707686,237.16333641352355,239.18917846679688,27887800
2020-07-08,META,236.45826327290766,245.2766687454307,234.9488030674891,241.89031982421875,29791300
2020-07-09,META,243.3004561036155,244.8198414131702,237.58041818252363,242.80392456054688,22174900
2020-07-10,META,241.9995934575557,243.78711039458102,237.65991176698182,243.37002563476562,22982700
2020-07-13,META,245.29650119521995,248.41471860004066,236.76609313958147,237.34207153320312,24674900
2020-07-14,META,235.117617934241,238.66286053245312,230.42043363748257,238.0670166015625,23378100
2020-07-15,META,239.87439935966435,243.12172000073272,236.3986784441116,238.6132049560547,19133600
2020-07-16,META,236.34902975302458,240.08294174280346,234.69061611050546,239.25869750976562,18880700
2020-07-17,META,239.32820518737046,242.46628819499767,236.20998768440782,240.35105895996094,18152400
2020-07-20,META,238.39472572542155,244.34317915855996,234.00538863507438,243.71754455566406,20872200
2020-07-21,META,244.51200673910438,245.197222727922,238.41459968566969,240.07301330566406,19364200
2020-07-22,META,238.59334871272105,240.22197168454048,236.46819416226228,238.2060546875,15427900
2020-07-23,META,237.96772874083234,240.73836827667793,230.14238622854305,230.9864959716797,21771800
2020-07-24,META,228.59320680579518,231.87031820103158,225.32602058690804,229.10960388183594,18325800
2020-07-27,META,229.85440683416718,233.320187582074,229.2287721912869,231.8802490234375,13163100
2020-07-28,META,233.00239047764367,233.3301031056008,228.23568476190135,228.52366638183594,14170100
2020-07-29,META,229.53659709915772,232.07883613062532,228.71235293376256,231.6716766357422,13588300
2020-07-30,META,228.6229972484639,233.26060029280399,227.4114590057178,232.87330627441406,20615300
2020-07-31,META,254.04540354447278,254.07519422453737,247.27270608824304,251.91030883789062,53005100
2020-08-03,META,250.89737423990724,253.62829763522876,248.59347583683734,250.21217346191406,23124900
2020-08-04,META,249.81494925379172,251.0463529441859,245.7135938307086,248.09695434570312,17183500
2020-08-05,META,248.45447634230445,250.52004954939835,246.05126529491073,247.3918914794922,13050100
2020-08-06,META,247.31243795431067,264.750639437822,246.94500944110115,263.4397888183594,45241600
2020-08-07,META,262.2481096615728,276.9554031502752,261.60262465963405,266.577880859375,72766400
2020-08-10,META,266.18067581109176,271.9602807588989,257.8885918056996,261.1756286621094,30248800
2020-08-11,META,258.3851054810181,264.0753682859589,253.3602083264652,254.353271484375,28238300
2020-08-12,META,257.1735573160089,262.0693512226244,256.319507274025,258.0871887207031,21415700
2020-08-13,META,259.73563148791175,263.32060489725797,257.7693860228514,259.48736572265625,17374000
2020-08-14,META,260.4903802041066,260.82801802252544,256.8855562901596,259.42779541015625,14792700
2020-08-17,META,260.67902837342456,262.26793517897124,257.60052712002977,259.34832763671875,13351100
2020-08-18,META,259.1398301580622,263.31067702818365,257.46155108105154,260.5201721191406,18690400
2020-08-19,META,259.5768054733447,266.05156665412864,259.5370744595321,260.7684631347656,23291500
2020-08-20,META,259.68600713336025,267.7596151868681,259.6462761227217,267.1439208984375,20299700
2020-08-21,META,266.8261145370488,268.6136159127902,264.57187231345904,265.15777587890625,15538600
2020-08-24,META,269.1896587799837,275.3267823078795,266.9055951526002,269.5074462890625,23685600
2020-08-25,META,270.52034430293725,281.1262517841795,268.3852645286732,278.87200927734375,42127200
2020-08-26,META,282.02992833374987,302.5565565227695,282.02992833374987,301.80181884765625,69015200
2020-08-27,META,298.0778659533257,299.14045089424474,289.99431662752545,291.1860046386719,30301300
2020-08-28,META,292.9536257731887,295.1681674815239,288.9615228676851,291.6229248046875,17157400
2020-08-31,META,291.9109350833743,294.8206029393237,289.5275591968699,291.1661376953125,17345100
2020-09-01,META,292.6655865513433,299.3985524401594,290.6794605628327,293.3905334472656,17295900
2020-09-02,META,296.8066973205317,301.4939562564885,291.0171226099811,300.4015808105469,24341400
2020-09-03,META,293.93676837981997,295.53561589909145,281.6625217116018,289.1005554199219,32294100
2020-09-04,META,285.2574030462744,286.99526363924565,269.2591695058036,280.7687683105469,30333700
2020-09-08,META,269.3981849524166,277.3625409438043,267.55110193854256,269.2790222167969,24864000
2020-09-09,META,273.85702596930236,276.5482490440014,269.4677036252001,271.8212585449219,22918800
2020-09-10,META,273.5987958964542,277.223469772939,265.1776107750069,266.2302551269531,24814700
2020-09-11,META,268.18667007763406,269.50746122662366,260.81815742601117,264.7605895996094,18913900
2020-09-14,META,269.07046258084995,274.72099411810456,263.8568812377715,264.3037414550781,24093800
2020-09-15,META,268.7923826241494,272.61565103014607,267.43186082137817,270.5302429199219,18478500
2020-09-16,META,265.43585349381885,270.5501225712264,259.974006258438,261.6919860839844,29183400
2020-09-17,META,256.48835829972296,259.6860229687823,248.45448076695496,253.0523681640625,31281400
2020-09-18,META,256.607504431696,257.40197311210676,248.31543646225495,250.77822875976562,28130800
2020-09-21,META,245.82283502413392,248.21612075050732,242.43650134295507,246.42860412597656,24709400
2020-09-22,META,251.5528356947217,253.5489024160918,246.49814766498469,252.98284912109375,30293100
2020-09-23,META,253.4892759327058,256.2003338938652,246.42859683929288,247.29257202148438,19641300
2020-09-24,META,244.7900466012825,250.4902340745614,243.9161462512905,247.7990264892578,20006800
2020-09-25,META,247.66995236488185,253.97590965302513,244.8993127450523,253.0523681640625,18351300
2020-09-28,META,257.6005722303954,257.7991969805752,253.052356387746,255.03848266601562,18826300
2020-09-29,META,256.0216270047833,261.503325083647,255.11793583547322,259.9740295410156,20200200
2020-09-30,META,260.162744509135,264.23427995507257,258.29578058252997,260.0832824707031,20142500
2020-10-01,META,263.5093064368688,266.46861515536716,262.9631035342646,264.7804260253906,20009800
2020-10-02,META,259.39802012625506,263.31069140999944,257.38210311911837,258.1368408203125,16367600
2020-10-05,META,260.38119173026905,263.03265359022123,259.0306099747682,262.8141784667969,12822300
2020-10-06,META,259.9640440055981,263.8469241676368,256.4485923231029,256.8656921386719,18696900
2020-10-07,META,257.4119030223598,258.3751755364846,253.05237134297118,256.3294677734375,23133400
2020-10-08,META,257.9481357099618,262.7843480733694,257.3522917992151,261.9303283691406,16312800
2020-10-09,META,262.6850614584868,262.91347690000043,260.3513872302378,262.6155700683594,14107800
2020-10-12,META,268.32569985520615,278.23645160516094,266.0118455322542,273.8371887207031,31019300
2020-10-13,META,275.6544397582597,277.163915053948,271.49353328395597,274.2244567871094,18063300
2020-10-14,META,275.6941715525807,276.8163376987398,269.6166302608354,269.9344177246094,15577800
2020-10-15,META,265.7437430754456,267.1737566408005,261.8410116101959,264.8698425292969,15416100
2020-10-16,META,265.52525043208055,269.4875630091497,263.45966194903065,264.0852966308594,16622700
2020-10-19,META,263.68805608352665,266.6870958759029,258.07725536685854,259.5867004394531,13587000
2020-10-20,META,261.23519522464017,267.8291492240227,261.05645112735016,265.7039794921875,18763200
2020-10-21,META,277.620676670174,281.08645667768894,274.4528034261592,276.79644775390625,28998600
2020-10-22,META,277.9286261887918,280.49074652264045,273.13214369348884,276.1907653808594,16720000
2020-10-23,META,276.8659844556583,283.2613133434085,274.89973888289836,282.814453125,17535200
2020-10-26,META,281.19576383511253,283.25141181911437,272.3575079038966,275.1877136230469,21322900
2020-10-27,META,276.82628489987553,282.5363978372104,274.3932681346586,281.3248596191406,16287200
2020-10-28,META,276.8560900388456,276.8560900388456,265.4060728848971,265.813232421875,23121800
2020-10-29,META,274.6315881178936,281.6327011547713,271.88081424165927,278.88189697265625,32368100
2020-10-30,META,272.59585577506135,274.7806069965232,257.30268814248257,261.28485107421875,47247800
2020-11-02,META,262.76457351161474,268.59385063899174,255.55492375443256,259.5470275878906,27165700
2020-11-03,META,261.3345162653245,268.17670597826356,259.0703333736183,263.45965576171875,17961900
2020-11-04,META,279.0507571094763,286.9356812828767,276.6872618622412,285.3865051269531,35364400
2020-11-05,META,289.8751194712088,295.3171162940273,286.9456014426084,292.6358337402344,23823600
2020-11-06,META,291.9109268966528,292.5564118870269,286.0617703596247,291.3746643066406,13891000
2020-11-09,META,287.8591877997786,290.55038023895384,276.59785620125297,276.836181640625,25117700
2020-11-10,META,271.2055573077003,272.09930809794037,262.16867641553375,270.5401916503906,29067700
2020-11-11,META,271.57297357212764,276.4687674971447,270.58985077783035,274.5621032714844,14957000
2020-11-12,META,275.2572220125929,277.80940144584633,272.52629849525215,273.1717834472656,12899500
2020-11-13,META,275.79351739465017,275.83324840891396,271.2055701884182,275.02886962890625,10391200
2020-11-16,META,273.1419614075657,277.47173177338584,272.7248919259118,277.02484130859375,12970400
2020-11-17,META,275.7537787794999,275.7537787794999,271.39424714309587,273.0923767089844,15040300
2020-11-18,META,272.6156728201886,275.4657893900018,269.95427097077754,270.0833740234375,12152900
2020-11-19,META,269.1399970776284,271.57301421647594,267.3227046243886,271.04669189453125,12963700
2020-11-20,META,270.6692471780771,271.10619731983934,267.5411048086391,267.8291015625,18114700
2020-11-23,META,269.0108584829948,269.07043984026683,262.69496185925465,266.5679016113281,20990800
2020-11-24,META,266.62750877747334,275.89280470654967,266.01181448881255,274.9990539550781,16930400
2020-11-25,META,276.21058223535215,278.23640911751494,270.75864526649195,273.6782531738281,12467000
2020-11-27,META,275.46577350859377,277.1936935147158,272.91359420110894,275.8828430175781,7808400
2020-11-30,META,274.11516342699656,275.7735918793138,269.1299983544689,275.04864501953125,16693300
2020-12-01,META,277.2235343635581,287.2931797363589,277.02490959560544,284.562255859375,20738900
2020-12-02,META,283.3804926041417,289.7559715117229,278.88191764104107,285.5255126953125,17361600
2020-12-03,META,284.2643079363783,284.66152710899985,279.1202484321112,279.89483642578125,12921700
2020-12-04,META,278.35560983284415,281.4936932604116,277.362546607888,277.7597961425781,10880300
2020-12-07,META,277.2532807346868,286.48875515657005,276.2701579939885,283.59893798828125,13007700
2020-12-08,META,284.0259617338094,284.44303122751927,279.5968788804657,281.4340515136719,10747700
2020-12-09,META,281.6922992992284,285.634761252422,269.8649134396478,275.99212646484375,25189700
2020-12-10,META,273.6286055271856,276.7964791302961,269.97411041402864,275.1976318359375,20065100
2020-12-11,META,272.6256175544194,274.56210276384803,268.37530860630324,271.65240478515625,14391400
2020-12-14,META,271.47364488152203,275.29694373803864,269.6762031606504,272.2879638671875,16376900
2020-12-15,META,272.92351265801767,274.1648415067269,265.6145829436402,273.6385192871094,23979500
2020-12-16,META,272.8540298801992,275.93250127738247,270.6196378820546,273.7577209472656,15885000
2020-12-17,META,275.1480187332912,278.49463675445423,271.7119983579931,272.57598876953125,16377800
2020-12-18,META,273.8570313424853,276.0715732176227,269.2591741231777,274.482666015625,26693200
2020-12-21,META,271.08635896219465,272.7646379205063,265.93235937166713,270.8976745605469,16553700
2020-12-22,META,269.6166869762986,269.6166869762986,262.7943469282712,265.2372741699219,17312900
2020-12-23,META,265.03867499000484,270.2820479286929,264.383249584433,266.25018310546875,14329000
2020-12-24,META,267.0148494894716,268.52429470793675,264.3534472730126,265.54510498046875,6702000
2020-12-28,META,266.8757503264271,275.3763674815061,263.81712951323203,275.0784606933594,23299700
2020-12-29,META,275.02881940193726,278.5641213786778,274.3634538345385,274.8599853515625,16383000
2020-12-30,META,276.02191065990667,276.15098341059274,269.8251760858184,269.98406982421875,11803800
2020-12-31,META,270.1131190392214,275.16780575512524,267.9383087813105,271.26507568359375,12900400
2021-01-04,META,272.8739181053437,273.09239323216485,263.3603855229727,267.0744323730469,15106100
2021-01-05,META,266.4288997572722,270.5103744315404,266.3494377403135,269.0903015136719,9871600
2021-01-06,META,260.1825795171197,265.8926933805679,258.20639328660985,261.4834899902344,24354100
2021-01-07,META,264.0554674234832,269.7258491356457,262.94324162066465,266.8757629394531,15789800
2021-01-08,META,266.44878529422607,267.0843602903066,261.3543662192144,265.71392822265625,18528300
2021-01-11,META,258.6730832676949,261.64233219369663,254.12483736751025,255.05831909179688,30412300
2021-01-12,META,254.8497991205477,257.9183605943093,248.56370760987795,249.3482208251953,26383500
2021-01-13,META,249.80503713335122,252.188382619965,247.4713326816302,249.8944091796875,19528900
2021-01-14,META,251.64219985880376,253.2608976661095,242.91318130890528,243.93603515625,29739400
2021-01-15,META,246.1803582278421,252.09902149522745,245.44550116665312,249.61636352539062,24942900
2021-01-19,META,255.11791059696782,260.38116333981225,250.9669140103909,259.2887878417969,28028500
2021-01-20,META,267.064434937094,268.44480710364064,261.7714222910091,265.62451171875,25199900
2021-01-21,META,267.39219883730624,271.70208935816214,265.6344576307383,270.9771423339844,20838700
2021-01-22,META,270.12307749493203,276.53825601700265,270.1131371670082,272.5957946777344,21954000
2021-01-25,META,276.21058498544335,278.15698017441997,269.6265717881597,276.08148193359375,19087000
2021-01-26,META,276.2105946394288,283.4103023609769,275.88286683391283,280.09344482421875,19373600
2021-01-27,META,280.57013844262696,281.4837699008926,266.26009441224045,270.2522277832031,35346200
2021-01-28,META,275.2572135241456,284.8005653531378,262.8638058488591,263.1617126464844,37758800
2021-01-29,META,263.45964586527754,264.71091515254716,253.08215396222317,256.5379943847656,30389500
2021-02-01,META,257.7197266207836,262.3374943130789,253.14172024429632,260.1924743652344,22914300
2021-02-02,META,262.16867372961775,266.9850361074179,261.44372671411134,265.227294921875,17320800
2021-02-03,META,263.7774086978428,267.3325914717765,262.00975763949117,264.8002624511719,14223400
2021-02-04,META,265.1578001708641,266.2998167269826,262.16867040510544,264.6413879394531,16060000
2021-02-05,META,264.94923410714415,267.3028192101267,263.82709821386266,266.240234375,12454400
2021-02-08,META,266.8857343995216,267.98802000221724,263.16174740790035,264.73077392578125,13755200
2021-02-09,META,264.5917116964451,271.4935117614484,263.9064957927763,267.5808410644531,14613400
2021-02-10,META,270.5600634141554,271.900674402498,265.86286387269195,269.98406982421875,14687200
2021-02-11,META,270.0039992694149,271.6822483903936,266.62755975361455,268.514404296875,12828600
2021-02-12,META,268.6434160254985,269.2988413011865,266.4785457640893,268.6235656738281,9097600
2021-02-16,META,268.9214954462222,274.68128004000954,268.17669806558547,272.06951904296875,15417200
2021-02-17,META,269.3584178007569,272.0694908959175,267.7099294654533,271.6722717285156,12763200
2021-02-18,META,267.7000453662894,270.0635405541446,264.1845932672995,267.52130126953125,15249100
2021-02-19,META,267.9880493067384,268.3952088990513,258.34541308765796,259.7456359863281,25622600
2021-02-22,META,256.16064411630646,261.2451224455358,255.7435442710094,258.52410888671875,17434900
2021-02-23,META,257.6999695237439,265.60474623042177,253.19146805370758,264.0158386230469,21924600
2021-02-24,META,260.5102256472287,264.53214932336675,256.5975849753341,262.47650146484375,15736100
2021-02-25,META,260.480444082425,265.08827150301914,252.2777481716755,252.92324829101562,19053100
2021-02-26,META,254.69089973234236,263.7078995320883,254.69089973234236,255.83291625976562,26619500
2021-03-01,META,259.0107326162491,264.8002773245595,256.11097494456624,263.0723571777344,22157300
2021-03-02,META,263.93630511685126,264.85984651108265,256.8557604826505,257.2033386230469,15191700
2021-03-03,META,258.4844284037407,259.1795544591081,253.33042797944327,253.63827514648438,15513500
2021-03-04,META,254.6909316482942,264.64141445272037,251.74153259851408,255.8528289794922,31626500
2021-03-05,META,258.8617730445713,263.6086134766132,253.83686100228493,262.44671630859375,26820100
2021-03-08,META,263.7078969878338,263.7376876689268,253.28074947590162,253.5389404296875,18391800
2021-03-09,META,259.36824065418534,266.66726127339814,258.0077489120371,263.8966064453125,22039700
2021-03-10,META,266.77654693652994,267.10424450012505,261.0465521391515,263.0624694824219,14210300
2021-03-11,META,266.2501394394714,275.9722359021643,265.96217295395087,271.9801330566406,21834000
2021-03-12,META,267.27306492322964,267.86887864473107,262.18855548795733,266.5381774902344,20600200
2021-03-15,META,267.2134253470967,274.0457048286008,266.63746204114943,271.8510437011719,16844800
2021-03-16,META,274.1648374392851,280.1828274899557,272.89371792930007,277.3426513671875,22437700
2021-03-17,META,273.7974438086778,284.24448797008944,273.49953697383603,282.0398864746094,21315000
2021-03-18,META,277.92858482314426,283.2116881663582,276.3496180179357,276.687255859375,18728300
2021-03-19,META,279.26921858795276,290.76887646170974,279.2493682351889,288.0975341796875,38930500
2021-03-22,META,288.4352224866444,297.6309672357557,284.7608764742998,291.5037841796875,28273100
2021-03-23,META,291.11646090364803,295.9328233174748,287.79963356760106,288.61395263671875,23000900
2021-03-24,META,288.9813865930339,289.6963932978706,279.20964849752187,280.182861328125,18675000
2021-03-25,META,279.0309091806208,286.06178331046056,275.82330413065733,276.8064270019531,24505600
2021-03-26,META,276.3694427158467,282.5264459269405,275.84312049630233,281.05670166015625,17629200
2021-03-29,META,283.78765555297224,291.1462573927489,282.72510097717293,288.8026428222656,21718800
2021-03-30,META,287.819489559495,290.44119091458725,284.7112272475432,286.002197265625,17474500
2021-03-31,META,287.9783323758534,294.4431822644306,286.6079005740464,292.4868469238281,19498200
2021-04-01,META,296.3300202168841,300.3022725798608,294.54251877589684,296.5882263183594,17616000
2021-04-05,META,298.80282480269153,308.6142645500675,298.59425969369767,306.7671813964844,28237000
2021-04-06,META,306.697587369966,309.1901853123323,303.132494672926,304.135498046875,17335200
2021-04-07,META,304.21494543454486,312.07007816687496,303.3807760699453,310.9181213378906,22855200
2021-04-08,META,312.6659554448147,313.6888093314046,307.8992338881179,310.8486328125,20894100
2021-04-09,META,309.2398968599878,312.5567245519799,308.1773118854652,310.29254150390625,15988600
2021-04-12,META,308.8922542226104,309.984629655204,305.79390230898474,309.3788757324219,10881900
2021-04-13,META,310.04422299179186,312.2488242933257,307.17428638234855,307.6112365722656,14036900
2021-04-14,META,305.1682943929614,305.89324140381507,299.85543077610873,300.7193908691406,17421400
2021-04-15,META,304.2149784475269,307.98863680837684,301.99052656720033,305.6847229003906,14558300
2021-04-16,META,306.03230773662983,306.80689584078993,302.496974770129,304.05609130859375,13059200
2021-04-19,META,302.8942064698286,305.56554881533964,298.4750632513306,300.1434020996094,14553500
2021-04-20,META,299.8950813844623,302.98352302936263,295.14824152456384,300.5505065917969,16796400
2021-04-21,META,299.85540432541285,299.88519500510046,295.3270391776164,299.37872314453125,14863500
2021-04-22,META,299.23970504780726,300.8187021222801,293.98642281520046,294.46307373046875,16375400
2021-04-23,META,296.687582670293,300.4910015370838,295.08873509812,299.0411376953125,17536800
2021-04-26,META,301.23580358211467,303.67873069928305,299.4681522036944,300.9378967285156,16172600
2021-04-27,META,302.16920808926756,303.2218524436181,299.0211850482078,301.4641418457031,15309300
2021-04-28,META,305.2278718530595,308.7632045092743,303.25168590435214,304.9696960449219,33907200
2021-04-29,META,327.82999712931587,329.50827625117904,319.3790201563974,327.2242431640625,56526800
2021-04-30,META,323.87765659537024,327.532122010799,322.24901835025764,322.8249816894531,26332400
2021-05-03,META,323.90743925273455,326.27090422619693,319.6074585992322,320.3423156738281,18719500
2021-05-04,META,317.8001000099137,319.95506066247276,310.9479694379173,316.151611328125,24032600
2021-05-05,META,315.98274005728,318.8328262137328,312.30839458302705,312.834716796875,15577600
2021-05-06,META,312.3382316599115,318.01855446537013,311.0969026404135,317.8000793457031,19012200
2021-05-07,META,320.14376539937564,320.69987844704383,316.53894061495964,316.86663818359375,15916700
2021-05-10,META,312.1694082519749,312.3977933814333,302.7154276382799,303.8475341796875,24239200
2021-05-11,META,298.66372208325555,304.71147261940786,297.6110776402006,304.40362548828125,18920100
2021-05-12,META,299.0411306344249,302.8445494114103,296.121522359294,300.4512634277344,24645500
2021-05-13,META,303.9568059752801,306.7175207774246,300.66976882867266,303.14251708984375,18079200
2021-05-14,META,307.3927244979176,314.65201248518645,306.93589370512785,313.7483215332031,19245700
2021-05-17,META,311.3749437134494,313.49017310689794,309.4186080633365,313.2716979980469,15401300
2021-05-18,META,313.4008264166306,314.3045176079125,307.6609220624403,307.80987548828125,14522400
2021-05-19,META,302.0798852044265,312.4772577066652,301.46419089388326,311.4146728515625,19106200
2021-05-20,META,311.4047347873846,317.0354162827345,310.9876652282522,316.39984130859375,17320200
2021-05-21,META,317.07511701397885,317.71066162154136,313.6192466103653,314.0363464355469,13600900
2021-05-24,META,316.002603774066,323.68893285411247,315.82385968766243,322.3780822753906,16445400
2021-05-25,META,324.8111081200431,326.8965469654158,322.5469251665803,325.5162048339844,16437000
2021-05-26,META,326.07227039727064,327.54198436900356,323.5598220015561,325.3870544433594,9686900
2021-05-27,META,325.72472236570246,331.4646263219847,324.4933337229342,330.4417724609375,20477700
2021-05-28,META,328.7038883383271,330.56091149903165,326.05239650868407,326.44964599609375,12037400
2021-06-01,META,327.859776244359,329.12098577650926,324.3741453730533,326.84686279296875,11765900
2021-06-02,META,328.0882083208523,329.56786271635684,324.85081275421754,326.8667297363281,11654300
2021-06-03,META,323.520083700462,325.1089906636587,321.23605077615906,323.7782897949219,12610800
2021-06-04,META,323.63929770571855,330.15379001187324,322.92429097426816,328.0584411621094,13289400
2021-06-07,META,327.19442430172865,335.3474634485492,326.6482214412393,334.2451477050781,20136700
2021-06-08,META,334.36436543557863,335.95324218671897,329.93528208942485,331.36529541015625,14580500
2021-06-09,META,333.41101346017734,334.463657978423,327.710840656936,327.9591064453125,13727900
2021-06-10,META,328.49537952813114,331.6235225004314,326.2708973852136,330.1537780761719,13240200
2021-06-11,META,330.27294808646184,330.52121388823963,326.64827344168265,328.9621276855469,13587900
2021-06-14,META,329.59762560722135,334.4835092274623,327.5221274355902,334.433837890625,12250800
2021-06-15,META,334.65235745209895,337.5620556551971,332.7059620693409,334.4140319824219,15795200
2021-06-16,META,334.3643653995588,335.2084448088056,326.439710773516,328.7833251953125,17232200
2021-06-17,META,328.197430149362,335.6354937373488,327.8597923156813,334.1756896972656,17794100
2021-06-18,META,332.2094430903154,333.8182006835169,326.71780460807463,327.37322998046875,23039500
2021-06-21,META,328.7932973670429,330.6106200281411,325.37715747103,329.9849853515625,11337500
2021-06-22,META,330.3821755239405,337.56203287221103,330.29280347884355,336.6781921386719,15345300
2021-06-23,META,336.9959674168666,341.0377414877368,335.8539509185642,338.22735595703125,14817800
2021-06-24,META,339.47861689152836,342.50744713580673,339.41903553173717,340.79937744140625,12329100
2021-06-25,META,340.2135219727783,341.7329074740562,337.32370439076266,339.0019836425781,14594400
2021-06-28,META,340.0843790089774,355.65563137017324,339.39916304899543,353.1729736328125,29156100
2021-06-29,META,353.79856535373204,354.2653062040058,346.62864885077636,349.448974609375,21417300
2021-06-30,META,349.72702611903964,350.4718234032726,344.76171089081953,345.2979431152344,15107500
2021-07-01,META,344.4142055426795,352.2097581594582,344.09641802750997,351.93170166015625,17137000
2021-07-02,META,352.63675169325717,353.9674527570495,350.17394402400754,352.2395324707031,11521300
2021-07-06,META,354.02702092017273,356.30114407035626,346.7577912256229,350.33282470703125,13488500
2021-07-07,META,352.79561580909495,354.0170640582016,347.57209406891997,348.0586853027344,14218900
2021-07-08,META,343.33175084560787,345.91369091939293,340.1837271688575,343.2522888183594,14406500
2021-07-09,META,342.9245386589562,348.2771327231589,342.87486732307934,347.9891662597656,13018700
2021-07-12,META,348.7935700152841,351.7330283603502,347.21460329360013,350.7101745605469,10018600
2021-07-13,META,349.0616489494712,356.0031497100733,346.38036669294195,349.6475524902344,11456000
2021-07-14,META,352.1004253817019,352.7360002675239,344.3247551938315,345.218505859375,13894200
2021-07-15,META,346.807456771449,346.807456771449,337.8599480408071,342.0705261230469,14781600
2021-07-16,META,342.51738245801107,343.5898772244563,337.7804825885688,338.79339599609375,11026100
2021-07-19,META,335.22833468467167,337.4329360890241,332.2193545536119,334.6126403808594,14372300
2021-07-20,META,336.44977124178934,341.0675389712737,332.1796119696146,339.2899475097656,11024300
2021-07-21,META,339.1310778108753,344.11624409141785,338.88281201452764,343.8282775878906,9279700
2021-07-22,META,344.2751207728499,349.1014233736785,342.8153167504496,348.75384521484375,12385400
2021-07-23,META,358.4064175626375,372.7263709130637,354.712221510125,367.2248229980469,33694300
2021-07-26,META,367.0162853811016,371.8425883087263,365.6657339712904,369.8763122558594,14925200
2021-07-27,META,369.33010978819533,370.5614983630885,362.0211494423419,365.258544921875,15705400
2021-07-28,META,371.9617017952176,374.93095068238745,364.38462570750005,370.6905822753906,29676900
2021-07-29,META,358.4957829668107,362.984417317109,354.26532441729825,355.8343811035156,33413200
2021-07-30,META,351.54436646173724,358.22769258735656,350.49172191318684,353.8283996582031,15976200
2021-08-02,META,355.61593858624593,356.906908626089,348.3069776627504,349.50860595703125,13180400
2021-08-03,META,350.28321268932035,351.3159766538201,345.2881057311439,348.80352783203125,12406100
2021-08-04,META,349.97529641844375,357.97938224565,349.0716053984844,356.4302062988281,14180600
2021-08-05,META,357.14526133882947,361.3756899337369,354.4242475815402,360.4521484375,10247200
2021-08-06,META,358.892993928078,362.6169805079333,358.892993928078,360.9883728027344,8925000
2021-08-09,META,361.2366111867871,363.24258756226476,358.2474818207688,359.10150146484375,7798900
2021-08-10,META,359.3200344847057,361.5743072827586,356.5494100527903,358.6249084472656,7469900
2021-08-11,META,359.5881517418357,359.8463275378054,355.3279025907099,357.4629821777344,8400300
2021-08-12,META,355.96346124829,360.4818859888844,354.6327300964026,360.1343078613281,7170700
2021-08-13,META,360.4521707685684,362.13045009347235,358.97251621695744,360.66070556640625,7195700
2021-08-16,META,360.00519827466246,364.4044905245211,354.9008700659113,364.0171813964844,11222100
2021-08-17,META,360.462075868413,362.1403550292865,352.60694265481555,355.9635009765625,12328700
2021-08-18,META,353.7787829603999,357.36372674757365,352.6864073237661,352.9843444824219,10042400
2021-08-19,META,348.9126880907285,355.08954110949225,348.56510998256186,352.6565246582031,12004500
2021-08-20,META,352.14020531327213,357.49280002789834,350.85914534134406,356.8771057128906,8697700
2021-08-23,META,356.9466479627438,363.1532931180248,356.6090101030027,360.82952880859375,10942000
2021-08-24,META,361.1373145898699,365.40747360841516,359.32993255449776,362.9744873046875,9235100
2021-08-25,META,363.06387912846816,368.287370479807,362.8652543840877,365.83453369140625,9684500
2021-08-26,META,365.82460856264174,366.877253078658,361.6040901691806,361.85235595703125,7888700
2021-08-27,META,362.5673411067195,371.1473904662414,361.55439735667915,370.04510498046875,11219100
2021-08-30,META,369.97562175122965,378.843668815076,367.94976434643246,378.0194396972656,13547300
2021-08-31,META,377.3143442669874,380.10484920750287,376.17229743518845,376.748291015625,12345400
2021-09-01,META,376.9568533074591,381.66396313831876,376.18226523015454,379.3997802734375,11567200
2021-09-02,META,378.85358112737276,379.10184690792806,371.4651890735768,372.6767272949219,14832900
2021-09-03,META,372.1503978778012,374.54368359292056,370.5217598419335,373.6499328613281,7509600
2021-09-07,META,373.2725538548956,380.303427098371,370.56148074730555,379.5288391113281,10793800
2021-09-08,META,377.5228659344318,378.22793223895627,372.19012201827695,374.9508361816406,11067200
2021-09-09,META,375.02041095563226,377.1951915376633,373.9578260311305,375.3778991699219,9098900
2021-09-10,META,378.7145106920506,381.1276769391466,375.6360394777638,376.06304931640625,11549600
2021-09-13,META,379.0323434951405,379.1018651904603,371.7532037928041,373.8982238769531,13026300
2021-09-14,META,374.7820203796107,375.9637679324981,372.5078973191111,373.9180603027344,8711600
2021-09-15,META,374.3847313850085,374.94084421140207,365.11946741502595,371.32611083984375,17940300
2021-09-16,META,370.20399081447476,370.9686384692154,367.1453395837524,370.47210693359375,11934200
2021-09-17,META,368.83359750741874,368.83359750741874,359.08170985434447,362.19000244140625,26299000
2021-09-20,META,356.8075775570263,358.5255877160873,347.3734776350834,353.2325744628906,19822800
2021-09-21,META,356.0131576959178,357.5424835116956,352.72612092380973,355.000244140625,11751900
2021-09-22,META,344.82126459921614,347.41314439369233,338.326624315838,340.8291320800781,43692900
2021-09-23,META,342.96430614109624,347.244436588427,340.6206914406906,343.5601501464844,21806300
2021-09-24,META,340.8589909880195,351.8919385080049,339.9950308835849,350.5115661621094,18801900
2021-09-27,META,347.3834211027895,352.6863747332731,344.67234776955803,351.12725830078125,15205800
2021-09-28,META,345.5561863357287,347.1748841230016,336.56897692930727,338.2869567871094,21710300
2021-09-29,META,340.7696639794577,342.83525260654477,336.52929461543,337.25421142578125,14452200
2021-09-30,META,338.08838065803866,340.42205494779716,335.8043171003503,337.0357360839844,16547100
2021-10-01,META,339.2403025206699,342.6266516425788,336.2909339336575,340.630615234375,14905300
2021-10-04,META,333.2024545158559,333.6096140159672,320.46146851508894,323.96697998046875,42885000
2021-10-05,META,326.30064749528105,332.8548697640081,323.89745185713826,330.6502685546875,35377900
2021-10-06,META,327.4526216500832,332.0604490478025,323.53995055480846,331.3255920410156,26443000
2021-10-07,META,334.66227881082483,336.4895113551633,326.6979233231299,326.9362487792969,28307500
2021-10-08,META,329.21036149099893,331.087235010964,326.42976659780624,327.7604675292969,15946100
2021-10-11,META,325.35731443923436,328.1676700761693,323.0534004471165,323.19244384765625,14708200
2021-10-12,META,320.7892212601343,322.12986271225867,315.168479613975,321.5240783691406,31658700
2021-10-13,META,324.70177077659827,324.73156145073494,320.42167219234443,322.28863525390625,14761500
2021-10-14,META,326.08220352646043,328.22722358123883,324.8309645572515,326.25103759765625,14302200
2021-10-15,META,326.40005454356856,326.78736379682255,320.2728706465115,322.50726318359375,21596400
2021-10-18,META,326.6681361594644,333.5599968627541,325.22818246588844,333.0137939453125,21585000
2021-10-19,META,337.29392341439353,340.0844286944019,334.94036838446834,337.6315612792969,18786300
2021-10-20,META,341.0675379865776,341.5938602237762,337.0952855380206,338.4160461425781,13639500
2021-10-21,META,337.919515805233,339.93543271791094,335.4567083681282,339.5084228515625,16354400
2021-10-22,META,324.08616582509086,327.34341175250825,318.8824942988653,322.35821533203125,35224500
2021-10-25,META,318.07809817024844,327.2738721557028,317.5021349079901,326.409912109375,38409000
2021-10-26,META,325.9829107086796,327.9193656165144,307.4523491823087,313.6192626953125,65654000
2021-10-27,META,312.0105042608327,317.0354012261963,309.8952749651828,310.0541687011719,29971800
2021-10-28,META,310.81879676750776,323.26187566968946,305.9726441964319,314.7215576171875,50806800
2021-10-29,META,317.96888127486596,323.73857554960784,317.3829776736138,321.325439453125,37059400
2021-11-01,META,323.77836819593574,331.1369709169669,323.7386371781183,327.6910400390625,31518900
2021-11-02,META,329.08129551893205,332.467644744342,321.55385932113387,325.8041687011719,28353000
2021-11-03,META,325.21825476736853,329.8459328747701,320.9580354976296,329.3196105957031,20786500
2021-11-04,META,331.6930007694114,334.9303657214062,330.3424192552651,333.5202331542969,22495300
2021-11-05,META,337.9492918468167,344.3843514680438,337.28395655939903,338.76361083984375,26872800
2021-11-08,META,342.03081085258987,342.3982393556077,335.99297015181077,336.2710266113281,18342500
2021-11-09,META,337.6414353317068,338.94234549630863,332.14979790457625,333.0435485839844,17556700
2021-11-10,META,330.1835809161458,330.87873729375485,323.2520190237952,325.36724853515625,21872600
2021-11-11,META,327.5320799248782,330.1537507579003,324.73163470083574,325.46649169921875,12376600
2021-11-12,META,327.8895713138474,339.48854119804446,327.49235212990004,338.5252990722656,25414300
2021-11-15,META,341.9513528589392,351.1967681291148,340.81927665538785,345.1490173339844,25076600
2021-11-16,META,341.444923311803,344.24536894528535,338.50546458262573,340.5809631347656,18181100
2021-11-17,META,341.85205836625045,344.8908292635212,337.7407925723655,338.4061279296875,13602800
2021-11-18,META,337.3634300511978,340.0844135094988,332.97407739167016,336.340576171875,17487200
2021-11-19,META,339.8262220829443,349.65754120765286,337.54215865420935,342.9046936035156,26488500
2021-11-22,META,346.6286760200637,351.3755166050516,338.1479386460966,338.64447021484375,27116800
2021-11-23,META,336.5788918252043,339.0317590592541,331.1865661032912,334.9105529785156,17225000
2021-11-24,META,333.6692250990394,339.40912900904357,330.5013511624678,338.6941223144531,13566200
2021-11-26,META,333.47060617009134,335.4070915076629,329.5976658008317,330.8092041015625,14750700
2021-11-29,META,334.55307386475175,338.30685152461643,332.9840170474469,335.6851501464844,16650900
2021-11-30,META,332.67612154171803,333.4805001872441,321.18637478700055,322.209228515625,25390000
2021-12-01,META,327.99885131334366,328.20738609874235,308.1375874041913,308.4454345703125,30329600
2021-12-02,META,309.2398812049933,312.41769563708294,305.0690338569957,308.2369079589844,24396200
2021-12-03,META,311.55367511809095,311.5735254685623,297.4223772998706,304.7114562988281,27471000
2021-12-06,META,305.99258224552244,317.87955048932594,304.2149905529818,315.6650085449219,21758300
2021-12-07,META,319.3392902346361,324.27481477403893,318.7732370263186,320.5706787109375,18794000
2021-12-08,META,322.7454788174438,330.44171715847517,320.8288744781848,328.26690673828125,19937700
2021-12-09,META,327.2540480147095,333.79833071804273,325.7247222356388,327.5321044921875,16879200
2021-12-10,META,330.2531521315372,332.7060198693722,324.10608744250726,327.462646484375,14528000
2021-12-13,META,328.65425606299516,338.72390047483293,327.30367444275134,332.169677734375,22948700
2021-12-14,META,325.7743343201105,333.37129119790376,325.37711514556946,331.42486572265625,20461000
2021-12-15,META,330.18354541056993,339.73680772798974,321.7325989098653,339.2899475097656,24681300
2021-12-16,META,336.62855788973843,342.07052456232094,331.4248863696693,332.57684326171875,22635000
2021-12-17,META,330.4914256670543,334.77152569712786,328.4556581996595,331.4745788574219,40012600
2021-12-20,META,327.49239434582324,327.6115570857802,320.2926858498686,323.19244384765625,17901800
2021-12-21,META,324.145773318854,333.6692460807012,321.50422148400895,331.8817443847656,16116800
2021-12-22,META,331.48442117053827,332.18951772905075,325.9828739061611,328.1576843261719,16764600
2021-12-23,META,327.81016077558,334.33459312161733,326.0822102396696,332.91448974609375,13987700
2021-12-27,META,336.49942552370055,345.4568434568832,335.6652561860855,343.778564453125,17795000
2021-12-28,META,344.2254578364717,350.26326798561126,342.80538491551954,343.81829833984375,16637600
2021-12-29,META,344.50349656544427,347.2642105541024,339.27006535012606,340.56103515625,10747000
2021-12-30,META,341.6136727547034,344.8212771619057,340.83908482522725,341.9711608886719,10593300
2021-12-31,META,340.64046754852063,341.0575673531457,333.9372921371866,334.0167541503906,12870500
2022-01-03,META,335.9532336041818,338.71394780170056,334.850948113297,336.19158935546875,14537900
2022-01-04,META,337.59181528292993,340.71001767926003,329.5678484085995,334.1955261230469,15998000
2022-01-05,META,330.70987981234885,333.43089345554057,321.5935673547167,321.9212951660156,20564500
2022-01-06,META,320.58066472960667,336.8172538693063,320.4813523499069,330.1537780761719,27962800
2022-01-07,META,330.4318256549176,334.6622844079269,326.59861641000646,329.4884338378906,14722000
2022-01-10,META,323.05338636520554,326.0623666414972,313.2419171246315,325.79425048828125,24942400
2022-01-11,META,324.51316123835636,332.3087126977734,323.0235665762721,332.0505065917969,16226800
2022-01-12,META,332.85487581183287,334.03662330125775,327.74060701207145,330.9482116699219,14104900
2022-01-13,META,332.6563391580305,333.3018242108338,323.50029475979665,324.2153015136719,14797100
2022-01-14,META,319.5578022642355,330.4219156428618,318.9818086610025,329.59765625,16868500
2022-01-18,META,321.04738263480675,321.9609837284619,315.4365821014618,315.9430236816406,22645600
2022-01-19,META,317.3630760290454,324.8309295571521,317.1148102666669,317.3730163574219,20814700
2022-01-20,META,321.65315473896703,325.54597570040505,313.78811140295323,314.36407470703125,16925000
2022-01-21,META,312.6261943760006,316.10191525145456,300.9378525135199,301.06695556640625,28710700
2022-01-24,META,295.77392053287866,307.38283100711567,287.00518638419567,306.5685119628906,38878100
2022-01-25,META,297.8693376599705,304.10577373520374,295.5157522712907,298.06793212890625,25108500
2022-01-26,META,304.88037108409003,305.376902730268,288.83246464291113,292.58624267578125,28348800
2022-01-27,META,295.68454210791685,299.6170635525719,292.218761538942,292.59613037109375,21629900
2022-01-28,META,293.5692847644114,299.80571931014885,290.99725518246254,299.6170349121094,21871600
2022-01-31,META,298.5942235776512,311.61329736004865,297.2436722273169,311.08697509765625,21579500
2022-02-01,META,312.3779070582883,317.4425346173089,309.9548308191628,316.787109375,18023800
2022-02-02,META,325.54597109978323,325.72471519446594,314.6719174183467,320.7593994140625,58458300
2022-02-03,META,242.9528917001212,246.2796592879698,234.11463579491482,236.11068725585938,188119900
2022-02-04,META,233.3400539489898,240.92705595132773,228.5137663432525,235.44534301757812,89342200
2022-02-07,META,236.05110936639238,236.64695332171354,222.4560723238542,223.34983825683594,88613800
2022-02-08,META,219.31798399643122,224.2038524585469,214.6505754679408,218.65261840820312,94729700
2022-02-09,META,222.64474501260375,231.75113186310045,220.66855913240377,230.39064025878906,86563300
2022-02-10,META,226.68653990638668,233.36985097006743,225.12742341585542,226.48793029785156,49310400
2022-02-11,META,226.87523572809076,228.8216312035703,217.2524504549851,218.02703857421875,46156900
2022-02-14,META,217.78868216906557,219.46696135685332,213.2901072050722,216.18984985351562,38184000
2022-02-15,META,218.94061199946717,219.61588760053033,213.56813725848932,219.46693420410156,42685500
2022-02-16,META,210.93656204047352,215.95153432834283,210.8869058489219,215.03790283203125,45817500
2022-02-17,META,212.53539144000152,215.99124715160343,205.722977245562,206.2691650390625,38747500
2022-02-18,META,207.9374784326616,209.28804483223993,203.75667618414028,204.72988891601562,37128400
2022-02-22,META,200.9363830884198,206.04072679270618,198.67220044312174,200.67819213867188,39852400
2022-02-23,META,202.74379248058972,205.50450704512744,196.67617554494552,197.07339477539062,44481400
2022-02-24,META,189.73463943279745,206.90470945781502,188.90047003925045,206.159912109375,49957200
2022-02-25,META,203.51834992686946,209.85409722269867,201.77054920915654,209.01991271972656,37627600
2022-02-28,META,206.23936372000767,211.67142078419803,205.3952690687819,209.56613159179688,34239800
2022-03-01,META,208.41416290445198,210.28112651537154,200.81723570545105,202.07843017578125,27094900
2022-03-02,META,203.35946456811018,207.6991455549935,200.61861581106922,206.66636657714844,29452100
2022-03-03,META,207.57004629865273,207.62962765814248,200.02276093585826,201.56201171875,27263500
2022-03-04,META,200.96618413763912,204.46177065665356,197.41101625429653,198.67221069335938,32130900
2022-03-07,META,199.39713300609475,199.49644537718342,185.98085599196915,186.16954040527344,38560600
2022-03-08,META,186.5468944035454,195.33549304044826,184.81895929335968,188.96995544433594,37508100
2022-03-09,META,194.38219787476945,197.71889086123977,192.5748155619996,197.123046875,31894700
2022-03-10,META,193.48842180655208,194.9184351766103,189.74458461606886,193.85586547851562,24853000
2022-03-11,META,191.30365359610056,192.21726972763392,185.37506633949647,186.3085479736328,34694500
2022-03-14,META,185.73260739881346,190.95611432836714,184.53100942336172,185.33538818359375,31010500
2022-03-15,META,189.47645828108818,190.94618754859334,184.62037992402477,190.6979217529297,31721700
2022-03-16,META,193.34937665165634,202.31673495935266,193.17063257251073,202.21743774414062,40640300
2022-03-17,META,200.30081726148748,206.59683345944606,199.7149136896044,206.39822387695312,29499700
2022-03-18,META,205.26615383037955,215.2960978900843,204.57101264324805,214.98825073242188,52128000
2022-03-21,META,213.01206410379527,213.22061405063212,206.18972452199992,210.02294921875,30142300
2022-03-22,META,209.9037381409255,217.93762996556708,208.72199065254847,215.14710998535156,31998800
2022-03-23,META,211.85016024926963,215.2960905373746,210.68827820054256,211.97926330566406,23717300
2022-03-24,META,213.50856930007075,219.1392353325616,213.30001937904194,218.046875,31502300
2022-03-25,META,218.98035503124117,223.9357457242786,217.37159753839384,220.28128051757812,40039000
2022-03-28,META,220.58912249182504,222.48586159323668,218.01707741553452,222.0389862060547,26224100
2022-03-29,META,224.50180014859438,229.28835679181603,223.7271969282728,228.2655029296875,31417900
2022-03-30,META,227.32206885833335,229.5465204163885,225.13733315541214,226.26942443847656,25588000
2022-03-31,META,226.86525534326952,226.90498635172153,220.7181925146224,220.8175048828125,24192300
2022-04-01,META,222.99231547506832,225.7033734142689,221.15514273376638,223.2902374267578,19544800
2022-04-04,META,224.41241418163085,232.72436333956819,224.29325144843688,232.26754760742188,28054800
2022-04-05,META,232.45621733585187,235.2169316018234,229.4174466080516,230.23175048828125,29727200
2022-04-06,META,225.3359501951381,227.40152324808412,219.8741031805888,221.75099182128906,28995100
2022-04-07,META,222.3766247719894,223.95560670287298,217.04388048466566,221.40342712402344,21037200
2022-04-08,META,220.83739117412068,223.56831487406782,218.50368667844387,220.78773498535156,18375700
2022-04-11,META,216.90486095018167,219.07967176886117,213.72706176092154,214.95846557617188,20516600
2022-04-12,META,218.7122165607691,220.48979279339932,211.65153750858536,212.65452575683594,20128800
2022-04-13,META,210.35066381723541,215.10743009321757,209.864057372154,213.49867248535156,19231800
2022-04-14,META,213.399334103251,213.49864647682404,208.54325603316772,208.7220001220703,18379500
2022-04-18,META,208.54325950228275,211.89981776607013,206.85505519404293,209.30792236328125,16580800
2022-04-19,META,209.0596591305934,216.91477715151493,207.5501988958004,215.80255126953125,20089900
2022-04-20,META,212.1282301137777,212.67441790270703,197.5401293256184,199.02972412109375,43036500
2022-04-21,META,200.20153948544436,201.56203116820575,184.29266339015666,186.76539611816406,49954100
2022-04-22,META,189.04942502299562,191.3831294620627,181.99868582411173,182.83285522460938,36426800
2022-04-25,META,181.46242757918057,185.88155562508723,180.39985787402478,185.69288635253906,29281100
2022-04-26,META,185.33538515455388,185.8914981079493,178.25483986956792,179.6947784423828,31747400
2022-04-27,META,173.21997688343922,179.95295816108907,167.8276519091192,173.7363739013672,71062900
2022-04-28,META,201.51236675769346,207.08345147435523,191.5618700393527,204.30287170410156,100890600
2022-04-29,META,203.04168818781721,211.00604334340784,198.51330772123916,199.07936096191406,49193400
2022-05-02,META,199.77451976842804,210.41023318222747,199.59577566794923,209.66543579101562,49915300
2022-05-03,META,208.99010173496467,213.4092289785832,206.64647248904333,210.55914306640625,41556300
2022-05-04,META,209.1887491007281,222.74407035940482,205.52435875990173,221.86024475097656,41375900
2022-05-05,META,217.22263694269984,218.64270996108357,204.72990080911183,206.83518981933594,41129200
2022-05-06,META,205.90170328237653,207.9275605290676,199.62555225514092,202.35647583007812,34747200
2022-05-09,META,198.45374711598748,201.1648205739182,194.22330332061387,194.84893798828125,36303200
2022-05-10,META,198.12601337505205,201.55209318806584,192.84292556927107,196.27891540527344,34452500
2022-05-11,META,194.9681017385989,199.27799243110317,186.96401469453613,187.43075561523438,31153400
2022-05-12,META,185.76240936095664,196.67617994764143,183.49822636026158,189.91342163085938,38262200
2022-05-13,META,191.24409306072036,198.50338187615907,189.95310800388307,197.2421875,24549800
2022-05-16,META,195.68310969161757,203.94538776702177,194.57086858599118,198.65235900878906,27112600
2022-05-17,META,200.717915455325,204.0347578335047,196.98400353286522,201.21444702148438,24872700
2022-05-18,META,198.61264401454093,199.60570723461365,190.3007097114739,190.90647888183594,23960000
2022-05-19,META,189.8736406629152,193.93526465542763,188.28474897063236,189.9630126953125,24446900
2022-05-20,META,193.6175062700501,196.53711409468445,186.56675247378425,192.19741821289062,31465600
2022-05-23,META,193.83601060059402,195.62352741117638,189.91341394730676,194.86878967285156,25059200
2022-05-24,META,179.29754438158685,182.4058215571146,174.88834182641335,180.02247619628906,50406300
2022-05-25,META,179.14859492045568,184.16356710269176,178.07610000083076,182.5548095703125,28030200
2022-05-26,META,181.6113728734375,191.49234705109404,180.99566348711593,190.30067443847656,23056500
2022-05-27,META,190.0325607294829,193.97502255882603,188.48338467468687,193.7764129638672,22562700
2022-05-31,META,193.53805118598245,196.22925863503252,190.67802484203835,192.29672241210938,26131100
2022-06-01,META,195.1468225764307,198.1458773543672,183.7166718529617,187.3314208984375,36623500
2022-06-02,META,187.14275367920058,199.5461182815414,186.4277469756888,197.4805450439453,31951600
2022-06-03,META,194.6205141545029,195.2461487952102,188.46352558358373,189.4565887451172,19465000
2022-06-06,META,192.6443358781859,195.55400378462718,187.09310106659834,192.90252685546875,30574200
2022-06-07,META,190.59857480405893,195.16667067691768,190.16163981141005,194.2927703857422,18828700
2022-06-08,META,193.3196042963057,200.62854978866102,193.06141332875293,195.27593994140625,22267200
2022-06-09,META,192.9323054091504,198.0664400188012,182.40583007585803,182.72361755371094,23501600
2022-06-10,META,181.77026400868175,181.829860523431,173.8059088194691,174.3520965576172,27450800
2022-06-13,META,169.40662002400506,171.38282092477996,162.89212891887655,163.1205291748047,31749300
2022-06-14,META,164.87827126596156,165.59327793615202,160.24066823896615,162.59422302246094,27244300
2022-06-15,META,166.04015237028412,170.96575216430253,162.84248787819953,168.1752471923828,30008300
2022-06-16,META,162.58431031260895,163.93487688731022,158.50281990437463,159.7540740966797,26944100
2022-06-17,META,160.5584488585028,164.7491767213856,158.7907975972423,162.6041717529297,31374200
2022-06-21,META,164.77896178821595,166.59626917748903,154.88806126492062,155.9605712890625,50724900
2022-06-22,META,157.28132330812886,159.67459362979557,154.36171565402097,154.7688751220703,47267800
2022-06-23,META,155.1859658329667,158.64182097667785,153.1799742450864,157.6487579345703,40499200
2022-06-24,META,160.60809926890386,169.0690015635416,160.18108938711842,168.97962951660156,68736000
2022-06-27,META,170.1315618845961,170.55857170482776,166.8445105980896,168.3142547607422,29174600
2022-06-28,META,168.72142760981015,170.11172514854024,159.49587736831415,159.5653839111328,27744500
2022-06-29,META,162.43536684806529,165.17621602665525,159.20791121061575,162.80279541015625,28595200
2022-06-30,META,161.02519001781133,164.08382645795453,157.3905902626989,160.13143920898438,35250600
2022-07-01,META,159.19794782136924,159.50579496695804,153.9247850296623,158.91989135742188,31423900
2022-07-05,META,157.0430264385636,167.08289680199593,155.93080041429153,167.0233154296875,28618600
2022-07-06,META,167.0332296710171,170.39971336251205,164.31224616080019,168.59234619140625,23085900
2022-07-07,META,168.2745760079702,171.52189729686165,166.61616208720045,170.99557495117188,24083400
2022-07-08,META,168.80085998074657,171.20407084283283,166.98355270569803,169.6946258544922,19249200
2022-07-11,META,165.9110745220636,166.3281592437503,160.7868648220126,161.75013732910156,21885600
2022-07-12,META,163.65679062146467,164.75909119254507,160.97552346700783,162.1374053955078,16639700
2022-07-13,META,159.04897901871416,163.83553495874915,158.50279131991883,162.3558807373047,16555100
2022-07-14,META,160.10163679992067,161.462128420122,156.18896569777073,156.95362854003906,23765200
2022-07-15,META,159.42634884359796,163.8355515824348,158.71135732791987,163.5574951171875,23342800
2022-07-18,META,165.59326500501615,170.4989989384807,164.49096440396264,166.06993103027344,23574300
2022-07-19,META,169.1881631762132,175.26571992802639,168.3341282653375,174.56063842773438,25933700
2022-07-20,META,176.2587716124654,182.32638764041948,175.47424329322635,181.81991577148438,24784300
2022-07-21,META,179.37699465061837,182.57465908137436,177.6291938767748,181.8993682861328,27195800
2022-07-22,META,171.86943747705087,174.38188590031115,167.2417598081677,168.09579467773438,42583900
2022-07-25,META,167.827677310981,169.38679377598018,163.66674016501324,165.4939727783203,26166300
2022-07-26,META,164.78889708215877,164.84847844507803,156.85431727302677,158.04598999023438,28468400
2022-07-27,META,161.46215354735517,169.68471621656406,160.8961153625832,168.40367126464844,43846600
2022-07-28,META,159.94274035613432,160.38961572025178,153.77582699484466,159.6051025390625,73214300
2022-07-29,META,156.5961304718885,159.0291321576182,154.09360709228082,157.99635314941406,42065400
2022-08-01,META,156.1591851083066,164.04410918466886,154.15319324119818,158.82058715820312,40596700
2022-08-02,META,157.2118327223143,161.11457897672165,156.9139107318116,159.07879638671875,27374500
2022-08-03,META,161.56145723337113,168.36393117953668,160.4492312790305,167.6290740966797,31721900
2022-08-04,META,167.13252231139165,170.9558061443517,165.64292766539518,169.38677978515625,23938200
2022-08-05,META,165.83159717566522,170.4195434240911,164.64984977157033,165.9507598876953,25832700
2022-08-08,META,166.83462322756057,176.27864912306143,165.9706630633594,169.0690155029297,27299100
2022-08-09,META,167.77800080416407,168.35397919679417,165.44431170704559,167.3609161376953,18655100
2022-08-10,META,174.7692005526362,179.22804468728987,172.74334310966682,177.10289001464844,30262100
2022-08-11,META,178.46337508205696,181.82985836067613,175.14653283572773,176.25877380371094,24079100
2022-08-12,META,179.5557414317746,180.20124155559793,177.6689275530866,179.24789428710938,21274000
2022-08-15,META,177.7185580701121,180.1813500246462,176.96382050529945,179.63516235351562,15878700
2022-08-16,META,178.19526119642512,179.73451217115374,175.8119004492171,178.2250518798828,21156700
2022-08-17,META,175.5338239205312,176.90425581483473,172.96179418949083,173.6370849609375,20118100
2022-08-18,META,173.1306377897958,174.54078574100586,170.66784525197417,173.44842529296875,18844500
2022-08-19,META,169.0193585513689,171.12466290092638,165.89121544108187,166.79490661621094,26240800
2022-08-22,META,164.34202175823924,164.34202175823924,161.13441695931127,161.9189453125,19499700
2022-08-23,META,161.35290814770875,163.90508790292597,159.585256823908,159.99241638183594,18111800
2022-08-24,META,159.48596568492076,164.3122537366885,158.66172136041752,162.12750244140625,20891500
2022-08-25,META,164.03415860747302,167.70850426753756,162.88221690647927,167.60919189453125,15550500
2022-08-26,META,167.3112650284955,169.734341390656,160.54850781539662,160.65774536132812,24023600
2022-08-29,META,159.5455264556274,161.91894673546284,157.90696319573627,158.06585693359375,20052700
2022-08-30,META,159.23771398353375,160.53862454551913,154.82851029198903,156.06983947753906,19567900
2022-08-31,META,165.91105457256884,166.6757022272474,161.01524575220782,161.7997589111328,40953000
2022-09-01,META,162.44523977970232,166.19901653234012,159.23765068217068,164.212890625,30145700
2022-09-02,META,166.28841544244423,166.76508149443754,158.11551025538967,159.2078857421875,22634200
2022-09-06,META,158.9894072176834,160.56837389852208,156.59612152734138,157.44021606445312,19339800
2022-09-07,META,156.66564374082208,159.8434580781021,155.7222367388541,159.27740478515625,16831200
2022-09-08,META,157.6090688684695,161.10464046070226,156.6457963416658,160.93582153320312,22530800
2022-09-09,META,162.11755708898195,168.36391755240584,161.88915681033242,167.97662353515625,22086800
2022-09-12,META,166.228832262736,170.20108467611442,166.11959471525049,167.78794860839844,23220400
2022-09-13,META,160.41939772079658,160.50878491113568,151.61093335516279,152.0677490234375,44444100
2022-09-14,META,152.2663791257827,152.47491390782315,148.0160699299061,150.41928100585938,43064200
2022-09-15,META,148.76086955837675,153.1303415527559,147.66849398331107,148.51260375976562,34606300
2022-09-16,META,147.02299299091143,147.5493152145355,143.28906608768818,145.2751922607422,40122800
2022-09-19,META,144.23249552916624,147.54932277133344,144.09346729604968,146.9932098388672,22169500
2022-09-20,META,144.76873672743025,147.80750737262215,144.2126238188906,145.0765838623047,23217400
2022-09-21,META,145.37450849074926,148.56224775043975,141.01496203125282,141.13412475585938,38338600
2022-09-22,META,140.56809023965945,143.577070336103,139.89279942616923,141.82928466796875,34418500
2022-09-23,META,140.4389929946804,141.63066577922177,137.92654436335064,139.43600463867188,31710700
2022-09-26,META,139.14799788660858,141.25330198021248,135.24526714438548,135.42401123046875,30497000
2022-09-27,META,136.96326843093527,138.45286316247478,133.18962541378022,133.46768188476562,30826500
2022-09-28,META,133.6861535620933,141.04475498386643,133.33859055874663,140.62767028808594,32658500
2022-09-29,META,138.39326272953332,138.86992873512628,134.26211693989015,135.46372985839844,38985400
2022-09-30,META,135.1062437159562,140.0119780697595,134.56005595639368,134.73880004882812,33166400
2022-10-03,META,136.18866414251312,138.651456228818,135.1558852524302,137.64846801757812,27723100
2022-10-04,META,139.51544995703262,141.4022639154571,138.37341822182503,139.30690002441406,34670700
2022-10-05,META,137.28105787017572,139.23739352437994,133.84505263982953,138.0159149169922,27979300
2022-10-06,META,136.76464446578143,140.46876539966271,135.65241869866074,138.10528564453125,36231100
2022-10-07,META,135.8113133948686,137.3306988296089,131.5212883888198,132.52427673339844,33214800
2022-10-10,META,132.62359773984062,135.16583719074,130.9552436295989,132.86192321777344,24024000
2022-10-11,META,130.70695919793616,131.73975329829742,126.10907981380274,127.64832305908203,38481400
2022-10-12,META,127.42985852953849,128.77048456243003,125.37421073165594,126.61553955078125,34605200
2022-10-13,META,122.67308358829318,130.2302943889548,121.68002048782748,129.3861846923828,34325700
2022-10-14,META,130.09127731386093,130.87579056319217,125.64235090871684,125.88069152832031,23559400
2022-10-17,META,129.39613707206735,133.85498111053334,129.27695918491287,133.1101837158203,29612200
2022-10-18,META,136.13901825885176,136.88381559214864,130.4884867324357,131.8787841796875,25445000
2022-10-19,META,131.96814833194603,136.04963808047793,131.3027979056716,132.3057861328125,30691000
2022-10-20,META,132.00788188487778,135.82125603082707,130.39912437440867,130.6175994873047,26356300
2022-10-21,META,125.4337934650105,129.21736132269453,124.56983344637268,129.10812377929688,46348600
2022-10-24,META,126.36729258833617,132.55407210052488,123.70588290109863,128.82015991210938,63563400
2022-10-25,META,129.97209374739708,137.39027576702426,129.68409698408797,136.55609130859375,38433200
2022-10-26,META,130.76656248235753,134.60972759312372,127.6384192822142,128.9194793701172,82791500
2022-10-27,META,97.30032829256321,101.78897028259763,95.71142123185368,97.26060485839844,232316600
2022-10-28,META,98.88922490447071,100.15041170257088,96.83358459909144,98.51185607910156,95928300
2022-10-31,META,97.53866036503508,98.63102827621302,91.95764293134883,92.51376342773438,121361400
2022-11-01,META,93.67565169773323,96.81372741045269,92.90106362865914,94.53961181640625,110189600
2022-11-02,META,93.55647365415787,94.539604000825,89.85235253745208,89.91193389892578,71821100
2022-11-03,META,89.45512541093512,89.8324866594847,87.79671186073098,88.29324340820312,60664000
2022-11-04,META,89.72325182690423,90.75603838606281,87.47892704303133,90.16020202636719,55638100
2022-11-07,META,94.1225197898974,96.20795079311442,92.45417347202974,96.04906463623047,81987300
2022-11-08,META,95.25461637027523,97.12157995769246,94.1324577284015,95.8008041381836,52088300
2022-11-09,META,101.01437905455495,104.17231999405277,100.04117388955267,100.76611328125,107677300
2022-11-10,META,106.37692154748625,111.96786404919858,103.88433105566673,111.0939712524414,80671000
2022-11-11,META,108.47228980898205,114.10295597850015,108.05519753324442,112.23599243164062,59961700
2022-11-14,META,110.22007605616892,115.46344823592956,110.03139921110841,113.42767333984375,53395000
2022-11-15,META,115.2648340397726,117.91631070591497,113.61635322887716,116.26782989501953,50670500
2022-11-16,META,113.70572877695277,115.27477034611428,111.87849624815995,112.44454193115234,33287800
2022-11-17,META,109.64410092220196,111.55078026305709,109.03833182279432,110.6768798828125,35093800
2022-11-18,META,113.01059621140104,113.52698574641832,109.85265490381686,111.27273559570312,33357700
2022-11-21,META,110.74639649912582,111.59050621756411,108.43256517321927,109.09791564941406,24351100
2022-11-22,META,109.09792004891445,110.84571334290337,107.56860186373298,110.66696166992188,29029000
2022-11-23,META,110.94502099638954,111.88842799797938,109.96189055795254,111.46141052246094,21343100
2022-11-25,META,110.52792371008826,111.94800421594746,110.24985968376664,110.63716125488281,12007600
2022-11-28,META,110.0115321403808,111.26279380344529,107.62817911717663,108.02540588378906,23309400
2022-11-29,META,108.78014572827324,110.17043574773703,107.78708251100926,108.70069885253906,23899200
2022-11-30,META,108.75034544287803,117.34034302913078,108.62124238709019,117.28075408935547,43348600
2022-12-01,META,118.37311144985567,120.35923753174231,117.57866556298286,119.6045150756836,36551400
2022-12-02,META,117.01262853139106,123.17954955964963,116.7941534340937,122.63336181640625,39950500
2022-12-05,META,120.90544335144975,123.80518604715203,120.50821656025758,121.58072662353516,35474900
2022-12-06,META,119.0781976583812,119.71375742399132,112.9509926915763,113.32836151123047,43689200
2022-12-07,META,112.97086766493533,115.07615672380238,112.09696723162085,113.13968658447266,29461100
2022-12-08,META,115.58261271516358,116.52601962232978,113.79509611830431,114.52996826171875,30619400
2022-12-09,META,114.50018716954466,116.7246465613268,113.08010652547362,115.09602355957031,26033400
2022-12-12,META,114.38101702846627,114.91727205321595,112.35516723823551,113.91427612304688,24747100
2022-12-13,META,121.28279669381777,122.44468630785089,117.81700850997686,119.31653594970703,44701100
2022-12-14,META,118.5618080009239,123.27885792875243,118.5618080009239,120.74654388427734,36922000
2022-12-15,META,117.5091619839413,117.80707637704052,113.21912956566705,115.34428405761719,34531000
2022-12-16,META,119.39599321133228,122.454622143585,117.99577044689154,118.6015396118164,67064000
2022-12-19,META,116.01956408518664,116.98283650686149,113.53690632889901,113.68586730957031,29769900
2022-12-20,META,112.4743371697137,116.51610398343564,111.67988360020045,116.27776336669922,28742500
2022-12-21,META,115.89045173444866,119.50520053145648,114.81794942790198,118.92922973632812,20392800
2022-12-22,META,116.3869954443798,117.79715084272303,113.58655772952558,116.30755615234375,23618100
2022-12-23,META,115.22512457679196,117.36021202198714,114.7385257188311,117.22118377685547,17796600
2022-12-27,META,117.11194086388592,117.77729137467526,115.2449848171056,116.06922149658203,21392300
2022-12-28,META,115.44358969536862,117.33041117127519,114.70872509527865,114.81796264648438,19612500
2022-12-29,META,115.59254934920521,120.19042889376358,114.96691473106002,119.42577362060547,22366200
2022-12-30,META,117.34034057268906,119.58465774352183,116.92324830887503,119.50521087646484,19583800
2023-01-03,META,121.9680154005033,125.49339260262421,121.4317603919951,123.87469482421875,35528500
2023-01-04,META,126.4963830012802,128.15480424194706,124.97699757381477,126.48645782470703,32397100
2023-01-05,META,125.25505429699473,127.62848223213497,123.67608750105978,126.05944061279297,25447100
2023-01-06,META,128.0753531918348,129.42591965584387,125.16567791552465,129.11807250976562,27584500
2023-01-09,META,130.2501323470114,132.02770825360932,128.38316926404147,128.5718536376953,26649100
2023-01-10,META,126.387129730584,132.5143344437281,126.2679670147591,132.0674591064453,28684400
2023-01-11,META,130.05156543257846,132.92151752065496,129.43585593466761,131.96817016601562,25423000
2023-01-12,META,132.51435215688096,136.72493031020812,130.84599814762683,135.7616729736328,30757700
2023-01-13,META,134.03373369283793,136.43694468179817,133.90463063523947,136.02978515625,22423800
2023-01-17,META,135.23530901109694,135.80136218171825,133.31870473781115,134.42100524902344,21147600
2023-01-18,META,134.86789893919627,136.29791224625038,131.87878442440996,132.09725952148438,20215500
2023-01-19,META,131.57093643512005,136.49652095770875,131.2233582866692,135.20553588867188,28625200
2023-01-20,META,134.9473578036574,138.96926679906724,133.67623811836893,138.40321350097656,28688600
2023-01-23,META,138.3237663794459,142.76276009307352,137.69814686781393,142.2761688232422,27470100
2023-01-24,META,140.7071256161139,143.99416234588372,140.37941294552542,142.14706420898438,21970200
2023-01-25,META,140.2403761535725,142.17684622265583,139.33668507035335,140.5184326171875,26622000
2023-01-26,META,143.3983061489729,146.48673300837004,142.3059458263939,146.2781982421875,25482100
2023-01-27,META,147.21165759450096,152.12731618082,146.36754802335184,150.6873779296875,35771900
2023-01-30,META,148.3735602855576,150.07168968806806,145.93061841073978,146.03985595703125,28040100
2023-01-31,META,146.92368635959087,148.84030607097574,146.4966764891175,147.93661499023438,29842100
2023-02-01,META,147.00314280993058,152.51464654526134,146.03987030335287,152.05783081054688,55661000
2023-02-02,META,182.10790119005645,195.7923083733965,178.91023705810056,187.46051025390625,150475700
2023-02-03,META,182.19728289326244,195.4050247713877,181.62130449358847,185.23605346679688,76809700
2023-02-06,META,185.23608909001095,189.37716107512304,184.2331006502263,184.76934814453125,42483800
2023-02-07,META,184.2926614583213,192.43577626935254,183.12083906011983,190.29075622558594,47080700
2023-02-08,META,188.68201008412757,189.50625436758497,181.65112073211336,182.15757751464844,36139100
2023-02-09,META,184.8388300516715,185.35521192673428,176.04029083653768,176.68577575683594,37118800
2023-02-10,META,175.12670679631503,177.64908073501556,172.14751710419472,172.94195556640625,33433600
2023-02-13,META,176.98372003856966,179.74443444936884,174.60037448273806,178.18531799316406,31463200
2023-02-14,META,175.93108652361,180.25090250837437,174.659966793786,178.2349853515625,24034600
2023-02-15,META,175.1962038438669,176.95392990973855,174.1137686177919,175.9310760498047,25308900
2023-02-16,META,171.55166735716432,174.63016933039438,170.59832002033082,171.2438201904297,25827500
2023-02-17,META,169.03920410116666,171.97866242641902,168.5228070402124,171.68075561523438,24171300
2023-02-21,META,173.10083331965035,176.9340576419765,170.68769716550068,170.8863067626953,34592600
2023-02-22,META,169.88334235685807,171.56160656935168,168.51291018334064,169.9329833984375,22433200
2023-02-23,META,170.8068722736244,172.4851515245046,168.20505151002578,170.84658813476562,20017800
2023-02-24,META,167.47016262504536,169.53573571664788,166.49696501797226,169.20802307128906,19791300
2023-02-27,META,170.6876859692171,171.91907448281532,167.88724082776324,168.36390686035156,19277000
2023-02-28,META,170.70755046716732,176.31836639072463,170.67775978472054,173.72647094726562,46051100
2023-03-01,META,173.37886184741552,176.61625685647226,171.8495515272204,172.21697998046875,30998400
2023-03-02,META,171.18424084023994,173.79598677627365,170.2408186692047,173.31932067871094,17352000
2023-03-03,META,177.67884419711405,185.32542687141702,175.82182108915276,183.96493530273438,45877700
2023-03-06,META,186.6958724355289,188.34436090331448,183.35917964120182,183.61737060546875,33209400
2023-03-07,META,187.68893091467473,189.0394973728768,182.73354045821804,183.23007202148438,36701500
2023-03-08,META,181.6014509997279,183.97487129085047,180.08206561247465,183.6868896484375,19432400
2023-03-09,META,185.05731952586282,187.6194090554493,179.04928458509838,180.4296417236328,26582800
2023-03-10,META,179.7543499292982,183.48827695906897,177.55968891934018,178.26475524902344,25665000
2023-03-13,META,176.7255182601782,182.50513769842044,173.60730069141576,179.64511108398438,24728000
2023-03-14,META,186.2787741315394,192.97202473741814,185.26584554838433,192.67410278320312,41642600
2023-03-15,META,191.61152878670697,196.4080255450834,189.51616496662461,196.37823486328125,42123600
2023-03-16,META,196.88469349861998,204.3326670795369,194.7297482942276,203.5084228515625,50447100
2023-03-17,META,199.16874180941005,200.49944278615354,194.07432302987556,194.25308227539062,50141100
2023-03-20,META,197.10318624110985,197.97708673508296,192.2967638301425,196.43783569335938,25186300
2023-03-21,META,201.7904236343113,202.13800178866043,196.5768422367192,200.7576446533203,31827000
2023-03-22,META,201.095277091243,205.9314895234594,198.28490670909648,198.42393493652344,28477800
2023-03-23,META,201.4329018479882,206.4379480167483,200.74768593118682,202.8629150390625,27389700
2023-03-24,META,203.7566883902138,206.14004902497825,202.13800577125969,204.5809326171875,27716400
2023-03-27,META,203.38925794851974,204.4319772692873,199.9631931685185,201.43292236328125,18527200
2023-03-28,META,198.76158058225792,199.63548099076047,196.52718852656108,199.28790283203125,19127300
2023-03-29,META,202.14793034442258,204.29295036342754,201.13500169884674,203.92552185058594,18851100
2023-03-30,META,201.96917109089566,206.64648964330425,201.41305819873952,206.39822387695312,22608300
2023-03-31,META,205.80240916140227,210.69820313423787,205.33566827660388,210.4698028564453,25440300
2023-04-03,META,207.39129684433962,212.00904941071065,206.75573705825332,211.5919647216797,17924600
2023-04-04,META,211.9097235929772,214.7399593461134,211.0656139394623,213.23049926757812,21026400
2023-04-05,META,212.66446195233036,213.69725608698042,208.48367468576205,210.0129852294922,19396600
2023-04-06,META,207.79846352965933,215.43512155529157,207.2026195802258,214.6009521484375,26104400
2023-04-10,META,213.22059908205247,214.164006059354,209.19869022835502,213.26031494140625,16106100
2023-04-11,META,213.98524452930243,214.52150711898213,211.92961167670683,212.36656188964844,16710100
2023-04-12,META,213.34970293250194,215.33582941331753,211.10538546423967,212.51553344726562,18972200
2023-04-13,META,214.23349515104934,219.61589525507537,214.1937792949306,218.8214569091797,23310400
2023-04-14,META,216.36859383639296,220.56924652131391,216.04088119388985,219.95355224609375,21591200
2023-04-17,META,218.26533831094628,219.4470858581435,215.62380190579213,217.341796875,15481900
2023-04-18,META,218.38451654561058,218.91083879225266,214.71018599535682,216.37852478027344,12281000
2023-04-19,META,211.98919349384875,215.82241788882212,211.45293090302494,214.20372009277344,15898100
2023-04-20,META,211.9991090817005,215.24642970344084,211.294042757246,211.5919647216797,16475400
2023-04-21,META,208.7518211737734,211.9296203715316,208.12618651112626,211.41322326660156,17717200
2023-04-24,META,212.19771409502508,212.43605469201742,209.24833065429874,211.3138885498047,15750900
2023-04-25,META,209.35758075618784,209.79451581413423,205.69317530472057,206.11026000976562,19198200
2023-04-26,META,211.0259200488981,212.6247523316215,207.43103628335922,207.94741821289062,41992700
2023-04-27,META,238.22594256755696,240.01345944912973,235.12759007479255,236.90516662597656,71196500
2023-04-28,META,237.35201341308866,238.762161240327,234.11463306207162,238.65293884277344,39554000
2023-05-01,META,236.96472226230986,242.30740681898098,234.81971739031144,241.4930877685547,29143900
2023-05-02,META,241.49311610764522,243.2210516337756,237.3321937799175,237.58045959472656,24350100
2023-05-03,META,237.80881854309877,240.07300116814744,231.1354333893953,235.3857421875,34463900
2023-05-04,META,234.4224897541913,236.54764433430736,231.3141971795904,231.90011596679688,17889400
2023-05-05,META,230.62898999634135,233.0520513390073,228.25556968851794,231.1652374267578,27000500
2023-05-08,META,229.81468249897824,233.98554488249752,228.67266588724453,231.65185546875,16400500
2023-05-09,META,229.85439015911044,234.24372721155098,229.47702133485248,231.75112915039062,16865600
2023-05-10,META,234.5317268391623,235.1077052956207,229.11953559789785,231.46316528320312,19119000
2023-05-11,META,231.4333745254559,236.55758411330328,230.6885771488365,234.15435791015625,20449000
2023-05-12,META,235.0977780320759,235.31625313958426,229.84446542827206,232.18809509277344,16161400
2023-05-15,META,235.276534169513,238.59336165807903,233.69756730047578,237.2030792236328,20653200
2023-05-16,META,234.15436516028703,237.97766453982413,233.88624900652016,237.16336059570312,18163800
2023-05-17,META,236.7958781724835,242.14848733648358,236.48803105544425,240.807861328125,21193100
2023-05-18,META,239.6261309972125,245.37595972538801,239.51689344921203,245.13763427734375,22943300
2023-05-19,META,245.75334256589562,246.9648808389927,241.72150854192458,243.93603515625,21733600
2023-05-22,META,243.70762529469803,251.8110240364493,243.4196285026219,246.59744262695312,27738500
2023-05-23,META,245.09791840756068,249.8646246511215,244.93902466375565,245.02841186523438,17748100
2023-05-24,META,243.57853135653195,247.85863116367986,243.2508186944588,247.4812774658203,17724300
2023-05-25,META,251.64220015112937,253.8468015914283,247.44154720264257,250.9371337890625,22371400
2023-05-26,META,251.1754390496481,260.4903756445673,250.9569791114495,260.2222595214844,25727200
2023-05-30,META,263.40995590691045,266.78636398365586,259.47743498486005,260.6988830566406,23816500
2023-05-31,META,258.1964378866646,263.16175399986975,256.65720201392486,262.8836975097656,25473700
2023-06-01,META,264.0554877972459,272.0993054426767,264.04557777366057,270.71893310546875,25609500
2023-06-02,META,270.76860444692574,273.4399467678956,269.2392786971118,270.71893310546875,19416900
2023-06-05,META,268.42498069214497,273.65844334404306,267.6901235950495,269.5074462890625,20742900
2023-06-06,META,268.26610579564505,274.65149486016855,267.81921523595554,269.2392883300781,19419000
2023-06-07,META,269.785480795916,272.3475704025808,260.97698514947285,261.7714538574219,26163600
2023-06-08,META,258.81213746831133,265.79337085238586,257.0842171238647,262.7446594238281,20899400
2023-06-09,META,260.6592238964262,266.09128048444296,259.88463585946414,263.1120910644531,16949800
2023-06-12,META,265.31670951302914,269.86492565217327,263.4894465487271,269.1697692871094,15442500
2023-06-13,META,272.9731681422744,273.80733744345605,267.22332476333537,269.4378662109375,16164000
2023-06-14,META,270.0039327894118,273.0824040633074,266.4586903542586,271.45379638671875,19175100
2023-06-15,META,270.41104955005704,282.0199587352708,269.53717954510836,279.87493896484375,25973500
2023-06-16,META,282.7747066945792,285.85320824566975,278.1867602004858,279.05072021484375,43127700
2023-06-20,META,276.79647611939964,282.824345828367,274.30387815446664,282.35760498046875,20701600
2023-06-21,META,281.5631833397857,282.0299242153351,276.4290337087428,279.6863098144531,20556200
2023-06-22,META,277.1440545745205,283.2812079627255,275.86302491273386,282.9038391113281,17563100
2023-06-23,META,279.5571952211371,287.66059352897247,277.01495618015497,286.72711181640625,51092000
2023-06-26,META,286.69734660419147,287.7797818126023,275.674339459716,276.5382995605469,24232700
2023-06-27,META,280.05370022953184,287.34277885410216,278.7031188198852,285.0587158203125,26108300
2023-06-28,META,282.84423326201266,287.54140222706,282.08949562455047,283.31097412109375,16722100
2023-06-29,META,282.52648638101715,284.58213452194684,278.74291793339063,279.57708740234375,15395700
2023-06-30,META,282.7846565301439,287.0448753859543,282.4470187146689,284.9892578125,19694900
2023-07-03,META,284.711255772928,287.39250845739946,282.8740826355262,284.03594970703125,8629300
2023-07-05,META,285.65458733876653,296.05195894174534,284.37352748692535,292.3279724121094,33865500
2023-07-06,META,293.8374787010274,296.0519901953358,289.28923236805707,289.9645080566406,47600500
2023-07-07,META,290.15319664583785,294.14533008005697,286.6576251143249,288.5146484375,25586000
2023-07-10,META,293.4997988575209,296.06191872960335,285.0587621688762,292.05987548828125,37058300
2023-07-11,META,291.86120314040255,298.0976374293104,289.87507718462456,296.22076416015625,27585900
2023-07-12,META,299.6567475822164,307.3033444813128,298.0181997626604,307.194091796875,36677100
2023-07-13,META,311.4444661763027,314.0462868298362,308.1375791585091,311.2359313964844,30281000
2023-07-14,META,309.6272055942095,312.6957674633419,305.22791227343015,306.7274475097656,23054100
2023-07-17,META,305.40661961180007,309.5476755688944,302.5962342022979,308.4652404785156,25323100
2023-07-18,META,308.7234481355329,312.0204247595342,305.48605287050566,309.88531494140625,20731900
2023-07-19,META,310.8585322289493,316.46933252480835,308.3659342202433,313.81787109375,21763700
2023-07-20,META,311.32529185234506,313.35114912707894,300.12354093668733,300.42144775390625,23836900
2023-07-21,META,302.4571962867923,303.34100657173906,289.17994921627593,292.2187194824219,42139300
2023-07-24,META,293.72824526758416,295.456165615258,286.300121288059,289.587158203125,24915700
2023-07-25,META,293.14234440167036,296.23075657509025,289.83542679422806,292.4273376464844,19585600
2023-07-26,META,299.1007222292205,299.67668557873986,289.8751561653458,296.4989013671875,47256900
2023-07-27,META,322.864647320073,323.093062726987,307.6906454407034,309.54766845703125,64229200
2023-07-28,META,314.6818792177491,323.9372357373028,312.07011809012175,323.22222900390625,39220300
2023-07-31,META,321.4445798465396,323.40091525977414,315.3868892035892,316.389892578125,25799600
2023-08-01,META,315.33725541627547,321.8914777328591,312.47722892861134,320.47137451171875,22817900
2023-08-02,META,315.794074554509,316.1813837210688,308.49505450598787,312.1296691894531,20461100
2023-08-03,META,307.7800302287447,313.75828931012387,307.7800302287447,311.0174255371094,15180200
2023-08-04,META,312.775192593197,316.20127292650494,308.0482321333323,308.5745544433594,17612800
2023-08-07,META,311.0571876851378,314.87054662167225,308.30638330815515,314.36407470703125,16236500
2023-08-08,META,312.2190228348617,315.684833553697,307.95877378317203,310.47125244140625,15183500
2023-08-09,META,310.70958057750164,311.4543778857234,300.749159121118,303.0927734375,19955800
2023-08-10,META,305.8038611045428,310.1733327929032,301.7620869128098,303.6191101074219,14358900
2023-08-11,META,300.4711795645785,302.6062596666888,298.27648778114576,299.5476379394531,14046300
2023-08-14,META,298.8921289769333,304.0858293548746,296.1810559287265,304.06597900390625,15641900
2023-08-15,META,304.0163444248996,305.09877954029145,297.9487132756446,299.85540771484375,11623600
2023-08-16,META,298.11754145231623,298.9914114844194,292.2385948278113,292.24853515625,18547700
2023-08-17,META,291.0171397972553,293.9963292043832,282.9733526427155,283.11236572265625,23950100
2023-08-18,META,277.0944282615069,283.7082329242501,272.4766903630633,281.28515625,35347900
2023-08-21,META,281.48373845241144,288.48482095213376,279.8948314840981,287.88897705078125,20181500
2023-08-22,META,290.5205940494777,290.8681721911875,284.7608402658425,285.6049499511719,12980200
2023-08-23,META,286.49877028386,295.33702784669055,285.6745410557622,292.1989440917969,18287000
2023-08-24,META,296.4293565159792,297.3826886744035,284.65164185583643,284.7608642578125,18360900
2023-08-25,META,284.1451353027686,286.3894674933129,274.11519243809903,283.5195007324219,23701400
2023-08-28,META,286.00221884843614,289.4282992174123,283.817467554323,288.2465515136719,14239300
2023-08-29,META,286.57815408473397,297.074838985224,286.1809348809312,295.9228820800781,20844500
2023-08-30,META,295.1085960366547,296.2208219398968,291.39451916689933,293.0529479980469,17717000
2023-08-31,META,293.7480610282445,299.0113137881702,293.6090479494358,293.83746337890625,17229900
2023-09-01,META,297.29337698322445,299.6469323271614,292.4273725190403,294.3241271972656,12842300
2023-09-05,META,294.95963926885355,299.2993511822049,293.46013435072877,298.06793212890625,14956000
2023-09-06,META,299.61705445694486,301.1960211231086,293.6090349237248,297.0946960449219,15418100
2023-09-07,META,295.9327789754771,304.91998715422676,290.192875951208,296.59814453125,33748700
2023-09-08,META,297.1443691073636,303.1325389345228,294.721292497798,295.8236083984375,17548000
2023-09-11,META,299.319151179612,306.89622744540156,299.190048128287,305.4264831542969,19489300
2023-09-12,META,304.20500095756546,306.51885491283224,298.1473403944411,299.5674133300781,13480400
2023-09-13,META,300.26256497984866,305.04913672382065,299.22980110519165,302.94384765625,13210900
2023-09-14,META,304.61218228599614,310.6996642714737,302.9140527776012,309.5576477050781,19343100
2023-09-15,META,309.44837699255953,309.83568614706604,296.677600116782,298.2267761230469,28131100
2023-09-18,META,296.121522359294,301.49399798650074,295.7342131588105,300.4512634277344,14234200
2023-09-19,META,300.3817663465524,304.04617196316946,297.73027427943487,302.95379638671875,15924400
2023-09-20,META,302.9338707843327,305.9230002578217,297.35286130140787,297.5912170410156,19379500
2023-09-21,META,293.64876766916143,298.1771329325282,291.2356013293581,293.6785583496094,21319600
2023-09-22,META,297.223785161248,303.261626013211,296.20093134106725,297.00531005859375,25369600
2023-09-25,META,293.5892243593173,298.8623876231984,291.66267929164457,298.7431945800781,18987000
2023-09-26,META,295.5951689952112,298.21683984687155,293.9566209246884,296.8861389160156,19417200
2023-09-27,META,298.3658446206744,299.20992407915827,284.80059794210763,295.67462158203125,36429800
2023-09-28,META,296.8663347859658,304.20505655333676,294.64188277083076,301.85150146484375,22167100
2023-09-29,META,305.24774785638385,308.4851433380003,297.2833622073837,298.1274719238281,25373700
2023-10-02,META,300.63996578023546,305.04916913990763,299.5376800932604,304.6916809082031,16265600
2023-10-03,META,302.14939381555854,304.64196163237807,297.561447061845,298.8524169921875,17362300
2023-10-04,META,296.65777700392675,304.77108627702137,296.42936156061296,303.4602355957031,16880500
2023-10-05,META,302.51682647716126,304.0858528897177,297.42240776565654,302.67572021484375,19130000
2023-10-06,META,299.3489685961365,314.1158132926194,298.8226463208752,313.2419128417969,21803900
2023-10-09,META,310.33227505315364,318.1079472022955,309.6569992960507,316.151611328125,22503700
2023-10-10,META,316.90628905267334,322.40786706769734,315.9529569700523,319.607421875,19038000
2023-10-11,META,320.7693282869798,326.55887294556385,320.70974692421356,325.54595947265625,22036300
2023-10-12,META,325.7246434430184,328.2470317894724,320.45148167028594,321.9112854003906,20530500
2023-10-13,META,321.28572429519977,322.7951693946369,310.20313574623543,312.5070495605469,21341000
2023-10-16,META,316.42964290324574,319.58757630951493,313.3312605530342,318.9222106933594,16536100
2023-10-17,META,315.9728369140066,322.1496911366315,315.0989364623092,321.7524719238281,16387800
2023-10-18,META,319.1605928644108,323.67901825207645,313.3710175011576,314.771240234375,16851000
2023-10-19,META,317.6610080881102,319.6570744838491,309.58740077470026,310.6400451660156,18709200
2023-10-20,META,311.9609101272688,313.11283685107736,304.3441015131794,306.50897216796875,22312300
2023-10-23,META,307.35303227179605,315.1584937626349,305.12858060525525,311.8317565917969,17796800
2023-10-24,META,314.58253436849895,316.14165074242743,308.47520223338284,310.3818664550781,19525500
2023-10-25,META,307.84958205293754,308.723482489642,296.76699346232584,297.45220947265625,42192500
2023-10-26,META,292.95362577078447,292.95362577078447,277.46183475359373,286.3497619628906,66684100
2023-10-27,META,292.43720855053454,297.2336895945246,290.93767369496186,294.6716003417969,29596300
2023-10-30,META,297.0152734056479,307.25375273017136,296.97554239139123,300.5605163574219,28435100
2023-10-31,META,301.20597199311294,301.5734004979503,294.8007027575976,299.18011474609375,19434200
2023-11-01,META,299.7561059558693,310.57054746980504,299.7561059558693,309.6867370605469,20434600
2023-11-02,META,315.09888902099505,316.6083642306178,306.191112380913,308.7135009765625,21631800
2023-11-03,META,310.38186599494384,313.36105535457233,308.86248063376854,312.41766357421875,16764300
2023-11-06,META,313.78808835480413,316.1217623884559,312.2687030283649,313.60931396484375,12887700
2023-11-07,META,314.86059760841897,318.77326881523226,312.93405268705885,316.6083984375,14055600
2023-11-08,META,315.9330988711721,319.10094217538756,312.6957035729342,317.56170654296875,13609700
2023-11-09,META,317.2042191682573,321.93117877367166,316.58849460789054,318.32635498046875,16103100
2023-11-10,META,317.72058569758434,326.817046616223,317.2439045368865,326.48931884765625,19096200
2023-11-13,META,323.93721447654235,330.02466618217363,323.44068289721343,326.9064636230469,16908900
2023-11-14,META,332.2193399936058,335.75464222677965,331.0177118150149,333.97705078125,17179400
2023-11-15,META,335.58579853385356,336.05253939255226,327.7306659534748,330.4020080566406,14531200
2023-11-16,META,327.0851936445304,332.25904399287276,324.11594462578523,331.87176513671875,18932600
2023-11-17,META,327.9690708551846,333.1727124637397,327.0653796824367,332.7159118652344,14494400
2023-11-20,META,332.5669165974887,339.4984776499727,331.87176030410876,337.6116638183594,16960500
2023-11-21,META,335.9830671620636,337.542183696788,333.5699308017252,334.6424560546875,12027900
2023-11-22,META,336.8569718191688,340.5412582451984,336.2313371315077,339.12115478515625,10702700
2023-11-24,META,337.77057245981536,339.4885523054197,334.4338645325488,335.8837585449219,5467500
2023-11-27,META,333.84794886953887,337.5421448490172,331.8817033085443,332.37823486328125,15684500
2023-11-28,META,331.08720901866207,337.02573686392367,331.08720901866207,336.638427734375,12637200
2023-11-29,META,337.3336016539062,337.5421364160391,328.4854059328464,329.89556884765625,16024500
2023-11-30,META,329.5877553439527,331.18657252656726,320.1635651009382,324.880615234375,23146400
2023-12-01,META,323.22219776202286,324.59259942151226,318.5349385863459,322.5667724609375,15276400
2023-12-04,META,315.08903616288524,318.63424881009973,311.4842118413213,317.8000793457031,19037100
2023-12-05,META,316.76727772927734,319.6471546506567,313.20218484619875,316.0820617675781,16952100
2023-12-06,META,319.69682854269684,320.01461603995,314.8407652561851,315.2479248046875,11294300
2023-12-07,META,315.5656393804306,325.9630108873507,315.5656393804306,324.324462890625,15905100
2023-12-08,META,320.8487785252904,330.8588723302626,320.7594064759814,330.4417724609375,14087400
2023-12-11,META,327.11500554193907,327.60162710830497,317.78021770794487,323.0235900878906,25802500
2023-12-12,META,322.34825848652497,332.14978552741263,322.30852748055565,331.9015197753906,18485500
2023-12-13,META,331.61355953176974,336.02276219765315,330.3325299305127,332.4179382324219,16353300
2023-12-14,META,331.5341318558429,332.3782415771225,326.3602814366217,330.8588562011719,19607300
2023-12-15,META,329.686982009105,336.3107256810076,328.92233439452355,332.5966796875,31776900
2023-12-18,META,335.13891597531506,345.1489777949815,334.68208516986897,342.2293701171875,18993900
2023-12-19,META,343.182755230737,351.14714120990925,342.72595466047795,347.9295959472656,17729400
2023-12-20,META,346.23148202811683,352.4977084573488,345.3774622145316,346.85711669921875,16369900
2023-12-21,META,350.53147289681993,353.93767253205505,346.7876050912574,351.6337585449219,15289600
2023-12-22,META,353.1133483277579,354.7221359363727,348.7836079478467,350.9385681152344,11772800
2023-12-26,META,352.5274545211747,354.5036706665009,350.99815919191883,352.3685607910156,9898600
2023-12-27,META,353.59997739376473,356.50964493837427,352.84523975673784,355.3477478027344,13207900
2023-12-28,META,357.2048130452383,359.38953370527474,355.32790921917086,355.8343811035156,11798800
2023-12-29,META,356.4997143601284,357.5027177940436,349.37946886869037,351.5046081542969,14987100
2024-01-02,META,348.8829543501039,350.71018691578075,337.65141250884125,343.8878479003906,19042200
2024-01-03,META,342.5869162104764,345.5363148044209,340.79938446227584,342.0804443359375,15451100
2024-01-04,META,342.1102461152332,345.7349204555681,341.01787061798507,344.7120666503906,12099900
2024-01-05,META,344.58299065641415,351.0478417972967,343.8580739149464,349.50860595703125,13920700
2024-01-08,META,352.2395060594666,356.4898150644595,349.60786450736515,356.1720275878906,13890200
2024-01-09,META,353.92767724109865,358.13828532721635,352.89488314761167,354.9505310058594,13463900
2024-01-10,META,357.671577377967,370.35298322336445,356.58911184712105,367.9001159667969,22117200
2024-01-11,META,369.54860933207885,370.1940943436833,360.41241587190035,367.1056823730469,17205400
2024-01-12,META,367.59229194417645,374.44442222761137,366.9765975853413,371.8922424316406,19310000
2024-01-16,META,371.0579815450964,373.0043765271566,364.6825340966574,364.9109191894531,15306900
2024-01-17,META,363.75901875957754,365.9835008176881,356.1223607318254,365.8146667480469,12724800
2024-01-18,META,368.91298585068853,374.23581960253256,368.37675361940967,373.52081298828125,16354300
2024-01-19,META,376.3709265262171,381.69373035981744,375.3480727138561,380.7900695800781,21670800
2024-01-22,META,385.25889688784116,387.64224260765957,378.5159889884605,379.1316833496094,17680500
2024-01-23,META,381.9519604782741,385.6858877821844,379.42957148217187,382.5279541015625,15506100
2024-01-24,META,387.29462029869575,393.4019524806912,385.1198096217787,387.9897766113281,15698500
2024-01-25,META,387.463476105673,392.74654921576047,382.98475144483166,390.45257568359375,15091100
2024-01-26,META,391.61451014474403,394.0375869700363,388.873645796751,391.4059753417969,13163700
2024-01-29,META,392.2499898127957,400.13491336467393,390.3731162858589,398.2381591796875,18742400
2024-01-30,META,400.790301293448,403.54107495345625,396.7981988563078,397.2847900390625,18614700
2024-01-31,META,386.30157872571164,395.23914738517544,384.41476473655706,387.4336853027344,20180800
2024-02-01,META,391.20730397034777,397.7217958803975,390.32346321045657,392.0414733886719,29727100
2024-02-02,META,456.4117827793324,482.5889101696092,449.8675009317632,471.69500732421875,84707600
2024-02-05,META,466.6205169046831,468.6264935538415,456.03446010862973,456.22314453125,40832400
2024-02-06,META,460.7812674472568,463.87961939666826,449.85757360691235,451.5656433105469,21655200
2024-02-07,META,454.82289153063925,468.24909348841373,453.0155094480888,466.3324890136719,23066000
2024-02-08,META,465.07131581521656,467.32555813022316,461.8041297477829,466.7396545410156,18815100
2024-02-09,META,469.6692146200597,470.30475925765757,464.227217813574,464.8627624511719,18413100
2024-02-12,META,464.9422115222754,475.82617452622054,463.34336418491074,465.64727783203125,19382000
2024-02-13,META,453.70076734156714,464.64434291204145,451.93311610453003,456.92822265625,20916600
2024-02-14,META,464.68402390922387,470.8211467892726,462.8567913837344,469.9969177246094,16858400
2024-02-15,META,471.9830306082493,485.230488771925,468.9442599360806,480.6723327636719,24212300
2024-02-16,META,474.7934022206939,475.6375119489184,465.9551463563073,470.0366516113281,23324600
2024-02-20,META,466.46156131611195,472.87673991696664,463.32347854731034,468.47747802734375,18015500
2024-02-21,META,463.75546133458766,466.24075319597347,459.0731799623868,465.2764587402344,12921800
2024-02-22,META,477.41462669114475,487.1072651737646,473.25922588434,483.2699890136719,21625800
2024-02-23,META,485.1786810525682,491.45155549063116,479.51223362447035,481.1823425292969,18374300
2024-02-26,META,480.6256863855537,483.2799917884191,477.7725758106708,478.9058532714844,12101400
2024-02-27,META,477.1561876658758,484.40327721976644,477.0965430855337,484.1845703125,10809600
2024-02-28,META,482.1466391666725,488.16103356126894,479.90987640765184,481.1723937988281,12715500
2024-02-29,META,485.5664305958888,488.80726119471376,479.7707124432421,487.2464904785156,17732000
2024-03-01,META,489.2147961734658,501.28338849746706,488.95634643940537,499.3448486328125,16273600
2024-03-04,META,500.04073241207027,501.4523915660251,493.49945745211545,495.259033203125,12324100
2024-03-05,META,492.0878145767347,492.6643889703307,485.0196587114357,487.3359375,15325300
2024-03-06,META,494.7023350451915,500.0109149772021,491.3819886609617,493.17138671875,11757900
2024-03-07,META,500.31911226510823,516.791604925774,498.4302963735491,509.17669677734375,18586400
2024-03-08,META,511.1649321102501,520.4897527725559,496.412242084079,502.9734191894531,18597100
2024-03-11,META,494.0859947316571,494.3941685090311,473.199591298322,480.74493408203125,20428300
2024-03-12,META,490.3581273460937,499.35487344106656,481.8783111338126,496.8099365234375,15448200
2024-03-13,META,492.4755157274268,498.0326247688167,488.1411508830756,492.6544494628906,12090700
2024-03-14,META,497.3168902547745,498.40047394838774,485.2880706609728,488.93646240234375,12620000
2024-03-15,META,486.13303946882996,488.93642563448503,478.46837751695034,481.2519226074219,29153600
2024-03-18,META,489.01597315025106,494.4935661399137,483.94597166783353,494.05615234375,11755300
2024-03-19,META,485.29799633874035,493.7082157075301,478.4485172399462,493.32049560546875,10903100
2024-03-20,META,496.5613264063082,505.21015443688776,492.25681414275317,502.5458984375,11711100
2024-03-21,META,511.68185921058966,512.0098740545075,503.03303126628924,504.7727355957031,9712500
2024-03-22,META,504.0172232261066,506.9697513685857,501.37286886802445,506.58203125,8120600
2024-03-25,META,502.81436147156455,504.23594126166455,497.2969948454398,500.0606384277344,8380600
2024-03-26,META,502.15825583794253,506.99960010644133,492.2966032087036,492.9726257324219,11205400
2024-03-27,META,496.362495999964,496.94905159749567,485.1985839795798,490.9544982910156,9989700
2024-03-28,META,489.9405029909663,489.9902270320551,482.2957426384375,482.72320556640625,15212800
2024-04-01,META,484.3337109507277,494.5035062693651,478.9455846143477,488.45928955078125,9247000
2024-04-02,META,482.2460757075962,494.60294050567774,481.79871100314176,494.4438781738281,11081000
2024-04-03,META,495.99464834551486,504.2557558702838,495.81571461685667,503.7586975097656,12099200
2024-04-04,META,513.3817968019891,526.8819203543317,507.5761581503475,507.9141845703125,26476300
2024-04-05,META,513.8191043018942,527.5777050911468,511.3835064351155,524.2374877929688,19263300
2024-04-08,META,526.1661496559301,528.363108870354,515.8372619219651,516.1951293945312,13260600
2024-04-09,META,519.1575460910624,522.7761454501457,503.7586880786701,513.8589477539062,10863800
2024-04-10,META,506.2937294481195,519.4856478339971,502.8242413515318,516.771728515625,11418500
2024-04-11,META,518.0442258786559,520.778047262265,514.2466921664769,520.0821533203125,10369500
2024-04-12,META,514.7039558507993,517.1296031880806,506.33347932820783,508.88836669921875,11984500
2024-04-15,META,513.6800255378373,515.4794352711156,494.3544220379405,497.2870788574219,13512900
2024-04-16,META,495.1794768031054,501.8002979588637,494.18536005908226,496.8197937011719,9847900
2024-04-17,META,500.1401507465026,500.19979532538446,484.2740556651734,491.2626953125,12193700
2024-04-18,META,496.87944655072096,509.19656777647754,496.10403669099543,498.8477783203125,14808700
2024-04-19,META,499.8418833789234,499.8418833789234,472.93116635713545,478.23974609375,25215400
2024-04-22,META,486.8388881901566,489.1154241927228,470.61489447706913,478.8959045410156,17271100
2024-04-23,META,488.35989326844737,495.8257203780364,486.09330810710463,493.1813659667969,15079200
2024-04-24,META,505.0709875978213,506.99957664976733,481.72911381389923,490.5966491699219,37772700
2024-04-25,META,418.9207710665425,443.14739017723923,412.06137190817486,438.7832336425781,82890700
2024-04-26,META,438.8628170424118,443.8135298876652,429.41870694726816,440.68206787109375,32691400
2024-04-29,META,436.97397149750554,437.1728069896792,426.0386868647591,430.0747985839844,21502600
2024-04-30,META,428.5140490387037,437.0336375847917,427.19188699859626,427.6392517089844,18429500
2024-05-01,META,426.0785069033167,447.31282920025194,424.5972521011555,436.606201171875,20344900
2024-05-02,META,436.25816366303707,441.3480362508313,429.73676061767156,439.0814514160156,15221300
2024-05-03,META,443.3065022340071,451.4980453862521,441.2387526159293,449.301025390625,16489100
2024-05-06,META,452.8997516499173,463.41752515549695,450.6729395625831,462.9403381347656,15094600
2024-05-07,META,463.5467807627597,468.75594364393004,458.5960676473763,465.48529052734375,13406800
2024-05-08,META,460.77314155474465,472.782059273929,460.2760831496155,469.8196105957031,11683900
2024-05-09,META,467.2348900216278,473.2791067395544,464.8788380898599,472.6230163574219,9437700
2024-05-10,META,474.28318568594807,474.6907772189938,466.8372604802556,473.3984375,10750000
2024-05-13,META,469.96872632982064,470.56520248901546,460.12697588623786,465.2566223144531,14668800
2024-05-14,META,460.64391394438604,469.75997868916056,457.3732610557371,469.07403564453125,10478600
2024-05-15,META,472.185627211796,479.6613749209952,468.4278667730867,478.70703125,13100500
2024-05-16,META,472.2054681039629,474.8796446556367,469.9687053603125,470.4458923339844,16608200
2024-05-17,META,468.060003849129,470.0184151764491,465.6642090368279,469.1336669921875,10807300
2024-05-20,META,467.1852115197864,470.4160911835801,464.29232793410193,466.08172607421875,11745100
2024-05-21,META,464.37182544918653,467.93078051111434,459.55035299827114,461.896484375,11742200
2024-05-22,META,465.1174209727308,470.9330103029686,462.9104804698009,465.0279541015625,10078600
2024-05-23,META,470.0979074516569,471.56918074349574,458.8246277741351,463.0396728515625,11747900
2024-05-24,META,464.8688807910191,477.0269398531673,463.556639368811,475.4065246582031,12024300
2024-05-28,META,473.7762110460061,478.03103009437024,472.0464573766832,477.0965881347656,10175800
2024-05-29,META,471.8674976362521,477.02696640517695,470.91315397517894,471.5692443847656,9226200
2024-05-30,META,468.8950604414013,468.9547050193101,461.9759860236206,464.3022155761719,10719600
2024-05-31,META,463.05961798385624,466.3600932168862,451.7863365116036,464.08355712890625,16919800
2024-06-03,META,468.08978738058096,476.7783882019674,465.4852064106632,474.6807861328125,11279400
2024-06-04,META,474.1936972137186,476.07259246304915,470.44588792892165,474.1837463378906,7088700
2024-06-05,META,481.59989624411645,493.72810301008064,481.06306467707714,492.1474609375,15690500
2024-06-06,META,490.07972314692046,499.86182906109696,488.0020226239272,490.8551330566406,10667300
2024-06-07,META,492.99247117957646,495.97482161134235,487.28625039496967,490.059814453125,9380700
2024-06-10,META,490.95452567185265,499.70277202447545,490.5071912988335,499.64312744140625,11220900
2024-06-11,META,497.21744490879473,504.61367606871437,495.33854966036307,504.48443603515625,9673700
2024-06-12,META,510.9660698187759,510.98597157055474,501.5020890731281,505.84637451171875,11983200
2024-06-13,META,502.7347908052071,506.36331100254307,498.4103767232153,501.13427734375,9954600
2024-06-14,META,500.1889423120375,504.66690962077223,498.298251077537,501.6915588378906,10243300
2024-06-17,META,499.2137684390171,508.249298155344,493.5814769288384,504.14947509765625,11266600
2024-06-18,META,502.08955596287245,503.522507821699,492.5962574901857,497.04437255859375,13060400
2024-06-20,META,499.54214083877173,501.2039776573373,494.3377366859417,499.2436218261719,11801200
2024-06-21,META,500.9850156207208,500.9850156207208,489.97917012403093,492.3574523925781,22359200
2024-06-24,META,496.75584325197343,505.31371188112524,491.86987981067074,496.4672546386719,13525300
2024-06-25,META,494.6163313992583,508.2094529447459,493.07393265728075,508.1000061035156,12063200
2024-06-26,META,504.1693732339605,511.29432063782076,502.2090173814448,510.6076965332031,8882300
2024-06-27,META,511.7321146820941,520.3198650922028,511.3838526564667,517.01611328125,10121200
2024-06-28,META,514.6179667414566,519.3247883921233,501.37310690877666,501.7512512207031,15855100
2024-07-01,META,502.4777123736727,504.0997061759719,490.75538997483915,502.2090148925781,10328200
2024-07-02,META,498.30820385105653,508.00050544177236,497.0046202626273,507.0054016113281,7739500
2024-07-03,META,503.89071570148445,508.776679094368,503.542423291387,507.463134765625,6005600
2024-07-05,META,509.09512300088096,538.2218010293692,509.09512300088096,537.2664794921875,21354100
2024-07-08,META,539.6946280782491,540.1523977816078,524.0715439259956,526.7284545898438,14917500
2024-07-09,META,531.1366686551077,534.8483865011414,525.6038937960874,527.405029296875,8753200
2024-07-10,META,528.1910926015574,536.2415085868906,525.7729978002864,532.072021484375,10983300
2024-07-11,META,528.2906682415571,532.8382998725252,505.88091134519624,510.1897277832031,16458300
2024-07-12,META,495.3228785549261,505.6022874749347,491.8101633460848,496.42742919921875,19750500
2024-07-15,META,496.18862053037293,504.19919410028524,490.95436474146356,493.730712890625,12539200
2024-07-16,META,499.0445951724543,501.482611822555,483.4115217410242,487.3919372558594,14075800
2024-07-17,META,476.8239032636759,476.8239032636759,456.87205376676457,459.7279968261719,28076600
2024-07-18,META,472.67429731168903,476.8935276372503,462.2655202360778,473.5201416015625,19267200
2024-07-19,META,473.7291296735296,484.3269794518845,473.38083725734424,474.45556640625,15149400
2024-07-22,META,484.197587927538,489.65076761971676,481.53071706337016,485.0135803222656,12023100
2024-07-23,META,487.4416350090635,492.7952982379557,485.3320198411337,486.2972717285156,9455500
2024-07-24,META,469.9974592525505,473.96791357765954,458.32488109609346,459.0115051269531,17649700
2024-07-25,META,460.99178061568097,461.28033884291114,440.4826761953806,451.19000244140625,18240500
2024-07-26,META,461.9272051107502,467.4699103049838,457.1706100687651,463.41986083984375,14222400
2024-07-29,META,467.57940602342404,471.63941640526457,462.7431854783001,463.4298095703125,11339600
2024-07-30,META,464.7134620870864,470.4154176400919,454.46390537033,460.922119140625,11390400
2024-07-31,META,468.7137838808179,474.166963671529,464.46470156072644,472.505126953125,24285800
2024-08-01,META,518.4490398005046,524.588812766639,489.6905482729176,495.30291748046875,43083100
2024-08-02,META,486.6057747203378,498.6962802271807,473.81868438258266,485.75,24044700
2024-08-05,META,449.1401205576873,481.11281153240685,448.5927952293006,473.4007568359375,21396200
2024-08-06,META,476.65469498140897,500.0993368395598,476.30640259620463,491.6708068847656,20955000
2024-08-07,META,500.6665697776355,507.6521873819174,484.47621183859076,486.5261535644531,20105300
2024-08-08,META,495.0641514061811,507.4631365242445,492.2977639959644,507.134765625,16156800
2024-08-09,META,505.22421179778416,515.8022018845128,503.22407353299633,515.2349853515625,13696600
2024-08-12,META,514.3293458773064,515.4837003209536,506.60736088372124,513.423828125,9767400
2024-08-13,META,517.46388442956,528.8976162175638,515.6130061254378,525.9520874023438,13743800
2024-08-14,META,525.474592232972,531.3855121572074,520.5687370214526,524.1809692382812,11444200
2024-08-15,META,529.186243628135,537.1272134882921,524.1211991482853,534.6991577148438,13482100
2024-08-16,META,529.2956914023695,531.047022925906,522.0910894723046,524.8375854492188,14776700
2024-08-19,META,524.2902428104171,529.0567673160574,520.2003814824084,526.6884765625,9879700
2024-08-20,META,525.7630030379831,528.4896381293336,523.3051261111399,524.1509399414062,7944400
2024-08-21,META,524.5689431809233,536.7589635856626,524.3499887826099,532.5396728515625,13423300
2024-08-22,META,534.3708067373781,541.5653886662076,526.0020094675776,529.3256225585938,15708300
2024-08-23,META,534.2911036177962,537.2266719109294,522.4891873843347,525.414794921875,11323900
2024-08-26,META,525.0167963537939,525.4148622106036,512.4287683884583,518.5685424804688,9584000
2024-08-27,META,516.4389420142859,521.444343197647,512.7869281357935,516.558349609375,6282700
2024-08-28,META,515.1353520558432,518.5386506823367,509.9409395253756,514.249755859375,9106100
2024-08-29,META,516.5086314086758,524.6187519270367,513.1551363566217,515.6826782226562,8317400
2024-08-30,META,518.797350646977,520.9766304354436,512.677498614824,518.757568359375,9157500
2024-09-03,META,517.0957563465828,522.9170893173817,506.12969296841686,509.25433349609375,12459100
2024-09-04,META,503.5921671144299,514.0606781053099,501.6019595944186,510.2294921875,8335200
2024-09-05,META,509.2145278610141,519.0760103589896,508.6473113953943,514.329345703125,8640900
2024-09-06,META,519.324796934376,522.0115894499307,495.8104883337226,497.8205871582031,14744500
2024-09-09,META,503.6817382618634,508.82640785276607,499.62169779030836,502.3184509277344,11047800
2024-09-10,META,505.6719458429353,511.6624597294251,497.5817471669727,502.3184509277344,9899000
2024-09-11,META,504.5275670486504,510.6076364452127,493.1734295034738,509.3239440917969,10782500
2024-09-12,META,514.5184246686891,524.1311617071216,512.6973676482601,523.0265502929688,11970500
2024-09-13,META,517.7923785867389,524.9969209454283,514.5781517601987,522.0513916015625,10321400
2024-09-16,META,522.469676680895,531.9919419852342,515.3579036757625,531.1752319335938,9527600
2024-09-17,META,535.4781023427641,539.9603411261944,528.4758809229954,534.2031860351562,11690800
2024-09-18,META,534.9503115622812,542.0521759030291,531.7928398690025,535.8268432617188,10323500
2024-09-19,META,547.8292508952223,559.8516201147253,544.3630052709944,556.893310546875,15647000
2024-09-20,META,557.7898128965492,562.2720524644678,554.1044037596297,559.1344604492188,22066800
2024-09-23,META,567.2522491176607,571.7145476196829,560.1902057812791,562.1823120117188,12830700
2024-09-24,META,564.4433820957124,565.5091662433006,552.0026881920077,561.1066284179688,12993000
2024-09-25,META,561.8237594778809,574.6031382414297,561.495044920447,566.0669555664062,16543400
2024-09-26,META,573.457566746547,575.1210190066828,560.1303729170586,565.5987548828125,14400800
2024-09-27,META,567.8499649030291,568.5870954159674,562.2820609724753,565.1207885742188,9398400
2024-09-30,META,565.4594424177856,572.4118746514968,562.5708636738842,570.1807250976562,12792300
2024-10-01,META,575.6988132535747,580.7388400503262,567.8499091171575,574.1947631835938,15259300
2024-10-02,META,572.5910911056551,573.726606271189,567.0929191356522,570.5491943359375,6524700
2024-10-03,META,567.8997835788119,581.0576080745672,566.4853441949952,580.469970703125,11581000
2024-10-04,META,581.4260603106362,594.4942722022978,579.1351503249019,593.587890625,14169500
2024-10-07,META,595.8588182753385,600.5701904777713,581.7347935139903,582.471923828125,12014200
2024-10-08,META,587.3624840287788,591.2172041966629,583.6571353312996,590.5498657226562,7857400
2024-10-09,META,591.645566596269,592.0440121509104,579.3144244494694,588.1793212890625,9529700
2024-10-10,META,585.2509246510792,587.900399135785,580.2208686773732,581.5256958007812,7740400
2024-10-11,META,582.5217341395787,588.8765575917819,580.4101064940337,587.6215209960938,8587100
2024-10-14,META,591.8745888786619,597.7313854257404,587.6314541342896,588.089599609375,8252000
2024-10-15,META,587.8307778189297,588.2790139544264,577.8503652791086,583.9561767578125,9564200
2024-10-16,META,579.1053401086986,579.7826489722071,571.7644330744417,574.5134887695312,11268400
2024-10-17,META,581.0277187741455,582.6611997864444,572.9298015535481,574.6529541015625,8701200
2024-10-18,META,578.8064943965531,581.6651622377271,572.9796074520343,574.1947631835938,7694300
2024-10-21,META,573.756575861057,574.9617613706962,566.8638436822902,572.8899536132812,8171900
2024-10-22,META,572.0233288655415,581.2269108333847,569.8619106006562,579.712890625,8544500
2024-10-23,META,577.680923843806,582.6911004356343,560.279904265033,561.4652099609375,14248400
2024-10-24,META,564.8916036624881,566.6346966004356,559.3037603206038,565.5390625,7184700
2024-10-25,META,571.6647355552979,578.9956716161158,569.463436367779,570.9874267578125,11337900
2024-10-28,META,579.7029225322412,581.4460155123639,571.8540189924909,575.8780517578125,10925100
2024-10-29,META,577.860233390468,591.3268300347977,573.128981140023,590.9384155273438,13019100
2024-10-30,META,598.6079938865262,598.8271571893389,587.0538018330492,589.4642333984375,26864900
2024-10-31,META,582.6911348906162,587.5718199962945,560.7879342651435,565.3399047851562,26838400
2024-11-01,META,565.3696838064145,571.405763142559,560.339627825337,564.9214477539062,15303200
2024-11-04,META,561.8735255720723,566.4454360194603,555.6880747714519,558.467041015625,12064600
2024-11-05,META,565.0609576479214,571.2165590136462,564.4334392801001,570.1707153320312,9775400
2024-11-06,META,560.5288934332871,570.7384379160791,552.9787937592303,569.7921752929688,18305400
2024-11-07,META,574.6130802295621,592.4523642769371,572.9397183378987,589.3646240234375,14653700
2024-11-08,META,589.205245296399,590.7590857439004,582.2129936797714,587.0139770507812,9415700
2024-11-11,META,584.0456980456348,584.6831866387249,574.2345990441023,580.8682861328125,10209100
2024-11-12,META,586.2171295500698,597.2932362914636,578.0893621721831,582.5118408203125,16287700
2024-11-13,META,580.3104381986861,583.3285080451261,572.899801262269,577.7107543945312,10757600
2024-11-14,META,574.7226772857438,578.4678469202681,570.7484348770021,574.8820190429688,11053700
2024-11-15,META,568.9654316430945,570.3101398260193,549.323293380173,551.8931274414062,17712900
2024-11-18,META,554.8414482862169,557.690206619492,547.9189272359731,552.2119140625,14327300
2024-11-19,META,549.6818763732618,559.2141123072212,548.4268396780825,558.87548828125,9522400
2024-11-20,META,560.7082203658566,564.1147052861578,552.0126953873523,563.2880249023438,9797300
2024-11-21,META,567.272167698836,567.7502537214924,546.8829296056848,560.8675537109375,11154700
2024-11-22,META,561.3257340956305,561.6046581556811,552.4011368821567,556.9331665039062,9164000
2024-11-25,META,559.881387236025,570.3300346511755,554.1939633086025,562.8795166015625,13599800
2024-11-26,META,563.7660269968359,575.2206370859942,562.9691967147016,571.2762451171875,10356600
2024-11-27,META,572.62091303625,572.7105237597915,561.8734624592141,566.953369140625,7200200
2024-11-29,META,566.7542733482691,576.1769585485704,564.6625859365694,572.0532836914062,7130500
2024-12-02,META,575.2206623708795,592.1535649861262,573.2982871928123,590.4901733398438,12522400
2024-12-03,META,592.651612157578,611.7758444062205,588.9164129212908,611.22802734375,14907200
2024-12-04,META,610.5406511432652,615.3416337599996,602.7116285856121,611.357421875,14697000
2024-12-05,META,614.6444684702592,617.453345528134,604.6540266228751,606.526611328125,8081200
2024-12-06,META,607.6920148593949,627.3043042136323,606.1282648810326,621.30810546875,16935500
2024-12-09,META,621.4574408246348,623.9276938833166,603.7774980807178,611.1483154296875,11426000
2024-12-10,META,615.1226080382442,623.1209443670939,610.3216243479825,616.8756713867188,10938900
2024-12-11,META,620.9096094972598,635.8803166127035,619.0769058574836,630.182861328125,10837200
2024-12-12,META,629.0076347407798,634.1472428214885,624.7345881341774,628.3004150390625,7474700
2024-12-13,META,624.7444923143248,628.5893040754634,614.4553059802537,617.901611328125,8453300
2024-12-16,META,627.9997182991576,629.1660843597223,616.6355892593001,622.2777709960938,10885600
2024-12-17,META,624.2016843799404,630.3822075101276,614.6019503899752,617.4928588867188,12897800
2024-12-18,META,619.0479587782994,625.387952256149,594.4455447869857,595.3128051757812,17075500
2024-12-19,META,608.4712351230819,609.59768780127,593.1295994525007,593.6978149414062,14958100
2024-12-20,META,588.7235406079465,601.2141211648265,578.1767815903994,583.4102783203125,48989400
2024-12-23,META,587.746636194458,599.2005698155671,584.4071908696653,597.9644165039062,10205800
2024-12-24,META,600.8253211686514,606.0787743995681,597.3961932142544,605.8395385742188,4726100
2024-12-26,META,603.5767396891605,604.3941694362019,597.0573191588121,601.4534301757812,6081400
2024-12-27,META,597.5257935657311,599.9581261267912,587.9460161502445,597.924560546875,8084200
2024-12-30,META,586.8992458198082,595.0635027304218,583.739227850836,589.3814086914062,7025900
2024-12-31,META,590.4082547146103,592.1028621932754,582.0146786657892,583.6694946289062,6019500
2025-01-02,META,587.8662291946306,603.0084829766075,585.9722382113614,597.3563232421875,12682300
2025-01-03,META,602.8589052855972,607.583995036269,594.5351175760923,602.7293090820312,11436800
2025-01-06,META,609.906744646259,629.0064888916852,603.7162437232414,628.218994140625,14560800
2025-01-07,META,629.7142790484268,630.112985152474,606.3180247667793,615.9476928710938,12071500
2025-01-08,META,611.4718611566152,614.5022833089956,600.895166417742,608.8002319335938,10085800
2025-01-10,META,608.112442272843,627.9298948978874,595.462329972656,613.924072265625,19256600
2025-01-13,META,605.1916715787221,607.0557887197621,596.5688977245103,606.4178466796875,10785000
2025-01-14,META,603.1680144738151,603.586677198732,586.6999244030517,592.3820190429688,13598000
2025-01-15,META,608.2919230470484,620.5034171048438,604.5935629430987,615.18017578125,15524300
2025-01-16,META,609.5777403991937,614.3128087015587,607.7933891951506,609.3783569335938,8355300
2025-01-17,META,622.0883835023329,623.0054745889828,601.7724400021073,610.8438720703125,17280600
2025-01-21,META,615.8879054164239,619.5463519549992,607.0956232572347,614.522216796875,11674000
2025-01-22,META,621.3407166057895,631.7080497498704,617.482886369199,621.5401000976562,12274000
2025-01-23,META,625.3878883324852,634.5988327915112,619.197448317166,634.4493408203125,9910200
2025-01-24,META,634.3995455880619,649.9504837452617,632.2064489650473,645.4546508789062,19065300
2025-01-27,META,624.6402872001196,661.7831731182577,623.1350240288891,657.8057250976562,28399200
2025-01-28,META,663.9064343650558,680.4343323047402,657.396932162672,672.2102661132812,20950100
2025-01-29,META,672.8782187611764,678.9091891458575,663.5775294568425,674.363525390625,21377800
2025-01-30,META,694.6296546921253,708.5557128184324,673.9747533685537,684.8405151367188,29322900
2025-01-31,META,688.8278971175284,703.082934049854,683.4249514874042,687.0136108398438,19303900
2025-02-03,META,673.7853303532094,701.7870595426608,673.1274317559399,695.2676391601562,21415700
2025-02-04,META,700.291750368734,705.4853950757674,689.435967564897,701.9764404296875,13826300
2025-02-05,META,701.338499801199,715.8826654247008,696.8127924114283,702.6543579101562,17778200
2025-02-06,META,703.6611131134636,716.6402049884904,701.2885896343017,709.7518920898438,13080700
2025-02-07,META,714.5467269625192,722.7309407303161,709.5126138066624,712.27392578125,16427100
2025-02-10,META,716.3012242622654,718.932940098342,709.0939710353202,715.1448974609375,12904300
2025-02-11,META,711.077742352479,721.3852053088176,707.8080235680292,717.537353515625,12998000
2025-02-12,META,713.0515218383842,724.8144176821432,710.3599968194253,723.099853515625,12016500
2025-02-13,META,719.2519879198333,726.7084557601091,715.7828856053137,726.2698364257812,12569100
2025-02-14,META,723.8575012483883,738.58103257134,723.3391163213805,734.3543701171875,16901200
2025-02-18,META,733.6864641630071,734.6833207719243,704.2193852371487,714.1181640625,21938700
2025-02-19,META,701.886719169158,704.7776276936228,693.2041369812721,701.5578002929688,17535500
2025-02-20,META,695.088155137264,703.4118828816584,691.4595827411689,692.6558227539062,12587400
2025-02-21,META,694.3903766528952,701.6574392501641,680.2150443830811,681.4013061523438,15660400
2025-02-24,META,684.122756243814,685.1096345134455,660.3676471383606,666.02978515625,15677000
2025-02-25,META,663.8765739042495,665.9002220472909,639.8423754025094,655.4332275390625,20579700
2025-02-26,META,657.5764529173535,680.8630075132187,655.9316152590968,671.582275390625,14488700
2025-02-27,META,680.3048193549045,686.4853426299528,655.5030215314821,656.1708984375,12500000
2025-02-28,META,655.9714518798419,667.5250458825946,640.579984557629,666.0995483398438,17534200
2025-03-03,META,671.5622863758869,679.1084974580099,648.7941177590432,652.9908447265625,10843800
2025-03-04,META,643.4808482225519,647.7075100421906,621.6895797629608,637.9881591796875,21495200
2025-03-05,META,638.985150066886,657.4269991717806,635.6556218898671,654.406494140625,13770000
2025-03-06,META,645.963033649381,648.5149839411777,622.1481164638366,625.9561157226562,13446500
2025-03-07,META,623.4041708110899,632.7945424007281,598.7219930959255,623.6932373046875,21375700
2025-03-10,META,606.1586224627868,608.1921880983464,585.0252495931782,596.1102905273438,21999900
2025-03-11,META,593.1795648557367,612.9970808420062,591.4650005432014,603.8060913085938,17401500
2025-03-12,META,627.9200120605409,631.3392229811113,607.4345597540354,617.6124877929688,15747000
2025-03-13,META,618.300295022882,618.549509168397,584.666363679096,588.7833862304688,16480300
2025-03-14,META,601.43972556622,607.4860482974414,593.4378646925935,606.2288818359375,12364500
2025-03-17,META,606.0892549627374,611.7164817099355,596.6505800508986,603.5350341796875,15473900
2025-03-18,META,598.695920754158,598.895481615564,573.3632009688982,581.0458374023438,20297700
2025-03-19,META,582.9616006660708,590.9834364727485,573.473050249603,582.7420654296875,20537500
2025-03-20,META,581.4449335433823,608.8230139342973,578.2022676048324,584.6776123046875,24336500
2025-03-21,META,582.1034753081934,596.1916081624212,579.6390781803701,594.904541015625,25015900
2025-03-24,META,613.5822418688982,621.1351668672481,610.818534005287,617.4534912109375,15741300
2025-03-25,META,625.3457252697278,632.4496541118687,619.7782994932003,624.896728515625,15312500
2025-03-26,META,623.479902445872,625.3356905979604,605.2411234358802,609.6012573242188,12609800
2025-03-27,META,600.6415066398952,612.8638628796605,598.7457698845544,601.22021484375,10436500
2025-03-28,META,598.9553576126906,600.3921105915904,572.624893809918,575.4385375976562,17602800
2025-03-31,META,562.2284810192266,577.3941949049992,552.0514847999954,575.0594482421875,21124700
2025-04-01,META,569.5518496754252,588.5787620697387,568.713718453365,584.6776123046875,12836600
2025-04-02,META,573.612639602056,591.3225852084037,572.0661494891557,582.6123046875,13470800
2025-04-03,META,544.9873786131755,551.3130986556911,529.1033205063213,530.4203491210938,34777500
2025-04-04,META,505.4767837476822,516.8311091249631,493.0848271014097,503.591064453125,38589800
2025-04-07,META,484.0053216518451,538.1528441381656,480.8125306436679,515.0850219726562,36606100
2025-04-08,META,542.0241297513288,546.1946900687835,501.72525715038495,509.29815673828125,28034200
2025-04-09,META,508.1207792653783,586.563392325636,500.9769327422793,584.4481811523438,39216600
2025-04-10,META,574.1914363860034,579.9883240820161,534.0921199395266,545.0573120117188,28173500
2025-04-11,META,534.3016346023475,546.1648195031983,527.397266592616,542.3434448242188,17642300
2025-04-14,META,554.9149264864913,556.5113524556241,527.0879095050198,530.2806396484375,14130900
2025-04-15,META,530.9092700648307,536.7261316213554,516.3322523952014,520.3432006835938,15558700
2025-04-16,META,507.36253528750194,512.2115538752881,494.5115946838527,501.176513671875,18735100
2025-04-17,META,504.109870459736,506.1552323217004,496.8862177349848,500.348388671875,14593500
2025-04-21,META,490.22127698998224,492.38639367876976,478.71729620364266,483.56634521484375,16166000
2025-04-22,META,490.7600664511802,505.7362053967078,485.26249029169,499.1510925292969,17399400
2025-04-23,META,527.3373790061787,534.1320095182137,515.3544703338583,519.0960083007812,18173900
2025-04-24,META,517.5594556288198,532.6952680588365,516.3322506362241,531.9469604492188,13910000
2025-04-25,META,545.566124111354,548.6192167322417,535.0399425493104,546.0350952148438,17098900
2025-04-28,META,554.3862228326028,557.2297674992926,539.3701950695558,548.49951171875,15179000
2025-04-29,META,544.7679463052672,555.3141023170735,542.8921836696377,553.1889038085938,11835000
2025-04-30,META,537.1851129255415,547.8609194224242,528.305171612182,547.7611694335938,29244000
2025-05-01,META,590.7439183241091,591.6119501941531,569.2125991017259,570.9187622070312,31159000
2025-05-02,META,582.1434519633877,602.976341384666,577.025022870384,595.6728515625,24739300
2025-05-05,META,589.8858412822701,601.8488361583287,586.7230116613694,597.917724609375,13887700
2025-05-06,META,591.1929940245881,594.6850963262071,585.2564079323492,585.9847412109375,10600700
2025-05-07,META,589.0277995025451,601.7191276587725,585.3461237925522,595.4632568359375,13139100
2025-05-08,META,604.9218677784463,609.9205723172726,595.2737054544873,596.6605834960938,14622800
2025-05-09,META,602.3577169402795,605.6003835325008,590.3748678564078,591.153076171875,10427300
2025-05-12,META,629.4962543948571,638.9449161423443,619.6286183644004,637.987060546875,21965100
2025-05-13,META,644.083302386897,659.4286019389394,641.3794565378789,654.5496826171875,18570800
2025-05-14,META,659.7179321317063,661.1745985140565,652.8334783472295,657.8720703125,12348200
2025-05-15,META,652.8036193165813,655.8267503294444,637.1390348372435,642.4270629882812,14341800
2025-05-16,META,636.5204462352993,638.9948305544648,624.7370982869602,638.8950805664062,18519000
2025-05-19,META,626.8323547421304,641.5490713874889,626.3833579870233,638.98486328125,9592400
2025-05-20,META,634.5748472134089,637.9072763695222,630.8333091235804,635.662353515625,6743500
2025-05-21,META,630.3643287848374,645.1508944069866,628.7479892254967,634.0659790039062,11464600
2025-05-22,META,632.6192119816805,641.7984637515493,629.2867830155565,635.133544921875,8228400
2025-05-23,META,622.5919269408028,631.0228714642786,621.2449976116812,625.64501953125,8454100
2025-05-27,META,633.9761034753569,641.6288391569669,631.322132840975,640.8705444335938,9508400
2025-05-28,META,641.1499165908115,649.4112615873161,641.1000415977985,642.1277465820312,9042900
2025-05-29,META,650.1795649115138,651.8457794764735,638.0569572367845,643.5944213867188,8858800
2025-05-30,META,641.0501397655987,647.9445199213626,631.3521030687026,646.0288696289062,16241000
2025-06-02,META,642.9359196596392,671.7407683371362,642.8062081386795,669.3861083984375,15766300
2025-06-03,META,669.9348099310185,674.0554949945077,663.5293144324946,665.3451538085938,11585000
2025-06-04,META,667.8096186265605,687.4452013964936,667.0613110778705,686.3975830078125,14031900
2025-06-05,META,690.0991647687987,692.8130584501095,680.7104262850396,683.0750732421875,13083100
2025-06-06,META,694.5990561951916,701.2240874679378,690.3087714429512,696.1356201171875,11728000
2025-06-09,META,696.8839311085023,703.5987252238476,692.3741111037318,692.4938354492188,12773200
2025-06-10,META,699.7673231326536,701.6430856337115,689.9994369756769,700.8150024414062,10850100
2025-06-11,META,702.1220817843749,707.2704113136799,690.4284966062165,692.5736694335938,9582500
2025-06-12,META,691.7355479828731,693.8108714889893,685.4497761885773,691.79541015625,7322700
2025-06-13,META,686.3976556130428,693.00271273635,679.4733132608307,681.3291015625,9274400
2025-06-16,META,698.2888218186604,706.097186349852,692.4774795938313,701.0746459960938,13720300
2025-06-17,META,700.9548121157454,704.9188720421186,695.0236535754563,696.19189453125,10066100
2025-06-18,META,697.1405159449071,700.5454731369719,693.8654310237622,694.734130859375,10068300
2025-06-20,META,699.7066745861354,700.7750888089137,677.659531763817,681.3340454101562,22538600
2025-06-23,META,682.6721183845542,698.009235646563,677.7394706648903,697.4900512695312,11080100
2025-06-24,META,703.840534417847,712.1281647182683,701.0646441862544,711.1396484375,13823200
2025-06-25,META,712.2579843149763,715.5131404309827,704.329803307428,707.6248779296875,9320400
2025-06-26,META,713.2963951875835,727.1357448031094,709.9913257897466,725.0089721679688,13964800
2025-06-27,META,725.4383202717177,734.335027558332,724.7792688020234,732.5377197265625,18775700
2025-06-30,META,743.4414931754206,746.7865422233173,733.1568401231899,736.9911499023438,15402100
2025-07-01,META,735.7829112020786,736.6516110389775,714.3049263192432,718.149169921875,13431200
2025-07-02,META,714.2649576351612,719.2275285170003,711.7386953151484,712.507568359375,9336700
2025-07-03,META,725.5281745483136,727.9446154194361,713.3563211505465,717.9395141601562,8601700
2025-07-07,META,716.5315731843128,725.9176023238477,712.4476967305745,717.2804565429688,9457100
2025-07-08,META,720.4956692403485,721.8336399994789,713.7457243829997,719.5969848632812,7770700
2025-07-09,META,721.6439452565418,736.4319538163115,721.6439452565418,731.6890258789062,11418000
2025-07-10,META,730.4608071076664,734.704479422628,718.5285868802704,726.1572265625,9913600
2025-07-11,META,721.4243335394181,724.080346484783,708.6434025181652,716.4417724609375,10873900
2025-07-14,META,716.5315544248375,726.9160944373699,715.4831299390246,719.8466186523438,8939400
2025-07-15,META,722.8222937420867,723.3913915043134,708.7632387544227,709.3323974609375,11529500
2025-07-16,META,712.3078512596281,712.9069335357998,698.2288692710704,701.8634033203125,13067600
2025-07-17,META,703.3412662167694,704.8490277671435,696.0720759709156,700.3656616210938,11803300
2025-07-18,META,701.1445302429636,703.6607977835126,690.6202449112741,703.2314453125,12779800
2025-07-21,META,705.7476506911312,715.932476351091,704.7092210614702,711.908447265625,9404400
2025-07-22,META,715.1236815394241,715.5330442831794,700.3656579311477,703.7606201171875,8921100
2025-07-23,META,705.3182910497592,713.5660026063329,703.880432607157,712.517578125,8771600
2025-07-24,META,715.9824289621253,722.5426547237513,712.9369820539731,713.7357788085938,10920800
2025-07-25,META,715.8525738749273,719.5770617883383,710.8400895031193,711.618896484375,8271700
2025-07-28,META,714.1352096135126,723.6609843506268,711.6189419324959,716.5615844726562,8715700
2025-07-29,META,718.9279854910714,723.3913008144071,698.8678708582052,698.957763671875,13267000
2025-07-30,META,707.0357546566921,707.4451173939698,690.170887478499,694.1749267578125,27077300
2025-07-31,META,774.0458414913344,783.5816106103192,764.3702661872821,772.2884521484375,38831100
2025-08-01,META,759.5973820600149,764.8595554226001,744.2003568990668,748.8933715820312,19028700
2025-08-04,META,758.8684883686742,775.6933771870287,757.2808287946278,775.214111328125,15801700
2025-08-05,META,775.2939526074297,781.9639994147884,761.863966178597,762.3233032226562,11640300
2025-08-06,META,768.853609707056,772.488205034118,759.327834976083,770.8406372070312,9733900
2025-08-07,META,772.3383525306105,773.8461140652291,758.4191051508143,760.6957397460938,9019700
2025-08-08,META,761.6144268371896,768.7538063796192,757.4506521481833,768.1546630859375,7320800
2025-08-11,META,768.9334902466898,772.3084628390361,763.531510748687,764.729736328125,7612000
2025-08-12,META,771.849102319645,792.4883102810505,771.2799436630941,788.8237915039062,14563100
2025-08-13,META,789.9721665216805,794.2757473900336,777.0713578354987,778.9186401367188,8811800
2025-08-14,META,776.7218428333804,786.6370510429252,771.3598429397638,780.9655151367188,8116200
2025-08-15,META,782.9825648931883,795.0645257736991,779.6575056048304,784.0609130859375,13375400
2025-08-18,META,773.9360156125421,774.6549143701418,755.4335751910228,766.2274780273438,16513700
2025-08-19,META,765.977874147037,766.0277875160474,748.2443062415024,750.3611450195312,12286700
2025-08-20,META,746.4570103778062,749.083099657565,729.911672806752,746.6067504882812,11898200
2025-08-21,META,743.6012666698691,744.3900685450179,732.0185006665147,737.9995727539062,8876300
2025-08-22,META,738.1293678852983,755.7731035460037,733.2966081137474,753.6661987304688,10612700
2025-08-25,META,753.6961621486424,757.7501148109367,749.0131426125197,752.1784057617188,6861200
2025-08-26,META,749.6821592803592,753.7461069744401,746.8264320177999,752.9772338867188,7601800
2025-08-27,META,751.1799307743298,753.0272129802489,741.7340542390842,746.2672729492188,8315400
2025-08-28,META,742.8922995313089,751.9288132977724,739.6970516455432,749.99169921875,7468000
2025-08-29,META,744.1704403453122,746.0276565106426,734.2551707121078,737.6002197265625,9070500
2025-09-02,META,724.9589996576248,734.9041924629622,720.655419120511,734.0155029296875,9350900
2025-09-03,META,734.9042121918441,739.1478846127889,732.8971950134412,735.95263671875,7699300
2025-09-04,META,747.4555024338443,760.0267237435045,744.7095967582477,747.535400390625,11439100
2025-09-05,META,751.4994417417535,756.821523128746,743.9207763942886,751.3297119140625,9663400
2025-09-08,META,754.8743737770961,765.3687349414048,750.9003191950952,751.1798706054688,13087800
2025-09-09,META,756.3621991005824,765.1590798691678,752.3082462809408,764.5599975585938,10999000
2025-09-10,META,763.990858904295,764.5600175863916,749.8818911499914,750.8604125976562,12478300
2025-09-11,META,753.5264602522736,755.9727638030715,747.2557810059183,749.7820434570312,7923300
2025-09-12,META,747.6151944100551,756.4420593260343,742.6526235095245,754.4650268554688,8248600
2025-09-15,META,756.3421855933647,772.9175066813722,750.8703641812288,763.5614624023438,10533800
2025-09-16,META,765.8580156945753,780.1966205012909,763.960820221922,777.8401489257812,11782500
2025-09-17,META,778.828725718326,782.1238004242355,765.1691000860621,774.5650634765625,9400900
2025-09-18,META,779.5875734416616,787.6056471582369,772.2085614820411,779.0883178710938,10955000
2025-09-19,META,785.2490765825911,789.6225600448605,768.0447499547826,777.2210693359375,23696800
2025-09-22,META,781.2128396094075,785.0896826443245,763.8469978355404,764.5364379882812,11706900
2025-09-23,META,768.6231126086477,769.9719880546131,750.4579354131178,754.784423828125,10872600
2025-09-24,META,756.8827020619125,760.4897455830934,751.9167814613187,760.0401000976562,8828200
2025-09-25,META,752.8360219788784,756.1533238123261,743.9432502397539,748.2996826171875,10591100
2025-09-26,META,749.3888277967437,751.3172477286904,736.7491118404043,743.1439208984375,9696300
2025-09-29,META,748.1098002440084,750.1681799899285,738.5476529969768,742.794189453125,9246800
2025-09-30,META,741.6451369970716,742.3645209926972,725.7081225297242,733.7815551757812,16226800
2025-10-01,META,720.9020135039985,721.2617054862658,709.6212362201944,716.7554321289062,20419600
2025-10-02,META,721.9911913779041,727.176964520395,717.5548070653372,726.45751953125,11415300
2025-10-03,META,729.0354240673363,730.4043027655052,709.6012618171895,709.98095703125,16154300
2025-10-06,META,704.6153434967972,716.2958197616522,689.9473135389625,715.0767822265625,21654700
2025-10-07,META,717.135073707775,717.9144673294414,705.1748577839295,712.4989013671875,12062900
2025-10-08,META,712.8686286502683,719.063588526951,707.233209995552,717.2550659179688,10790600
2025-10-09,META,717.694662739213,732.9122314453125,711.8593952481671,732.9122314453125,12717200
2025-10-10,META,730.3243364156914,734.6708280741015,703.9358854737135,704.7252197265625,16980100
2025-10-13,META,712.4289500007787,719.353295154282,707.0633311027989,715.1167602539062,9251800
2025-10-14,META,707.2032236513401,714.966850016347,698.7600977854659,708.072509765625,8829800
2025-10-15,META,716.4756800447307,723.3101331023296,708.9318445822669,716.9652709960938,10246800
2025-10-16,META,716.9652609619593,724.898793146875,703.3064176322127,711.48974609375,9017000
2025-10-17,META,706.5038073054051,717.9544293541486,705.5445676686097,716.3357543945312,12232400
2025-10-20,META,720.602270855396,733.1720358988009,719.5930841941394,731.5733032226562,8900200
2025-10-21,META,735.4202444049121,737.898203963144,728.156149137632,732.6724853515625,7647300
2025-10-22,META,733.2320185457676,739.9964601984101,723.4400167690366,732.8123168945312,8734500
2025-10-23,META,734.1012972282697,741.8049752352916,732.5025644943078,733.40185546875,9856000
2025-10-24,META,736.1895728454068,740.6060149267306,730.5542151922721,737.75830078125,9151300
2025-10-27,META,749.1189913399045,755.1341048828856,747.4004223192904,750.2081298828125,11321100
2025-10-28,META,752.0166693998259,757.7819868095911,744.9124781386814,750.82763671875,12193800
2025-10-29,META,754.1349412128479,758.5413205942342,741.9049255575367,751.0574340820312,26818600
2025-10-30,META,668.6047496805471,680.405123547836,649.6401745693712,665.9268798828125,88440100
2025-10-31,META,673.9603724515775,674.3400676801817,645.0439523217459,647.8216552734375,56953200
2025-11-03,META,655.4654426520216,658.792746197499,635.6615861365713,637.1903686523438,33003600
2025-11-04,META,627.528160823027,641.2170082918374,625.4998468710925,626.8087768554688,27356600
2025-11-05,META,631.7947143740674,641.7066132741587,626.0293969573662,635.4317626953125,20219900
2025-11-06,META,635.3318005623231,635.4817027165644,617.4963715076051,618.4356079101562,23628800
2025-11-07,META,615.9875913853423,621.6230097922952,600.7100736857968,621.203369140625,29946800
2025-11-10,META,630.5757412925083,634.4825281361091,617.606277436272,631.2451782226562,19245000
2025-11-11,META,627.4882640088713,629.0469903781388,618.8852946435945,626.5690307617188,13302200
2025-11-12,META,627.6181473129036,628.4774318700306,607.2747531328254,608.5137329101562,24493300
2025-11-13,META,612.5704066192014,617.1466913787408,602.5086055074847,609.3930053710938,20973800
2025-11-14,META,601.2995852054279,613.1799107961393,594.7149894844074,608.96337890625,20724100
2025-11-17,META,608.54364845602,611.1915132655756,594.914810553651,601.5194091796875,16501300
2025-11-18,META,591.1178778321469,603.1680476389258,583.3043040560937,597.2029418945312,25500600
2025-11-19,META,593.236120814011,594.8448550993957,580.7763124672824,589.8389282226562,24744700
2025-11-20,META,603.0082035639184,606.225550290049,582.8745995478572,588.669921875,20603000
2025-11-21,META,588.0204327318114,597.6325885375659,581.38582901572,593.7657470703125,21052600
2025-11-24,META,598.2320754408486,616.1974650582393,597.1429978306941,612.5504150390625,23554900
2025-11-25,META,623.4914651316196,636.5308177101258,617.7960982049689,635.7014770507812,25213000
2025-11-26,META,637.1703200291516,637.8397569399452,631.1152610365342,633.0936279296875,15209500
2025-11-28,META,635.5616748244524,647.5218911860414,634.9821303911365,647.4219970703125,11033200
2025-12-01,META,639.028785702615,644.7941029489796,637.2402664201815,640.3477172851562,13029900
2025-12-02,META,641.8165621493692,647.3420238521164,637.5500224020741,646.5726318359375,11640900
2025-12-03,META,643.8848130159247,648.3211970895987,637.0304181904862,639.0787353515625,11134300
2025-12-04,META,675.4491463216154,675.5490404402168,659.512131337801,660.990966796875,29874600
2025-12-05,META,663.4589092143041,674.1402004180294,661.8502358329807,672.8712158203125,21207900
2025-12-08,META,668.7945609027437,676.1585499822719,664.528021142878,666.256591796875,13161000
2025-12-09,META,663.2291308887899,663.9385132978894,652.807637338328,656.4246826171875,12997100
2025-12-10,META,649.4203737252112,653.9766553823684,642.8757234590145,649.6002197265625,16910900
2025-12-11,META,642.7657334383907,654.7460135009795,640.2777724038347,652.1781005859375,13056700
2025-12-12,META,649.2704855848336,710.4206277669183,638.0896015354143,643.7050170898438,14016900
2025-12-15,META,645.7000122070312,653.0,638.7000122070312,647.510009765625,15549100
2025-12-16,META,643.5,662.5399780273438,643.2000122070312,657.1500244140625,14309100
2025-12-17,META,655.6099853515625,661.22998046875,649.2000122070312,649.5,15598500
2025-12-18,META,657.030029296875,670.5599975585938,656.4600219726562,664.4500122070312,20260300
2025-12-19,META,666.4199829101562,671.0,658.1799926757812,658.77001953125,49977100
2025-12-22,META,661.6500244140625,673.5800170898438,656.6500244140625,661.5,15659400
2025-12-23,META,660.0499877929688,666.0,658.25,664.9400024414062,8486800
2025-12-24,META,662.530029296875,668.1799926757812,662.2000122070312,667.5499877929688,5627500
2025-12-26,META,668.0599975585938,668.9500122070312,661.3200073242188,663.2899780273438,7062300
