Date,Ticker,Open,High,Low,Close,Volume
,,MSFT,MSFT,MSFT,MSFT,MSFT
2000-01-03,MSFT,35.8496236519903,36.23140878140447,34.20794759550938,35.601463317871094,53228400
2000-01-04,MSFT,34.685169179749145,35.77325649028613,34.284294907446046,34.39883041381836,54119000
2000-01-05,MSFT,33.940697625467635,35.54419515108028,33.40619845026342,34.76153564453125,64059600
2000-01-06,MSFT,34.265192313627765,34.78060189160434,33.10074845227329,33.597068786621094,54976600
2000-01-07,MSFT,33.17712027934316,34.28429690546623,32.7762459836779,34.036136627197266,62013600
2000-01-10,MSFT,34.64699374540877,34.723350756417936,34.01704840458316,34.284297943115234,44963600
2000-01-11,MSFT,34.05522349330357,34.895150530133925,33.196207205636156,33.40618896484375,46743600
2000-01-12,MSFT,33.138945541787415,33.2534810678535,31.89814400940482,32.31810760498047,66532400
2000-01-13,MSFT,31.87904636548913,33.17711531929348,31.00094089673913,32.928955078125,83144000
2000-01-14,MSFT,32.73806847017964,34.7997077674271,32.29901565687694,34.284297943115234,73416400
2000-01-18,MSFT,34.150660151453195,35.58235356193894,34.131570905980055,35.21965789794922,81483600
2000-01-19,MSFT,33.749783810054026,34.055211717837324,32.3753582250292,32.6807861328125,97568200
2000-01-20,MSFT,32.6998950018073,33.501643740905905,32.33719914364365,32.3753776550293,56349800
2000-01-21,MSFT,32.68079126197171,32.75714825090156,31.53543642802411,31.68815040588379,68416200
2000-01-24,MSFT,31.702474243846943,32.27992409835627,30.790962490034694,30.92458724975586,63597600
2000-01-25,MSFT,30.848223431711865,31.72632880167396,30.40917074673082,31.401811599731445,59823200
2000-01-26,MSFT,31.287286885579427,31.61180419921875,30.27555643717448,30.351913452148438,49365000
2000-01-27,MSFT,30.509397223025935,30.905499204804624,29.702876320368127,30.16101837158203,63654800
2000-01-28,MSFT,29.97012990121623,30.619164561497346,29.702880335218122,30.00830841064453,58225400
2000-01-31,MSFT,29.817403693461024,29.9892069157665,28.97747682885649,29.893760681152344,73194200
2000-02-01,MSFT,30.084659884463818,31.535442975338977,29.836499618919383,31.43999671936035,70196600
2000-02-02,MSFT,31.287284689073743,31.745426746753896,30.695517864570213,30.790964126586914,49915600
2000-02-03,MSFT,31.172747355462267,31.821781899299204,30.580980565493295,31.649978637695312,49186000
2000-02-04,MSFT,31.87904129699528,32.98621758156158,31.807456623424184,32.54716491699219,55365400
2000-02-07,MSFT,32.623532864301175,32.642622117001174,31.840873503601145,32.56626510620117,40005800
2000-02-08,MSFT,32.50899715542861,33.597084552879835,32.50899715542861,33.57799530029297,56229000
2000-02-09,MSFT,33.425277818854035,33.425277818854035,31.72633451452622,31.76451301574707,55090000
2000-02-10,MSFT,31.73111527539649,32.54718095626471,31.30637933623116,32.3753776550293,54527800
2000-02-11,MSFT,32.0317649793595,32.0317649793595,30.275553788596053,30.523714065551758,115559000
2000-02-14,MSFT,30.919818621806545,31.077304964532217,30.25646705699236,30.42827033996582,81028600
2000-02-15,MSFT,30.46643829345703,30.542795281661185,29.970117870130036,30.103742599487305,71027600
2000-02-16,MSFT,30.313716458602688,30.60005509013861,29.664682227121272,29.81739616394043,65202600
2000-02-17,MSFT,30.084663774018903,30.447359593629535,29.669472506833046,30.42827033996582,80343400
2000-02-18,MSFT,30.542810804980274,30.561900061733386,28.977491751225035,29.034759521484375,79063000
2000-02-22,MSFT,29.053832077646476,29.664687942616705,28.34752998377465,28.652957916259766,66296200
2000-02-23,MSFT,28.55751010277543,29.24472291273527,28.11845747418998,28.78658103942871,75847200
2000-02-24,MSFT,28.786582755539225,29.28290314787611,28.099369904611233,28.93929672241211,69733200
2000-02-25,MSFT,28.920214278986812,28.924986591574104,27.641234505592674,27.889394760131836,65301400
2000-02-28,MSFT,27.564883032268224,28.137560657592356,26.915848390234206,27.965757369995117,76131800
2000-02-29,MSFT,28.023016010631213,28.023016010631213,27.144910604303533,27.297624588012695,58437400
2000-03-01,MSFT,27.37397016563337,28.738850825914252,27.163988525590156,27.736665725708008,106889800
2000-03-02,MSFT,28.042109248149824,29.13019653687994,27.832127490675592,28.51934051513672,106932600
2000-03-03,MSFT,28.939285863670477,30.199175617629745,28.67203652192154,29.359249114990234,101435200
2000-03-06,MSFT,29.32108230064655,29.741045719015187,27.526693149435108,27.679407119750977,93609400
2000-03-07,MSFT,29.35926383469018,29.779227296564812,28.080284200799255,28.366622924804688,135061000
2000-03-08,MSFT,28.652968495869807,29.378360103360183,27.793952118578574,29.187467575073242,94290000
2000-03-09,MSFT,29.111107110977173,30.542800903320312,29.015660858154295,30.542800903320312,88198800
2000-03-10,MSFT,30.409164416908038,31.306358847287623,30.39007517370847,30.848217010498047,85589000
2000-03-13,MSFT,29.817417894090923,30.619166646684917,29.779239382062638,29.93195343017578,61831800
2000-03-14,MSFT,30.122846625950896,30.31373919012042,29.053848266601562,29.053848266601562,73489200
2000-03-15,MSFT,28.882024020073768,29.511969025138164,28.61477462398584,29.130184173583984,53208000
2000-03-16,MSFT,29.301987356783364,29.531058267715874,28.481149925941878,29.130184173583984,77300800
2000-03-17,MSFT,29.092022705078126,30.390091959635416,28.86295166015625,30.351913452148438,81161600
2000-03-20,MSFT,30.161016143485426,30.466444155065027,29.473803117431327,29.741052627563477,47773000
2000-03-21,MSFT,29.550140728915693,31.497243025007037,29.4737837761278,31.382707595825195,81648800
2000-03-22,MSFT,31.40181189876492,32.26082802973417,30.886402220183367,31.535436630249023,93975800
2000-03-23,MSFT,32.62352129334178,34.47517814849342,32.56625355555359,34.16975021362305,148224000
2000-03-24,MSFT,34.39882652654151,35.12421798492585,33.46345333020381,34.11248779296875,112196800
2000-03-27,MSFT,32.91463984154366,33.06258153142156,31.745423260250607,31.783601760864258,111434000
2000-03-28,MSFT,31.649978790831753,32.814423125114466,31.268193763198077,31.859960556030273,81114400
2000-03-29,MSFT,32.12719658053651,33.27255118233817,32.10810733717315,32.73805236816406,64363800
2000-03-30,MSFT,32.43265373502129,33.177134897861684,31.306387360467873,31.573637008666992,64178400
2000-03-31,MSFT,32.37536039464614,33.06257323321174,31.8026830291748,32.451717376708984,64281400
2000-04-03,MSFT,28.843839149527568,29.473784015136047,27.488503226551753,27.755752563476562,260118200
2000-04-04,MSFT,27.96575896909898,28.099383755982046,25.94229791058397,27.049474716186523,181244400
2000-04-05,MSFT,26.954031092730684,27.030388121321987,26.228639321113285,26.3813533782959,82887600
2000-04-06,MSFT,26.839492842208507,26.87767135265262,26.042516436687738,26.266815185546875,66421400
2000-04-07,MSFT,26.57225052682977,27.297642423395523,25.96139419287966,27.20219612121582,82613600
2000-04-10,MSFT,27.06856141544029,27.06856141544029,26.26681276984897,26.28590202331543,60685400
2000-04-11,MSFT,25.999561920961927,26.28590070863772,25.50324135565722,25.61777687072754,71961800
2000-04-12,MSFT,25.083266262745294,25.121444750207615,24.052447101262608,24.24333953857422,153003800
2000-04-13,MSFT,24.701494084547747,25.121457662492144,24.12881647825993,24.20517349243164,94316200
2000-04-14,MSFT,24.166994696322824,24.28153021621061,22.37260488474751,22.639854431152344,151217800
2000-04-17,MSFT,22.678026479001492,23.21252541958402,22.296241521442546,23.174346923828125,119772200
2000-04-18,MSFT,23.36525068734393,25.026016054826712,23.1743581163689,24.60605239868164,91794600
2000-04-19,MSFT,24.87330210218361,24.89239135936104,23.861571471780135,24.033374786376953,53715400
2000-04-20,MSFT,24.01426449108954,24.39604930016887,23.67065816291815,24.109710693359375,52387400
2000-04-24,MSFT,20.540034589355926,20.769105607081087,19.85282153618045,20.34914207458496,313645800
2000-04-25,MSFT,20.998177227673228,21.22724825197512,20.654570691220396,21.189069747924805,159517400
2000-04-26,MSFT,21.379969821256747,21.723576479098373,20.57822095295962,20.769113540649414,107091200
2000-04-27,MSFT,20.597297665041904,21.360867550678304,20.578208417900996,21.322689056396484,77669800
2000-04-28,MSFT,21.60904181559026,21.685398853807893,20.845471433413927,21.303613662719727,78082600
2000-05-01,MSFT,22.258065448517495,22.60167194772274,21.895369699356404,22.429868698120117,107811000
2000-05-02,MSFT,22.23897637109637,22.44895812223977,21.227246115587263,21.341781616210938,97716200
2000-05-03,MSFT,21.494491979229014,21.62811670734145,21.017260807398888,21.551759719848633,55354800
2000-05-04,MSFT,21.475405638050802,21.76174437989148,21.169977646754077,21.51358413696289,43317200
2000-05-05,MSFT,21.45632409630425,21.933555504140198,21.341788558423623,21.723573684692383,36402200
2000-05-08,MSFT,21.666295504932865,21.799920234919234,21.284510562114665,21.322689056396484,36187600
2000-05-09,MSFT,21.437225373439528,21.513582364974486,20.616387714438726,20.711833953857422,60778400
2000-05-10,MSFT,20.692744419865164,20.730922915104767,20.081888496031503,20.215513229370117,67740000
2000-05-11,MSFT,20.349148983893915,20.807291174900907,20.081899372473167,20.730934143066406,58390800
2000-05-12,MSFT,20.90273360790284,21.3036079510681,20.845465844593516,21.017269134521484,37886000
2000-05-15,MSFT,21.07453423577386,21.208158999949962,20.76910620337134,21.189069747924805,33899600
2000-05-16,MSFT,21.24633076208101,21.57084794353238,21.093616794339187,21.22724151611328,48410600
2000-05-17,MSFT,21.03635025024414,21.112707238448294,20.540029826917145,20.673654556274414,53242000
2000-05-18,MSFT,20.788190657964172,20.788190657964172,20.12006699127111,20.215513229370117,53640400
2000-05-19,MSFT,19.967354432764704,20.13915767358199,19.700104947048924,19.87190818786621,66578000
2000-05-22,MSFT,19.89099685312362,19.92917534996263,19.07015917108493,19.604658126831055,69955000
2000-05-23,MSFT,19.509208456580883,20.02461807333987,19.261048270733962,19.299226760864258,57963200
2000-05-24,MSFT,19.280139424894056,20.330048007437792,19.241960930983375,20.024620056152344,85482400
2000-05-25,MSFT,19.7191943114366,19.776462058710855,18.66928561140851,18.78382110595703,94348800
2000-05-26,MSFT,18.95562871038489,19.127431991747898,18.440218866295876,18.76473617553711,55822000
2000-05-30,MSFT,19.070156221559063,19.585565849168766,18.93653150328988,19.356494903564453,68536400
2000-05-31,MSFT,19.43763469387363,19.456723949649593,18.955630985530583,19.10834503173828,54968200
2000-06-01,MSFT,19.661922861045696,20.15824324394588,19.490119651580248,19.71919059753418,94507200
2000-06-02,MSFT,20.158248282961974,20.38731928617745,19.852820278674674,20.253694534301758,80463200
2000-06-05,MSFT,20.16301799043317,20.883637094943325,20.158245678482768,20.425495147705078,64400000
2000-06-06,MSFT,20.82636823774026,21.341777900819075,20.71183275705608,21.26542091369629,99019000
2000-06-07,MSFT,21.15088228131017,21.609024135778984,20.501847987479355,21.53266716003418,76310600
2000-06-08,MSFT,21.857196329724886,22.028999619652854,20.845465844593516,21.017269134521484,94765600
2000-06-09,MSFT,21.265429442195217,21.284518696631658,20.864555099029957,21.017269134521484,35710200
2000-06-12,MSFT,21.074529572959257,21.074529572959257,20.27278116529233,20.425495147705078,49260600
2000-06-13,MSFT,20.387327499811164,20.76911265898366,20.196434920224917,20.730934143066406,44289200
2000-06-14,MSFT,21.322685476735977,21.685381111523785,21.227239257054972,21.53266716003418,79992400
2000-06-15,MSFT,21.628124864607894,22.20080248679522,21.570857102389162,22.105356216430664,65592600
2000-06-16,MSFT,22.181711704540003,22.33442572660224,21.83810515489997,22.162622451782227,68710600
2000-06-19,MSFT,22.162615331984657,22.544400264490854,21.99081211235687,22.506221771240234,46604800
2000-06-20,MSFT,22.563489024692817,22.983452441396068,22.525310532265248,22.88800621032715,62275000
2000-06-21,MSFT,23.517963766959358,25.102372040220416,23.498874510655007,24.644229888916016,160399600
2000-06-22,MSFT,24.854208762656917,25.045101303076706,24.2242633792716,24.396066665649414,87315200
2000-06-23,MSFT,24.41515462204802,24.453333128102827,23.517959729760094,23.727941513061523,49811600
2000-06-26,MSFT,23.67066497322898,24.472413302967382,23.67066497322898,24.28152084350586,48287000
2000-06-27,MSFT,24.20517323529503,24.472422782056963,23.937923688533097,24.071548461914062,31071200
2000-06-28,MSFT,24.12879993381334,24.45331702153077,24.01426449108954,24.109710693359375,37459200
2000-06-29,MSFT,23.899737307899876,24.109719025461295,23.53704161393015,23.575220108032227,38449000
2000-06-30,MSFT,23.537047415971756,24.434242248535156,23.422511905431747,24.434242248535156,52356400
2000-07-03,MSFT,24.338795989751816,24.453331500291824,24.243349730968475,24.434242248535156,15734800
2000-07-05,MSFT,24.3960567097755,24.3960567097755,23.899736307229208,23.976093292236328,34824400
2000-07-06,MSFT,24.090628310980485,24.949644375952055,23.97609283565094,24.72057342529297,47873200
2000-07-07,MSFT,24.820806212541534,25.312354576296926,24.606052073036754,25.04510498046875,54153200
2000-07-10,MSFT,24.644222837278548,24.835115345700533,24.243348569592374,24.26243782043457,52689800
2000-07-11,MSFT,24.07155163028229,24.58696153830578,23.97610535101868,24.1669979095459,37164800
2000-07-12,MSFT,23.899750023036614,24.739677340140137,23.575232650519343,24.529695510864258,58370200
2000-07-13,MSFT,24.071539442645467,24.4342351202111,23.632486780329174,24.415145874023438,80843200
2000-07-14,MSFT,24.28151385744507,24.357870819260935,23.956996769727645,24.109710693359375,51180600
2000-07-17,MSFT,23.899734997158525,24.300609146471885,23.670664054693745,23.880645751953125,53992800
2000-07-18,MSFT,23.708843844711403,24.28152123226482,23.65157610595606,23.976093292236328,70617200
2000-07-19,MSFT,23.23161386995234,23.67066655607305,22.238973014375084,22.33441925048828,139924600
2000-07-20,MSFT,22.42986528496993,22.983453449450042,22.33441904971474,22.849828720092773,54690600
2000-07-21,MSFT,22.83073065254126,22.90708761124541,21.952625627443517,22.08625030517578,56100600
2000-07-24,MSFT,22.009901644805556,22.02899089167876,21.379956497989784,21.551759719848633,56165600
2000-07-25,MSFT,21.62812566584435,21.68539343018463,20.88364472942076,21.07453727722168,64188600
2000-07-26,MSFT,21.093618911532214,21.227243646718392,20.54003072290377,20.711833953857422,85404600
2000-07-27,MSFT,20.730927699321025,21.418140772226693,20.61639218717008,21.189069747924805,74337600
2000-07-28,MSFT,21.66630235167362,21.93355189609955,21.265428035034727,21.284517288208008,75645600
2000-07-31,MSFT,21.437224539241946,21.723563246355596,21.150885832128296,21.322689056396484,70283800
2000-08-01,MSFT,21.360865099197955,21.39904358909822,20.826366240594254,20.979080200195312,47163600
2000-08-02,MSFT,20.940909471597756,21.513587032352483,20.9218202195726,21.189069747924805,48269200
2000-08-03,MSFT,20.826368922440608,21.494492581730636,20.807279675032323,21.456314086914062,54543400
2000-08-04,MSFT,21.208159120776983,21.341783885714374,20.82637407809873,21.112712860107422,38107400
2000-08-07,MSFT,21.43722685405186,21.72356559208461,21.30360210963658,21.379959106445312,52741800
2000-08-08,MSFT,21.39905296570133,22.811657710984022,21.3799637123867,22.639854431152344,138038800
2000-08-09,MSFT,22.52531221820048,22.86891867576625,22.33441974177505,22.67802619934082,63945600
2000-08-10,MSFT,22.544395359781237,22.62075232967042,21.914450358195477,22.181699752807617,48986000
2000-08-11,MSFT,22.124441146850586,22.20079814822022,21.876280892399286,22.124441146850586,35629600
2000-08-14,MSFT,22.08625511730904,22.410772262507187,21.799916459781265,22.048076629638672,53427000
2000-08-15,MSFT,21.990817244764397,22.296245262052793,21.8381032361202,21.87628173828125,40714200
2000-08-16,MSFT,21.952638072027288,22.067173575011775,21.55176381158157,21.685388565063477,44976200
2000-08-17,MSFT,21.723575815259107,21.990825429858077,21.55177249158834,21.857200622558594,36112800
2000-08-18,MSFT,21.723567066058305,21.81901331854538,21.379960557104834,21.685388565063477,54438800
2000-08-21,MSFT,21.58994343850465,21.628121941490512,21.399050923575345,21.57085418701172,34119600
2000-08-22,MSFT,21.628120700100013,22.124441210428873,21.446772821326004,21.76174545288086,54428200
2000-08-23,MSFT,21.62812092784437,21.72356718083574,21.49449617365645,21.609031677246094,36726800
2000-08-24,MSFT,21.570859634184878,21.74266294100582,21.36087781473706,21.723573684692383,42405400
2000-08-25,MSFT,21.58994343850465,21.89537146239154,21.55176493551879,21.57085418701172,52729400
2000-08-28,MSFT,21.437229576077407,22.0289963764856,21.418140324451336,21.78083610534668,56421600
2000-08-29,MSFT,21.74264916743476,22.21988027295352,21.647202946331007,21.666292190551758,59400200
2000-08-30,MSFT,21.58994084766933,21.666297844478063,21.284512860434397,21.379959106445312,53498800
2000-08-31,MSFT,21.647206257791954,21.990812706328335,21.284510562114665,21.322689056396484,72575400
2000-09-01,MSFT,21.37996140273681,21.570853915261246,21.284515146474593,21.43722915649414,37629800
2000-09-05,MSFT,21.37995619612369,21.58993790876419,21.322688456312644,21.418134689331055,50755200
2000-09-06,MSFT,21.399041386148504,21.58993381599818,21.169970470328895,21.208148956298828,62960800
2000-09-07,MSFT,21.379960508457156,22.009905773438483,21.20815725437134,21.399049758911133,111711200
2000-09-08,MSFT,21.494494421832513,21.647208414172354,21.13179869002539,21.16997718811035,56709600
2000-09-11,MSFT,21.11271540670369,21.284518696631658,20.788198081284193,21.017269134521484,48495200
2000-09-12,MSFT,20.998177834607045,21.169981107799284,20.654571288222566,20.80728530883789,46781200
2000-09-13,MSFT,20.635482919085156,20.998178733574164,20.520947398720207,20.8454647064209,40744800
2000-09-14,MSFT,20.979084290217358,20.998173538889077,20.062800353974925,20.10097885131836,78503000
2000-09-15,MSFT,19.986443095221144,20.043710840479655,19.337408648957993,19.604658126831055,99915200
2000-09-18,MSFT,19.623755182538712,19.73829071862357,18.993809734072002,19.24197006225586,69037800
2000-09-19,MSFT,19.432861555539645,20.08189622438871,19.356504535675047,19.852825164794922,79311200
2000-09-20,MSFT,19.814645128955174,19.85282363594738,19.299235284560385,19.62375259399414,67791400
2000-09-21,MSFT,19.54739038157254,19.89099685312362,19.413765642636008,19.604658126831055,48952200
2000-09-22,MSFT,18.669288563634097,19.3946801438162,18.631110059413984,19.318323135375977,84476600
2000-09-25,MSFT,19.31832807112713,19.394685099076252,18.459311506699542,18.70747184753418,53484200
2000-09-26,MSFT,18.612015972346633,20.12006649728549,18.459301995137636,19.146514892578125,155704800
2000-09-27,MSFT,19.37559321491989,19.41377172371776,18.26841645978161,18.516576766967773,106155600
2000-09-28,MSFT,18.57383519016153,18.898352351757364,18.516567455762267,18.72654914855957,52360400
2000-09-29,MSFT,18.631101365163534,18.726547581173595,17.905710123487086,18.421119689941406,74053600
2000-10-02,MSFT,18.478391248126364,18.57383748391214,17.791178350468773,18.058427810668945,58562400
2000-10-03,MSFT,18.192050113994114,18.268407092436902,17.256677128069967,17.275766372680664,85374000
2000-10-04,MSFT,17.218505842172306,17.275773599962235,16.645828264273003,16.932167053222656,136453400
2000-10-05,MSFT,16.951254902790147,17.485753931256504,16.874897898723525,16.913076400756836,81099400
2000-10-06,MSFT,17.046699633346233,17.333038372988106,16.722182395085444,16.9703426361084,61794000
2000-10-09,MSFT,16.989431524221736,17.027610022028977,16.1876830702697,16.550378799438477,58323600
2000-10-10,MSFT,16.474026357731596,16.970346966423392,16.43584784937069,16.664918899536133,62066200
2000-10-11,MSFT,16.49311178575182,17.390306524097117,16.49311178575182,17.027610778808594,101205800
2000-10-12,MSFT,17.199415647572486,17.371218911532697,16.43584558552709,16.607648849487305,90219600
2000-10-13,MSFT,16.454932266057924,16.76036024315413,15.92043330613957,16.4167537689209,104521200
2000-10-16,MSFT,16.34039627529551,16.435842515221303,15.137773652230539,15.385933876037598,119759000
2000-10-17,MSFT,15.844076291336004,16.01587952823001,15.347755829197768,15.405023574829102,81276600
2000-10-18,MSFT,15.156858692998473,16.264034768809445,14.794163081956947,15.805892944335938,110536400
2000-10-19,MSFT,17.848443243238663,18.993797889863604,17.714818534465753,18.898351669311523,256993200
2000-10-20,MSFT,18.7265576831675,20.1964302026414,18.669289922668515,19.910091400146484,160378600
2000-10-23,MSFT,19.73828823849469,20.23460883249939,18.535665260714065,18.97471809387207,185170400
2000-10-24,MSFT,19.127427589602586,19.222873835059684,18.382946875037216,18.78382110595703,94427400
2000-10-25,MSFT,18.917453674394256,19.37559584208897,18.459311506699542,18.70747184753418,167603800
2000-10-26,MSFT,18.63110816282167,19.871909423665322,18.573840412321193,19.68101692199707,114826600
2000-10-27,MSFT,19.757370697824577,21.131796485499333,19.73828145077354,20.673654556274414,124292400
2000-10-30,MSFT,20.616390935975502,21.418139472374552,20.578212434242214,21.0936222076416,110057600
2000-10-31,MSFT,21.074538298397446,21.227252344038007,20.769110207116324,21.036359786987305,104474000
2000-11-01,MSFT,20.921814471643746,21.399045641161166,20.902725224863048,21.26542091369629,81309400
2000-11-02,MSFT,21.494501624213324,21.637671040005156,21.2654305589464,21.475412368774414,77985200
2000-11-03,MSFT,21.15089276072743,21.26542828109238,20.788196946238422,20.8454647064209,68711000
2000-11-06,MSFT,20.97908131853282,21.41813397579056,20.845456596758726,21.22724151611328,74851400
2000-11-07,MSFT,21.303596232799777,21.952630526630593,21.227239257054972,21.53266716003418,104331200
2000-11-08,MSFT,21.72355851689295,22.105343376592298,20.76909636764458,21.208148956298828,206149400
2000-11-09,MSFT,20.921815835189143,21.780831996305487,20.902726587164338,21.647207260131836,91058600
2000-11-10,MSFT,21.36086807534071,21.475403560999375,20.406405694851852,20.578208923339844,93744400
2000-11-13,MSFT,20.368217534651087,20.80727002133991,19.671460327514474,20.291860580444336,83364800
2000-11-14,MSFT,20.769108826847752,21.32269720550454,20.559127028046902,21.017269134521484,84218600
2000-11-15,MSFT,21.09362175164746,21.64721001481287,20.979086248923583,21.399049758911133,60422200
2000-11-16,MSFT,21.208156810494195,21.838102062291053,21.055442810058594,21.055442810058594,92128600
2000-11-17,MSFT,21.208157712841466,21.379960970641264,20.70706487759206,21.0936222076416,106525600
2000-11-20,MSFT,20.807281423169513,20.921816917242005,20.024622213674146,20.52094268798828,80157200
2000-11-21,MSFT,20.578209718654957,21.150887169081347,20.578209718654957,20.692745208740234,59487600
2000-11-22,MSFT,20.177340837625355,21.227249774304063,20.1582515842312,20.8454647064209,76343200
2000-11-24,MSFT,21.074537261881073,21.513590121503594,20.9218232237515,21.360876083374023,34439200
2000-11-27,MSFT,21.819015872257143,22.06717615776838,21.570855586745907,21.58994483947754,85307600
2000-11-28,MSFT,21.189065993721805,21.30360148557976,20.406406799359107,20.463674545288086,127446200
2000-11-29,MSFT,20.40640715929777,20.50185340419626,19.31831996745495,19.87190818786621,98280400
2000-11-30,MSFT,18.93654424796177,18.955633506276246,17.409403582803563,17.52393913269043,197200800
2000-12-01,MSFT,17.733911642701948,18.516570821766294,17.12305569806636,17.294858932495117,109809800
2000-12-04,MSFT,17.485749076767224,18.020247956843075,16.855803968106393,17.23758888244629,80407200
2000-12-05,MSFT,18.077514873417037,18.478389015277394,17.79117620065964,18.28749656677246,101734400
2000-12-06,MSFT,18.325683862923785,18.344773116947664,17.12306085941941,17.313953399658203,90560800
2000-12-07,MSFT,16.321304915933048,16.493108125574448,15.958609251134535,16.225858688354492,145308400
2000-12-08,MSFT,16.684007261431724,17.06579232462238,16.321311451400597,16.626739501953125,120939800
2000-12-11,MSFT,16.951254164056195,17.943895173663087,16.79854016257821,17.73391342163086,95576200
2000-12-12,MSFT,17.657552030918684,18.32567562127777,17.333034858458557,17.829355239868164,63106000
2000-12-13,MSFT,18.478389023693367,18.478389023693367,17.35212357700131,17.485748291015625,98360400
2000-12-14,MSFT,17.695734636203664,17.9391225721385,16.913075391236728,16.95125389099121,71201400
2000-12-15,MSFT,15.591140341122541,15.882251317800984,14.584182700480712,15.023235321044922,116899800
2000-12-18,MSFT,14.96597591225618,15.271403992098143,14.355119752572254,14.603280067443848,107187400
2000-12-19,MSFT,14.48873813980294,14.660541358851987,13.591543551435695,13.686989784240723,120271800
2000-12-20,MSFT,13.076135731605163,13.438831467226327,12.63708299901112,12.675261497497559,149037800
2000-12-21,MSFT,12.446195528318555,13.782443514487726,12.312570729701639,13.267033576965332,163173000
2000-12-22,MSFT,13.667901759192567,14.393293193339659,13.667901759192567,14.183311462402344,109551800
2000-12-26,MSFT,14.316938400268555,14.832348182678222,14.011510381062825,14.316938400268555,66941600
2000-12-27,MSFT,14.087865221067199,14.297846952004516,13.744258752260682,14.183311462402344,69003800
2000-12-28,MSFT,13.782436116714798,14.126042557297716,13.400651182733778,13.61063289642334,77619200
2000-12-29,MSFT,13.419746218909447,13.992423866942568,13.133407394892888,13.247942924499512,99977600
2001-01-02,MSFT,13.477013983712759,13.744263552794882,13.095228885024012,13.247942924499512,82413200
2001-01-03,MSFT,13.190670842763808,14.927792473286972,13.17158159407674,14.641453742980957,135962200
2001-01-04,MSFT,14.60327409313571,15.424111721900202,14.316935385427167,14.794166564941406,112397000
2001-01-05,MSFT,14.81326165818076,15.23322526189207,14.526922837468504,15.004154205322266,93414600
2001-01-08,MSFT,14.946880340576174,15.195040550572967,14.25966745135428,14.946880340576172,79817600
2001-01-09,MSFT,15.271401031457327,16.073149585608835,15.19504402630004,15.824989318847656,114965400
2001-01-10,MSFT,15.576829950860207,16.435846308444408,15.500472941297167,16.149507522583008,90230200
2001-01-11,MSFT,16.187678597190164,17.02760531685569,15.977696917273782,16.798534393310547,101854800
2001-01-12,MSFT,16.76035643960828,16.79853492808119,16.034965158622956,16.34039306640625,73712000
2001-01-16,MSFT,16.302222180451565,16.34040068672897,15.615009067458292,16.054061889648438,68462400
2001-01-17,MSFT,16.3785741731718,16.76035911893338,16.054056969274455,16.16859245300293,72844200
2001-01-18,MSFT,16.397665644551182,17.161235639640875,16.07314839663806,16.95125389099121,109788800
2001-01-19,MSFT,18.325677465219965,18.76473015449086,17.98207101274709,18.631105422973633,209348800
2001-01-22,MSFT,18.554757465196,18.631114491801746,18.020258278955787,18.36386489868164,76673000
2001-01-23,MSFT,18.249325826072102,18.612021632238807,18.00116553764225,18.497486114501953,70295200
2001-01-24,MSFT,18.631108819077006,19.37558960180652,18.554751815720135,19.222875595092773,110455000
2001-01-25,MSFT,19.165599657141644,19.547384510869566,18.80290404610012,18.879261016845703,85657400
2001-01-26,MSFT,18.631106078624725,19.64283622428775,18.631106078624725,19.54738998413086,93080000
2001-01-29,MSFT,19.413759403450545,19.738276522288952,19.394670161165934,19.700098037719727,84983800
2001-01-30,MSFT,19.700101321970923,19.77645830383903,19.203780939828246,19.356494903564453,57276800
2001-01-31,MSFT,19.241966723907687,19.47103775633516,18.63111063743443,18.65019989013672,81898800
2001-02-01,MSFT,18.573841784903426,19.127430080650804,18.440217023860956,19.05107307434082,71792800
2001-02-02,MSFT,19.089254788970162,19.356504356015744,18.554755654879,18.57384490966797,71100000
2001-02-05,MSFT,18.55474852745757,18.95562272403844,18.402034547807713,18.917444229125977,51399200
2001-02-06,MSFT,18.955630985530583,19.490130147257528,18.841095450874807,19.10834503173828,96442000
2001-02-07,MSFT,18.936534229223277,19.871907391755474,18.879266484578448,19.75737190246582,126061800
2001-02-08,MSFT,19.471031786447547,19.700102748641047,18.936532874662714,19.012889862060547,88041200
2001-02-09,MSFT,18.726551461169382,18.802908449798004,17.867535339097394,18.058427810668945,100575200
2001-02-12,MSFT,17.96298268094976,18.153875164275476,17.4666622243029,17.943893432617188,71289400
2001-02-13,MSFT,18.211147550097344,18.650200373632185,17.753005473365334,17.7720947265625,76070600
2001-02-14,MSFT,17.600284294602194,18.020247694256476,17.21849938582557,17.829355239868164,61728400
2001-02-15,MSFT,18.020242267410005,18.38293782152101,17.676635952989052,17.962974548339844,65627800
2001-02-16,MSFT,17.40939840235653,17.79118345503979,17.14214886547825,17.504844665527344,66958400
2001-02-20,MSFT,17.523922401786653,17.791171763033944,16.9130667189357,17.065780639648438,60730800
2001-02-21,MSFT,16.87490030924479,17.73391672770182,16.855811055501302,17.180328369140625,63947200
2001-02-22,MSFT,17.199420607103498,17.35213466354837,16.454939581934756,16.85581398010254,100816400
2001-02-23,MSFT,16.626741596255535,17.562115118892184,16.588563085127507,17.333044052124023,92620600
2001-02-26,MSFT,17.600289860152,18.306592164735104,17.52393285425112,18.19205665588379,87936800
2001-02-27,MSFT,18.134780883789062,18.688368931820516,17.920026899638927,18.134780883789062,99148600
2001-02-28,MSFT,18.19204970335556,18.349535967838968,17.77208633139982,18.020246505737305,84608400
2001-03-01,MSFT,17.886628374108266,18.172967142103598,17.180326079719787,18.130016326904297,81781600
2001-03-02,MSFT,17.562113701968627,17.75300624220742,17.237596383562686,17.313953399658203,79800800
2001-03-05,MSFT,17.485760104539477,17.90572377517252,17.275778269222954,17.543027877807617,49383600
2001-03-06,MSFT,17.905722645178955,18.32568628930895,17.8293656189735,18.15388298034668,66781800
2001-03-07,MSFT,18.287505211717193,18.66929028920607,18.115701926847198,18.53566551208496,59743600
2001-03-08,MSFT,18.421124426121448,18.507026042616317,17.848446982822338,18.096607208251953,54626000
2001-03-09,MSFT,17.69573848013578,17.772095496231298,16.760365032965712,17.313953399658203,103794400
2001-03-12,MSFT,16.703087787192075,16.79853400311889,15.767714871109321,15.863161087036133,114376000
2001-03-13,MSFT,15.93952283452264,16.722182039571056,15.88225508781178,16.550378799438477,91035600
2001-03-14,MSFT,16.034968694051106,16.87489562564426,15.939522451824612,16.49311065673828,90686200
2001-03-15,MSFT,16.89398943198296,17.127832788527357,16.340401077714592,16.397668838500977,71638400
2001-03-16,MSFT,16.034973511581157,16.836722187160216,16.030201198036046,16.664918899536133,112848800
2001-03-19,MSFT,16.645825946838592,16.95125394586315,16.225862448179818,16.588558197021484,61036400
2001-03-20,MSFT,16.664912987434143,17.142144172641306,16.07314631777726,16.092235565185547,91822800
2001-03-21,MSFT,15.958615930488197,16.264043986574094,15.19504579027345,15.290492057800293,124988600
2001-03-22,MSFT,15.44320199224684,16.51219990518358,15.42411274380154,16.49311065673828,126363200
2001-03-23,MSFT,16.779446012802545,17.40939108495554,16.607642811306274,17.275766372680664,99519600
2001-03-26,MSFT,17.447575589353292,17.562111096504406,16.970344309556975,17.123058319091797,63118600
2001-03-27,MSFT,17.123052285976165,17.88662206461501,17.06578455257825,17.791175842285156,95135600
2001-03-28,MSFT,17.52393086608269,17.695734109867814,16.913074888180024,16.9703426361084,78681600
2001-03-29,MSFT,16.913076400756836,17.466664680239848,16.664916137540313,16.913076400756836,86985000
2001-03-30,MSFT,17.027611746651786,17.16123650251116,16.454934221540178,16.703094482421875,91201600
2001-04-02,MSFT,16.74127153693495,17.390306009290466,16.684003789374167,17.04669952392578,75924000
2001-04-03,MSFT,16.893984160322777,16.893984160322777,16.11132500713268,16.302217483520508,94187600
2001-04-04,MSFT,16.302213680299467,16.79853400311889,15.59591168244106,15.863161087036133,104046600
2001-04-05,MSFT,16.416759785051386,17.523936607764156,16.340402762795335,17.333044052124023,113364000
2001-04-06,MSFT,17.218501645810612,17.46666186908726,16.8176274389791,17.16123390197754,92622000
2001-04-09,MSFT,17.278068494244753,17.537681927780117,17.000128954238406,17.455217361450195,56295600
2001-04-10,MSFT,17.699556816015736,18.353172696682726,17.647633438471253,18.227947235107422,109199400
2001-04-11,MSFT,18.524209529497337,18.783822875552303,18.234052682949464,18.33789825439453,109879600
2001-04-12,MSFT,18.19128947300269,19.031216351734948,18.12714871677559,18.99151039123535,87520000
2001-04-16,MSFT,18.753272483513125,18.80824959566603,18.36232400096857,18.56696128845215,65857400
2001-04-17,MSFT,18.484499412706953,18.97012989295168,18.337894138591675,18.7777099609375,85149200
2001-04-18,MSFT,19.361082207835473,20.252931476490165,19.24196546518376,19.984155654907227,156696400
2001-04-19,MSFT,20.100224357904082,21.07454083189329,20.081899415898317,20.781330108642578,159375600
2001-04-20,MSFT,21.471594708740113,21.715935771786516,20.921823238980945,21.07453727722168,192919600
2001-04-23,MSFT,20.802704965236472,20.912659251205316,20.433137299153305,20.8454647064209,92171200
2001-04-24,MSFT,20.830181002135113,21.35857227298189,20.50642818695411,20.631654739379883,89176600
2001-04-25,MSFT,20.637770113683214,21.31582065463174,20.540033245723205,21.2852783203125,76744000
2001-04-26,MSFT,21.401339897754248,21.685388031374437,20.845461030159232,21.11423683166504,118737600
2001-04-27,MSFT,21.236412279067473,21.282226953337283,20.222391230261433,20.50033187866211,121572400
2001-04-30,MSFT,20.930978655280732,21.092855108431042,20.671365343800204,20.692745208740234,74368200
2001-05-01,MSFT,20.66524919778804,21.471578525547827,20.646921942455176,21.43187141418457,83702800
2001-05-02,MSFT,21.685393679917382,21.73120835796347,21.181436881873037,21.306663513183594,92864400
2001-05-03,MSFT,21.150893072246905,21.43494126014481,20.811867740554852,20.930984497070312,66273400
2001-05-04,MSFT,20.769104650922042,21.700661012210126,20.756887250911454,21.609031677246094,119538400
2001-05-07,MSFT,21.633474290964898,22.036639316008582,21.59376714403114,21.80145835876465,109356200
2001-05-08,MSFT,21.914459983422,22.021359322173016,21.60903196971577,22.00914192199707,75084000
2001-05-09,MSFT,21.758685035886277,21.777012296205022,21.337195332237922,21.502126693725586,76676600
2001-05-10,MSFT,21.725091893137765,21.758689158152055,21.36774170732824,21.379959106445312,64334600
2001-05-11,MSFT,21.36774765397717,21.379965056494346,20.967637625022494,21.19670867919922,51128800
2001-05-14,MSFT,21.114239865678957,21.135619735572845,20.860736359860304,20.989015579223633,44968000
2001-05-15,MSFT,20.995113991291348,21.1661552063468,20.769097989167754,20.8515625,61385600
2001-05-16,MSFT,20.677482178661556,21.343315553723762,20.56447526896132,21.123409271240234,91893800
2001-05-17,MSFT,21.10507397679093,21.422719371043076,20.631661982940948,20.821025848388672,106984800
2001-05-18,MSFT,20.67441578431023,21.13561024642262,20.540026759466883,20.796585083007812,90605400
2001-05-21,MSFT,20.78437895400193,21.376907764191422,20.692749610350777,21.010395050048828,103491600
2001-05-22,MSFT,21.211969767114628,21.486855382610447,21.129505247581022,21.474637985229492,83455600
2001-05-23,MSFT,21.49907035926832,21.868637850066644,21.230294637841364,21.2883243560791,93637400
2001-05-24,MSFT,21.36162928362976,21.92361553300378,21.156990808044792,21.905290603637695,80781600
2001-05-25,MSFT,21.886965066153248,21.960267111811007,21.489907852566187,21.657894134521484,52747600
2001-05-29,MSFT,21.624299795687577,21.91445541614369,21.39522883314949,21.483800888061523,71210800
2001-05-30,MSFT,21.245559910602225,21.557097613883265,20.967621786536476,21.132553100585938,86501800
2001-05-31,MSFT,21.224185158085962,21.4960158159817,20.891269849290307,21.12950325012207,70682600
2001-06-01,MSFT,21.25778485748844,21.59375513649823,20.982899236396666,21.483800888061523,57587600
2001-06-04,MSFT,21.547947441390967,21.69149665138715,21.31887642959828,21.618194580078125,43736600
2001-06-05,MSFT,21.612085865867492,22.32067873047475,21.532673933647597,22.174072265625,89454200
2001-06-06,MSFT,22.262639737213853,22.44284341230212,21.85336746434453,22.10076332092285,80022800
2001-06-07,MSFT,22.027464197752828,22.519203374850406,22.015246800344343,22.503931045532227,66960000
2001-06-08,MSFT,22.510037501541895,22.52530983012897,22.006083281390946,22.354270935058594,51867000
2001-06-11,MSFT,22.250436564581193,22.250436564581193,21.841164030092425,22.027475357055664,47345600
2001-06-12,MSFT,21.691495889810874,22.116042960573406,21.627356288388526,22.01525115966797,66714600
2001-06-13,MSFT,22.00607841404639,22.082435379632628,21.575424009629753,21.590696334838867,55302400
2001-06-14,MSFT,21.447142375686706,21.547934117809042,20.891263823991483,21.043977737426758,71972400
2001-06-15,MSFT,20.61945041264133,20.860738876397953,20.280425056117714,20.775217056274414,108354400
2001-06-18,MSFT,20.753824973285493,20.756879904764656,20.16129642897605,20.427017211914062,56846800
2001-06-19,MSFT,20.833249341820764,21.028723129273054,20.417866960926812,20.561418533325195,63457400
2001-06-20,MSFT,20.5064356669855,21.254733332463065,20.49421826739749,21.199758529663086,64108400
2001-06-21,MSFT,21.120343409478433,21.547943009592547,21.050093955008755,21.331087112426758,69603800
2001-06-22,MSFT,21.379959909932577,21.56627117556616,20.946252711015028,21.02260971069336,51092000
2001-06-25,MSFT,21.105075954226315,21.321929571246848,20.698856123784758,21.028718948364258,49215600
2001-06-26,MSFT,20.714127081315077,21.444099822456526,20.677474882052433,21.422719955444336,63077000
2001-06-27,MSFT,21.33720191666307,21.847266156856673,21.184487904851984,21.7281494140625,69199800
2001-06-28,MSFT,21.853386618922414,23.258355742804955,21.541848578834323,22.21684455871582,128975600
2001-06-29,MSFT,22.174075797172495,22.421474100368844,21.807563072021644,22.296247482299805,94283800
2001-07-02,MSFT,22.006091124775686,22.34206150136587,21.425777385084817,21.56321907043457,72810200
2001-07-03,MSFT,21.471582074008882,21.62429602238667,21.358572913326547,21.52350425720215,28037400
2001-07-05,MSFT,21.44715300794014,21.59986699708215,20.90349157943149,20.92487144470215,49242600
2001-07-06,MSFT,20.860727276810383,20.891269601898664,20.0574503786314,20.17656707763672,67467800
2001-07-09,MSFT,20.219330889067084,20.43618680059173,19.865035651956966,20.06356430053711,66476600
2001-07-10,MSFT,20.127707484059385,20.23460682766881,19.654293109206463,19.694000244140625,66562600
2001-07-11,MSFT,19.611530412393982,20.387317765027955,19.608475480114436,20.31096076965332,73822600
2001-07-12,MSFT,21.593757160154198,22.006086795548434,21.480750299392398,21.868642807006836,128078000
2001-07-13,MSFT,21.807553791602373,21.990810076191284,21.667057229076537,21.789226531982422,58934600
2001-07-16,MSFT,21.822822861639963,22.039678724608336,21.425767983614882,21.740358352661133,55990800
2001-07-17,MSFT,21.581543433765347,21.99387076457165,21.42271957004855,21.93583869934082,63241000
2001-07-18,MSFT,21.563214819424818,21.838100466163898,21.34025370001407,21.554052352905273,57590800
2001-07-19,MSFT,21.752580166348054,22.296241574365574,21.752580166348054,22.164907455444336,76549400
2001-07-20,MSFT,20.77826068187239,21.19669776425002,20.750773288036445,21.12950325012207,124203600
2001-07-23,MSFT,21.14783391509689,21.14783391509689,20.265147187877957,20.49116325378418,79999400
2001-07-24,MSFT,20.463676397250794,20.766049470656007,20.06661905745064,20.255985260009766,67530200
2001-07-25,MSFT,20.237662230155095,20.62249987608167,20.039133541568926,20.61028480529785,74065400
2001-07-26,MSFT,20.50032827615337,20.561412944291327,20.005534075405322,20.338449478149414,77974000
2001-07-27,MSFT,20.17351333128537,20.234597977994902,19.868085437277898,19.99636459350586,65396000
2001-07-30,MSFT,20.05135519513439,20.42703045253193,20.017757917776045,20.097169876098633,42196400
2001-07-31,MSFT,20.161304752696388,20.58279459186688,20.11243514977353,20.21628189086914,59031600
2001-08-01,MSFT,20.402599241895413,20.40565184531275,20.08495371912099,20.301807403564453,55679000
2001-08-02,MSFT,20.527817919301206,20.628609729942543,20.237662218615995,20.601119995117188,54198400
2001-08-03,MSFT,20.55531086070768,20.57363579996258,20.158253421821687,20.430084228515625,43260400
2001-08-06,MSFT,20.32012201445881,20.50032572442761,20.060508711841116,20.19795036315918,27831600
2001-08-07,MSFT,20.170470021517335,20.47895302466816,20.155197685925526,20.265151977539062,31347800
2001-08-08,MSFT,20.314015217244407,20.536976333489417,19.697049404408908,19.81005859375,54996400
2001-08-09,MSFT,19.84670873512052,20.020802569190423,19.639017640946747,19.855871200561523,45536200
2001-08-10,MSFT,19.782573331023457,20.115491109802335,19.211424381637528,20.01164436340332,51756400
2001-08-13,MSFT,19.926115752877458,20.155186680284054,19.77645673276954,20.106319427490234,32675400
2001-08-14,MSFT,20.08188966202338,20.185734056593898,19.684832356385446,19.758136749267578,36481200
2001-08-15,MSFT,19.764240931222467,19.868087638409452,19.30304527282715,19.30304527282715,39503000
2001-08-16,MSFT,19.193100235946307,19.76425040866474,19.150340491962076,19.73676300048828,43905600
2001-08-17,MSFT,19.48018982138175,19.587089113378696,18.78381462753902,18.899877548217773,52234200
2001-08-20,MSFT,18.83269179661753,19.165608387320628,18.661651684795103,19.15033721923828,48371200
2001-08-21,MSFT,19.15033570734849,19.303049706346297,18.542533478686448,18.563913345336914,47111800
2001-08-22,MSFT,18.67081902780779,18.676927729277676,18.04469169109054,18.527267456054688,78107200
2001-08-23,MSFT,18.530309197781786,18.792977364932856,18.020245189800228,18.056896209716797,51813200
2001-08-24,MSFT,18.203510026830536,19.022057236162418,18.090501982553395,18.95180892944336,63399000
2001-08-27,MSFT,18.9059921517082,19.351916716362712,18.80520036052608,19.031217575073242,44562800
2001-08-28,MSFT,19.04038501448712,19.226696314643316,18.502832149796408,18.551700592041016,47422800
2001-08-29,MSFT,18.64637689674935,18.72273388745276,18.185181185551457,18.402034759521484,48170000
2001-08-30,MSFT,18.032470870984184,18.221835920203095,17.26279210836853,17.391071319580078,97632000
2001-08-31,MSFT,17.36358532602834,17.73315417648385,17.19560012042981,17.424671173095703,57900800
2001-09-04,MSFT,17.467426601181916,18.044686489985082,17.125347573277157,17.134510040283203,67189200
2001-09-05,MSFT,17.15894414420751,17.833939705674645,16.917655758487125,17.635412216186523,89470600
2001-09-06,MSFT,17.275006380161273,17.833938958674,17.073423966828205,17.110074996948242,112356800
2001-09-07,MSFT,17.137568979386344,17.51935406210261,16.893226759471055,16.92071533203125,89863800
2001-09-10,MSFT,16.77410447357437,17.69955206573395,16.706911108765695,17.586544036865234,84471800
2001-09-17,MSFT,16.49922158901093,16.82908324092827,16.126599036092166,16.16019630432129,127502000
2001-09-18,MSFT,16.312905737605725,16.798536194187754,16.239602521562265,16.590845108032227,83182600
2001-09-19,MSFT,16.63360793969611,16.70691116943531,15.454655720104874,16.453405380249023,126950200
2001-09-20,MSFT,15.989153380188695,16.0685653029497,15.476034309679106,15.503522872924805,117983200
2001-09-21,MSFT,14.636106868638036,15.454653871420582,14.507827688333318,15.182823181152344,184976600
2001-09-24,MSFT,15.469929061123398,16.01969924214058,15.231694422760823,15.885310173034668,85580200
2001-09-25,MSFT,15.96472258042894,16.187684892913712,15.3202692784624,15.66845703125,84940600
2001-09-26,MSFT,15.732587871539518,15.821162226713852,15.133949571609454,15.35385799407959,58524400
2001-09-27,MSFT,15.301949358925008,15.479098239507648,14.660550730511485,15.25918960571289,81191200
2001-09-28,MSFT,15.155335766351634,15.7570292488699,14.95986204911724,15.628748893737793,116641200
2001-10-01,MSFT,15.558503568496942,16.034971719017904,15.396627083980002,15.81811809539795,69999600
2001-10-02,MSFT,15.769249899406898,16.35567117204174,15.747870029995138,16.202957153320312,80860800
2001-10-03,MSFT,16.02886394265035,17.38801899973912,16.00443030448229,17.174219131469727,97199200
2001-10-04,MSFT,17.384960934537947,17.836995392917697,17.168107337486198,17.23835563659668,101778000
2001-10-05,MSFT,17.15283306528419,17.714820521537575,16.780210605615007,17.629301071166992,80844400
2001-10-08,MSFT,17.348313748367943,17.91335636408472,17.329988810258765,17.7270450592041,60605800
2001-10-09,MSFT,17.56210803829268,17.583487902695296,16.551141051777307,16.66415023803711,99477600
2001-10-10,MSFT,16.37094565518439,17.02761653467557,16.18768926166467,16.954313278198242,86349200
2001-10-11,MSFT,17.030675264495287,17.360538267067323,16.673324843491656,17.20171546936035,83742600
2001-10-12,MSFT,17.01233871141626,17.299440593046384,16.6610960685272,17.220029830932617,63307000
2001-10-15,MSFT,17.073426034543456,17.867538385636713,17.058153702121547,17.733150482177734,68437000
2001-10-16,MSFT,17.67512129440765,17.992766752633376,17.473538823825088,17.852270126342773,66169000
2001-10-17,MSFT,18.05690515424115,18.1118822939065,17.097861308036375,17.11313247680664,73710600
2001-10-18,MSFT,17.207818582228725,17.586549925269654,16.951258940843758,17.333044052124023,78348000
2001-10-19,MSFT,17.53156451560207,17.71787458342502,16.99095691293609,17.68427848815918,91219600
2001-10-22,MSFT,17.684281208869653,18.380656658029945,17.55294707905569,18.374547958374023,72323600
2001-10-23,MSFT,18.469225757623786,18.76549003270533,18.142417993023788,18.457008361816406,80325000
2001-10-24,MSFT,18.478390956081835,18.82046993349937,18.209614034124762,18.72884178161621,79141400
2001-10-25,MSFT,18.51198968087899,19.119790696356645,18.194344308457417,19.107574462890625,75318200
2001-10-26,MSFT,19.034272569450046,19.434383662641306,18.96097050305972,18.997621536254883,64509400
2001-10-29,MSFT,18.96709141507007,18.997634935204363,18.185195941490655,18.21573829650879,55129400
2001-10-30,MSFT,17.995816850729803,18.18518304592973,17.772854554880215,17.983600616455078,57395600
2001-10-31,MSFT,18.11188653718723,18.54864882401202,17.745372575255942,17.760644912719727,64700000
2001-11-01,MSFT,18.350110253391648,19.012888289946602,18.20350382440887,18.887662887573242,109671200
2001-11-02,MSFT,18.915162886653597,19.24807957212234,18.481454365942906,18.753286361694336,83360000
2001-11-05,MSFT,18.8937714207072,19.556549451468246,18.860174162905476,19.324424743652344,66401600
2001-11-06,MSFT,19.15033582392546,19.8344950562512,18.985404424376128,19.785625457763672,68612000
2001-11-07,MSFT,19.614590125152993,19.868095970836716,19.556558048850874,19.62375259399414,58899000
2001-11-08,MSFT,19.687889931581704,20.17657429857827,19.44354774808342,19.67567253112793,74227800
2001-11-09,MSFT,19.651236561526176,20.051348829341517,19.519903592362745,19.916959762573242,48013600
2001-11-12,MSFT,19.761187095313403,20.292633397000163,19.440489151430313,20.094104766845703,57752800
2001-11-13,MSFT,20.402591296875087,20.753831632084236,20.341504298842104,20.738561630249023,60159600
2001-11-14,MSFT,20.839356569332473,20.8729515105242,20.09411139265406,20.14297866821289,88625600
2001-11-15,MSFT,20.188788740899597,20.47894671614228,19.990260090518927,20.19489860534668,77922000
2001-11-16,MSFT,20.268201364327343,20.34455836092887,19.837546784984045,20.081890106201172,59249000
2001-11-19,MSFT,20.234608644113056,20.454517216553985,20.06662228176759,20.323183059692383,56005000
2001-11-20,MSFT,20.29569852325721,20.708028367348124,19.861991133278863,19.975000381469727,65921800
2001-11-21,MSFT,19.657345964856084,19.73064803126696,19.388569002747076,19.562664031982422,50785200
2001-11-23,MSFT,19.66345608333345,19.794790231785825,19.43133128904291,19.76424789428711,15754600
2001-11-26,MSFT,19.849765624416584,20.069674163422988,19.669564217871812,19.895580291748047,41983600
2001-11-27,MSFT,19.788684384758977,19.874203869144345,19.165610859654034,19.467985153198242,90819000
2001-11-28,MSFT,19.293889553650462,19.58404760221276,19.15950162973796,19.18088150024414,54536600
2001-11-29,MSFT,19.278608445830578,19.82227089232725,19.226686262828935,19.803943634033203,54034400
2001-11-30,MSFT,19.748978134439696,19.877257351656418,19.526014640507864,19.611534118652344,48234200
2001-12-03,MSFT,19.495474798238977,19.923074573929245,19.486311163610818,19.782575607299805,47211800
2001-12-04,MSFT,19.85282276615952,20.182685611375774,19.57793706181264,20.15825080871582,51005800
2001-12-05,MSFT,20.30790524785837,20.821024335089884,19.913902883535016,20.799644470214844,74243000
2001-12-06,MSFT,20.76300554025863,21.074541211121065,20.631671349646723,20.967641830444336,56026200
2001-12-07,MSFT,20.845453685763434,21.025655024023788,20.326227200041505,20.717174530029297,42334800
2001-12-10,MSFT,20.622502708619162,20.90655091309243,20.42092138976497,20.482006072998047,38367400
2001-12-11,MSFT,20.665265293664362,20.808814535831388,20.485061512281916,20.561418533325195,54334000
2001-12-12,MSFT,20.51254767690711,20.76299856907436,20.234607050234544,20.753833770751953,47884200
2001-12-13,MSFT,20.503387189816653,20.84241256187284,20.179634154611495,20.240718841552734,53227800
2001-12-14,MSFT,20.164353037984576,20.753829098205937,20.136865639898758,20.59806251525879,43000600
2001-12-17,MSFT,20.515601681207155,21.108132847403628,20.512549078455397,21.06842803955078,57079800
2001-12-18,MSFT,21.05009644320859,21.196702903234133,20.952359579935102,21.15699577331543,47255200
2001-12-19,MSFT,20.958468906039684,21.346361416810648,20.90654437826736,21.22418975830078,56996200
2001-12-20,MSFT,21.120340011518774,21.150882335849456,20.34760778782562,20.39036750793457,78585000
2001-12-21,MSFT,20.772162166146046,20.775214768855143,20.463679185658727,20.628610610961914,84307600
2001-12-24,MSFT,20.683586589932986,20.778268533675796,20.52476270920788,20.546142578125,11701600
2001-12-26,MSFT,20.591953810810658,21.09591044284029,20.582791344266028,20.67136573791504,29328000
2001-12-27,MSFT,20.762998532395493,20.985959689663552,20.543089977665225,20.723291397094727,32406600
2001-12-28,MSFT,20.83935874373182,21.028722660348418,20.677479905335506,20.72940444946289,28787200
2001-12-31,MSFT,20.72023325648932,20.91570930949957,20.234603881835938,20.234603881835938,43006200
2002-01-02,MSFT,20.356778185505927,20.49727479636511,20.008590425935136,20.475894927978516,48124000
2002-01-03,MSFT,20.49727107564565,21.15088673936797,20.49116121136948,21.144779205322266,67590800
2002-01-04,MSFT,21.15087701078557,21.352460495030243,20.973728311945596,21.043977737426758,52731400
2002-01-07,MSFT,21.303597840812277,21.386062355539963,20.875998278319837,20.94013786315918,58508800
2002-01-08,MSFT,20.97984809647142,21.337198263674587,20.769102050578557,21.19059181213379,47736400
2002-01-09,MSFT,21.294437168393397,21.569322791008613,20.93708702410879,20.98595428466797,76304000
2002-01-10,MSFT,20.915702804068953,21.31886752318414,20.80880117904148,21.160043716430664,50296600
2002-01-11,MSFT,21.23335400007974,21.47769733752741,20.799646789829346,20.955415725708008,72993200
2002-01-14,MSFT,20.8607326775934,21.086748738037617,20.68969141840288,20.912654876708984,50997800
2002-01-15,MSFT,20.970688631688095,21.263899246506217,20.921819030769658,21.24251937866211,60717400
2002-01-16,MSFT,21.028722660348418,21.331095804472334,20.723294582986114,20.72940444946289,61955400
2002-01-17,MSFT,20.930978496437934,21.379957987001852,20.89127369905934,21.33719825744629,78958000
2002-01-18,MSFT,20.494221225465623,20.723292257785054,19.981102019860852,20.188793182373047,107140400
2002-01-22,MSFT,20.344561752768943,20.350669288213844,19.62375139825878,19.687891006469727,76837200
2002-01-23,MSFT,19.562668271707466,19.764249580582817,19.315271122444024,19.467985153198242,80403000
2002-01-24,MSFT,19.57793593562657,19.907798761868047,19.48630776115353,19.730649948120117,83886000
2002-01-25,MSFT,19.605425048835396,19.807006327224208,19.397732740095577,19.48630714416504,48981200
2002-01-28,MSFT,19.617642990079897,19.669565194860173,19.214476926837747,19.492416381835938,41622000
2002-01-29,MSFT,19.516847998251585,19.700104316545442,18.93348061470733,19.034271240234375,58666000
2002-01-30,MSFT,19.07397932198716,19.211422158533598,18.73190027945022,19.196149826049805,66100000
2002-01-31,MSFT,19.26028715043806,19.489358115364283,18.973184128723485,19.45881462097168,69566200
2002-02-01,MSFT,19.593197220411863,19.70009650283092,19.080078334570803,19.13810920715332,63462200
2002-02-04,MSFT,19.058697835533728,19.14727102435984,18.554741429429253,18.667749404907227,70308400
2002-02-05,MSFT,18.570019453683962,19.00678152307724,18.47839130009496,18.67691993713379,66772600
2002-02-06,MSFT,18.81741488056875,18.902934327799482,18.40203271096507,18.447847366333008,66103000
2002-02-07,MSFT,18.41730711567236,18.81741819227458,18.249321958284433,18.26459312438965,63314000
2002-02-08,MSFT,18.362330441787957,18.52726183609845,17.968329219977758,18.524208068847656,61283000
2002-02-11,MSFT,18.328734305238154,18.704411781564584,18.20045510072895,18.670814514160156,50899600
2002-02-12,MSFT,18.4753411323266,18.585294238983984,18.331789592499298,18.368440628051758,44973800
2002-02-13,MSFT,18.405096837411786,18.89989119947968,18.310414871859184,18.88156509399414,54168600
2002-02-14,MSFT,18.936535386573922,19.238909609429633,18.728844260092597,18.83879852294922,57267000
2002-02-15,MSFT,18.844914756379485,18.954869063193605,18.386772588064503,18.39593505859375,50179800
2002-02-19,MSFT,18.298192067517043,18.368440370137645,17.89808095420971,17.998872756958008,52262600
2002-02-20,MSFT,18.142421516143695,18.435632081770148,17.959164038790753,18.295135498046875,50492000
2002-02-21,MSFT,18.24015634368584,18.408141472082228,17.717873698148942,17.730091094970703,59398400
2002-02-22,MSFT,17.730095946484372,17.9438957889072,17.45521143346823,17.71177101135254,71347800
2002-02-25,MSFT,17.696496492771658,18.292081278414933,17.681225327009578,18.04468536376953,51832200
2002-02-26,MSFT,18.050791922489342,18.325677551812614,17.684279303545253,17.8828067779541,63276200
2002-02-27,MSFT,18.04163163654008,18.37149443158568,17.71177000660982,17.833940505981445,65750000
2002-02-28,MSFT,17.95305049177672,18.234044748460636,17.757576834143514,17.818662643432617,68068000
2002-03-01,MSFT,18.03552297040025,18.759386996278256,17.97443713804298,18.744115829467773,62115600
2002-03-04,MSFT,18.70440870454744,19.39467537859967,18.591399520938797,19.333589553833008,74464200
2002-03-05,MSFT,19.24196648847814,19.510743489470176,19.04038402901299,19.266401290893555,55926400
2002-03-06,MSFT,19.21447486599098,19.455763258493405,18.994566339647974,19.434383392333984,49835400
2002-03-07,MSFT,19.446606026437205,19.51074681113977,18.893781926499447,19.156450271606445,58079200
2002-03-08,MSFT,19.434390480818017,19.76119729204207,19.293892668234193,19.532127380371094,57701800
2002-03-11,MSFT,19.397732839639435,19.852821097447084,19.24196506367948,19.65123748779297,43718200
2002-03-12,MSFT,19.09536033957858,19.18087981408543,18.835745818215642,19.101469039916992,66407200
2002-03-13,MSFT,18.960969720897886,19.24807160512816,18.921263756923764,18.967077255249023,44387400
2002-03-14,MSFT,18.979292561743765,19.009836055708522,18.64637605077648,18.698299407958984,51819600
2002-03-15,MSFT,18.631110512735223,19.092306342284893,18.621948044336417,19.086198806762695,69086800
2002-03-18,MSFT,19.162555155396486,19.238912163058046,18.692195708573546,18.979297637939453,52296800
2002-03-19,MSFT,18.991511366182227,19.2419622096703,18.7838202522972,19.00678253173828,36376400
2002-03-20,MSFT,18.753281429487675,18.942646481062084,18.356224060058594,18.356224060058594,55235200
2002-03-21,MSFT,18.38982511497829,18.81131620760425,18.273763279057572,18.74106788635254,46123400
2002-03-22,MSFT,18.646381586615867,18.673870156787522,18.39287691957994,18.463125228881836,41341400
2002-03-25,MSFT,18.472279026213386,18.563907162069498,18.066060530042474,18.09049415588379,47752400
2002-03-26,MSFT,18.050792897982152,18.606671720551805,17.80950568266464,18.04468536376953,69357200
2002-03-27,MSFT,17.95917023459626,18.289033108563135,17.895030619696797,18.154644012451172,47318400
2002-03-28,MSFT,18.310415793711222,18.52421570801014,18.221841360412046,18.42037010192871,43901200
2002-04-01,MSFT,18.27375678569976,18.4478506428344,18.08133683014005,18.441741943359375,47010000
2002-04-02,MSFT,17.989709194457262,18.04774009349449,17.442992809161403,17.494915008544922,76509400
2002-04-03,MSFT,17.54378564004468,17.595709011052925,16.951255680736192,17.204761505126953,76931400
2002-04-04,MSFT,17.09785778167017,17.400231987466096,16.926817697419267,17.241409301757812,61763800
2002-04-05,MSFT,17.375799096456674,17.50102453246726,17.055099922782283,17.06426239013672,50166000
2002-04-08,MSFT,16.584737094875596,17.504075857044953,16.57251969751102,17.476587295532227,73389600
2002-04-09,MSFT,17.510184654727404,17.540726983196386,16.737451161218605,16.758831024169922,63413000
2002-04-10,MSFT,16.835191550671272,17.44299380198384,16.816866615782455,17.19559669494629,75636400
2002-04-11,MSFT,17.070370117357882,17.24141021062503,16.645825399101987,16.734399795532227,58165800
2002-04-12,MSFT,16.844360370011145,17.183384586117196,16.755785940389714,17.08259391784668,52297600
2002-04-15,MSFT,17.10396615502412,17.333037130314622,16.920709840837812,17.0092830657959,47388800
2002-04-16,MSFT,17.226140148893776,17.74536683135538,17.213922748923636,17.65679359436035,51921600
2002-04-17,MSFT,17.699549604655573,17.800340220411552,17.23224405761286,17.296384811401367,55158600
2002-04-18,MSFT,17.345258454174925,17.50408117280133,16.08994903906497,17.216978073120117,74794800
2002-04-19,MSFT,17.543785855611297,17.70871727361869,17.36663820173022,17.470483779907227,104268600
2002-04-22,MSFT,17.262788793988772,17.317765921128483,16.798538145428555,16.978740692138672,51465200
2002-04-23,MSFT,17.01233855264154,17.048989583650815,16.279310941764475,16.49005699157715,68281400
2002-04-24,MSFT,16.4473066577316,16.62445555741052,16.18769317660602,16.193801879882812,61220400
2002-04-25,MSFT,16.157149313859396,16.630562704921473,16.151040611154063,16.410654067993164,57290400
2002-04-26,MSFT,16.514491634304946,16.63055459890335,15.717324379108758,15.729541778564453,62776600
2002-04-29,MSFT,15.720387540317132,16.160203664904365,15.711223903371016,15.955567359924316,70246000
2002-04-30,MSFT,15.912800528067143,16.279314411626448,15.857823387277472,15.961668968200684,77384000
2002-05-01,MSFT,15.931116115736199,16.245706418651224,15.472974354932687,16.111318588256836,76413000
2002-05-02,MSFT,16.07773047613509,16.514492629516276,15.622643387581393,15.640968322753906,79009200
2002-05-03,MSFT,15.65623620354779,15.784516548401108,15.121737291075153,15.137009620666504,71628000
2002-05-06,MSFT,15.100365510619111,15.436337134507898,14.773557522413224,14.84991455078125,66299400
2002-05-07,MSFT,15.020942735570571,15.359967857593283,14.767437044286973,15.109517097473145,88385400
2002-05-08,MSFT,15.659291622095365,16.78937530517578,15.644020457144656,16.78937530517578,101242000
2002-05-09,MSFT,16.615285794355728,16.79854215178353,15.851715696547386,15.918909072875977,83288200
2002-05-10,MSFT,16.044136965755744,16.08689671132663,15.26835051372176,15.286675453186035,64408800
2002-05-13,MSFT,15.408838712698508,16.160191112159136,15.195038936845512,16.09299659729004,64819000
2002-05-14,MSFT,16.61528131721846,16.829079954902422,16.487000969492893,16.761886596679688,64832400
2002-05-15,MSFT,16.64277435740024,17.23835810134493,16.450354366602067,16.722185134887695,70412000
2002-05-16,MSFT,16.709965483568045,17.113130347540654,16.691640549369964,17.02455711364746,53406400
2002-05-17,MSFT,17.16810961647199,17.22614168896069,16.881007682198327,17.11313247680664,54646200
2002-05-20,MSFT,16.95125643460909,16.966527603779326,16.340400346875427,16.49616813659668,52115800
2002-05-21,MSFT,16.477845489082597,16.676373046110285,15.921966465219965,15.940291404724121,63120000
2002-05-22,MSFT,15.842554656317267,16.407597320254947,15.836445954721023,16.398433685302734,54169400
2002-05-23,MSFT,16.401479931276423,16.749667582027637,16.19073391573695,16.743558883666992,51412800
2002-05-24,MSFT,16.535866728630953,16.651929659734204,16.199896496366016,16.26708984375,35982000
2002-05-28,MSFT,16.36788656632329,16.39842890027662,15.805898999728333,15.979992866516113,49602000
2002-05-29,MSFT,15.775360975097655,16.10216893115626,15.74481746768546,15.897531509399414,45393200
2002-05-30,MSFT,15.772302170374584,16.297638717759998,15.708162568226008,16.077730178833008,63213000
2002-05-31,MSFT,16.157144494508916,16.315966057010638,15.540179686689479,15.549342155456543,66468000
2002-06-03,MSFT,15.573779598174875,15.77230716750296,15.017899374755267,15.094256401062012,88439000
2002-06-04,MSFT,15.118679303023203,15.647069369153465,15.039268570849773,15.265284538269043,88008400
2002-06-05,MSFT,15.40273366902124,15.805898523661941,15.372191335987829,15.778409957885742,66969400
2002-06-06,MSFT,15.729551927803879,15.925025784759955,15.271409638644542,15.851723670959473,78703400
2002-06-07,MSFT,15.237806366120369,16.065516163810322,15.228643896773043,15.876151084899902,97834400
2002-06-10,MSFT,15.77535924403156,16.279314827318007,15.717327168874219,16.132709503173828,71825400
2002-06-11,MSFT,16.260991947904458,16.548093931714842,16.010539843373902,16.056354522705078,74368200
2002-06-12,MSFT,16.05940210304689,17.036770606864483,16.03496730789387,16.963468551635742,136198600
2002-06-13,MSFT,16.74966965386669,16.945143365126,16.554195942607375,16.560304641723633,79771600
2002-06-14,MSFT,16.233504173655867,16.96653092328374,16.18768949206598,16.874902725219727,109433600
2002-06-17,MSFT,17.000122608106775,17.238356077718205,16.911548207568806,17.0062313079834,94486600
2002-06-18,MSFT,16.960406779485403,17.192532579361202,16.905429677678747,17.10090446472168,77518400
2002-06-19,MSFT,16.94209074130184,17.08564110231672,16.59084809166577,16.603065490722656,81247000
2002-06-20,MSFT,16.606118723703595,16.829081006300157,16.462568367306787,16.523653030395508,86401200
2002-06-21,MSFT,16.30985359290126,16.661095049185757,15.967773437499998,15.9677734375,116820000
2002-06-24,MSFT,15.909737526970277,16.688578349330925,15.83643432675423,16.541973114013672,104523200
2002-06-25,MSFT,16.70691975515941,16.798547965584877,16.126605813938298,16.172420501708984,84025200
2002-06-26,MSFT,15.592100847290974,16.61223052383191,15.592100847290974,16.532819747924805,112131400
2002-06-27,MSFT,16.676368205980737,16.78021377178845,16.144924142523596,16.774105072021484,95812400
2002-06-28,MSFT,16.66109832515387,17.03982958413169,16.493113146499645,16.706912994384766,89555600
2002-07-01,MSFT,16.529760123673125,16.612225808968734,16.05940197196821,16.08383560180664,66473800
2002-07-02,MSFT,15.99831806879464,16.163248294055084,15.677618919807571,15.711215019226074,82814200
2002-07-03,MSFT,15.650133871052468,16.04108140412404,15.408845430746801,15.833390235900879,80936600
2002-07-05,MSFT,16.21517282527191,16.7679979335322,16.20295542544933,16.75272560119629,35673600
2002-07-08,MSFT,16.61833822377756,16.777160931145144,16.059405563054238,16.163249969482422,63199400
2002-07-09,MSFT,16.282368834966423,16.716076081939566,16.17852325729299,16.2518253326416,85277200
2002-07-10,MSFT,16.398437253416287,16.554206265224813,15.92197007639244,15.955567359924316,90673400
2002-07-11,MSFT,15.894474256232957,16.209064740350357,15.65318584360145,16.16019630432129,129550600
2002-07-12,MSFT,16.300687482764886,16.410641718485127,15.723428910348655,15.839491844177246,95733800
2002-07-15,MSFT,15.6959491529282,15.839500726183452,14.66054812781946,15.821174621582031,136965600
2002-07-16,MSFT,15.671509080479012,16.126596089385494,15.466871740982482,15.653182983398438,97154600
2002-07-17,MSFT,16.041079212766117,16.279312687547293,15.628750700511702,15.882256507873535,98034800
2002-07-18,MSFT,15.900582794808948,16.108273937100968,15.472983110062932,15.61042594909668,91053600
2002-07-19,MSFT,15.23169153948795,15.543228188285822,14.907938658178232,15.137009620666504,112543400
2002-07-22,MSFT,14.95069743601719,15.26834276347145,14.019142480702472,14.510880470275879,180069800
2002-07-23,MSFT,14.199345820639369,14.294027738882134,13.124239303451487,13.136455535888672,168061600
2002-07-24,MSFT,12.75162302559709,14.15964673651866,12.647777426209155,14.119940757751465,202307800
2002-07-25,MSFT,13.88170095155415,13.961111708140384,12.96236214369297,13.081480026245117,163411400
2002-07-26,MSFT,13.359426521821375,13.86949092450713,13.341100415124302,13.851164817810059,123538000
2002-07-29,MSFT,14.30930346100476,14.752174359859753,14.217675280407475,14.736903190612793,112148600
2002-07-30,MSFT,14.52310725376854,14.914056049897859,14.455913857885502,14.691092491149902,122690600
2002-07-31,MSFT,14.541429017746447,14.660545765674069,14.159643971765352,14.654437065124512,93875600
2002-08-01,MSFT,14.532265268728045,14.68803304110945,13.896974448949262,13.973331451416016,92002800
2002-08-02,MSFT,13.900026704754817,14.003872263420906,13.377745144308575,13.564056396484375,85947600
2002-08-05,MSFT,13.527410628175236,13.796186513309117,13.380805282161559,13.435782432556152,78941600
2002-08-06,MSFT,13.713719745077588,14.431475187844821,13.69539364285778,13.948898315429688,88715800
2002-08-07,MSFT,14.355108417519546,14.446736536097784,13.793121147761,14.382596969604492,86349400
2002-08-08,MSFT,14.38871767131084,14.965976581611631,14.174917772836102,14.938488006591797,88748000
2002-08-09,MSFT,14.706352005508588,15.011779867179671,14.556691840639234,14.697188377380371,69049400
2002-08-12,MSFT,14.54142981678559,14.88961761143449,14.538374883785197,14.804098129272461,56866600
2002-08-13,MSFT,14.657494684010903,15.179776442995877,14.33068555285554,14.373446464538574,100122800
2002-08-14,MSFT,14.431470700499984,15.188931879992829,14.41925330281901,15.182823181152344,96706000
2002-08-15,MSFT,15.25918179164792,15.497416411300119,14.88961421086239,15.201150894165039,98745600
2002-08-16,MSFT,15.097306579720462,15.341648753923945,14.941537642648909,15.271400451660156,69334000
2002-08-19,MSFT,15.283617888358304,15.897527675338795,15.22558582082876,15.882256507873535,79848200
2002-08-20,MSFT,15.692890132007093,15.790626993602228,15.50047017600373,15.589044570922852,70317600
2002-08-21,MSFT,15.747866097730855,15.99831693268683,15.622640680252868,15.9677734375,81203400
2002-08-22,MSFT,16.14187348160646,16.325131027763682,16.065516461986533,16.257936477661133,72517600
2002-08-23,MSFT,16.08383743137066,16.1418683283138,15.833386580183003,15.94944953918457,57929200
2002-08-26,MSFT,16.034969590784744,16.08078425566169,15.631804734282811,15.912797927856445,55652400
2002-08-27,MSFT,15.98305199028847,16.01970303366671,15.469932722530482,15.527963638305664,65470200
2002-08-28,MSFT,15.4180102754373,15.472987426387153,15.057605025928588,15.082039833068848,68875000
2002-08-29,MSFT,14.932377032825688,15.576830398475206,14.819368981657336,15.448551177978516,94275600
2002-08-30,MSFT,15.314162851311563,15.418008439057555,14.965975046844294,14.990409851074219,58138400
2002-09-03,MSFT,14.819370094132431,14.819370094132431,14.355119287983761,14.361227989196777,74452600
2002-09-04,MSFT,14.49255429850444,14.843795689536682,14.400926160196683,14.724678993225098,80232000
2002-09-05,MSFT,14.507827244067757,14.51393594272118,14.01303430429179,14.022196769714355,90438800
2002-09-06,MSFT,14.584187111500365,14.743009812528452,14.498667643683456,14.60556697845459,69918400
2002-09-09,MSFT,14.431469336766718,14.95069703799086,14.242104351066757,14.874340057373047,81653200
2002-09-10,MSFT,14.82547792775467,15.21642546158441,14.767445852184874,15.207262992858887,83950000
2002-09-11,MSFT,15.34164971551348,15.607371773795082,14.822421834589601,14.83769416809082,77443200
2002-09-12,MSFT,14.706358399119438,14.75217189921869,14.361224439151467,14.400930404663086,63726800
2002-09-13,MSFT,14.324567379267906,14.739948298268278,14.309295053878351,14.633049011230469,59549200
2002-09-16,MSFT,14.538365673046016,14.700243231158522,14.370380583033253,14.593342781066895,50166200
2002-09-17,MSFT,14.86517420917281,14.935423646159515,14.419249788535232,14.443684577941895,73343400
2002-09-18,MSFT,14.269593297104663,14.733843891646366,14.251267201818708,14.584183692932129,83951800
2002-09-19,MSFT,14.257379837506523,14.60556758828812,14.229891269544007,14.416202545166016,77777600
2002-09-20,MSFT,14.571970100766594,14.660544503435881,14.446744663071028,14.495613098144531,130619200
2002-09-23,MSFT,14.232943493494986,14.266540757929516,13.686228291266326,13.814507484436035,89783800
2002-09-24,MSFT,13.692329144234673,14.196284326611728,13.631243349824375,13.939724922180176,104142200
2002-09-25,MSFT,14.171856824439617,14.342895724470688,13.759528408046592,14.205452919006348,107116600
2002-09-26,MSFT,14.38870958786352,14.507826290992204,14.034413245045997,14.110770225524902,100852200
2002-09-27,MSFT,14.061907057531236,14.385660030027992,13.802292527853384,13.820618629455566,81011600
2002-09-30,MSFT,13.704559435567905,13.756482821894055,13.167006456336345,13.359426498413086,115577000
2002-10-01,MSFT,13.536573140191052,14.126049459493782,13.19143906500237,14.119940757751465,110636600
2002-10-02,MSFT,14.080233518498249,14.297088333032251,13.79313155300556,13.930574417114258,103488600
2002-10-03,MSFT,13.835889097242934,14.229891523361657,13.622089249844874,13.683175086975098,105221400
2002-10-04,MSFT,13.863379679118001,13.91835682400816,13.344151735775162,13.368586540222168,107120400
2002-10-07,MSFT,13.380802349141502,13.762587384798314,13.344150146835313,13.45410442352295,89790000
2002-10-08,MSFT,13.667906731164074,14.043583133905093,13.478541645702123,13.741209983825684,115667600
2002-10-09,MSFT,13.509084523005132,13.881707172320553,13.380805282161559,13.435782432556152,123142600
2002-10-10,MSFT,13.438836084732337,14.239057361727182,13.209765015106218,14.165755271911621,118515000
2002-10-11,MSFT,14.465070883212315,14.935430302896231,14.35817037958484,14.92626667022705,108828800
2002-10-14,MSFT,14.73690002393763,15.066762801345352,14.611674598836244,15.054545402526855,76216200
2002-10-15,MSFT,15.656241144659647,15.995266462557153,15.469931015066422,15.970832824707031,133374200
2002-10-16,MSFT,15.390520632134864,15.656242733212293,15.356923357205924,15.396629333496094,95437400
2002-10-17,MSFT,15.967769265283936,16.034963772022515,15.286665229638482,15.506573677062988,182602400
2002-10-18,MSFT,16.06551507358737,16.248772603907277,15.61959039717204,16.233501434326172,152817200
2002-10-21,MSFT,15.873094656159477,16.184631378020452,15.686783376555963,16.03802490234375,112378600
2002-10-22,MSFT,15.708163456684117,15.860877469550877,15.585991780344527,15.781465530395508,87159000
2002-10-23,MSFT,15.70815837496346,16.26709087537642,15.70815837496346,16.24876594543457,110866600
2002-10-24,MSFT,16.297641565705216,16.300695333672664,15.546288813229411,15.647079467773438,95833400
2002-10-25,MSFT,15.653188335252509,16.12660160310044,15.625699762790855,16.089950561523438,75425800
2002-10-28,MSFT,16.3098532268111,16.340395556197173,15.732593414446823,15.866982460021973,79906600
2002-10-29,MSFT,15.928061226730353,16.03190673179386,15.531004129942746,15.903626441955566,90517200
2002-10-30,MSFT,15.943341621920496,16.30680051766648,15.769247757434867,16.221281051635742,94451200
2002-10-31,MSFT,16.245717148854837,16.514494152284037,16.141871567878702,16.33123779296875,105973800
2002-11-01,MSFT,16.013594908805352,16.260992082026,15.85171839336723,16.18768882751465,105097800
2002-11-04,MSFT,17.33303870292674,17.48575270030935,16.957362409179346,17.134510040283203,139964200
2002-11-05,MSFT,17.03677882874441,17.34831562660084,16.975694141612962,17.311664581298828,76658200
2002-11-06,MSFT,17.40634951050195,17.439945625852083,16.96042355856607,17.41856575012207,115407000
2002-11-07,MSFT,17.165055309802305,17.293334521583315,16.951255458385166,17.107023239135742,73699600
2002-11-08,MSFT,17.103966219089354,17.271951368575223,16.80159201792261,16.82908058166504,64522200
2002-11-11,MSFT,16.819919303074215,16.829081769930223,16.43813431586967,16.45035171508789,58341200
2002-11-12,MSFT,16.523652676698397,16.92987243521157,16.462568014917228,16.64887809753418,81398600
2002-11-13,MSFT,16.56641029547471,17.082583042201684,16.52670434107571,16.908489227294922,107370200
2002-11-14,MSFT,17.100915438545332,17.40939722764759,17.064263237077693,17.406343460083008,78337000
2002-11-15,MSFT,17.28721824544494,17.38495507781308,17.00317021227662,17.314706802368164,77533600
2002-11-18,MSFT,17.39413631745119,17.41856996772345,17.024568473072772,17.058164596557617,58086400
2002-11-19,MSFT,16.966524154337684,17.04288114978035,16.587794109406612,16.755779266357422,76403400
2002-11-20,MSFT,16.801597492832403,17.378857519527397,16.777163853274622,17.293336868286133,76435400
2002-11-21,MSFT,17.403291974915383,17.714828758411677,17.342206125483933,17.66596031188965,82922200
2002-11-22,MSFT,17.546829549370504,17.806442745968567,17.424657947962746,17.78200912475586,70002000
2002-11-25,MSFT,17.7331463222777,17.91029391868524,17.583486121504595,17.78506851196289,61583000
2002-11-26,MSFT,17.604868901085876,17.791180158694083,17.342200647088426,17.37885284423828,68650400
2002-11-27,MSFT,17.59265513852417,17.901138120166234,17.531570460878513,17.739261627197266,55191800
2002-11-29,MSFT,17.846145808228794,17.907231599064538,17.617074966430664,17.617074966430664,28393000
2002-12-02,MSFT,17.913355705621314,18.008037656013315,17.412452721930162,17.62014389038086,63735000
2002-12-03,MSFT,17.49490985094219,17.516289710869593,17.229187902476625,17.320816040039062,58457400
2002-12-04,MSFT,17.143670693416073,17.543780551359184,17.048987612050038,17.268896102905273,83892000
2002-12-05,MSFT,17.394126945147665,17.436886683921415,16.89017021790734,16.902387619018555,68435800
2002-12-06,MSFT,16.75883349498158,17.0245566853218,16.56030600043333,16.94209098815918,71670200
2002-12-09,MSFT,16.79853341882968,16.86572792534177,16.343445364469012,16.34955406188965,63862800
2002-12-10,MSFT,16.358726448949025,16.63971969005106,16.334291646184226,16.49616813659668,63730200
2002-12-11,MSFT,16.44729929741605,16.801595773106996,16.364834752873026,16.6946964263916,69186200
2002-12-12,MSFT,16.79854214758238,16.81686824936678,16.39843099698929,16.54503631591797,55242000
2002-12-13,MSFT,16.39537054754328,16.41675040835426,16.03191174864159,16.03496551513672,65245400
2002-12-16,MSFT,16.187685662780897,16.6610988783863,16.086893853172306,16.639719009399414,60140400
2002-12-17,MSFT,16.621390424192686,16.79548544796509,16.425916699743684,16.603065490722656,49549800
2002-12-18,MSFT,16.444237124237144,16.615277156670228,16.123538082900648,16.34955406188965,62709400
2002-12-19,MSFT,16.26404078465111,16.722182778584948,16.151032752379727,16.221281051635742,82686600
2002-12-20,MSFT,16.337344415370808,16.407592716342634,16.172413013898495,16.199901580810547,98294600
2002-12-23,MSFT,16.202953847346684,16.578630116936335,16.157140350147124,16.49311065673828,48798400
2002-12-24,MSFT,16.352608088770783,16.56335289511033,16.346499391687992,16.438127517700195,18386000
2002-12-26,MSFT,16.502280367807263,16.703862873281576,16.239612007467695,16.306806564331055,37228000
2002-12-27,MSFT,16.273205966200237,16.49311453280798,16.15714414725996,16.178524017333984,40891600
2002-12-30,MSFT,16.19072931414562,16.260978742769804,15.964713364613482,16.111318588256836,48019600
2002-12-31,MSFT,16.10827092635349,16.1846279154211,15.656236525771877,15.79062557220459,58208800
2003-01-02,MSFT,15.973888115079493,16.416759057562444,15.793685503936043,16.407596588134766,67025200
2003-01-03,MSFT,16.3678864118173,16.432026011583062,16.151032813495718,16.428972244262695,55546800
2003-01-06,MSFT,16.499225217189135,16.868792918746564,16.43203066595481,16.728296279907227,59456200
2003-01-07,MSFT,16.774104063945888,17.107020607988396,16.700802001378246,17.04288101196289,80517400
2003-01-08,MSFT,16.911550546488634,16.966527687866378,16.526711721959977,16.566417694091797,64566000
2003-01-09,MSFT,16.71302376811979,17.07953650697651,16.654991691212196,17.045940399169922,61808000
2003-01-10,MSFT,16.829085523727215,17.195599426219083,16.768000844241552,17.07953643798828,67730200
2003-01-13,MSFT,17.262797106456436,17.333045432713448,17.0337260214426,17.22309112548828,60817800
2003-01-14,MSFT,17.2047604810839,17.409396689938305,17.161999580692374,17.40023422241211,54206400
2003-01-15,MSFT,17.409392229311912,17.50712907493393,17.161995183453936,17.186429977416992,59622600
2003-01-16,MSFT,17.201706851194043,17.302498662076843,16.832139208188096,16.905441284179688,81371000
2003-01-17,MSFT,16.169348717285143,16.18767480631849,15.671502198916796,15.717315673828125,155876000
2003-01-21,MSFT,15.842554988548113,15.928075647573257,15.665407299004919,15.677624702453613,86159200
2003-01-22,MSFT,15.757037322517348,16.00443452803173,15.549346100259415,15.576834678649902,86948000
2003-01-23,MSFT,15.866982816171475,16.04718535987055,15.717322602544023,15.9677734375,71374800
2003-01-24,MSFT,15.891420092482665,15.897528792921285,15.179773385557883,15.225586891174316,103027000
2003-01-27,MSFT,15.063706542828154,15.454653949677589,14.78576715231204,15.017891883850098,114838600
2003-01-28,MSFT,15.176711704138556,15.179766635557165,14.831579021193084,14.910989761352539,86151200
2003-01-29,MSFT,14.883505671504096,15.283616754044859,14.639163514848226,15.243910789489746,106884000
2003-01-30,MSFT,15.320263876031696,15.323317642472526,14.718570522182263,14.733842849731445,87877400
2003-01-31,MSFT,14.492559330690424,14.76744384106061,14.364278960425354,14.495613098144531,106858400
2003-02-03,MSFT,14.639162129501784,14.996512281334791,14.495610616313211,14.831582069396973,80129800
2003-02-04,MSFT,14.599459469762653,14.642219207159869,14.318466243943536,14.45285415649414,81854800
2003-02-05,MSFT,14.608625448799065,14.822424170118225,14.272653865797043,14.342902183532715,101072000
2003-02-06,MSFT,14.312350983241265,14.544475664905367,14.220722850087407,14.483389854431152,83312000
2003-02-07,MSFT,14.623895295778654,14.64527516597518,14.174915691420523,14.226839065551758,75208000
2003-02-10,MSFT,14.294021730712,14.51393013376,14.214611010230593,14.471170425415039,74081400
2003-02-11,MSFT,14.446745554525041,14.55975359914668,14.049689349412562,14.184077262878418,84292000
2003-02-12,MSFT,14.217674532523748,14.385659715634937,14.12910012438887,14.184077262878418,71315200
2003-02-13,MSFT,14.174911542370586,14.391765113813232,14.089392086616348,14.352060317993164,73558200
2003-02-14,MSFT,14.431478894180058,14.813264050110748,14.284873534116574,14.752178192138672,90446400
2003-02-18,MSFT,15.039275437403719,15.265291508016226,14.904886369900243,15.246965408325195,57415500
2003-02-19,MSFT,15.210197493761319,15.2469663792458,14.811864589237688,15.032480239868164,46902700
2003-02-20,MSFT,15.179556338800351,15.240838591378811,14.768966766044942,14.793478965759277,50897200
2003-02-21,MSFT,14.885405526494948,15.197942848344146,14.523841458938636,15.09376335144043,56853200
2003-02-24,MSFT,14.977317978568655,15.014086843557472,14.60962582209706,14.750574111938477,62403700
2003-02-25,MSFT,14.425789493338257,14.873148002979956,14.327737176304543,14.824122428894043,68113000
2003-02-26,MSFT,14.750579933740495,14.995707745182273,14.450298218616618,14.468683242797852,57096000
2003-02-27,MSFT,14.646409259258638,14.836383281049981,14.2787167369582,14.45030689239502,75434300
2003-02-28,MSFT,14.548348330871995,14.750578907347302,14.431912190216055,14.523836135864258,56585400
2003-03-03,MSFT,14.71994328451171,14.781225545777785,14.339994199751578,14.425789833068848,50653500
2003-03-04,MSFT,14.450300517331288,14.499326087418497,14.131633727333524,14.137762069702148,56605700
2003-03-05,MSFT,14.137764596133877,14.43191806922264,14.125507909206346,14.364508628845215,55415900
2003-03-06,MSFT,14.199045081082652,14.401275714575407,14.174531710302025,14.260327339172363,54607600
2003-03-07,MSFT,14.064228711849028,14.578997943711617,14.033586990391637,14.438048362731934,66167600
2003-03-10,MSFT,14.284830005544993,14.37675274688749,14.027445628469358,14.064215660095215,48413600
2003-03-11,MSFT,14.131628139429655,14.25419260061435,13.94778261651394,13.972294807434082,53990700
2003-03-12,MSFT,13.978427610084621,14.364504967871222,13.819094227220816,14.333863258361816,72379500
2003-03-13,MSFT,14.536095019316727,15.161171916576656,14.364506107892915,15.118274688720703,80701300
2003-03-14,MSFT,15.124402869274785,15.295991778862563,14.86701833603134,15.234710693359375,75451400
2003-03-17,MSFT,15.026349418152176,15.90268236482763,14.90991326965768,15.890425682067871,100983800
2003-03-18,MSFT,15.865911251781199,15.95783519744873,15.626911798313271,15.95783519744873,78108800
2003-03-19,MSFT,15.921069884105169,16.196839465356014,15.773993163725342,16.12942886352539,73652100
2003-03-20,MSFT,15.945576644226511,16.251986643528966,15.731089410942515,16.086524963378906,71798500
2003-03-21,MSFT,16.392942573084405,16.423583119694932,15.951712390038407,16.282634735107422,85586800
2003-03-24,MSFT,15.657553600017575,15.890425900203315,15.430810810157459,15.498221397399902,61105200
2003-03-25,MSFT,15.688188642405173,15.780111387589782,15.338881509386983,15.62077808380127,63595100
2003-03-26,MSFT,15.60239885633265,15.70045114562015,15.467578857962364,15.47370719909668,51673600
2003-03-27,MSFT,15.283733283400334,15.479835524047207,15.069246019369738,15.345015525817871,60043300
2003-03-28,MSFT,15.118274688720703,15.381787567106466,15.07537746086475,15.118274688720703,39584600
2003-03-31,MSFT,14.860896245508947,15.142793097771925,14.71381947447666,14.836382865905762,71384000
2003-04-01,MSFT,14.989576227665511,15.13665405222804,14.860884592249993,14.92216682434082,49803200
2003-04-02,MSFT,15.38178616621556,15.933324073447164,15.38178616621556,15.761734008789062,68282500
2003-04-03,MSFT,15.927194737323074,15.988476982936822,15.688195265177232,15.767861366271973,57394300
2003-04-04,MSFT,15.786250530057373,15.810762733413451,15.277609745153118,15.37566089630127,55740600
2003-04-07,MSFT,16.07427261726166,16.196837117576365,15.424683570861816,15.424683570861816,65627100
2003-04-08,MSFT,15.510477837118609,15.829144599094956,15.443068414714846,15.675939559936523,54132100
2003-04-09,MSFT,15.694321146762606,15.73109002082321,15.038603909851586,15.056987762451172,76875800
2003-04-10,MSFT,15.142791715882941,15.191818470615265,14.879279922369703,15.069253921508789,51608900
2003-04-11,MSFT,15.253095877314907,15.430814313535011,14.677045675252648,14.83025074005127,71565500
2003-04-14,MSFT,14.873143033707452,15.246962472892358,14.707681338126768,15.17342472076416,51599600
2003-04-15,MSFT,15.124406861652563,15.191817476134533,14.768971095145778,15.0753812789917,63399000
2003-04-16,MSFT,15.688195575050345,15.773990019287236,15.075375444531673,15.271477699279785,86178700
2003-04-17,MSFT,15.17955188418059,15.651423571038109,15.16116686314383,15.626910209655762,58356600
2003-04-21,MSFT,15.694329707939156,15.694329707939156,15.369534498122308,15.449200630187988,41557800
2003-04-22,MSFT,15.3572736072968,15.810760406841363,15.33888974970043,15.786248207092285,58844000
2003-04-23,MSFT,15.780119034279402,15.92719573161705,15.608528969621302,15.761734008789062,55559300
2003-04-24,MSFT,15.614649744940811,15.761726371008411,15.516598660895745,15.62077808380127,51703600
2003-04-25,MSFT,15.522726144795852,15.712699963562153,15.42467506615124,15.455315589904785,53657400
2003-04-28,MSFT,15.559507106157273,15.896558973843346,15.516609872000965,15.773994445800781,56287600
2003-04-29,MSFT,15.902677747473062,16.08652326004334,15.737216084843055,15.81075382232666,65877300
2003-04-30,MSFT,15.767866219090761,15.859789031371326,15.473712752248165,15.669815063476562,55566800
2003-05-01,MSFT,15.651427362432093,15.902683533158285,15.528862863553208,15.761734008789062,42085800
2003-05-02,MSFT,15.718839296970176,16.11104505474655,15.663685380546339,15.994608879089355,52695400
2003-05-05,MSFT,16.086532767378408,16.172327234768602,15.835276539568312,15.847533226013184,50391500
2003-05-06,MSFT,15.847531953240127,16.239736537081004,15.823018582319142,16.160070419311523,54299500
2003-05-07,MSFT,16.000736397423,16.147813110687462,15.835274656677301,15.927197456359863,49120000
2003-05-08,MSFT,15.780122789089106,16.019122333023947,15.755609415935806,15.773994445800781,46401400
2003-05-09,MSFT,15.872044186321299,16.23973656882171,15.865915843579074,16.153942108154297,58913600
2003-05-12,MSFT,16.025255034258794,16.221357397365875,15.97010109852714,16.055896759033203,53900800
2003-05-13,MSFT,15.957839168828594,16.0558903110049,15.865915200284217,15.927197456359863,44501900
2003-05-14,MSFT,15.982349513360477,16.0436317623173,15.651427239172303,15.70045280456543,45021000
2003-05-15,MSFT,15.841394377258096,15.93944546606865,15.669804387409037,15.804625511169434,45450200
2003-05-16,MSFT,15.859789031371326,15.963968530319159,15.571763907862364,15.669815063476562,60620900
2003-05-19,MSFT,15.565629182411863,15.65142478504342,15.161168039122296,15.17342472076416,55336300
2003-05-20,MSFT,15.234712907624484,15.320507374888031,15.014097227390272,15.09376335144043,52677600
2003-05-21,MSFT,15.093756715945085,15.142782271237706,14.640270037272987,14.726065635681152,108960900
2003-05-22,MSFT,14.830248956547205,14.873146182514043,14.732197820376788,14.80573558807373,93157100
2003-05-23,MSFT,14.830243268622302,15.038602145286845,14.726063830290032,14.842498779296875,76968000
2003-05-27,MSFT,14.860892795315879,15.253097427012086,14.84250776488187,15.191816329956055,68486800
2003-05-28,MSFT,15.185684486966862,15.24083839669678,14.891529912120047,14.958940505981445,91467000
2003-05-29,MSFT,14.995707507690819,15.11827199590142,14.84863082315505,14.952810287475586,75451300
2003-05-30,MSFT,15.155038754629237,15.265346544814394,15.020218771548167,15.081501007080078,85096700
2003-06-02,MSFT,15.308245821793808,15.338887528119404,15.05698967423182,15.099886894226074,66310800
2003-06-03,MSFT,15.167299300038293,15.27147877632838,15.056991481747412,15.246965408325195,61058200
2003-06-04,MSFT,15.314377732790605,15.455326108158216,15.161172672035764,15.240839958190918,83484600
2003-06-05,MSFT,14.995700801401643,15.026342494181689,14.713804240991605,14.762829780578613,115877900
2003-06-06,MSFT,14.977326878823202,15.050864652500549,14.493198331856341,14.505455017089844,119629400
2003-06-09,MSFT,14.536091714990585,14.695425074280234,14.46255396077169,14.554476737976074,73610000
2003-06-10,MSFT,14.670911558442267,15.167295445749225,14.615757663312447,15.124398231506348,80655300
2003-06-11,MSFT,15.118273732893648,15.295990975469842,14.965068689458919,15.246965408325195,75768600
2003-06-12,MSFT,15.30211538183388,15.406294831329468,15.16116705865203,15.314372062683105,66177700
2003-06-13,MSFT,15.443064036264305,15.473704567864047,15.007961240607548,15.106012344360352,55157500
2003-06-16,MSFT,15.197941428860164,15.577890490569496,15.1182753122508,15.559505462646484,69658600
2003-06-17,MSFT,15.712707411620611,16.019117469843238,15.645297993637529,15.908809661865234,122213900
2003-06-18,MSFT,15.921059574664087,16.19682897734463,15.75559793305576,15.976213455200195,89957700
2003-06-19,MSFT,15.988470132844023,16.172315622056978,15.939444591129828,15.976213455200195,63626900
2003-06-20,MSFT,16.141679793241675,16.166191986800058,15.939449228723856,16.13555145263672,86048900
2003-06-23,MSFT,16.01912123571313,16.080403495536572,15.62078830015357,15.798506736755371,52584500
2003-06-24,MSFT,15.718832824022165,15.957833419726658,15.639166738028262,15.74947452545166,51820300
2003-06-25,MSFT,15.712706628599177,15.927193892438655,15.406296585646079,15.479835510253906,60483500
2003-06-26,MSFT,15.559504253451275,16.245863380699856,15.449196432209384,15.780119895935059,51758100
2003-06-27,MSFT,15.90269228501903,16.141691903615644,15.64530763081409,15.706588745117188,76040300
2003-06-30,MSFT,15.896556186709992,16.006864008835706,15.626914973609555,15.712709426879883,48073100
2003-07-01,MSFT,15.682064865173023,16.05588546237067,15.559500390034346,16.025243759155273,60926000
2003-07-02,MSFT,16.239739255215817,16.503252192412717,16.209098705297965,16.472610473632812,94069300
2003-07-03,MSFT,16.356170810276655,16.515504196159352,16.184580740357973,16.239734649658203,39440900
2003-07-07,MSFT,16.55840377546845,16.883197766564827,16.515506544105673,16.803531646728516,88960800
2003-07-08,MSFT,16.705477443572725,17.036399717048113,16.699349101804078,16.97511863708496,61896800
2003-07-09,MSFT,16.88932712296563,16.97512275970158,16.69935315744667,16.83417320251465,62300700
2003-07-10,MSFT,16.699344760886806,16.803524206149547,16.294883660187082,16.490985870361328,55350800
2003-07-11,MSFT,16.51549820627826,16.821908182878143,16.478728167506137,16.736112594604492,50377300
2003-07-14,MSFT,16.932219558095206,17.04252736773453,16.576783931958296,16.791271209716797,60464400
2003-07-15,MSFT,16.83416455290361,16.870934593552647,16.60742181320799,16.71160125732422,53567600
2003-07-16,MSFT,16.88932696223352,16.926097021425548,16.66871245139109,16.86481475830078,49838900
2003-07-17,MSFT,16.63193515029261,16.71160240832453,16.26424406936861,16.35616683959961,72805000
2003-07-18,MSFT,16.61355616352349,16.68709393370226,16.392940515263614,16.478734970092773,63388400
2003-07-21,MSFT,16.466475809227603,16.490988004240496,15.933321833574317,15.95783519744873,48480800
2003-07-22,MSFT,16.104913836341975,16.27650272892327,16.01298987947438,16.166194915771484,51791000
2003-07-23,MSFT,16.190706163783602,16.33165449820448,16.019116124796327,16.209091186523438,49828200
2003-07-24,MSFT,16.41132006762543,16.497114493834626,15.921063364909479,15.933320045471191,53556600
2003-07-25,MSFT,16.104915439150158,16.515505024043943,15.976222588044633,16.478734970092773,54173000
2003-07-28,MSFT,16.509372831815565,16.546141708330634,16.233603335798787,16.30714225769043,52658300
2003-07-29,MSFT,16.47260589604972,16.484862580155667,16.08040135555336,16.221349716186523,62391100
2003-07-30,MSFT,16.215218584800393,16.28262916692542,16.037501371281945,16.074270248413086,41240300
2003-07-31,MSFT,16.301017924521307,16.540017433921324,16.123299501425645,16.184581756591797,64504800
2003-08-01,MSFT,16.135557250705254,16.245865083509052,16.00686555834207,16.037506103515625,42649700
2003-08-04,MSFT,16.025247481124932,16.184580868266863,15.78011964277648,16.04363250732422,51825600
2003-08-05,MSFT,16.123303829787208,16.264253405166343,15.688201922140196,15.724970817565918,58825800
2003-08-06,MSFT,15.651425462787905,16.049758282505312,15.584014879700105,15.71883487701416,56294900
2003-08-07,MSFT,15.761737855654918,15.81689177672531,15.596277261305717,15.755609512329102,44258500
2003-08-08,MSFT,15.859785139381968,15.92106738881768,15.62691399416029,15.675939559936523,33241400
2003-08-11,MSFT,15.694327354431152,15.927198540739113,15.651430122916151,15.694327354431152,36433900
2003-08-12,MSFT,15.7556046833769,15.792374732062118,15.596272481187416,15.767861366271973,38208400
2003-08-13,MSFT,15.804634260342137,15.865915348127002,15.626915832952918,15.68819808959961,39636900
2003-08-14,MSFT,15.724973780725517,15.755614337877065,15.639179285611313,15.706588745117188,37338300
2003-08-15,MSFT,15.694316842369837,15.724957367539828,15.584009081580088,15.651419639587402,27607900
2003-08-18,MSFT,15.663678930310466,15.829140611445562,15.602396696312868,15.74947452545166,45817400
2003-08-19,MSFT,15.84139143175261,16.331646784648626,15.792365896463009,16.313262939453125,72952900
2003-08-20,MSFT,16.117167241685767,16.25811674496816,15.933321689733447,16.209091186523438,56739300
2003-08-21,MSFT,16.331660507199125,16.380686083682086,16.012993675628913,16.08040428161621,63802700
2003-08-22,MSFT,16.41132981299718,16.5155093219128,16.062021222730404,16.06814956665039,65846300
2003-08-25,MSFT,16.123298489039747,16.264248017730182,16.07427292175751,16.239734649658203,36132900
2003-08-26,MSFT,16.123301321236443,16.343916997190405,15.90881398837697,16.282634735107422,47546000
2003-08-27,MSFT,16.24586015271385,16.288757370481807,16.117167330548465,16.190706253051758,30633900
2003-08-28,MSFT,16.239732712179944,16.288758273613194,16.080399345306486,16.245861053466797,46211200
2003-08-29,MSFT,16.215219316971066,16.27037321958892,16.14780990066381,16.251989364624023,34503000
2003-09-02,MSFT,16.362299686042544,16.72999086822275,16.221350152754255,16.70547866821289,74168900
2003-09-03,MSFT,16.80353400665972,17.404097667807047,16.77902063166005,17.342815399169922,109437800
2003-09-04,MSFT,17.220247111637896,17.446989921303455,17.1528365185073,17.42247772216797,59840800
2003-09-05,MSFT,17.29991337330069,17.618580146919616,17.263144489840577,17.391836166381836,64024500
2003-09-08,MSFT,17.397961352143916,17.722756408893034,17.367320816296168,17.673730850219727,46105300
2003-09-09,MSFT,17.557298672221712,17.59406755730899,17.348939708624183,17.385709762573242,44315200
2003-09-10,MSFT,17.17734851794852,17.26927130289092,16.840296748010886,16.883193969726562,54763500
2003-09-11,MSFT,16.950603376796796,17.226372881276973,16.90770615806911,17.060911178588867,37813300
2003-09-12,MSFT,16.84030092441405,17.404095625773532,16.82191706418334,17.367326736450195,55777200
2003-09-15,MSFT,17.385711701773044,17.532788427388844,17.361198329739455,17.37958335876465,41432300
2003-09-16,MSFT,17.410220882402832,17.74114433423408,17.35506697376429,17.71050262451172,52060600
2003-09-17,MSFT,17.62470736960996,17.74114352351069,17.446988967926654,17.465373992919922,47221600
2003-09-18,MSFT,17.45924888291545,18.08432582204681,17.416351652185984,18.078197479248047,67268100
2003-09-19,MSFT,18.237526932910146,18.366218597207904,18.090450244200582,18.360090255737305,92433800
2003-09-22,MSFT,18.010782344243847,18.384602978849493,17.65534673340722,17.814680099487305,65678700
2003-09-23,MSFT,17.845329012246165,18.206891941487466,17.69825110042272,18.139482498168945,57827800
2003-09-24,MSFT,18.14560088058886,18.200754775029544,17.41634474098756,17.44085693359375,66336500
2003-09-25,MSFT,17.446990078195554,17.747271825691296,17.293785033420477,17.306041717529297,56224500
2003-09-26,MSFT,17.324423813676574,17.636962192422676,17.244756549304796,17.27539825439453,49864700
2003-09-29,MSFT,17.41021054513006,17.716620447253238,17.220236733094776,17.66759490966797,47380300
2003-09-30,MSFT,17.520528324808033,17.532785008434733,17.00575930110353,17.036399841308594,63333700
2003-10-01,MSFT,17.177339515002686,17.545030462058993,17.042518410145092,17.47762107849121,58375900
2003-10-02,MSFT,17.43473345345946,17.618579027945536,17.275400076769426,17.465373992919922,38143600
2003-10-03,MSFT,17.869843534729885,18.053689195047546,17.728895117228866,17.820817947387695,57303000
2003-10-06,MSFT,17.86370837197673,17.95563116705043,17.716631666086464,17.888221740722656,34047600
2003-10-07,MSFT,17.777912174704063,17.998527796323334,17.72275826929925,17.85757827758789,52356800
2003-10-08,MSFT,17.992403455972383,17.992403455972383,17.57568548640281,17.661479949951172,46989100
2003-10-09,MSFT,17.90660669275004,17.986273977181252,17.64922214949704,17.735017776489258,62653300
2003-10-10,MSFT,17.716636657714844,17.894355124609355,17.569559910385983,17.716636657714844,37604700
2003-10-13,MSFT,17.759524288648073,17.833063206960258,17.465370953122235,17.636960983276367,39320300
2003-10-14,MSFT,17.563430721210874,17.630841332148997,17.45312287380741,17.575687408447266,34851300
2003-10-15,MSFT,17.99473938976457,18.031714551577874,17.686610298675582,17.91462516784668,57242100
2003-10-16,MSFT,17.81602502071733,18.06252807328136,17.748236240479994,18.013227462768555,42232500
2003-10-17,MSFT,18.04403295237808,18.050195672844048,17.74822824710529,17.82834243774414,49960000
2003-10-20,MSFT,17.84067800978294,18.09950653923973,17.748238325718837,18.087181091308594,38794500
2003-10-21,MSFT,18.087181091308594,18.136481707613726,17.976254410767197,18.087181091308594,44166800
2003-10-22,MSFT,17.88997260979505,18.00089807761345,17.74823235709223,17.803695678710938,48798500
2003-10-23,MSFT,17.698931601476982,17.92078488599776,17.31685225082342,17.816020965576172,67357900
2003-10-24,MSFT,16.805354572996894,16.885467589285927,16.28153508058781,16.398624420166016,210558300
2003-10-27,MSFT,16.583505630493164,16.700595000400547,16.528042306611724,16.583505630493164,65619100
2003-10-28,MSFT,16.694435416474327,16.77454846857435,16.565020577950555,16.762224197387695,71752600
2003-10-29,MSFT,16.737571066512512,16.793034393404994,16.42944199507389,16.478742599487305,73551500
2003-10-30,MSFT,16.645129896615373,16.66361806107189,15.967245813655925,16.096660614013672,98729400
2003-10-31,MSFT,16.2507280773075,16.293865960124343,16.090500815831263,16.10898780822754,69623700
2003-11-03,MSFT,16.238399723674156,16.484902706633484,16.201424570084992,16.44176483154297,57772300
2003-11-04,MSFT,16.386294087794752,16.404782243920664,16.02886463062264,16.065839767456055,84026100
2003-11-05,MSFT,16.11514775945608,16.219911674888582,16.02270928711421,16.084335327148438,61514400
2003-11-06,MSFT,16.18293785793575,16.20758757073443,16.02271061077769,16.16444969177246,68189800
2003-11-07,MSFT,16.256886828741543,16.32467559032109,16.04119745175016,16.084335327148438,57822100
2003-11-10,MSFT,16.09665270951994,16.164440261734573,16.022701263427734,16.022701263427734,54579100
2003-11-11,MSFT,16.028867931845134,16.07200579627164,15.81934015427184,15.899453163146973,64990700
2003-11-12,MSFT,15.930272475701647,16.108986717473254,15.776207947262403,16.010385513305664,75877300
2003-11-13,MSFT,15.936438524026679,15.979576412926042,15.683772738685287,15.831674575805664,78949500
2003-11-14,MSFT,15.83783357925659,16.03503598243112,15.677606332822524,15.714581489562988,83146400
2003-11-17,MSFT,15.646796529835347,15.677610147465773,15.307854963835956,15.498894691467285,103900200
2003-11-18,MSFT,15.609821364098163,15.924113211412543,15.480407696308358,15.498894691467285,106868300
2003-11-19,MSFT,15.585165732689918,15.739230236134844,15.511214253852046,15.622140884399414,78853300
2003-11-20,MSFT,15.511216492404396,15.794694655453085,15.45575316912634,15.46807861328125,106845700
2003-11-21,MSFT,15.609818577501576,15.640631014212174,15.455754043110357,15.474242210388184,70712900
2003-11-24,MSFT,15.60981456358538,15.905618111452847,15.579002134797907,15.856317520141602,99463800
2003-11-25,MSFT,15.94260002014742,15.991900628725435,15.640632470260456,15.652957916259766,85663800
2003-11-26,MSFT,15.782376186757379,15.794700460022424,15.603660707090166,15.683774948120117,69758400
2003-11-28,MSFT,15.714586187679553,15.868650758146998,15.652960124408695,15.843999862670898,33402600
2003-12-01,MSFT,15.961080792392549,16.152120429241226,15.714577845584776,15.924105644226074,101914600
2003-12-02,MSFT,15.99189824490276,16.078174003198832,15.782370395824536,15.813182830810547,85121700
2003-12-03,MSFT,15.911781076419679,16.065845573558395,15.788530183960004,15.819342613220215,93121600
2003-12-04,MSFT,15.850164486789357,16.164456389273198,15.813189314561708,16.14596939086914,87202400
2003-12-05,MSFT,15.998060068929947,16.318514570184153,15.973410355597585,16.010385513305664,96610900
2003-12-08,MSFT,16.096667717627785,16.232244123883273,15.905626793525725,16.170618057250977,90504000
2003-12-09,MSFT,16.293861854879104,16.398625761932905,16.17677250572042,16.256885528564453,103547100
2003-12-10,MSFT,16.300034779488854,16.41096030161382,16.2568957051174,16.386310577392578,82853700
2003-12-11,MSFT,16.386298979069625,16.49722559809964,16.19525934375058,16.398624420166016,79309000
2003-12-12,MSFT,16.447920146756015,16.52187042063548,16.33083084179205,16.423269271850586,69154100
2003-12-15,MSFT,16.669782294661896,16.700595907057235,16.441767440032024,16.478742599487305,88860600
2003-12-16,MSFT,16.53420240669638,16.73756750353819,16.497227255112108,16.675941467285156,73978000
2003-12-17,MSFT,16.663619995117188,16.688269708501213,16.546530624140598,16.663619995117188,53712300
2003-12-18,MSFT,16.70059438811345,16.91628495358694,16.669780778520657,16.88547134399414,61177800
2003-12-19,MSFT,16.940939549507466,16.97791471625885,16.75606254033118,16.86082649230957,76856400
2003-12-22,MSFT,16.737573463798977,16.903963468308106,16.620484070764487,16.74989891052246,43894800
2003-12-23,MSFT,16.743734518371024,16.848498454240577,16.645133305248994,16.731409072875977,39609000
2003-12-24,MSFT,16.725244866286793,16.737570310688344,16.638969106314086,16.663619995117188,19924200
2003-12-26,MSFT,16.669783716236285,16.793035825490144,16.638971276632436,16.76838493347168,12076900
2003-12-29,MSFT,16.768384566452866,16.965588172026578,16.737572127523425,16.922449111938477,40426700
2003-12-30,MSFT,16.89163429856674,16.97791005577683,16.8854715765633,16.959423065185547,34406600
2003-12-31,MSFT,16.897801578651826,16.977914635468498,16.780712179840364,16.866989135742188,42198900
2004-01-02,MSFT,16.996399509783522,17.11348888588391,16.84233497427953,16.91628646850586,44487700
2004-01-05,MSFT,17.08884116693126,17.366157852463743,17.082678443317278,17.341506958007812,67333700
2004-01-06,MSFT,17.37231142916369,17.427774737067505,17.298359960152364,17.40312385559082,46950800
2004-01-07,MSFT,17.35999193284034,17.446267696713864,17.261390724007995,17.384641647338867,54298200
2004-01-08,MSFT,17.495569437499743,17.551032767997775,17.255229122287737,17.353830337524414,58810800
2004-01-09,MSFT,17.273727699602116,17.292214703961754,17.002573606601615,17.045711517333984,67079900
2004-01-12,MSFT,17.05186041553561,17.088835569689397,16.854658026156816,16.990234375,55845200
2004-01-13,MSFT,16.977915332524915,17.033378672374887,16.799201040556767,16.90396499633789,51555900
2004-01-14,MSFT,16.959427785571403,17.08884145740677,16.928614166977724,17.070354461669922,43907000
2004-01-15,MSFT,16.977906082495952,17.08266998119883,16.897793066037877,16.971744537353516,58504100
2004-01-16,MSFT,17.076511770912806,17.181275697286097,16.96558629776968,17.138137817382812,63983400
2004-01-20,MSFT,17.242906779182178,17.37848435609257,17.212094334658588,17.316858291625977,63068500
2004-01-21,MSFT,17.335335816460223,17.440099716186523,17.162784340736042,17.440099716186523,53570600
2004-01-22,MSFT,17.477083201845602,17.526383811600937,17.218254706775276,17.26139259338379,78425200
2004-01-23,MSFT,17.427783980867886,17.723587662971774,17.39080763904039,17.551034927368164,127259100
2004-01-26,MSFT,17.557192215859168,17.766720053007784,17.452428297284857,17.748231887817383,58299600
2004-01-27,MSFT,17.649638317346128,17.698938937070913,17.39080976993613,17.409297943115234,63196200
2004-01-28,MSFT,17.440103756010483,17.52638068927653,16.928609580139337,17.07651138305664,71336000
2004-01-29,MSFT,17.138140104363988,17.224417051102762,16.99023827835081,17.199766159057617,63748400
2004-01-30,MSFT,17.1566248857169,17.193600041064418,16.977909479935747,17.039535522460938,40528700
2004-02-02,MSFT,17.01488615344584,17.131974343641403,16.78687014413524,16.88547134399414,62891800
2004-02-03,MSFT,16.885466020432485,16.977904469229316,16.749889707225037,16.817678451538086,47993800
2004-02-04,MSFT,16.77454378443763,16.903958586823506,16.645130157470703,16.645130157470703,60648000
2004-02-05,MSFT,16.67594681100567,16.74373559014846,16.534207704997335,16.614320755004883,55527500
2004-02-06,MSFT,16.657456227847355,16.756057426035493,16.595830185125017,16.688268661499023,47209600
2004-02-09,MSFT,16.756062259664823,16.780711978613077,16.546534359217663,16.577346801757812,48108500
2004-02-10,MSFT,16.55885812196404,16.731409663307137,16.528044507139043,16.651296615600586,37790600
2004-02-11,MSFT,16.6204824142589,16.780709679436992,16.546532092126963,16.731409072875977,51515300
2004-02-12,MSFT,16.69443771354363,16.73141288302975,16.595836477967673,16.60816192626953,44537000
2004-02-13,MSFT,16.62665097179272,16.67595159565479,16.3308472286203,16.386310577392578,67541100
2004-02-17,MSFT,16.466414912582465,16.700593633226465,16.38630188210044,16.63280487060547,43477000
2004-02-18,MSFT,16.577341653412194,16.706756457811625,16.478740457402612,16.497228622436523,50334700
2004-02-19,MSFT,16.58966791749005,16.626643073968133,16.2877015928445,16.306188583374023,61840600
2004-02-20,MSFT,16.42943907080477,16.515714819317278,16.330837879527927,16.37397575378418,57821900
2004-02-23,MSFT,16.472574715906855,16.491062877551443,16.318510228458226,16.398624420166016,50256800
2004-02-24,MSFT,16.39862890159817,16.608156755821767,16.361652568204068,16.565017700195312,55426500
2004-02-25,MSFT,16.57733717773722,16.63280048244558,16.39862299900258,16.454086303710938,64275700
2004-02-26,MSFT,16.386300564637597,16.423275716085797,16.27537393487412,16.33083724975586,66602700
2004-02-27,MSFT,16.312354562818584,16.40479423560188,16.238404235095068,16.34933090209961,58266500
2004-03-01,MSFT,16.410947263612147,16.466410568320505,16.330834254265994,16.454086303710938,51912300
2004-03-02,MSFT,16.39862953016463,16.44793013449407,16.23840227223918,16.263051986694336,66331000
2004-03-03,MSFT,16.238405067467564,16.361656011797628,16.15829083700466,16.250730514526367,54998700
2004-03-04,MSFT,16.226079620408758,16.281542956754052,16.15212811347526,16.250730514526367,44023200
2004-03-05,MSFT,16.16445182133574,16.39246786571315,16.14596482815595,16.2384033203125,59849800
2004-03-08,MSFT,16.213744595603803,16.2383954751597,15.905615653666876,15.917941093444824,69367800
2004-03-09,MSFT,15.899464078026773,16.004228038733206,15.739237950282305,15.850163459777832,81111700
2004-03-10,MSFT,15.8070244105361,15.899462916069886,15.622147399468526,15.634472846984863,75155800
2004-03-11,MSFT,15.517381207599266,15.887136351806191,15.449592431459221,15.461917877197266,90536300
2004-03-12,MSFT,15.64063358306885,15.720747812345149,15.54819508233561,15.640633583068848,64137100
2004-03-15,MSFT,15.591332153999863,15.67144637907819,15.443430325492852,15.505056381225586,68835300
2004-03-16,MSFT,15.566675580157044,15.634464329145423,15.468074404584167,15.517374992370605,65453800
2004-03-17,MSFT,15.560521870488975,15.689935547586774,15.474246085757109,15.486570358276367,56241400
2004-03-18,MSFT,15.38179715292718,15.424936194774043,15.147619659994877,15.338659286499023,123231000
2004-03-19,MSFT,15.264715129598278,15.369479065354431,15.135300302878711,15.178438186645508,86281600
2004-03-22,MSFT,15.08600409499195,15.307857476671677,14.796363094236378,15.098329544067383,127605200
2004-03-23,MSFT,15.190766159723081,15.196928883489353,14.85798730428007,14.882637023925781,91696300
2004-03-24,MSFT,15.024369960090423,15.147622033845138,14.901119061754597,15.042858123779297,97584700
2004-03-25,MSFT,15.159953743935175,15.554358662340196,15.147628296380175,15.52354621887207,85677900
2004-03-26,MSFT,15.474246448790714,15.720749536250139,15.406457658957082,15.424945831298828,61584900
2004-03-29,MSFT,15.560515158222145,15.652953627048596,15.406450651705095,15.597490310668945,51881600
2004-03-30,MSFT,15.53586373226207,15.609815210000736,15.424938278782365,15.529702186584473,59010400
2004-03-31,MSFT,15.52970170577443,15.52970170577443,15.326336617562998,15.363311767578125,70533200
2004-04-01,MSFT,15.375645981818252,15.474247221727142,15.314019913020324,15.455759048461914,69051900
2004-04-02,MSFT,15.702255148401308,15.96108358163513,15.67760543712231,15.93027114868164,98043800
2004-04-05,MSFT,15.905629189626483,16.0103931660577,15.856328563977653,15.99190616607666,53800300
2004-04-06,MSFT,15.880966178631983,15.961079187507114,15.813177434293962,15.899453163146973,48992000
2004-04-07,MSFT,15.862483762760906,15.88713465159891,15.62214347368575,15.770045280456543,63268900
2004-04-08,MSFT,15.911779220023131,15.930267380673579,15.62830114256177,15.702251434326172,45294600
2004-04-12,MSFT,15.702262996650147,15.862490314014277,15.671450548296088,15.782377243041992,38786800
2004-04-13,MSFT,15.825514081733745,15.88097742539464,15.65912405075106,15.683774948120117,56971500
2004-04-14,MSFT,15.646797390406176,15.825512856233978,15.640634666541143,15.720748901367188,61079600
2004-04-15,MSFT,15.73307603689643,15.856327001160938,15.468084759369434,15.542035102844238,73756900
2004-04-16,MSFT,15.609820323345458,15.652958209732596,15.474243941068842,15.505056381225586,51768600
2004-04-19,MSFT,15.455753746780251,15.776208254270564,15.443428302164678,15.733070373535156,44592100
2004-04-20,MSFT,15.807017975841271,15.948757038322132,15.579003166705782,15.60981559753418,59902600
2004-04-21,MSFT,15.628311604459222,15.708424670069691,15.52971036582196,15.683774948120117,49252000
2004-04-22,MSFT,15.72075213729828,16.016555891191256,15.696101236764049,15.99190616607666,99207700
2004-04-23,MSFT,16.885467624915478,17.08266998119883,16.84849247696704,16.971744537353516,258269000
2004-04-26,MSFT,16.916285772134742,16.977910643464206,16.700595196224388,16.7868709564209,89391000
2004-04-27,MSFT,16.737568608182475,16.86698341039685,16.719080443460722,16.77454376220703,80716800
2004-04-28,MSFT,16.64513357610411,16.66978329207614,16.31235359483777,16.367816925048828,72842200
2004-04-29,MSFT,16.337005855028977,16.601997082591005,16.213753738584543,16.318517684936523,77787300
2004-04-30,MSFT,16.386302588003254,16.484903787652893,15.998059335891174,16.10282325744629,66172200
2004-05-03,MSFT,16.13980210528962,16.34316725820171,16.13980210528962,16.2384033203125,65916200
2004-05-04,MSFT,16.238397752908195,16.355487096385485,16.035032669720696,16.226072311401367,55496400
2004-05-05,MSFT,16.219911731585867,16.392464409201082,16.176773856036803,16.20758628845215,51841700
2004-05-06,MSFT,16.121310324536758,16.232236960437987,16.041197296063057,16.096660614013672,62693900
2004-05-07,MSFT,16.041197154171382,16.256886527161527,15.86864448036034,15.88713264465332,68290200
2004-05-10,MSFT,15.794697936369916,16.05352644029238,15.788536388431616,15.979576110839844,64621400
2004-05-11,MSFT,16.0781782125246,16.090503659913473,15.893301203368953,15.985739707946777,57917200
2004-05-12,MSFT,15.942601817505082,16.022714874694035,15.671447852046686,15.985739707946777,64145600
2004-05-13,MSFT,15.911782650136386,16.13979864563735,15.893295660919382,16.084335327148438,63861500
2004-05-14,MSFT,16.022718173831,16.127482147368987,15.800864776828298,15.936442375183105,43775300
2004-05-17,MSFT,15.696091107848176,15.893294658604805,15.665278677483728,15.739230155944824,55149600
2004-05-18,MSFT,15.837828085725421,16.004216821053202,15.800851766391576,15.917941093444824,58158600
2004-05-19,MSFT,16.04120378514691,16.18910563437238,15.788537979125975,15.788537979125977,60052800
2004-05-20,MSFT,15.868642961824117,15.942594436500391,15.770041779201629,15.856317520141602,52089900
2004-05-21,MSFT,16.004225192917538,16.145965473671502,15.88713698003368,15.954924583435059,57809300
2004-05-24,MSFT,16.053526401419965,16.127477906112727,15.862486679474326,15.874812126159668,56250500
2004-05-25,MSFT,15.84399388855684,16.13979864563735,15.776206302396242,16.084335327148438,66615000
2004-05-26,MSFT,16.016549319988712,16.115150530832683,15.930273554355027,16.10898780822754,50306900
2004-05-27,MSFT,16.1213109528649,16.139799118041992,15.973409157705099,16.139799118041992,49071900
2004-05-28,MSFT,16.10898636870163,16.238401181006584,16.03503605488655,16.16444969177246,37393000
2004-06-01,MSFT,16.102822238192914,16.189099163989574,15.942596180468277,16.090497970581055,48369500
2004-06-02,MSFT,16.096661710959825,16.19526291060946,16.02887294541857,16.10282325744629,54020000
2004-06-03,MSFT,16.053525802400017,16.102826411882493,15.936437589516158,15.954924583435059,45933100
2004-06-04,MSFT,16.04120679172549,16.170620493271304,15.985743440943102,15.99190616607666,48815300
2004-06-07,MSFT,16.03504057673441,16.28770637512207,16.004226957772882,16.28770637512207,65218600
2004-06-08,MSFT,16.19526695755088,16.423281847935854,16.170616063769096,16.39246940612793,58447700
2004-06-09,MSFT,16.2692152508581,16.42327979144467,16.2692152508581,16.312353134155273,50385500
2004-06-10,MSFT,16.25688717867157,16.509554065792464,16.25688717867157,16.497228622436523,48109200
2004-06-14,MSFT,16.361656177718757,16.577346801757812,16.3493319059543,16.577346801757812,67377500
2004-06-15,MSFT,16.632809301390136,17.00872719363726,16.620483854826787,16.891637802124023,114183400
2004-06-16,MSFT,16.84849563996948,16.947096836621764,16.73140627816278,16.836170196533203,67431100
2004-06-17,MSFT,16.830015417326187,17.205933391605097,16.81769114349275,17.113494873046875,105427500
2004-06-18,MSFT,17.113488978116656,17.563357142112274,17.070351096010107,17.470918655395508,134218700
2004-06-21,MSFT,17.39080443826695,17.661958351332707,17.32917956406853,17.470918655395508,116881700
2004-06-22,MSFT,17.347663960727083,17.470916041522095,17.138136128626932,17.433940887451172,98932000
2004-06-23,MSFT,17.37847486081004,17.48940030573897,17.255222799219535,17.440099716186523,58558400
2004-06-24,MSFT,17.551032558963435,17.65579649583206,17.477082236126282,17.495569229125977,65503800
2004-06-25,MSFT,17.55103157683065,17.64347006291395,17.409292486474982,17.606494903564453,71136500
2004-06-28,MSFT,17.624986420632872,17.7174249242844,17.359995181524305,17.427783966064453,77024100
2004-06-29,MSFT,17.366153989432956,17.61265700206193,17.366153989432956,17.563356399536133,55371700
2004-06-30,MSFT,17.606494982620944,17.748234073613045,17.495568328655253,17.600332260131836,83544400
2004-07-01,MSFT,17.68660599908042,17.772881747477648,17.41545213572195,17.64346694946289,78441400
2004-07-02,MSFT,17.637308515871634,17.67428367522113,17.50173097255828,17.606494903564453,36690100
2004-07-06,MSFT,17.45243030092076,17.458593023358407,17.218252725385703,17.267553329467773,69158900
2004-07-07,MSFT,17.051867037213206,17.452434693116953,16.97791552476941,17.316858291625977,66255700
2004-07-08,MSFT,17.181276600428056,17.347666582017723,16.977911459180397,17.033374786376953,59125100
2004-07-09,MSFT,17.119648531712762,17.255224875440415,17.0333716080507,17.168949127197266,50249300
2004-07-12,MSFT,17.05186638324959,17.255231565396414,17.002565768650943,17.187442779541016,45757300
2004-07-13,MSFT,17.199765827990873,17.22441671956153,17.008726119995117,17.008726119995117,43274100
2004-07-14,MSFT,16.885474209596637,17.477082684569858,16.848499047229314,17.335342407226562,87656300
2004-07-15,MSFT,17.286039148069758,17.378478802941014,17.131974623843043,17.175113677978516,46759700
2004-07-16,MSFT,17.36615168041466,17.378477123262076,16.79303151761792,16.934770584106445,66406300
2004-07-19,MSFT,17.0210534636798,17.41545836943399,17.008728016520145,17.22441864013672,60354500
2004-07-20,MSFT,17.255224532383036,17.551028099409066,17.16278606461476,17.45242691040039,89010700
2004-07-21,MSFT,18.419960691087454,18.419960691087454,17.754401756752628,17.785215377807617,201518000
2004-07-22,MSFT,17.914622635056226,18.056361714817317,17.766720833294347,17.871484756469727,124640700
2004-07-23,MSFT,17.489405380136,17.501730824954926,17.267553250490927,17.27371597290039,97372700
2004-07-26,MSFT,17.477083604816222,17.69277304283195,17.378482383032093,17.66196060180664,72387600
2004-07-27,MSFT,17.686611634152683,17.723586798757896,17.33534345643562,17.526384353637695,72968400
2004-07-28,MSFT,17.464757626175334,17.742074288631805,17.42778246298755,17.612659454345703,62718800
2004-07-29,MSFT,17.735913110247605,17.74823738210409,17.409295809954138,17.551034927368164,60148400
2004-07-30,MSFT,17.53254785178107,17.754400024635842,17.458596343883254,17.55719757080078,59552900
2004-08-02,MSFT,17.421617157962544,17.59416867754582,17.35382838931536,17.575681686401367,52267000
2004-08-03,MSFT,17.489400463900978,17.514051346609513,17.255222955263804,17.29836082458496,53990900
2004-08-04,MSFT,17.261387656997805,17.378477012463907,17.24906221422897,17.292200088500977,46217900
2004-08-05,MSFT,17.353833642674328,17.384646087522018,16.959428706610638,16.965591430664062,55591700
2004-08-06,MSFT,16.87314824982779,17.168953066015828,16.67594582264855,16.72524642944336,75628000
2004-08-09,MSFT,16.799199521997096,16.81152496872058,16.700598299047826,16.74989891052246,51877500
2004-08-10,MSFT,16.823847457169776,17.10116410196389,16.793035019045618,17.08267593383789,57632700
2004-08-11,MSFT,16.879312355560675,16.953263859521478,16.762224139466717,16.891637802124023,53097300
2004-08-12,MSFT,16.78070827665126,16.830008879090986,16.55269343114969,16.565017700195312,50279700
2004-08-13,MSFT,16.645133892635588,16.793035717537908,16.62664572374059,16.651296615600586,43333200
2004-08-16,MSFT,16.65745805276364,16.76222198424338,16.614318995338582,16.694433212280273,54347200
2004-08-17,MSFT,16.774548491352594,16.873149713495412,16.626646658138366,16.669784545898438,56879700
2004-08-18,MSFT,16.595833027777267,16.947100003417393,16.571182136298354,16.922449111938477,58844000
2004-08-19,MSFT,16.85466600213658,16.916292071834935,16.645138070413882,16.712926864624023,46293000
2004-08-20,MSFT,16.719085134266916,16.86698814269959,16.663622975378768,16.762224197387695,46494800
2004-08-23,MSFT,16.85493033596245,16.892014560446427,16.762219185309394,16.836387634277344,39572200
2004-08-24,MSFT,16.935279685492105,16.972363909976078,16.743676483624284,16.836387634277344,40835300
2004-08-25,MSFT,16.81784821136129,17.102163798197925,16.79930668494761,17.02799415588379,53512700
2004-08-26,MSFT,16.97236733860135,17.058898785059355,16.92910220481559,16.960006713867188,35465500
2004-08-27,MSFT,16.9970975792925,17.089808784856707,16.966194237066745,16.972373962402344,33248700
2004-08-30,MSFT,16.873470306396484,16.929097227447873,16.595336880025677,16.873470306396484,36679600
2004-08-31,MSFT,16.86729058528956,16.8858321063826,16.718951343228436,16.873470306396484,52106700
2004-09-01,MSFT,16.830207978094528,17.009450570977883,16.774581047812546,16.929100036621094,48507500
2004-09-02,MSFT,16.935284863459014,17.108346595441628,16.904381530088042,17.07126235961914,42161700
2004-09-03,MSFT,16.972368159865194,17.071261414729115,16.749861578359347,16.75604248046875,46174400
2004-09-07,MSFT,16.86729547430441,16.922921232592888,16.786944929991044,16.910560607910156,44893400
2004-09-08,MSFT,16.873477314166138,16.978550299914005,16.77458523097834,16.8487548828125,53278100
2004-09-09,MSFT,16.873473217837244,16.978546178076822,16.79930476289539,16.861112594604492,56904700
2004-09-10,MSFT,16.898202203468035,17.003275197169106,16.799310112794878,16.99091339111328,52664500
2004-09-13,MSFT,17.015627184759268,17.040349603718713,16.527346737285377,16.842565536499023,48239200
2004-09-14,MSFT,16.916741580081425,17.00327184765295,16.854933740864702,16.960006713867188,55920000
2004-09-15,MSFT,16.91056348421148,16.93528591666843,16.77458597959488,16.805490493774414,52605700
2004-09-16,MSFT,16.82403127257224,16.904381826966464,16.793127938658536,16.8487548828125,35951500
2004-09-17,MSFT,16.929109059431056,17.015640540925755,16.848759661136288,17.003278732299805,65283000
2004-09-20,MSFT,16.960013580995934,17.089809034907546,16.89202481244016,17.003278732299805,51513600
2004-09-21,MSFT,16.966189673680496,17.015635715274396,16.842573980252435,16.8487548828125,73874400
2004-09-22,MSFT,16.86112203397646,17.145436568565447,16.731325396834578,16.762229919433594,68409000
2004-09-23,MSFT,16.805494409741037,16.929108958603443,16.79313260118871,16.904386520385742,52155800
2004-09-24,MSFT,16.929104796011174,16.972369936419167,16.805490277543573,16.867298126220703,49859800
2004-09-27,MSFT,16.793128688102602,16.88583987286785,16.768405076758974,16.805490493774414,47813600
2004-09-28,MSFT,16.817839763667543,16.91055206471193,16.712768023070883,16.85492515563965,62055100
2004-09-29,MSFT,16.848757022496336,17.11452997189749,16.830214312461337,17.046541213989258,61529300
2004-09-30,MSFT,17.052717557063986,17.176333233132908,17.0094524241058,17.089801788330078,71218000
2004-10-01,MSFT,17.19488221877749,17.503920364129744,17.170159780170533,17.460655212402344,66302800
2004-10-04,MSFT,17.578082756984433,17.59044338172473,17.349394105435017,17.380298614501953,62016200
2004-10-05,MSFT,17.398839352904787,17.584262862247463,17.36793602412422,17.540996551513672,58017700
2004-10-06,MSFT,17.54718130696846,17.646073395449847,17.44828921848708,17.633712768554688,56999600
2004-10-07,MSFT,17.639884325255547,17.67078764444988,17.405014855388803,17.411195755004883,38401500
2004-10-08,MSFT,17.367932648717748,17.510089819698806,17.28758212328588,17.299943923950195,49556600
2004-10-11,MSFT,17.42973973508812,17.442100356342827,17.262858969845016,17.34320831298828,44691000
2004-10-12,MSFT,17.201060800666756,17.405025901904434,17.188698993588883,17.324676513671875,56412900
2004-10-13,MSFT,17.423568612521244,17.47301466194593,17.26904956070825,17.324676513671875,49500700
2004-10-14,MSFT,17.330853484170778,17.405021952032712,17.182514190673828,17.182514190673828,41548700
2004-10-15,MSFT,17.28758212328588,17.454462895595576,17.19487097607589,17.299943923950195,49828500
2004-10-18,MSFT,17.34939385188378,17.584263401814102,17.293766915262726,17.559539794921875,50350700
2004-10-19,MSFT,17.633715839322733,17.670800084239502,17.41120801204835,17.417388916015625,57026500
2004-10-20,MSFT,17.442101735583503,17.769682391902847,17.38029508776414,17.738779067993164,69078100
2004-10-21,MSFT,17.806773138531472,17.856219182229516,17.596627158093128,17.652254104614258,94988500
2004-10-22,MSFT,17.49155187165484,17.51627547970158,17.04653753679212,17.145429611206055,101912800
2004-10-25,MSFT,17.10215431846022,17.163962122980802,17.027984717258352,17.077430725097656,61529500
2004-10-26,MSFT,17.126888936094222,17.24432373046875,17.077442893023893,17.24432373046875,76966600
2004-10-27,MSFT,17.21959851548166,17.522455627702886,17.046536803261045,17.398839950561523,72392600
2004-10-28,MSFT,17.374120930528736,17.639893863295487,17.244324326181086,17.312313079833984,63059600
2004-10-29,MSFT,17.380300477760414,17.398842006301845,17.18251513518784,17.287588119506836,80010100
2004-11-01,MSFT,17.405023511505856,17.47919316489986,17.28140781547807,17.35557746887207,72930900
2004-11-02,MSFT,17.466823851458027,17.596619215497075,17.32466668735255,17.4544620513916,89417100
2004-11-03,MSFT,17.70787633042431,17.70787633042431,17.49773040600839,17.596622467041016,79666700
2004-11-04,MSFT,17.540994370121865,17.92420196533203,17.540994370121865,17.92420196533203,87867700
2004-11-05,MSFT,18.054000646872446,18.14671299641474,17.942747949417388,18.115808486938477,95337700
2004-11-08,MSFT,18.03546121099588,18.220883573804223,18.004556697936735,18.09726905822754,112802100
2004-11-09,MSFT,18.18998330951576,18.474297804323243,18.140537259162855,18.400129318237305,100401000
2004-11-10,MSFT,18.492837241442373,18.542283283041687,18.35068001920518,18.375402450561523,84097700
2004-11-11,MSFT,18.47429363654443,18.59172842172199,18.43102849960706,18.52992057800293,87358900
2004-11-12,MSFT,18.641171721656224,18.665895327065414,18.41866398851907,18.52373695373535,162269000
2004-11-15,MSFT,18.8337286758177,18.943947903963775,18.73728717966909,18.86817169189453,104468000
2004-11-16,MSFT,18.826850359341268,18.833739229200145,18.63396594504549,18.682188034057617,64522600
2004-11-17,MSFT,18.77173675429917,18.840624124437856,18.640850882427394,18.71662712097168,58830700
2004-11-18,MSFT,18.689065571433567,18.716621036097532,18.599512939109427,18.647733688354492,63249900
2004-11-19,MSFT,18.62018084385094,18.64773499653101,18.489295005348943,18.50307273864746,85808600
2004-11-22,MSFT,18.42729340783802,18.47551415232344,17.979527662580445,18.35840606689453,92410800
2004-11-23,MSFT,18.26885271193824,18.392849657888426,18.186187643332552,18.275741577148438,70459700
2004-11-24,MSFT,18.337736495102586,18.413511369891392,18.186184117692104,18.351512908935547,60069200
2004-11-26,MSFT,18.296415321092326,18.47552195764558,18.289526452695974,18.323970794677734,24398700
2004-11-29,MSFT,18.351520418238454,18.565071343988198,18.33085513207472,18.44107437133789,67079900
2004-11-30,MSFT,18.427307463254014,18.6064141607539,18.392864423469234,18.468639373779297,75960400
2004-12-01,MSFT,18.56506592347666,18.792393202322977,18.468623131842417,18.771726608276367,99889000
2004-12-02,MSFT,18.785515104438378,18.875067768800367,18.54440995803979,18.661518096923828,96088300
2004-12-03,MSFT,18.709732892690987,18.90261721103927,18.69595515982677,18.757953643798828,76498400
2004-12-06,MSFT,18.668399473854276,18.902615657630506,18.647732876256324,18.826839447021484,55297400
2004-12-07,MSFT,18.77861951767458,18.86128328383273,18.599512939109427,18.647733688354492,111656000
2004-12-08,MSFT,18.606402408843298,18.84750747680664,18.537515058865644,18.84750747680664,95655000
2004-12-09,MSFT,18.68906629339466,18.84750759349932,18.55818177293536,18.757953643798828,83006000
2004-12-10,MSFT,18.654626846313477,18.723514209905147,18.627072689227116,18.654626846313477,70949200
2004-12-13,MSFT,18.668396265876513,18.792393202322977,18.53751046474785,18.771726608276367,93812500
2004-12-14,MSFT,18.633956675854712,18.826840994202993,18.627069123339528,18.757953643798828,127843200
2004-12-15,MSFT,18.75106788422447,18.8750648727136,18.647737498455907,18.67529296875,106303900
2004-12-16,MSFT,18.702841282893793,18.79239521945836,18.606399794824316,18.70973014831543,88997500
2004-12-17,MSFT,18.5995216488322,18.819960213702675,18.461746888829413,18.57196617126465,126184400
2004-12-20,MSFT,18.60640299167154,18.70284449631105,18.523737906325564,18.56507110595703,85552800
2004-12-21,MSFT,18.599512939109427,18.716621036097532,18.558181056030353,18.647733688354492,94646100
2004-12-22,MSFT,18.489295245362893,18.702844858594204,18.447963358847762,18.578847885131836,63651900
2004-12-23,MSFT,18.509965639253725,18.70284869180096,18.482410166651405,18.606407165527344,65801900
2004-12-27,MSFT,18.606412224672678,18.668410740968252,18.475526322057846,18.496192932128906,55958500
2004-12-28,MSFT,18.496183753821544,18.62018072488203,18.46173942079532,18.56507110595703,55075900
2004-12-29,MSFT,18.496188990182713,18.599519390680808,18.47552238451616,18.53063201904297,47594900
2004-12-30,MSFT,18.523735748329013,18.558180077342506,18.42729425492484,18.43418312072754,48355400
2004-12-31,MSFT,18.427296161924765,18.53062653182507,18.37907541023242,18.40662956237793,54959500
2005-01-03,MSFT,18.461740136217557,18.565071825383537,18.35840976096858,18.420408248901367,65002900
2005-01-04,MSFT,18.50995492256455,18.668394856544335,18.365291402992558,18.489288330078125,109442100
2005-01-05,MSFT,18.489297513533753,18.66840412896049,18.43418788678069,18.447965621948242,72463500
2005-01-06,MSFT,18.496181119791103,18.6408433561491,18.351517569516332,18.42729377746582,76890500
2005-01-07,MSFT,18.475515113249124,18.523735860242542,18.337741738113188,18.37218475341797,68723300
2005-01-10,MSFT,18.32397088164267,18.503077519045956,18.2826389849857,18.46174430847168,70376600
2005-01-11,MSFT,18.385966657275194,18.47551930573912,18.330857031931902,18.41352081298828,64712000
2005-01-12,MSFT,18.441076754364467,18.49618638111753,18.33774636844212,18.447965621948242,72940600
2005-01-13,MSFT,18.379086294742926,18.461750114051775,18.020872907290666,18.096649169921875,89861600
2005-01-14,MSFT,18.186188182233206,18.220632509304867,17.9381955969009,17.993305206298828,92180800
2005-01-18,MSFT,17.931308763454638,18.151747226026334,17.800422933583864,18.131080627441406,69146400
2005-01-19,MSFT,18.05530776219719,18.089752099560968,17.85553586115579,17.896867752075195,58114100
2005-01-20,MSFT,17.800433151424954,17.979539833554863,17.7315457638492,17.814210891723633,58380100
2005-01-21,MSFT,17.87619862867317,18.000194274831163,17.662647724581255,17.669536590576172,76501000
2005-01-24,MSFT,17.7453099324119,17.910638747798508,17.662644867760285,17.683311462402344,69010900
2005-01-25,MSFT,17.74531282869549,18.04152749732828,17.738423962690444,17.924419403076172,67580700
2005-01-26,MSFT,17.958863852575437,18.027751204207316,17.84175574897632,17.917531967163086,64974500
2005-01-27,MSFT,17.87619854283003,18.020860786278092,17.8073111971285,17.986417770385742,93204100
2005-01-28,MSFT,18.282641023340656,18.358415956673795,17.88309449341385,18.03464698791504,110466500
2005-01-31,MSFT,18.151743995259835,18.268852071896994,18.020858188684976,18.10352325439453,71442100
2005-02-01,MSFT,18.082853123310564,18.206850040668456,18.062186532445452,18.17929458618164,57981700
2005-02-02,MSFT,18.199977268173605,18.25508691195488,18.10353572003576,18.22753143310547,79329500
2005-02-03,MSFT,18.16553287482494,18.186198168498777,17.97953734825573,18.03464698791504,62545400
2005-02-04,MSFT,18.027750262350533,18.165524958416285,18.00708366376561,18.131080627441406,61246500
2005-02-07,MSFT,18.09664071391764,18.11730600212974,17.951977126847428,18.020864486694336,57763400
2005-02-08,MSFT,18.041532392636814,18.144862782916032,18.020865789014092,18.07597541809082,61343700
2005-02-09,MSFT,18.082863105189947,18.124194995819305,17.93820083102864,17.958866119384766,77874800
2005-02-10,MSFT,17.97952842453765,18.000193707954757,17.910641080674775,17.95197296142578,71796400
2005-02-11,MSFT,17.931307789039955,17.99330626750876,17.779755368819846,17.88997459411621,83835900
2005-02-14,MSFT,17.86242234864097,17.99330818534985,17.848644615531203,17.917531967163086,58694000
2005-02-15,MSFT,17.96590149107143,18.02118113524821,17.86916244325474,17.917531967163086,76551600
2005-02-16,MSFT,17.876068970223127,17.91752836552921,17.737869228575615,17.820789337158203,57506600
2005-02-17,MSFT,17.765511832548235,17.86916231787678,17.68950314607015,17.72405242919922,67024800
2005-02-18,MSFT,17.717134249491686,17.724044366568236,17.551295393564704,17.60657501220703,77091100
2005-02-22,MSFT,17.447650498730475,17.61348939481939,17.41310122295085,17.43383026123047,96419200
2005-02-23,MSFT,17.44074417402856,17.51675417884337,17.39237465022665,17.413105010986328,83689400
2005-02-24,MSFT,17.399287039938034,17.578946236043556,17.37855667647441,17.530576705932617,85236300
2005-02-25,MSFT,17.502924802579535,17.537474067841792,17.378545338883423,17.44764518737793,62467700
2005-02-28,MSFT,17.426925028100975,17.530575520438944,17.364735259886498,17.385465621948242,82728000
2005-03-01,MSFT,17.406194027837138,17.558212711959904,17.364733308373157,17.4683837890625,56394800
2005-03-02,MSFT,17.406191718533723,17.60657989747475,17.38546136155206,17.454561233520508,67739000
2005-03-03,MSFT,17.482199128488833,17.489109246983485,17.371639868515064,17.392370223999023,52183600
2005-03-04,MSFT,17.420009380007297,17.482199128488833,17.364729750020413,17.392370223999023,63058200
2005-03-07,MSFT,17.3923683350154,17.82078640936106,17.385458217271253,17.599666595458984,80407400
2005-03-08,MSFT,17.55130386352539,17.703323876631615,17.50984445902856,17.55130386352539,52871800
2005-03-09,MSFT,17.544390582014486,17.66877009106533,17.468381907127114,17.489110946655273,62991800
2005-03-10,MSFT,17.57203483581543,17.606584121102436,17.447655300029012,17.57203483581543,59132900
2005-03-11,MSFT,17.58585432150449,17.60658336459772,17.316364899556188,17.337095260620117,60617900
2005-03-14,MSFT,17.33018364219291,17.37855316252351,17.24726352307575,17.350914001464844,65550500
2005-03-15,MSFT,17.344000951495325,17.440739975812786,17.198891097048776,17.212711334228516,71469400
2005-03-16,MSFT,17.15052910045871,17.254178288786363,16.970869892304336,17.01923942565918,74841400
2005-03-17,MSFT,17.026150816222636,17.053791304754533,16.950142108701986,16.95705223083496,60573200
2005-03-18,MSFT,16.950144384750967,17.212722471207552,16.777395262143127,16.798124313354492,135904000
2005-03-21,MSFT,16.82575992821608,16.83267004927386,16.687560143002106,16.722110748291016,71446200
2005-03-22,MSFT,16.715203286201998,16.770482945487025,16.55627311253288,16.577003479003906,102113300
2005-03-23,MSFT,16.57700233149348,16.853400608785492,16.556271966457473,16.70829200744629,79293300
2005-03-24,MSFT,16.749752851985964,16.908681710274095,16.722113680878536,16.777393341064453,78820900
2005-03-28,MSFT,16.86030921553416,16.9086787449678,16.70829050617545,16.722110748291016,49802000
2005-03-29,MSFT,16.68064606896319,16.74974594519488,16.45952751939819,16.528627395629883,74231700
2005-03-30,MSFT,16.61155443493669,16.715203633503315,16.583913945734352,16.694473266601562,59585700
2005-03-31,MSFT,16.756655597152818,16.79811499454703,16.66682668313695,16.70137596130371,62382300
2005-04-01,MSFT,16.749752708144744,16.82576273448678,16.653013633142915,16.666833877563477,64619600
2005-04-04,MSFT,16.659917200577947,16.763566357009726,16.54244780516312,16.742835998535156,62196400
2005-04-05,MSFT,16.73593276505264,16.929412236510924,16.666834177647825,16.908681869506836,73549600
2005-04-06,MSFT,16.908675243405362,17.233444276011593,16.894856322122344,17.046875,78020200
2005-04-07,MSFT,17.0399706232204,17.364738447310014,17.019240257353445,17.344009399414062,77451500
2005-04-08,MSFT,17.32327696733167,17.447656511756158,17.21271766517009,17.233448028564453,47956300
2005-04-11,MSFT,17.295633996477736,17.350913635399372,17.178164599022942,17.254173278808594,47791800
2005-04-12,MSFT,17.21962309071845,17.5167516284934,17.136702977723154,17.496021270751953,67517800
2005-04-13,MSFT,17.433841564338678,17.585861639459118,17.26800256072922,17.302553176879883,60929300
2005-04-14,MSFT,17.28181226757806,17.371641178843593,17.157432761233146,17.164342880249023,66754400
2005-04-15,MSFT,16.984687861053413,17.205806451333792,16.86721844522062,16.90176773071289,100251600
2005-04-18,MSFT,16.89485591650051,17.16434398562241,16.860305319196087,17.03305435180664,75766400
2005-04-19,MSFT,17.07451908063199,17.13670885722277,16.894861190448555,17.01923942565918,65956200
2005-04-20,MSFT,17.039965816390545,17.067606296416006,16.79120676804391,16.80502700805664,91923500
2005-04-21,MSFT,16.915586057944907,17.544392472138576,16.908675938034246,17.4683837890625,93562300
2005-04-22,MSFT,17.309456948175324,17.447656736644017,17.12288894710471,17.26108741760254,80087500
2005-04-25,MSFT,17.32327165377823,17.468381517087646,17.178163108439254,17.26799201965332,75457900
2005-04-26,MSFT,17.240355656087974,17.44765398816504,17.095245769257506,17.109066009521484,60464300
2005-04-27,MSFT,17.039963364141755,17.378551287903143,17.019233007106,17.26799201965332,47732800
2005-04-28,MSFT,17.15052138694146,17.21962125407226,16.887943473408832,16.894853591918945,83623100
2005-04-29,MSFT,17.19199158925778,17.482210159301758,17.129803119507297,17.482210159301758,98641200
2005-05-02,MSFT,17.43383026123047,17.523660487010122,17.240352208111933,17.43383026123047,54376700
2005-05-03,MSFT,17.36473434301375,17.551303637806168,17.337095179694884,17.523664474487305,67867800
2005-05-04,MSFT,17.509851339804776,17.55131076059375,17.35092246180436,17.420021057128906,86864200
2005-05-05,MSFT,17.41310122295085,17.502930130760113,17.3301811159212,17.43383026123047,59362300
2005-05-06,MSFT,17.502933755853398,17.60658292262981,17.40619470925817,17.426923751831055,64322600
2005-05-09,MSFT,17.433832802611423,17.50293268221396,17.309453282920973,17.350914001464844,61872400
2005-05-10,MSFT,17.302550941628088,17.330190113006775,17.15053088614655,17.205810546875,62235100
2005-05-11,MSFT,17.198891097048776,17.254170727797376,17.026142086213106,17.212711334228516,59463300
2005-05-12,MSFT,17.16434496932925,17.35091425155406,17.157434849472338,17.274904251098633,74540700
2005-05-13,MSFT,17.295642114107977,17.537489824168652,17.268001622688946,17.482210159301758,77204300
2005-05-16,MSFT,17.48913208448165,17.676293152827864,17.461405253329133,17.669361114501953,50577300
2005-05-17,MSFT,17.54458925615807,17.676295356467442,17.50299834316874,17.64856719970703,39983200
2005-05-18,MSFT,17.67629752767548,17.91198160048327,17.62084252949432,17.8149356842041,71182400
2005-05-19,MSFT,17.84959948990198,18.057555459952734,17.81494060227746,17.96744155883789,52120800
2005-05-20,MSFT,17.93970681140799,17.96743496905941,17.835728864517808,17.842660903930664,64444500
2005-05-23,MSFT,17.84265987323921,18.071411872044152,17.84265987323921,17.91891098022461,75421100
2005-05-24,MSFT,17.884249171296933,17.939704156240833,17.828794186353033,17.849590301513672,61287700
2005-05-25,MSFT,17.801066475108158,17.86345349535535,17.67629243461377,17.821861267089844,35749000
2005-05-26,MSFT,17.849600955412303,18.02289805206679,17.83573687036348,17.95357894897461,50579200
2005-05-27,MSFT,17.905049949352716,18.085279027894057,17.891185868968424,18.071414947509766,54978000
2005-05-31,MSFT,18.01596057953012,18.043688741270486,17.84959557554247,17.884254455566406,46131100
2005-06-01,MSFT,17.835728860011905,18.022889957657746,17.752547031381305,17.891183853149414,54621000
2005-06-02,MSFT,17.82187253326967,17.92585184751338,17.773349558436955,17.877328872680664,27212500
2005-06-03,MSFT,17.814936313540667,17.89118611238873,17.5653881518341,17.627775192260742,79659500
2005-06-06,MSFT,17.593116173923303,17.67629934080319,17.54459321080653,17.586185455322266,40756900
2005-06-07,MSFT,17.558455370821605,17.9050494376141,17.544591290833562,17.683229446411133,54511400
2005-06-08,MSFT,17.710963087712578,17.759487386310827,17.565394158373678,17.606985092163086,45369700
2005-06-09,MSFT,17.606978328628326,17.75254852419992,17.57231945080965,17.683229446411133,52767900
2005-06-10,MSFT,17.669366111828005,17.690162232687385,17.5653881518341,17.627775192260742,39459800
2005-06-13,MSFT,17.579252104867358,17.669365983634552,17.509933024657176,17.544591903686523,49104100
2005-06-14,MSFT,17.544592041588725,17.634707243215722,17.49606908170565,17.579252243041992,44243300
2005-06-15,MSFT,17.606971721481408,17.61390375887413,17.405947925696182,17.509925842285156,50764800
2005-06-16,MSFT,17.482204164549696,17.48913620450863,17.295044374264183,17.357431411743164,65918800
2005-06-17,MSFT,17.516864364344368,17.530728444262238,17.274248254387377,17.357431411743164,90821300
2005-06-20,MSFT,17.31583347126902,17.523790635119088,17.281174605036174,17.405948638916016,50538900
2005-06-21,MSFT,17.385166137853485,17.46141728984889,17.35743928758827,17.43368911743164,81084000
2005-06-22,MSFT,17.405961126532805,17.509939121979624,17.350506107484374,17.378232955932617,60492700
2005-06-23,MSFT,17.44754598468316,17.759481184553238,17.433681904210825,17.544591903686523,105159800
2005-06-24,MSFT,17.482204164549696,17.606978239507658,17.357431411743164,17.357431411743164,57970700
2005-06-27,MSFT,17.378226797061448,17.50300087623827,17.350499958439638,17.364362716674805,61636200
2005-06-28,MSFT,17.392097041232713,17.468348188231285,17.350506107484374,17.378232955932617,53058100
2005-06-29,MSFT,17.482207551066715,17.551526641932586,17.329706608883154,17.392093658447266,55859900
2005-06-30,MSFT,17.37129863556516,17.426753647342355,17.20493360023358,17.21879768371582,82018200
2005-07-01,MSFT,17.22572843783095,17.322774370648897,17.100954340121202,17.128681182861328,69718400
2005-07-05,MSFT,17.094019769747803,17.461409967296767,17.06629293111001,17.315839767456055,61883500
2005-07-06,MSFT,17.308909695938524,17.385160824630187,17.114817836943935,17.121749877929688,64214600
2005-07-07,MSFT,17.038558966478305,17.12867281404501,16.983103985940865,17.087081909179688,80082900
2005-07-08,MSFT,17.080158410626694,17.412889782352533,17.07322636932494,17.392093658447266,56104000
2005-07-11,MSFT,17.43367067110737,17.593103527356774,17.40594385017952,17.530717849731445,61525400
2005-07-12,MSFT,17.49606803102746,17.759480257647805,17.4683411936814,17.752548217773438,63384800
2005-07-13,MSFT,17.697090880286275,17.849591770898144,17.66243068549864,17.78720474243164,44749200
2005-07-14,MSFT,17.87731773461938,18.09220562734829,17.87731773461938,18.002090454101562,69506800
2005-07-15,MSFT,18.050625966884304,18.092216899290648,17.849600702975167,17.877328872680664,56472800
2005-07-18,MSFT,17.821868490192042,17.877324817022185,17.71095848083496,17.71095848083496,39668000
2005-07-19,MSFT,17.877325411922858,18.196191368897413,17.84959724758508,18.133804321289062,113290100
2005-07-20,MSFT,18.022888328781743,18.182321254373907,17.93970518551776,18.15459442138672,71424800
2005-07-21,MSFT,18.230848872477914,18.355622958251857,18.022892944289044,18.327896118164062,112932100
2005-07-22,MSFT,18.015953323278072,18.25856935218221,17.766405256730845,17.80106544494629,97558900
2005-07-25,MSFT,17.808002471923828,17.953571336760287,17.780274313582773,17.808002471923828,45174600
2005-07-26,MSFT,17.828796099102632,17.84266017736379,17.697091322075476,17.704023361206055,51476400
2005-07-27,MSFT,17.75254659935487,17.884251378506704,17.697091607566914,17.82879638671875,57977300
2005-07-28,MSFT,17.849590301513672,17.91890936323133,17.787203278182893,17.849590301513672,44738700
2005-07-29,MSFT,17.87039025133487,18.022891162116736,17.7386841380247,17.752548217773438,59524400
2005-08-01,MSFT,17.89119041948177,18.057555459952734,17.856531531857247,17.96744155883789,61346800
2005-08-02,MSFT,17.95357237891095,18.64676051185849,17.932777581099444,18.584373474121094,137510100
2005-08-03,MSFT,18.549713676993353,19.014149755936376,18.52891755806108,18.889375686645508,139422400
2005-08-04,MSFT,18.82698864589752,19.062672705114682,18.75073753198862,18.937898635864258,91461400
2005-08-05,MSFT,18.917108558889915,19.367680670816007,18.889380393404394,19.24290657043457,82212400
2005-08-08,MSFT,19.27063824594219,19.29836641838064,18.771543041418425,18.806201934814453,77207200
2005-08-09,MSFT,18.868581164508456,19.069606364745137,18.723012286117605,18.958696365356445,64761800
2005-08-10,MSFT,19.000281376413987,19.062668396939692,18.612096499260424,18.681415557861328,62818800
2005-08-11,MSFT,18.70221501597587,18.924035001120064,18.63982797988514,18.903240203857422,48646800
2005-08-12,MSFT,18.771536172989148,18.813127094276837,18.646762086974533,18.75074005126953,52006500
2005-08-15,MSFT,18.757690247354624,18.980168203492617,18.556070096882028,18.861976623535156,45976600
2005-08-16,MSFT,18.792455160915253,18.868931137290744,18.563024579642075,18.59083366394043,46894600
2005-08-17,MSFT,18.6464548711493,18.87588547349398,18.535215871592694,18.73683738708496,52413100
2005-08-18,MSFT,18.695116926669343,18.827213701714424,18.632544839862362,18.64645004272461,40861900
2005-08-19,MSFT,18.667309686496367,18.709023973120505,18.56302330689939,18.576927185058594,36043500
2005-08-22,MSFT,18.625597752881944,18.88979003630845,18.611692546892805,18.709026336669922,41691700
2005-08-23,MSFT,18.660357479464572,18.820263353303744,18.590832782903494,18.681215286254883,48296700
2005-08-24,MSFT,18.660359380570565,18.8828373713733,18.61864508881341,18.639501571655273,63645000
2005-08-25,MSFT,18.70206936676871,18.83416614067427,18.667307685986096,18.792451858520508,39306300
2005-08-26,MSFT,18.813312150220774,18.8272173557818,18.681216675611164,18.75074005126953,36774600
2005-08-29,MSFT,18.639496159608186,18.931498769271087,18.639496159608186,18.875879287719727,52307700
2005-08-30,MSFT,18.813310061685872,18.931501643686957,18.74378536767231,18.896739959716797,55163200
2005-08-31,MSFT,18.889783136364727,19.077499370429997,18.799401982596052,19.035783767700195,65210200
2005-09-01,MSFT,19.035791224942365,19.042743828121004,18.875885330054075,18.910648345947266,75974500
2005-09-02,MSFT,18.917593102044922,18.959308706737136,18.750734661495095,18.785497665405273,52047500
2005-09-06,MSFT,18.81331693182707,18.97322418427427,18.75769742152005,18.771602630615234,46089000
2005-09-07,MSFT,18.72989046610905,18.84808210475399,18.646460528093968,18.66731834411621,44656100
2005-09-08,MSFT,18.6325475095245,18.688167002869488,18.437879945853698,18.500452041625977,52552300
2005-09-09,MSFT,18.50739795458878,18.646445974655943,18.44482588143306,18.47958755493164,41515800
2005-09-12,MSFT,18.507404644053263,18.597785823461376,18.437879945853698,18.500452041625977,40550500
2005-09-13,MSFT,18.451776477523843,18.604729680809186,18.333584943962038,18.41006088256836,63422900
2005-09-14,MSFT,18.437877821235844,18.521306388603097,18.284923237607263,18.2918758392334,54969600
2005-09-15,MSFT,18.333593300725937,18.375307588622807,18.229305591873818,18.264068603515625,60357200
2005-09-16,MSFT,18.31273150252259,18.35444578132792,18.055490576731493,18.125015258789062,187384300
2005-09-19,MSFT,18.13891751480892,18.264061656975592,17.979011700294976,18.076345443725586,61832300
2005-09-20,MSFT,18.12501470707381,18.229301063949237,17.860822514584534,17.96510887145996,61043400
2005-09-21,MSFT,17.93730039239377,18.006825079789877,17.680060772923223,17.72177505493164,68281800
2005-09-22,MSFT,17.721780986090252,17.798258300428852,17.48539776547418,17.617494583129883,71314900
2005-09-23,MSFT,17.596639583176586,17.756546841072847,17.46454407049215,17.568830490112305,66396800
2005-09-26,MSFT,17.659211700163432,17.721783817150282,17.527114861405224,17.568830490112305,56203700
2005-09-27,MSFT,17.63835239415138,17.693971897468483,17.58968416843455,17.617494583129883,48797900
2005-09-28,MSFT,17.65224548572393,17.985963627719304,17.645292886299785,17.846914291381836,71019400
2005-09-29,MSFT,17.80520311983721,18.07634791420696,17.728725838933748,18.03463363647461,66807100
2005-09-30,MSFT,18.01377598096576,18.041586383728657,17.805203264536004,17.88863182067871,57644500
2005-10-03,MSFT,17.874733757333804,17.888638964268107,17.687018768014738,17.72873306274414,55341300
2005-10-04,MSFT,17.631398278797683,17.652254761957426,17.207298773570226,17.367204666137695,151666300
2005-10-05,MSFT,17.40892488493154,17.415876163772708,17.151683807373047,17.151683807373047,73684700
2005-10-06,MSFT,17.144726811408837,17.346348324082793,17.05434562281002,17.19339370727539,81724600
2005-10-07,MSFT,17.22119631737075,17.269863191187707,17.04738529598285,17.096052169799805,50768700
2005-10-10,MSFT,17.151670578594675,17.158623178147224,16.92919269720424,17.00566864013672,48880900
2005-10-11,MSFT,17.040433796913792,17.068242872574604,16.859670163863207,16.970909118652344,76567300
2005-10-12,MSFT,17.026536514790998,17.17253853965032,16.873583212338264,16.894439697265625,71294400
2005-10-13,MSFT,16.901383348459127,17.193385917433716,16.873574274594947,17.096052169799805,70192000
2005-10-14,MSFT,17.179492900959108,17.193398110789037,17.03349217596625,17.151683807373047,53846700
2005-10-17,MSFT,17.15862672525001,17.16557932623983,16.991768279713508,17.054340362548828,46924400
2005-10-18,MSFT,17.026533825834118,17.26291700888558,16.9987247416316,17.0821533203125,69328200
2005-10-19,MSFT,17.07520171566876,17.443681716918945,17.033487423890406,17.443681716918945,66574500
2005-10-20,MSFT,17.415863997042365,17.471483471432492,17.200338699539728,17.2351016998291,58830600
2005-10-21,MSFT,17.318543985801796,17.38111610988329,17.082160700621472,17.22816276550293,69431200
2005-10-24,MSFT,17.30463010361445,17.450632095336914,17.158629437965246,17.450632095336914,51868000
2005-10-25,MSFT,17.346342798988314,17.471485637325067,17.26291291402411,17.401962280273438,41310500
2005-10-26,MSFT,17.360247382980276,17.610535722010567,17.332438304239737,17.457582473754883,58178100
2005-10-27,MSFT,17.534056913620272,17.568819916621326,17.276817321777344,17.276817321777344,61566100
2005-10-28,MSFT,17.450623366037355,17.798245340157333,17.450623366037355,17.74957847595215,106559300
2005-10-31,MSFT,17.80521238791663,17.937307890507075,17.728735067204724,17.86778450012207,75122100
2005-11-01,MSFT,17.805209451686775,18.145879047473937,17.805209451686775,18.04854393005371,71370400
2005-11-02,MSFT,18.02767782554932,18.423966708619687,18.02767782554932,18.396156311035156,75067100
2005-11-03,MSFT,18.493494511247413,18.52130358747298,18.250158795427126,18.38225555419922,73421600
2005-11-04,MSFT,18.444832292305176,18.56997515603969,18.38921279973207,18.535213470458984,57464000
2005-11-07,MSFT,18.576918271186962,18.827206522981037,18.563014399699334,18.778539657592773,77104800
2005-11-08,MSFT,18.729880464291668,18.89673892514499,18.611688888761417,18.80635643005371,60091700
2005-11-09,MSFT,18.757691062535525,18.875882647629414,18.729881979846343,18.743785858154297,59562100
2005-11-10,MSFT,18.729881104629225,18.875881765589916,18.521307026876958,18.83416748046875,73314800
2005-11-11,MSFT,18.875884122612774,19.0427426100062,18.861978917144977,18.966266632080078,51945600
2005-11-14,MSFT,19.021882695151643,19.077502180912248,18.910643723630425,19.02883529663086,67152200
2005-11-15,MSFT,19.05672441191167,19.20315438039093,19.00094188343395,19.175262451171875,65081000
2005-11-16,MSFT,19.161323419276002,19.440236162577374,19.133432809926298,19.34261703491211,86277000
2005-11-17,MSFT,19.41931566965688,19.52390776670064,19.356560145438486,19.502988815307617,91351000
2005-11-18,MSFT,19.607578764733475,19.698224878104995,19.454175808313376,19.57271385192871,75431200
2005-11-21,MSFT,19.572717725833826,19.691255792910653,19.412343085071264,19.635473251342773,65794400
2005-11-22,MSFT,19.565743214074338,19.579689180867494,19.426287536024585,19.461151123046875,104253300
2005-11-23,MSFT,19.468124389648438,19.586662449193444,19.34261334660542,19.468124389648438,70541300
2005-11-25,MSFT,19.384446537889325,19.482066959880452,19.15434344241658,19.356555938720703,44082500
2005-11-28,MSFT,19.377478421034358,19.41931499240066,19.19618483849954,19.349586486816406,57517200
2005-11-29,MSFT,19.37748275629894,19.37748275629894,19.24499869904466,19.30078125,62220400
2005-11-30,MSFT,19.30078125,19.363536786069872,19.265916324427337,19.30078125,55904700
2005-12-01,MSFT,19.3356395186691,19.593634576985828,19.3356395186691,19.44720458984375,61006100
2005-12-02,MSFT,19.39839973621652,19.593639323044233,19.377482111529858,19.5308837890625,42319600
2005-12-05,MSFT,19.475092139120537,19.5378476437762,19.32168920331325,19.419309616088867,47517300
2005-12-06,MSFT,19.45417360718958,19.468119570733585,19.300771998086397,19.3077449798584,65980000
2005-12-07,MSFT,19.293803948341125,19.349586486816406,19.210129475647893,19.349586486816406,55583200
2005-12-08,MSFT,19.321689613442118,19.39141810120185,19.244989473870667,19.3077449798584,63931600
2005-12-09,MSFT,19.321697235107422,19.40537171941752,19.272887673410203,19.321697235107422,48467000
2005-12-12,MSFT,19.314720510282797,19.349584093782905,19.056725470516422,19.140399932861328,63757200
2005-12-13,MSFT,19.028831310600744,19.12645039011098,18.826618840232165,18.917264938354492,104285500
2005-12-14,MSFT,18.82662017964985,18.993967754984833,18.722028111310525,18.889375686645508,65076200
2005-12-15,MSFT,18.882408590860205,18.903327543033132,18.694142011186035,18.770843505859375,79018100
2005-12-16,MSFT,18.74294719310012,18.882404181767935,18.694137646054507,18.756893157958984,88542500
2005-12-19,MSFT,18.701097777367178,18.735962665555704,18.582559817445183,18.708070755004883,68680100
2005-12-20,MSFT,18.659273506649747,18.742946633383397,18.596517996619326,18.729001998901367,62960600
2005-12-21,MSFT,18.735983349258568,18.763873960639902,18.624416913850336,18.638362884521484,75800900
2005-12-22,MSFT,18.624410286429832,18.673221166409704,18.422199103498052,18.54073715209961,91276900
2005-12-23,MSFT,18.491924642124648,18.596516708275885,18.43614211817997,18.575597763061523,30689200
2005-12-27,MSFT,18.603489530631748,18.72202755924367,18.443114941909815,18.45008659362793,37819000
2005-12-28,MSFT,18.48495199452393,18.58954406256579,18.373386944617902,18.401277542114258,35444400
2005-12-29,MSFT,18.415230819282172,18.477986351022132,18.310638709702516,18.317611694335938,34495500
2005-12-30,MSFT,18.233936309814453,18.345501398527688,18.199072718326853,18.233936309814453,49044600
2006-01-03,MSFT,18.30365883687266,18.826620517926166,18.199066766654024,18.715055465698242,79973000
2006-01-04,MSFT,18.666250340848897,18.882407514470902,18.666250340848897,18.805706024169922,57975600
2006-01-05,MSFT,18.798737416220643,18.91727550611353,18.763873819765482,18.819656372070312,48245500
2006-01-06,MSFT,18.749928083214574,18.826629592326377,18.47101531820934,18.763874053955078,100963000
2006-01-09,MSFT,18.777811544489392,18.875430635665438,18.659273506649747,18.729001998901367,55625000
2006-01-10,MSFT,18.582580469956156,18.84057560944671,18.540743887592622,18.826629638671875,64921900
2006-01-11,MSFT,18.83359765453161,19.09856437953316,18.756896165469833,19.028837203979492,70120700
2006-01-12,MSFT,19.00094158649805,19.007914568693845,18.805702074896928,18.924240112304688,45994800
2006-01-13,MSFT,18.847547070107048,19.00094874633744,18.833601100460413,18.9591121673584,41418000
2006-01-17,MSFT,18.75690083448226,18.95911341781287,18.75690083448226,18.819656372070312,58566600
2006-01-18,MSFT,18.64531528622503,18.812662759651467,18.61742470563371,18.708070755004883,52376200
2006-01-19,MSFT,18.735974564062793,18.99396825070241,18.72202859993083,18.840566635131836,60367600
2006-01-20,MSFT,18.833591739701774,18.833591739701774,18.310630107525547,18.41522216796875,79165900
2006-01-23,MSFT,18.41522294300264,18.498897392854897,18.338521474801425,18.37338638305664,47925600
2006-01-24,MSFT,18.36642153942095,18.443123041607993,18.282747052493193,18.3245849609375,63040700
2006-01-25,MSFT,18.415219974545582,18.526785003057935,18.289708984979175,18.408246994018555,59072100
2006-01-26,MSFT,18.519825781060202,18.631390892455183,18.345505128260417,18.477989196777344,69509300
2006-01-27,MSFT,18.98699482438023,19.48903888170139,18.959104226729227,19.377473831176758,134520700
2006-01-30,MSFT,19.39839187596018,19.64941391017263,19.37050127769232,19.523902893066406,103999200
2006-01-31,MSFT,19.46115047136041,19.788872700261674,19.433259868668657,19.628498077392578,94841300
2006-02-01,MSFT,19.496014001675597,19.572715486290377,19.35655832869301,19.55179786682129,68448800
2006-02-02,MSFT,19.502992498477756,19.516938468706822,19.210133773472,19.30078125,55073400
2006-02-03,MSFT,19.161317621271955,19.31472058114031,19.06369852314516,19.203155517578125,75022700
2006-02-06,MSFT,19.182234066385067,19.203153011808492,18.889375480258565,18.945158004760742,60170500
2006-02-07,MSFT,18.791763023329906,18.931218718795716,18.694142573547,18.7847900390625,72159500
2006-02-08,MSFT,18.833602577696627,18.88241214532742,18.624417006471976,18.763874053955078,51795200
2006-02-09,MSFT,18.798738079036216,18.84754897773978,18.58258084747873,18.589553833007812,52861700
2006-02-10,MSFT,18.561660257165954,18.74992551654735,18.484958758553777,18.610469818115234,52127000
2006-02-13,MSFT,18.568625116973298,18.61743599002245,18.366413962753736,18.401277542114258,46707000
2006-02-14,MSFT,18.41522345526368,18.603489975198123,18.373386894153903,18.582571029663086,58432900
2006-02-15,MSFT,18.61055399335101,18.841436749360728,18.540589238764223,18.806453704833984,62808900
2006-02-16,MSFT,18.78547088009997,18.82045260071389,18.589569775047575,18.757484436035156,48868500
2006-02-17,MSFT,18.659542613326245,18.757492540941982,18.58258119336092,18.680532455444336,41513200
2006-02-21,MSFT,18.694519458499112,18.694519458499112,18.428654866892852,18.568584442138672,50216100
2006-02-22,MSFT,18.561587417354005,18.792470277250555,18.51960774503296,18.69451904296875,43043100
2006-02-23,MSFT,18.701509418438363,18.813452505029076,18.568577837153676,18.65253448486328,47359100
2006-02-24,MSFT,18.603562818527326,18.708509313828923,18.554587876351054,18.631547927856445,44753800
2006-02-27,MSFT,18.715506780078115,19.072325947983884,18.659535224394883,18.925399780273438,51301500
2006-02-28,MSFT,18.85543864934073,19.100313401449398,18.799467086791992,18.799467086791992,65036100
2006-03-01,MSFT,18.876420182222276,19.03034292325468,18.85543168805736,18.98836326599121,53061200
2006-03-02,MSFT,18.904419335286843,18.960390914817133,18.820461298757547,18.869436264038086,41850300
2006-03-03,MSFT,18.75748601072731,19.002362078983392,18.708511063969535,18.84144401550293,45218800
2006-03-06,MSFT,18.834448317875708,18.995366389165014,18.77148014485515,18.827451705932617,53054100
2006-03-07,MSFT,18.82045282639122,18.960382379458995,18.757484660957434,18.932395935058594,51613900
2006-03-08,MSFT,18.88342260463332,19.240241794411197,18.86942938123798,19.065330505371094,57547400
2006-03-09,MSFT,19.07932929594972,19.184275833102827,18.890424728393555,18.890424728393555,45360700
2006-03-10,MSFT,18.93240176311308,19.04434490624046,18.806465393477893,19.009363174438477,41297200
2006-03-13,MSFT,19.01635738314737,19.093318784741296,18.84844268968846,18.967382431030273,40342600
2006-03-14,MSFT,18.91840278249042,19.15628087165434,18.883419729328796,19.051334381103516,39821800
2006-03-15,MSFT,19.030348903756753,19.20526019392192,18.897415949580402,19.142292022705078,57152000
2006-03-16,MSFT,19.128299672256798,19.226249572190316,19.044341661979995,19.07932472229004,73793700
2006-03-17,MSFT,19.135299290608433,19.352188960736385,19.07932771978614,19.240245819091797,120615000
2006-03-20,MSFT,19.38017565151057,19.583072097809108,19.359185811768985,19.513107299804688,67094100
2006-03-21,MSFT,19.408159255981445,19.743988658843236,19.366180914240577,19.408159255981445,73199600
2006-03-22,MSFT,18.946392099332282,19.240243138831307,18.75049096151049,18.9953670501709,145696100
2006-03-23,MSFT,18.946392860576157,18.960386085511516,18.65254180927054,18.78547477722168,73682900
2006-03-24,MSFT,18.687518934847954,19.037341465274615,18.62455210708084,18.89741325378418,69157600
2006-03-27,MSFT,18.89741325378418,19.10030962750878,18.8904166430396,18.89741325378418,59908600
2006-03-28,MSFT,18.897415034775392,19.037343259453394,18.757485475630215,18.820453643798828,58520500
2006-03-29,MSFT,18.855436371412907,19.030347650055077,18.83444653756767,18.90441131591797,53150300
2006-03-30,MSFT,18.911406171858097,19.163277482286666,18.89041633996112,19.051334381103516,54612000
2006-03-31,MSFT,19.10031214943004,19.26822816053673,19.037343978881836,19.037343978881836,62190500
2006-04-03,MSFT,19.359182237496388,19.401160574761597,19.198264165923682,19.2822208404541,57605300
2006-04-04,MSFT,19.310204968742532,19.450133187640876,19.21925035871484,19.33819007873535,45470000
2006-04-05,MSFT,19.506109164865947,19.548088841074236,19.33819446343505,19.408159255981445,41539300
2006-04-06,MSFT,19.352185625540972,19.394163962806182,19.149289216703057,19.2822208404541,51885500
2006-04-07,MSFT,19.317203188618354,19.394163248358282,19.05133728197575,19.065330505371094,47249400
2006-04-10,MSFT,19.05133736149909,19.198263538829032,19.030348860785697,19.09331703186035,39432000
2006-04-11,MSFT,19.093317287916005,19.11430578891087,18.890419548517276,18.981372833251953,42953400
2006-04-12,MSFT,18.960377344097633,19.03034210205078,18.869422758418516,19.03034210205078,32183000
2006-04-13,MSFT,18.946392516881772,19.03035053050351,18.890420952623067,18.939395904541016,28160000
2006-04-17,MSFT,18.911401989373772,18.92539387307692,18.70150772022574,18.77846908569336,35796200
2006-04-18,MSFT,18.84844790043565,19.24024896015512,18.764489863261904,19.044347763061523,56272700
2006-04-19,MSFT,18.96738285112637,19.02335441685235,18.862434997731192,18.91141128540039,45111100
2006-04-20,MSFT,18.925403175981344,19.02335441685235,18.6805284099723,18.91141128540039,45648300
2006-04-21,MSFT,18.925402262772593,19.16328173924644,18.890420536307104,18.9953670501709,58528000
2006-04-24,MSFT,18.939395981553442,19.065332335264465,18.876427804697933,18.967382431030273,42318400
2006-04-25,MSFT,18.95338920629186,19.037345885787634,18.904414254174764,18.967382431030273,49222500
2006-04-26,MSFT,18.94639114522803,19.05133765380692,18.890419585021473,18.960384368896484,39190000
2006-04-27,MSFT,18.86942938123798,19.331195077546468,18.84844088061219,19.065330505371094,96509600
2006-04-28,MSFT,16.952404444387447,17.14130898613954,16.791486353769344,16.896432876586914,591052200
2006-05-01,MSFT,17.015375180008327,17.491134244986792,16.854457065226683,16.994386672973633,174800900
2006-05-02,MSFT,17.13430840930879,17.49112757191185,16.721517691854302,16.798479080200195,190533500
2006-05-03,MSFT,16.784490010185937,16.805479848873077,16.196787871620682,16.21078109741211,211527100
2006-05-04,MSFT,16.33672052728894,16.560606844109287,16.189794297833267,16.399688720703125,171257400
2006-05-05,MSFT,16.553608005533185,16.75650578692985,16.455658088703085,16.65155792236328,131604300
2006-05-08,MSFT,16.686531371144547,17.49112275078741,16.448651994976494,16.60257339477539,80693500
2006-05-09,MSFT,16.6165670382551,16.79147827023673,16.434659196858185,16.52561378479004,75345900
2006-05-10,MSFT,16.56059896164027,16.644556957719658,16.50462740907637,16.630563735961914,76563300
2006-05-11,MSFT,16.588580085853522,16.644552959438943,16.196779312022873,16.24575424194336,92916700
2006-05-12,MSFT,16.18979125872497,16.35071068639144,16.126823077131018,16.21078109741211,83115900
2006-05-15,MSFT,16.224832489224315,16.31614047936919,16.17566654532542,16.259950637817383,67314800
2006-05-16,MSFT,16.266969215349516,16.856963028521452,16.091375850469085,16.16161346435547,82095100
2006-05-17,MSFT,16.07733310415625,16.210784478444765,15.964953422546385,15.964953422546387,98598300
2006-05-18,MSFT,16.042204938705808,16.252916375230708,15.986015132987795,16.035181045532227,95476400
2006-05-19,MSFT,16.00709076492892,16.084350929573873,15.817449621428532,15.84554386138916,100071200
2006-05-22,MSFT,15.789353868381378,16.168636151216464,15.768283523560067,16.070302963256836,87322300
2006-05-23,MSFT,16.231843074698332,16.42148279711227,15.993036109037412,16.007083892822266,79986300
2006-05-24,MSFT,16.147564844927437,16.533871031641226,16.14054094993217,16.505775451660156,107356700
2006-05-25,MSFT,16.5549395864673,16.800770526030025,16.533869243431333,16.67434310913086,83052700
2006-05-26,MSFT,16.69540540113132,16.772665514924576,16.547906384489487,16.66028594970703,46861600
2006-05-30,MSFT,16.540899845576416,16.688399016944594,16.25292674016447,16.259950637817383,52497500
2006-05-31,MSFT,16.337203452886396,16.40041715835289,15.9087553024292,15.9087553024292,120202000
2006-06-01,MSFT,15.971968378518024,16.04220597512094,15.887684334331107,16.02815818786621,80230800
2006-06-02,MSFT,16.06328063909993,16.14756469893916,15.922805419806572,15.986019134521484,73935600
2006-06-05,MSFT,15.957923617110806,15.964947512070001,15.79637805206229,15.803401947021484,63914100
2006-06-06,MSFT,15.83852068969923,15.845544584927856,15.438168039364841,15.543523788452148,126601300
2006-06-07,MSFT,15.557574437127696,15.726143934570974,15.459242565203603,15.480314254760742,73827500
2006-06-08,MSFT,15.473281596735415,15.59970764347762,15.431138241484158,15.529471397399902,104126900
2006-06-09,MSFT,15.557572188907452,15.585667770923553,15.374954924816048,15.396026611328125,52573800
2006-06-12,MSFT,15.424111249360969,15.522444385515993,15.24149543865218,15.248517990112305,74309700
2006-06-13,MSFT,15.262580666088153,15.473293586609119,15.072939439520752,15.10805892944336,113175300
2006-06-14,MSFT,15.164239986435351,15.410070914755872,15.136144410777792,15.367927551269531,86081500
2006-06-15,MSFT,15.459237939901458,15.543521993570224,15.311738836474799,15.50137996673584,121577300
2006-06-16,MSFT,15.431151595109943,15.648888433319044,15.30472543896258,15.5224609375,147506500
2006-06-19,MSFT,15.550547991995165,15.87364048056257,15.536501540930455,15.838521003723145,129640900
2006-06-20,MSFT,15.831497411244332,15.986019080205217,15.80340183161273,15.84554386138916,90598500
2006-06-21,MSFT,15.88066788750069,16.259948943536564,15.824478051803844,16.210783004760742,91660300
2006-06-22,MSFT,16.196730390868534,16.273991894335893,16.000066694291192,16.070302963256836,76590600
2006-06-23,MSFT,16.049232911909346,16.063280701827736,15.803401947021483,15.803401947021484,60532600
2006-06-26,MSFT,15.908754675542472,16.077324103587035,15.894706888287743,16.02815818786621,53644100
2006-06-27,MSFT,16.077321864155355,16.266962946666652,16.042203740580913,16.056251525878906,84759100
2006-06-28,MSFT,16.126494448994034,16.330183401125467,16.091376310881557,16.266969680786133,71906500
2006-06-29,MSFT,16.379345427710373,16.597080779405207,16.309107828549553,16.48470115661621,121395500
2006-06-30,MSFT,16.533870015033152,16.61113017588867,16.365299224853516,16.365299224853516,73048800
2006-07-03,MSFT,16.52684624200422,16.66029622067734,16.470656424754768,16.646249771118164,25711400
2006-07-05,MSFT,16.491725270236977,16.51982084614396,16.365297857997124,16.40041732788086,53093500
2006-07-06,MSFT,16.470657483450918,16.583037125173323,16.44958579825134,16.491727828979492,44775200
2006-07-07,MSFT,16.428512936253153,16.54089256992564,16.365299224853516,16.365299224853516,63168800
2006-07-10,MSFT,16.45660952636427,16.61815509224246,16.421490051387934,16.505775451660156,50565100
2006-07-11,MSFT,16.414466034367365,16.414466034367365,15.971970066766367,16.224824905395508,88676300
2006-07-12,MSFT,16.007090480513032,16.070302854219022,15.887686948542251,15.9017333984375,77379300
2006-07-13,MSFT,15.712091969790324,15.880661408103606,15.627806580798278,15.634830474853516,73099500
2006-07-14,MSFT,15.64888373440935,15.838523581522846,15.613764251854054,15.65590763092041,67499400
2006-07-17,MSFT,15.655899609645804,15.880658824159578,15.634827930908665,15.789349555969238,37053500
2006-07-18,MSFT,15.866609134418272,15.986012620259697,15.789347661323694,15.971964836120605,65047300
2006-07-19,MSFT,16.028158958626292,16.477677455028182,15.957921358645798,16.435535430908203,82188200
2006-07-20,MSFT,16.463632896728726,16.47065679150017,16.000066559180993,16.049232482910156,76605200
2006-07-21,MSFT,16.913153304988693,16.962319234125548,16.154590001961683,16.765655517578125,175483800
2006-07-24,MSFT,16.86398991527843,16.93422754162384,16.709468209055558,16.856966018676758,59586700
2006-07-25,MSFT,16.856953022285346,17.060641847679687,16.78671545009177,17.011474609375,60075800
2006-07-26,MSFT,16.94124890017606,17.22922191934547,16.927201109077284,17.11684226989746,54942100
2006-07-27,MSFT,17.264340044161774,17.27838783524976,16.69541790180929,16.765655517578125,85386800
2006-07-28,MSFT,16.91315867305618,17.053633949179297,16.899110877509564,17.032562255859375,51705800
2006-07-31,MSFT,16.906123242957623,17.151954138646488,16.863981224736005,16.899099349975586,40254400
2006-08-01,MSFT,16.87101103264726,16.99743847130782,16.751607489431297,16.849939346313477,49168700
2006-08-02,MSFT,16.941250431883216,17.137914166362616,16.878036705894488,17.067676544189453,46462000
2006-08-03,MSFT,16.9904091196989,17.19409666349726,16.962313546942905,17.00445556640625,43155300
2006-08-04,MSFT,17.13791577983221,17.20112951177227,16.962322377703455,17.06065559387207,45690400
2006-08-07,MSFT,17.0536179564933,17.19409176121019,16.99040427548611,17.011474609375,36862400
2006-08-08,MSFT,17.13088993010461,17.22219923901846,16.997439924263112,17.09577178955078,58171300
2006-08-09,MSFT,17.201124222014382,17.30647996295795,17.095768481070813,17.166006088256836,44405700
2006-08-10,MSFT,17.11684513445368,17.27839074011146,17.095773444279107,17.180057525634766,31753400
2006-08-11,MSFT,17.158977508544922,17.173025294080755,16.997431993894534,17.158977508544922,30255500
2006-08-14,MSFT,17.222199355250368,17.278389184318428,17.10279580102184,17.229223251342773,47831900
2006-08-15,MSFT,17.30676511107397,17.37726137041812,17.229220435939293,17.35611343383789,48994500
2006-08-16,MSFT,17.34906722098729,17.433661673814722,17.250371899882506,17.412513732910156,52373600
2006-08-17,MSFT,17.412513732910156,17.44776119748749,17.34906722098729,17.412513732910156,45674800
2006-08-18,MSFT,17.65925545717859,18.187975696550463,17.60990844997403,18.180927276611328,128414800
2006-08-21,MSFT,18.089263488661487,18.420594021370622,18.01876725872659,18.413545608520508,88398300
2006-08-22,MSFT,18.336009171452773,18.505199404657102,18.06107521057129,18.06107521057129,89312400
2006-08-23,MSFT,18.082215867337766,18.293704582126527,17.990571698818705,18.096315383911133,44648500
2006-08-24,MSFT,18.20206285585916,18.230261894872573,17.976475922168614,18.145666122436523,35933300
2006-08-25,MSFT,18.124521692150676,18.328960745880295,18.110423513476377,18.223217010498047,33115900
2006-08-28,MSFT,18.216153290517777,18.328946701110173,18.110409636162842,18.293699264526367,34190900
2006-08-29,MSFT,18.27256037257712,18.314857589418462,18.068121359402795,18.216163635253906,42711200
2006-08-30,MSFT,18.223214195819143,18.251411893416993,18.07517191346633,18.187965393066406,30283100
2006-08-31,MSFT,18.237313023189554,18.314857697087163,18.103370267032897,18.117469787597656,26380500
2006-09-01,MSFT,18.25141109185431,18.307807829177527,18.07517111964373,18.216163635253906,31594600
2006-09-05,MSFT,18.110420481745656,18.300758635728787,18.01877494037941,18.05402374267578,44222400
2006-09-06,MSFT,17.983527482687357,18.13156841851916,17.983527482687357,18.05402374267578,50160400
2006-09-07,MSFT,17.96237337901543,18.117465378273835,17.89892689651953,17.927125930786133,51266900
2006-09-08,MSFT,17.99763100723817,18.18092078613976,17.948282673045547,18.046977996826172,36866800
2006-09-11,MSFT,17.927137624184365,18.293717241136665,17.92008786101934,18.265518188476562,55608200
2006-09-12,MSFT,18.258462305118528,18.31485904692984,18.131569299891975,18.279611587524414,52248800
2006-09-13,MSFT,18.20206021771551,18.39944942838792,18.20206021771551,18.31485366821289,37706700
2006-09-14,MSFT,18.321907537171654,18.681437245513294,18.314857776858567,18.561594009399414,74324500
2006-09-15,MSFT,18.737831686528295,18.99161764827312,18.674385196092093,18.928171157836914,126057700
2006-09-18,MSFT,18.850626901381958,19.062115670703236,18.801279925254935,18.885875701904297,49135000
2006-09-19,MSFT,18.850632545798565,18.991625100896606,18.836533021367828,18.93522834777832,43039100
2006-09-20,MSFT,19.040963441874204,19.196054106343766,19.026863923848595,19.16080665588379,71676400
2006-09-21,MSFT,19.203103476386843,19.21015323525685,18.928169603476636,18.963417053222656,58495100
2006-09-22,MSFT,18.91407465533085,18.928174176477278,18.667338413685783,18.794231414794922,47712500
2006-09-25,MSFT,18.899977171293187,19.167862723531577,18.88587899323155,18.998672485351562,67903900
2006-09-26,MSFT,18.970474351701817,19.25950785722527,18.949325066686242,19.17491340637207,54766500
2006-09-27,MSFT,19.160814986634087,19.365252708474785,19.11851775877129,19.344104766845703,66233900
2006-09-28,MSFT,19.365243955551332,19.400492750008702,19.21720305264245,19.31589698791504,44179700
2006-09-29,MSFT,19.280658721923828,19.330005713065336,19.181963395036153,19.280658721923828,34283500
2006-10-02,MSFT,19.25950352008764,19.37934675231208,19.139660287863205,19.287702560424805,52908100
2006-10-03,MSFT,19.294748306274414,19.372292961860094,19.181953512996753,19.294748306274414,39386200
2006-10-04,MSFT,19.308850247473682,19.710677154875004,19.294752072090866,19.696578979492188,82191200
2006-10-05,MSFT,19.682476043701172,19.81641877112454,19.583782110128162,19.682476043701172,81967200
2006-10-06,MSFT,19.569687939956644,19.738878162857183,19.492141916900593,19.647233963012695,36452200
2006-10-09,MSFT,19.597877736294155,19.689523243791637,19.470986128734587,19.541481018066406,33366300
2006-10-10,MSFT,19.520334243774414,19.562631448796232,19.344094320812285,19.520334243774414,34598500
2006-10-11,MSFT,19.358194670407915,19.50623692154382,19.329996978755965,19.414592742919922,37219600
2006-10-12,MSFT,19.442798389002824,19.943320730487965,19.414600685814644,19.893972396850586,120174900
2006-10-13,MSFT,19.978564615650242,20.22530086120586,19.957415333595407,19.999713897705078,129751900
2006-10-16,MSFT,20.07725640990027,20.161852184388227,19.971512700243487,20.056108474731445,49744800
2006-10-17,MSFT,19.908062615633067,20.098402065455094,19.858715649665278,20.049055099487305,40122600
2006-10-18,MSFT,20.09135778475772,20.232350307053895,19.922167564764912,20.105457305908203,40630800
2006-10-19,MSFT,19.985614633379388,20.05611089653116,19.823474169353382,19.943317413330078,44730800
2006-10-20,MSFT,20.077262541465636,20.084312303542973,19.85872529548678,20.042015075683594,48887800
2006-10-23,MSFT,19.950363420470442,20.22529867910314,19.865768990586705,20.056108474731445,48525000
2006-10-24,MSFT,20.0420115762707,20.0420115762707,19.83052278469131,19.936267852783203,61409600
2006-10-25,MSFT,19.9362685957009,20.063160261851827,19.83757328477758,19.957416534423828,40717100
2006-10-26,MSFT,19.971515254959048,20.02791199696377,19.767077569418582,19.985614776611328,69964200
2006-10-27,MSFT,20.084305105419887,20.295793858129436,19.915114910014736,19.978561401367188,89060100
2006-10-30,MSFT,19.985613866571395,20.331044063696787,19.964464585056007,20.112506866455078,47296800
2006-10-31,MSFT,20.204153401647634,20.338096177535043,20.1336571330435,20.23940086364746,61861700
2006-11-01,MSFT,20.288742814360862,20.436783721743257,20.232346086128892,20.309890747070312,75895900
2006-11-02,MSFT,20.239399661515886,20.34514473044354,20.147755458996915,20.28169822692871,58674400
2006-11-03,MSFT,20.338093858994526,20.394490598527714,20.168903640394962,20.253498077392578,41124500
2006-11-06,MSFT,20.28169626646761,20.479084174229996,20.27464650624691,20.331043243408203,60446200
2006-11-07,MSFT,20.345147618947074,20.493188585096863,20.30284904752891,20.408594131469727,56511200
2006-11-08,MSFT,20.288740238639942,20.605971290444742,20.20414448472966,20.429731369018555,77403300
2006-11-09,MSFT,20.52138108080176,20.725818732299906,20.443835069231344,20.627124786376953,89407500
2006-11-10,MSFT,20.563682496933414,20.648278285445823,20.54958297474727,20.61302947998047,37855100
2006-11-13,MSFT,20.577783059362567,20.768121240079644,20.55663377501422,20.690576553344727,47271800
2006-11-14,MSFT,20.711789513504804,20.810820859898865,20.563241144712805,20.676420211791992,63012500
2006-11-15,MSFT,20.605686251285835,20.768382366769142,20.591539877540388,20.598613739013672,63943200
2006-11-16,MSFT,20.612759382703704,20.96644434863452,20.605685521480957,20.84619140625,64328500
2006-11-17,MSFT,20.733015132666154,20.89571126441877,20.711794895325436,20.79667854309082,49356700
2006-11-20,MSFT,20.881559645478735,21.221096871616357,20.867411923756084,21.143285751342773,85703800
2006-11-21,MSFT,21.157433051511063,21.221096448793524,21.072549421268437,21.164506912231445,66446600
2006-11-22,MSFT,21.199874866632378,21.221096448793524,21.093769654228606,21.164506912231445,43907200
2006-11-24,MSFT,20.980593299239064,21.10792011029977,20.966445575965395,21.05133056640625,20456700
2006-11-27,MSFT,21.001806469387134,21.03717441419933,20.74715294929737,20.85325813293457,72722100
2006-11-28,MSFT,20.754234322046134,20.810823863753917,20.605685931812513,20.789602279663086,52602300
2006-11-29,MSFT,20.824971744970533,21.065477636359272,20.817897883553087,20.916929244995117,58775100
2006-11-30,MSFT,20.810826758355525,20.91693199516578,20.74716334642911,20.76838493347168,53297400
2006-12-01,MSFT,20.67642351681756,20.725939197929435,20.442991485003652,20.598613739013672,72257000
2006-12-04,MSFT,20.676430298547196,20.881568300952967,20.633988464987972,20.747167587280273,55123400
2006-12-05,MSFT,20.76838038031727,20.79667447430302,20.534948370830644,20.605684280395508,45606000
2006-12-06,MSFT,20.584465865816934,20.605686100880778,20.421771100722292,20.506654739379883,48564100
2006-12-07,MSFT,20.485433067920372,20.56324419402623,20.379327845449456,20.407623291015625,46831100
2006-12-08,MSFT,20.386403981021452,20.79667854309082,20.372256256660137,20.79667854309082,108854900
2006-12-11,MSFT,20.648126457520217,21.044253198779813,20.59153692305456,20.895706176757812,107712000
2006-12-12,MSFT,20.909855296271488,20.959370976785756,20.669349405886948,20.81789779663086,68529400
2006-12-13,MSFT,20.93814410652203,20.93814410652203,20.740080098030365,20.902774810791016,46002500
2006-12-14,MSFT,20.895715027389056,21.27769420952388,20.881567300479972,21.270620346069336,85866500
2006-12-15,MSFT,21.320137577151606,21.3838010036279,21.242327771948485,21.355506896972656,102783700
2006-12-18,MSFT,21.35549752957954,21.40501320640782,21.065475980270197,21.143285751342773,56986800
2006-12-19,MSFT,21.015967086327784,21.34135806585315,20.888641589158578,21.214031219482422,53822100
2006-12-20,MSFT,21.214022264560274,21.390864732270046,21.199874543335262,21.284759521484375,31202100
2006-12-21,MSFT,21.313060199622665,21.320134062420713,21.143291540073623,21.206954956054688,32270500
2006-12-22,MSFT,21.100848517348,21.122070104540168,20.952301454606715,20.966447830200195,37971700
2006-12-26,MSFT,20.888641589158578,21.221105083080964,20.79668271157904,21.214031219482422,37098300
2006-12-27,MSFT,21.21402697912007,21.31305835130176,21.15743743084464,21.235248565673828,31248400
2006-12-28,MSFT,21.12207130088085,21.24232427004493,21.08670198689061,21.206954956054688,26690600
2006-12-29,MSFT,21.122072219848633,21.327208853111518,21.10085063053119,21.122072219848633,41739800
2007-01-03,MSFT,21.157440186176274,21.39794613496823,20.79668126298834,21.122072219848633,76935100
2007-01-04,MSFT,21.008888752476846,21.199877619927573,20.82497239746405,21.086698532104492,45774500
2007-01-05,MSFT,20.959373967802808,21.044258967370183,20.83204849225369,20.966447830200195,44607200
2007-01-08,MSFT,20.97351910061365,21.291836123150908,20.888635460737802,21.17158317565918,50220200
2007-01-09,MSFT,21.221103603666695,21.34843044116092,21.03011334742535,21.192808151245117,44636600
2007-01-10,MSFT,21.07962217312499,21.143285571133298,20.817896069491706,20.9805908203125,55017400
2007-01-11,MSFT,21.051334539246806,21.751630783040525,20.973523395758146,21.716262817382812,99464300
2007-01-12,MSFT,21.680890012202916,22.20434364503652,21.673816150369884,22.077016830444336,103972500
2007-01-16,MSFT,22.112386133856813,22.246786810247063,21.94969135934299,22.041648864746094,62379600
2007-01-17,MSFT,22.112389465615827,22.23971629935971,21.935546940794076,21.999210357666016,58519600
2007-01-18,MSFT,22.034577761268952,22.190200042634036,21.78699796298925,21.9284725189209,56364300
2007-01-19,MSFT,21.737481430388343,22.006282806396484,21.70918732981982,22.006282806396484,75826900
2007-01-22,MSFT,21.970909785790646,22.01335295328155,21.581856861531545,21.730403900146484,56143900
2007-01-23,MSFT,21.666739583707674,21.900171598251795,21.588929811660314,21.744550704956055,49171200
2007-01-24,MSFT,21.7728422118499,22.14067347032968,21.68088338532937,21.99212646484375,58527800
2007-01-25,MSFT,21.985061724708103,22.268009482907427,21.539419174194336,21.539419174194336,97378700
2007-01-26,MSFT,22.08408589399229,22.091159754288363,21.645517349243164,21.645517349243164,96103700
2007-01-29,MSFT,21.68089386681521,21.77285273779265,21.46160950780978,21.596010208129883,57605900
2007-01-30,MSFT,21.624292274167814,21.67380793903836,21.32012307659086,21.56062889099121,61900400
2007-01-31,MSFT,21.51112211577772,21.99920780543708,21.46868029252076,21.829439163208008,73968400
2007-02-01,MSFT,21.815295496390206,21.88603278110876,21.48283201217494,21.617231369018555,55355800
2007-02-02,MSFT,21.80114953310513,21.815297261033546,21.313063713187397,21.355506896972656,60401700
2007-02-05,MSFT,21.199877027852253,21.235246335059884,20.803750231534597,20.94522476196289,99102100
2007-02-06,MSFT,20.931076463994057,21.044255545546626,20.66934899465307,20.874486923217773,79281100
2007-02-07,MSFT,20.96644433090181,21.008887498202384,20.69057048945344,20.775455474853516,65145500
2007-02-08,MSFT,20.683506994596872,21.079633976862812,20.655212884750178,20.697654724121094,48749000
2007-02-09,MSFT,20.761311716183155,20.796679679818368,20.464216234362834,20.499584197998047,69823100
2007-02-12,MSFT,20.43592127469326,20.57739583103312,20.393479447471847,20.471290588378906,52774400
2007-02-13,MSFT,20.613248442456065,20.72681994732807,20.55646133614093,20.59195327758789,50348100
2007-02-14,MSFT,20.705526971872604,21.074635078675865,20.691330193792645,20.868785858154297,55588600
2007-02-15,MSFT,20.996556276339017,21.046243650764104,20.741019660576377,20.911376953125,63858100
2007-02-16,MSFT,20.520968954879528,20.54226411788634,20.336414937124204,20.400299072265625,109340300
2007-02-20,MSFT,20.322222545823998,20.485482789671053,20.208651026378668,20.464187622070312,53978200
2007-02-21,MSFT,20.407413155688452,20.861699484869117,20.400314762559997,20.83330726623535,68604900
2007-02-22,MSFT,20.804906656648562,20.96816693562159,20.69843350349544,20.861692428588867,57754400
2007-02-23,MSFT,20.74102286785666,20.78361321298932,20.506781385145537,20.513879776000977,63787100
2007-02-26,MSFT,20.556459646973224,20.648737333273534,20.45708492684583,20.634540557861328,63481900
2007-02-27,MSFT,20.379008519166995,20.563562578670044,19.725972952450643,19.782758712768555,87143300
2007-02-28,MSFT,19.839549828368018,20.05249614857088,19.818254654795858,19.995710372924805,86333300
2007-03-01,MSFT,19.747268509040904,20.109278270718782,19.683384353810723,19.938920974731445,80175700
2007-03-02,MSFT,19.889231639390363,19.988606380453923,19.70467758178711,19.70467758178711,63254700
2007-03-05,MSFT,19.513021682942483,19.811147207271212,19.456235933255062,19.55561065673828,56454300
2007-03-06,MSFT,19.733072657664014,19.832448767075103,19.626599511897382,19.75436782836914,49361800
2007-03-07,MSFT,19.704672949595704,19.804047667298168,19.55560951916302,19.59819984436035,52044700
2007-03-08,MSFT,19.676291501152473,19.768569241955454,18.881290562818133,19.392362594604492,72175200
2007-03-09,MSFT,19.463337676518325,19.50592665765611,19.18650726830377,19.371061325073242,80125000
2007-03-12,MSFT,19.292979294243853,19.505925541628404,19.25748735042695,19.4775333404541,36516400
2007-03-13,MSFT,19.342665737500422,19.44913885610533,18.959360885867778,18.966459274291992,75169500
2007-03-14,MSFT,19.037443461426935,19.449140548706055,18.973559313928515,19.449140548706055,75730300
2007-03-15,MSFT,19.392356285288013,19.498829421367418,19.307178317976238,19.363964080810547,51757100
2007-03-16,MSFT,19.41365089559132,19.50592724983783,19.30717776257478,19.39945411682129,65055300
2007-03-19,MSFT,19.40655483012908,19.75436782836914,19.30718007459749,19.75436782836914,49412000
2007-03-20,MSFT,19.825343486619136,19.988602343646622,19.704673602320767,19.761459350585938,47902400
2007-03-21,MSFT,19.804053754538888,20.244144439697266,19.562713919755165,20.244144439697266,72808200
2007-03-22,MSFT,20.24413459579545,20.265428400705968,19.882125019650445,20.066679000854492,47934900
2007-03-23,MSFT,20.031196365001737,20.06668831278719,19.733070773000804,19.889232635498047,50519800
2007-03-26,MSFT,19.832447099882756,20.03119659423828,19.66208981020114,20.03119659423828,47491500
2007-03-27,MSFT,19.903429191683706,19.988607157656006,19.626597417575326,19.676284790039062,58979800
2007-03-28,MSFT,19.57691022316946,19.875035814542777,19.449141919169556,19.61949920654297,46947000
2007-03-29,MSFT,19.76146449017268,19.768562879786867,19.513026269193794,19.697580337524414,42629900
2007-03-30,MSFT,19.697579395352026,19.83954447308647,19.52012372512363,19.782758712768555,47061000
2007-04-02,MSFT,19.79696007123364,19.825353636842735,19.562718570477507,19.690486907958984,41977600
2007-04-03,MSFT,19.775660323493902,19.917624047349026,19.697579395352026,19.782758712768555,39821300
2007-04-04,MSFT,19.88212756626014,20.428691193616,19.804046661243902,20.22994041442871,63244200
2007-04-05,MSFT,20.10217728746091,20.336418708459234,20.087980509490283,20.26543617248535,30131200
2007-04-09,MSFT,20.2867328652272,20.38610761073715,20.151866172121288,20.279634475708008,31384600
2007-04-10,MSFT,20.229946696992616,20.329321440508384,20.03119585608174,20.158964157104492,38643100
2007-04-11,MSFT,20.08798079425183,20.27963323793434,19.867936148104846,19.953115463256836,44050200
2007-04-12,MSFT,19.917623029841593,20.315124685639628,19.903427605896788,20.258338928222656,43762100
2007-04-13,MSFT,20.180266550084774,20.371919070233492,19.946025032307393,20.308034896850586,36002900
2007-04-16,MSFT,20.300925490891025,20.40739860413679,20.024093771797126,20.39320182800293,30740100
2007-04-17,MSFT,20.32222405901834,20.506778130328733,20.272536684796194,20.47838592529297,33170200
2007-04-18,MSFT,20.308026504829492,20.350615484858828,20.130570841848122,20.300928115844727,41778400
2007-04-19,MSFT,20.116374644827626,20.506776573109516,20.05958888518882,20.36481285095215,43648800
2007-04-20,MSFT,20.570666493867737,20.655845834166097,20.371916956304368,20.59906005859375,60311500
2007-04-23,MSFT,20.556470291337387,20.577765465482567,20.350622356786197,20.42870330810547,41739100
2007-04-24,MSFT,20.435794830322266,20.556463381611653,20.293829758166456,20.435794830322266,34236700
2007-04-25,MSFT,20.485478641207298,20.584853362128005,20.364808756998283,20.577754974365234,39475000
2007-04-26,MSFT,20.648743437588006,20.833297510868668,20.520975128864514,20.655841827392578,68760300
2007-04-27,MSFT,21.415354338137984,21.819953125225247,21.294684405683924,21.379863739013672,128298800
2007-04-30,MSFT,21.386957701842384,21.55731634401667,21.252092361450195,21.252092361450195,67788800
2007-05-01,MSFT,21.25209355808747,21.59280815386183,21.223699998166545,21.578611373901367,73539300
2007-05-02,MSFT,21.571522083316992,21.78446981091212,21.507637900426456,21.727684020996094,80686700
2007-05-03,MSFT,21.72057784083587,22.004506688622836,21.67089046170809,21.983211517333984,82036800
2007-05-04,MSFT,21.77736569502043,21.791562477238642,21.500535211163623,21.69218635559082,104385900
2007-05-07,MSFT,21.663789217516076,21.83414650374716,21.63539565953788,21.798654556274414,59889100
2007-05-08,MSFT,21.777363783197675,21.961917874193535,21.7063812322178,21.827051162719727,60551700
2007-05-09,MSFT,21.791564744002294,21.95482369485497,21.699287003864825,21.848350524902344,51735000
2007-05-10,MSFT,21.777369134584642,21.954824878701036,21.670895958890785,21.70638656616211,55398600
2007-05-11,MSFT,21.69928285368085,21.990310094367004,21.685086072701147,21.92642593383789,43425300
2007-05-14,MSFT,21.89093514950805,21.997408298193218,21.869639978219197,21.983211517333984,70188500
2007-05-15,MSFT,22.004575729370117,22.139879327813674,21.96184877764358,22.004575729370117,75013900
2007-05-16,MSFT,22.07578681354786,22.139877916183895,21.94048322373121,22.125635147094727,45833600
2007-05-17,MSFT,22.097157072942483,22.175489608046867,22.04730736735621,22.06155014038086,41045600
2007-05-18,MSFT,22.05442384530383,22.068666615158524,21.776696624463774,21.954727172851562,58453000
2007-05-21,MSFT,21.88350843326184,22.189721106375817,21.88350843326184,22.111387252807617,41836400
2007-05-22,MSFT,22.00457698587795,22.02594114209381,21.833667810947226,21.855031967163086,39999500
2007-05-23,MSFT,21.961849096671813,21.961849096671813,21.769575773711388,21.776697158813477,46322500
2007-05-24,MSFT,21.748204030079386,21.93335453350676,21.335172013659776,21.484718322753906,64046400
2007-05-25,MSFT,21.563055080322805,21.833660848099434,21.491842607245285,21.70547866821289,47726500
2007-05-29,MSFT,21.712599690639802,21.954721280122076,21.641387218745322,21.926237106323242,42373100
2007-05-30,MSFT,21.75533200117417,22.16836281020849,21.726847820343494,22.15412139892578,57376800
2007-05-31,MSFT,22.16124474826349,22.18972893161925,21.798062242186177,21.855031967163086,85290500
2007-06-01,MSFT,21.926246108219065,22.00457863702425,21.75533556219843,21.78382110595703,39469400
2007-06-04,MSFT,21.662754370126077,21.904875993165014,21.64851160212023,21.87639045715332,41434500
2007-06-05,MSFT,21.805182699221834,21.812302726058597,21.598666606057233,21.776697158813477,44265000
2007-06-06,MSFT,21.627141049521256,21.741080436161422,21.541685830408817,21.570171356201172,38217500
2007-06-07,MSFT,21.377908139744275,21.57018145405956,21.071695385449246,21.093059539794922,71971400
2007-06-08,MSFT,21.064566564947505,21.406384764226075,20.943505782919914,21.399263381958008,61346200
2007-06-11,MSFT,21.32093518063286,21.541692642272512,21.313813796932862,21.377904891967773,48467400
2007-06-12,MSFT,21.335174154775622,21.53456880082335,21.199871954712965,21.2568416595459,56981800
2007-06-13,MSFT,21.34229287217097,21.655626888751506,21.25683900472656,21.64138412475586,64435600
2007-06-14,MSFT,21.612907912734038,21.869270967722876,21.57730098963473,21.73396873474121,59065700
2007-06-15,MSFT,21.97609031987303,21.99033173080936,21.669877573365625,21.712604522705078,100933000
2007-06-18,MSFT,21.855026979106533,21.876389772181295,21.662753691843218,21.726844787597656,45412600
2007-06-19,MSFT,21.705481171231245,21.83366336589942,21.634268689941692,21.691238403320312,46802600
2007-06-20,MSFT,21.676989746511882,21.726838059269493,21.335170222253907,21.370777130126953,46861600
2007-06-21,MSFT,21.349419387481113,21.57729823314432,21.29957105977542,21.520328521728516,56564800
2007-06-22,MSFT,21.363657266328932,21.434869728869643,20.971990759752135,21.00047492980957,86219900
2007-06-25,MSFT,20.986232165648477,21.199869553270617,20.92214108518831,21.00047492980957,53905800
2007-06-26,MSFT,21.04321529489787,21.22124588574562,21.007609720034566,21.021852493286133,48340300
2007-06-27,MSFT,20.907899589479214,21.328051622573376,20.907899589479214,21.271081924438477,53468600
2007-06-28,MSFT,21.26396936436399,21.342301882882534,21.135787150814167,21.242605209350586,46055200
2007-06-29,MSFT,21.271090348715102,21.31381729967182,20.680028987130243,20.98624038696289,71193900
2007-07-02,MSFT,21.128658531498044,21.221233788328377,21.000476361836938,21.17850685119629,47316000
2007-07-03,MSFT,21.21411714166303,21.52032849117252,21.206995757963035,21.377904891967773,35202600
2007-07-05,MSFT,21.39927335723835,21.520334195698506,21.24260694910509,21.35654640197754,47838500
2007-07-06,MSFT,21.299569659155853,21.392146283034528,21.121539152905292,21.342296600341797,57541000
2007-07-09,MSFT,21.26396054238852,21.328051622573376,21.228353632138745,21.271081924438477,33831400
2007-07-10,MSFT,21.15002328126883,21.35653794850676,20.77971952687648,20.886537551879883,66013500
2007-07-11,MSFT,20.82244445259016,21.11441432656881,20.801080306348524,21.00047492980957,48017000
2007-07-12,MSFT,21.05032884315954,21.441996812141294,20.964874952001235,21.413511276245117,54302400
2007-07-13,MSFT,21.320938428708992,21.37790814872279,21.121543729528067,21.235483169555664,42173000
2007-07-16,MSFT,21.19275175055939,21.53456999856882,21.164266217426114,21.385025024414062,48023200
2007-07-17,MSFT,21.37791335943949,21.990337659295633,21.37079197291882,21.919126510620117,77539600
2007-07-18,MSFT,21.72684415180556,22.054419646506794,21.71972276823401,22.018814086914062,64414400
2007-07-19,MSFT,22.111389890229894,22.673966981568896,22.025936001839835,22.438966751098633,121159300
2007-07-20,MSFT,22.18260258469339,22.218209503755723,21.926239558769996,22.18972396850586,98292600
2007-07-23,MSFT,22.33215090689863,22.446090341463197,22.161241755051776,22.211090087890625,48910600
2007-07-24,MSFT,22.082909327368753,22.417606268488612,21.869271854901903,21.93336296081543,59729300
2007-07-25,MSFT,22.068661163926652,22.289418609083416,21.627146273613132,21.869266510009766,54950100
2007-07-26,MSFT,21.534566687542966,21.741082696211613,21.014718012174317,21.349414825439453,87025300
2007-07-27,MSFT,21.313814465573937,21.363662794772658,20.907905089795673,20.92926788330078,69214600
2007-07-30,MSFT,20.943509399244792,21.00047910896154,20.615933907939755,20.93638801574707,67499600
2007-07-31,MSFT,21.157144164877028,21.164265547935077,20.637295426023982,20.64441680908203,66554000
2007-08-01,MSFT,20.615935504148116,21.043207680973158,20.523358869774935,20.865177154541016,80006300
2007-08-02,MSFT,20.786852167697727,21.21412585738545,20.66579131159063,21.021852493286133,47938300
2007-08-03,MSFT,20.971993574501926,21.206993781641437,20.580325657092786,20.6230525970459,61535500
2007-08-06,MSFT,20.687144143611206,21.03608512878418,20.473508080856085,21.03608512878418,59530500
2007-08-07,MSFT,20.88654269125748,21.21411958790556,20.68714799946016,21.043209075927734,49163000
2007-08-08,MSFT,21.164268045367013,21.37078410362495,20.80108561613985,21.363662719726562,52898600
2007-08-09,MSFT,21.10729877914994,21.434875654082948,20.594571352000816,20.865177154541016,72964500
2007-08-10,MSFT,20.580326147391848,20.68714417895189,20.124568488327686,20.445022583007812,76576200
2007-08-13,MSFT,20.60881463766242,20.644420200536985,20.252753575856126,20.3880558013916,55492300
2007-08-14,MSFT,20.559558497615164,20.645311887273888,20.15222648917236,20.20224952697754,42944100
2007-08-15,MSFT,20.180814681555102,20.716778248617377,20.04503686291876,20.080768585205078,48117700
2007-08-16,MSFT,19.923554396414417,20.259425815673186,19.65914643128094,19.873531341552734,81447400
2007-08-17,MSFT,20.073618996884278,20.187957763671875,19.8806718167956,20.187957763671875,76747700
2007-08-20,MSFT,20.137937116161584,20.359468332754396,20.06647503767255,20.195106506347656,49952000
2007-08-21,MSFT,20.080767111021526,20.237982588462213,19.91640528964821,20.059328079223633,50786200
2007-08-22,MSFT,20.202248971587206,20.237979322458465,20.016448148400517,20.16651725769043,44763500
2007-08-23,MSFT,20.209400614026702,20.2451309742678,20.08076913631736,20.223691940307617,33886600
2007-08-24,MSFT,20.159373227596795,20.609583333165716,20.059327143259555,20.588144302368164,45158900
2007-08-27,MSFT,20.44522322741132,20.559562008498542,20.29515272534322,20.359468460083008,32789500
2007-08-28,MSFT,20.223695628701503,20.35947347582738,19.94499495151913,19.959287643432617,43924400
2007-08-29,MSFT,20.102213571168186,20.445231414819066,19.880682264476455,20.430938720703125,45753700
2007-08-30,MSFT,20.309443995032133,20.67389934542353,20.23798192108811,20.330883026123047,33690700
2007-08-31,MSFT,20.50953767358102,20.666753146941996,20.26656743827952,20.530975341796875,42511900
2007-09-04,MSFT,20.366613102896128,20.795384177667497,20.35232041569776,20.588144302368164,45689600
2007-09-05,MSFT,20.473802909640057,20.530972288088655,20.309441116978515,20.352317810058594,47669800
2007-09-06,MSFT,20.409490352966383,20.731069008490955,20.40234400917409,20.65960693359375,45430800
2007-09-07,MSFT,20.45237340643985,20.602442573620223,20.237987129434412,20.323741912841797,52160900
2007-09-10,MSFT,20.48809559500858,20.54526497345718,20.302294774294253,20.352317810058594,37247600
2007-09-11,MSFT,20.45951059422285,20.688189475177747,20.423780243180957,20.67389678955078,34380800
2007-09-12,MSFT,20.588142038814503,20.845404927997812,20.580995696001022,20.67389678955078,42364700
2007-09-13,MSFT,20.809684258502386,20.9097303783858,20.695344083316286,20.838268280029297,35288600
2007-09-14,MSFT,20.709637714074013,20.80253885505524,20.63817561247912,20.75251579284668,33496600
2007-09-17,MSFT,20.573853404279987,20.638167771953256,20.452368286629238,20.530975341796875,39536500
2007-09-18,MSFT,20.50953499391723,20.70248079777919,20.202249068065065,20.67389678955078,77462400
2007-09-19,MSFT,20.631029972567745,20.659613994480434,20.223696415346,20.48810577392578,94242200
2007-09-20,MSFT,20.352330684436218,20.423792793458496,20.25228454962085,20.3094539642334,67168900
2007-09-21,MSFT,20.502386026774662,20.588139403508883,20.323731568382126,20.473800659179688,135636100
2007-09-24,MSFT,20.588144500109326,21.159839726303954,20.580998156441503,20.781091690063477,104459800
2007-09-25,MSFT,20.823971511610885,21.12411117553711,20.802533840418512,21.12411117553711,75621000
2007-09-26,MSFT,21.209863535541412,21.331348656233864,21.066939383070626,21.08123207092285,60337000
2007-09-27,MSFT,21.22415957035537,21.23845089743554,21.03835868805361,21.07408905029297,43407100
2007-09-28,MSFT,21.07408948726388,21.217013665236745,20.888288601109544,21.052650451660156,45819100
2007-10-01,MSFT,21.05264688399937,21.288472146598554,21.01691652707414,21.274179458618164,43875100
2007-10-02,MSFT,21.224157333374023,21.331349771820197,21.13125622050175,21.224157333374023,33700900
2007-10-03,MSFT,21.231306971476066,21.331354450592382,20.931168623205426,21.045507431030273,37633900
2007-10-04,MSFT,21.124113618613098,21.274184149445325,21.03836019787415,21.231306076049805,37868000
2007-10-05,MSFT,21.35992811815748,21.431390179167806,21.245589365751137,21.32419776916504,45012300
2007-10-08,MSFT,21.19556633195154,21.331344111568615,21.152689640555522,21.32419776916504,30265400
2007-10-09,MSFT,21.45998670581844,21.717248350970195,21.438547667461563,21.510009765625,63603100
2007-10-10,MSFT,21.467126917705233,21.702950820139577,21.459980573628343,21.602903366088867,32251500
2007-10-11,MSFT,21.65292621783093,21.888750118154906,21.288472214351316,21.374225616455078,50788400
2007-10-12,MSFT,21.45998197859699,21.724389911623717,21.40281258526479,21.560028076171875,31121100
2007-10-15,MSFT,21.51000163644825,21.67436344598934,21.43853956529215,21.467124938964844,47150500
2007-10-16,MSFT,21.61005357686585,21.853023866851906,21.602907231510258,21.66722297668457,56286200
2007-10-17,MSFT,21.974512700959707,22.317529157458146,21.90305059843264,22.210336685180664,86092400
2007-10-18,MSFT,22.31038045017215,22.317526795971304,21.88875558920475,22.26750373840332,49208600
2007-10-19,MSFT,22.2174767810051,22.2174767810051,21.517151371929188,21.560028076171875,75200200
2007-10-22,MSFT,21.524295093607815,21.938773485516016,21.524295093607815,21.802995681762695,58785100
2007-10-23,MSFT,21.945921548514296,22.238916228194437,21.945921548514296,22.08169937133789,49956200
2007-10-24,MSFT,22.04596875099873,22.367546079545516,21.795852142333985,22.331815719604492,77979200
2007-10-25,MSFT,22.560484768983358,23.024987450838346,22.503315396866252,22.860624313354492,169588700
2007-10-26,MSFT,25.733393017116395,25.74768570426287,24.69719909648455,25.03306770324707,288121200
2007-10-29,MSFT,24.90443596144634,25.218869622986357,24.618590399925136,24.704343795776367,114655600
2007-10-30,MSFT,24.561424004697475,25.433258982851626,24.54713131518081,25.41896629333496,107297300
2007-10-31,MSFT,25.38324126519979,26.440875977159905,25.37609355591394,26.305099487304688,185635800
2007-11-01,MSFT,26.105001799804118,26.791037339034713,25.983518015118204,26.48375129699707,152078800
2007-11-02,MSFT,26.59809009919349,26.798182321524205,26.026393362159315,26.48375129699707,96389800
2007-11-05,MSFT,26.26936056833838,26.512330835189275,26.17646217663933,26.247922897338867,75485400
2007-11-06,MSFT,26.147880458510684,26.19790351521369,25.633354474077322,26.019248962402344,100966700
2007-11-07,MSFT,25.754841551200393,25.84059497513202,25.333216688295952,25.38323974609375,74897800
2007-11-08,MSFT,25.440403557360547,25.654791170627064,24.58286400850145,24.825834274291992,133742400
2007-11-09,MSFT,24.42564938671651,24.682912365328004,24.046902627122922,24.10407066345215,125136900
2007-11-12,MSFT,23.811070533576945,24.089771105606467,23.59668568786587,23.85394859313965,84865200
2007-11-13,MSFT,24.047532414379837,24.857718605136583,23.932815616171364,24.7071533203125,104311500
2007-11-14,MSFT,24.8218815101292,24.915089806157617,24.19810880454157,24.327165603637695,84063100
2007-11-15,MSFT,24.205270767211914,24.44904435025247,24.054705454615764,24.205270767211914,64014100
2007-11-16,MSFT,24.2769645193654,24.563755129735775,24.16941633106148,24.441869735717773,71113800
2007-11-19,MSFT,24.348669052124023,24.54942555031889,24.28414066610869,24.348669052124023,63026200
2007-11-20,MSFT,24.542252708216083,25.072819709101577,24.449044437439294,24.793197631835938,100009400
2007-11-21,MSFT,24.66413782401105,24.90074003901289,24.50640119063356,24.54224967956543,89518700
2007-11-23,MSFT,24.635471628203153,24.692828695353263,24.169432807928676,24.456226348876953,33467200
2007-11-26,MSFT,24.44187852955568,24.642632302549682,23.610180810639786,23.63886070251465,80335000
2007-11-27,MSFT,23.85395737721078,24.090559676833447,23.430938492367474,23.703392028808594,84178400
2007-11-28,MSFT,23.93282824540268,24.298487377941075,23.588677669170757,24.162261962890625,88585000
2007-11-29,MSFT,24.076226396777077,24.327168685102773,23.882641173611905,24.08339500427246,53633600
2007-11-30,MSFT,24.319990767130275,24.463387493860044,23.79659503937193,24.090557098388672,71027800
2007-12-03,MSFT,24.018858476114108,24.119235357508384,23.430934397892027,23.603008270263672,61770600
2007-12-04,MSFT,23.473957678862693,23.832448156496078,23.3950893361729,23.495466232299805,54801500
2007-12-05,MSFT,23.76075281258959,24.750187479593173,23.681884455319377,24.484905242919922,84894700
2007-12-06,MSFT,24.563755787653346,24.814700655395804,24.284133772650595,24.77168083190918,49209700
2007-12-07,MSFT,24.814710709520032,24.879239103362742,24.535088581223366,24.75735092163086,40771000
2007-12-10,MSFT,24.8362233235868,25.058488435403603,24.71433785698981,24.922260284423828,36083500
2007-12-11,MSFT,24.900753582416307,25.087170202356173,24.32716924234341,24.449054718017578,55070700
2007-12-12,MSFT,24.814701808909234,25.158852207607723,24.327154726986983,24.714324951171875,63345400
2007-12-13,MSFT,24.721498641975632,25.416970920939928,24.578101929242347,25.252065658569336,73913200
2007-12-14,MSFT,25.13017284290893,25.69658824905441,25.101492958659065,25.31658935546875,71126200
2007-12-17,MSFT,25.115838283873078,25.187538009865175,24.635462427518018,24.656970977783203,58121200
2007-12-18,MSFT,24.83621539166953,25.09432892681283,24.527913417477787,24.907915115356445,52791800
2007-12-19,MSFT,24.872060205136897,25.194702076317895,24.64979793226229,24.94375991821289,58469100
2007-12-20,MSFT,25.302261589437848,25.660752109883045,25.151696227266612,25.467166900634766,59345000
2007-12-21,MSFT,25.739617035694028,25.854333877563473,25.632068799850373,25.854333877563477,83240500
2007-12-24,MSFT,25.904517586671698,26.327536376514466,25.847157808696185,26.22715950012207,29622600
2007-12-26,MSFT,26.105273854314742,26.270179129283402,25.997725627782348,26.24867057800293,30252400
2007-12-27,MSFT,26.06224752782611,26.205644215812026,25.76828554823393,25.789796829223633,33311100
2007-12-28,MSFT,25.883010364534876,25.97621865084102,25.574708347192786,25.897350311279297,33447200
2007-12-31,MSFT,25.739621195167196,25.804149600088003,25.467167626049815,25.524524688720703,35229700
2008-01-02,MSFT,25.660744512067065,25.782629940098232,25.09432900105624,25.252065658569336,63004200
2008-01-03,MSFT,25.252066026412514,25.56036800600738,24.993952486745663,25.35961151123047,49599600
2008-01-04,MSFT,25.230563727031026,25.237735069611805,24.441885617226145,24.649810791015625,72090800
2008-01-07,MSFT,24.771681256098972,24.95092642109978,24.556587605110835,24.814701080322266,80164300
2008-01-08,MSFT,24.886407940189752,24.886407940189752,23.94716465284548,23.983013153076172,79148300
2008-01-09,MSFT,23.91847984871145,24.764517408796582,23.911308509098276,24.69281768798828,74305500
2008-01-10,MSFT,24.628291754589327,24.73583997895861,24.21961287808999,24.613954544067383,72446000
2008-01-11,MSFT,24.47772954189413,24.549429278948267,24.176598851462682,24.312824249267578,55187900
2008-01-14,MSFT,24.707159418445226,24.78602774950409,24.434708664869916,24.656970977783203,52792200
2008-01-15,MSFT,24.398858404636165,24.649803352990762,24.377349853515625,24.377349853515625,61606200
2008-01-16,MSFT,23.961496973539873,24.126404964055247,23.30904455629382,23.825271606445312,120778500
2008-01-17,MSFT,24.04753109334395,24.233944854543115,23.63885235123526,23.739229202270508,94247800
2008-01-18,MSFT,23.775078251370743,24.377342106944887,23.638852912455018,23.667530059814453,117062000
2008-01-22,MSFT,22.6135727767546,23.323382164558467,22.584892891270858,22.914703369140625,108521400
2008-01-23,MSFT,22.57055233337093,22.979231117650276,22.255081806841154,22.8931941986084,137597400
2008-01-24,MSFT,23.19432539851326,23.918477463610365,23.02942015969521,23.839609146118164,155640400
2008-01-25,MSFT,25.02263829487673,25.094335301712572,23.56716498753287,23.617353439331055,196992300
2008-01-28,MSFT,23.67470942840563,23.732066477644118,23.24451925132424,23.45961570739746,81019000
2008-01-29,MSFT,23.552826193557703,23.581506091723938,23.19433567167667,23.373580932617188,68023000
2008-01-30,MSFT,23.3448998400603,23.516973729962654,22.979238037653758,23.0867862701416,106432600
2008-01-31,MSFT,22.878864997044985,23.473960576199,22.742638215821003,23.373580932617188,103642200
2008-02-01,MSFT,22.269426824964313,23.839615410875457,21.688672667037068,21.832069396972656,291138900
2008-02-04,MSFT,21.860750336819898,22.025655637185757,21.58829816089077,21.64565658569336,119998600
2008-02-05,MSFT,21.444898256536966,21.46640817549455,20.713577422369337,20.842634201049805,137534100
2008-02-06,MSFT,20.993203199462723,21.0433916483317,20.283392206460107,20.44829750061035,138315600
2008-02-07,MSFT,20.319234294027,20.63470620273824,20.003762385315763,20.1614990234375,164964900
2008-02-08,MSFT,20.283386901533188,20.84980100602766,20.247537042051064,20.476970672607422,124872000
2008-02-11,MSFT,20.448297339654093,20.512825735558465,20.010938515753946,20.226032257080078,156814100
2008-02-12,MSFT,20.383759399014032,20.519986100749577,20.154325817690175,20.319231033325195,84365900
2008-02-13,MSFT,20.51999498241219,20.82829563605028,20.455466588793552,20.76376724243164,88986200
2008-02-14,MSFT,20.706404427582655,20.82112261108245,20.40527244378494,20.43395233154297,69113500
2008-02-15,MSFT,20.29772621725543,20.534329828327866,20.254707751841995,20.37659454345703,68166100
2008-02-19,MSFT,20.72927396166272,20.75806527967139,20.203844763614946,20.275821685791016,68261200
2008-02-20,MSFT,20.261433716398376,20.340608498124997,20.095887693557376,20.311817169189453,93056200
2008-02-21,MSFT,20.599719926504907,20.84443929834471,20.12467272523315,20.225440979003906,98776500
2008-02-22,MSFT,20.326218210688022,20.434182977064705,19.577661307342744,19.92314910888672,125705400
2008-02-25,MSFT,19.90155111785692,20.326213626293345,19.779190710801572,20.038307189941406,109974300
2008-02-26,MSFT,19.966330664283735,20.77247007614098,19.91594720845132,20.42698097229004,108923500
2008-02-27,MSFT,20.290221338517956,20.64290681646958,20.225442233093588,20.340604782104492,75199500
2008-02-28,MSFT,20.16787133234837,20.347813079340384,20.009521716373584,20.103092193603516,83002900
2008-02-29,MSFT,19.93033550343849,20.03110237783916,19.44809187576345,19.57765007019043,117411400
2008-03-03,MSFT,19.606445820013953,19.714410556374002,19.340132895182236,19.426504135131836,76544300
2008-03-04,MSFT,19.448093554655355,19.887150240193296,19.4049065708877,19.858360290527344,86925600
2008-03-05,MSFT,19.973517750381387,20.448563468130388,19.937529979248616,20.239831924438477,106489800
2008-03-06,MSFT,20.19664712760977,20.27582188004655,19.79357828154597,19.843961715698242,91127700
2008-03-07,MSFT,19.678423405294875,20.203852812669556,19.664027740555422,20.059900283813477,77597600
2008-03-10,MSFT,20.031106855345847,20.340606750581937,19.973525575267924,20.189455032348633,72175100
2008-03-11,MSFT,20.441372643803785,21.11795368113271,20.42697698127965,21.07476806640625,98740700
2008-03-12,MSFT,21.18273051102399,21.225916121104987,20.54213869891371,20.606916427612305,75993800
2008-03-13,MSFT,20.542146338145262,20.86604059347149,20.268634169278172,20.599727630615234,84552200
2008-03-14,MSFT,20.671704470857723,20.88043752675553,19.894356288923074,20.12468147277832,105214900
2008-03-17,MSFT,19.64962769984143,20.678894161109994,19.63523341115374,20.369394302368164,84490100
2008-03-18,MSFT,20.635704630599097,21.218715083534214,20.635704630599097,21.17552947998047,83695300
2008-03-19,MSFT,21.146749222656812,21.297900973419424,20.599727630615234,20.599727630615234,61442100
2008-03-20,MSFT,20.686098385699648,21.031586132215562,20.57813363651921,21.002796173095703,60170200
2008-03-24,MSFT,21.110758500970196,21.161141953285902,20.916421151027233,20.995595932006836,48294700
2008-03-25,MSFT,21.11074930729601,21.139540623421368,20.830040839301365,20.9739933013916,49149000
2008-03-26,MSFT,20.89482693451155,20.92361688744568,20.426977500506677,20.556535720825195,45868100
2008-03-27,MSFT,20.498954927584723,20.506152759200216,20.153467247117185,20.189455032348633,47894400
2008-03-28,MSFT,20.319014943520642,20.462968842095886,20.031108519216275,20.08868980407715,49244000
2008-03-31,MSFT,20.067097575948562,20.57813271263349,20.03830761812127,20.42698097229004,46780600
2008-04-01,MSFT,20.750878032146073,21.261913204639143,20.606924114384174,21.233121871948242,65796200
2008-04-02,MSFT,21.283499911622037,21.29069774296189,20.87323313517228,20.98839569091797,49499400
2008-04-03,MSFT,20.87322998046875,21.103555057149638,20.72927612112032,20.87322998046875,38961400
2008-04-04,MSFT,20.96680219689842,21.060372631470514,20.68609363887405,20.98839569091797,43860800
2008-04-07,MSFT,21.26910424894234,21.297895574301737,20.89482662919183,20.98839569091797,44428600
2008-04-08,MSFT,20.830048675147143,20.873234292735223,20.54214226981655,20.69329261779785,44733500
2008-04-09,MSFT,20.671697462027268,20.90202394063569,20.542140619670302,20.794057846069336,45839300
2008-04-10,MSFT,20.7508651226013,21.16113174828712,20.72927163651688,20.95240020751953,65591600
2008-04-11,MSFT,20.779665832001672,20.88043273359543,20.304618533290643,20.355003356933594,54373700
2008-04-14,MSFT,20.326209673112782,20.37659311806968,20.103082399941126,20.196651458740234,43418100
2008-04-15,MSFT,20.239837394423954,20.49895243686794,20.1750582906015,20.333406448364258,34310000
2008-04-16,MSFT,20.5637413631395,20.909229166653944,20.42698525943093,20.83725357055664,54107400
2008-04-17,MSFT,20.959610110638476,21.11795831460919,20.80126053382152,21.031585693359375,48743300
2008-04-18,MSFT,21.60020205950168,21.66498118200943,21.312295611048466,21.59300422668457,73658900
2008-04-21,MSFT,21.729755816782202,22.024860037106166,21.679372370314105,21.895301818847656,54411700
2008-04-22,MSFT,22.053648217108815,22.096835201621307,21.57140453948607,21.772939682006836,67387500
2008-04-23,MSFT,21.9169004248,22.643863711750065,21.808934302504948,22.636667251586914,98351500
2008-04-24,MSFT,22.76621803220789,23.10450785600557,22.427928208410215,22.888578414916992,115416700
2008-04-25,MSFT,21.62899604480862,21.87371691476752,21.305101744813477,21.47064781188965,145194900
2008-04-28,MSFT,21.44904215461494,21.477833474928204,20.743671281088577,20.866031646728516,97473000
2008-04-29,MSFT,20.729284978293986,20.801261938722394,20.477367676064063,20.61412239074707,84428900
2008-04-30,MSFT,20.68609629921339,21.024386178616435,20.520550275644627,20.527748107910156,74733600
2008-05-01,MSFT,20.51334329868944,21.22591190116561,20.498947640575853,21.1611328125,71699400
2008-05-02,MSFT,21.297893310175397,21.319486801899394,20.772464033837036,21.045974731445312,66024200
2008-05-05,MSFT,21.54261472501549,21.758544157554663,20.866033731362435,20.93081283569336,119687700
2008-05-06,MSFT,20.873236007607304,21.492235859557457,20.822852554140876,21.377073287963867,93582000
2008-05-07,MSFT,21.369880340924347,21.693774632758313,20.930822078323427,21.024391174316406,88775000
2008-05-08,MSFT,21.07477328775727,21.153946705563623,20.873238081026148,21.067575454711914,69589900
2008-05-09,MSFT,21.024385782854477,21.269106583891308,20.837247638857942,21.15394401550293,51621200
2008-05-12,MSFT,21.161141506688356,21.636187436848086,21.12515371946411,21.585803985595703,64278800
2008-05-13,MSFT,21.672496206278534,21.766409750229652,21.332960928424242,21.513565063476562,70934700
2008-05-14,MSFT,21.593026128763206,21.86032080766501,21.47743961299485,21.621923446655273,66730400
2008-05-15,MSFT,21.65803735650771,22.055367093452976,21.629141425000526,21.997573852539062,53355800
2008-05-16,MSFT,22.01203136577307,22.01925569648434,21.6147028219545,21.665271759033203,81538200
2008-05-19,MSFT,21.578574907801674,21.5930221862099,21.174020798577814,21.28238296508789,59615000
2008-05-20,MSFT,21.166795493784335,21.17401982160497,20.682776552998977,20.776691436767578,75767600
2008-05-21,MSFT,20.812813085079163,20.98619283063067,20.36491575354604,20.408260345458984,60125100
2008-05-22,MSFT,20.429941547781755,20.733356569012685,20.35769961360291,20.56719970703125,52203100
2008-05-23,MSFT,20.415488762802777,20.46605769314634,20.19154005218127,20.26378059387207,48890700
2008-05-27,MSFT,20.307127219451782,20.588869199143623,20.263781239576073,20.54552459716797,47334500
2008-05-28,MSFT,20.632218054201452,20.63944238566995,20.256562463142156,20.35770034790039,52318500
2008-05-29,MSFT,20.379370540796074,20.7189072065951,20.328801601949472,20.45161247253418,47699200
2008-05-30,MSFT,20.502178295753883,20.7333527177653,20.372144491866255,20.458833694458008,63399200
2008-06-02,MSFT,20.40104314066082,20.4877337326565,19.902575336961153,20.083179473876953,77028400
2008-06-03,MSFT,20.162644825743303,20.4516111561966,19.700298697018027,19.72919464111328,86616700
2008-06-04,MSFT,19.707524840709883,19.967593873095453,19.64973156930195,19.895353317260742,79567400
2008-06-05,MSFT,20.02539150454889,20.444393157958984,19.93870226751264,20.444393157958984,76063400
2008-06-06,MSFT,20.220432476693475,20.350467633762204,19.859224319458008,19.859224319458008,78500800
2008-06-09,MSFT,19.974811457195734,20.162639870302183,19.72196546347937,20.018156051635742,66787100
2008-06-10,MSFT,19.765311670444976,20.43715909278946,19.736414355208733,20.148191452026367,77433900
2008-06-11,MSFT,20.11929590905284,20.18431349170898,19.584707967802263,19.59193229675293,59330800
2008-06-12,MSFT,19.794207382141188,20.624985895115216,19.642500612579763,20.401037216186523,113996300
2008-06-13,MSFT,20.682788593576937,21.361860647145328,20.588875033035777,21.000652313232422,131969100
2008-06-16,MSFT,20.964525111459693,21.029542700336375,20.690006096669254,20.899507522583008,74718900
2008-06-17,MSFT,20.97897273025732,21.0367659866258,20.798368631868325,20.805591583251953,44256700
2008-06-18,MSFT,20.62499035777002,20.848940463054888,20.559972763061523,20.559972763061523,49677800
2008-06-19,MSFT,20.624988507792573,21.087335959571206,20.466057389371784,20.899507522583008,62037800
2008-06-20,MSFT,20.87782921163854,20.892277867239102,20.299896766612417,20.393810272216797,97480400
2008-06-23,MSFT,20.444373728342228,20.523839935020707,20.075942754231182,20.205976486206055,57145300
2008-06-24,MSFT,20.169867544939233,20.234885136334707,19.87367690764876,20.032608032226562,65218300
2008-06-25,MSFT,20.090399476535985,20.711678014609564,20.054279208094464,20.480504989624023,64280200
2008-06-26,MSFT,20.249325590868253,20.372136393972823,20.047048568725586,20.047048568725586,67049100
2008-06-27,MSFT,19.99648503274269,20.162640464576498,19.83755255194526,19.960363388061523,73450200
2008-06-30,MSFT,20.03260934236944,20.213213468524014,19.85922954660906,19.87367820739746,57830500
2008-07-01,MSFT,19.700303296726073,19.779768194966927,19.100697504324494,19.41133689880371,100327800
2008-07-02,MSFT,19.43300354140206,19.50524546685934,18.696138381958008,18.696138381958008,84669000
2008-07-03,MSFT,18.761156788126364,18.85507170865082,18.493863443649463,18.768381118774414,37074500
2008-07-07,MSFT,18.862291927170176,19.064567629617116,18.38549723154541,18.80449867248535,71527600
2008-07-08,MSFT,18.732256526058855,18.927309274900235,18.428841598272214,18.674463272094727,65553200
2008-07-09,MSFT,18.631120510170927,18.67446511043596,18.190446044126404,18.226566314697266,54255800
2008-07-10,MSFT,18.204892057125914,18.544427235994842,18.04595958275764,18.385496139526367,57830600
2008-07-11,MSFT,18.17599119135181,18.52275063111539,17.96649121320697,18.241008758544922,69532600
2008-07-14,MSFT,18.407174892002992,18.64557231818567,18.110984192136645,18.168777465820312,51216200
2008-07-15,MSFT,18.00983838028898,19.24516957823529,18.00983838028898,18.891185760498047,92719300
2008-07-16,MSFT,18.876736399526862,19.714740534654617,18.725029645257834,19.69306755065918,82060400
2008-07-17,MSFT,19.924238292488045,20.16263557800692,19.58470318217314,19.88089370727539,96526100
2008-07-18,MSFT,19.042896504148686,19.122361370171976,18.13987601556652,18.68168830871582,150277000
2008-07-21,MSFT,18.537205235640837,18.90563777536121,18.443291707272888,18.522756576538086,77575600
2008-07-22,MSFT,18.45051485894152,18.739481133049086,18.407168884400473,18.638341903686523,88657200
2008-07-23,MSFT,18.68169054087223,19.38965835781524,18.674466210752392,19.093467712402344,79408800
2008-07-24,MSFT,18.847847291723355,18.905640558743006,18.378276824951172,18.378276824951172,81092600
2008-07-25,MSFT,18.52275771936714,18.941759213898997,18.42161985520774,18.898414611816406,58682300
2008-07-28,MSFT,18.826170290924303,18.86229193630724,18.306030998508934,18.42161750793457,59707800
2008-07-29,MSFT,18.436065579403696,18.920084588933257,18.34937501114325,18.86229133605957,66368200
2008-07-30,MSFT,18.92731062817091,19.13681067205733,18.710584876885008,18.94898223876953,51977700
2008-07-31,MSFT,18.67446797735169,18.985107312390646,18.573328724006313,18.58055305480957,60461000
2008-08-01,MSFT,18.725036427069075,18.74670941891401,18.110982103797678,18.378276824951172,82720200
2008-08-04,MSFT,18.3421582996665,18.45774485341616,18.139882519554803,18.262693405151367,60588300
2008-08-05,MSFT,18.522760657716407,18.985108205575195,18.42162277751305,18.934537887573242,84297600
2008-08-06,MSFT,19.310193823555792,19.62083315686413,19.057347758451318,19.519695281982422,95550000
2008-08-07,MSFT,19.43300338842355,20.047057683126365,19.31019252948299,19.7869873046875,82565800
2008-08-08,MSFT,19.75809118701944,20.39381708904565,19.64250465937831,20.321575164794922,80814100
2008-08-11,MSFT,20.12651483645384,20.516618849794778,19.982031052016758,20.155410766601562,68743800
2008-08-12,MSFT,20.06872655337604,20.487727978218746,19.924242733264833,20.314348220825195,62813000
2008-08-13,MSFT,20.278229956812122,20.58886925729853,20.054281238421943,20.162643432617188,51165200
2008-08-14,MSFT,20.097625840520028,20.429938131005507,19.909797394228246,20.162643432617188,49732300
2008-08-15,MSFT,20.213207706998922,20.33601853289433,19.924241463097886,20.090396881103516,47267400
2008-08-18,MSFT,20.06872929056732,20.2637806830509,19.90257246140721,20.003711700439453,38078200
2008-08-19,MSFT,19.974704282155944,20.12701617294821,19.778873522512235,19.81513786315918,40332900
2008-08-20,MSFT,19.97469559169868,20.003706774915056,19.70633488412175,19.793371200561523,41497200
2008-08-21,MSFT,19.655572569682736,19.74986068416531,19.481501246748515,19.71359634399414,43614200
2008-08-22,MSFT,19.74985168815096,20.221294812614314,19.742598546741338,20.192283630371094,47930400
2008-08-25,MSFT,20.025467012160696,20.19228512675859,19.9166712663491,20.061731338500977,51381300
2008-08-26,MSFT,20.003709611095697,20.105250841842796,19.706337678140184,19.778867721557617,44774400
2008-08-27,MSFT,19.829643193553373,20.15602777717129,19.677329926733062,19.989208221435547,33975300
2008-08-28,MSFT,20.025468120261618,20.3155868972236,20.01821497791314,20.264816284179688,48372600
2008-08-29,MSFT,20.076236808048982,20.14876684118291,19.793371200561523,19.793371200561523,50735500
2008-09-02,MSFT,20.068996357824446,20.13427329058591,19.626564120973658,19.655576705932617,66079200
2008-09-03,MSFT,19.58303954373384,19.713593362035375,19.46699201266485,19.510509490966797,57127700
2008-09-04,MSFT,19.394470499151858,19.503264934506028,19.111604690551758,19.111604690551758,66141900
2008-09-05,MSFT,18.879507292608295,19.01731291550166,18.589386988125952,18.603893280029297,82305200
2008-09-08,MSFT,19.01005014139778,19.09708646533982,18.6183901421472,18.944774627685547,62110800
2008-09-09,MSFT,19.002803113473227,19.29292195984926,18.894007335610905,18.930273056030273,85735700
2008-09-10,MSFT,19.2348902767746,19.481491540584162,19.039059617267853,19.17686653137207,75064900
2008-09-11,MSFT,18.93027408515486,19.9166782164582,18.879503457203434,19.82964324951172,72913300
2008-09-12,MSFT,19.684580410558382,20.11975933543011,19.539521691198253,20.032724380493164,75628500
2008-09-15,MSFT,19.525012263220606,19.938431691152754,19.387205326111406,19.452482223510742,82349400
2008-09-16,MSFT,18.923022544951994,19.213141431696034,18.509602958417247,18.850492477416992,111729700
2008-09-17,MSFT,18.661911488857896,18.763454118448536,17.769795554270708,17.820566177368164,106972100
2008-09-18,MSFT,17.98737684607102,18.386291287788996,17.414392559567588,18.321014404296875,132291300
2008-09-19,MSFT,19.126104283554593,19.147862332964955,17.044498913887757,18.248493194580078,134926100
2008-09-22,MSFT,19.017301611362633,19.089831644370395,18.364534081083402,18.422557830810547,105207700
2008-09-23,MSFT,18.611143173118332,18.981045251625176,18.379048076815035,18.45157814025879,92181300
2008-09-24,MSFT,18.55311043213787,18.923012331867408,18.46607412139171,18.654651641845703,80250300
2008-09-25,MSFT,18.727186941949824,19.496002139149425,18.669163179583734,19.300172805786133,96203500
2008-09-26,MSFT,18.981041626417525,19.989205027208325,18.959282196521485,19.873157501220703,100744300
2008-09-29,MSFT,19.53951888592495,20.061732690759797,18.139694213867188,18.139694213867188,134383100
2008-09-30,MSFT,18.690920468706558,19.35819435119629,18.52410234393299,19.35819435119629,107192700
2008-10-01,MSFT,19.133351078308355,19.57578308009541,19.060822421237752,19.205881118774414,88957000
2008-10-02,MSFT,18.988295692534717,19.242150186743153,18.640153097652362,19.039066314697266,93819800
2008-10-03,MSFT,19.126105659254883,19.923932218659377,19.031816160375207,19.089839935302734,114289400
2008-10-06,MSFT,18.589383139286493,18.850490805901103,17.508689517370033,18.067169189453125,146374600
2008-10-07,MSFT,18.11793416127325,18.284752281358283,16.78338643380217,16.848663330078125,145941200
2008-10-08,MSFT,16.609315177478358,17.624731566118946,16.319196406923254,16.689098358154297,171598600
2008-10-09,MSFT,17.240333683538072,17.3418749602124,16.00732653793775,16.174144744873047,131948700
2008-10-10,MSFT,15.804242512022029,16.210408964270755,14.977401933556393,15.593905448913574,228467500
2008-10-13,MSFT,16.58031363830806,18.495100021362305,16.41349403771464,18.495100021362305,144935400
2008-10-14,MSFT,18.59663508935005,18.661912001811228,17.117028301486716,17.479677200317383,165674900
2008-10-15,MSFT,17.247577532265225,17.588466908342724,16.304689816419927,16.435243606567383,113280200
2008-10-16,MSFT,16.638324808028013,17.544946670532227,15.456089124621217,17.544946670532227,161147800
2008-10-17,MSFT,17.095270874824962,18.212230278273722,16.9066932593052,17.35637855529785,133673100
2008-10-20,MSFT,17.55220753402303,17.951120775679822,16.68910275382134,17.92936134338379,93484300
2008-10-21,MSFT,17.624731887113928,18.139693924699117,16.87767621225301,16.94295310974121,100385600
2008-10-22,MSFT,16.71085530590751,16.72536020473711,15.158717692732685,15.615655899047852,150054800
2008-10-23,MSFT,15.630164849319646,16.384475119789663,15.151468478981204,16.188644409179688,154774100
2008-10-24,MSFT,15.274772049271512,16.58030898500323,15.194990227966034,15.927539825439453,153919700
2008-10-27,MSFT,15.71720260801305,15.92753824029825,15.245759337888304,15.361806869506836,117683900
2008-10-28,MSFT,15.695443776738376,16.8341610888746,15.477854992489121,16.754379272460938,134088800
2008-10-29,MSFT,16.77612895384996,17.385378905962842,16.464252220878297,16.681840896606445,111701800
2008-10-30,MSFT,17.18230304524076,17.32010861335799,16.2394151972525,16.41348648071289,95323000
2008-10-31,MSFT,16.34095238030544,16.6165648082413,16.043580530402874,16.195892333984375,93055200
2008-11-03,MSFT,16.304694017064378,16.616572288679233,16.108863281390526,16.40623664855957,61923500
2008-11-04,MSFT,16.776135379504208,17.160543662816078,16.58755919278807,17.066255569458008,72123000
2008-11-05,MSFT,16.921198241629885,16.928451385904406,15.992816525428386,16.014575958251953,81179700
2008-11-06,MSFT,15.862263532237684,16.014575406568213,15.129712586496355,15.144217491149902,95509700
2008-11-07,MSFT,15.463351600556052,15.622918030057917,15.231256484985352,15.593905448913574,71256300
2008-11-10,MSFT,15.847754698190993,15.934789645712893,15.369058336633904,15.448840141296387,67106800
2008-11-11,MSFT,15.441593950109175,15.448845712188046,15.078944976739539,15.376317024230957,78014500
2008-11-12,MSFT,15.151462062972229,15.231245218709006,14.709031594946891,14.723536491394043,90162300
2008-11-13,MSFT,14.614752517474356,15.412580490112305,13.592082581507993,15.412580490112305,148413700
2008-11-14,MSFT,14.91212364698257,15.47785647704692,14.252102703605438,14.549474716186523,96624500
2008-11-17,MSFT,14.31736790410724,14.680016538102038,13.889442405321798,14.01274299621582,97289000
2008-11-18,MSFT,14.239114333102188,14.355947980311417,13.691456089521335,14.326740264892578,108966500
2008-11-19,MSFT,14.334046911654552,14.567715692777982,13.326355951177717,13.355565071105957,103010500
2008-11-20,MSFT,13.23142467755027,13.75717612574617,12.77869321925075,12.800600051879883,139532800
2008-11-21,MSFT,13.158408081007082,14.385163299106715,13.129198960210644,14.370558738708496,157231900
2008-11-24,MSFT,14.52389598399588,15.29061835063468,14.509292822861049,15.108065605163574,125289900
2008-11-25,MSFT,15.23220131039466,15.283315855554335,14.275623934986523,14.596917152404785,92948100
2008-11-26,MSFT,14.407061352314363,15.100762294735308,14.407061352314363,14.962021827697754,79678300
2008-11-28,MSFT,14.772173877230587,14.83059072398749,14.618830176781527,14.764871597290039,28650800
2008-12-01,MSFT,14.516598698446055,14.567714654677934,13.58192921162717,13.589231491088867,79639900
2008-12-02,MSFT,13.86671161355966,14.100378993129791,13.552720549974508,13.983545303344727,79689800
2008-12-03,MSFT,13.618440592633462,14.531204726091035,13.581930584402174,14.509299278259277,80961500
2008-12-04,MSFT,14.166100558004956,14.545810811599635,13.720672561257048,13.954339981079102,78719200
2008-12-05,MSFT,13.808295699524741,14.589621574921617,13.487002334572766,14.509299278259277,91996200
2008-12-08,MSFT,14.85979291589722,15.516982483712868,14.70644789417236,15.341732025146484,107225000
2008-12-09,MSFT,15.0569553270843,15.516987763247672,14.940120255520977,15.042350769042969,80484900
2008-12-10,MSFT,15.202991917511502,15.305221005911099,14.823281885217474,15.04964828491211,61499000
2008-12-11,MSFT,14.684546393270983,14.691848671764353,14.100376648706211,14.202607154846191,83564300
2008-12-12,MSFT,13.98354060619231,14.494688871879882,13.654946486336277,14.136885643005371,78112600
2008-12-15,MSFT,14.122283920877262,14.195305315301736,13.793688342350755,13.903221130371094,59925900
2008-12-16,MSFT,14.027362618397314,14.735668683549024,13.874018867860103,14.684554100036621,97688700
2008-12-17,MSFT,14.46548270476529,14.640733216216642,14.239117634903199,14.355951309204102,78922700
2008-12-18,MSFT,14.501984236581295,14.618817831431057,13.866700345915197,14.09306526184082,80759200
2008-12-19,MSFT,14.180700280073536,14.45817989821672,13.954335218475105,13.961637496948242,113530400
2008-12-22,MSFT,14.049260614956458,14.085772003584703,13.793686465627006,14.005448341369629,58575400
2008-12-23,MSFT,14.078472137451172,14.290232656700551,13.881314783387495,14.078472137451172,47511400
2008-12-24,MSFT,14.063863247558757,14.202603719842989,13.947029605456313,13.998144149780273,16880400
2008-12-26,MSFT,14.0200519069623,14.11497872515948,13.939728250418323,13.9689359664917,23101000
2008-12-29,MSFT,13.983542402901223,14.02735467929129,13.611134571667762,13.844801902770996,58512800
2008-12-30,MSFT,13.881315246034578,14.23181629198468,13.8740129668147,14.122284889221191,43224100
2008-12-31,MSFT,14.100374748403668,14.37055344517766,14.07116703113371,14.195302963256836,46419000
2009-01-02,MSFT,14.261024535114913,14.896307467880824,14.14419086028975,14.845192909240723,50084000
2009-01-05,MSFT,14.750271731511468,15.09347060892546,14.648041182230523,14.983939170837402,61475200
2009-01-06,MSFT,15.151878363987347,15.334431115360688,15.049649268903705,15.159180641174316,58083400
2009-01-07,MSFT,14.742961744706525,14.815983129524088,14.224511165992187,14.246417999267578,72709900
2009-01-08,MSFT,14.334038487828003,14.74295756990485,14.275621675069408,14.691843032836914,70255400
2009-01-09,MSFT,14.72835719588771,14.823284021256763,14.173396620895744,14.2537202835083,49815300
2009-01-12,MSFT,14.392465142466508,14.450883387939445,14.093078598255856,14.217214584350586,52163500
2009-01-13,MSFT,14.253719387002748,14.596918063618272,14.253719387002748,14.472782135009766,65843500
2009-01-14,MSFT,14.261022957153964,14.37055434108716,13.881312859602911,13.939729690551758,80257500
2009-01-15,MSFT,13.92512893410414,14.093077194810986,13.523513285845597,14.049264907836914,96169800
2009-01-16,MSFT,14.3340439878856,14.538503607376391,13.983542976844712,14.392460823059082,79634100
2009-01-20,MSFT,14.20991040133942,14.32674548387657,13.413981412071085,13.494303703308105,89873000
2009-01-21,MSFT,13.779084712428414,14.20260711446941,13.479696866120186,14.151491165161133,68340900
2009-01-22,MSFT,13.180311152251958,13.275239384956024,12.46470453498305,12.493913650512695,222436600
2009-01-23,MSFT,12.391684560649102,12.771394749495705,12.231038585106669,12.5596342086792,117020600
2009-01-26,MSFT,12.625349560799972,13.005058243417984,12.581535895570676,12.87362003326416,92476500
2009-01-27,MSFT,12.98315282381452,13.121891918955862,12.727578680646578,12.895526885986328,61695000
2009-01-28,MSFT,12.997757029044184,13.37016485735248,12.968549309269276,13.173008918762207,64145500
2009-01-29,MSFT,12.983158116488397,13.114594987661283,12.822510730442204,12.844417572021484,49192800
2009-01-30,MSFT,12.95394706177484,12.990458458959816,12.486612319946289,12.486612319946289,62370900
2009-02-02,MSFT,12.435497311695284,13.238728522280526,12.413590474168156,13.019665718078613,88871700
2009-02-03,MSFT,13.034265711684407,13.589226199778873,12.851712974525709,13.508902549743652,86865100
2009-02-04,MSFT,13.538111679704459,13.87400804813112,13.508902573180302,13.603829383850098,75618000
2009-02-05,MSFT,13.51620871485846,13.976241132028314,13.326353646461728,13.903221130371094,75195200
2009-02-06,MSFT,13.990845728821968,14.553108656874596,13.917824334192089,14.355951309204102,86746000
2009-02-09,MSFT,14.341344335140676,14.436272549993845,14.063864753624463,14.195302963256836,52196400
2009-02-10,MSFT,14.056564746778154,14.458180325293487,13.65494916826282,13.7279691696167,83953200
2009-02-11,MSFT,13.830197366176693,14.231812877544598,13.8155928112408,14.027353286743164,58599000
2009-02-12,MSFT,13.852104717796882,14.107678893383406,13.538115099937835,14.06386661529541,75323200
2009-02-13,MSFT,14.071167908378438,14.217209289366997,13.903219693496395,13.939729690551758,47416000
2009-02-17,MSFT,13.594180568555293,13.60153291678836,13.153049490790641,13.300093650817871,75853300
2009-02-18,MSFT,13.395668028725483,13.564769191232527,13.233920614932538,13.322147369384766,54946900
2009-02-19,MSFT,13.454482895832419,13.513300253758379,13.094226403246351,13.16774845123291,49195600
2009-02-20,MSFT,13.064824109728256,13.373615723768733,12.983949681524287,13.23392391204834,69413800
2009-02-23,MSFT,13.248624556271922,13.34420224938375,12.61633682512463,12.653097152709961,70803400
2009-02-24,MSFT,12.52076339207341,12.75603293422743,12.028167262319524,12.623693466186523,122674500
2009-02-25,MSFT,12.506056283355024,12.675156058878219,12.101685608731993,12.469294548034668,105894600
2009-02-26,MSFT,12.535461713820105,12.55751875051578,12.072275161743164,12.072275161743164,83219500
2009-02-27,MSFT,11.976699304108095,12.145799070997693,11.837007521656506,11.873767852783203,93428000
2009-03-02,MSFT,11.73408079804021,11.94729401706769,11.557628623912356,11.60909366607666,80602100
2009-03-03,MSFT,11.785539800749623,11.939934838937946,11.498804655917999,11.675256729125977,80476600
2009-03-04,MSFT,11.851709365844727,12.057569414371603,11.682608938449045,11.851709365844727,69285100
2009-03-05,MSFT,11.660553044797894,11.67525773607923,11.226775169372559,11.226775169372559,89708500
2009-03-06,MSFT,11.285593722104865,11.484102167225211,10.93268880688442,11.23412799835205,92821400
2009-03-09,MSFT,11.175314663576382,11.572332398296904,11.101793276351751,11.138553619384766,66479100
2009-03-10,MSFT,11.300298640460444,12.219321684218022,11.21207257970993,12.116390228271484,95184200
2009-03-11,MSFT,12.226672750820851,12.645748121170405,12.07963001592904,12.579578399658203,84522200
2009-03-12,MSFT,12.50605583190918,12.528112872305176,12.116389865480523,12.50605583190918,93694100
2009-03-13,MSFT,12.483995792614522,12.535460805525513,11.895822213179704,12.241374015808105,82965800
2009-03-16,MSFT,12.366365370346466,12.469295431905909,11.939939026621309,11.947291374206543,67028900
2009-03-17,MSFT,11.998752328965441,12.425178527832031,11.95463966075619,12.425178527832031,62481000
2009-03-18,MSFT,12.520760977483167,12.660451364750076,12.204617065312176,12.469294548034668,70710700
2009-03-19,MSFT,12.770737136826988,12.82955452008863,12.439888479532105,12.601635932922363,58994600
2009-03-20,MSFT,12.73397490831915,12.976596780274257,12.410478611606681,12.542818069458008,81725500
2009-03-23,MSFT,12.770732237144918,13.667697338330168,12.726618164885934,13.476540565490723,71600000
2009-03-24,MSFT,13.263325629571476,13.38831127018815,13.116281554715277,13.182451248168945,50044100
2009-03-25,MSFT,13.21921871721761,13.461840590365492,12.881019125327766,13.145696640014648,73927100
2009-03-26,MSFT,13.35890692754152,13.88091087076024,13.32214659999417,13.84415054321289,63775100
2009-03-27,MSFT,13.630936933052508,13.689754293399723,13.27067902331978,13.329496383666992,47670400
2009-03-30,MSFT,13.042765094494179,13.057469788730907,12.697213193832017,12.851608276367188,49633000
2009-03-31,MSFT,13.108938216314685,13.814748297258888,13.072177873505142,13.505956649780273,92423300
2009-04-01,MSFT,13.403015219250568,14.23381181245004,13.366254903721169,14.197050094604492,96438900
2009-04-02,MSFT,14.336748095321152,14.62348260848621,13.969139169800096,14.182353019714355,99082300
2009-04-03,MSFT,14.064717724045039,14.079422418511239,13.55006603857968,13.785335540771484,81858400
2009-04-06,MSFT,13.630940931923861,13.792688369750977,13.432431756647247,13.792688369750977,47476100
2009-04-07,MSFT,13.792688369750977,14.072070562782699,13.69710925469917,13.792688369750977,65815200
2009-04-08,MSFT,13.947076919305314,14.42496946581252,13.939724575263455,14.10882568359375,56408900
2009-04-09,MSFT,14.299986410959791,14.483790856332966,14.130885255455828,14.4617338180542,55759600
2009-04-13,MSFT,14.476439927750238,14.59407467212235,14.241170439006016,14.402917861938477,44444700
2009-04-14,MSFT,14.292635899909298,14.373508912681535,13.96913964186992,14.226466178894043,63796300
2009-04-15,MSFT,14.123532678595927,14.152942062487092,13.608881081349997,13.84415054321289,72725500
2009-04-16,MSFT,14.086773531384296,14.54260920367574,13.961786444007345,14.527904510498047,67688700
2009-04-17,MSFT,14.47644474923161,14.47644474923161,13.969143868718788,14.116188049316406,61398500
2009-04-20,MSFT,13.888266552898427,13.932380639332026,13.652997034520341,13.682406425476074,62937200
2009-04-21,MSFT,13.667700345340373,14.027956934149284,13.65299565135222,13.94708251953125,60928300
2009-04-22,MSFT,13.792685521069938,14.10882938625619,13.748572847558274,13.807390213012695,59401000
2009-04-23,MSFT,13.910318374633789,13.925023064591992,13.579469862156296,13.910318374633789,86116300
2009-04-24,MSFT,14.572011543176973,15.58661254235979,14.336742152733475,15.373398780822754,168478500
2009-04-27,MSFT,15.10872311660994,15.307232231410898,14.910215404125452,14.998440742492676,68219600
2009-04-28,MSFT,14.888160633588093,14.902865326325418,14.549961114529705,14.652891159057617,76685200
2009-04-29,MSFT,14.78523350178399,15.358702608347542,14.748471762698534,14.888163566589355,79301600
2009-04-30,MSFT,15.145482862727082,15.513091663267465,14.711704365904126,14.895508766174316,87439900
2009-05-01,MSFT,14.8440456454378,14.961680364379095,14.601423862331824,14.880805969238281,63224500
2009-05-04,MSFT,14.976387934898986,14.998443572494153,14.689652025311183,14.844048500061035,54313400
2009-05-05,MSFT,14.807285230434765,14.880807286862213,14.439676350614107,14.549960136413574,66835500
2009-05-06,MSFT,14.748467865756123,14.755820211630526,14.417620715307484,14.549960136413574,59639100
2009-05-07,MSFT,14.674946635887565,14.697003674753129,14.072068263395524,14.204407691955566,68727200
2009-05-08,MSFT,14.307340154863798,14.439679605803654,14.07207064311157,14.277932167053223,67597600
2009-05-11,MSFT,14.11618234112665,14.505846878201586,13.976490566278088,14.204407691955566,63762600
2009-05-12,MSFT,14.344103342321073,14.748472681226325,14.314693949221104,14.623485565185547,71966800
2009-05-13,MSFT,14.64553491721063,14.704352270198772,14.461730513833146,14.520547866821289,49281700
2009-05-14,MSFT,14.579376186690924,14.87346317284941,14.557319136860027,14.748476028442383,54539500
2009-05-15,MSFT,14.799935358039042,15.071966591589572,14.689652956124922,14.866105079650879,61289900
2009-05-18,MSFT,14.96903567200716,15.145487785339357,14.88080891418269,15.145487785339355,46073800
2009-05-19,MSFT,15.175080414163467,15.345254061638231,14.982709651757197,15.02710247039795,51368300
2009-05-20,MSFT,15.101089820372167,15.308258637148803,14.960510930015802,15.078892707824707,47450700
2009-05-21,MSFT,14.901321997344464,14.967911932506608,14.435193862431756,14.664558410644531,58232800
2009-05-22,MSFT,14.745948058313578,14.923520768033836,14.40559930626625,14.612768173217773,37318700
2009-05-26,MSFT,14.457398546557943,15.13069587792548,14.390808576534953,15.049307823181152,44991700
2009-05-27,MSFT,14.982711774216153,15.241672506879196,14.849531888205304,14.893924713134766,42892900
2009-05-28,MSFT,15.034508259340543,15.263872905063891,14.834738368925258,15.130694389343262,45480800
2009-05-29,MSFT,15.21207515814408,15.493232986864822,15.01970438355156,15.45623779296875,46134900
2009-06-01,MSFT,15.537626463232778,15.907569950452606,15.434042738402397,15.83358097076416,57317100
2009-06-02,MSFT,15.803986225622225,16.26271535949026,15.685604422609673,15.83358097076416,48935700
2009-06-03,MSFT,15.766990946214506,16.099940647428504,15.75219427933353,16.077743530273438,56039600
2009-06-04,MSFT,16.107338670800413,16.203523349962452,15.966759760127601,16.151731491088867,42330000
2009-06-05,MSFT,16.24792169093708,16.506882484516492,16.136938896895273,16.381101608276367,59579200
2009-06-08,MSFT,16.262720374421377,16.51428213620269,16.003759571267338,16.314512252807617,49000600
2009-06-09,MSFT,16.32191379852893,16.514284670067653,16.188733855831114,16.336711883544922,50887700
2009-06-10,MSFT,16.403297480031046,16.73624724797578,16.3663036885806,16.6844539642334,61297200
2009-06-11,MSFT,16.7140516948568,17.209776167415164,16.69925361239886,16.891624450683594,65124600
2009-06-12,MSFT,16.943414480077998,17.29855995299656,16.82503265577181,17.261566162109375,50963500
2009-06-15,MSFT,17.187569009351016,17.416934919873114,17.03219346792185,17.328147888183594,69089600
2009-06-16,MSFT,17.365153728542854,17.838682541238523,17.342958013613178,17.350357055664062,105295600
2009-06-17,MSFT,17.3873545525866,17.62411830367716,17.14319175787155,17.52053451538086,86483100
2009-06-18,MSFT,17.476135254753046,17.52792712990436,17.239370179282716,17.387348175048828,58852200
2009-06-19,MSFT,17.786886321731554,18.008851884251794,17.572318388235708,17.80908203125,115459000
2009-06-22,MSFT,17.72029365137451,17.72029365137451,17.202372203344005,17.22456932067871,71291600
2009-06-23,MSFT,17.298557606558298,17.50572647660433,17.17277675889151,17.268962860107422,56752700
2009-06-24,MSFT,17.350351875850162,17.57231742621864,17.28376192849511,17.365148544311523,54287700
2009-06-25,MSFT,17.335553664747465,17.698098146919598,17.165379983340195,17.601913452148438,57724300
2009-06-26,MSFT,17.43913609490037,17.527923154467157,17.254164347756795,17.2763614654541,65126400
2009-06-29,MSFT,17.461340452828395,17.77949221563048,17.424345241326396,17.653711318969727,62854900
2009-06-30,MSFT,17.735092810815427,17.934862661235634,17.483531090557964,17.587116241455078,66452400
2009-07-01,MSFT,17.79428575233196,17.979257543567105,17.727695794589483,17.786888122558594,54908400
2009-07-02,MSFT,17.57972383151152,17.786892800217093,17.172784937042337,17.291168212890625,65422200
2009-07-06,MSFT,17.172778106681733,17.224571386675045,16.921217802827133,17.165380477905273,49207700
2009-07-07,MSFT,17.07659018336146,17.120983003747316,16.617859668633244,16.669652938842773,52842500
2009-07-08,MSFT,16.50688079470505,16.788038682799776,16.27751618900236,16.691852569580078,73023400
2009-07-09,MSFT,16.758439165770206,16.876820965087973,16.551271722575297,16.603063583374023,46981200
2009-07-10,MSFT,16.418090213120333,16.67705090258841,16.388494060622396,16.56606674194336,43229200
2009-07-13,MSFT,16.588264480824527,17.23196670966629,16.38109563920622,17.187572479248047,67584000
2009-07-14,MSFT,17.16538298829256,17.18017965923204,16.913821236425203,17.098793029785156,45448700
2009-07-15,MSFT,17.57231624709084,17.8460750579834,17.431737321971823,17.8460750579834,67238700
2009-07-16,MSFT,17.705489929351867,18.08283233642578,17.653698083302462,18.08283233642578,64555100
2009-07-17,MSFT,18.053245602546895,18.09024080560181,17.83128002910821,17.971858978271484,52860100
2009-07-20,MSFT,18.082837475460455,18.14942741394043,17.868269582308898,18.14942741394043,47798000
2009-07-21,MSFT,18.2678113772763,18.371395111083984,18.031047750731567,18.371395111083984,52028400
2009-07-22,MSFT,18.275207915595374,18.423184456320325,18.134629002367685,18.34919548034668,66192500
2009-07-23,MSFT,18.445378578925325,19.029888430688406,18.378788652478352,18.91150665283203,106060500
2009-07-24,MSFT,17.468738906032236,17.675906438565054,16.876828242968394,17.350357055664062,215135700
2009-07-27,MSFT,17.34295574057138,17.350354781652513,16.943415989526947,17.098793029785156,80950000
2009-07-28,MSFT,17.01000309923294,17.424339451824622,16.943413151877884,17.365148544311523,70288400
2009-07-29,MSFT,17.557520187343723,17.690700088431658,17.26896467580161,17.609312057495117,73626900
2009-07-30,MSFT,17.905263701302847,18.075437351099882,17.542717875252084,17.61670684814453,67820000
2009-07-31,MSFT,17.587119093201334,17.80908468884482,17.387349210388496,17.40214729309082,54258200
2009-08-03,MSFT,17.624110740434535,17.653706902231544,17.387347090949152,17.63150978088379,46902900
2009-08-04,MSFT,17.520526291315008,17.601914321757896,17.409543511489094,17.587116241455078,49218300
2009-08-05,MSFT,17.63890396337895,17.942257482137933,17.601910182543865,17.61670684814453,53310300
2009-08-06,MSFT,17.70549581856802,17.742489603416224,17.21717052021509,17.35774803161621,59686000
2009-08-07,MSFT,17.572322597750606,17.624114480664094,17.38735078093218,17.431743621826172,46169700
2009-08-10,MSFT,17.35774262459877,17.424332545560414,17.239360856494073,17.328147888183594,35261900
2009-08-11,MSFT,17.254159587925855,17.313350474234163,17.05438981742704,17.11358070373535,33615800
2009-08-12,MSFT,17.113586146845535,17.683299490778587,17.039598573844355,17.409542083740234,61972300
2009-08-13,MSFT,17.483532883593718,17.646308961173105,17.313359176326863,17.47613525390625,38954500
2009-08-14,MSFT,17.47613362102338,17.609312111295583,17.394745589838177,17.527925491333008,46330200
2009-08-17,MSFT,17.2541653711151,17.46133424824333,17.187575425296114,17.202373504638672,42474400
2009-08-18,MSFT,17.328860903682394,17.596716945099924,17.31397961828212,17.544633865356445,38878900
2009-08-19,MSFT,17.299097332123274,17.648799003854478,17.299097332123274,17.596715927124023,41821300
2009-08-20,MSFT,17.559515886579863,17.760408990429458,17.514873447665803,17.61159896850586,39505900
2009-08-21,MSFT,17.80504721847857,18.169630124894812,17.685999796757233,18.162189483642578,69011400
2009-08-24,MSFT,18.162192009891445,18.400286886451646,18.06546649847289,18.333322525024414,54180900
2009-08-25,MSFT,18.30356137503309,18.46725124787888,18.19939380216995,18.333322525024414,43980300
2009-08-26,MSFT,18.296125721184396,18.415173191922786,18.169637606130127,18.2663631439209,41079000
2009-08-27,MSFT,18.1621972949608,18.43749546306671,18.0803516251427,18.37053108215332,45495600
2009-08-28,MSFT,18.653266616724157,18.96576655679288,18.311005520969577,18.363088607788086,55808000
2009-08-31,MSFT,18.28123937314525,18.48957309885913,18.072907066588776,18.340763092041016,49592800
2009-09-01,MSFT,18.11755455505272,18.407732588223098,17.782732655888594,17.85713768005371,62608500
2009-09-02,MSFT,17.723209071586847,17.9613040156202,17.693447913161584,17.752971649169922,40771300
2009-09-03,MSFT,17.7901681896091,17.96129870261746,17.678561395001797,17.93897819519043,34120000
2009-09-04,MSFT,17.924095892024805,18.452368685413337,17.916655250252912,18.31844139099121,44999700
2009-09-08,MSFT,18.318444131098268,18.482134017092996,18.162193468830893,18.467252731323242,53737100
2009-09-09,MSFT,18.407731702057735,18.563982387198205,18.35564861339682,18.4374942779541,49900300
2009-09-10,MSFT,18.4523785827274,18.638390469324076,18.340771734601002,18.60118865966797,46256000
2009-09-11,MSFT,18.549094254133237,18.727665386140682,18.459807978550913,18.497011184692383,54303500
2009-09-14,MSFT,18.340771734601002,18.66815305237542,18.333331088838168,18.60118865966797,42806800
2009-09-15,MSFT,18.578856634598797,18.80207162881038,18.497012413962786,18.749988555908203,44716600
2009-09-16,MSFT,18.787190345364817,18.861595343435344,18.563976770310532,18.749988555908203,50055800
2009-09-17,MSFT,18.645821173106153,18.883916033932064,18.645821173106153,18.824392318725586,42428800
2009-09-18,MSFT,18.943442465129216,18.958323750853747,18.675586417875223,18.794633865356445,68016500
2009-09-21,MSFT,18.683024382083524,18.8764768112939,18.675583740288047,18.824392318725586,28878700
2009-09-22,MSFT,18.89880836713779,19.211308409471325,18.816964097850104,19.17410659790039,61376700
2009-09-23,MSFT,19.285706238712685,19.53124179305912,19.07737248202331,19.12945556640625,60599900
2009-09-24,MSFT,19.285709226105705,19.427078633584657,19.092256726176046,19.30059051513672,56302900
2009-09-25,MSFT,19.114577908804907,19.211303445390953,18.98808979532607,19.01041030883789,50158900
2009-09-28,MSFT,19.047608045522033,19.464274067944952,19.047608045522033,19.218738555908203,44358000
2009-09-29,MSFT,19.278271045667193,19.315472853841886,19.114581102877317,19.159223556518555,39050300
2009-09-30,MSFT,19.16665679644083,19.33778731857645,18.883918054587884,19.13689422607422,63533400
2009-10-01,MSFT,18.906239763930984,18.950882199807662,18.452370505186163,18.51189422607422,75958100
2009-10-02,MSFT,18.19940074295788,18.668151451718092,18.177080226741264,18.57142448425293,51219700
2009-10-05,MSFT,18.58629868615898,18.64582240529903,18.24403765589304,18.333322525024414,60804900
2009-10-06,MSFT,18.36308484194028,18.75742894364243,18.348203557570326,18.683025360107422,48795300
2009-10-07,MSFT,18.593744844853084,18.73511425193632,18.51189917456945,18.67559051513672,38472700
2009-10-08,MSFT,18.928564658703454,19.2708257526735,18.76487333623285,19.099695205688477,60521300
2009-10-09,MSFT,19.02529159728429,19.18898293187913,18.94344592998687,19.01041030883789,39520000
2009-10-12,MSFT,19.092251789681768,19.263382311817388,19.010406140331053,19.13689422607422,29145800
2009-10-13,MSFT,19.040175116653046,19.300592018346773,18.98809202014589,19.20386505126953,37749000
2009-10-14,MSFT,19.449396579751298,19.494040440949274,19.211301663326,19.315467834472656,45365500
2009-10-15,MSFT,19.270830363313028,19.87350845336914,19.270830363313028,19.87350845336914,65620100
2009-10-16,MSFT,19.68004903159234,19.81397633566296,19.41963222744421,19.71725082397461,56500900
2009-10-19,MSFT,19.709817972406608,19.776782360489772,19.531246743904155,19.61309242248535,48143200
2009-10-20,MSFT,19.657729063545453,19.724693431832417,19.300586712120026,19.620527267456055,54604700
2009-10-21,MSFT,19.687489067881867,19.90326344625177,19.635405988732572,19.776775360107422,61672700
2009-10-22,MSFT,19.76189590456019,19.880943359111466,19.441955338269544,19.784217834472656,61600000
2009-10-23,MSFT,21.726181602409863,21.83778841293492,20.744037979979616,20.84820556640625,281761000
2009-10-26,MSFT,20.93005226259676,21.592255398596425,20.915172393494355,21.339279174804688,124149700
2009-10-27,MSFT,21.376476414232993,21.488083214050114,21.160703457140887,21.272310256958008,69685800
2009-10-28,MSFT,21.011895460565828,21.40624103818913,20.79612248277173,20.84820556640625,73542400
2009-10-29,MSFT,20.88540818447763,21.13838438849562,20.721718283883842,20.99701499938965,65225500
2009-10-30,MSFT,20.855640285024688,21.13093691150349,20.580342239388695,20.63242530822754,73371800
2009-11-02,MSFT,20.610108414275196,20.870523804086947,20.394334040822677,20.744035720825195,62428900
2009-11-03,MSFT,20.56545817105872,20.639863153244637,20.40920898570959,20.483613967895508,50294800
2009-11-04,MSFT,20.60267111509619,21.12350339839438,20.55058802868214,20.877967834472656,63898400
2009-11-05,MSFT,21.220236218061064,21.38392616624698,21.041664978451507,21.183032989501953,52681700
2009-11-06,MSFT,21.116056817794927,21.30206859935081,20.982129527166794,21.220224380493164,38908500
2009-11-09,MSFT,21.29463809034933,21.577375489576394,21.22767370805595,21.569934844970703,57518000
2009-11-10,MSFT,21.502970308087548,21.785709124439787,21.436005926275588,21.584815979003906,65881100
2009-11-11,MSFT,21.63689201828551,21.800581887599016,21.59224958468317,21.666654586791992,49693400
2009-11-12,MSFT,21.584813252735355,21.94195563118507,21.577372609122946,21.845230102539062,55352400
2009-11-13,MSFT,21.9270760359691,22.16517239246601,21.85267243241895,22.046123504638672,53037600
2009-11-16,MSFT,22.03123766282064,22.17260560656772,21.852666508226395,21.979154586791992,54129500
2009-11-17,MSFT,22.046412181854247,22.420080184936523,22.0239915885144,22.420080184936523,75648900
2009-11-18,MSFT,22.420081397098958,22.52470798748103,22.278087149130155,22.502288818359375,59431200
2009-11-19,MSFT,22.412612371962137,22.420085904982145,22.19588561610459,22.255672454833984,51967700
2009-11-20,MSFT,22.16599156845756,22.248199006560117,21.994104584634655,22.136098861694336,42647100
2009-11-23,MSFT,22.30051594544193,22.427563177101906,22.195889316579922,22.3752498626709,41832700
2009-11-24,MSFT,22.382725026080642,22.412617739889445,22.23325718074357,22.35283088684082,37341400
2009-11-25,MSFT,22.27809299565252,22.315460663045787,22.10620600193578,22.263147354125977,32033500
2009-11-27,MSFT,21.754954109588425,21.96420730322038,21.48591266014108,21.837160110473633,29357900
2009-11-30,MSFT,21.784852701201803,22.00905444482692,21.672752542104675,21.97916030883789,44172000
2009-12-01,MSFT,22.061368094742733,22.457455424638336,21.979160644946642,22.427562713623047,49904200
2009-12-02,MSFT,22.345352000212735,22.412612371962137,22.15851795100455,22.255672454833984,36308600
2009-12-03,MSFT,22.300512855129753,22.569554349699025,22.240726014717772,22.293039321899414,43095200
2009-12-04,MSFT,22.45744940773233,22.696598158935195,22.293035977621454,22.405136108398438,58810700
2009-12-07,MSFT,22.25567382064732,22.47987412328387,22.180939911291553,22.263147354125977,38082700
2009-12-08,MSFT,22.06137146583821,22.22578496512277,21.956743397719762,22.098737716674805,37402200
2009-12-09,MSFT,22.023995288623514,22.278089687442645,21.859581852800186,22.20335578918457,44713300
2009-12-10,MSFT,22.203354297884292,22.390188318265402,22.16598806398025,22.32292938232422,45940200
2009-12-11,MSFT,22.39765910428784,22.42007969713988,22.263139823466435,22.307979583740234,43744200
2009-12-14,MSFT,22.35282103887323,22.53965505051572,22.345347507355882,22.502288818359375,34651200
2009-12-15,MSFT,22.337879290806185,22.57702665454129,22.330405757510622,22.435033798217773,49473200
2009-12-16,MSFT,22.47239713677376,22.72649153428165,22.449977965213417,22.49481773376465,55737800
2009-12-17,MSFT,22.382715055872676,22.390187161923226,22.098726561318937,22.12114715576172,43691200
2009-12-18,MSFT,22.30050806182284,22.756383512871793,22.270613935326985,22.689123153686523,94118000
2009-12-21,MSFT,22.71901579301272,23.047844056421503,22.696596623632157,22.808696746826172,40129100
2009-12-22,MSFT,22.868486417139003,23.11510728899686,22.823646647373188,23.032899856567383,36321000
2009-12-23,MSFT,22.950684681920286,23.130046551338516,22.935739047327186,23.10762596130371,28362700
2009-12-24,MSFT,23.07774227304359,23.167423248291016,22.988062723226903,23.167423248291016,11083900
2009-12-28,MSFT,23.167416929215214,23.301937642679512,23.085209509780285,23.294464111328125,25384000
2009-12-29,MSFT,23.428992483124738,23.541092639177513,23.339311503024025,23.458885192871094,29716200
2009-12-30,MSFT,23.279525577354555,23.384153629175376,23.01795758594882,23.137531280517578,42006200
2009-12-31,MSFT,23.152472842063826,23.15994637437571,22.778804779052734,22.778804779052734,31929700
2010-01-04,MSFT,22.88342793970618,23.24214886180959,22.86100734753838,23.130048751831055,38409100
2010-01-05,MSFT,23.055325256395854,23.242159332338396,22.898383891380064,23.137531280517578,49749600
2010-01-06,MSFT,23.077738994249284,23.227206789948955,22.808698957592636,22.995532989501953,58182400
2010-01-07,MSFT,22.890905109701688,22.94321983633473,22.562078237734436,22.756385803222656,50559700
2010-01-08,MSFT,22.629339153388372,23.077739703405197,22.599445023157603,22.913326263427734,51197400
2010-01-11,MSFT,22.950691179877225,22.988058840515016,22.509764187795284,22.621864318847656,68754700
2010-01-12,MSFT,22.53218559545942,22.719019640903415,22.352825082884866,22.47239875793457,65912100
2010-01-13,MSFT,22.614395506035216,22.808703105609574,22.427561440148043,22.681655883789062,51863500
2010-01-14,MSFT,22.651762968153143,23.242159332338396,22.614396723136988,23.137531280517578,63228100
2010-01-15,MSFT,23.227209090245907,23.346782768475354,22.95069406844613,23.062795639038086,79913200
2010-01-19,MSFT,22.980590903345448,23.346785514168193,22.928277591146603,23.242158889770508,46575700
2010-01-20,MSFT,23.025424934634295,23.122579426266743,22.65175688312902,22.861011505126953,54849500
2010-01-21,MSFT,22.875964782299455,22.958170806664665,22.420089179511503,22.427562713623047,73086700
2010-01-22,MSFT,22.420090915198067,22.56955875813845,21.55318084717822,21.642860412597656,102004600
2010-01-25,MSFT,21.852116525378772,22.165997875573197,21.74748988379099,21.911903381347656,63373000
2010-01-26,MSFT,21.822222617105332,22.30799097347483,21.740015160105678,22.046422958374023,66639900
2010-01-27,MSFT,21.93432213972077,22.285569710779534,21.68770120143888,22.17346954345703,63949500
2010-01-28,MSFT,22.30050902029296,22.322929616128484,21.590539165236535,21.792320251464844,117513700
2010-01-29,MSFT,22.34535845483455,22.36030552519214,20.67132506142399,21.059940338134766,193888500
2010-02-01,MSFT,21.216877806277562,21.284138189548298,20.865630246754453,21.23182487487793,85931100
2010-02-02,MSFT,21.201934683456866,21.299087790046347,21.030046224981497,21.269193649291992,54413700
2010-02-03,MSFT,21.119720920014146,21.51580961423607,21.015094309455044,21.3962345123291,61397900
2010-02-04,MSFT,21.209398393567923,21.299079354883176,20.78341703453914,20.805837631225586,77850000
2010-02-05,MSFT,20.925415862578323,21.134670534359206,20.60406103376265,20.94036293029785,80960100
2010-02-08,MSFT,20.93288222995335,20.985195523631123,20.604053979854033,20.716154098510742,52820600
2010-02-09,MSFT,20.902993897516772,21.179508930567884,20.738580439619003,20.93288803100586,59195800
2010-02-10,MSFT,20.947832362006853,21.104772266036324,20.80583809733932,20.917938232421875,48591300
2010-02-11,MSFT,20.873100478703467,21.22434798265541,20.701213493286392,21.015094757080078,65993700
2010-02-12,MSFT,20.783417410475657,20.970251443283967,20.611530442395345,20.873098373413086,81117200
2010-02-16,MSFT,21.120870909780795,21.301071571716747,21.03828049116434,21.286054611206055,51935600
2010-02-17,MSFT,21.421207639071504,21.511306551602328,21.293566319572513,21.466257095336914,45882900
2010-02-18,MSFT,21.466258412637266,21.79662445374847,21.406191989898545,21.75157356262207,42856500
2010-02-19,MSFT,21.616419242294867,21.714026615372852,21.541335876490834,21.601402282714844,44451800
2010-02-22,MSFT,21.653961019828696,21.729044388443697,21.511302762669807,21.571369171142578,36707100
2010-02-23,MSFT,21.53382914097246,21.646453482753202,21.09083882215149,21.271038055419922,52266200
2010-02-24,MSFT,21.413699773397223,21.616424480565215,21.308582462960246,21.49629020690918,43165900
2010-02-25,MSFT,21.22598838996256,21.51130348172133,21.038280678198678,21.47376251220703,48735300
2010-02-26,MSFT,21.511294919722552,21.66146160220228,21.406179101244117,21.52631187438965,40370600
2010-03-01,MSFT,21.601406265343563,21.81163800983976,21.421207013448388,21.789113998413086,43805400
2010-03-02,MSFT,21.834168254242066,21.999350580108715,21.20347001788335,21.36865234375,93123900
2010-03-03,MSFT,21.40619475787651,21.481278154032864,21.286061896865007,21.36865234375,48442100
2010-03-04,MSFT,21.368648883740047,21.511307170128237,21.225992029448292,21.49629020690918,42890600
2010-03-05,MSFT,21.51881503299596,21.533831995783228,21.338615775837923,21.466257095336914,56001800
2010-03-08,MSFT,21.413699773397223,21.721540358905756,21.398682810178165,21.49629020690918,39414500
2010-03-09,MSFT,21.44372316220012,21.8566808827935,21.43621468377888,21.62392234802246,50271600
2010-03-10,MSFT,21.66898312641663,21.856690876487193,21.623932235290226,21.75157356262207,44891400
2010-03-11,MSFT,21.69149912561616,21.916749201736526,21.661466641391016,21.90924072265625,35349700
2010-03-12,MSFT,22.014368605296628,22.059418072319975,21.804136804456515,21.97682762145996,31700200
2010-03-15,MSFT,21.90924849546042,22.051906784404995,21.781607170004005,21.991840362548828,37512000
2010-03-16,MSFT,22.089441830191948,22.141999756192657,21.924259572461704,22.05190086364746,36723500
2010-03-17,MSFT,22.149508714484963,22.427316742043164,22.074425347677657,22.247116088867188,50385700
2010-03-18,MSFT,22.247118877344956,22.314693772731832,22.14951149072852,22.23210334777832,43845200
2010-03-19,MSFT,22.344722349346192,22.44983819164166,22.036881869398652,22.21708106994629,81332100
2010-03-22,MSFT,22.149508841624016,22.29967557610059,22.06691699445229,22.224592208862305,37718200
2010-03-23,MSFT,22.21708946600214,22.44984667565874,22.081939656492988,22.434829711914062,42026600
2010-03-24,MSFT,22.31469248268745,22.41230129575727,22.224593582111225,22.262134552001953,33987700
2010-03-25,MSFT,22.397282782559316,22.95289740458924,22.374757342928444,22.532432556152344,73168700
2010-03-26,MSFT,22.592503226066835,22.67509508820158,22.217087753958175,22.26964569091797,55595500
2010-03-29,MSFT,22.307179954172135,22.389771791459115,22.187047153807043,22.21708106994629,33336000
2010-03-30,MSFT,22.247118496323516,22.419810688296916,22.14951111137878,22.352235794067383,34954800
2010-03-31,MSFT,22.25463006310928,22.31469648496545,21.901740013716342,21.991840362548828,63760000
2010-04-01,MSFT,22.036882407825207,22.179540648780296,21.488776313755622,21.894224166870117,74768100
2010-04-05,MSFT,21.871710288943166,22.09696048825338,21.796628321269832,21.97682762145996,34331200
2010-04-06,MSFT,21.8867229178692,22.209580470429813,21.75908159318469,22.01436424255371,47366800
2010-04-07,MSFT,21.894227949607334,22.194560009747416,21.879210988576276,22.03688621520996,58318800
2010-04-08,MSFT,22.014356475784748,22.50990463629372,21.99933951768546,22.464855194091797,63713800
2010-04-09,MSFT,22.487385008194774,22.832766519127947,22.449842605639283,22.780208587646484,54752500
2010-04-12,MSFT,22.71263409944332,22.892833338628677,22.6826001768643,22.76519203186035,37068800
2010-04-13,MSFT,22.637550477553727,22.90034156886155,22.622533516428426,22.86280059814453,41374600
2010-04-14,MSFT,23.11808763465582,23.27576146036812,23.0204788007512,23.14061164855957,68941200
2010-04-15,MSFT,23.140602060510886,23.2382108539724,23.05801022482744,23.178144454956055,52745400
2010-04-16,MSFT,23.11807921618916,23.260736025952692,22.975420974329637,23.027978897094727,88703100
2010-04-19,MSFT,23.10306527712408,23.463463736412294,23.09555679687689,23.305789947509766,64970300
2010-04-20,MSFT,23.44093755205798,23.606121248063786,23.37336266407309,23.54605484008789,52199500
2010-04-21,MSFT,23.523530960083008,23.65117226450865,23.44844758710977,23.523530960083008,55343100
2010-04-22,MSFT,23.30579662601149,23.673703670974216,23.200679304524574,23.568586349487305,84847600
2010-04-23,MSFT,23.36585415017862,23.71123561634662,23.012962772376664,23.24571990966797,126766600
2010-04-26,MSFT,23.27575319117629,23.48598631619954,23.170637344712667,23.35834503173828,63649300
2010-04-27,MSFT,23.238218911392632,23.463467627780762,23.08805214573627,23.163135528564453,68730900
2010-04-28,MSFT,23.215695585449126,23.27576201077371,22.99044684850606,23.208187103271484,64557900
2010-04-29,MSFT,23.22319700143388,23.598612403507897,23.02798082050386,23.275754928588867,52665200
2010-04-30,MSFT,23.328317448201155,23.3358259295723,22.915360997462784,22.930377960205078,63214800
2010-05-03,MSFT,23.027980784533735,23.320804339423315,22.960405897698276,23.170639038085938,43989500
2010-05-04,MSFT,22.915362679498195,22.937886693168554,22.337222460350663,22.62253761291504,82085600
2010-05-05,MSFT,22.352233701958664,22.592499333577123,22.29216729405405,22.41230010986328,66833800
2010-05-06,MSFT,22.217078493434503,22.434818631808955,20.955682803788996,21.759071350097656,128613000
2010-05-07,MSFT,21.721535922045888,21.736552882197568,20.51269783966223,21.180936813354492,173718100
2010-05-10,MSFT,21.78160762382432,22.13449768056973,21.55635746309825,21.729049682617188,86653300
2010-05-11,MSFT,21.53383277092126,22.26213830716334,21.451240904714677,21.683998107910156,63789400
2010-05-12,MSFT,21.759073085265968,22.209571786363593,21.714023644784973,22.104455947875977,47146800
2010-05-13,MSFT,21.969303531022522,22.322193397519,21.90923714029768,21.954286575317383,45188800
2010-05-14,MSFT,21.92425938362865,21.931766431196028,21.503793115052275,21.721534729003906,63334000
2010-05-17,MSFT,21.86419949263353,21.94678992934625,21.361142662070744,21.729049682617188,46053300
2010-05-18,MSFT,21.77430099982354,21.872348827117325,21.41981718436183,21.570661544799805,52690600
2010-05-19,MSFT,21.510318881258492,21.638536125025244,20.959739544489874,21.299137115478516,61746700
2010-05-20,MSFT,20.854154017422424,20.997456023038893,20.394081428693497,20.446876525878906,87991100
2010-05-21,MSFT,20.084847923269493,20.446874075041453,19.941547373388058,20.243234634399414,117596300
2010-05-24,MSFT,20.25077852514733,20.258320887062027,19.805789242089208,19.813331604003906,73711700
2010-05-25,MSFT,19.345715025832433,19.85858412201387,19.14207557201479,19.662487030029297,98373600
2010-05-26,MSFT,19.78315672928969,20.069760649191256,18.52361140623125,18.86301040649414,176684100
2010-05-27,MSFT,19.406054056877252,19.881212821014252,19.406054056877252,19.60969352722168,136433600
2010-05-28,MSFT,19.489010761491024,19.700192509286513,19.35325116923378,19.45884132385254,67496900
2010-06-01,MSFT,19.255204196787396,19.843493870295415,19.247661837055496,19.526721954345703,76152400
2010-06-02,MSFT,19.654949080575882,19.971721155885554,19.40605683844391,19.956636428833008,65718800
2010-06-03,MSFT,20.024514733640867,20.311118771529166,19.918924529449725,20.258323669433594,67837000
2010-06-04,MSFT,19.685112836807956,20.039595188585015,19.32308812368777,19.451305389404297,89832200
2010-06-07,MSFT,19.4739289938498,19.481471354402426,19.036482151704632,19.074193954467773,80456200
2010-06-08,MSFT,19.04402285491268,19.051565214808917,18.591491331044725,18.938432693481445,87355000
2010-06-09,MSFT,19.02139923744904,19.247665759846484,18.666916889152194,18.697086334228516,87794000
2010-06-10,MSFT,18.953518471801218,18.968603193581075,18.689543033444934,18.855470657348633,78930900
2010-06-11,MSFT,18.88563760595494,19.39850513169173,18.68199820450409,19.353252410888672,68057700
2010-06-14,MSFT,19.504099424356625,19.579520156588202,19.209953102132097,19.232580184936523,50972400
2010-06-15,MSFT,19.421131044108332,20.099927569588875,19.41358868466813,20.04713249206543,81641500
2010-06-16,MSFT,19.964172426175434,20.04713695994991,19.783160074942455,19.85103988647461,48698000
2010-06-17,MSFT,20.03205445246177,20.115018995408846,19.639861700708426,19.88875389099121,47995500
2010-06-18,MSFT,19.888750400588652,20.00942529357452,19.73790606507722,19.941545486450195,52075600
2010-06-21,MSFT,20.19797913558462,20.28094222188889,19.526723453490693,19.571977615356445,54625300
2010-06-22,MSFT,19.730363124912206,19.94908726112345,19.4286759013089,19.43621826171875,55985400
2010-06-23,MSFT,19.443759078436276,19.443759078436276,19.02139556036607,19.089275360107422,61466200
2010-06-24,MSFT,19.20241062693589,19.398507694399306,18.802675569677376,18.855470657348633,85243400
2010-06-25,MSFT,18.89318069617094,18.938434860727096,18.335058947002327,18.500988006591797,156256700
2010-06-28,MSFT,18.485900621265813,18.5613227794329,18.191755786827994,18.33505630493164,73784800
2010-06-29,MSFT,18.19929831943277,18.252094841815307,17.429996265971674,17.580839157104492,119882100
2010-06-30,MSFT,17.57329496903199,17.859898877924596,17.30931957736511,17.354572296142578,81050500
2010-07-01,MSFT,17.41491349790255,17.588383489506423,17.14339424943854,17.467708587646484,92239400
2010-07-02,MSFT,17.618556170409295,17.709061644149052,17.38474724637136,17.550676345825195,62485100
2010-07-06,MSFT,17.87499438574885,18.169139393174863,17.784487455009153,17.965499877929688,73592000
2010-07-07,MSFT,17.965490001615176,18.34259936836128,17.807104758089686,18.3275146484375,79965300
2010-07-08,MSFT,18.553784393973096,18.56886911654926,18.07862570273228,18.41048240661621,50758100
2010-07-09,MSFT,18.350138577701436,18.41047600847887,18.214378998812748,18.304885864257812,53806100
2010-07-12,MSFT,18.425571354339777,18.772511421797994,18.418028991322167,18.727258682250977,49854200
2010-07-13,MSFT,18.96106409070153,19.081739008559033,18.780051713915277,18.953521728515625,61928700
2010-07-14,MSFT,19.232579155903778,19.315543683189432,18.94597664850689,19.187326431274414,72808100
2010-07-15,MSFT,19.232577574171074,19.300457374811618,18.84038349014973,19.24011993408203,56934700
2010-07-16,MSFT,19.24012498863568,19.338172816120032,18.764966259323415,18.77250862121582,65064800
2010-07-19,MSFT,18.82530266411233,19.08173719989295,18.78759229531568,19.028942108154297,38181800
2010-07-20,MSFT,18.74988941192439,19.217504501342773,18.629214457328747,19.217504501342773,45530700
2010-07-21,MSFT,19.30800092400068,19.345711287320174,18.84038465062497,18.94597625732422,73297300
2010-07-22,MSFT,19.240121528421167,19.602146202797986,19.209952086277344,19.489013671875,73016400
2010-07-23,MSFT,19.489017696021183,19.62477733658406,19.04402840242441,19.46639060974121,108520100
2010-07-26,MSFT,19.50410343027052,19.76053800048965,19.45884925536699,19.685115814208984,67249900
2010-07-27,MSFT,19.715281030344705,19.79070320593198,19.57952140199928,19.730365753173828,60672100
2010-07-28,MSFT,19.66248306197167,19.752989947145036,19.48147073018308,19.571977615356445,69704800
2010-07-29,MSFT,19.707735406550768,19.918917175524857,19.308000387658737,19.632314682006836,69446200
2010-07-30,MSFT,19.421137875739745,19.489017696021183,19.11945058479917,19.46639060974121,83534800
2010-08-02,MSFT,19.60214514546235,19.89628999770763,19.42113281803771,19.858579635620117,55044600
2010-08-03,MSFT,19.760535198832077,19.87366774293382,19.58706376341384,19.730365753173828,56877700
2010-08-04,MSFT,19.722825564609252,19.79070538626024,19.187330792205373,19.40605354309082,78531900
2010-08-05,MSFT,19.22504030158029,19.292920120183155,19.013858483864883,19.13453483581543,64922100
2010-08-06,MSFT,18.991233974967454,19.277836551811998,18.870559054342536,19.270294189453125,55982100
2010-08-09,MSFT,19.270297575707016,19.406057244905913,19.1345393450669,19.3155517578125,57096500
2010-08-10,MSFT,19.104359284053402,19.111901643550315,18.76496029948224,18.908262252807617,87257700
2010-08-11,MSFT,18.614116435727123,18.780044020164866,18.523609565133324,18.749876022338867,76746900
2010-08-12,MSFT,18.418022482012216,18.614119535489404,18.372769758458446,18.47081756591797,70240500
2010-08-13,MSFT,18.365226573915383,18.60657634011509,18.282262052324953,18.402936935424805,45263500
2010-08-16,MSFT,18.37277664442081,18.561331408214755,18.32752246534801,18.47836685180664,40909700
2010-08-17,MSFT,18.736160278320312,18.92572078998069,18.65275463662746,18.736160278320312,52912600
2010-08-18,MSFT,18.71341520314654,18.918140916626843,18.508689489666235,18.819568634033203,46818900
2010-08-19,MSFT,18.66792264794872,18.75891089741667,18.357042031275473,18.53143882751465,54064600
2010-08-20,MSFT,18.432868871690406,18.501110790552183,18.349463206817823,18.372209548950195,49560100
2010-08-23,MSFT,18.531436719337904,18.683084266610113,18.37978772583371,18.410118103027344,51643000
2010-08-24,MSFT,18.266051401952858,18.463194511757486,18.19780950062695,18.228139877319336,66522500
2010-08-25,MSFT,18.197811361007194,18.36462411117287,18.099240519143866,18.273635864257812,47404800
2010-08-26,MSFT,18.266056557044013,18.3418810739424,18.03858445258123,18.061330795288086,49105300
2010-08-27,MSFT,18.10682426347615,18.21297916173718,17.826275441333884,18.144737243652344,60939400
2010-08-30,MSFT,18.00066350311044,18.061322800532135,17.894510094180408,17.92483901977539,45453100
2010-08-31,MSFT,17.894520347248765,17.99309121970052,17.682211961510102,17.795948028564453,66074600
2010-09-01,MSFT,17.94759293754914,18.159901274260164,17.849022087860014,18.12198829650879,65235900
2010-09-02,MSFT,18.106817672770383,18.159895825697124,17.977916479554732,18.152313232421875,48837100
2010-09-03,MSFT,18.379792554436413,18.539024184071167,18.349463615506973,18.417705535888672,64189100
2010-09-07,MSFT,18.273635348799317,18.425282904790805,18.13715153604453,18.16748046875,51928700
2010-09-08,MSFT,18.250890695681058,18.34946299790685,18.000670811447435,18.144737243652344,65512400
2010-09-09,MSFT,18.34188625398342,18.357050004659687,18.190237177358537,18.205402374267578,46028900
2010-09-10,MSFT,18.182642937369845,18.220555905368478,18.038577997670604,18.08407211303711,58284300
2010-09-13,MSFT,18.34945720822678,19.175941114272856,18.26605012438834,19.039457321166992,114680400
2010-09-14,MSFT,18.986378598087523,19.22143319115414,18.872641151741757,18.978796005249023,87160400
2010-09-15,MSFT,19.031873845399815,19.12286207243186,18.895390058619956,19.047039031982422,56201900
2010-09-16,MSFT,19.001548300403513,19.236604413464732,18.993965705185524,19.206274032592773,44548300
2010-09-17,MSFT,19.259343726500113,19.357915982139712,19.016706552974387,19.122859954833984,70341600
2010-09-20,MSFT,19.16836083687188,19.350338767592028,19.039459621832773,19.28209686279297,49838700
2010-09-21,MSFT,19.274519470828807,19.274519470828807,19.016716971164318,19.069793701171875,52675700
2010-09-22,MSFT,18.872646227115027,18.93330553990426,18.470778822223377,18.66033935546875,94299400
2010-09-23,MSFT,18.584518348245716,18.645177672443577,18.470782296153768,18.52385902404785,46201800
2010-09-24,MSFT,18.683083108707542,18.804401717499264,18.637588991968624,18.78923797607422,51948800
2010-09-27,MSFT,18.84231720652672,18.948470641857973,18.645174079317183,18.751327514648438,43603300
2010-09-28,MSFT,18.804401470809584,18.880225961867662,18.463193430396046,18.71341323852539,56041200
2010-09-29,MSFT,18.675507586432307,18.698255376531254,18.50111220103771,18.576936721801758,44318900
2010-09-30,MSFT,18.66034281279587,18.82715559231477,18.470782244429337,18.569353103637695,61262700
2010-10-01,MSFT,18.781662135993272,18.819573672536436,18.42528732906493,18.485946655273438,62672300
2010-10-04,MSFT,18.16749109367912,18.190238891185913,18.03100864733711,18.129579544067383,98143400
2010-10-05,MSFT,18.24331431626899,18.53902987748259,18.12957822944813,18.463205337524414,78152900
2010-10-06,MSFT,18.440451910938652,18.60726613715705,18.29638547363159,18.52385902404785,50489700
2010-10-07,MSFT,18.66792376856156,18.76649461910762,18.41012130253989,18.599681854248047,50096100
2010-10-08,MSFT,18.667925493791802,18.690671836510294,18.47836492456506,18.63001251220703,41327800
2010-10-11,MSFT,18.758910056340792,18.758910056340792,18.57693211933192,18.645174026489258,27587800
2010-10-12,MSFT,18.6906703293114,18.902978670368647,18.52385756248715,18.8271541595459,50141500
2010-10-13,MSFT,18.971222259053945,19.36550859312886,18.872649952419025,19.21385955810547,75336500
2010-10-14,MSFT,19.17594677768574,19.213858310864424,18.956055835798978,19.130451202392578,51949100
2010-10-15,MSFT,19.22902708173306,19.373092091612747,19.13045476314953,19.365510940551758,68954800
2010-10-18,MSFT,19.403414956053034,19.676382567832327,19.297261527575305,19.577810287475586,48330500
2010-10-19,MSFT,19.160784496861726,19.236609020970775,18.918147176698774,19.031883239746094,66150900
2010-10-20,MSFT,19.15319717402918,19.259350613850387,19.031878543881472,19.19110870361328,56283600
2010-10-21,MSFT,19.25934996216419,19.36550484462554,18.993964925358963,19.27451515197754,50032400
2010-10-22,MSFT,19.35034704642441,19.365512242030693,19.16078644004384,19.244192123413086,25837900
2010-10-25,MSFT,19.13803780760046,19.22144493354569,19.084961071538068,19.100126266479492,50912400
2010-10-26,MSFT,19.047047345543543,19.69155214806481,19.001551765938043,19.63847541809082,69304200
2010-10-27,MSFT,19.555068898930514,19.797706194695667,19.426167654776233,19.75221061706543,64805500
2010-10-28,MSFT,19.87352895887353,20.00243020104259,19.65363945531004,19.926607131958008,80730300
2010-10-29,MSFT,20.586276483988815,20.624189463649437,20.078254126394857,20.222320556640625,114193200
2010-11-01,MSFT,20.381549364995454,20.63935182446095,20.245066986071542,20.434627532958984,61912100
2010-11-02,MSFT,20.51803534346263,20.79100302242205,20.487706404818443,20.76825523376465,54402100
2010-11-03,MSFT,20.82133374417611,20.844081534781598,20.442212578146105,20.495290756225586,110255300
2010-11-04,MSFT,20.783422989054618,20.79858818336294,20.4801263340508,20.578697204589844,93599300
2010-11-05,MSFT,20.601440061293168,20.616605251968902,20.11616552952714,20.358802795410156,110953700
2010-11-08,MSFT,20.22990508806467,21.890456154033053,20.154080567721227,20.328475952148438,71670800
2010-11-09,MSFT,20.32847264326412,20.55594616726837,20.252648135262707,20.434627532958984,58538600
2010-11-10,MSFT,20.480124458478013,20.53320118746384,20.328475421747882,20.427047729492188,52277300
2010-11-11,MSFT,20.22990608215332,20.260235024041588,19.926609432108126,20.22990608215332,62073100
2010-11-12,MSFT,20.07067109041468,20.108584069244063,19.790122278238577,19.919023513793945,64962200
2010-11-15,MSFT,19.964522414138514,20.093423680504262,19.84320374535106,19.865951538085938,51794600
2010-11-16,MSFT,19.865943809214603,19.865943809214603,19.56841141369749,19.690475463867188,65339200
2010-11-17,MSFT,19.75913488710946,19.76676407144492,19.492119255840795,19.50737762451172,58299700
2010-11-18,MSFT,19.614181898581553,19.896455878425243,19.537892970894415,19.713359832763672,59514000
2010-11-19,MSFT,19.682844662340226,19.705732215536695,19.530265339718184,19.598926544189453,52423200
2010-11-22,MSFT,19.568412095104364,19.637073307605505,19.408203569347236,19.629444122314453,53350500
2010-11-23,MSFT,19.507374641280567,19.530262190786797,19.1411825798883,19.16407012939453,69742500
2010-11-24,MSFT,19.22511361895166,19.423466679304088,19.194596868055118,19.354806900024414,56825900
2010-11-26,MSFT,19.2327431339706,19.385323992356344,19.2022278353648,19.263259887695312,21356500
2010-11-29,MSFT,19.217477501351155,19.392944390376094,19.019123057407125,19.309024810791016,56603600
2010-11-30,MSFT,19.11067545071273,19.431094029227225,19.072530970818548,19.270885467529297,75282100
2010-12-01,MSFT,19.507377613371457,20.026150506941605,19.499748429040352,19.865942001342773,74123500
2010-12-02,MSFT,20.018524597227458,20.583071234014277,19.988009310029494,20.5144100189209,91759200
2010-12-03,MSFT,20.453378343432817,20.644103620856036,20.4304922414178,20.613588333129883,52622000
2010-12-06,MSFT,20.544924252975406,20.583068721095522,20.41523102420155,20.47626304626465,36264200
2010-12-07,MSFT,20.659363591536213,20.697508067926297,20.48389667195223,20.499155044555664,57860500
2010-12-08,MSFT,20.468641578228958,20.781430991112707,20.44575401565744,20.773801803588867,41666800
2010-12-09,MSFT,20.811941681432764,20.857715338129236,20.605958043621182,20.659360885620117,47148300
2010-12-10,MSFT,20.743278839031625,20.90348735244086,20.68224681652551,20.85771369934082,37625800
2010-12-13,MSFT,20.8043113330087,20.94163375053904,20.7280209393676,20.789052963256836,47943900
2010-12-14,MSFT,20.8348324989565,21.17050945266623,20.79668801892708,21.071332931518555,64070500
2010-12-15,MSFT,21.002667538237986,21.35360134129305,21.002667538237986,21.246795654296875,69634200
2010-12-16,MSFT,21.17813833657205,21.353605270385742,21.10184792248652,21.353605270385742,57680200
2010-12-17,MSFT,21.300200999778685,21.429894258558914,21.17050774099846,21.284942626953125,87456500
2010-12-20,MSFT,21.323090964929374,21.353606258905053,21.11710727389845,21.216283798217773,52811000
2010-12-21,MSFT,21.246796978121477,21.468037551415303,21.178135759312045,21.414634704589844,38153000
2010-12-22,MSFT,21.36885929056658,21.666390244251154,21.345971734468414,21.506181716918945,42252300
2010-12-23,MSFT,21.33834769939121,21.605363431177615,21.33071851218375,21.590105056762695,24902500
2010-12-27,MSFT,21.452780634549775,21.51381266736722,21.269683080978993,21.414634704589844,21652800
2010-12-28,MSFT,21.338349215798363,21.490930060553357,21.330720028048738,21.368865966796875,23042200
2010-12-29,MSFT,21.31545847082302,21.452780910206403,21.26968335428292,21.33834457397461,19502500
2010-12-30,MSFT,21.300198497794963,21.361230526809685,21.193392810798787,21.246795654296875,20786100
2010-12-31,MSFT,21.208656224904608,21.300205024035808,21.07896294162137,21.29257583618164,24752000
2011-01-03,MSFT,21.399372992298204,21.498550939594526,21.300196500120098,21.345970153808594,53443800
2011-01-04,MSFT,21.31546240610917,21.490929353219094,21.246801173741158,21.42989730834961,54405600
2011-01-05,MSFT,21.284940449016695,21.368860035851867,21.185763946035618,21.361230850219727,58998700
2011-01-06,MSFT,21.39174872459587,22.009698242311515,21.254426286188295,21.9868106842041,88026300
2011-01-07,MSFT,21.849490741118164,21.925781155070506,21.551959727334513,21.8189754486084,73762000
2011-01-10,MSFT,21.55957900472001,21.666384662090575,21.3917413352637,21.529062271118164,57573600
2011-01-11,MSFT,21.513807763828762,21.551952229976166,21.399371455150327,21.445146560668945,50298900
2011-01-12,MSFT,21.45278030667252,21.811343312105052,21.4146343772956,21.780826568603516,52631100
2011-01-13,MSFT,21.612987401807082,21.658761058885098,21.36885929056658,21.506181716918945,67077600
2011-01-14,MSFT,21.422267303554598,21.651137099303703,21.292574031265126,21.590105056762695,62688400
2011-01-18,MSFT,21.48329553181421,21.92577812545499,21.46803716010836,21.86474609375,53322700
2011-01-19,MSFT,21.712167947611583,21.880007146706706,21.567217763998553,21.719797134399414,50005900
2011-01-20,MSFT,21.74268501533784,21.780829494720813,21.460410920500564,21.628250122070312,58613600
2011-01-21,MSFT,21.66638562373112,21.689273174948347,21.376483917236328,21.376483917236328,58080300
2011-01-24,MSFT,21.376494826486258,21.788460772812343,21.353607263588625,21.651138305664062,52047800
2011-01-25,MSFT,21.468032280956237,21.704532623291016,21.45277536783632,21.704532623291016,42436600
2011-01-26,MSFT,21.750309469943,22.11650163077276,21.742680284702594,21.9562931060791,74628800
2011-01-27,MSFT,21.933406975795435,22.47506606700173,21.735052512008817,22.02495574951172,146938600
2011-01-28,MSFT,22.04783951121145,22.070727065990592,20.94163388901454,21.170503616333008,141249400
2011-01-31,MSFT,21.185767296671344,21.284943815337687,20.918751577790044,21.155250549316406,65029000
2011-02-01,MSFT,21.208653629135092,21.40700812371003,21.063703443003064,21.353605270385742,62810700
2011-02-02,MSFT,21.30782529836951,21.445147712062003,21.269679375055937,21.315454483032227,45824000
2011-02-03,MSFT,21.338347374207327,21.338347374207327,21.010301059997825,21.094219207763672,60340100
2011-02-04,MSFT,21.13236527259475,21.239170982288066,20.98741362721192,21.185768127441406,40412200
2011-02-07,MSFT,21.208653274902233,21.620620631012137,21.201025543227836,21.51381492614746,68980900
2011-02-08,MSFT,21.437525715312688,21.62062184325465,21.39937977920894,21.574848175048828,34904200
2011-02-09,MSFT,21.506183757718063,21.55958660522972,21.292570912552968,21.33834457397461,52905100
2011-02-10,MSFT,21.307835650826615,21.315464839195986,20.819579236137958,20.979787826538086,76672400
2011-02-11,MSFT,21.17813266122005,21.216277130481487,20.651730545726497,20.789052963256836,83939700
2011-02-14,MSFT,20.758543428541188,20.804318553684226,20.560190373396296,20.773801803588867,56766200
2011-02-15,MSFT,20.750776786922806,20.973325029651967,20.68170973759191,20.689382553100586,44116500
2011-02-16,MSFT,20.75845686786153,20.77380543168906,20.413122964059756,20.735435485839844,70817900
2011-02-17,MSFT,20.697054922022037,21.004020207924324,20.651010714624277,20.88123321533203,57207300
2011-02-18,MSFT,20.819839393834357,20.881232155154002,20.712402427454705,20.76612091064453,68667800
2011-02-22,MSFT,20.55124389730623,20.796814905774333,20.351717086996224,20.40543556213379,60889000
2011-02-23,MSFT,20.35939136397569,20.612636649423255,20.282650057899737,20.40543556213379,60234100
2011-02-24,MSFT,20.443811122332928,20.76612352578048,20.336374142423438,20.543575286865234,64494200
2011-02-25,MSFT,20.651012612497325,20.68170972939627,20.336374482878618,20.374744415283203,53006300
2011-02-28,MSFT,20.482181716317733,20.61264152841093,20.344047625428583,20.39776611328125,51379900
2011-03-01,MSFT,20.41311761641289,20.5512517272343,20.067782339359372,20.075456619262695,60055000
2011-03-02,MSFT,20.037083810530035,20.23661066825048,19.983365322628188,20.014060974121094,48658200
2011-03-03,MSFT,20.15219770328575,20.259634693154155,20.090804928543918,20.10615348815918,68271500
2011-03-04,MSFT,20.12149098289789,20.13683953518944,19.799178703367783,19.914291381835938,70437200
2011-03-07,MSFT,20.0524252706328,20.159863679970396,19.607327471144497,19.7377872467041,64980400
2011-03-08,MSFT,19.77617274940342,19.96802541139518,19.684082827610727,19.883609771728516,50549800
2011-03-09,MSFT,19.80686093777085,19.937320757229884,19.69174967677031,19.868253707885742,39789100
2011-03-10,MSFT,19.661053938855453,19.730119524182903,19.453852791715832,19.499897003173828,66549500
2011-03-11,MSFT,19.499898748861902,19.837559745126825,19.4615288131651,19.70709991455078,49905800
2011-03-14,MSFT,19.561288623287624,19.768489758248766,19.453851648293995,19.714771270751953,54473400
2011-03-15,MSFT,19.246655535128713,19.545945165683253,19.185262752868308,19.48455238342285,76067300
2011-03-16,MSFT,19.35409420496271,19.400139893413087,18.939693254945908,19.02410888671875,100725400
2011-03-17,MSFT,19.231301943625162,19.35408747603102,18.99340515755369,19.016427993774414,62497000
2011-03-18,MSFT,19.231303298367525,19.32339318601866,19.031776428222656,19.031776428222656,85486700
2011-03-21,MSFT,19.323393906661966,19.630357770748425,19.300371067960796,19.438505172729492,46878100
2011-03-22,MSFT,19.415481567382812,19.538267108169048,19.36176307625372,19.415481567382812,30895600
2011-03-23,MSFT,19.36176072887913,19.653377450680843,19.323390800929975,19.599658966064453,43969000
2011-03-24,MSFT,19.645704505309205,19.852905643218673,19.568963180485067,19.806859970092773,38696700
2011-03-25,MSFT,19.898951419546684,19.914299978463923,19.638031772830196,19.661054611206055,57029800
2011-03-28,MSFT,19.691749591921088,19.737793803379084,19.476874165585286,19.499897003173828,48973200
2011-03-29,MSFT,19.446181370890823,19.584315489288073,19.415484249593963,19.56129264831543,40763500
2011-03-30,MSFT,19.645708974404787,19.737797414167233,19.568967632123176,19.653383255004883,41999300
2011-03-31,MSFT,19.645709351681027,19.70710213394143,19.44618244340487,19.48455238342285,63233700
2011-04-01,MSFT,19.591988877290433,19.591988877290433,19.42315764528578,19.553617477416992,63114200
2011-04-04,MSFT,19.53058287254096,19.691738251696137,19.49988577343431,19.607322692871094,35433700
2011-04-05,MSFT,19.814535833596455,20.090804039570042,19.75314306157112,19.78384017944336,73651100
2011-04-06,MSFT,19.9373216232385,20.190566993927426,19.845233195925704,20.067781448364258,65581400
2011-04-07,MSFT,20.09847920835155,20.15219770328575,19.929647980022107,20.10615348815918,46134700
2011-04-08,MSFT,20.08312712411151,20.167542723461143,19.921970203873023,20.006385803222656,39887600
2011-04-11,MSFT,20.09847764521654,20.14452185676208,19.799186610872805,19.937320709228516,34286300
2011-04-12,MSFT,19.822203751923283,19.8375523059339,19.607328386930664,19.676395416259766,36920400
2011-04-13,MSFT,19.6840840693707,19.85291535935466,19.615016989599038,19.66873550415039,38144700
2011-04-14,MSFT,19.507566452026367,19.522915006618216,19.25432115613579,19.507566452026367,55239900
2011-04-15,MSFT,19.538267629406537,19.615008960374997,19.323393659157812,19.469202041625977,65080400
2011-04-18,MSFT,19.261997344566847,19.400131422161397,18.97038063326305,19.24664878845215,58045100
2011-04-19,MSFT,19.1852617993404,19.315721638124685,19.085499082020327,19.300373077392578,38892400
2011-04-20,MSFT,19.59966009573284,19.952668137112006,19.57663725940502,19.768489837646484,61608600
2011-04-21,MSFT,19.791511656760143,19.86825151313736,19.46152500494994,19.58431053161621,46892300
2011-04-25,MSFT,19.6150118520044,19.661057535604982,19.446182069960344,19.653383255004883,33525100
2011-04-26,MSFT,19.753144934400563,20.290332838343318,19.699426436750144,20.098480224609375,69200000
2011-04-27,MSFT,20.182887105729083,20.251954138880176,20.052427316856882,20.244279861450195,52689000
2011-04-28,MSFT,20.30568117278907,20.620320825113968,20.2596369525276,20.497533798217773,80200000
2011-04-29,MSFT,20.374745213580667,20.443812265590296,19.461527905842967,19.891277313232422,319317900
2011-05-02,MSFT,19.906626927042087,19.952671142915122,19.553617368764204,19.69175148010254,89825600
2011-05-03,MSFT,19.645704505309205,19.83755708551004,19.56128890163075,19.806859970092773,71892900
2011-05-04,MSFT,19.837557074974868,20.144520910389378,19.79151286559245,19.99871253967285,73292300
2011-05-05,MSFT,19.991031137735096,20.01405396608246,19.707090240043474,19.791505813598633,55600000
2011-05-06,MSFT,20.00639414488476,20.121505442354195,19.760822986624746,19.85291290283203,55993000
2011-05-09,MSFT,19.799185568121228,19.921971101588724,19.699422871073523,19.822208404541016,38696400
2011-05-10,MSFT,19.476876914063897,19.837560768586847,19.37711419787371,19.699426651000977,120798700
2011-05-11,MSFT,19.68408089773043,19.69175517910405,19.346419835888625,19.461532592773438,78600000
2011-05-12,MSFT,19.45385283947612,19.484548492617115,19.262000250257856,19.430830001831055,77400000
2011-05-13,MSFT,19.400133140625922,19.43082879185547,19.146887797176394,19.208280563354492,66812300
2011-05-16,MSFT,19.154557989568435,19.238973580399833,18.801549998307685,18.855268478393555,91350900
2011-05-17,MSFT,18.847541660394636,19.07927461760026,18.747125076924522,18.940235137939453,82882100
2011-05-18,MSFT,18.947965730898854,19.110177526444147,18.731681863525154,19.071556091308594,53931100
2011-05-19,MSFT,19.195140806926126,19.218313071867772,18.924786420541526,19.094722747802734,37783600
2011-05-20,MSFT,19.09472945048774,19.210596709119528,18.878447044110313,18.917068481445312,45451500
2011-05-23,MSFT,18.70078248708751,18.73168081211227,18.561744444415766,18.669885635375977,52692500
2011-05-24,MSFT,18.69306092828055,18.76258069203429,18.569470564565748,18.654438018798828,47691800
2011-05-25,MSFT,18.669889808033805,18.778031023163212,18.662165225051197,18.685338973999023,34904200
2011-05-26,MSFT,18.80892208602402,19.334181739336262,18.78574834603213,19.056102752685547,78016600
2011-05-27,MSFT,19.06382853244852,19.233764883144875,19.040654790998214,19.12562370300293,50251000
2011-05-31,MSFT,19.28011221760942,19.357356554438724,19.079279004491692,19.318735122680664,60196300
2011-06-01,MSFT,19.303284186160493,19.38825309619311,18.824371993807475,18.870718002319336,74033500
2011-06-02,MSFT,18.91706874566457,19.040659114838856,18.677612589553565,18.70850944519043,51487800
2011-06-03,MSFT,18.577194473010874,18.64671423975787,18.41498266614349,18.469053268432617,60697700
2011-06-06,MSFT,18.453599767017973,18.731678768651957,18.360907748682024,18.546293258666992,54778700
2011-06-07,MSFT,18.60808890296401,18.669884074534096,18.461324817992637,18.584915161132812,41112600
2011-06-08,MSFT,18.46132732034293,18.554020826918805,18.43043046702651,18.492225646972656,42205000
2011-06-09,MSFT,18.546299994341737,18.56947374399854,18.39953585980921,18.50767707824707,42878700
2011-06-10,MSFT,18.554015572805852,18.554015572805852,18.299110343547714,18.314558029174805,49327200
2011-06-13,MSFT,18.376357448493213,18.685333307530513,18.30683769604568,18.569467544555664,47572500
2011-06-14,MSFT,18.770304629777574,18.886171890027704,18.685337171791133,18.70850944519043,42894500
2011-06-15,MSFT,18.538572752054236,18.5462973341652,18.283667435646027,18.337738037109375,49410200
2011-06-16,MSFT,18.345471620559692,18.61582623384129,18.268227234862934,18.53858184814453,57184100
2011-06-17,MSFT,18.708506354498926,18.770301528877354,18.52312083136364,18.739404678344727,83320400
2011-06-20,MSFT,18.669883623362676,19.048379224246975,18.662159042938946,18.901615142822266,54338400
2011-06-21,MSFT,18.940238191339706,19.20286803452421,18.84754469885155,19.12562370300293,49708700
2011-06-22,MSFT,19.00203560978412,19.16424739918626,18.994311028386885,19.04065704345703,44287300
2011-06-23,MSFT,18.878446788344515,19.040658590929937,18.693061239684017,19.025209426879883,59470400
2011-06-24,MSFT,18.932516998749662,18.955690744346814,18.685336272300088,18.77030372619629,101387200
2011-06-27,MSFT,18.716235368349057,19.666336951938767,18.716235368349057,19.465503692626953,92044200
2011-06-28,MSFT,19.54274061820392,20.021654292100724,19.43459943871335,19.9289608001709,81032100
2011-06-29,MSFT,19.85944481943322,19.85944481943322,19.589091819386187,19.789926528930664,66051000
2011-06-30,MSFT,19.882621302236796,20.08345603942871,19.82082611181725,20.08345603942871,52535400
2011-07-01,MSFT,20.02937818572471,20.21476368991437,19.959858437489462,20.09889793395996,52906200
2011-07-05,MSFT,20.160699021736498,20.199320460623902,20.006210319559976,20.10662841796875,37805300
2011-07-06,MSFT,20.06028264169958,20.369260072519754,20.052558058597715,20.338361740112305,48744200
2011-07-07,MSFT,20.461950213613918,20.763201559905994,20.361533589287706,20.678234100341797,51946500
2011-07-08,MSFT,20.500561762432813,20.840434358931326,20.47738802813457,20.79408836364746,58320700
2011-07-11,MSFT,20.56236623192338,20.701404280781226,20.461948144438313,20.57008934020996,43999800
2011-07-12,MSFT,20.50829340524329,20.69368041018442,20.34608161756135,20.50057029724121,47319300
2011-07-13,MSFT,20.546917068723634,20.82499463975262,20.47739730763806,20.57008934020996,40861800
2011-07-14,MSFT,20.562364202751574,20.86361548885157,20.361529520913862,20.446496963500977,46382300
2011-07-15,MSFT,20.446503111624416,20.801826570430823,20.446503111624416,20.68596076965332,49132400
2011-07-18,MSFT,20.57008523192521,20.77864447352819,20.28428313637712,20.539188385009766,44501900
2011-07-19,MSFT,20.70913318788973,21.35025886145799,20.685960911563416,21.27301597595215,86730600
2011-07-20,MSFT,21.072172847573913,21.126243435238358,20.840439863323848,20.90223503112793,49795400
2011-07-21,MSFT,20.88679568234749,21.095353536123692,20.585542829891015,20.933141708374023,81737400
2011-07-22,MSFT,20.747754068627593,21.280736998238233,20.60871453105492,21.265289306640625,76380600
2011-07-25,MSFT,21.05672522842447,21.6978506938078,21.002654636802628,21.55881118774414,108482400
2011-07-26,MSFT,21.489297406907824,21.74420274776215,21.45840054881427,21.69013214111328,74636500
2011-07-27,MSFT,21.535635657694403,21.62060456508192,21.010377473180927,21.110794067382812,71488700
2011-07-28,MSFT,21.07990019019013,21.68240278690837,21.018103540974714,21.41204833984375,83761400
2011-07-29,MSFT,21.257558984901227,21.40432159199185,21.05672431522068,21.164865493774414,104394800
2011-08-01,MSFT,21.249832898758168,21.388872388939454,20.662778092055486,21.0644474029541,61838400
2011-08-02,MSFT,20.840449856134775,21.203497930210972,20.670513431518795,20.7014102935791,63883100
2011-08-03,MSFT,20.72456863406535,20.855883515130156,20.454214293836323,20.79408836364746,64581200
2011-08-04,MSFT,20.492837737895982,20.755467507119878,20.029373352600125,20.037097930908203,92949500
2011-08-05,MSFT,20.06028018259904,20.160698277299865,19.48867436295406,19.836273193359375,112071700
2011-08-08,MSFT,19.32646231063779,19.774477756704645,18.83982395428986,18.909343719482422,134257200
2011-08-09,MSFT,19.087005455603617,19.78992771789709,18.56174711444551,19.759029388427734,126268900
2011-08-10,MSFT,19.27238830600044,19.380529489062667,18.6158136803088,18.693058013916016,127819900
2011-08-11,MSFT,18.924790799295668,19.60453773893092,18.847546460554266,19.457775115966797,90690100
2011-08-12,MSFT,19.411428344155244,19.573641608821987,19.04065727250736,19.388256072998047,64787100
2011-08-15,MSFT,19.496396779609363,19.759026650452963,19.426877021249986,19.7049560546875,56529400
2011-08-16,MSFT,19.603902271687286,19.89150974552782,19.471758537643602,19.704954147338867,54251500
2011-08-17,MSFT,19.627225875854492,19.977018613221603,19.378485032665605,19.627225875854492,50923700
2011-08-18,MSFT,19.098648283736406,19.502852841065007,18.678898537750687,19.176380157470703,105714200
2011-08-19,MSFT,18.974282694490014,19.13751981902293,18.585624709789094,18.694448471069336,77397900
2011-08-22,MSFT,18.982056995650762,19.036468879052897,18.4923485624189,18.640037536621094,54721000
2011-08-23,MSFT,18.678897507514076,19.238564298830614,18.678897507514076,19.21524429321289,59670600
2011-08-24,MSFT,19.16083273149469,19.378481672855532,18.982050466776204,19.355161666870117,45329700
2011-08-25,MSFT,19.49507928857324,19.557264490346515,19.044236205063967,19.098648071289062,48192000
2011-08-26,MSFT,19.052012305327093,19.697184423327915,18.98205375785367,19.627225875854492,71957000
2011-08-29,MSFT,19.84486897540252,20.101383079268764,19.72049859065597,20.08583641052246,38863200
2011-08-30,MSFT,20.00034003719297,20.54446182243054,19.97702150639963,20.38899803161621,57341400
2011-08-31,MSFT,20.435633917331113,20.7621051431821,20.412313908650777,20.67660140991211,59300800
2011-09-01,MSFT,20.567780228947587,20.878707808697538,20.373451232910156,20.373451232910156,60510800
2011-09-02,MSFT,20.03920525065816,20.21021422187197,19.945926686515413,20.054750442504883,43894400
2011-09-06,MSFT,19.588364794496677,19.891517575559273,19.518406232311047,19.82933235168457,54929300
2011-09-07,MSFT,19.96923954808587,20.210206985473633,19.87596101734212,20.210206985473633,41961000
2011-09-08,MSFT,20.21021092061145,20.723239233064145,20.1713457234244,20.3812198638916,65811900
2011-09-09,MSFT,20.210216201007576,20.350133319617186,19.821558197142046,20.008113861083984,64529200
2011-09-12,MSFT,19.774915036045705,20.155799613016192,19.64277128627127,20.124706268310547,55046100
2011-09-13,MSFT,20.148027746622386,20.35790339085892,20.0625225250566,20.24130630493164,48792300
2011-09-14,MSFT,20.34235892846125,20.832067335629066,20.12470992382414,20.598873138427734,66739200
2011-09-15,MSFT,20.777656873056145,21.010852568784042,20.451184085127213,20.979759216308594,67808300
2011-09-16,MSFT,21.026395279120738,21.19740573231348,20.855386308540474,21.080808639526367,89681500
2011-09-19,MSFT,20.832066950511376,21.228498264514943,20.676604649455335,21.150766372680664,52324900
2011-09-20,MSFT,21.228493286305607,21.3761836978952,20.933113945738594,20.97197914123535,49211900
2011-09-21,MSFT,21.02640066423447,21.034174003426116,20.18689930550342,20.20244598388672,72750700
2011-09-22,MSFT,19.666089769158777,19.93815060428879,19.12196958151102,19.479534149169922,96278300
2011-09-23,MSFT,19.35516373584402,19.549492691992278,19.191928124333373,19.479534149169922,64768100
2011-09-26,MSFT,19.580581066324434,19.837095164022486,19.223015106817265,19.77490997314453,51057600
2011-09-27,MSFT,19.945925775064087,20.148028085961013,19.782690148539114,19.953699111938477,55620700
2011-09-28,MSFT,20.155798383212442,20.497817741044877,19.82932569678425,19.883737564086914,60736200
2011-09-29,MSFT,20.19466262804569,20.342353034206177,19.502852091871613,19.782686233520508,63407300
2011-09-30,MSFT,19.588362041826894,19.821556227934067,19.339619698670102,19.347393035888672,54060500
2011-10-03,MSFT,19.215247232239637,19.697183710434835,19.05978495217936,19.06755828857422,64592500
2011-10-04,MSFT,18.888774419453704,19.73604880817065,18.857682556646676,19.69718360900879,83485400
2011-10-05,MSFT,19.759368363692882,20.33458189723682,19.557266070943022,20.124706268310547,94061300
2011-10-06,MSFT,20.132475623020223,20.521133459304828,19.977013378073572,20.47449493408203,55111400
2011-10-07,MSFT,20.47449190502077,20.606635609112256,20.36566820139664,20.40453338623047,52741600
2011-10-10,MSFT,20.66105329696706,20.964205975614153,20.575548087046215,20.940887451171875,41815300
2011-10-11,MSFT,20.878706000717273,21.04194163159937,20.76988076418342,20.987529754638672,38826200
2011-10-12,MSFT,21.127446605770395,21.22849702140885,20.90979761790208,20.956436157226562,52489800
2011-10-13,MSFT,20.800970623974795,21.142989985155054,20.69214688830425,21.127443313598633,43823500
2011-10-14,MSFT,21.228492906071,21.376183315015233,21.00307210752552,21.19740104675293,50947700
2011-10-17,MSFT,21.073031021706402,21.313998495533085,20.870928743376478,20.97197914123535,39453300
2011-10-18,MSFT,20.94088862082338,21.29845318662377,20.832063397769648,21.22849464416504,52487900
2011-10-19,MSFT,21.275138218028424,21.352868626990215,20.995304001405923,21.088581085205078,42880000
2011-10-20,MSFT,21.189630399174376,21.251815608310856,20.521138288997992,21.01862144470215,76300200
2011-10-21,MSFT,21.104128899100242,21.13522225045318,20.83206800521242,21.111902236938477,76620600
2011-10-24,MSFT,21.034165779257762,21.29845327798841,21.018620589565344,21.135217666625977,56897800
2011-10-25,MSFT,21.049719448034654,21.16631656384965,20.769885183988446,20.83984375,53554600
2011-10-26,MSFT,21.01085223770799,21.034170769084486,20.287948112784097,20.668832778930664,63029900
2011-10-27,MSFT,21.088571907532423,21.298447478662187,20.715460769487425,21.18185043334961,74512400
2011-10-28,MSFT,21.096349545959587,21.135216224068518,20.82429021225793,20.97197914123535,57712100
2011-10-31,MSFT,20.800974462799193,20.987530108068526,20.6921507070452,20.699922561645508,46799000
2011-11-01,MSFT,20.357909802494003,20.458960246759737,20.10139553962098,20.20244598388672,61182600
2011-11-02,MSFT,20.28795135312111,20.36568326288735,19.97702519666899,20.217992782592773,53533100
2011-11-03,MSFT,20.39676061648972,20.66882136568133,20.194658388022003,20.622182846069336,65836100
2011-11-04,MSFT,20.50558375636548,20.521130423343717,20.210204496837797,20.40453338623047,36549200
2011-11-07,MSFT,20.373447216090042,20.847610347371596,20.311262008922974,20.832063674926758,42589700
2011-11-08,MSFT,20.99530513459015,21.142995588291413,20.746564254217034,21.111902236938477,47822500
2011-11-09,MSFT,20.66882960208298,20.793200025683685,20.256851647272896,20.365676879882812,62950900
2011-11-10,MSFT,20.575551119298602,20.598871129789774,20.303491743296963,20.4278621673584,32514400
2011-11-11,MSFT,20.6610502823668,21.049708114226682,20.653276947816167,20.917564392089844,37903000
2011-11-14,MSFT,20.894254802785056,20.987533381273643,20.715472466845704,20.80097770690918,34199200
2011-11-15,MSFT,20.80097342802663,21.09857855902908,20.67566647616561,20.941944122314453,43874200
2011-11-16,MSFT,20.73048458140917,20.76181206097444,20.393723138741162,20.417217254638672,53262800
2011-11-17,MSFT,20.370223166522443,20.39371877116451,19.923817134756014,20.002134323120117,70977500
2011-11-18,MSFT,19.955152991574362,19.970816735755914,19.696707187686243,19.81418228149414,47626200
2011-11-21,MSFT,19.76718977741184,19.775021648406984,19.500912138683635,19.5792293548584,61882500
2011-11-22,MSFT,19.49308012612624,19.547901728917456,19.305119704937802,19.414764404296875,49204500
2011-11-23,MSFT,19.27379494439015,19.41476564271782,19.16415023803711,19.16415023803711,49099700
2011-11-25,MSFT,19.093659318823573,19.32077904293483,19.031005859375,19.031005859375,26164600
2011-11-28,MSFT,19.53223859248541,19.555732710455043,19.336446309263398,19.4774169921875,46766700
2011-11-29,MSFT,19.43825852984674,19.61055670299301,19.383436927037156,19.453922271728516,40917100
2011-11-30,MSFT,19.868999646694935,20.041296301591128,19.688869628193878,20.033464431762695,81350900
2011-12-01,MSFT,20.017799782602722,20.072621375134506,19.73585995047121,19.798513412475586,48545400
2011-12-02,MSFT,20.041293322330024,20.064788928322553,19.704530438651506,19.75152015686035,52293800
2011-12-05,MSFT,20.190098685315856,20.205760931075687,19.97081081313758,20.127445220947266,56818400
2011-12-06,MSFT,20.213597829895544,20.26058906019551,20.05696487689271,20.09612274169922,46175300
2011-12-07,MSFT,20.103954909829376,20.17444026254177,19.845509114476208,20.04913330078125,62667000
2011-12-08,MSFT,19.955147667894657,20.143108066598163,19.869000085432507,19.892494201660156,60522200
2011-12-09,MSFT,19.986474552673833,20.260584019452573,19.97081081313758,20.127445220947266,53788500
2011-12-12,MSFT,19.900328110446203,20.02563505575288,19.806348648354504,19.97864532470703,38945900
2011-12-13,MSFT,20.16660469881551,20.440714187651807,20.088287488608493,20.174436569213867,54581100
2011-12-14,MSFT,20.143109240998438,20.25275393363376,20.025634171681673,20.041297912597656,47926400
2011-12-15,MSFT,20.143104379625733,20.268411289158692,20.002135226733294,20.017797470092773,46213900
2011-12-16,MSFT,20.10395050155169,20.495535044633122,20.072623021092465,20.362396240234375,101408100
2011-12-19,MSFT,20.378061166990573,20.45637837892223,19.939485377683926,19.994308471679688,52258300
2011-12-20,MSFT,20.252757846782018,20.44071829276103,20.213598486925864,20.385896682739258,60767600
2011-12-21,MSFT,20.370228847843144,20.51119952746047,19.92382269157264,20.174436569213867,64132500
2011-12-22,MSFT,20.2214205827845,20.25274805552405,19.955143039602774,20.21358871459961,35794100
2011-12-23,MSFT,20.29191571286133,20.39372855471049,20.150945004932858,20.385896682739258,23205800
2011-12-27,MSFT,20.331069478395268,20.472040157891556,20.30757536099691,20.39372444152832,21287200
2011-12-28,MSFT,20.448547695894526,20.479873686220493,20.174438185103188,20.22142791748047,29822500
2011-12-29,MSFT,20.323243498428166,20.40155923173391,20.252758143431503,20.37806510925293,22616900
2011-12-30,MSFT,20.36239742857655,20.45637838166244,20.291912087206274,20.331069946289062,27395700
2012-01-03,MSFT,20.793138779298694,21.114237987272723,20.667831844175975,20.965436935424805,64731500
2012-01-04,MSFT,21.00459192843372,21.51365146967975,20.973265945812695,21.458829879760742,80516100
2012-01-05,MSFT,21.44317370692547,21.71728324700536,21.372689847716693,21.678125381469727,56081400
2012-01-06,MSFT,21.56065064439748,22.077542245577533,21.56065064439748,22.014888763427734,99455500
2012-01-09,MSFT,21.967889157050024,22.007048502076145,21.709443454982715,21.725107192993164,59706800
2012-01-10,MSFT,21.87391399094671,22.046210661401517,21.732943308857976,21.803428649902344,60014400
2012-01-11,MSFT,21.482329588579773,21.913072014848456,21.435339858788563,21.709447860717773,65582400
2012-01-12,MSFT,21.826916808989417,21.944391839360833,21.654618703587015,21.928728103637695,49370800
2012-01-13,MSFT,21.873913105647286,22.124526977539062,21.764269910138758,22.124526977539062,60196100
2012-01-17,MSFT,22.242003661861506,22.437795950247217,22.061875115053038,22.132360458374023,72395300
2012-01-18,MSFT,22.171513474713556,22.24199880263556,21.905235901180717,22.10886001586914,64860600
2012-01-19,MSFT,22.0540520608611,22.273340049277916,21.952240687460886,22.02272605895996,74053500
2012-01-20,MSFT,22.570937533279206,23.29145330262434,22.516115924814383,23.26795768737793,165902900
2012-01-23,MSFT,23.142648238236795,23.45591709939343,22.986015301435113,23.283618927001953,76078100
2012-01-24,MSFT,23.079991250370078,23.158308453733873,22.852873003769115,22.978179931640625,51703300
2012-01-25,MSFT,22.76672192875563,23.220959875791667,22.76672192875563,23.150474548339844,59231700
2012-01-26,MSFT,23.18963800288808,23.260123342830568,23.02517171176343,23.10348892211914,49102800
2012-01-27,MSFT,23.06432693932018,23.12698039764535,22.845039088293937,22.89202880859375,44187700
2012-01-30,MSFT,22.688410751012846,23.19747191626898,22.578767543124656,23.189640045166016,51114800
2012-01-31,MSFT,23.228800713711422,23.26012820190869,22.892037684475103,23.126989364624023,50572400
2012-02-01,MSFT,23.33060268429371,23.534225287578447,23.307107079094934,23.408918380737305,67409900
2012-02-02,MSFT,23.416754195104456,23.628210196197486,23.26795165798976,23.455913543701172,52223300
2012-02-03,MSFT,23.604710078996103,23.808334171481526,23.56555223165419,23.683027267456055,41838500
2012-02-06,MSFT,23.52639596839671,23.66736512458504,23.4715728871401,23.651702880859375,28039700
2012-02-07,MSFT,23.612547789525216,23.878825399906784,23.534230581687726,23.769182205200195,39242400
2012-02-08,MSFT,23.69869368773576,24.01979285238692,23.667366211293547,24.011960983276367,49659100
2012-02-09,MSFT,24.027624870319364,24.121604312675487,23.87099047469075,24.09811019897461,50481600
2012-02-10,MSFT,23.99630091159192,24.121607848954554,23.777014518095577,23.88665771484375,44605300
2012-02-13,MSFT,23.988466248586676,24.098110926346717,23.831833342006593,23.949308395385742,33319800
2012-02-14,MSFT,23.909894393172262,24.01237596959657,23.531498798298838,23.84682846069336,59644000
2012-02-15,MSFT,23.909892801446055,23.957191871753835,23.67339594629681,23.68916130065918,43311300
2012-02-16,MSFT,23.894121918850534,24.871644394353584,23.88623849119203,24.66668128967285,94705100
2012-02-17,MSFT,24.59573146081902,24.69032958364114,24.39865028406121,24.635147094726562,70036500
2012-02-21,MSFT,24.579968453860957,24.918948371530067,24.556318167647895,24.78493309020996,50829900
2012-02-22,MSFT,24.792821513914443,24.97413590057948,24.579973405945612,24.650922775268555,49253200
2012-02-23,MSFT,24.595736300205882,24.903182515285092,24.438070726333784,24.729751586914062,35034700
2012-02-24,MSFT,24.816476821899414,24.83224368669411,24.627278955196015,24.816476821899414,35575400
2012-02-27,MSFT,24.627273025930467,24.832237708081237,24.51690800616106,24.7139892578125,34568400
2012-02-28,MSFT,24.761282610234783,25.171211879725007,24.73763232420679,25.123912811279297,45230600
2012-02-29,MSFT,25.139677481594457,25.22639369106276,24.91894749910821,25.02142906188965,59323600
2012-03-01,MSFT,25.1712158129063,25.533844567003857,25.108149877254093,25.455013275146484,77344100
2012-03-02,MSFT,25.47079084796286,25.573270969036326,25.226408928864462,25.28947639465332,47314200
2012-03-05,MSFT,25.234278815840955,25.265812533686447,24.926834088509963,25.0687313079834,45240000
2012-03-06,MSFT,24.863764599945668,25.210626424968815,24.824347458276986,24.87952995300293,51932900
2012-03-07,MSFT,24.966250206759863,25.163331436208992,24.855885199423696,25.100265502929688,34340400
2012-03-08,MSFT,25.25792569791931,25.391939461880288,25.14755921052478,25.23427391052246,36747400
2012-03-09,MSFT,25.305230119628003,25.35253070002669,25.16333288926357,25.218515396118164,34628400
2012-03-12,MSFT,25.202752458607016,25.38406837113471,25.084503996426886,25.257936477661133,34073600
2012-03-13,MSFT,25.415594989121242,25.770338772850717,25.344645630931204,25.75457191467285,48951700
2012-03-14,MSFT,25.644214729190548,25.920130320551664,25.612684010447193,25.83341407775879,41986900
2012-03-15,MSFT,25.849173455529808,25.967420382824972,25.683625952984126,25.89647102355957,49068300
2012-03-16,MSFT,25.943783764697287,25.97531749631816,25.62057053363873,25.69940185546875,65626400
2012-03-19,MSFT,25.652098176109902,25.70728068973644,25.344651883841642,25.38406753540039,44789200
2012-03-20,MSFT,25.305230119628003,25.344648773570782,25.021434155288595,25.218515396118164,41566800
2012-03-21,MSFT,25.19486073876654,25.344644380455748,25.084495744187475,25.155445098876953,37928600
2012-03-22,MSFT,25.076618202126497,25.29734974671078,25.060852844635974,25.22640037536621,31749500
2012-03-23,MSFT,25.30522325827247,25.31310818981151,25.00566051502476,25.23427391052246,35912200
2012-03-26,MSFT,25.376181844014035,25.707279923121046,25.344651128040184,25.691513061523438,36758300
2012-03-27,MSFT,25.738810829086795,25.778226475155908,25.54172959152019,25.636327743530273,36274900
2012-03-28,MSFT,25.63632741517707,25.778226144985254,25.257931804762254,25.376178741455078,41344800
2012-03-29,MSFT,25.273701568284768,25.376181657082256,25.076618806987845,25.320999145507812,37038500
2012-03-30,MSFT,25.541730173718303,25.549612100223374,25.25793270399815,25.43136215209961,31749400
2012-04-02,MSFT,25.399830769402115,25.589027072748223,25.186982672721978,25.455013275146484,35853600
2012-04-03,MSFT,25.352530989229688,25.37617977608826,24.95836850307424,25.179100036621094,42752100
2012-04-04,MSFT,24.958363482095773,24.982013767807075,24.47748486457111,24.60361671447754,49455900
2012-04-05,MSFT,24.5563281421661,24.934723853613654,24.47749532637847,24.84800910949707,50368600
2012-04-09,MSFT,24.61150297745178,24.75340170084096,24.41442175132469,24.516904830932617,31056400
2012-04-10,MSFT,24.48536779337087,24.587850859084472,23.886240766738993,24.02025604248047,54131300
2012-04-11,MSFT,23.988727019079693,24.06755981003675,23.83106143716558,23.925661087036133,43014000
2012-04-12,MSFT,24.028141717769223,24.469604728322626,23.980842646499347,24.422304153442383,38304000
2012-04-13,MSFT,24.35135404407429,24.564202113643,24.217338759932176,24.288288116455078,39749200
2012-04-16,MSFT,24.430187421542865,24.587852996216927,24.25675649228968,24.501136779785156,38124800
2012-04-17,MSFT,24.650917808889854,24.918948371530067,24.59573531133633,24.78493309020996,34361500
2012-04-18,MSFT,24.658805543869878,24.68245433060251,24.46960773195606,24.548439025878906,40552900
2012-04-19,MSFT,24.54055725172149,24.974136915607144,24.390776580272686,24.445959091186523,54781200
2012-04-20,MSFT,25.34464623010892,25.92800496037767,25.26581193735586,25.557491302490234,106045000
2012-04-23,MSFT,25.47078282597102,25.620563499212892,25.250049772451906,25.320999145507812,61398200
2012-04-24,MSFT,25.391947359424595,25.63632919039923,25.09238452300519,25.163333892822266,40871100
2012-04-25,MSFT,25.16333597728352,25.478665700585672,25.12392032572477,25.38406753540039,62495500
2012-04-26,MSFT,25.320996092439465,25.40771231652106,25.163332007467144,25.313114166259766,40308100
2012-04-27,MSFT,25.320993508098955,25.39982779795477,25.131795723276003,25.210628509521484,41419100
2012-04-30,MSFT,25.2106347028247,25.313117801203163,25.16333562090194,25.242168426513672,35697200
2012-05-01,MSFT,25.265807622238082,25.494422521345914,25.1869763501693,25.23427391052246,43832300
2012-05-02,MSFT,25.108148455290262,25.17121438737082,24.94259944382228,25.0687313079834,37385300
2012-05-03,MSFT,25.131799080979356,25.14756594105703,24.918952484372884,25.037200927734375,31501300
2012-05-04,MSFT,24.792817805285786,24.887415947825538,24.375005082172507,24.422304153442383,57927200
2012-05-07,MSFT,24.201574204535284,24.327706063936834,24.099091129015047,24.16215705871582,48641400
2012-05-08,MSFT,24.028136495963125,24.264634808137313,23.783756259965497,24.043903350830078,46328300
2012-05-09,MSFT,23.799525957500716,24.304053344624794,23.728576605735118,24.248870849609375,50309300
2012-05-10,MSFT,24.327708175073433,24.453840045420588,24.004495069357528,24.233108520507812,43839200
2012-05-11,MSFT,24.19369110819141,24.863767560236504,24.19369110819141,24.5642032623291,43459300
2012-05-14,MSFT,24.29617701875382,24.469609486484917,24.15427827374134,24.18581199645996,40528900
2012-05-15,MSFT,24.31277144072688,24.439730964165907,23.923957711010253,23.971567153930664,61822800
2012-05-16,MSFT,24.050910274609,24.058845431712278,23.59861691405728,23.725576400756836,60083700
2012-05-17,MSFT,23.797004678977164,23.971573692955968,23.57482469561361,23.582759857177734,48484000
2012-05-18,MSFT,23.63829664766216,23.654165451042676,23.14632741942492,23.225677490234375,56205300
2012-05-21,MSFT,23.09078834734443,23.638302302073605,23.059047706037425,23.6065616607666,38787900
2012-05-22,MSFT,23.558949720794438,23.7097132106274,23.40818471748456,23.61449432373047,39504900
2012-05-23,MSFT,23.289161756641484,23.328836042995054,22.725777506863363,23.098722457885742,65171000
2012-05-24,MSFT,23.138391457141008,23.249480644328845,22.820992698406723,23.06697654724121,52575000
2012-05-25,MSFT,23.17013651350042,23.29709604123382,23.019371506763147,23.059045791625977,29507200
2012-05-29,MSFT,23.312952167260796,23.58274139532611,23.18599270858019,23.455781936645508,37758800
2012-05-30,MSFT,23.289156547961905,23.392310577496723,23.106652449989788,23.281221389770508,41585500
2012-05-31,MSFT,23.249480826449844,23.344701211554355,22.963822698089665,23.16219711303711,39134000
2012-06-01,MSFT,22.820990308054615,22.979688914060766,22.567071327663566,22.57500648498535,56634300
2012-06-04,MSFT,22.70990784251801,22.836867370225814,22.47185759295817,22.654361724853516,47926300
2012-06-05,MSFT,22.622617721557617,22.813056972054966,22.527397339570626,22.622617721557617,45715400
2012-06-06,MSFT,22.916214855494765,23.30503009336197,22.8606702539357,23.289159774780273,46860500
2012-06-07,MSFT,23.51926736786415,23.566878311519,23.146324056760122,23.193933486938477,37792800
2012-06-08,MSFT,23.17806513128907,23.55100998738916,23.051105631099098,23.527204513549805,42551100
2012-06-11,MSFT,23.59069008180012,23.654169847551078,22.868607178829123,22.932086944580078,46361900
2012-06-12,MSFT,23.09078544525096,23.249484091409197,22.884475843116057,23.24155044555664,35337900
2012-06-13,MSFT,23.185998872794887,23.360569309999,23.051104222899223,23.11458396911621,32984600
2012-06-14,MSFT,23.27328623157911,23.376440261113927,22.9162116803496,23.281221389770508,39458900
2012-06-15,MSFT,23.47959277571472,23.868406396083756,23.400242717512036,23.820796966552734,62314400
2012-06-18,MSFT,23.796987567758777,23.828728191192187,23.574807744153574,23.677963256835938,58679900
2012-06-19,MSFT,23.955696161166262,24.68571411101972,23.84460545319335,24.360380172729492,75725800
2012-06-20,MSFT,24.54288673400879,24.63810562066871,24.312771649872968,24.54288673400879,36257100
2012-06-21,MSFT,24.566695127990247,24.709524997207406,23.852547295381637,23.916027069091797,48456600
2012-06-22,MSFT,24.04297987963748,24.384184135277657,23.82873664932016,24.360380172729492,45098100
2012-06-25,MSFT,24.042975367955822,24.0588456823277,23.503398300600306,23.701772689819336,42217200
2012-06-26,MSFT,23.804926652216903,24.01917135532121,23.75731722268588,23.820796966552734,38421300
2012-06-27,MSFT,23.9556953748124,24.201679231755122,23.82873586713379,23.9398250579834,33781700
2012-06-28,MSFT,23.789061291379998,23.844605889644757,23.344702991785116,23.733516693115234,45328400
2012-06-29,MSFT,24.16200308762499,24.3524423344392,23.91601773619794,24.27309226989746,55227200
2012-07-02,MSFT,24.29689568704436,24.29689568704436,23.971560298608875,24.249284744262695,30589100
2012-07-03,MSFT,23.9874295514701,24.407983779907227,23.939820124271534,24.407983779907227,20938100
2012-07-05,MSFT,24.27309494078151,24.423859928652544,24.106459635560526,24.360380172729492,28801900
2012-07-06,MSFT,24.288959400503778,24.360374297879087,23.765251162069106,23.955690383911133,38294800
2012-07-09,MSFT,23.900148203161127,23.987431909358808,23.63035890005582,23.804927825927734,30680800
2012-07-10,MSFT,23.86841263609212,23.97950183853246,23.41611915361146,23.598623275756836,37534100
2012-07-11,MSFT,23.574817059889586,23.598622536871527,23.098719628065354,23.249483108520508,39184900
2012-07-12,MSFT,23.130455509005458,23.15426098265124,22.646422986020756,22.717836380004883,63523600
2012-07-13,MSFT,22.820997013043176,23.392314886780717,22.78925637443039,23.320899963378906,39085000
2012-07-16,MSFT,23.392315755953813,23.431991555694,23.04317779910221,23.360576629638672,27900600
2012-07-17,MSFT,23.519276392615502,23.693846892716007,23.170138419368648,23.535146713256836,33771300
2012-07-18,MSFT,23.487527445612386,24.16200065612793,23.376436761042715,24.16200065612793,41090400
2012-07-19,MSFT,24.209611248542732,24.43972475879513,24.106455716017173,24.336570739746094,46663200
2012-07-20,MSFT,24.598421688047818,24.63809595634769,23.844598482539695,23.900144577026367,64021700
2012-07-23,MSFT,23.463727521484657,23.471662680363842,23.019369218587926,23.233613967895508,55151900
2012-07-24,MSFT,23.20187183626934,23.297092223202732,22.932082505680896,23.130456924438477,47723300
2012-07-25,MSFT,23.201875109273285,23.273290031178394,22.836866853737774,22.876541137695312,45579500
2012-07-26,MSFT,23.193932264580585,23.40817695930689,23.082843095526837,23.13838768005371,45301400
2012-07-27,MSFT,23.39231439850943,23.685909245641625,23.154265667790188,23.61449432373047,44242600
2012-07-30,MSFT,23.60655899820694,23.662103600752296,23.376443915116845,23.51927375793457,28905000
2012-07-31,MSFT,23.392313592441667,23.574817713936035,23.273289231183465,23.38437843322754,37620900
2012-08-01,MSFT,23.4795951055489,23.52720453980411,23.178065157153767,23.33676528930664,31721800
2012-08-02,MSFT,23.178065915990633,23.43198643844377,22.987626659258286,23.16219711303711,39520500
2012-08-03,MSFT,23.431992674009322,23.75732668002071,23.392316872375567,23.6065616607666,35859400
2012-08-06,MSFT,23.80492734052687,23.89221255842129,23.65416237693011,23.7652530670166,27471800
2012-08-07,MSFT,23.86047881309471,24.08265874389488,23.701780159789124,24.01124382019043,28002900
2012-08-08,MSFT,23.97156352014578,24.177873092829508,23.8922149651323,24.066783905029297,26257600
2012-08-09,MSFT,24.1143882992519,24.320697828803475,24.042973403888805,24.20167350769043,24920800
2012-08-10,MSFT,24.20168051709839,24.29690090965283,24.00330608663037,24.138200759887695,27810300
2012-08-13,MSFT,24.08265030540662,24.169934004423812,23.93188535113849,24.114389419555664,23049100
2012-08-14,MSFT,24.202251745933978,24.27413974609737,23.970613819242953,24.066463470458984,34551400
2012-08-15,MSFT,24.050493199238854,24.186281495349746,23.97860518815056,24.12238121032715,24351000
2012-08-16,MSFT,24.250182144813547,24.713459599065445,24.17030640645915,24.58565902709961,35787200
2012-08-17,MSFT,24.697482561942092,24.697482561942092,24.433893708738264,24.681507110595703,32589900
2012-08-20,MSFT,24.617611230809242,24.641574412113897,24.425910350881512,24.5537109375,23737700
2012-08-21,MSFT,24.56967988076566,24.729429809953633,24.44986705299899,24.60162925720215,28822700
2012-08-22,MSFT,24.433898064741737,24.569686378388187,24.33804686307823,24.39396095275879,33437400
2012-08-23,MSFT,24.274146471609978,24.28213419867489,24.02653302661039,24.17030906677246,28355600
2012-08-24,MSFT,24.162317774398723,24.465843740562274,24.106405216697773,24.409931182861328,22943300
2012-08-27,MSFT,24.70546422635027,24.72942587398818,24.433887714102124,24.513763427734375,34691100
2012-08-28,MSFT,24.521761104068993,24.601635326617192,24.377985065877215,24.46584701538086,23947900
2012-08-29,MSFT,24.481821060180664,24.561696801634557,24.314083374280234,24.481821060180664,23346800
2012-08-30,MSFT,24.38597424491543,24.44987454086087,24.138359265061535,24.21823501586914,23982100
2012-08-31,MSFT,24.441885507809125,24.72943606245179,24.266158560718615,24.617610931396484,36590100
2012-09-04,MSFT,24.32207339719063,24.489811098928335,24.08244615020409,24.274147033691406,48556700
2012-09-05,MSFT,24.13835871744999,24.385973691686402,24.13037099020012,24.274147033691406,33650000
2012-09-06,MSFT,24.36200737398616,25.048936594019516,24.330056469099492,25.04094886779785,48371700
2012-09-07,MSFT,24.793336915058433,24.817298571637373,24.545721958053385,24.72144889831543,42649100
2012-09-10,MSFT,24.62560037236081,24.68151294178002,24.369999184442566,24.537736892700195,40524000
2012-09-11,MSFT,24.513773165161748,24.689498586152816,24.449872873573803,24.59364891052246,25191800
2012-09-12,MSFT,24.713459599065445,24.905160457014198,24.545720396170918,24.58565902709961,32775800
2012-09-13,MSFT,24.673512767843036,24.90515217973464,24.282123455838853,24.713451385498047,45047300
2012-09-14,MSFT,24.76936917613869,24.961070011002853,24.609617718667145,24.929119110107422,51422800
2012-09-17,MSFT,24.913145183162513,24.969057736226713,24.79333235181026,24.929119110107422,36488500
2012-09-18,MSFT,24.84125871434621,24.929120650231148,24.78534615782773,24.90515899658203,34542700
2012-09-19,MSFT,24.833275753360095,24.913151502356264,24.79333864061361,24.80132484436035,48871900
2012-09-20,MSFT,24.721445763456096,25.14478456003457,24.689494860731664,25.12082290649414,45543000
2012-09-21,MSFT,25.10485550939109,25.24863157077217,24.83327884311647,24.91315460205078,102348900
2012-09-24,MSFT,24.761384432676884,24.817296992474063,24.47383238400226,24.58565902709961,46825900
2012-09-25,MSFT,24.721450618665003,24.761387731411162,24.25018537544499,24.274147033691406,54266400
2012-09-26,MSFT,24.18628265689244,24.441883809258044,23.994581792618238,24.098419189453125,54672000
2012-09-27,MSFT,24.098417031764384,24.282130153140248,23.874765281717963,24.090429306030273,47129900
2012-09-28,MSFT,24.10640622022203,24.17030650646935,23.75495388411027,23.77092933654785,54229300
2012-10-01,MSFT,23.81086657300839,23.946654872456733,23.4993528663046,23.555265426635742,54042700
2012-10-02,MSFT,23.707034568705094,23.874772287835828,23.563258510305406,23.691059112548828,43338900
2012-10-03,MSFT,23.76294371724739,23.95464459298632,23.69904342533441,23.850807189941406,46655900
2012-10-04,MSFT,23.938670696477264,23.986597061157227,23.619169216127013,23.986597061157227,43634900
2012-10-05,MSFT,24.146345216406328,24.16232067009342,23.754955742091305,23.842819213867188,41133900
2012-10-08,MSFT,23.67507484602333,23.89872657847193,23.603186843575664,23.786901473999023,29752000
2012-10-09,MSFT,23.707030828368705,23.75495566577289,23.307653628493227,23.387529373168945,45121100
2012-10-10,MSFT,23.283695596000292,23.411496206336555,23.123945594831685,23.147907257080078,47227100
2012-10-11,MSFT,23.339602035202326,23.363565214652812,23.060039225795244,23.123939514160156,41488500
2012-10-12,MSFT,23.139916599451748,23.419480970488937,23.004128277719587,23.323631286621094,46464700
2012-10-15,MSFT,23.4594143574517,23.738977142411322,23.36356317153489,23.571239471435547,42440200
2012-10-16,MSFT,23.523316045090663,23.75495401267725,23.4194771271874,23.555265426635742,47739400
2012-10-17,MSFT,23.403498102252257,23.675074659694328,23.235760446863036,23.6351375579834,44206100
2012-10-18,MSFT,23.683070084998477,23.746970382614027,23.37155632456058,23.563257217407227,59238500
2012-10-19,MSFT,23.20381285589438,23.2277760344401,22.764498580410464,22.876323699951172,90470800
2012-10-22,MSFT,22.94821019529419,23.02808592833078,22.229331644970706,22.36511993408203,83374000
2012-10-23,MSFT,22.181415227375393,22.52487994324779,22.17342749869191,22.405065536499023,64414800
2012-10-24,MSFT,22.492927983038946,22.52487889628779,22.261289955998404,22.28525161743164,53320400
2012-10-25,MSFT,22.516888738385074,22.5248764658354,22.253299826537145,22.26927375793457,54084300
2012-10-26,MSFT,22.2533045293154,22.6367063869359,22.23732907103866,22.532867431640625,57790000
2012-10-31,MSFT,22.80444158804598,23.06803052623571,22.764504470306445,22.79645538330078,69464100
2012-11-01,MSFT,23.03607054956437,23.61117300761979,23.02009510040938,23.5792236328125,72047900
2012-11-02,MSFT,23.63514524266263,23.778921293173436,23.427468894536275,23.563257217407227,57131600
2012-11-05,MSFT,23.659107073297424,23.754956752490628,23.427467555491344,23.66709327697754,38070800
2012-11-06,MSFT,23.81885628223335,24.12238381144734,23.651118587275462,23.850807189941406,43401500
2012-11-07,MSFT,23.587215627272016,23.826841313964408,23.203812395660044,23.22777557373047,57871800
2012-11-08,MSFT,23.259730457096396,23.45941907133708,23.004127751125612,23.012115478515625,49841800
2012-11-09,MSFT,23.06803045562999,23.315645460068048,23.012117881564425,23.028093338012695,43291200
2012-11-12,MSFT,23.115953855912036,23.17186642279607,22.53286195847077,22.540849685668945,61112300
2012-11-13,MSFT,21.759694722541397,21.985182800149243,21.542258473971838,21.81606674194336,131689200
2012-11-14,MSFT,21.93685572629068,21.977122536139063,21.5825154797336,21.614728927612305,76086100
2012-11-15,MSFT,21.64694170118759,21.719420425778164,21.445612251996398,21.469772338867188,50955600
2012-11-16,MSFT,21.47783016328553,21.501990255175706,21.212075296582107,21.357032775878906,64083300
2012-11-19,MSFT,21.582523676279287,21.582523676279287,21.316768774439318,21.526151657104492,57179300
2012-11-20,MSFT,21.550305188731446,21.582517103011156,21.308708919535277,21.510038375854492,47070400
2012-11-21,MSFT,21.51003999787166,21.880487024164847,21.477828081162933,21.703317642211914,66360300
2012-11-23,MSFT,21.92880402125867,22.363676384349677,21.90464546954596,22.30730438232422,57845700
2012-11-26,MSFT,22.178454240321933,22.210666155465685,21.880485961127288,22.057655334472656,85198700
2012-11-27,MSFT,22.0335035352203,22.04960872971735,21.775801990999167,21.808013916015625,45018600
2012-11-28,MSFT,21.751640950970845,22.057661137443368,21.558364801195204,22.03350257873535,53018400
2012-11-29,MSFT,21.832168381090767,22.033497852591726,21.630838909589812,21.703317642211914,69551400
2012-11-30,MSFT,21.783850283667878,21.84827565926382,21.332872654496292,21.437564849853516,83690200
2012-12-03,MSFT,21.566405452695868,21.598617357325054,21.260383910600932,21.284543991088867,53173800
2012-12-04,MSFT,21.340925320829843,21.445615976742697,21.212074573849996,21.236234664916992,49777500
2012-12-05,MSFT,21.24428604549239,21.687211822933442,21.147648755302296,21.477828979492188,68283800
2012-12-06,MSFT,21.590577041307444,21.72748117474151,21.429514348811225,21.526151657104492,39182300
2012-12-07,MSFT,21.598625022930452,21.598625022930452,21.236232903122577,21.3087100982666,46162100
2012-12-10,MSFT,21.38924127140759,21.719421460935948,21.3570293567331,21.695262908935547,47031100
2012-12-11,MSFT,21.78384367822051,22.138183904563757,21.78384367822051,22.001279830932617,52282800
2012-12-12,MSFT,22.170398200851228,22.24287692120153,21.808004599099736,21.93685531616211,43966300
2012-12-13,MSFT,22.00128267728234,22.16234685628146,21.703315942962373,21.83216667175293,45080100
2012-12-14,MSFT,21.832170576232283,21.84827576819498,21.50199033265411,21.590574264526367,42077500
2012-12-17,MSFT,21.57446951571831,21.920754958372125,21.48588404600432,21.82411766052246,42046100
2012-12-18,MSFT,21.94490722679601,22.25092727557705,21.856321788665515,22.194555282592773,50486900
2012-12-19,MSFT,22.299248605760496,22.331460516564324,21.9449083707883,21.993227005004883,53519900
2012-12-20,MSFT,22.033504800839594,22.29120635986328,21.86438719271627,22.29120635986328,52607300
2012-12-21,MSFT,22.10598373413086,22.138195661256695,21.74358995382479,22.10598373413086,98776500
2012-12-24,MSFT,21.90464042683714,21.94490569443668,21.743576284395978,21.791894912719727,20842400
2012-12-26,MSFT,21.76774441238485,21.90464852325603,21.501989554343396,21.630840301513672,31631100
2012-12-27,MSFT,21.655000361686007,21.816064574854366,21.397298849434375,21.71137237548828,39394000
2012-12-28,MSFT,21.51004200456156,21.663052847262946,21.38119125366211,21.38119125366211,28239900
2012-12-31,MSFT,21.413401096993507,21.55835855130684,21.236231728400465,21.510038375854492,42749500
2013-01-02,MSFT,21.944915348458842,22.33146761714417,21.86438324181052,22.242883682250977,52899300
2013-01-03,MSFT,22.250930137581054,22.267036862225876,21.872431324558587,21.944910049438477,48294400
2013-01-04,MSFT,21.96101971239894,22.017391720176406,21.526147304935034,21.53420066833496,52521100
2013-01-07,MSFT,21.55836573945602,21.646949685277924,21.453673527090537,21.493940353393555,37110400
2013-01-08,MSFT,21.54225546029748,21.574468916033396,21.308712514278405,21.38119125366211,44703100
2013-01-09,MSFT,21.5180926470844,21.542252735830793,21.389241912480813,21.50198745727539,49047900
2013-01-10,MSFT,21.461720923619406,21.727475759220624,21.171807534977493,21.3087100982666,71431300
2013-01-11,MSFT,21.332877347899448,21.687217759645897,21.16376127576151,21.606685638427734,55512100
2013-01-14,MSFT,21.663046418795137,21.808003854546705,21.55030242922021,21.654993057250977,48324400
2013-01-15,MSFT,21.60668426975615,21.97713138948482,21.60668426975615,21.912704467773438,48244500
2013-01-16,MSFT,21.864376985105565,21.928802344783843,21.751632989674018,21.775793075561523,41077400
2013-01-17,MSFT,21.89659141152582,22.122079412466096,21.791899237356287,21.944910049438477,51685900
2013-01-18,MSFT,21.82411268664593,21.97712349872812,21.77579404873327,21.944910049438477,52167700
2013-01-22,MSFT,21.98517725621594,22.10597616564132,21.74358250940906,21.8643798828125,58650600
2013-01-23,MSFT,21.90464871446581,22.258987504266127,21.90464871446581,22.23482894897461,50387700
2013-01-24,MSFT,22.307308148394753,22.605274933983193,22.122083849869327,22.250934600830078,101739300
2013-01-25,MSFT,22.210666230597333,22.734122525634607,22.057655409086717,22.452260971069336,81847700
2013-01-28,MSFT,22.55695536361137,22.73412475492917,22.355625881468484,22.476423263549805,56056500
2013-01-29,MSFT,22.403942606776113,22.653590713148898,22.22677323064412,22.55695343017578,49242600
2013-01-30,MSFT,22.55695322676966,22.701910685944107,22.355623763698908,22.428102493286133,43580500
2013-01-31,MSFT,22.37979202680156,22.52474800290152,22.065716905195483,22.10598373413086,50530000
2013-02-01,MSFT,22.283147969257694,22.589168117584705,22.186509138404787,22.492530822753906,55565900
2013-02-04,MSFT,22.444214090919214,22.565011487778648,22.08182036431867,22.09792709350586,50540000
2013-02-05,MSFT,22.242888627787497,22.275100555995596,22.03350571835604,22.146249771118164,35410400
2013-02-06,MSFT,22.049597391240344,22.1784496331141,21.944906768743536,22.017385482788086,41889600
2013-02-07,MSFT,22.02544817229897,22.057660094393874,21.82411866713357,21.96907615661621,38028300
2013-02-08,MSFT,22.02544362211686,22.315357005167428,21.993230170654623,22.186506271362305,33318500
2013-02-11,MSFT,22.267037775550182,22.484473959108403,22.146240407802903,22.436155319213867,32247700
2013-02-12,MSFT,22.452260971069336,22.548899788871278,22.347570326470642,22.452260971069336,35990900
2013-02-13,MSFT,22.492525092159994,22.637482533496378,22.452258282887822,22.573057174682617,41715600
2013-02-14,MSFT,22.484476894230085,22.59722091404222,22.444211611732054,22.58111572265625,32663200
2013-02-15,MSFT,22.58111351893002,22.677750801903137,22.45226124826267,22.55695343017578,49650900
2013-02-19,MSFT,22.638154120197893,22.8086718734744,22.573195344840027,22.77619171142578,38781400
2013-02-20,MSFT,22.841150256621837,22.897990539634158,22.597555238669297,22.630035400390625,44110200
2013-02-21,MSFT,22.524476159524177,22.524476159524177,22.110363394867232,22.32147979736328,49078500
2013-02-22,MSFT,22.47575359381747,22.540712356567383,22.313355912573147,22.540712356567383,31425900
2013-02-25,MSFT,22.711230984047976,22.776189753822667,22.224040985107422,22.224040985107422,48011800
2013-02-26,MSFT,22.232159476182424,22.41079725461725,22.1996808656647,22.224040985107422,49923300
2013-02-27,MSFT,22.264634627044224,22.73558598915575,22.191555833894256,22.581308364868164,36394700
2013-02-28,MSFT,22.638157102396544,22.71123592789348,22.524479617730012,22.573198318481445,35840200
2013-03-01,MSFT,22.50823425037126,22.719350635717024,22.345838103078584,22.694992065429688,34849700
2013-03-04,MSFT,22.613800102643072,22.85739517211914,22.492002567905036,22.85739517211914,38157500
2013-03-05,MSFT,22.97106624013127,23.174062577147325,22.865507277589007,23.019784927368164,41432200
2013-03-06,MSFT,22.90610742479678,22.922347504518438,22.55695500321657,22.808670043945312,51448500
2013-03-07,MSFT,22.824913200165533,22.9629507989268,22.74371433935194,22.849271774291992,29196700
2013-03-08,MSFT,22.93858632019588,23.003545086763683,22.70310982342562,22.7355899810791,37667800
2013-03-11,MSFT,22.686874134663594,22.711232707215235,22.467637689262695,22.630035400390625,36627500
2013-03-12,MSFT,22.605674999340604,22.694993894229523,22.443277290222444,22.662513732910156,39255200
2013-03-13,MSFT,22.630036567881866,22.751834083141713,22.53259762643033,22.670635223388672,29093400
2013-03-14,MSFT,22.735594298396634,22.865511856202602,22.678755560448955,22.849271774291992,55914800
2013-03-15,MSFT,22.759944461499394,22.865501850247483,22.719344274489533,22.768064498901367,92710300
2013-03-18,MSFT,22.638157528437993,22.962953002865593,22.581318785035045,22.816795349121094,44809400
2013-03-19,MSFT,22.833027607143066,22.914224899182027,22.759948805316743,22.881746292114258,51901600
2013-03-20,MSFT,23.01166244021242,23.133459919718224,22.881744922241033,22.99542236328125,35447800
2013-03-21,MSFT,22.824907302856445,23.027903628072206,22.776187069712545,22.824907302856445,34233200
2013-03-22,MSFT,22.88986469253968,23.011662170618557,22.816785895944555,22.938583374023438,28720900
2013-03-25,MSFT,22.979184578232598,23.019784774609874,22.70310943782366,22.865507125854492,44154000
2013-03-26,MSFT,22.930465891319,23.011664735334417,22.82490847821635,22.865507125854492,27824300
2013-03-27,MSFT,22.849268185813784,23.10098476967777,22.80054949647268,23.036026000976562,36047400
2013-03-28,MSFT,22.995425219605472,23.27150036677146,22.946706531499466,23.23090171813965,55453800
2013-04-01,MSFT,23.255260287823067,23.27150036677146,23.027905377502258,23.23090171813965,29201100
2013-04-02,MSFT,23.214659537651663,23.425775898651647,23.157820815216866,23.385175704956055,28456500
2013-04-03,MSFT,23.34457955016357,23.50697724479082,23.174063364670232,23.1903018951416,35062800
2013-04-04,MSFT,23.052264400179194,23.23090217464353,22.954827022052466,23.222782135009766,45263200
2013-04-05,MSFT,22.914220107133797,23.368932900901125,22.824902794822044,23.303974151611328,50927300
2013-04-08,MSFT,23.328338094821007,23.328338094821007,23.117221723754955,23.21466064453125,34759500
2013-04-09,MSFT,23.328340608637237,24.213404835166546,23.287741957370095,24.042888641357422,77733800
2013-04-10,MSFT,24.010407451742168,24.619396487070382,23.96980880221597,24.586917877197266,71116700
2013-04-11,MSFT,23.628773118101137,23.709971959836423,23.328337868302302,23.498855590820312,130923200
2013-04-12,MSFT,23.425782448538207,23.563820048220695,23.271504766836735,23.377063751220703,62886300
2013-04-15,MSFT,23.263378228212652,23.53133331172651,23.14970078330951,23.29585838317871,56332900
2013-04-16,MSFT,23.466379420659553,23.661255744682727,23.303983258343255,23.523218154907227,52797300
2013-04-17,MSFT,23.425784074234883,23.58006176664288,23.22278768112841,23.409543991088867,52840700
2013-04-18,MSFT,23.506981309893693,23.531339884182714,23.141587208163745,23.377063751220703,56906600
2013-04-19,MSFT,24.051012081072773,24.554442242400164,24.04289203992369,24.172809600830078,99790700
2013-04-22,MSFT,24.603159256471525,25.317707341285423,24.5788006834311,25.033512115478516,137904000
2013-04-23,MSFT,24.927951011976273,25.090347153693564,24.668114397498123,24.846752166748047,59126900
2013-04-24,MSFT,24.862997061266455,25.918577607471764,24.84675697932743,25.788660049438477,90946600
2013-04-25,MSFT,25.748060418837223,26.665604935242733,25.61002436549533,25.934818267822266,110700200
2013-04-26,MSFT,25.902339975158,25.967298760317895,25.536947389410926,25.81302261352539,47799300
2013-04-29,MSFT,25.821139997191338,26.535688151991287,25.796781421765125,26.478849411010742,59116400
2013-04-30,MSFT,26.43824308123561,26.88483438684375,26.210885085806712,26.876712799072266,75165200
2013-05-01,MSFT,26.73867526719817,26.860474297046032,26.470718640524066,26.568159103393555,54330900
2013-05-02,MSFT,26.495086621481903,26.933556419015023,26.3002087467615,26.925437927246094,46059500
2013-05-03,MSFT,26.982275758607333,27.217752279245307,26.860479801279112,27.19339370727539,46784600
2013-05-06,MSFT,27.136551908799447,27.534426137155002,26.998515870836048,27.404508590698242,40978300
2013-05-07,MSFT,27.323314509568146,27.43699198894567,26.990400563900103,27.047239303588867,43078300
2013-05-08,MSFT,26.85235268834484,26.990391795227662,26.51132036100727,26.787395477294922,51595700
2013-05-09,MSFT,26.673725380949417,26.79552445838832,26.462610490531755,26.51944923400879,46417800
2013-05-10,MSFT,26.527562181257164,26.56816393023488,26.24336852328451,26.54380226135254,36394900
2013-05-13,MSFT,26.478845232445973,26.85235778494043,26.430124991802902,26.81987762451172,36027600
2013-05-14,MSFT,26.868935077864492,27.416778564453125,26.81987321013491,27.416778564453125,56870100
2013-05-15,MSFT,27.351366510910626,27.7193227296436,27.33501255461158,27.678436279296875,46303900
2013-05-16,MSFT,27.50673140697378,27.923749600576695,27.43314014452615,27.866512298583984,59382900
2013-05-17,MSFT,27.907400640205648,28.512481689453125,27.882868135528344,28.512481689453125,60666700
2013-05-20,MSFT,28.397995464544607,28.700535865582385,28.357112132382472,28.684185028076172,54020800
2013-05-21,MSFT,28.700534501125595,28.839541566906266,28.389818696106502,28.49611473083496,48702400
2013-05-22,MSFT,28.447057752704684,28.487941085467625,28.09545547638636,28.299875259399414,66047500
2013-05-23,MSFT,27.989164558900352,28.25082170868154,27.71933198783818,27.923751831054688,51102700
2013-05-24,MSFT,27.735678148363945,28.03004317197609,27.71932730856215,28.021867752075195,33174400
2013-05-28,MSFT,28.144507346357848,28.765945081519746,28.136331929483585,28.635116577148438,48212100
2013-05-29,MSFT,28.406174377056075,28.635123535541577,28.26716730283392,28.520648956298828,38412200
2013-05-30,MSFT,28.49612040403328,28.823193349293426,28.463415604866288,28.64330291748047,51131000
2013-05-31,MSFT,28.47159054255043,28.847722239788794,28.44706116379102,28.537006378173828,56165700
2013-06-03,MSFT,28.553353469528133,29.133908017277722,28.479765342910206,29.101200103759766,51252600
2013-06-04,MSFT,29.12573716257746,29.223860929016066,28.430710972565922,28.6106014251709,65529500
2013-06-05,MSFT,28.291698418276813,28.528826129402592,28.15269445470562,28.438880920410156,46025100
2013-06-06,MSFT,28.48795226079119,28.708726087354787,28.201765699986282,28.58607292175293,37618500
2013-06-07,MSFT,28.823185123193234,29.25655400066104,28.667827234092933,29.166608810424805,40757300
2013-06-10,MSFT,29.035783253860885,29.150260947140943,28.733242862473386,29.00307846069336,35994500
2013-06-11,MSFT,28.65965937155934,28.765958555902316,28.357118898335994,28.487947463989258,39435900
2013-06-12,MSFT,28.733247097668936,28.839546268926643,28.496119376862772,28.618772506713867,37372700
2013-06-13,MSFT,28.610599602546724,28.635128982994175,28.283526640319003,28.38982582092285,45654900
2013-06-14,MSFT,28.250810462268976,28.365285029826964,28.00550737190214,28.12816047668457,53192600
2013-06-17,MSFT,28.36529082731431,28.74960105626233,28.316232070732806,28.618772506713867,49670100
2013-06-18,MSFT,28.59423203891759,28.75776532303217,28.536994765637996,28.602407455444336,28616500
2013-06-19,MSFT,28.58605435044293,28.692353483625922,28.28351402282715,28.28351402282715,30816200
2013-06-20,MSFT,28.013689246165654,28.070929662334713,27.285955225372724,27.384078979492188,54493700
2013-06-21,MSFT,27.52308564193974,27.58032294450333,27.02430076028644,27.204191207885742,85338500
2013-06-24,MSFT,26.934355385649468,27.96463306442239,26.631814913907785,27.572147369384766,56109000
2013-06-25,MSFT,27.86650910145845,28.11181224174058,27.35954574311691,27.53125762939453,44073400
2013-06-26,MSFT,27.899220108770507,28.1935851903035,27.71115422205762,28.0872859954834,48665900
2013-06-27,MSFT,28.226283491623366,28.43887868958467,28.209929534980454,28.30805015563965,28993100
2013-06-28,MSFT,28.111814795010297,28.447063178324658,28.079106874882324,28.242643356323242,65545500
2013-07-01,MSFT,28.414355315618455,28.610599717583934,28.070931511177555,28.095460891723633,31055400
2013-07-02,MSFT,28.136339620231794,28.160868996756992,27.498550876989075,27.752029418945312,37630000
2013-07-03,MSFT,27.52307869612378,28.103630115158296,27.474016826651102,27.80926513671875,15994400
2013-07-05,MSFT,27.87468059006065,27.99733370250362,27.45766562231135,27.972801208496094,26085900
2013-07-08,MSFT,28.08727750433577,28.283521872430338,27.78473709275512,28.070926666259766,32396900
2013-07-09,MSFT,28.275355001395642,28.291705844414718,27.915574070988935,28.0872859954834,25318500
2013-07-10,MSFT,28.07910716791922,28.46341743543625,28.062753207684562,28.373472213745117,29658800
2013-07-11,MSFT,28.61877812323942,29.248391616254597,28.53701143342416,29.18297576904297,53638300
2013-07-12,MSFT,29.09302069390194,29.215670673971267,28.84771449536752,29.166608810424805,35501200
2013-07-15,MSFT,29.15844910104987,29.616350716571308,29.093036366946563,29.575464248657227,34142600
2013-07-16,MSFT,29.444631999600613,29.788058948333983,29.403748655970233,29.657230377197266,36378500
2013-07-17,MSFT,29.71446224447365,29.75534558062252,29.019436172347103,29.22385597229004,37285100
2013-07-18,MSFT,29.207498411328658,29.34650236092878,28.798658861871978,28.978546142578125,49547100
2013-07-19,MSFT,26.492801899433587,26.713572493303992,25.364403961261207,25.675121307373047,248428500
2013-07-22,MSFT,25.92043158216538,26.17391014099121,25.838663349241333,26.17391014099121,79040700
2013-07-23,MSFT,26.09214786091121,26.198447049490312,25.928611367527793,26.018556594848633,65810400
2013-07-24,MSFT,26.198443867483277,26.321093883224655,26.075790732543105,26.133028030395508,52803100
2013-07-25,MSFT,25.855015710468074,25.87954508711038,25.552473735219415,25.666948318481445,63213000
2013-07-26,MSFT,25.560653586144216,25.855018615722656,25.51976868781421,25.855018615722656,38633600
2013-07-29,MSFT,25.732361523454088,25.83866068316703,25.67512423419289,25.789600372314453,28870700
2013-07-30,MSFT,25.985849701978207,26.263859239700977,25.79778227054283,26.043087005615234,45799500
2013-07-31,MSFT,26.14120782956021,26.20662211410401,25.92861101489296,26.034910202026367,43898400
2013-08-01,MSFT,26.214796679770892,26.239326058006167,25.83866343097028,25.89590072631836,42557900
2013-08-02,MSFT,25.91226117956464,26.08397310864703,25.81413896323205,26.075796127319336,29199900
2013-08-05,MSFT,26.08396028237874,26.165728495848057,25.8713635511981,25.920425415039062,30984000
2013-08-06,MSFT,25.797778556163426,25.89590074798461,25.65877302751636,25.822309494018555,36331500
2013-08-07,MSFT,25.789600634952,26.247498953704774,25.552472937484538,26.214794158935547,38078600
2013-08-08,MSFT,26.361981108738142,27.040653282695207,26.20662005072954,26.893470764160156,59034400
2013-08-09,MSFT,26.79534879264524,26.90164796612416,26.550045647015885,26.73811149597168,26800700
2013-08-12,MSFT,26.54186877574348,26.958886956796142,26.54186877574348,26.877117156982422,25493700
2013-08-13,MSFT,26.77006557274356,26.803003966681512,26.523033900565206,26.53950309753418,39464100
2013-08-14,MSFT,26.46539334399203,27.46999237321472,26.103080433357064,26.638315200805664,48519600
2013-08-15,MSFT,26.35011456091144,26.498334206610842,25.394923033725536,26.17719268798828,33338000
2013-08-16,MSFT,26.17719558979034,26.34188288169847,26.070147357990134,26.185428619384766,32866300
2013-08-19,MSFT,26.15249037525599,26.325412257998593,25.83958186754656,25.847816467285156,27902500
2013-08-20,MSFT,25.88899269919921,26.267774910944105,25.83135206441973,26.037212371826172,22979600
2013-08-21,MSFT,26.02897071838379,26.358345236281075,25.97133009922231,26.02897071838379,37409100
2013-08-22,MSFT,26.506564377857945,26.753599188178633,26.432454562997357,26.671253204345703,31169900
2013-08-23,MSFT,28.960418140768617,28.985123506495512,27.996993689228304,28.614574432373047,225493800
2013-08-26,MSFT,28.32637610569876,28.54870244638283,28.021700626195088,28.120515823364258,72786800
2013-08-27,MSFT,27.60174021388654,28.079334317509506,27.297067950824758,27.387643814086914,58522300
2013-08-28,MSFT,27.494689940278057,27.667611767797105,27.17354850597765,27.190017700195312,44257400
2013-08-29,MSFT,27.115916958315644,27.66762101367483,27.0088687307166,27.626449584960938,45284700
2013-08-30,MSFT,27.478233850545767,27.568812891351634,27.24767130389745,27.502939224243164,42790200
2013-09-03,MSFT,26.144257962088872,26.40775889340459,25.765475765969885,26.251304626464844,154507000
2013-09-04,MSFT,25.847809298811335,25.913684507861372,25.61724685243065,25.691356658935547,142320600
2013-09-05,MSFT,25.609012105966485,25.88898213544731,25.48549628603997,25.7160587310791,71644900
2013-09-06,MSFT,25.78193122008589,25.847806421803643,25.633711623573777,25.65018081665039,75434900
2013-09-09,MSFT,25.70782637408621,26.17718904365368,25.691358748426037,26.070140838623047,49628500
2013-09-10,MSFT,26.267767307098644,26.679489373318045,26.17718986606052,26.671253204345703,56881200
2013-09-11,MSFT,26.819474601008565,27.11591387998116,26.78653620530532,26.959461212158203,39087500
2013-09-12,MSFT,26.942994554265912,26.992399011299913,26.83594632872791,26.918289184570312,32860200
2013-09-13,MSFT,26.98416415092099,27.231195842862114,26.770067714374527,27.198257446289062,40899000
2013-09-16,MSFT,27.486458783007016,27.585270813855214,26.95122092865511,27.008861541748047,52839700
2013-09-17,MSFT,27.519403544269466,27.560578117434073,27.091216882203547,27.11591911315918,84716500
2013-09-18,MSFT,27.16532545107263,27.502936203517965,27.033574990147102,27.43705940246582,64099900
2013-09-19,MSFT,27.5687996671477,27.733488467689607,27.437049254949695,27.700550079345703,42026600
2013-09-20,MSFT,27.511167763258268,27.568808390510025,26.918289150178932,27.000635147094727,102904900
2013-09-23,MSFT,26.794772374820283,27.148852275684405,26.76183397911704,26.959461212158203,39826100
2013-09-24,MSFT,27.066508740736584,27.066508740736584,26.47363327020952,26.720664978027344,40685000
2013-09-25,MSFT,26.753606876691176,27.008871646986584,26.679497040532734,26.77007293701172,28907500
2013-09-26,MSFT,26.877113169684435,27.173552426011227,26.835941748789725,26.984161376953125,28504000
2013-09-27,MSFT,27.0747439447097,27.791136814167146,27.06650777474185,27.395885467529297,55348000
2013-09-30,MSFT,27.173549417754298,27.428817224926878,26.926517778555713,27.404111862182617,39839500
2013-10-01,MSFT,27.461757453488566,27.67585388315079,27.420586029685303,27.651151657104492,36718700
2013-10-02,MSFT,27.469998676212235,28.021702767257164,27.4123580440487,27.931123733520508,46946800
2013-10-03,MSFT,27.898190698682413,27.997002770105574,27.519405332731914,27.88172149658203,38703800
2013-10-04,MSFT,27.7417299084814,27.98876475481076,27.6840892819855,27.89818572998047,33008100
2013-10-07,MSFT,27.667621161806085,27.758200190168797,27.338246589152845,27.420589447021484,35069300
2013-10-08,MSFT,27.42882424176609,27.44529344074951,27.00886752063526,27.18178939819336,41017600
2013-10-09,MSFT,27.23119354248047,27.46175601665808,27.140614530145516,27.23119354248047,35878600
2013-10-10,MSFT,27.428827598361455,27.906421862611936,27.387653025274926,27.799373626708984,42875100
2013-10-11,MSFT,27.733494859248353,28.112276988965878,27.733494859248353,28.10404396057129,30033300
2013-10-14,MSFT,27.914661619420503,28.408725148133716,27.815846400734415,28.3675537109375,27757900
2013-10-15,MSFT,28.54869675423026,28.81220075296428,28.38401107414124,28.400480270385742,47097800
2013-10-16,MSFT,28.491057958555633,28.738092776830793,28.45812270514005,28.523996353149414,35111600
2013-10-17,MSFT,28.36754154283225,28.81220041264768,28.301664758632352,28.75455665588379,31359200
2013-10-18,MSFT,28.672228627492316,28.81221529563843,28.268744109970303,28.78750991821289,41811700
2013-10-21,MSFT,28.803973911629505,28.985131987804092,28.746333276697413,28.812210083007812,27433500
2013-10-22,MSFT,28.836905129758286,28.902778778476538,28.42518461643994,28.474592208862305,40438500
2013-10-23,MSFT,28.285204062048333,28.40048846904015,27.7252637928037,27.799373626708984,58600500
2013-10-24,MSFT,27.848780391855488,28.079342916544675,27.642920097331906,27.766437530517578,53209700
2013-10-25,MSFT,29.54506242875816,29.882673095618948,29.207451761897374,29.421545028686523,113494000
2013-10-28,MSFT,29.322727585931098,29.421539603059703,29.042757586418894,29.2897891998291,38383600
2013-10-29,MSFT,29.339199988037603,29.413309794284366,29.0345245950355,29.248620986938477,31702200
2013-10-30,MSFT,29.25685286734187,29.47094925085545,29.174510037484406,29.26508903503418,36997700
2013-10-31,MSFT,29.36390121729655,29.38860343815135,29.100400390919926,29.15804100036621,41682300
2013-11-01,MSFT,29.37214198229702,29.38861118093177,29.141579483767437,29.256860733032227,40264600
2013-11-04,MSFT,29.306273525562567,29.62741510293928,29.27333512245239,29.5944766998291,28060700
2013-11-05,MSFT,29.470957595850674,30.22852189681957,29.454488396980242,30.170881271362305,51681900
2013-11-06,MSFT,30.664952213688764,31.471924227051765,30.516732543767095,31.43898582458496,88948800
2013-11-07,MSFT,31.257827690534373,31.298999122947183,30.821404852836473,30.879045486450195,60437400
2013-11-08,MSFT,31.01902485787174,31.109603881835938,30.747290927157675,31.109603881835938,36737800
2013-11-11,MSFT,31.035488820812784,31.109598633264024,30.755518767238986,30.95314598083496,26872500
2013-11-12,MSFT,30.780226903402408,30.96138179589909,30.632007265155305,30.763757705688477,31651600
2013-11-13,MSFT,30.450840220994525,31.422500610351562,30.384966590809263,31.422500610351562,44957600
2013-11-14,MSFT,31.183712578214145,31.39780901641357,31.060198301879165,31.30722999572754,46183700
2013-11-15,MSFT,31.24959851740984,31.307239158137683,31.06020739199273,31.159019470214844,50601300
2013-11-18,MSFT,30.75552187130965,30.944916076494078,30.524959383159302,30.632007598876953,53277500
2013-11-19,MSFT,30.573934559144604,30.889216194695265,30.424590793094374,30.4826717376709,44275000
2013-11-20,MSFT,30.63200626245236,31.03855380383421,30.582227126977713,30.764759063720703,32229900
2013-11-21,MSFT,30.922400011447277,31.138116995670707,30.91410137839955,31.03026008605957,23064700
2013-11-22,MSFT,31.138126027686706,31.26258023949284,30.97219129861463,31.171314239501953,27982000
2013-11-25,MSFT,31.469979736533492,31.48657383079872,31.17129236975914,31.2293701171875,30646800
2013-11-26,MSFT,31.171299537793345,31.237675930117913,30.988767623901367,30.988767623901367,34465300
2013-11-27,MSFT,31.17130031512899,31.328939503330094,31.10492708614982,31.196189880371094,26002100
2013-11-29,MSFT,31.37871962427345,31.768672999379586,31.37871962427345,31.635923385620117,22090400
2013-12-02,MSFT,31.60272563200271,32.1752075747433,31.577836076013835,31.901412963867188,42950400
2013-12-03,MSFT,31.644230025575244,31.934622084151208,31.594450880963386,31.7852783203125,52109800
2013-12-04,MSFT,31.70230903575685,32.34116779143837,31.627637150936888,32.307979583740234,51983600
2013-12-05,MSFT,32.23331208869212,32.25820483035664,30.847737461114825,31.528079986572266,116305000
2013-12-06,MSFT,31.87652701684324,31.9843870573818,31.519765033523697,31.82674789428711,36457300
2013-12-09,MSFT,31.99269453253376,32.24989517684678,31.835052160856975,32.11714553833008,30286000
2013-12-10,MSFT,32.03418205515728,32.274791792979315,31.544667110795853,31.619338989257812,37828600
2013-12-11,MSFT,31.577851921144532,31.776974798970375,31.02196062679514,31.204492568969727,39853400
2013-12-12,MSFT,31.229373581946795,31.229373581946795,30.847718866503286,30.88090705871582,36012800
2013-12-13,MSFT,31.046845806503427,31.071738536463638,30.38309769924265,30.44117546081543,40066100
2013-12-16,MSFT,30.474361365703697,30.698376928495467,30.3167221911467,30.60711097717285,31734200
2013-12-17,MSFT,30.648601277542465,30.789649550600206,30.142495450102896,30.300134658813477,45687700
2013-12-18,MSFT,30.16738262308356,30.36650548511665,29.47874174313379,30.34991455078125,63192100
2013-12-19,MSFT,30.29183736461845,30.325025567392906,29.935075262297296,30.076120376586914,34160100
2013-12-20,MSFT,30.034643050216523,30.640313636288333,30.02634441526927,30.532453536987305,62649100
2013-12-23,MSFT,30.540739041147877,30.60711226717971,30.325018935293237,30.38309669494629,25128700
2013-12-24,MSFT,30.466071590868896,30.839427766932673,30.399695190234723,30.764759063720703,14243000
2013-12-26,MSFT,30.864313680273877,31.104923331909145,30.839420953035557,31.06343650817871,17612800
2013-12-27,MSFT,31.179607011587176,31.21279205215985,30.839432651954287,30.938997268676758,14563000
2013-12-30,MSFT,30.880919491422723,31.01366914871787,30.615420176832433,30.938997268676758,16290500
2013-12-31,MSFT,31.03024823629317,31.17959192410955,30.88090454847679,31.038543701171875,17503500
2014-01-02,MSFT,30.988764427408896,31.03025125083268,30.781342970291032,30.831125259399414,30632200
2014-01-03,MSFT,30.864326102848338,30.88092020601941,30.36651250272082,30.623716354370117,31134800
2014-01-06,MSFT,30.573930505295497,30.607118707795426,29.95996458405277,29.976558685302734,43603700
2014-01-07,MSFT,30.142496693729004,30.275246339436265,30.042932085697654,30.20886993408203,35802800
2014-01-08,MSFT,29.868693121565,29.984848643970988,29.520226554347033,29.669567108154297,59971700
2014-01-09,MSFT,29.769138451081364,29.79402802152917,29.37088949890987,29.47874641418457,36516300
2014-01-10,MSFT,29.785728545848194,29.993150045011483,29.661274380349862,29.901884078979492,40548800
2014-01-13,MSFT,29.860399772193723,29.88528933875961,28.897964163302557,29.022415161132812,45901900
2014-01-14,MSFT,28.81498961168352,29.76912961912353,28.732022291471512,29.686159133911133,41623300
2014-01-15,MSFT,29.785732554188368,30.524152684180553,29.744245716772,30.49925994873047,44812600
2014-01-16,MSFT,30.44117317158631,30.698376928495467,30.125894822472315,30.60711097717285,38018700
2014-01-17,MSFT,30.55733452370215,30.55733452370215,29.993147834361412,30.183975219726562,46267500
2014-01-21,MSFT,30.549043815467385,30.549043815467385,29.918483733538242,30.009746551513672,31567300
2014-01-22,MSFT,30.084412173877183,30.134194471964427,29.661273717638508,29.810617446899414,21904300
2014-01-23,MSFT,29.943359943304124,29.976548134122435,29.470439301643466,29.91847038269043,43954000
2014-01-24,MSFT,31.071743349555792,31.154710688940007,30.308430534216328,30.54074478149414,76395500
2014-01-27,MSFT,30.590525466868467,30.60711956858512,29.852105347984395,29.89358901977539,44420800
2014-01-28,MSFT,29.96826393140559,30.19227957977593,29.661280931046953,30.09271812438965,36205500
2014-01-29,MSFT,29.852103519401123,30.59882222590409,29.785730281601463,30.416290283203125,52745900
2014-01-30,MSFT,30.524146130300547,30.598817990615252,30.059520870008978,30.582223892211914,35036300
2014-01-31,MSFT,30.656910111767008,31.43681411201551,30.333332953844778,31.39533042907715,93162300
2014-02-03,MSFT,31.312351017138194,31.51977251703577,30.225461218274575,30.266944885253906,64063100
2014-02-04,MSFT,30.673495789865708,30.856024577641975,30.076120791685618,30.159088134765625,54697900
2014-02-05,MSFT,30.109313890444543,30.258657664271635,29.70276624724818,29.7193603515625,55814400
2014-02-06,MSFT,29.702760024797815,30.07611938115025,29.61149405268932,30.018041610717773,35351800
2014-02-07,MSFT,30.134202168861254,30.35821781997083,29.876998310549897,30.333328247070312,33260500
2014-02-10,MSFT,30.391408392902942,30.532453536987305,30.10931493973233,30.532453536987305,26767000
2014-02-11,MSFT,30.598823299256637,30.914101728616334,30.582229197974357,30.83942985534668,32141400
2014-02-12,MSFT,30.98877043969765,31.196191937058412,30.94728677322567,31.088335037231445,27051800
2014-02-13,MSFT,30.972181489839215,31.411914079622274,30.972181489839215,31.204492568969727,37635500
2014-02-14,MSFT,31.021960220671822,31.345537266653526,30.972181084367584,31.212787628173828,31407500
2014-02-18,MSFT,31.455206117859845,31.580590353536188,31.271305412386273,31.2796630859375,32834000
2014-02-19,MSFT,31.11248194970454,31.555511958125585,31.104121087997854,31.35489273071289,29750400
2014-02-20,MSFT,31.40504975179295,31.655821405823186,31.262946983711835,31.555513381958008,27526100
2014-02-21,MSFT,31.714325618746358,32.05704752531254,31.647454684865327,31.74776268005371,38021300
2014-02-24,MSFT,31.50535774230957,31.74777172273385,31.379973509794468,31.50535774230957,32085100
2014-02-25,MSFT,31.438489557321994,31.639105622502843,31.221151766518737,31.379976272583008,30736500
2014-02-26,MSFT,31.413414901640774,31.547160014628034,31.08740819929525,31.32146453857422,41041800
2014-02-27,MSFT,31.30473141644873,31.67252950862826,31.120830775992196,31.64745330810547,33903400
2014-02-28,MSFT,31.747765791055368,32.1490009998601,31.61402072145379,32.023616790771484,41215000
2014-03-03,MSFT,31.697612023800865,31.873155028631835,31.33817471934587,31.580585479736328,29717500
2014-03-04,MSFT,31.93167602279951,32.16572916753037,31.82300712471664,32.107215881347656,26802400
2014-03-05,MSFT,31.973464231533203,31.99018276541349,31.705974066917157,31.85643768310547,20520100
2014-03-06,MSFT,31.88152027105238,31.96511295718597,31.672543338820798,31.889881134033203,23582200
2014-03-07,MSFT,31.99854125198484,32.06541538920718,31.505355650540373,31.680898666381836,26591600
2014-03-10,MSFT,31.756123402145924,31.772838743993496,31.530428022399757,31.614017486572266,19006600
2014-03-11,MSFT,31.655824419707066,31.956751708687825,31.530440175121672,31.781211853027344,25216400
2014-03-12,MSFT,31.597295881249913,32.123918382745195,31.588938211139414,31.99017333984375,30494100
2014-03-13,MSFT,32.11556683514651,32.140646230215964,31.46355996055771,31.672536849975586,32169700
2014-03-14,MSFT,31.47192481327845,31.881517782793253,31.354895061825253,31.51371955871582,27195600
2014-03-17,MSFT,31.680890223287594,32.1072015738959,31.58893990347922,31.8062744140625,20479600
2014-03-18,MSFT,31.981821026895044,33.35271206886874,31.948387148785795,33.060142517089844,64063900
2014-03-19,MSFT,32.99327008963112,33.06014103157907,32.52516074105923,32.826087951660156,35597200
2014-03-20,MSFT,32.809372667246045,33.97964456017023,32.80101499445038,33.712154388427734,59269800
2014-03-21,MSFT,34.038150956805424,34.22204841975358,33.44465426875945,33.57004165649414,80721800
2014-03-24,MSFT,33.72051439583582,33.97128605061458,33.319279110442885,33.8542594909668,46098400
2014-03-25,MSFT,33.98799871953074,34.26384972428777,33.402862833555794,33.72050857543945,43193100
2014-03-26,MSFT,33.83753630660891,34.02979465514977,33.10193679008385,33.26076126098633,41977500
2014-03-27,MSFT,33.21895946734752,33.41121777505657,32.88459525210269,32.90131378173828,35369200
2014-03-28,MSFT,33.260746251813174,33.97126605356411,33.168795955149065,33.68705749511719,43472700
2014-03-31,MSFT,33.795738036970064,34.690158742212745,33.770661834177744,34.26384735107422,46886300
2014-04-01,MSFT,34.39759877131344,34.76539696475813,34.330724633195636,34.623291015625,32605000
2014-04-02,MSFT,34.640001538488484,34.82390218704482,34.414306157642166,34.56476974487305,28666700
2014-04-03,MSFT,34.51462345116505,34.51462345116505,34.02979554232597,34.28056716918945,30139600
2014-04-04,MSFT,34.481178314761046,34.5982048339956,33.13536696609665,33.3276252746582,51409600
2014-04-07,MSFT,33.40285285067771,33.66198524539219,33.218955424533874,33.269107818603516,37559600
2014-04-08,MSFT,33.2273258061877,33.37778942342767,32.76757728183637,33.28583908081055,35918600
2014-04-09,MSFT,33.377790800795566,33.896052621156336,33.33599605844516,33.82918167114258,27398700
2014-04-10,MSFT,33.80409206092574,34.01306889827038,32.67561841475805,32.90131378173828,45960800
2014-04-11,MSFT,32.600388708028845,33.260756321513206,32.600388708028845,32.77592849731445,34330200
2014-04-14,MSFT,32.69234503304974,32.94311666216189,32.51680521154466,32.750858306884766,32006600
2014-04-15,MSFT,32.88460346813015,33.4028652613842,32.642189510948604,33.227325439453125,33968700
2014-04-16,MSFT,33.4864555380469,33.78737955897203,33.36106813777755,33.77066421508789,30615800
2014-04-17,MSFT,33.44465255737305,33.60347699887433,33.02669887128937,33.44465255737305,36688400
2014-04-21,MSFT,33.54495952286271,33.56167805085334,33.26075092448842,33.38613510131836,22221200
2014-04-22,MSFT,33.40286860045378,33.553332231073945,33.29420290291057,33.427947998046875,27056700
2014-04-23,MSFT,33.427933087377106,33.427933087377106,32.99326092488782,33.17715835571289,24602800
2014-04-24,MSFT,33.21897069406077,33.41122906674564,32.85116929524228,33.319278717041016,42381600
2014-04-25,MSFT,33.67870292040394,34.00470622853607,33.22731225280575,33.36105728149414,56876800
2014-04-28,MSFT,33.55331653203552,34.51461114580897,33.511521807248215,34.16352844238281,50610200
2014-04-29,MSFT,34.355795393129576,34.431027192216064,33.762301860743904,33.86260986328125,29636200
2014-04-30,MSFT,33.77066421508789,33.854253689444754,33.578402684345825,33.77066421508789,35458700
2014-05-01,MSFT,33.63691756362641,33.737225565892004,33.394503635145156,33.43629837036133,28787400
2014-05-02,MSFT,33.69542315833464,33.7204993560078,33.15208215803974,33.17715835571289,43416600
2014-05-05,MSFT,33.035074506578745,33.135382543259055,32.851173782052356,32.959842681884766,22460900
2014-05-06,MSFT,32.84280920079675,32.892961614222365,32.55860049935911,32.650550842285156,27112400
2014-05-07,MSFT,32.784290486062346,33.02670121777621,32.19079378621915,32.95146942138672,41744500
2014-05-08,MSFT,32.884615697673446,33.35272525231037,32.57533067895492,33.1353874206543,32120400
2014-05-09,MSFT,33.051788330078125,33.310917653604726,32.9096823753754,33.051788330078125,29647600
2014-05-12,MSFT,33.21897360509611,33.453026742138675,33.14374178408459,33.411231994628906,22782600
2014-05-13,MSFT,33.60483926247082,34.093087488887164,33.545913195314334,34.02574157714844,27004800
2014-05-14,MSFT,33.924716566313585,34.05098851039036,33.7142654670049,33.874210357666016,18818700
2014-05-15,MSFT,33.74793474145291,34.00889523224279,33.25968670279349,33.33544921875,37793200
2014-05-16,MSFT,33.394387615752244,33.53749607048495,33.05766769568252,33.52907943725586,29867100
2014-05-19,MSFT,33.34387883349503,33.52065701879936,33.217606866146504,33.46173095703125,24537400
2014-05-20,MSFT,33.402801513671875,33.62166926219174,33.21760350330408,33.402801513671875,21320900
2014-05-21,MSFT,33.503827801310145,33.966819763183594,33.45332157241172,33.966819763183594,22398700
2014-05-22,MSFT,33.91630017744767,33.96680638645585,33.54590418483321,33.75635528564453,20201800
2014-05-23,MSFT,33.983659824029644,33.983659824029644,33.67219293849314,33.77320861816406,18020000
2014-05-27,MSFT,33.8910526840999,33.8910526840999,33.51224317301248,33.83212661743164,26160600
2014-05-28,MSFT,33.79003853226761,33.83212812301373,33.52066129801651,33.68060302734375,25711500
2014-05-29,MSFT,33.79845519734143,33.9668135444865,33.59642068504588,33.958396911621094,19888200
2014-05-30,MSFT,34.05099564558867,34.488734409223945,33.882634088616705,34.463478088378906,34567600
2014-06-02,MSFT,34.47189256183997,34.589744669990644,34.244604977022625,34.33720397949219,18504300
2014-06-03,MSFT,34.17727058118363,34.24461650063456,33.882640211661254,33.91631317138672,18068900
2014-06-04,MSFT,33.84896743315945,33.98365606155224,33.55433706205966,33.941566467285156,23209000
2014-06-05,MSFT,34.16885496389515,34.72444597098164,34.008913217283826,34.690773010253906,31865200
2014-06-06,MSFT,34.918060302734375,35.06958541314906,34.71602896300163,34.918060302734375,24060500
2014-06-09,MSFT,34.84229909050803,34.9180616486356,34.53083222319704,34.74128341674805,15019200
2014-06-10,MSFT,34.53923293462539,34.64866840396417,34.39612773037604,34.6065788269043,15117700
2014-06-11,MSFT,34.455082410127986,34.57293460831364,34.32039372488273,34.396156311035156,18040000
2014-06-12,MSFT,34.35405708243537,34.412983165033296,33.91631817511454,34.16044235229492,29818900
2014-06-13,MSFT,34.598171759541124,34.993820994694254,34.39614043056554,34.70760726928711,26310000
2014-06-16,MSFT,34.54765385863264,35.027482116844574,34.54765385863264,34.93488311767578,24205300
2014-06-17,MSFT,34.75811485137602,35.28003283646566,33.958399789739225,35.08641815185547,22518600
2014-06-18,MSFT,35.02748427729168,35.13691975680726,34.66550810070329,35.0611572265625,27097000
2014-06-19,MSFT,34.993811578809236,35.16217311514075,34.79178030419479,34.943302154541016,19828200
2014-06-20,MSFT,34.89280346724528,35.21269013414598,34.83387739850435,35.08641815185547,47764900
2014-06-23,MSFT,35.12850298424102,35.3557905948411,35.09483003202705,35.347373962402344,18743900
2014-06-24,MSFT,35.21268587121684,35.3052816742928,34.98539825734783,35.14533996582031,26509100
2014-06-25,MSFT,35.1032486623789,35.3978789559938,34.90121416730773,35.38104248046875,20049100
2014-06-26,MSFT,35.296864853802276,35.30528148631727,34.87596258100351,35.120086669921875,23604400
2014-06-27,MSFT,35.02748782010942,35.59991517069422,34.94330543841782,35.56624221801758,74640000
2014-06-30,MSFT,35.498909961750876,35.53258292737454,35.10326385498047,35.10326385498047,30793100
2014-07-01,MSFT,35.237940331228806,35.48206443080723,35.09483188238883,35.24635696411133,26917000
2014-07-02,MSFT,35.128501823444054,35.271610260009766,34.960140279167064,35.271610260009766,20208100
2014-07-03,MSFT,35.28003800392243,35.347383927336146,34.985407617063345,35.18743896484375,15969300
2014-07-07,MSFT,35.145339460348,35.45680624025354,35.11166650813403,35.347373962402344,21952400
2014-07-08,MSFT,35.24636726882191,35.35580279566735,35.02749942636162,35.17060470581055,31218200
2014-07-09,MSFT,35.33895587608418,35.34737572017111,34.96014317291294,35.07799530029297,18445900
2014-07-10,MSFT,34.825459938535296,35.35579780475099,34.55608268834989,35.0948371887207,21854700
2014-07-11,MSFT,35.10326475062163,35.43156814575195,34.91806664619701,35.43156814575195,24083000
2014-07-14,MSFT,35.540982520065064,35.73459714521661,35.389457472341434,35.473636627197266,21881100
2014-07-15,MSFT,35.63359584254741,35.75144799121601,35.38105185399445,35.73461151123047,28748700
2014-07-16,MSFT,35.785106876686726,37.30035750309965,35.75985376998959,37.10674285888672,63318000
2014-07-17,MSFT,38.260023346248786,38.47889115009616,37.24985708805552,37.48556137084961,82180300
2014-07-18,MSFT,37.58656952075533,37.74651120827143,37.249846460350916,37.6202392578125,43407500
2014-07-21,MSFT,37.51080913767551,38.01589054593469,37.22459548333416,37.74651336669922,37604400
2014-07-22,MSFT,37.88120720059606,38.0074791757566,37.53606744121759,37.738101959228516,43095800
2014-07-23,MSFT,38.260026401442666,38.260026401442666,37.561326919895194,37.77177810668945,52362900
2014-07-24,MSFT,37.822284604079144,37.88121067489725,37.308783234467064,37.376129150390625,30725300
2014-07-25,MSFT,37.29195029508934,37.59500052304964,37.29195029508934,37.46031188964844,26737700
2014-07-28,MSFT,37.34245198723979,37.46872074853212,36.98047575798839,37.0141487121582,29684200
2014-07-29,MSFT,36.963636707846504,37.1151617798333,36.736349099866324,36.946800231933594,27763100
2014-07-30,MSFT,37.09834228959654,37.12359540941347,36.4417354845091,36.68585968017578,31921400
2014-07-31,MSFT,36.51747720820356,36.7784345272864,36.2649365205112,36.332279205322266,31537500
2014-08-01,MSFT,36.37438426825092,36.40805723060459,35.86088283166402,36.07975387573242,31170300
2014-08-04,MSFT,36.172343815576966,36.593246105406884,36.03765521128057,36.509063720703125,34277400
2014-08-05,MSFT,36.45854916349187,36.58481789482697,36.05448344300752,36.26493453979492,26266400
2014-08-06,MSFT,35.978729248046875,36.34070226397989,35.53257063594544,35.978729248046875,24634000
2014-08-07,MSFT,36.06290162269336,36.576402834704034,35.90295993830849,36.391204833984375,30314900
2014-08-08,MSFT,36.39121227775171,36.46697481979514,36.1218350640928,36.36595916748047,28942700
2014-08-11,MSFT,36.416465388022964,36.57641031635335,36.21443408339362,36.36595916748047,20351600
2014-08-12,MSFT,36.2312795383728,36.69427153837165,36.197606575514214,36.635345458984375,21431100
2014-08-13,MSFT,36.770019783855126,37.19092202203,36.63533119608834,37.10674285888672,22889500
2014-08-14,MSFT,37.10675138402443,37.39296188895907,37.04782210281027,37.266693115234375,19313200
2014-08-15,MSFT,37.527640036871205,37.797017176082235,37.37611499466141,37.70441818237305,41611300
2014-08-18,MSFT,37.830699828184635,37.97380828857422,37.611832032049264,37.97380828857422,26891100
2014-08-19,MSFT,38.0924034651176,38.4058157002173,37.973815226500804,38.39734649658203,28139500
2014-08-20,MSFT,38.40580852384272,38.45663343001888,38.03310223907721,38.07545471191406,24770500
2014-08-21,MSFT,37.98226890393899,38.329564274188485,37.97379970376571,38.30415344238281,22285500
2014-08-22,MSFT,38.41427529812123,38.5159251040493,38.17709888019509,38.24486541748047,18294500
2014-08-25,MSFT,38.45662217830776,38.49050220789263,38.151679293044666,38.26179504394531,16910000
2014-08-26,MSFT,38.38039155317488,38.456627284613305,38.0669761954358,38.12627029418945,14873100
2014-08-27,MSFT,38.033108317177565,38.11781327638804,37.91451685048099,38.007694244384766,21287900
2014-08-28,MSFT,37.906036244043044,38.10086017664916,37.78744804430767,38.01615524291992,17657600
2014-08-29,MSFT,38.194050453530146,38.490521053086624,37.999226455066285,38.482051849365234,21607600
2014-09-02,MSFT,38.482039695991986,38.50745053041811,37.990742021845776,38.19403839111328,22976800
2014-09-03,MSFT,37.71968248440868,38.21098016030104,37.71968248440868,38.083919525146484,33684500
2014-09-04,MSFT,37.89758491631426,38.346527093122745,37.88064327532123,38.33805465698242,26475500
2014-09-05,MSFT,38.21098447043314,38.90557536337801,38.21098447043314,38.888633728027344,36939400
2014-09-08,MSFT,38.981812601221144,39.642520248793595,38.95640176286425,39.36299133300781,45736700
2014-09-09,MSFT,39.362974153365876,39.786505174663,39.320618466207954,39.608619689941406,40302400
2014-09-10,MSFT,39.6594461575834,39.76109270198903,39.202031860830004,39.676387786865234,27302400
2014-09-11,MSFT,39.59168922726624,39.81192398071289,39.362982042175915,39.81192398071289,29216400
2014-09-12,MSFT,39.73568255655681,39.82885990356544,39.473092145103884,39.55780029296875,38244700
2014-09-15,MSFT,39.42228519005384,39.56628424819983,39.04957566301879,39.16816711425781,37667600
2014-09-16,MSFT,39.29520763894141,39.684855403026305,39.210502727196086,39.608619689941406,27910600
2014-09-17,MSFT,39.18510407486659,39.54934115489031,39.15969323760938,39.40534210205078,38311900
2014-09-18,MSFT,39.46462350389865,39.66791983036303,39.35450452576022,39.54085922241211,35556600
2014-09-19,MSFT,39.65098600859156,40.29475191180857,39.47310047617409,40.25239944458008,202522400
2014-09-22,MSFT,40.06605564184448,40.13382219292669,39.79499590008967,39.862762451171875,38686100
2014-09-23,MSFT,39.68488138465525,39.795000427047135,39.36299992425953,39.43923568725586,33430300
2014-09-24,MSFT,39.49852097729461,39.90511054525148,39.25287210354359,39.87969970703125,26582700
2014-09-25,MSFT,39.7102812352899,39.8881635414666,38.990276346839195,38.998748779296875,33077400
2014-09-26,MSFT,38.90558608413673,39.49005812400165,38.76158375961823,39.31217575073242,27078800
2014-09-29,MSFT,38.94792988016894,39.43922763726302,38.76157511281785,39.33757781982422,26091000
2014-09-30,MSFT,39.278278924345344,39.37145629667144,38.973335971745875,39.26980972290039,33033100
2014-10-01,MSFT,39.19356958960166,39.41380434662297,38.83780177436914,38.880157470703125,38088400
2014-10-02,MSFT,38.8208749524982,39.04957897823038,38.659931013510544,38.76157760620117,25119400
2014-10-03,MSFT,38.947925988671415,39.218985678851766,38.63451382776659,39.04110336303711,32453200
2014-10-06,MSFT,39.066514199214524,39.218985678851766,38.89710108503021,39.04110336303711,20604000
2014-10-07,MSFT,38.84628171239946,38.905575821181266,38.473572192872055,38.566749572753906,25723700
2014-10-08,MSFT,38.52439931033162,39.71875721921342,38.40581108596257,39.625579833984375,33031000
2014-10-09,MSFT,39.38839464221799,39.64251267107186,38.74462875370244,38.83780288696289,34422800
2014-10-10,MSFT,38.62602979341399,39.066502465481456,37.228379291576,37.296142578125,51978100
2014-10-13,MSFT,37.11828039239185,37.74510809625912,36.838751433345905,36.974281311035156,37100200
2014-10-14,MSFT,37.16061852775989,37.59262206763298,36.898031308705576,37.042030334472656,38115700
2014-10-15,MSFT,36.42368399126415,36.75403781743486,35.66132652218813,36.61003875732422,60218700
2014-10-16,MSFT,36.0255636853059,36.491450601292804,35.76297640315331,36.20344924926758,49040400
2014-10-17,MSFT,36.59309175142039,37.219916039534844,36.24579634009043,36.95732879638672,40683300
2014-10-20,MSFT,36.474508378475456,37.38933409700875,36.262742776900836,37.3385124206543,34527900
2014-10-21,MSFT,37.575682478698496,38.10086017664916,37.43168021381548,38.01615524291992,36433800
2014-10-22,MSFT,38.11780623796679,38.17710034472293,37.46556783236276,37.592628479003906,33570900
2014-10-23,MSFT,37.795912764794856,38.49897591029274,37.71967704096118,38.13473892211914,45451900
2014-10-24,MSFT,39.6679336436192,39.72722775296769,38.27027939460674,39.074989318847656,61076700
2014-10-27,MSFT,38.71922060580715,39.04957441692892,38.71922060580715,38.888633728027344,30371300
2014-10-28,MSFT,38.84627089771642,39.388390159246576,38.77003517460839,39.379920959472656,29049800
2014-10-29,MSFT,39.33757596714344,39.55781399660159,39.25287102122049,39.490047454833984,30276100
2014-10-30,MSFT,39.23592461092967,39.23592461092967,38.770041002476454,39.00721740722656,30073900
2014-10-31,MSFT,39.76110840743427,39.786522477038154,39.37146047389917,39.76958084106445,35849700
2014-11-03,MSFT,39.71875153417804,40.20157679645088,39.58322169268542,40.184635162353516,23130400
2014-11-04,MSFT,40.0660354365933,40.43027238675841,40.02368297916872,40.294742584228516,21530800
2014-11-05,MSFT,40.489584178229904,40.57429236140467,40.03216968294653,40.540409088134766,22449600
2014-11-06,MSFT,40.54040534959272,41.38746771550552,40.481111242481745,41.25193786621094,33037800
2014-11-07,MSFT,41.43829762374436,41.43829762374436,40.90465055370323,41.23500442504883,28000600
2014-11-10,MSFT,41.209582982747676,41.63311414092068,41.1248748123413,41.41287612915039,36370100
2014-11-11,MSFT,41.378993424281845,41.463701595841364,41.209583543735505,41.39593505859375,23445200
2014-11-12,MSFT,41.133346823329255,41.43828653980711,41.09946355551407,41.319698333740234,22722100
2014-11-13,MSFT,41.34511684063069,42.05664938473544,41.26040866199523,42.02276611328125,26210400
2014-11-14,MSFT,42.13287479197912,42.39546200310308,41.83640108642888,41.997344970703125,29081700
2014-11-17,MSFT,41.853357513200784,42.10747561401353,41.62465025308322,41.89570999145508,30318600
2014-11-18,MSFT,41.878656283730606,42.049137924795765,41.51212189352391,41.54621887207031,23995500
2014-11-19,MSFT,41.4780194535222,41.55473601931683,40.8557643094842,41.102962493896484,26177500
2014-11-20,MSFT,40.915442732426094,41.51212692260742,40.804629164558946,41.51212692260742,21510600
2014-11-21,MSFT,41.78489370866788,41.81046481826813,40.548905801872245,40.89839172363281,42884800
2014-11-24,MSFT,40.90691943349948,40.915442053193665,40.39547445683425,40.565956115722656,35434200
2014-11-25,MSFT,40.6256169524478,40.889863639111134,40.446612705837126,40.463661193847656,28008000
2014-11-26,MSFT,40.48071909472328,40.906921639090406,40.30171155482189,40.70234298706055,27163600
2014-11-28,MSFT,40.872815168363765,41.08591639108551,40.582997375395536,40.75347900390625,21534400
2014-12-01,MSFT,40.813157436004126,41.580320081348354,40.668246876938625,41.44393539428711,31191600
2014-12-02,MSFT,41.631463356966876,41.81046763958166,41.08592463756909,41.30754852294922,25773500
2014-12-03,MSFT,41.290494181467615,41.34163964854008,40.75348140970729,40.9836311340332,23534800
2014-12-04,MSFT,41.24786784190438,41.81898075001933,41.08591210015018,41.63145065307617,30320400
2014-12-05,MSFT,41.614419940525025,41.742282016081454,41.239362838116584,41.27345657348633,27313400
2014-12-08,MSFT,41.13706611955666,41.21378270381991,40.4466201128546,40.65972137451172,26663100
2014-12-09,MSFT,40.15680208539079,40.847248088971426,40.1056566122241,40.565956115722656,24330500
2014-12-10,MSFT,40.557426420620025,40.62561712127893,39.807309203372334,39.97779083251953,30431800
2014-12-11,MSFT,40.13122963296195,40.69381681231809,39.79026632658431,40.207942962646484,29060400
2014-12-12,MSFT,39.87550191490227,40.685287255437935,39.78173685155953,40.02041244506836,34248400
2014-12-15,MSFT,40.233499693184925,40.63412766319932,39.67943537603872,39.78172302246094,29247800
2014-12-16,MSFT,39.1253870889596,39.50044408277895,38.4690349110257,38.494606018066406,47801400
2014-12-17,MSFT,38.4008369984422,39.16800264725299,38.27297822475133,38.98899841308594,34970900
2014-12-18,MSFT,39.705015861499206,40.50627517700195,39.50043728537821,40.50627517700195,40105600
2014-12-19,MSFT,40.60003924953482,41.000667271854795,40.20793059233596,40.6256103515625,64551200
2014-12-22,MSFT,40.727910072408065,41.01772790399003,40.66824198222946,40.89839172363281,26566000
2014-12-23,MSFT,41.230824905734835,41.597359280008476,41.0262495466829,41.29901885986328,23648100
2014-12-24,MSFT,41.46097341141999,41.46097341141999,40.983628753141545,41.03477096557617,11437800
2014-12-26,MSFT,41.26492592272959,41.26492592272959,40.76200684262883,40.81315231323242,13197800
2014-12-29,MSFT,40.659706868000235,40.72789755653459,40.28464670023012,40.44660568237305,14439500
2014-12-30,MSFT,40.438094313818894,40.59152748261996,39.92665258559346,40.08008575439453,16384700
2014-12-31,MSFT,39.83288776755906,40.438094575260976,39.594215393066406,39.594215393066406,21552500
2015-01-02,MSFT,39.77321646014696,40.42104281785247,39.67092877243913,39.858455657958984,27913900
2015-01-05,MSFT,39.5260103778422,39.83287663163892,39.4237227104654,39.49191665649414,39673900
2015-01-06,MSFT,39.534540035721925,39.84992893716437,38.81851979213187,38.91228485107422,36447900
2015-01-07,MSFT,39.1935912021839,39.60274531316567,38.77591446982802,39.40669250488281,29114100
2015-01-08,MSFT,39.849935749725084,40.70234079249995,39.82436463897533,40.565956115722656,29645200
2015-01-09,MSFT,40.58299109022796,40.761995309191505,39.97778449182773,40.224979400634766,23944200
2015-01-12,MSFT,40.42104833887965,40.52333929222615,39.51750101265745,39.722076416015625,23651900
2015-01-13,MSFT,40.03745787915975,40.83871728825554,39.261769575691176,39.51749038696289,35270600
2015-01-14,MSFT,39.17652893066406,39.41520451688657,38.886711130846265,39.17652893066406,29719600
2015-01-15,MSFT,39.39815702692828,39.53454168608323,38.707707860893805,38.76737594604492,32750800
2015-01-16,MSFT,38.622470033671014,39.44930063642363,38.50313060748315,39.41520690917969,35695300
2015-01-20,MSFT,39.466339929198156,39.764683547645696,38.844084841578265,39.54305648803711,36161900
2015-01-21,MSFT,39.15948165545275,39.32996329327436,38.76737616462978,39.142433166503906,39081100
2015-01-22,MSFT,39.53455848612949,40.18238507949002,39.27883754800476,40.17386245727539,35898000
2015-01-23,MSFT,40.36990197365183,40.395473083532245,39.89255399532584,40.216468811035156,26211600
2015-01-26,MSFT,40.06303728625299,40.17385085304349,39.41521088001737,40.07155990600586,42525500
2015-01-27,MSFT,36.61079226440187,36.823893496148486,35.894771995666574,36.36359405517578,169164000
2015-01-28,MSFT,36.43179570268631,36.47441530770139,35.08499407287132,35.110565185546875,84507100
2015-01-29,MSFT,34.8889327514304,35.90329340992017,34.769596585921796,35.80952835083008,63585300
2015-01-30,MSFT,35.41742421099202,35.44299857003973,34.39453764408609,34.43716049194336,78004900
2015-02-02,MSFT,34.599116694022364,35.263991507637435,34.292250394917936,35.18727493286133,50352500
2015-02-03,MSFT,35.485615403198985,35.74133621209748,34.99121902121759,35.46004104614258,52082400
2015-02-04,MSFT,35.749862454884926,35.9800121817297,35.25546927444073,35.66462326049805,41614800
2015-02-05,MSFT,35.988529057170055,36.34653748611427,35.68166283140872,36.1845817565918,36548200
2015-02-06,MSFT,36.38064718637875,36.47441226057912,35.928873557959335,36.15049743652344,34616600
2015-02-09,MSFT,36.00557672417473,36.431779083235355,35.980002371498244,36.10786437988281,31381100
2015-02-10,MSFT,36.43178600886089,36.45735711473245,35.95443810537016,36.31244659423828,29670700
2015-02-11,MSFT,36.35507727821906,36.35507727821906,35.980016969013136,36.12492752075195,38262500
2015-02-12,MSFT,36.36359107851247,36.730125427246094,36.23572904926438,36.730125427246094,33268800
2015-02-13,MSFT,36.97733898386831,37.395015716552734,36.781286175431234,37.395015716552734,40264900
2015-02-17,MSFT,37.74697744881109,37.77273053532858,37.077367726088404,37.412174224853516,33695700
2015-02-18,MSFT,37.45509651485719,37.51518923228707,37.249062001663674,37.36924743652344,27111700
2015-02-19,MSFT,37.068791487023375,37.36925513608028,36.957189299598745,37.343502044677734,27603400
2015-02-20,MSFT,37.35209040822607,37.66972719459166,37.16322892085067,37.652557373046875,29721100
2015-02-23,MSFT,37.51518427279425,37.93583323919379,37.47226137670551,37.90149688720703,32518800
2015-02-24,MSFT,37.9015041094298,38.03027282223321,37.70405285514408,37.84999465942383,25271700
2015-02-25,MSFT,37.72980907894704,37.849994520378445,37.601037091809005,37.7641487121582,29759800
2015-02-26,MSFT,37.76415272577842,37.97018399732733,37.67830363362637,37.82424545288086,28957300
2015-02-27,MSFT,37.8843331970112,37.94442591620957,37.48085070398711,37.643959045410156,33807700
2015-03-02,MSFT,37.48943824311588,37.93584368999282,37.38642260916211,37.66971969604492,31924000
2015-03-03,MSFT,37.395010571124814,37.62679821240051,36.99152801688845,37.15463638305664,31748600
2015-03-04,MSFT,36.92284454197198,37.09453943540312,36.81124564482829,36.96577072143555,25748700
2015-03-05,MSFT,36.9743502501989,37.12029204102703,36.75973247383378,37.008689880371094,23193500
2015-03-06,MSFT,36.91425090189312,37.00868323049495,36.18455190329004,36.364830017089844,36248800
2015-03-09,MSFT,36.2189048023543,37.02586996109977,36.2189048023543,36.78549575805664,32108000
2015-03-10,MSFT,36.3562496430707,36.66529976191774,36.081539154052734,36.081539154052734,39159700
2015-03-11,MSFT,36.321928592456416,36.37343478409505,35.91844595897385,36.038631439208984,32215300
2015-03-12,MSFT,35.48062007735564,35.75533062886587,35.07713752209645,35.21449279785156,59992500
2015-03-13,MSFT,34.93977604507605,35.60079921570377,34.86251351150119,35.523536682128906,58007700
2015-03-16,MSFT,35.60079990389643,35.746738428577004,35.437688288303356,35.678062438964844,35273500
2015-03-17,MSFT,35.51493988069179,35.90983897981583,35.32607851134367,35.79823684692383,31673400
2015-03-18,MSFT,35.56646335815449,36.76832439133706,35.48061754498768,36.48502731323242,44194800
2015-03-19,MSFT,36.27898835979859,36.56228540341075,36.24465200359715,36.304744720458984,33879100
2015-03-20,MSFT,36.536534450109194,36.897090772324994,36.476441729739896,36.81124496459961,71904500
2015-03-23,MSFT,36.81124864512761,37.02586646070703,36.725399554011055,36.7940788269043,26246100
2015-03-24,MSFT,36.72540362562552,37.060206931078575,36.699650532839385,36.82842254638672,25513300
2015-03-25,MSFT,36.84558370442776,36.8541702506399,35.57504667408279,35.59221649169922,43469900
2015-03-26,MSFT,35.386184354837695,35.72098760305891,35.12864037176804,35.37759780883789,37495600
2015-03-27,MSFT,35.300342381588834,35.56646968947284,35.051388169164674,35.171573638916016,34401400
2015-03-30,MSFT,35.283153085296014,35.66088238151036,35.12004479135313,35.162967681884766,35049700
2015-03-31,MSFT,35.00844926647399,35.22306703446327,34.80241804309633,34.905433654785156,34887200
2015-04-01,MSFT,34.853932231157486,34.99128750328273,34.604978051860996,34.95695114135742,36865300
2015-04-02,MSFT,34.905440140355836,34.97411941078077,34.4418648894111,34.587806701660156,37487500
2015-04-06,MSFT,34.630737362796395,35.86693503398424,34.49338206599775,35.66948699951172,39223700
2015-04-07,MSFT,35.72098868857901,35.978529404667256,35.46344797249077,35.65230941772461,28809400
2015-04-08,MSFT,35.592204766742796,35.789652692075684,35.23164853999756,35.557865142822266,24753400
2015-04-09,MSFT,35.41193465942193,35.729568065481544,35.41193465942193,35.60938262939453,25723900
2015-04-10,MSFT,35.73815951362046,36.012870055165386,35.54929478825534,35.81542205810547,28022000
2015-04-13,MSFT,35.54071881102626,36.10730982860222,35.532132262761166,35.84976577758789,30276700
2015-04-14,MSFT,35.88409019875952,36.08153815258542,35.53211718979905,35.75532150268555,24244400
2015-04-15,MSFT,35.84975232695598,36.45068276250917,35.78107634064535,36.278987884521484,27343600
2015-04-16,MSFT,36.01287517684648,36.34767849229393,35.90127298009451,36.193153381347656,22509700
2015-04-17,MSFT,35.772499022706384,35.83259502908945,35.33468008197447,35.729576110839844,42387600
2015-04-20,MSFT,35.82401286680758,37.06021056384315,35.781089949687136,36.83700942993164,46057700
2015-04-21,MSFT,36.91425948888066,37.043031471439306,36.510777000017264,36.60520935058594,26013800
2015-04-22,MSFT,36.63096021625637,37.02585941058348,36.52794460133977,36.90567398071289,25064300
2015-04-23,MSFT,36.81984482588026,37.43794539939371,36.74258225419108,37.20615768432617,46309500
2015-04-24,MSFT,39.19778131051707,41.32678875755218,39.189198042399674,41.095001220703125,130933700
2015-04-27,MSFT,40.545592201157085,41.31821754950315,40.53700893053438,41.23236846923828,59248200
2015-04-28,MSFT,41.0177510493497,42.24536507230379,40.94907505932827,42.20244216918945,60730800
2015-04-29,MSFT,41.82471968525343,42.331217845720616,41.635854965307324,42.116600036621094,47804600
2015-04-30,MSFT,41.8075557555351,42.52867182666052,41.72170665491996,41.756046295166016,64725500
2015-05-01,MSFT,41.70452881637989,41.96206949886883,41.55000375192504,41.7732048034668,38937300
2015-05-04,MSFT,41.52424613229793,41.953481681700914,41.36113780245545,41.41264724731445,34039500
2015-05-05,MSFT,41.052104053319596,41.34398447429947,40.61428505925412,40.86323928833008,50369200
2015-05-06,MSFT,40.837470010082136,41.00916488523308,39.50684045857517,39.73004150390625,52433000
2015-05-07,MSFT,39.72146380231151,40.42540994178905,39.627031443999776,40.090606689453125,32971700
2015-05-08,MSFT,40.82030948032552,41.189452399685,40.7945563893775,40.99200439453125,35364900
2015-05-11,MSFT,40.820315676621725,41.129365914142525,40.66579055786133,40.66579055786133,24609400
2015-05-12,MSFT,40.21936602150824,40.93189854080277,39.85022322051588,40.64860153198242,29928300
2015-05-13,MSFT,41.36971488361967,41.48131702671483,40.83746379893079,40.888973236083984,34184600
2015-05-14,MSFT,41.23237876482796,41.910571931629065,41.23237876482796,41.82472610473633,32980900
2015-05-15,MSFT,41.95348155262423,41.98782118242458,41.24953551575374,41.46415328979492,28642700
2015-05-18,MSFT,41.18944543025521,41.39547994740179,40.87181202134481,41.2151985168457,24136500
2015-05-19,MSFT,41.0942412697432,41.31025388582368,40.7659011703954,41.11152267456055,28574800
2015-05-20,MSFT,40.94735097684118,41.413939018636846,40.84366584402802,41.11152267456055,25047900
2015-05-21,MSFT,40.85229627476986,41.128792101299354,40.619002303118684,40.973262786865234,22410700
2015-05-22,MSFT,40.869582100758365,40.91278396031401,40.45483831606115,40.523963928222656,25720600
2015-05-26,MSFT,40.46347703742454,40.50667889310643,39.91048207798921,40.256103515625,29581900
2015-05-27,MSFT,40.454839126422705,41.27568765878489,40.28202838864793,41.1374397277832,27335600
2015-05-28,MSFT,41.042385506626765,41.49169201717748,40.94733945492123,40.999183654785156,19283700
2015-05-29,MSFT,40.98190351918856,41.102870026513074,40.256101179151386,40.48939514160156,36519600
2015-06-01,MSFT,40.662206512937274,41.27568140784471,40.28202228819112,40.8090934753418,28837300
2015-06-02,MSFT,40.549890672438785,40.9127903042864,40.282033827914745,40.5412483215332,21498300
2015-06-03,MSFT,40.930065256598255,41.249766267875444,40.45483821054453,40.48075866699219,28002200
2015-06-04,MSFT,40.42892649547258,40.74862427978291,39.91913653320357,40.0573844909668,27745500
2015-06-05,MSFT,40.01417697055682,40.19562677147585,39.60807220994588,39.867286682128906,25438100
2015-06-08,MSFT,40.00553569030919,40.11786317315933,39.4611829769026,39.51302719116211,22121600
2015-06-09,MSFT,39.53894383484639,39.69447316652583,39.27972938074419,39.44390106201172,24406100
2015-06-10,MSFT,39.56486687562901,40.46348004336578,39.47845986175592,40.27338790893555,28417400
2015-06-11,MSFT,40.31659515053227,40.541246824414635,39.858649452181105,40.126502990722656,27347800
2015-06-12,MSFT,39.936410549253935,40.15242314928912,39.65991468489615,39.72039794921875,23931000
2015-06-15,MSFT,39.271080434956026,39.44389112619043,38.89953860243348,39.297000885009766,33254500
2015-06-16,MSFT,39.18467923085364,39.953686755663576,39.14147737568439,39.59942626953125,27070300
2015-06-17,MSFT,39.51302440290506,39.806801670796546,39.193326677758385,39.72039794921875,28704100
2015-06-18,MSFT,39.936405941088566,40.43755340137683,39.8932007891943,40.368431091308594,32658300
2015-06-19,MSFT,40.42889923057708,40.46346202073187,39.737659907926705,39.83270263671875,63837000
2015-06-22,MSFT,40.03145630287126,40.36843542887667,39.8845660220462,39.94504928588867,20318100
2015-06-23,MSFT,39.858648368017974,39.98825395847024,39.41798079064393,39.668556213378906,25896500
2015-06-24,MSFT,39.46118504784695,39.96233592371675,39.35749990997741,39.435264587402344,34890900
2015-06-25,MSFT,39.772237832365555,39.7981615850392,39.31429218691532,39.44390106201172,20616000
2015-06-26,MSFT,39.44390074831344,39.98825010877165,38.908187145193416,39.10691833496094,49835300
2015-06-29,MSFT,38.916825095489806,39.08099346080322,38.32927064603413,38.33790969848633,34081700
2015-06-30,MSFT,38.63168940835494,38.6403317574533,37.9663702596693,38.147823333740234,35945400
2015-07-01,MSFT,38.41567106465172,39.080990113554066,38.10461246557115,38.40703201293945,28343900
2015-07-02,MSFT,38.43296815538417,38.66626219994271,38.07006850568729,38.36384582519531,21752000
2015-07-06,MSFT,37.983648403907466,38.43295493186285,37.9750093516405,38.35519027709961,23034000
2015-07-07,MSFT,38.31199811272348,38.44160700213714,37.430666234547154,38.277435302734375,36435800
2015-07-08,MSFT,38.39839335707997,38.795858991948556,38.04413287319663,38.2255859375,39785900
2015-07-09,MSFT,38.66624901644305,39.07235369214671,38.45023645210537,38.4675178527832,32424700
2015-07-10,MSFT,38.89091395904428,39.00324145389413,38.51073290213342,38.54529571533203,25465800
2015-07-13,MSFT,38.86498467823084,39.41797637956261,38.8390642222592,39.348854064941406,28178300
2015-07-14,MSFT,39.27108560028632,39.71174978960937,39.15011908933843,39.417972564697266,22880300
2015-07-15,MSFT,39.46982573544555,39.65127554309365,39.253813117933746,39.53894805908203,26629600
2015-07-16,MSFT,39.754944022686225,40.342498359870824,39.72038452339093,40.31657791137695,26271700
2015-07-17,MSFT,40.221533507811955,40.420264645222474,39.970958175215756,40.28201675415039,29467100
2015-07-20,MSFT,40.307957584540375,40.72270143354813,40.12650447252545,40.5412483215332,30631900
2015-07-21,MSFT,40.42026979521866,40.89550007141274,40.161055378442875,40.852294921875,42781900
2015-07-22,MSFT,39.26244705155173,40.54988353428833,39.05507681159759,39.348854064941406,59152400
2015-07-23,MSFT,39.11555208629129,39.94503946892378,38.96866184156624,39.84135437011719,33934000
2015-07-24,MSFT,39.66855280995318,40.0228133338738,39.57350674078827,39.69447326660156,32333200
2015-07-27,MSFT,39.69448235553239,39.75496563228801,39.09828864347342,39.1846923828125,39701400
2015-07-28,MSFT,39.38341800613678,39.43525891957517,38.700817413079186,39.17604446411133,34328900
2015-07-29,MSFT,39.22788300530192,40.42026998735654,39.106913200547396,39.99688720703125,40945900
2015-07-30,MSFT,39.97096973272622,40.955989949532025,39.6858348169832,40.506683349609375,39777900
2015-07-31,MSFT,40.86093646930375,40.93005877424703,40.178335991504746,40.35114669799805,31201500
2015-08-03,MSFT,40.5930806565563,40.61036205721785,40.13513507534078,40.44619369506836,24125900
2015-08-04,MSFT,40.394353329386504,41.22384086337744,40.33387006937199,41.07695388793945,33403900
2015-08-05,MSFT,41.457140882634754,41.82868284598045,41.07695986492585,41.11152267456055,26959700
2015-08-06,MSFT,41.22383154210703,41.27567573729271,40.03144471764391,40.28201675415039,27368000
2015-08-07,MSFT,40.08329966553944,40.42027881212991,39.97097218464567,40.385719299316406,19163000
2015-08-10,MSFT,40.56716394711464,41.03375191976239,40.472117882750425,40.895503997802734,23079900
2015-08-11,MSFT,40.45484268314623,40.55852781649066,39.65991783402071,40.100582122802734,29237400
2015-08-12,MSFT,39.910488917108445,40.52396723884303,39.49574509852858,40.385719299316406,30181400
2015-08-13,MSFT,40.6622057289802,40.6967652337625,40.16969735286373,40.37706756591797,22627200
2015-08-14,MSFT,40.20426587487739,40.69677436145634,40.195626820766726,40.61037063598633,21473400
2015-08-17,MSFT,40.44618437074226,40.99917588006644,40.238810906701,40.88684844970703,21099700
2015-08-18,MSFT,40.73901074050884,41.252162373192,40.61724650865631,41.11300277709961,23574100
2015-08-19,MSFT,40.68681891634214,40.94774602535742,40.26934018687412,40.538963317871094,31485500
2015-08-20,MSFT,40.06929264542776,40.417193194705604,39.71269607543945,39.71269607543945,36238200
2015-08-21,MSFT,39.39959848765347,39.55615345169371,37.460060119628906,37.460060119628906,70053100
2015-08-24,MSFT,35.181308939975416,37.12954269482774,34.546393267860346,36.2510986328125,88753700
2015-08-25,MSFT,37.02518132339574,37.60791435391576,35.129129945363786,35.19871139526367,70616600
2015-08-26,MSFT,36.53812153132221,37.26001415179279,35.71186337050086,37.14694595336914,63408000
2015-08-27,MSFT,37.59920153506957,38.22542108837453,37.338277827134156,38.18193435668945,50943200
2015-08-28,MSFT,37.747076618816386,38.39938782777409,37.73837727804751,38.20804214477539,28246700
2015-08-31,MSFT,37.88623115246531,38.208037043595205,37.48614447617237,37.8514404296875,34441700
2015-09-01,MSFT,36.67728195803448,37.04257794679116,36.2337118122152,36.37287139892578,49688900
2015-09-02,MSFT,36.84253212439263,37.7296756345575,36.42505341099021,37.7122802734375,37671500
2015-09-03,MSFT,37.75576794211185,38.25152413378438,37.64269975097529,37.83404541015625,28285200
2015-09-04,MSFT,37.23392115703853,37.43396284232391,36.70337423101704,37.05997085571289,37138800
2015-09-08,MSFT,37.66010424278378,38.26892877319543,37.57313073179359,38.173255920410156,32469800
2015-09-09,MSFT,38.45157267999938,38.616826985278834,37.320900520240535,37.460060119628906,33469500
2015-09-10,MSFT,37.503546395724165,38.08627949176296,37.18174044832077,37.651405334472656,31366600
2015-09-11,MSFT,37.52094344705407,37.91233086977698,37.34699311275204,37.81665802001953,27132500
2015-09-14,MSFT,37.77318429318984,37.78188031988205,37.27742782603893,37.433982849121094,23656000
2015-09-15,MSFT,37.56442399670561,38.52114901843243,37.468754480576436,38.25152587890625,28882200
2015-09-16,MSFT,38.24283478507556,38.599431464429415,38.129766574209256,38.529850006103516,23372200
2015-09-17,MSFT,38.52114173128154,39.138662047305345,38.338495438005566,38.486351013183594,32768200
2015-09-18,MSFT,37.8340533852324,38.26023153838105,37.686197757663,37.81665802001953,63143700
2015-09-21,MSFT,37.93841542942661,38.67770338767511,37.92102006734507,38.364593505859375,26177200
2015-09-22,MSFT,37.72966504794975,38.31239455174468,37.66878296002565,38.18193435668945,28085900
2015-09-23,MSFT,38.20804317872797,38.41678091326034,37.84274716655661,38.15585708618164,17145200
2015-09-24,MSFT,37.79055993502145,38.381988976157324,37.634004993672185,38.190643310546875,27905600
2015-09-25,MSFT,38.686385231651144,38.903822201243045,38.060165697522535,38.21672058105469,29384600
2015-09-28,MSFT,38.121070220624546,38.347203322571836,37.58182387674948,37.651405334472656,27613800
2015-09-29,MSFT,37.72097824341081,37.894928545769666,37.44265908676706,37.7818603515625,32763600
2015-09-30,MSFT,38.1645504236559,38.5298430605379,37.973204765579084,38.495052337646484,34958900
2015-10-01,MSFT,38.92123704191566,38.92123704191566,38.05148872812984,38.79947280883789,28657900
2015-10-02,MSFT,38.50375038872165,39.634422302246094,38.19933655034817,39.634422302246094,41839000
2015-10-05,MSFT,39.79099398508235,40.78250674697303,39.74750722352749,40.556373596191406,34369300
2015-10-06,MSFT,40.29542446092772,41.034708897624895,40.19975165475688,40.66071701049805,27017200
2015-10-07,MSFT,40.96513212736595,41.18256914145563,39.96492385324873,40.70420837402344,27711500
2015-10-08,MSFT,40.49548248821169,41.33044006912496,40.443296395219676,41.26955795288086,33772700
2015-10-09,MSFT,41.26955333100298,41.34783080281127,40.80858452243144,40.973838806152344,28600600
2015-10-12,MSFT,40.86077083625145,40.93904830849397,40.443292090233335,40.87816619873047,19769100
2015-10-13,MSFT,40.49548219122096,40.991238458616536,40.49548219122096,40.78249740600586,19987800
2015-10-14,MSFT,40.573754502163084,40.965138534478115,40.46938233024142,40.59984588623047,24697800
2015-10-15,MSFT,40.88685989379883,40.904255255287715,40.46938117154338,40.88685989379883,27189400
2015-10-16,MSFT,40.89555307279916,41.34782244990085,40.7911842374143,41.32172775268555,26450300
2015-10-19,MSFT,41.24346908349923,41.64355588406472,40.89557170113715,41.41741943359375,29387600
2015-10-20,MSFT,41.26085593459046,41.58266517708754,40.89556326082786,41.547874450683594,30802200
2015-10-21,MSFT,41.678332852453906,41.73921827987797,40.973838922013336,41.05211639404297,25144300
2015-10-22,MSFT,41.33914688040779,42.57419152757576,40.95645871874465,41.77402114868164,56637100
2015-10-23,MSFT,45.48783293395409,47.02728773873969,45.444346184902216,45.98358917236328,135227100
2015-10-26,MSFT,45.68787368079476,47.24472381629013,45.66178229547316,47.183841705322266,64633300
2015-10-27,MSFT,46.95770060903575,47.28820249278312,46.6011040265947,46.696773529052734,50999900
2015-10-28,MSFT,46.56630956500079,46.948997497558594,45.97488064879532,46.948997497558594,47000800
2015-10-29,MSFT,46.5663221013051,46.818549890083546,46.28800292673104,46.409767150878906,30202100
2015-10-30,MSFT,46.37496391960998,46.95769681524628,45.7661396452136,45.78353500366211,46619800
2015-11-02,MSFT,45.96619622517229,46.40976971516408,45.7661545147584,46.30540084838867,30285000
2015-11-03,MSFT,46.03576900756508,47.30560048718945,46.009677625243945,47.09686279296875,36596900
2015-11-04,MSFT,47.12295868228189,47.73178309800288,47.018589825189366,47.31430435180664,37087800
2015-11-05,MSFT,47.392585990145186,47.57523233556923,46.966407866329305,47.296913146972656,31468500
2015-11-06,MSFT,47.04467422752813,47.81874949524111,46.931606047061145,47.766563415527344,32851200
2015-11-09,MSFT,47.44476539709563,47.72308456593922,46.583716505306455,47.10556411743164,32513100
2015-11-10,MSFT,47.02728618227509,47.0794722701059,46.3314882669951,46.540225982666016,55283700
2015-11-11,MSFT,46.705485501263986,47.14035966176397,46.49674444438031,46.6619987487793,36516300
2015-11-12,MSFT,46.51413287502139,46.94900697069417,46.26190510325293,46.37497329711914,35361100
2015-11-13,MSFT,46.1575460005924,46.34889170481672,45.687881081765454,45.95750427246094,36848200
2015-11-16,MSFT,46.16623240564737,46.870726268648106,45.96618741574567,46.766357421875,32165200
2015-11-17,MSFT,46.55620768092032,46.871427988574474,46.276012594158615,46.38108825683594,31551300
2015-11-18,MSFT,46.40735520407604,47.265453069291006,46.3898425937424,47.1516227722168,29710000
2015-11-19,MSFT,47.2742290744434,47.86088671351532,47.090348265904446,47.230445861816406,28149200
2015-11-20,MSFT,47.50187866277646,47.54565852806829,46.64378061033616,47.4493408203125,37147600
2015-11-23,MSFT,47.50187866277646,47.68575610111589,47.06407332947898,47.4493408203125,28235900
2015-11-24,MSFT,47.21293130191472,47.66824930493907,46.915226845519214,47.50188446044922,24600000
2015-11-25,MSFT,47.361773562183515,47.48435850159317,47.01152801513672,47.01152801513672,21005100
2015-11-27,MSFT,47.10784176381652,47.35301496229954,47.09908712895836,47.22167205810547,9009100
2015-11-30,MSFT,47.755796075856445,48.12355087181713,47.28296561803081,47.58942794799805,56241400
2015-12-01,MSFT,47.641958342425774,48.359958552151475,47.545640670845046,48.35120391845703,39952800
2015-12-02,MSFT,48.43878215546656,48.999172451667384,48.21112485020609,48.342464447021484,47274900
2015-12-03,MSFT,48.58762231834049,48.83279216023207,47.22166889882619,47.45808410644531,38627800
2015-12-04,MSFT,47.38803969198947,49.235578395737555,47.37052708103108,48.95538330078125,43963700
2015-12-07,MSFT,48.85032338312858,49.00793358159788,48.412518018533824,48.867835998535156,30709800
2015-12-08,MSFT,48.57012756104734,49.12175990805006,48.14983481753535,48.85032272338867,32878000
2015-12-09,MSFT,48.48255892576376,48.92036423424323,47.72953326074876,48.14107131958008,36373200
2015-12-10,MSFT,48.50006897629666,48.73648423120669,48.167336024180045,48.394996643066406,31775800
2015-12-11,MSFT,47.90464741885067,48.246134963491805,47.2917194294028,47.33550262451172,39549500
2015-12-14,MSFT,47.5719161385741,48.34245090998739,47.00276802451345,48.281158447265625,46768900
2015-12-15,MSFT,48.736482130918326,48.94663012851181,48.23738439434654,48.333702087402344,39843000
2015-12-16,MSFT,48.631411333675715,49.25309403000909,47.94843282513092,49.14802169799805,37503300
2015-12-17,MSFT,49.34939850055959,49.72591120789949,48.62264032679568,48.7714958190918,41280900
2015-12-18,MSFT,48.832801792380266,49.03419182225611,47.30923793393404,47.39680099487305,84684200
2015-12-21,MSFT,48.05350733695901,48.465042019143546,47.484359150280056,48.009727478027344,37246300
2015-12-22,MSFT,48.149809965671984,48.5788571252273,47.72075946592859,48.46502685546875,28322200
2015-12-23,MSFT,48.77151456981446,48.929124756281325,48.54385392705582,48.8765869140625,27279800
2015-12-24,MSFT,48.9116074052985,48.99916712699376,48.53509458966815,48.7452392578125,9558500
2015-12-28,MSFT,48.46506039758816,48.99042892456055,48.14108531041228,48.99042892456055,22458300
2015-12-29,MSFT,49.28811271265486,49.7784524237556,49.086722711282945,49.515769958496094,27731400
2015-12-30,MSFT,49.445731105769866,49.71716825105634,49.288120932292216,49.305633544921875,21704500
2015-12-31,MSFT,49.06922734839086,49.200566957089386,48.52634627716249,48.57888412475586,27334100
2016-01-04,MSFT,47.56316679195464,47.98345947265625,46.74884867928611,47.98345947265625,53778000
2016-01-05,MSFT,48.09728972554683,48.50006979320474,47.755802131654725,48.202362060546875,34079700
2016-01-06,MSFT,47.56317463655104,47.63322509831605,46.96775907230785,47.326759338378906,39518900
2016-01-07,MSFT,46.14468276635109,46.8364159941383,45.59304711151665,45.680606842041016,56564900
2016-01-08,MSFT,45.85573111773771,46.65253671581279,45.66309903635223,45.820709228515625,48754000
2016-01-11,MSFT,45.97831484764424,46.27602260928251,45.058924311469745,45.794437408447266,36943800
2016-01-12,MSFT,46.19720525540144,46.49491293803342,45.584280620737445,46.214717864990234,36095500
2016-01-13,MSFT,47.107840618097356,47.34425583578351,44.91881453602788,45.216522216796875,66883600
2016-01-14,MSFT,45.53174164235824,46.77510683007054,45.15522889617749,46.50366973876953,52381900
2016-01-15,MSFT,44.92758359869205,45.50548649337345,44.07824020037638,44.64738845825195,71820700
2016-01-19,MSFT,45.076422535919264,45.251545282188296,43.833057383767404,44.2708625793457,43564500
2016-01-20,MSFT,43.76301003743265,44.98886600763297,42.99247190358706,44.47225570678711,63273000
2016-01-21,MSFT,44.65614652548558,45.164002344164565,44.04321835611743,44.200828552246094,40191200
2016-01-22,MSFT,45.015136853343385,45.82070027139313,44.88379393881916,45.785675048828125,37555800
2016-01-25,MSFT,45.47920562188464,46.10089158063009,45.2252811296414,45.34786605834961,34707700
2016-01-26,MSFT,45.34787719389672,45.91702212268435,45.13772916437278,45.680606842041016,28900800
2016-01-27,MSFT,45.540496013153096,45.70686412898839,44.67364357664071,44.8487663269043,36775200
2016-01-28,MSFT,45.409174360859616,45.71563678952043,44.87505126503081,45.58429718017578,62513800
2016-01-29,MSFT,47.92216067745217,48.23738098144531,47.2829654344389,48.23738098144531,83611700
2016-02-01,MSFT,48.0534995168213,48.23737689852388,47.72076663074859,47.90464401245117,44208500
2016-02-02,MSFT,47.431834534300435,47.51063963841539,46.10090908287686,46.407371520996094,56313800
2016-02-03,MSFT,46.62626397500378,46.74884892332467,44.883797429071514,45.67184829711914,57559800
2016-02-04,MSFT,45.61930180236399,46.240987742602066,44.98010659299353,45.531742095947266,46987100
2016-02-05,MSFT,45.47920549412055,45.531743323500244,43.39525503155781,43.92061996459961,62009000
2016-02-08,MSFT,43.386504780509455,43.404017393420396,42.195673824080686,43.263919830322266,59290500
2016-02-09,MSFT,42.92243197778517,43.99067797777376,42.61596626392172,43.150089263916016,46740500
2016-02-10,MSFT,43.68421005113613,44.12201532860222,43.3602350810642,43.5265998840332,38237000
2016-02-11,MSFT,42.62472143156917,43.87684477325074,42.47586590260138,43.50908660888672,48878600
2016-02-12,MSFT,43.99943534926613,44.37594819757949,43.561630022407755,44.21833801269531,34243300
2016-02-16,MSFT,44.88856639305107,45.05612564086914,44.2095051821505,45.05612564086914,37291200
2016-02-17,MSFT,45.408892127371566,46.537719561777465,45.3736154290036,46.22905349731445,40789000
2016-02-18,MSFT,46.14969068590266,46.696466109768444,45.94685133165473,46.026222229003906,27176000
2016-02-19,MSFT,45.83220277743924,46.10558878152346,45.44416582066761,45.69991683959961,33559100
2016-02-22,MSFT,46.1055955602136,46.74056277252624,46.1055955602136,46.43190002441406,25008300
2016-02-23,MSFT,46.1585025446535,46.184958385816564,44.95912173741942,45.135501861572266,28895300
2016-02-24,MSFT,44.703377487617075,45.41771558461275,44.27124965045684,45.29425048828125,33014500
2016-02-25,MSFT,45.62055632612112,45.94685745239258,44.632832088553194,45.94685745239258,26939500
2016-02-26,MSFT,46.38778714639383,46.45834053076536,45.0649414669624,45.2413215637207,35975900
2016-02-29,MSFT,45.28542680723154,45.54999869907242,44.67691885717449,44.87093734741211,31654000
2016-03-01,MSFT,44.95031143022364,46.378984272304564,44.90621386900832,46.37016677856445,33024500
2016-03-02,MSFT,46.2202467220902,46.70528966251973,45.99977235242479,46.69647216796875,29289900
2016-03-03,MSFT,46.714102835172255,46.714102835172255,45.664642855167,46.16732406616211,24427800
2016-03-04,MSFT,46.211424850245685,46.255519047167645,45.602913494539266,45.8851203918457,33034200
2016-03-07,MSFT,45.47062362199629,45.682277078995625,44.60636471687841,45.00321578979492,38407800
2016-03-08,MSFT,44.80039948261902,45.973324959759495,44.62401928161344,45.55001449584961,33835100
2016-03-09,MSFT,45.76166485791625,46.60828572675958,45.73520900706873,46.59946823120117,28251600
2016-03-10,MSFT,46.67883021535053,46.6876477092216,45.1178713947823,45.90275955200195,38387800
2016-03-11,MSFT,46.74056313471366,46.80229568481445,46.19378767774734,46.80229568481445,32275700
2016-03-14,MSFT,46.48481185343382,47.26088251920258,46.41426180973029,46.89048385620117,24083600
2016-03-15,MSFT,46.52008560183487,47.26087951660156,46.511268108496495,47.26087951660156,21104800
2016-03-16,MSFT,47.13741994478376,48.15160000603261,47.09332574458543,47.93112564086914,31691700
2016-03-17,MSFT,47.807647682272666,48.504347296293176,47.622450072724206,48.20450210571289,28223900
2016-03-18,MSFT,48.43380147707785,48.47789903648846,47.13741464335494,47.172691345214844,67625500
2016-03-21,MSFT,46.96103121408228,47.56072164707656,46.67882434728159,47.49898910522461,23925700
2016-03-22,MSFT,47.27852065654495,47.842934460297585,47.14623469946533,47.6841926574707,23124100
2016-03-23,MSFT,47.719484884084885,47.8341325265699,47.39318367842892,47.59601974487305,20129000
2016-03-24,MSFT,47.48135804015237,47.913489263585134,47.384348784024304,47.80765914916992,19950000
2016-03-28,MSFT,47.807655046919315,47.87820845047545,47.03158779283052,47.2167854309082,17025100
2016-03-29,MSFT,47.322604781463106,48.38088212032852,47.13740717230866,48.24859619140625,23924300
2016-03-30,MSFT,48.44262753190583,49.068773918325235,48.41617168475824,48.54845428466797,23008300
2016-03-31,MSFT,48.46026507493978,49.024678899135395,48.38089417065153,48.70719528198242,26360500
2016-04-01,MSFT,48.54846240299638,49.042326272090534,48.12515195698955,49.007049560546875,24399200
2016-04-04,MSFT,48.88357162475586,49.086407616721765,48.504355485463066,48.88357162475586,18928800
2016-04-05,MSFT,48.67190676534214,48.768915998615995,48.02812219309042,48.11631393432617,19272300
2016-04-06,MSFT,47.93994693457233,48.6807409428128,47.807660968604736,48.61018753051758,21188700
2016-04-07,MSFT,48.38970351845413,48.424980217570486,47.82528978927719,48.02812576293945,19225100
2016-04-08,MSFT,48.21333325506458,48.751291252095925,47.904670485049174,47.99285888671875,22167200
2016-04-11,MSFT,48.054585288766894,48.63663737137073,47.88702264893606,47.895843505859375,21414200
2016-04-12,MSFT,47.948760411554915,48.310338208842836,47.41080246247913,48.19569396972656,24944300
2016-04-13,MSFT,48.61017520676603,48.892382056057514,48.407339244098466,48.813011169433594,20818000
2016-04-14,MSFT,48.69836948174603,49.01585304474859,48.5660835424379,48.821834564208984,20877100
2016-04-15,MSFT,48.76893241977656,49.31570794286116,48.60137310126556,49.077598571777344,28793800
2016-04-18,MSFT,48.93649662943528,49.906582590742794,48.68956302729512,49.791934967041016,23786000
2016-04-19,MSFT,49.94185861093717,50.06532372821714,49.104055275458904,49.730201721191406,29596800
2016-04-20,MSFT,49.64200613795854,49.82720378711121,48.936488881063866,49.02467727661133,36195700
2016-04-21,MSFT,49.209868574276626,49.589084681694516,48.87474665894127,49.192230224609375,38909100
2016-04-22,MSFT,45.77929375228117,46.23788080250769,44.77393125778024,45.66464614868164,126834100
2016-04-25,MSFT,45.66464167571617,45.97330775299235,45.53235909760174,45.95566940307617,33226900
2016-04-26,MSFT,46.087955073743146,46.167325971606175,45.056136765695186,45.36479949951172,33532600
2016-04-27,MSFT,45.400068692195994,45.417707040378204,44.579904004663256,44.92384338378906,43369300
2016-04-28,MSFT,44.64164721513567,44.77393317604667,43.706838087159944,44.006683349609375,43134800
2016-04-29,MSFT,43.52163375967466,44.31534273644373,43.52163375967466,43.980220794677734,48411700
2016-05-02,MSFT,44.0948622714159,44.75628520548714,43.900843800886946,44.63282012939453,33114500
2016-05-03,MSFT,44.394712108823704,44.45644465332126,43.742106598772054,43.900848388671875,26460200
2016-05-04,MSFT,43.95376495017592,44.147783447646475,43.61864300840993,43.980220794677734,24257600
2016-05-05,MSFT,43.980221492928706,44.359437636275494,43.85675639773143,44.041954040527344,25390700
2016-05-06,MSFT,44.02433071248194,44.43882369995117,43.795038795179984,44.43882369995117,24787300
2016-05-09,MSFT,44.52700344282,44.61519184158106,44.09487221487861,44.1566047668457,17951600
2016-05-10,MSFT,44.38589587007912,45.06495387874321,44.26242741342328,44.99440383911133,22891000
2016-05-11,MSFT,45.09139688431037,45.66462794545858,44.97674932641262,45.020843505859375,24039100
2016-05-12,MSFT,45.15315429301631,45.69111232558679,44.90622069651891,45.42654037475586,24102800
2016-05-13,MSFT,45.36479003654346,45.770465298871514,45.01203318064745,45.04730987548828,22592300
2016-05-16,MSFT,44.80038743561465,45.82338828935096,44.756293238263495,45.708744049072266,20032000
2016-05-17,MSFT,45.930763343075455,45.93964251030923,44.72299333715575,44.856201171875,27803500
2016-05-18,MSFT,44.82956011048171,45.41568338902323,44.669707999270194,45.122623443603516,24907500
2016-05-19,MSFT,44.82068070361987,44.95388853711579,44.243436595364656,44.687469482421875,23842400
2016-05-20,MSFT,44.82956307890937,45.486733289372026,44.75851957350121,44.95389175415039,23905800
2016-05-23,MSFT,44.936128884161555,45.00717577545901,44.38552902741521,44.429931640625,26118700
2016-05-24,MSFT,45.02492972040033,45.92187454802242,44.7585106994622,45.8153076171875,34757900
2016-05-25,MSFT,46.10836641900626,46.614566950670685,45.99292032491057,46.285980224609375,24040200
2016-05-26,MSFT,46.117253330934176,46.16165593960592,45.611056139132046,46.081729888916016,24335200
2016-05-27,MSFT,46.108364929565575,46.463592529296875,45.97515712044244,46.463592529296875,17721400
2016-05-31,MSFT,46.41031188751134,47.067481994628906,46.25046317855485,47.067481994628906,37653100
2016-06-01,MSFT,46.57016595006621,47.02308137228447,46.57016595006621,46.93427276611328,25324800
2016-06-02,MSFT,46.747768907490574,46.83657749301689,46.03731716178577,46.60567855834961,22840800
2016-06-03,MSFT,46.516874922421955,46.552394970124,45.824181482862706,45.992916107177734,23368300
2016-06-06,MSFT,46.170536001890035,46.49023679969182,46.08172740163812,46.294864654541016,18243300
2016-06-07,MSFT,46.39256250561195,46.82771288448176,46.26823043823242,46.26823043823242,20866800
2016-06-08,MSFT,46.19716977072319,46.57015567121185,46.06395858471942,46.21493148803711,21149400
2016-06-09,MSFT,46.17941921269879,46.17941921269879,45.72650716870159,45.84195327758789,20305700
2016-06-10,MSFT,45.33576368427982,46.223829587547606,45.32688451583628,45.71763229370117,25833200
2016-06-13,MSFT,44.03029995916395,45.04269433644784,43.568505378916555,44.52761459350586,83217800
2016-06-14,MSFT,44.31447220920212,44.4920826086769,44.021408952206535,44.2523078918457,42577100
2016-06-15,MSFT,44.20789385476362,44.509836221673844,44.127967834472656,44.127967834472656,33757600
2016-06-16,MSFT,43.9770175145976,44.82068067704653,43.968134959748554,44.7496337890625,31188600
2016-06-17,MSFT,44.767387451347076,44.785149170145345,44.24342860375323,44.51873016357422,45710500
2016-06-20,MSFT,44.97164747576505,45.140382130532906,44.42992684505075,44.465450286865234,35607900
2016-06-21,MSFT,44.58089235988291,45.67321260613328,44.545368923980135,45.46007537841797,34097800
2016-06-22,MSFT,45.36239292873684,45.699855420974,45.24694345102336,45.282466888427734,28816800
2016-06-23,MSFT,45.54001253890934,46.23270615740481,45.42456642557853,46.09949493408203,29028800
2016-06-24,MSFT,44.23454617435798,45.238057804655135,43.97700635233784,44.2523078918457,133503000
2016-06-27,MSFT,43.6040241469147,43.64843014170137,42.66267668098854,43.0090217590332,50216300
2016-06-28,MSFT,43.44416935968849,43.9326081704667,43.22215295031714,43.90596389770508,38140700
2016-06-29,MSFT,44.32335312220863,45.04268746417644,44.22566536602397,44.882835388183594,31304000
2016-06-30,MSFT,45.042694909011075,45.55777127079861,44.8473193643493,45.44232177734375,28527800
2016-07-01,MSFT,45.40680790004461,45.93076688752568,45.35352272942366,45.433448791503906,21400400
2016-07-05,MSFT,45.14038268134197,45.540009549674636,45.06045663013505,45.44232177734375,24806400
2016-07-06,MSFT,45.09597326703417,45.77090506778701,44.74962820061964,45.628814697265625,28167500
2016-07-07,MSFT,45.66433474911973,45.83306939315877,45.353513122260956,45.628814697265625,19585200
2016-07-08,MSFT,45.93964548526187,46.49912791287952,45.7797933630854,46.44584274291992,28391000
2016-07-11,MSFT,46.62344310265525,46.916506371111446,46.59680221923245,46.703369140625,22269200
2016-07-12,MSFT,47.01419297454559,47.422705736756235,46.88098516339774,47.253971099853516,27317600
2016-07-13,MSFT,47.56480318430941,47.83122223398001,47.22733724795225,47.5203971862793,25356800
2016-07-14,MSFT,47.81346419355793,47.94667542250042,47.58256856945353,47.72465896606445,24545500
2016-07-15,MSFT,47.91114530123611,47.95554790879649,47.2539751911564,47.68912887573242,32024400
2016-07-18,MSFT,47.68912168531033,48.25748310687166,47.55591049501258,47.92001724243164,31433900
2016-07-19,MSFT,47.69800730997898,47.86674195890079,47.00531715710515,47.14740753173828,53336500
2016-07-20,MSFT,49.86488206545068,50.47764607633514,49.31427898444596,49.6517448425293,89893300
2016-07-21,MSFT,49.71392545640571,49.93594191702973,49.51854988699183,49.554073333740234,32776700
2016-07-22,MSFT,49.802722810094636,50.29115823546443,49.536300407436954,50.23787307739258,32157200
2016-07-25,MSFT,50.149071144514046,50.38884928994957,49.96257477292966,50.379966735839844,25610600
2016-07-26,MSFT,50.1934671095456,50.87727801432395,50.18458455661136,50.40660095214844,28079000
2016-07-27,MSFT,50.27339520516269,50.442126453104635,49.82936239591405,49.90040588378906,32327500
2016-07-28,MSFT,49.73168555058346,50.06026895298605,49.483028206895256,49.91817855834961,37550400
2016-07-29,MSFT,49.96256294838388,50.40659569313123,49.77607000863823,50.33555221557617,30558700
2016-08-01,MSFT,50.26450820755216,50.39771939362901,49.85599887221156,50.24674987792969,26003400
2016-08-02,MSFT,50.48652459254612,50.53093057970586,50.006971775612065,50.24674987792969,35122000
2016-08-03,MSFT,50.33556544348037,50.717433975332085,50.1668341757071,50.59310531616211,22075600
2016-08-04,MSFT,50.442124694457526,51.081533001547285,50.32667521952157,50.96608352661133,26587700
2016-08-05,MSFT,51.19697664760963,51.69429115188024,51.01936287278399,51.47227478027344,29335200
2016-08-08,MSFT,51.561100006103516,51.58774089523203,51.31243928599644,51.561100006103516,19473500
2016-08-09,MSFT,51.6587805298507,51.95184383914274,51.525572706473994,51.6854248046875,16920700
2016-08-10,MSFT,51.64990621374053,51.791996604640275,51.34796370961579,51.525577545166016,15756900
2016-08-11,MSFT,51.53444521131156,51.907434521495595,51.53444521131156,51.77422332763672,18162300
2016-08-12,MSFT,51.534443400468525,51.67653375466451,51.17033665610998,51.45451736450195,21655200
2016-08-15,MSFT,51.51669972429226,51.95185349199377,51.47229710824985,51.61438751220703,19283900
2016-08-16,MSFT,51.48034408866016,51.48927859703345,51.17651967171897,51.32843017578125,20523500
2016-08-17,MSFT,51.417785078169004,51.54288863071476,51.14076763409189,51.4356575012207,18856400
2016-08-18,MSFT,51.310556611613976,51.5607671551299,51.17651853608926,51.471405029296875,14214300
2016-08-19,MSFT,51.31948255564736,51.58756205296975,51.11395482740634,51.48926544189453,17271000
2016-08-22,MSFT,51.47139521921388,51.60543667800779,51.16757086692146,51.5339469909668,15221900
2016-08-23,MSFT,51.73947151399751,51.98967856898195,51.694788760908466,51.730533599853516,18732400
2016-08-24,MSFT,51.65012675677118,51.8645924536271,51.57864046369694,51.7841682434082,18151500
2016-08-25,MSFT,51.7216018341637,52.08797793071838,51.63223973206765,51.980743408203125,18552600
2016-08-26,MSFT,52.079044386839755,52.45435842951013,51.55181987108046,51.85564422607422,20971200
2016-08-29,MSFT,51.98969114171175,52.36500181495024,51.9182014465332,51.9182014465332,16417200
2016-08-30,MSFT,51.81095778307215,51.998613074310484,51.48032654486907,51.730533599853516,16930200
2016-08-31,MSFT,51.51608836903172,51.650126446045775,51.203326038365766,51.3463020324707,20860300
2016-09-01,MSFT,50.9441771237338,51.6679949565054,50.9441771237338,51.462467193603516,26075400
2016-09-02,MSFT,51.5339469909668,51.998619730285554,51.31054683218754,51.5339469909668,18900500
2016-09-06,MSFT,51.63224571353397,51.65011813602365,51.122893603434086,51.4803352355957,16278400
2016-09-07,MSFT,51.35523387699972,51.68586518511839,51.30161660724419,51.52501678466797,17493400
2016-09-08,MSFT,51.49820934733385,51.6411853231252,51.09608835016564,51.319488525390625,20146100
2016-09-09,MSFT,50.74758385819278,51.39991195097067,50.22929382324219,50.22929382324219,35113900
2016-09-12,MSFT,50.04163937703753,51.122895409746924,49.69313564821517,50.97991943359375,29303000
2016-09-13,MSFT,50.48844041433295,50.622481885154116,50.08631941068564,50.5152473449707,30130200
2016-09-14,MSFT,50.390140597714435,50.604606255677346,50.06844381517806,50.27397155761719,24062500
2016-09-15,MSFT,50.17568779060134,51.248006055756214,50.02377387745386,51.10503005981445,26847000
2016-09-16,MSFT,51.498214887222275,51.498214887222275,50.71184523136855,51.15864562988281,44607000
2016-09-19,MSFT,51.1765049938643,51.60543285791113,50.801190982313535,50.8726806640625,20937100
2016-09-20,MSFT,51.247998942132774,51.247998942132774,50.71183988397841,50.76545715332031,17384000
2016-09-21,MSFT,51.39097968638464,51.694804089879185,51.006734484639885,51.6143798828125,33707300
2016-09-22,MSFT,51.75735798627265,51.82884768828157,51.498216338531876,51.667999267578125,19822200
2016-09-23,MSFT,51.7126716066128,51.74841645276467,51.27480917210886,51.319488525390625,19955300
2016-09-26,MSFT,51.00673464510816,51.06034851077697,50.78333444797748,50.84588623046875,21688700
2016-09-27,MSFT,50.8726949971996,51.88246487909981,50.64929479201563,51.7841682434082,28065100
2016-09-28,MSFT,51.72160617490446,51.882454563360916,51.5339474491613,51.85564422607422,20536400
2016-09-29,MSFT,51.65905496429433,51.980748335889146,51.12289252733769,51.29267883300781,25463500
2016-09-30,MSFT,51.44459809595524,51.62331893880474,51.2390703197641,51.471405029296875,29910800
2016-10-03,MSFT,51.3016161825534,51.42671973546448,50.9888573002757,51.310550689697266,19189500
2016-10-04,MSFT,51.17651854223157,51.471405035474575,50.908438982333415,51.14971160888672,20085900
2016-10-05,MSFT,51.19439741427305,51.793108393146944,51.16758706873544,51.50715637207031,16726400
2016-10-06,MSFT,51.596500396728516,51.70373151478559,51.18544152801413,51.596500396728516,16212600
2016-10-07,MSFT,51.6947953167366,51.810964353632606,51.310546771386335,51.650115966796875,20089000
2016-10-10,MSFT,51.74842063618531,52.17734859823454,51.712675787143766,51.86458969116211,18196500
2016-10-11,MSFT,51.73055132036589,51.84672038232377,50.836950493525734,51.10503005981445,26497400
2016-10-12,MSFT,51.03351593017578,51.17649184813176,50.399060507297044,51.03351593017578,22177500
2016-10-13,MSFT,50.667153020885706,51.20331199957238,50.32758384968246,50.86374282836914,25313700
2016-10-14,MSFT,51.042471160771214,51.59650605054337,51.042471160771214,51.310550689697266,27402500
2016-10-17,MSFT,51.25694714498349,51.34630586967079,50.81908121285529,51.13184356689453,23830000
2016-10-18,MSFT,51.40884773793907,51.784161808595435,51.30161660724419,51.52501678466797,19149500
2016-10-19,MSFT,51.35523013710565,51.68586142114641,51.29267836468756,51.408843994140625,22878400
2016-10-20,MSFT,51.38204582913994,51.39991825413849,50.63142102328332,51.15864562988281,49455600
2016-10-21,MSFT,53.86624533849501,54.018159219456585,53.16030342555941,53.31221389770508,80032200
2016-10-24,MSFT,53.562433067479716,54.50965118408203,53.55349855896822,54.50965118408203,54067000
2016-10-25,MSFT,54.37559495732682,54.840267676768335,54.330915609245395,54.500701904296875,35137200
2016-10-26,MSFT,54.339856873948015,54.688360582808826,54.0360325159229,54.17900848388672,29911600
2016-10-27,MSFT,54.16113680728896,54.357730044251205,53.69646405280658,53.70539855957031,28479900
2016-10-28,MSFT,53.624973846675736,54.08071209000267,53.240728700849786,53.49987030029297,33574700
2016-10-31,MSFT,53.75902517536134,53.99135988859781,53.544559478759766,53.544559478759766,26434700
2016-11-01,MSFT,53.589234599479596,53.63391395232423,52.94584101030536,53.437320709228516,24533000
2016-11-02,MSFT,53.455197017685,53.55349364637785,52.99052421492923,53.106693267822266,22147000
2016-11-03,MSFT,53.19605482912379,53.294351463081284,52.82074412726776,52.91010284423828,21600400
2016-11-04,MSFT,52.409665880681246,52.972631689690026,52.293496871869806,52.463279724121094,28697000
2016-11-07,MSFT,53.41944818481567,54.08071419563439,53.41944818481567,53.99135208129883,31664800
2016-11-08,MSFT,54.10753519039485,54.31306299356797,53.75009686658739,54.036048889160156,22935400
2016-11-09,MSFT,53.61604909186491,54.14327371095425,52.90116911907003,53.76795959472656,49632500
2016-11-10,MSFT,54.04497695328099,54.05391487038004,51.49821599070534,52.454368591308594,57822400
2016-11-11,MSFT,52.03436533870968,52.829669370244225,51.83777210527293,52.74031066894531,38767800
2016-11-14,MSFT,52.740311447349356,52.79392871420962,51.18544479656169,51.93606948852539,41328400
2016-11-15,MSFT,52.47585683769406,53.51943619674933,52.46685854089268,52.9616584777832,35904100
2016-11-16,MSFT,53.02463064977657,53.67237071907937,52.90768025092044,53.66337585449219,27332500
2016-11-17,MSFT,54.347099905176044,54.8329049669072,53.95126065034582,54.55401611328125,32132700
2016-11-18,MSFT,54.67995805073097,55.00382805184334,54.2481325265292,54.293113708496094,27686300
2016-11-21,MSFT,54.42807161476648,54.850902360212054,54.35609896369281,54.7519416809082,19652600
2016-11-22,MSFT,54.85987212036703,55.11176942016032,54.70693545459062,54.98582077026367,23206700
2016-11-23,MSFT,54.886887925285414,54.96785544576159,54.20316486603276,54.338111877441406,21848900
2016-11-25,MSFT,54.24815043009636,54.4550666809082,54.09521367456622,54.4550666809082,8409600
2016-11-28,MSFT,54.28412460352457,54.89587835233548,54.16717077252833,54.52702713012695,20732600
2016-11-29,MSFT,54.56300783874008,55.246730729621646,54.446054019776206,54.95884704589844,22366700
2016-11-30,MSFT,54.75193509633276,55.03981880231619,54.1761676843659,54.21215057373047,34655400
2016-12-01,MSFT,54.077207228037125,54.11319354938663,53.02462963555315,53.25853729248047,34542100
2016-12-02,MSFT,53.15057967596821,53.501437715755756,52.89867886824446,53.30351638793945,25515700
2016-12-05,MSFT,53.708358445926706,54.509035257066174,53.58240974734449,54.176170349121094,23552700
2016-12-06,MSFT,54.36508740395002,54.39207542728695,53.798314890964726,53.93326187133789,19907000
2016-12-07,MSFT,53.98724680154803,55.21975269168706,53.79832374341397,55.21075439453125,30809000
2016-12-08,MSFT,55.147782315437055,55.39968316851262,54.73394985717397,54.88688659667969,21220800
2016-12-09,MSFT,55.03981588007547,55.76852340256913,54.9948346968746,55.75053024291992,27349400
2016-12-12,MSFT,55.61559013040553,56.04741571978729,55.52562775289277,55.93046188354492,20198100
2016-12-13,MSFT,56.227335092325916,57.05499981759974,55.99343088835328,56.65916061401367,35718900
2016-12-14,MSFT,56.67715830129365,57.08199583267178,56.25432760942711,56.38927459716797,30352700
2016-12-15,MSFT,56.40727958937479,56.8121172056697,56.04742316781371,56.29932403564453,27669900
2016-12-16,MSFT,56.63217088297758,56.63217088297758,55.88547024819147,56.04740524291992,42453100
2016-12-19,MSFT,56.28132222401633,57.369882755810764,56.155370093530294,57.23493576049805,34338200
2016-12-20,MSFT,57.297907424330916,57.39686809200944,56.70414685010423,57.1629638671875,26028400
2016-12-21,MSFT,57.064003199508974,57.3069057205805,56.78511435712807,57.1629638671875,17096300
2016-12-22,MSFT,57.432854605941074,57.6667588315475,57.046010230179114,57.171958923339844,22176600
2016-12-23,MSFT,57.082000904489526,57.16296841795923,56.49723514811445,56.8930778503418,12403800
2016-12-27,MSFT,56.86606848460966,57.639757051504,56.86606848460966,56.92904281616211,11763200
2016-12-28,MSFT,57.03701834859445,57.03701834859445,56.52422525285436,56.66816711425781,14653300
2016-12-29,MSFT,56.5512214656681,56.85709839440921,56.43426761389631,56.58720779418945,10250600
2016-12-30,MSFT,56.64117150024343,56.668162956669505,55.804508419768084,55.90346908569336,25579900
2017-01-03,MSFT,56.488247112633765,56.53322830736761,55.89448641934962,56.29932403564453,20694100
2017-01-04,MSFT,56.20934023764838,56.452242729741066,55.88547024819147,56.04740524291992,21340000
2017-01-05,MSFT,55.94844458704763,56.37127523237684,55.80450275082724,56.04740524291992,24876000
2017-01-06,MSFT,56.04742089334423,56.81211490016805,55.813516631113266,56.533226013183594,19922900
2017-01-09,MSFT,56.46124991532337,56.74913708243749,56.26333199222875,56.353294372558594,20382700
2017-01-10,MSFT,56.434257300285,56.740134173125746,56.02941975801862,56.335296630859375,18593000
2017-01-11,MSFT,56.32631073101686,56.884085082554975,56.16437568833723,56.84809875488281,21517300
2017-01-12,MSFT,56.73113527348151,57.03701212456635,55.732537217532645,56.326297760009766,20968200
2017-01-13,MSFT,56.33528826157841,56.56019759255292,56.09238577230466,56.40726089477539,19422300
2017-01-17,MSFT,56.3892728502595,56.4072660101905,55.804507163957425,56.25432586669922,20664000
2017-01-18,MSFT,56.3802850678023,56.40727652865416,55.88548508888809,56.22734832763672,19670100
2017-01-19,MSFT,55.99342919923982,56.65915890481763,55.9574428822237,56.04740524291992,18451700
2017-01-20,MSFT,56.38027478753546,56.51522177165382,56.1103842511431,56.44325256347656,30213500
2017-01-23,MSFT,56.40727008409874,56.78511617440578,56.290316252022684,56.64117431640625,23097600
2017-01-24,MSFT,56.85708623726023,57.342891272888366,56.62317858373064,57.14496994018555,24672900
2017-01-25,MSFT,57.531823914568534,57.6667674924315,57.08200512466861,57.28892135620117,23672700
2017-01-26,MSFT,57.68475820149169,58.062604299166274,57.17196167603456,57.819698333740234,43554600
2017-01-27,MSFT,58.82732245834285,59.29513801578753,58.377503502788194,59.17818069458008,44818000
2017-01-30,MSFT,59.09719696348052,59.18715935199547,58.29652003742399,58.5933952331543,31651400
2017-01-31,MSFT,58.3504945727363,58.611390297194035,57.81071339206414,58.16157150268555,25270500
2017-02-01,MSFT,57.900667846304806,58.134575509238985,57.09999105086114,57.198951721191406,39671500
2017-02-02,MSFT,56.90207366273027,57.046015529978796,56.452254898598014,56.830101013183594,45827000
2017-02-03,MSFT,57.12698631728961,57.30691451961857,56.74014188342807,57.28892135620117,30301800
2017-02-06,MSFT,57.12697337456372,57.26192035369802,56.80310337011678,57.25292205810547,19796400
2017-02-07,MSFT,57.34290333210565,57.37888622865518,56.8840862246861,57.06401443481445,20277200
2017-02-08,MSFT,57.189944585190084,57.40585905361482,56.875072893574895,56.983028411865234,18096400
2017-02-09,MSFT,57.14496624985423,57.97263441619834,56.965038089184276,57.630767822265625,22644400
2017-02-10,MSFT,57.80170302093029,57.846687636460956,57.5588005108109,57.5767936706543,18170700
2017-02-13,MSFT,57.79270411307474,58.35048176678038,57.69374345090618,58.22453308105469,22920100
2017-02-14,MSFT,58.296946154581136,58.577522306636574,57.94395412079196,58.44175720214844,23108400
2017-02-15,MSFT,58.378404083860204,58.44176021518106,58.070676276101885,58.405555725097656,17005200
2017-02-16,MSFT,58.595632348655414,59.04817818030617,58.324108992845794,58.39651107788086,20546300
2017-02-17,MSFT,58.35124966548168,58.55037089881333,58.19738576892545,58.48701477050781,21248800
2017-02-21,MSFT,58.47796008031245,58.785687863732946,58.33314213143231,58.369346618652344,20655900
2017-02-22,MSFT,58.22453445762244,58.278837734760366,57.9711099572458,58.251686096191406,19292700
2017-02-23,MSFT,58.30599232870628,58.58657538717363,58.09782515225963,58.48701477050781,20273100
2017-02-24,MSFT,58.4055529453721,58.649931515479146,58.052567815484224,58.48701477050781,21796800
2017-02-27,MSFT,58.41460554037783,58.41460554037783,57.97111264416315,58.134029388427734,15871500
2017-02-28,MSFT,57.9982718524365,58.10687842591873,57.708639361665156,57.90776062011719,23239800
2017-03-01,MSFT,58.043516831826196,58.821896093329464,57.943956211961805,58.77664566040039,26937500
2017-03-02,MSFT,58.55037232709531,58.6046756083104,57.81724695684039,57.93490982055664,24539600
2017-03-03,MSFT,57.91680405179246,58.17927795121127,57.58191772564273,58.15212631225586,18135900
2017-03-06,MSFT,57.898711340618654,58.43271207545835,57.75389682126457,58.17023468017578,18750300
2017-03-07,MSFT,58.09781540551508,58.631815982318116,58.09781540551508,58.28788375854492,18521000
2017-03-08,MSFT,58.161197748082415,58.90337270635477,58.15214489710413,58.8219108581543,21510900
2017-03-09,MSFT,59.002911964912876,59.01195790731031,58.36029788441852,58.586570739746094,19846800
2017-03-10,MSFT,58.93051013558037,59.06627524628986,58.60467663199775,58.76759338378906,19538200
2017-03-13,MSFT,58.84000404509686,59.002920801544086,58.44176155038131,58.56847381591797,20100000
2017-03-14,MSFT,58.405546397458345,58.423652092258685,58.06161415454421,58.296939849853516,14280200
2017-03-15,MSFT,58.42366735885481,58.75854684187559,58.15213710829098,58.60468292236328,24833800
2017-03-16,MSFT,58.6046799502012,58.613732799507844,58.19739150031239,58.50511932373047,20674300
2017-03-17,MSFT,58.749495658746476,59.04817062137264,58.541321564503505,58.71329116821289,49219700
2017-03-20,MSFT,58.7494945915013,58.993866266538085,58.577524990915926,58.76759338378906,14598100
2017-03-21,MSFT,59.002921423306546,59.28349759919431,58.0435196673182,58.115928649902344,26640500
2017-03-22,MSFT,58.034459908418185,58.95765004804921,58.034459908418185,58.858089447021484,20680000
2017-03-23,MSFT,58.776647300321535,59.04817062137264,58.622776489228684,58.71329116821289,19269200
2017-03-24,MSFT,59.15677557535148,59.238230488348464,58.613722106139704,58.812843322753906,22617100
2017-03-27,MSFT,58.49606505978348,59.030072671148766,58.2426405277324,58.92145919799805,18614700
2017-03-28,MSFT,58.794736303144134,59.25633484896182,58.514160179852674,59.09341812133789,20080400
2017-03-29,MSFT,58.93957456859462,59.28350693206285,58.78570373005461,59.25635528564453,13618400
2017-03-30,MSFT,59.21108297536702,59.71793889986551,59.1567796962529,59.47356033325195,15122800
2017-03-31,MSFT,59.41925322428963,59.90800342071452,59.238230796743636,59.60932159423828,21040300
2017-04-03,MSFT,59.56408474793842,59.68175109263924,59.002932292787754,59.328765869140625,20400900
2017-04-04,MSFT,59.18393778830517,59.564074594148245,59.08437716220807,59.49167251586914,12997400
2017-04-05,MSFT,60.007575640529495,60.05282607719693,59.229196314720326,59.33780288696289,21448600
2017-04-06,MSFT,59.37400619122671,59.7903474888597,59.265399621157684,59.49167251586914,18103500
2017-04-07,MSFT,59.600275033482305,59.69983565280989,59.229191102143346,59.4464111328125,14108500
2017-04-10,MSFT,59.38306649388887,59.573134920666604,59.156793570777054,59.3106575012207,17952700
2017-04-11,MSFT,59.37399503843795,59.383047886010125,58.69517648181259,59.26538848876953,18791500
2017-04-12,MSFT,59.211082404428915,59.29254422761461,58.93050625797804,59.039119720458984,17108500
2017-04-13,MSFT,59.093421174464275,59.60932302104479,58.78568649291992,58.78568649291992,17896500
2017-04-17,MSFT,58.86714605918684,59.27443443104227,58.83999442176973,59.26538848876953,16689300
2017-04-18,MSFT,59.12962235478449,59.47355459817498,58.975758475264996,59.18392562866211,15155600
2017-04-19,MSFT,59.41926724715662,59.50977502963956,58.731395670744135,58.86716079711914,26992800
2017-04-20,MSFT,59.2472885534832,59.50976591619827,58.957659550711426,59.28349304199219,22299500
2017-04-21,MSFT,59.43736359113524,60.36960683234861,59.23824233470114,60.09808349609375,32522600
2017-04-24,MSFT,61.07559534960231,61.23851214353859,60.731656059457855,61.120845794677734,29770000
2017-04-25,MSFT,61.45572093902257,61.58243321042935,61.184190697264675,61.473819732666016,30242700
2017-04-26,MSFT,61.61862591426922,61.82679307519672,61.20228468711465,61.39235305786133,26190800
2017-04-27,MSFT,61.68197801960005,61.890145166966576,61.16607621681029,61.790584564208984,34971000
2017-04-28,MSFT,62.369869393928454,62.57803660805473,61.265656467619664,61.96257400512695,39548800
2017-05-01,MSFT,62.16169445896665,62.949126676077725,61.99877768664371,62.82241439819336,31954400
2017-05-02,MSFT,63.093923253937646,63.093923253937646,62.568968563128315,62.72283935546875,23906100
2017-05-03,MSFT,62.79525457652739,62.79525457652739,62.188844843891445,62.52373123168945,28928000
2017-05-04,MSFT,62.47845622841864,62.52371355908333,62.12547114619135,62.279335021972656,21749400
2017-05-05,MSFT,62.360812868893845,62.47847229145312,61.98972199687463,62.45132064819336,19128800
2017-05-08,MSFT,62.42416625998576,62.496575242361736,61.92636313777669,62.39701461791992,18566100
2017-05-09,MSFT,62.324628196757004,62.704765133887676,62.16171138008627,62.487545013427734,22858400
2017-05-10,MSFT,62.44226261916544,62.958164514210274,62.378906488381,62.73189163208008,17977800
2017-05-11,MSFT,61.87206622049373,62.20695261946812,61.654846156313724,61.96257400512695,28789400
2017-05-12,MSFT,62.09831839805599,62.09831839805599,61.58241660209173,61.89014434814453,18714100
2017-05-15,MSFT,61.672951183711845,61.9806859689257,61.157049163334584,61.935428619384766,31530300
2017-05-16,MSFT,62.10838766976341,63.20982528549012,62.044668367857994,63.182518005371094,34956000
2017-05-17,MSFT,62.709141779757196,62.90029960351229,61.38013480635506,61.42565155029297,30548800
2017-05-18,MSFT,61.35284059759704,62.017340753304524,61.11616597952514,61.63502502441406,25201300
2017-05-19,MSFT,61.44386596250968,61.990032270977935,61.38014667560308,61.6168212890625,26961100
2017-05-22,MSFT,61.798877575610085,62.35414865204364,61.44386910967804,62.308631896972656,16237600
2017-05-23,MSFT,62.55440975590266,62.58171703033484,62.24491110761421,62.51799774169922,15425800
2017-05-24,MSFT,62.69094423119428,62.700042024800815,62.30862160842064,62.599910736083984,14593900
2017-05-25,MSFT,62.78197797960729,63.61032871001563,62.72736343218385,63.373661041259766,21854100
2017-05-26,MSFT,63.53749111057233,63.91980670884003,63.28260710018137,63.68313217163086,19827900
2017-05-30,MSFT,63.528405293130156,64.09278106689453,63.51019581452547,64.09278106689453,17072800
2017-05-31,MSFT,64.20200091349278,64.39315874202664,63.54659867573084,63.57390594482422,30436400
2017-06-01,MSFT,63.93802358332275,64.27482946396557,63.218902018629656,63.810585021972656,21603600
2017-06-02,MSFT,64.1201091444539,65.4127047495355,63.938049023741605,65.3216781616211,34770300
2017-06-05,MSFT,65.5127757757213,66.35023072547682,65.36712781321924,65.79496002197266,33316800
2017-06-06,MSFT,65.8132102262703,66.1044993866972,65.7858960077366,66.01346588134766,31511100
2017-06-07,MSFT,66.12272681965513,66.24106069833475,65.4946315096144,65.89515686035156,22301800
2017-06-08,MSFT,66.00435187346821,66.01344966586326,65.0849678653494,65.49459075927734,24588300
2017-06-09,MSFT,65.57653072391496,65.6129427343637,62.436062535299506,64.01084899902344,49187400
2017-06-12,MSFT,63.03686291602505,63.66495806852539,62.01734725390428,63.519309997558594,47761700
2017-06-13,MSFT,63.73776824319405,64.46599462924654,63.68315369494864,64.31124877929688,25258600
2017-06-14,MSFT,64.54790955267727,64.72085789998872,63.2006931108869,63.96532440185547,25510700
2017-06-15,MSFT,63.05507083586372,63.9107359636415,62.62724521685769,63.6285514831543,26068700
2017-06-16,MSFT,63.473790130790434,63.74686980327824,63.009545659215654,63.71956253051758,48345100
2017-06-19,MSFT,64.174714419835,64.57523968254814,64.03817108528439,64.51152038574219,23798300
2017-06-20,MSFT,64.46599262384525,64.51150937588818,63.601229894080205,63.63764190673828,21512200
2017-06-21,MSFT,63.91070986532343,64.28392771797239,63.66493750604926,63.96532440185547,19891100
2017-06-22,MSFT,64.21111876442784,64.25662857391723,63.45558508911124,63.956241607666016,22965700
2017-06-23,MSFT,63.80148365593395,64.857411157087,63.64673781538324,64.82099914550781,27617300
2017-06-26,MSFT,64.9939644857686,65.27614893791619,64.12009690776902,64.20201873779297,19607000
2017-06-27,MSFT,63.81970702562813,63.88342632354103,62.9731466705666,63.00045394897461,25215100
2017-06-28,MSFT,63.00044141843979,63.57391498559436,62.618125707003415,63.53750991821289,25806200
2017-06-29,MSFT,63.15518754573831,63.25531884369042,61.98092618829367,62.34503936767578,28918700
2017-06-30,MSFT,62.609031618179635,63.1551980052662,62.57261959972288,62.745574951171875,24161100
2017-07-03,MSFT,63.10969986864339,63.355472357601116,61.91722861439809,62.05377197265625,16165500
2017-07-05,MSFT,62.135670362562756,63.20980027313317,62.09925835518474,62.88209915161133,21176300
2017-07-06,MSFT,62.144771526073896,62.60901596422081,62.00823517210186,62.4178581237793,21117600
2017-07-07,MSFT,62.53620527891194,63.573923459636156,62.53620527891194,63.22801971435547,16878300
2017-07-10,MSFT,63.22801337965879,63.94713501967148,62.991338764556545,63.70136260986328,15014500
2017-07-11,MSFT,63.71958066343577,64.33857115339019,63.49201073249493,63.71047592163086,17460000
2017-07-12,MSFT,64.34765262195872,64.88471413119096,64.22021406231443,64.7663803100586,17750900
2017-07-13,MSFT,65.08496952866243,65.57652118086588,64.9120142404205,65.33074188232422,20269800
2017-07-14,MSFT,65.75857801941456,66.6961646347412,65.50370091368075,66.25012969970703,25868100
2017-07-17,MSFT,66.26834008269658,66.86001610987037,66.19551606723877,66.76898956298828,21803900
2017-07-18,MSFT,66.53233826909535,66.80542495019242,66.14092467500981,66.72350311279297,26435300
2017-07-19,MSFT,66.90553707486991,67.3970887928873,66.86002032611836,67.23323822021484,22416200
2017-07-20,MSFT,67.52455446705449,67.63379054098867,66.70530127475702,67.56096649169922,42361000
2017-07-21,MSFT,66.8600265051087,67.62466489653924,66.605149356259,67.16952514648438,46717100
2017-07-24,MSFT,66.93285511028446,67.13311772518816,66.5687418963579,66.99657440185547,21394800
2017-07-25,MSFT,67.17863714208569,67.6428747369698,66.90555048460382,67.53364562988281,22018700
2017-07-26,MSFT,67.67015620682726,67.70656821026412,67.18770931482806,67.40618133544922,16252200
2017-07-27,MSFT,67.1422204088687,67.74300129029646,65.83141565683472,66.59605407714844,36844200
2017-07-28,MSFT,66.15000289582376,66.73258116120566,66.03166907297081,66.48680877685547,18306700
2017-07-31,MSFT,66.72345722731563,66.85089573888652,65.91330942738153,66.17728424072266,23600100
2017-08-01,MSFT,66.54141929507094,66.83270841014706,65.98614833431951,66.06807708740234,22132300
2017-08-02,MSFT,66.04077630520003,66.04987409930712,65.0303655688343,65.77679443359375,26499200
2017-08-03,MSFT,65.71306300531819,65.94063282379359,65.4035644408542,65.67665100097656,18214400
2017-08-04,MSFT,65.90423388690066,66.48681218212054,65.75858584065513,66.15911102294922,22579000
2017-08-07,MSFT,66.26834902136625,66.35937558052655,65.77679726804308,65.90423583984375,18705700
2017-08-08,MSFT,65.62206966589359,66.56876152326933,65.31257785697973,66.25926971435547,22044600
2017-08-09,MSFT,65.76770915405207,66.00438382360277,65.58565598971033,65.96797180175781,22213400
2017-08-10,MSFT,65.44907133153465,65.71305311461887,64.9484150282924,65.00303649902344,24734500
2017-08-11,MSFT,65.18510643053992,66.17730761317793,64.8847125707965,65.99525451660156,21443700
2017-08-14,MSFT,66.50503303106107,67.10582096996023,66.40490170791122,66.98748016357422,20096600
2017-08-15,MSFT,67.34435352367521,67.34435352367521,66.84103665992691,67.0057601928711,19181400
2017-08-16,MSFT,67.11558948993107,67.81108981627021,66.96001916145153,67.39928436279297,18150400
2017-08-17,MSFT,67.33522408356264,67.60061245194441,66.25537109375,66.25537109375,22977500
2017-08-18,MSFT,66.13640081606829,66.65802431175096,65.82526016125705,66.33773040771484,18761500
2017-08-21,MSFT,66.31941424589826,66.3285674928258,65.61476085199352,66.02657318115234,17734800
2017-08-22,MSFT,66.20960717691004,67.02407174109922,66.20960717691004,66.95086669921875,14343700
2017-08-23,MSFT,66.76781627828841,66.94169303623012,66.37431049791766,66.54818725585938,13766500
2017-08-24,MSFT,66.5665118642578,66.6763299078197,65.95337683027475,66.52075958251953,17098300
2017-08-25,MSFT,66.6763231128409,67.1247345267252,66.32857648315876,66.63971710205078,12794300
2017-08-28,MSFT,66.85935587006192,66.8868086366606,66.39264487411677,66.64888000488281,14569700
2017-08-29,MSFT,66.1180981659166,66.95086925882583,65.93507508139396,66.85020446777344,11478400
2017-08-30,MSFT,66.8135998426541,67.91175233637212,66.64887627040807,67.72872924804688,16897800
2017-08-31,MSFT,67.74700836418485,68.59807873420164,67.5365325741775,68.42420196533203,27652800
2017-09-01,MSFT,68.36931944649841,68.39677221252555,67.39013122752417,67.6646728515625,21736200
2017-09-05,MSFT,67.1155896695775,67.6189136535156,66.78614949504401,67.36267852783203,21556000
2017-09-06,MSFT,67.48161937037393,67.7561608991935,67.12471957203715,67.17047882080078,16535800
2017-09-07,MSFT,67.42671148666547,68.26862857201839,67.35349948397021,68.03069305419922,17471200
2017-09-08,MSFT,68.02155726148095,68.12222203521301,67.57313891235381,67.70126342773438,14703800
2017-09-11,MSFT,68.00325719898338,68.57979313613951,68.00325719898338,68.41506958007812,17910400
2017-09-12,MSFT,68.41508520655754,68.85434346846245,68.05818525055321,68.34187316894531,14394900
2017-09-13,MSFT,68.57063869253163,68.84518027514152,68.2228920721906,68.82687377929688,13380800
2017-09-14,MSFT,68.63468473722057,69.08309605591033,68.19541968287463,68.42420196533203,15733900
2017-09-15,MSFT,68.47913777408634,68.99160802705617,67.78363744371046,68.91839599609375,38578400
2017-09-18,MSFT,68.8451714343636,69.52236507412145,68.67129465558031,68.78111267089844,23307000
2017-09-19,MSFT,68.82686310794647,69.28442768676426,68.64384006917192,69.03734588623047,16093300
2017-09-20,MSFT,68.95499524094804,69.13802530038254,68.00325987753726,68.57979583740234,21587900
2017-09-21,MSFT,68.73536091405303,68.85432520720853,67.82023163225963,67.9117431640625,19186100
2017-09-22,MSFT,67.71041273919793,68.18628386949996,67.5822951999356,68.09477233886719,14111400
2017-09-25,MSFT,67.80192566075445,67.94834969827652,66.73122606843339,67.04237365722656,24149200
2017-09-26,MSFT,67.41757303508264,67.54569057697324,66.79528483937868,67.04237365722656,18019600
2017-09-27,MSFT,67.30775607600098,67.8751317168504,66.9600025083766,67.58229064941406,19565100
2017-09-28,MSFT,67.29861445904714,67.69212036596898,67.08813163269606,67.6006088256836,10883800
2017-09-29,MSFT,67.66463675812945,68.21371273143643,67.6097242734829,68.16795349121094,17079100
2017-10-02,MSFT,68.36930541287845,68.64384698056384,67.9941060510493,68.27779388427734,15304800
2017-10-03,MSFT,68.33269598612293,68.52487228113456,67.89343787806253,67.9574966430664,12190400
2017-10-04,MSFT,67.80192998971106,68.37846594691132,67.45418335121714,68.35101318359375,13317700
2017-10-05,MSFT,68.83603000977956,69.65964781141284,68.5980944266671,69.52237701416016,21195300
2017-10-06,MSFT,69.24782563139696,69.57727270548256,69.12886134759786,69.54981994628906,13959800
2017-10-09,MSFT,69.52236736643619,70.05314398515237,69.4217025945458,69.8152084350586,11386500
2017-10-10,MSFT,69.85181444137163,70.12634901589662,69.67793765685519,69.8152084350586,13944500
2017-10-11,MSFT,69.87928331158611,69.97079485752613,69.50407689678357,69.93418884277344,15388900
2017-10-12,MSFT,69.99824732266933,70.73035365081394,69.888436260766,70.57478332519531,16876500
2017-10-13,MSFT,71.0048797596542,71.2611218310481,70.73034515598457,70.91336822509766,15335700
2017-10-16,MSFT,70.84933157423092,71.20623155775523,70.7852727818518,71.059814453125,12380100
2017-10-17,MSFT,70.89507175906385,71.03234255774188,70.69374218525378,71.0048828125,16824000
2017-10-18,MSFT,71.07806834805383,71.24279184870495,70.8035338348888,71.02316284179688,13300700
2017-10-19,MSFT,70.98658188923139,71.31602900676953,70.78525231941555,71.2977294921875,15092800
2017-10-20,MSFT,71.672934070562,72.26776957479606,71.58142252726826,72.12134552001953,22866400
2017-10-23,MSFT,72.2860502133678,72.60634402219348,72.0755744169458,72.13963317871094,20627200
2017-10-24,MSFT,72.20368974325498,72.47822429308779,71.80103069190946,72.16708374023438,17517200
2017-10-25,MSFT,71.91085935915478,72.38672350519,71.38923595709136,71.95661163330078,20410800
2017-10-26,MSFT,72.4782518932067,72.6795814955469,72.0664464206991,72.07559967041016,32120700
2017-10-27,MSFT,77.20944512524447,78.884126081662,76.51394505031135,76.69696807861328,71066700
2017-10-30,MSFT,76.5963258214326,77.17286179553592,76.05640284200325,76.77020263671875,31756700
2017-10-31,MSFT,77.2003289105199,77.2003289105199,76.05641698022164,76.12047576904297,27086600
2017-11-01,MSFT,76.57804054116227,76.6512525803536,75.84593411301765,76.12047576904297,22307400
2017-11-02,MSFT,76.27605392903095,77.29184838573656,76.0655780221518,76.9166488647461,23992900
2017-11-03,MSFT,76.94405689019847,77.36501544103463,76.32176881898826,76.99896240234375,17633500
2017-11-06,MSFT,77.05389837755062,77.51146311134103,76.94408730984652,77.30098724365234,19860900
2017-11-07,MSFT,77.57549978403829,77.69447104931992,76.80679460167283,77.11793518066406,17939700
2017-11-08,MSFT,76.99897107735192,77.42908292263074,76.71528325679857,77.3833236694336,18034200
2017-11-09,MSFT,76.97153067910033,77.11794774545723,75.86422499634769,76.9532241821289,21178400
2017-11-10,MSFT,76.67869531901856,76.96238320641952,76.16622507548563,76.75190734863281,19397800
2017-11-13,MSFT,76.55974182296944,76.81597698093448,76.376711723077,76.80682373046875,14196900
2017-11-14,MSFT,76.41332477110456,76.96240115751392,75.93746043138579,76.9166488647461,18801300
2017-11-15,MSFT,76.76944992426284,76.97179055501698,76.05206551845832,76.31878662109375,19383100
2017-11-16,MSFT,76.42914706628461,76.72345878934082,76.281994713229,76.5211181640625,20962800
2017-11-17,MSFT,76.44757324452247,76.44757324452247,75.63821044963117,75.78536987304688,22079000
2017-11-20,MSFT,75.78534549620568,75.96008848412022,75.64738533536611,75.9049072265625,16315000
2017-11-21,MSFT,76.09806346615169,77.10975981444216,76.09806346615169,76.99939727783203,21237500
2017-11-22,MSFT,77.10055769443436,77.16493817148915,76.37397401513272,76.4383544921875,20553100
2017-11-24,MSFT,76.34641597530455,76.7326990025299,76.13487602213903,76.57634735107422,7425600
2017-11-27,MSFT,76.6223087051093,77.23852995848891,76.61311650476624,77.13735961914062,18265200
2017-11-28,MSFT,77.32128623140972,78.23181208451877,77.27529717120458,78.0662612915039,21926000
2017-11-29,MSFT,77.9099285178625,78.10306998683792,76.50274994607939,76.64990234375,27381100
2017-11-30,MSFT,76.8062540547387,77.73517146225336,76.64989543656063,77.41326904296875,33054600
2017-12-01,MSFT,76.88901839871924,78.00188494855837,76.53952538026468,77.49604034423828,29532100
2017-12-04,MSFT,77.64321421292556,77.65241343139007,74.22183470669327,74.57133483886719,39094900
2017-12-05,MSFT,74.8104434587519,76.04287886006003,74.47934884650778,75.04037475585938,26152300
2017-12-06,MSFT,75.00359901844058,76.46595883824645,74.89322945928755,76.13485717773438,26162100
2017-12-07,MSFT,75.9141149799614,76.15324548451561,75.41746255524698,75.86812591552734,23184500
2017-12-08,MSFT,76.91662295730858,77.7903661870779,76.64070958233962,77.40408325195312,24489100
2017-12-11,MSFT,77.52363209621443,78.516936921277,77.3672805080877,78.38817596435547,22857900
2017-12-12,MSFT,78.46176848904726,79.14237031001652,78.25023558500227,78.71009826660156,23924100
2017-12-13,MSFT,78.85722738057987,79.09635786911498,78.33298435910194,78.49853515625,22062700
2017-12-14,MSFT,78.57211221936015,78.97679349150653,77.74435826130862,77.89151763916016,19306000
2017-12-15,MSFT,78.41577591785993,80.09886777398113,78.06627583585541,79.87813568115234,53936700
2017-12-18,MSFT,80.12644814051872,80.47594113018381,79.30789341495017,79.44584655761719,22283800
2017-12-19,MSFT,79.41829475631289,79.41829475631289,78.42498954181697,78.9400405883789,23524800
2017-12-20,MSFT,79.28028997214088,79.37226808311996,77.90990172527762,78.65487670898438,23674900
2017-12-21,MSFT,79.14235679712147,79.18833884726175,78.54453400972609,78.63650512695312,17990700
2017-12-22,MSFT,78.5445434599462,78.75607635332464,78.10307222041506,78.64571380615234,14145800
2017-12-26,MSFT,78.46176148116625,78.66410216570932,78.20423952518307,78.54454040527344,9891200
2017-12-27,MSFT,78.77447723300271,79.07798828103711,78.37899505382238,78.82965850830078,14678000
2017-12-28,MSFT,79.00440275937808,79.0319933949981,78.68250031556613,78.83885192871094,10594300
2017-12-29,MSFT,78.75606596684595,79.14235588184638,78.63650421752818,78.67329406738281,18717400
2018-01-02,MSFT,79.21594299691317,79.38149384294742,78.63651854426709,79.0503921508789,22483800
2018-01-03,MSFT,79.15152234618881,79.5654027597741,79.0687504736382,79.41824340820312,26061400
2018-01-04,MSFT,79.63901033797488,80.62312314498602,79.62061891943647,80.11727142333984,21912000
2018-01-05,MSFT,80.62311196696939,81.31290584615176,80.41157208989713,81.11056518554688,23407100
2018-01-08,MSFT,81.11977203447118,81.46927215388531,80.56793823485897,81.19335174560547,22113000
2018-01-09,MSFT,81.53364283413168,81.60722253641049,80.80705906225842,81.1381607055664,19484300
2018-01-10,MSFT,80.8070687862306,81.11057983194388,80.39319519076517,80.77027893066406,18652200
2018-01-11,MSFT,81.05538146509458,81.05538146509458,80.23682657708956,81.0093994140625,17808900
2018-01-12,MSFT,81.55202685617006,82.5729223276381,81.34968620172472,82.4073715209961,24271500
2018-01-16,MSFT,82.86721672415644,83.50182918609373,80.94499494371523,81.25769805908203,36599700
2018-01-17,MSFT,81.92912336927127,83.03279081420175,81.62561236598411,82.9040298461914,25621200
2018-01-18,MSFT,82.59130473799695,83.39146096742144,82.46254380413681,82.86721801757812,24159700
2018-01-19,MSFT,82.90401423966978,83.33628612959292,82.46255015158094,82.77525329589844,36875000
2018-01-22,MSFT,82.77525407857385,84.26521117808846,82.53612360204664,84.25601196289062,23601600
2018-01-23,MSFT,84.52274322509766,84.89063469082292,84.19164160763953,84.52274322509766,23412800
2018-01-24,MSFT,85.12056780989315,85.92992343833319,84.22843326683576,84.44916534423828,33277500
2018-01-25,MSFT,85.04699675512492,85.75518212486476,84.55034426778468,84.9182357788086,26383200
2018-01-26,MSFT,85.644809132381,86.50934600830078,85.1481567056461,86.50934600830078,29172200
2018-01-29,MSFT,87.50265052657227,87.7877630786822,86.19664249290906,86.38058471679688,31569900
2018-01-30,MSFT,85.81036952037297,86.14147117515738,84.70669499877599,85.29531860351562,38635100
2018-01-31,MSFT,86.22423152180521,87.74177939997817,86.00349945385425,87.38308715820312,48756300
2018-02-01,MSFT,87.18075923993204,88.35800646355781,86.06789250456873,86.69330596923828,47227900
2018-02-02,MSFT,86.12308137824279,86.4265924283938,84.1548696868141,84.41239166259766,47867800
2018-02-05,MSFT,83.29030806286028,85.7551717669723,80.9358139038086,80.9358139038086,51031500
2018-02-06,MSFT,79.9149152254343,84.13645718085638,78.40656658791396,83.99849700927734,67998600
2018-02-07,MSFT,83.22593589396033,84.4031830910537,82.03948947962336,82.41658020019531,41107600
2018-02-08,MSFT,82.50855828299028,82.66490990458844,77.95592071892018,78.18585205078125,55628700
2018-02-09,MSFT,79.37224604343307,81.79111952790616,77.10052486516557,81.10132598876953,63499100
2018-02-12,MSFT,81.6164130157809,82.57292807439941,80.87143784251744,81.97510528564453,35720300
2018-02-13,MSFT,81.79117281234417,82.77527862194945,80.75188572908073,82.61892700195312,26407700
2018-02-14,MSFT,81.78728165325253,84.07891089482584,81.69487849914066,83.91258239746094,34960900
2018-02-15,MSFT,84.28221495701733,85.67752606225554,83.73703132942077,85.62208557128906,27823900
2018-02-16,MSFT,85.4280171224445,86.39826787036398,84.82739309268452,85.01219940185547,30596900
2018-02-20,MSFT,84.53168344481469,85.99166994239121,84.09738094209028,85.67749786376953,30911700
2018-02-21,MSFT,85.91775699614882,86.26889176168585,84.54092407226562,84.54092407226562,26922500
2018-02-22,MSFT,85.05839724126503,85.68674850866587,84.42080354422218,84.76270294189453,24392800
2018-02-23,MSFT,86.49067317581166,86.92497576806338,85.34485852065814,86.91573333740234,26329200
2018-02-26,MSFT,87.22989341350915,88.2001369230107,87.0912851836068,88.17241668701172,30199800
2018-02-27,MSFT,88.4680974806136,88.56050060317314,87.0450668334961,87.0450668334961,25869100
2018-02-28,MSFT,87.6364947750868,88.440417108482,86.51840027341207,86.64776611328125,31167300
2018-03-01,MSFT,86.851041702564,87.38698982854977,84.86434230445002,85.7976303100586,37135600
2018-03-02,MSFT,84.62408911229147,86.07484027438659,83.95877522013691,85.98243713378906,32830400
2018-03-05,MSFT,85.32634893764076,87.10975684342608,85.25243066349587,86.5276107788086,23901600
2018-03-06,MSFT,87.17447241278659,87.31308068485788,85.88081400654676,86.23194885253906,22175800
2018-03-07,MSFT,86.08411251437336,86.80486713050243,85.40955595958759,86.73094177246094,26716100
2018-03-08,MSFT,87.10977109284765,87.87673059305398,86.64774831680646,87.25762176513672,25887800
2018-03-09,MSFT,88.05229483198872,89.20735168457031,87.78432079620089,89.20735168457031,36937300
2018-03-12,MSFT,89.17038692629052,89.82645835716865,88.74532686050642,89.41987609863281,26073700
2018-03-13,MSFT,89.63241011278994,89.85417905043514,86.83255348158178,87.2391357421875,35387800
2018-03-14,MSFT,87.8951983703415,88.16317237435584,86.39824232892211,86.7216567993164,32132000
2018-03-15,MSFT,86.42599545620382,87.39624628657492,85.77916626922935,87.02662658691406,27611000
2018-03-16,MSFT,87.48862870152365,88.13545773510587,86.78635214370031,87.41470336914062,49081300
2018-03-19,MSFT,86.6200397712735,86.76789046352128,85.11384785602169,85.83460235595703,33344100
2018-03-20,MSFT,85.9824552980424,86.64776228083888,85.93625019302868,86.0563735961914,23075200
2018-03-21,MSFT,85.87155192407741,86.90648546214253,85.20623801031468,85.45573425292969,24457100
2018-03-22,MSFT,84.33761489046275,84.78115975462562,82.84990838231731,82.97003173828125,38604700
2018-03-23,MSFT,82.70208955971007,83.58917257938937,80.46590067364919,80.55830383300781,44068900
2018-03-26,MSFT,83.72775999513816,86.8602735517899,83.53371129383049,86.656982421875,56396800
2018-03-27,MSFT,87.72886852983424,87.91367478144073,81.78725659689059,82.6743392944336,56569000
2018-03-28,MSFT,82.99778089477907,84.30068865926589,82.11994033778943,82.6004409790039,52501100
2018-03-29,MSFT,83.33044007267993,85.28017703008963,81.6856398829961,84.337646484375,45867500
2018-04-02,MSFT,83.59841743213669,83.9772725114552,80.86324294641045,81.79652404785156,48515400
2018-04-03,MSFT,82.7760100277572,83.21031260604194,81.21437064198659,82.89613342285156,37213800
2018-04-04,MSFT,81.17741095527258,85.7144785932232,81.06652998646499,85.317138671875,35560000
2018-04-05,MSFT,85.41878218873008,86.00092841058158,84.45777386621495,85.36333465576172,29771900
2018-04-06,MSFT,84.54093273801065,85.43725812734291,82.68360609713334,83.37664031982422,38026000
2018-04-09,MSFT,84.12511424676845,86.09332888305069,83.73701677762692,83.87561798095703,31533900
2018-04-10,MSFT,85.37255996701592,86.19495986706269,84.67952586810632,85.8253402709961,26812000
2018-04-11,MSFT,85.02142072241773,86.2041977272226,84.5316777797945,84.8828125,24872100
2018-04-12,MSFT,85.4095219121202,87.00812365543088,85.4095219121202,86.47217559814453,26758900
2018-04-13,MSFT,86.90648767404167,87.02661105878639,85.41877375954326,86.01016235351562,23346100
2018-04-16,MSFT,86.92496898167836,87.47015954957152,86.32433793396532,87.01737213134766,20288100
2018-04-17,MSFT,87.78435774784593,89.20738923522133,87.67346970535455,88.77308654785156,26771000
2018-04-18,MSFT,88.91166094528484,89.37368370467632,88.26482485219204,89.11495208740234,21043300
2018-04-19,MSFT,89.11495717737064,89.69710334948749,88.0985014087263,88.81002044677734,23552500
2018-04-20,MSFT,88.62519405055545,88.81000030298692,86.9064691132976,87.78430938720703,31154400
2018-04-23,MSFT,88.4681195122334,88.97634738773681,87.44242838160518,88.10774230957031,22331800
2018-04-24,MSFT,88.9301365767113,89.14267014278806,85.39104768433849,86.047119140625,34524800
2018-04-25,MSFT,86.21343979493052,86.21343979493052,83.42281870159779,85.29862976074219,33729300
2018-04-26,MSFT,86.44446863164036,87.92294018049013,86.02864388202394,87.10054016113281,42529000
2018-04-27,MSFT,90.18685333906953,90.46406985190922,86.77712971063046,88.54205322265625,48272800
2018-04-30,MSFT,89.01332903486617,89.0780119555481,86.07486325976916,86.41675567626953,41523600
2018-05-01,MSFT,86.13026734329085,88.0522833881673,85.7421699832408,87.78430938720703,31408900
2018-05-02,MSFT,87.7750924347834,87.9414209302083,86.11181453044328,86.40750885009766,27471000
2018-05-03,MSFT,85.89928885551234,87.7196600427917,85.42802356669516,86.92498016357422,31142500
2018-05-04,MSFT,86.23193474917386,88.12623104121072,85.86231510073881,87.93218231201172,22531300
2018-05-07,MSFT,87.94139355236129,89.36442422577764,87.87671066038358,88.9116439819336,24242000
2018-05-08,MSFT,88.56976906635501,88.8562279953753,87.83977219870397,88.53280639648438,23484600
2018-05-09,MSFT,88.71762547745155,89.60470846193158,87.83054249297152,89.57698822021484,27327400
2018-05-10,MSFT,90.05746482524356,90.51024510223311,89.67860987304206,90.4732894897461,22388100
2018-05-11,MSFT,90.37166129732981,90.4363442064727,89.66938467670109,90.27925109863281,16778300
2018-05-14,MSFT,90.48255240800229,91.1940715383144,89.91888397226744,90.58419799804688,19454100
2018-05-15,MSFT,89.85420575236307,90.41787421755971,89.02256317667052,89.92813110351562,24594000
2018-05-16,MSFT,90.35502317308286,90.39214605339058,89.66826758855363,90.1601333618164,17384700
2018-05-17,MSFT,89.7982046786783,90.52208322855478,88.93511708141027,89.25993347167969,17246700
2018-05-18,MSFT,89.10215508696385,89.95596008337219,89.10215508696385,89.42697143554688,17865800
2018-05-21,MSFT,90.02092971209119,90.95826302461352,89.83532237992272,90.5777587890625,19422500
2018-05-22,MSFT,90.65200426458883,91.10674718327533,90.206536756155,90.48495483398438,15441200
2018-05-23,MSFT,89.75178965921067,91.62645619099568,89.38985042316152,91.56149291992188,21251200
2018-05-24,MSFT,91.62645050106227,91.82134030218118,89.84458774139709,91.23666381835938,26649300
2018-05-25,MSFT,91.22737739589617,91.85845209115261,90.81903286353489,91.2830581665039,18363900
2018-05-29,MSFT,90.80047795147368,91.76565153829323,90.23437353312659,90.958251953125,28671000
2018-05-30,MSFT,91.23667547247113,92.10904552454846,90.86546080223616,91.83062744140625,22158500
2018-05-31,MSFT,92.14618095354672,92.79581379537267,91.51510601557283,91.72855377197266,34140900
2018-06-01,MSFT,92.13687235656568,93.60319416177286,92.03478621313576,93.5382308959961,28655600
2018-06-04,MSFT,93.97439950648473,94.531228413465,93.5938953870956,94.35489654541016,27281600
2018-06-05,MSFT,94.66118486084474,94.96744333470636,94.22499983694473,94.83751678466797,23514400
2018-06-06,MSFT,95.10665323943388,95.21801480878345,94.56838205269096,95.11592864990234,21122900
2018-06-07,MSFT,95.26439578032368,95.30151865408624,93.15771694719939,93.62174224853516,28232200
2018-06-08,MSFT,93.81662378056511,94.61474779515831,93.3062002422318,94.3177719116211,22165100
2018-06-11,MSFT,93.74241050567741,94.280674572533,93.42686956120919,93.77953338623047,23490900
2018-06-12,MSFT,93.82591557976765,94.15073187829944,93.50109928123587,94.02080535888672,18325200
2018-06-13,MSFT,94.40131686264355,94.67045241109635,93.32477466883235,93.59391021728516,29492900
2018-06-14,MSFT,94.33634140319307,94.68899806913112,93.73310711949955,94.12288665771484,25691800
2018-06-15,MSFT,94.20642706287195,94.22498496117649,92.87003181007078,92.92571258544922,65738600
2018-06-18,MSFT,92.81434593781208,93.8352002196575,92.26679238162184,93.60318756103516,23586000
2018-06-19,MSFT,92.48024714295875,93.73311408342651,92.34103813169246,93.60318756103516,28653100
2018-06-20,MSFT,94.07649440187197,95.14374695621252,93.84448174563022,94.54051971435547,26180800
2018-06-21,MSFT,94.73540693904744,95.08806361804957,93.62174197086608,93.863037109375,23198200
2018-06-22,MSFT,93.1855697631836,93.51966148530039,92.46168430394751,93.1855697631836,38923100
2018-06-25,MSFT,92.8050521030501,92.90713822680054,90.29931852845317,91.3108901977539,35433300
2018-06-26,MSFT,91.70996065810147,92.87930640491058,91.64499739886008,91.95125579833984,26897200
2018-06-27,MSFT,92.41529623547164,92.8236337545161,90.39214529861948,90.5220718383789,31298400
2018-06-28,MSFT,90.37359722348836,91.97912845150769,90.26223564312944,91.53366088867188,26650700
2018-06-29,MSFT,91.81205161006476,92.72154436764353,91.2552226329897,91.51507568359375,28053200
2018-07-02,MSFT,91.04178116317922,92.86075986352716,90.94897750019052,92.81436157226562,19564500
2018-07-03,MSFT,93.25052879877232,93.38973072648396,91.8213300037306,91.92341613769531,14670300
2018-07-05,MSFT,92.3410488795933,92.7308284921352,91.90486389773987,92.58234405517578,18977400
2018-07-06,MSFT,92.70297123270919,94.13216996574344,92.49879897363802,93.88159942626953,19234600
2018-07-09,MSFT,94.33634248501556,94.89317141463209,93.96512083844988,94.5219497680664,18212000
2018-07-10,MSFT,94.66118384262828,95.13449174437186,94.53125729398744,94.77255249023438,19293100
2018-07-11,MSFT,93.8723249018119,94.97670036339856,93.82591953700832,94.64260864257812,19644600
2018-07-12,MSFT,95.37576615659646,96.89777580000118,95.33865035985974,96.693603515625,24335900
2018-07-13,MSFT,96.86063668168973,98.00213487226148,96.60077658485082,97.84436798095703,24635200
2018-07-16,MSFT,97.81656699746755,98.20634667903013,96.99987766794612,97.36182403564453,21786900
2018-07-17,MSFT,97.08340343563701,98.83741903804386,96.81426782991501,98.32698822021484,25901700
2018-07-18,MSFT,98.31769533634706,98.41978148177016,97.18547232744726,97.55669403076172,29493900
2018-07-19,MSFT,97.3803698148374,97.73302656656561,96.41519614222446,96.88850402832031,40171600
2018-07-20,MSFT,100.3037237656363,100.4150853208148,98.4476223210337,98.62394714355469,56004000
2018-07-23,MSFT,98.65179426657437,100.35940419099228,98.4940202631834,100.2016372680664,29707000
2018-07-24,MSFT,100.758462873596,100.9904755455054,99.54271873853949,99.9139404296875,26316600
2018-07-25,MSFT,100.19235729888571,103.15284143286216,99.8582584651877,102.85586547851562,30702100
2018-07-26,MSFT,102.77233771997624,103.01363289667893,101.62155677645353,101.73292541503906,31372100
2018-07-27,MSFT,102.2526451813126,102.2526451813126,98.50331881533518,99.9325180053711,37005300
2018-07-30,MSFT,99.47777141622036,99.7933053019624,97.22260760062328,97.7887191772461,34668300
2018-07-31,MSFT,98.82812132813208,99.0415761137542,97.79798444021083,98.44762420654297,27655200
2018-08-01,MSFT,98.40121181883418,98.79099140255309,97.83510034132898,98.63322448730469,23628700
2018-08-02,MSFT,97.81651559061683,100.31296640331645,97.29680254119877,99.83038330078125,26104300
2018-08-03,MSFT,100.04387898262432,100.27589168241661,99.13438608403362,100.26660919189453,18659600
2018-08-06,MSFT,100.3408375065956,100.6192484496533,99.82112433471853,100.35011291503906,20265900
2018-08-07,MSFT,100.74919710957667,101.25034541375246,100.38725784774961,101.04617309570312,16080200
2018-08-08,MSFT,101.4637897324434,101.85356934634783,100.93480109058304,101.61227416992188,15487500
2018-08-09,MSFT,101.8164426412747,102.23406970945088,101.7143564966404,101.7793197631836,13677200
2018-08-10,MSFT,101.54732667150856,101.7979043768377,100.58215289637596,101.15754699707031,18183700
2018-08-13,MSFT,101.38026094215842,101.6958018758714,100.3222836640868,100.42436981201172,18472500
2018-08-14,MSFT,100.74918014948531,101.85356273095005,100.26659690844251,101.67723083496094,16788300
2018-08-15,MSFT,101.07168765776001,101.53749874471697,99.51588033317493,100.29844665527344,29982800
2018-08-16,MSFT,100.89469742985864,101.41640364078805,99.96307513450523,100.27982330322266,21384300
2018-08-17,MSFT,100.01895708475672,100.52203391121728,99.39477193455521,100.22391510009766,18061500
2018-08-20,MSFT,100.1586994611514,100.52203153148596,99.19912978269278,99.56246185302734,17914200
2018-08-21,MSFT,99.60904216287804,100.0096399861274,98.61220671075242,98.73332214355469,22881900
2018-08-22,MSFT,98.61218678591904,100.00030156882652,98.54697353055323,99.73944854736328,18000600
2018-08-23,MSFT,99.82330750227504,100.78287710944753,99.56245445656357,100.20526885986328,18167700
2018-08-24,MSFT,100.30775905140142,101.13690222824692,100.20528004233392,100.98784637451172,17234000
2018-08-27,MSFT,101.79834455386565,102.14304729239936,101.09031686975536,102.10578155517578,19662300
2018-08-28,MSFT,102.42253855335933,102.94424466815975,102.28279381326271,102.72065734863281,19151500
2018-08-29,MSFT,102.89763678822278,104.36960110717861,102.7299445606492,104.36028289794922,20818000
2018-08-30,MSFT,104.0342518953662,104.90997905910777,103.8199827644806,104.29510498046875,22798700
2018-08-31,MSFT,104.0528713302066,105.06833597536524,103.8944901763578,104.64910888671875,23222700
2018-09-04,MSFT,103.27029197925336,104.30439291480651,102.68337270814673,104.07148742675781,22634600
2018-09-05,MSFT,103.41936979962729,103.80133115903418,100.7083461165484,101.0716781616211,32872400
2018-09-06,MSFT,100.8480878698027,101.53748620318743,100.15868953641798,101.30458068847656,23477600
2018-09-07,MSFT,100.82947321619756,101.28596610124356,99.8978510219002,100.81083679199219,22498600
2018-09-10,MSFT,101.39774869993062,102.14304924321148,100.9505740601323,101.90082550048828,20727900
2018-09-11,MSFT,101.45365172408125,103.95971042907189,101.44433351258995,103.6336441040039,24301800
2018-09-12,MSFT,103.81063441737709,104.20191393144817,102.9535439272086,104.07148742675781,18891100
2018-09-13,MSFT,104.4534859762806,105.95339832069308,104.4534859762806,105.18946838378906,26055600
2018-09-14,MSFT,105.60868563371923,105.95338838192852,104.75159497665663,105.61800384521484,19122300
2018-09-17,MSFT,105.91611636881855,105.92542747204973,104.21124625947861,104.47209930419922,20736500
2018-09-18,MSFT,104.51869684805547,105.9254412519041,104.08083327700739,105.46894836425781,22170900
2018-09-19,MSFT,105.31989817694219,105.57143305697976,103.44733546479162,104.06220245361328,21728400
2018-09-20,MSFT,104.60250530260807,106.01857456426359,104.27643906068442,105.8042984008789,23714500
2018-09-21,MSFT,106.20491981757561,107.40671318422632,105.7484269769403,106.4471435546875,71229700
2018-09-24,MSFT,105.3012569697046,107.04339305639414,104.5466452561465,106.82911682128906,27334500
2018-09-25,MSFT,106.95023423139527,107.22971663415822,105.97202805244117,106.62416076660156,22668000
2018-09-26,MSFT,106.64275676494954,107.19241025741846,105.96266967138021,106.18626403808594,19352000
2018-09-27,MSFT,106.93159446712514,107.05270990148215,106.39125188785934,106.58689880371094,19091300
2018-09-28,MSFT,106.38191408582011,106.73592787250604,105.90678489517232,106.54960632324219,21647800
2018-10-01,MSFT,106.90364596428724,107.77005488255469,106.88501664793999,107.70484161376953,18883100
2018-10-02,MSFT,107.41604327549676,107.91911301232653,106.61484760911843,107.27629852294922,20787200
2018-10-03,MSFT,107.52782741372722,108.23586224161757,107.07133454798152,107.294921875,16648000
2018-10-04,MSFT,106.77322708343813,106.91297184305978,103.9969896395432,105.07767486572266,34821700
2018-10-05,MSFT,104.92860252822581,105.43167935333447,103.07467639867372,104.4627914428711,29068900
2018-10-08,MSFT,104.02494356070186,104.36963924331741,101.86357312323906,103.27032470703125,29640600
2018-10-09,MSFT,103.54050378559499,105.3478533557912,103.22375560938679,104.58392333984375,26198600
2018-10-10,MSFT,103.63364361843985,103.8758673620895,98.55630585952149,98.90100860595703,61376300
2018-10-11,MSFT,98.14639283783346,101.48160186640472,97.07502593552881,98.66810607910156,63904300
2018-10-12,MSFT,101.55612138151517,103.63363456698596,99.7953562804719,102.07782745361328,47742100
2018-10-15,MSFT,101.46299142653368,101.99401587061051,99.63700540396373,100.24256134033203,32068100
2018-10-16,MSFT,102.04987454451863,103.7920102400785,101.5002138695233,103.41004180908203,31610200
2018-10-17,MSFT,104.04354415773784,104.16465245769682,102.05919187723751,103.1398696899414,26548200
2018-10-18,MSFT,102.571595270802,102.97219307171095,100.45681615939797,101.08100128173828,32506200
2018-10-19,MSFT,101.4815992406276,103.279630241779,100.81083016757651,101.23006439208984,32785500
2018-10-22,MSFT,101.8449350593027,102.98151524080322,100.83878141262555,102.13373565673828,26545600
2018-10-23,MSFT,100.40090651947149,101.51885725877861,97.92279552994174,100.70834350585938,43770400
2018-10-24,MSFT,100.99716854059726,101.0716929165259,94.64349816051799,95.3235855102539,63897800
2018-10-25,MSFT,99.26433002842724,101.79833597671153,98.89167979530212,100.89466857910156,61646800
2018-10-26,MSFT,98.46313676373249,101.3138979629816,97.59672797270609,99.64629364013672,55523100
2018-10-29,MSFT,100.7176748969787,101.26732857392436,94.68076001629859,96.74896240234375,55162000
2018-10-30,MSFT,96.57196324223918,97.24272527366979,93.26470150084772,96.63717651367188,65350900
2018-10-31,MSFT,98.23024346077084,100.74562046596917,98.18365950938407,99.50656127929688,51062400
2018-11-01,MSFT,99.73015149238981,99.98168633917005,98.31408187968445,98.67741394042969,33384200
2018-11-02,MSFT,99.19912740286708,99.98168657936364,97.80169420965511,98.90100860595703,37680200
2018-11-05,MSFT,99.09665035645342,100.37296814918133,98.65878681003531,100.15869903564453,27922100
2018-11-06,MSFT,100.03756916050621,101.39773644606235,99.0127863681241,100.35432434082031,24340200
2018-11-07,MSFT,101.95673565881414,104.5652735494874,101.91946991795567,104.3044204711914,37901700
2018-11-08,MSFT,104.15536385989004,104.5373252624202,103.32622067801555,104.10877990722656,25644100
2018-11-09,MSFT,103.27030253710161,103.82927434402275,101.32321586965536,102.07782745361328,32039200
2018-11-12,MSFT,101.93809407385237,102.44117088840322,98.84510881631647,99.56246185302734,33621800
2018-11-13,MSFT,100.19596801426506,101.3045935720355,99.34818842119805,99.62767791748047,35374600
2018-11-14,MSFT,101.14342346177466,101.29313038481442,97.74702795252378,98.21485137939453,39495100
2018-11-15,MSFT,98.23355810093122,100.86273053177877,97.22306495571645,100.37619018554688,38505200
2018-11-16,MSFT,100.189050597778,101.87321037890553,99.92707066327492,101.32118225097656,33502100
2018-11-19,MSFT,101.30246433882107,101.57380273647784,96.88621794288454,97.88735961914062,44773900
2018-11-20,MSFT,95.24884662815442,96.34355166556425,92.95650769634763,95.16463470458984,64052500
2018-11-21,MSFT,96.93302096829963,97.7096096370094,95.6605405665452,96.47455596923828,28130600
2018-11-23,MSFT,95.59501982962291,97.12947981771816,95.43596160683177,96.43710327148438,13823100
2018-11-26,MSFT,98.04642972961533,99.76801642748327,97.84994475682075,99.61831665039062,32336200
2018-11-27,MSFT,99.4311933637874,100.42298393631827,98.57975839298322,100.24520874023438,29124500
2018-11-28,MSFT,100.94694307721191,104.16557068498466,100.9188748124682,103.96908569335938,46788500
2018-11-29,MSFT,103.22990507076314,103.96906684147154,102.0135614706773,103.09891510009766,28123200
2018-11-30,MSFT,103.57610816790687,103.82873682645403,102.32234475811336,103.7538833618164,33665600
2018-12-03,MSFT,105.72808228502042,106.1210522050718,103.60416731276514,104.87664031982422,34732800
2018-12-04,MSFT,104.73630983861113,105.391259773024,101.24634397501964,101.53639221191406,45197000
2018-12-06,MSFT,99.0101369834713,102.21004709655985,98.24290694808015,102.16326904296875,49107400
2018-12-07,MSFT,101.40540937707884,102.4065512836734,97.58797541545907,98.07450866699219,45044900
2018-12-10,MSFT,98.05580342203784,101.03116101484572,97.20436126930181,100.66625213623047,40801500
2018-12-11,MSFT,102.73403727708377,103.81002555163923,100.52590991880392,101.60189819335938,42381900
2018-12-12,MSFT,103.75386683245786,104.10941002521496,102.02292178438594,102.06034851074219,36183000
2018-12-13,MSFT,102.52816329327518,103.73514834808086,101.63929467822015,102.40652465820312,31333400
2018-12-14,MSFT,101.28376388480744,102.22876913089628,98.71073524108253,99.20662689208984,47043100
2018-12-17,MSFT,98.62652578689186,98.9914274425576,95.16462858349503,96.26869201660156,56957300
2018-12-18,MSFT,97.07333903085777,97.78443247697321,95.92249052120276,97.27918243408203,49319200
2018-12-19,MSFT,96.97980806753063,100.0019437270026,94.82781722111935,97.0172348022461,68198200
2018-12-20,MSFT,96.41842870710232,97.5973388180286,92.42321191592461,94.97753143310547,70334200
2018-12-21,MSFT,95.08980155597557,96.37164050927973,91.18815529906341,91.90860748291016,111242100
2018-12-24,MSFT,91.39398257104341,91.66532100814912,87.93209215802052,88.07243347167969,43935200
2018-12-26,MSFT,89.01744166827825,94.21028459541802,87.91337808820255,94.0886459350586,51634800
2018-12-27,MSFT,92.90974844544903,94.67812067563679,90.19637076186136,94.66876220703125,49498500
2018-12-28,MSFT,95.5201851348932,95.81959898493123,93.11557297452313,93.9295883178711,38196300
2018-12-31,MSFT,94.77165805845591,95.81022649895426,93.97635976630964,95.03363800048828,33173800
2019-01-02,MSFT,93.14362960626289,95.20204944152336,92.57288456187912,94.61259460449219,35329300
2019-01-03,MSFT,93.65824740070678,93.74245932841443,90.94487013283985,91.13200378417969,42579100
2019-01-04,MSFT,93.30268233128442,95.91313726448587,92.56352064295133,95.3704605102539,44060600
2019-01-07,MSFT,95.09914125882105,96.62424299027653,94.48161807579945,95.49211120605469,35656100
2019-01-08,MSFT,96.40903195767271,97.27918363028228,95.16462019627305,96.18447875976562,31514400
2019-01-09,MSFT,97.17626406418891,98.13062053009219,96.59616055688764,97.55987548828125,32280800
2019-01-10,MSFT,96.57744787243936,97.07333945231404,95.79150097839057,96.93299102783203,30067600
2019-01-11,MSFT,96.54938038327118,96.7832920464628,95.09912521611608,96.18447875976562,28314200
2019-01-14,MSFT,95.34240912247922,96.24998764896328,94.7435957492478,95.48275756835938,28437100
2019-01-15,MSFT,95.91315653355343,98.28970028859682,95.32369447440924,98.25227355957031,31587600
2019-01-16,MSFT,98.48617666816745,99.4218233969287,98.20547979417185,98.59844970703125,29853900
2019-01-17,MSFT,98.24292826967393,99.76803020536256,98.01837500381502,99.29085540771484,28393000
2019-01-18,MSFT,100.54459935879218,100.95628621497116,99.09435117270229,100.77851104736328,37427600
2019-01-22,MSFT,99.88029214343463,100.20776708343436,98.11192032901778,98.879150390625,32371300
2019-01-23,MSFT,99.29085200221645,100.1516454405016,98.56104142097188,99.84288024902344,25874300
2019-01-24,MSFT,99.98319945272767,100.1141894098541,98.56101257761607,99.36566925048828,23164800
2019-01-25,MSFT,100.33874174313912,100.93755501013749,99.36566839966248,100.27324676513672,31225600
2019-01-28,MSFT,99.4218123259713,99.6276557255243,97.92477915433663,98.3177490234375,29476700
2019-01-29,MSFT,98.1306174700258,98.21482937997754,95.5950159209531,96.31546783447266,31490500
2019-01-30,MSFT,97.88734766597172,99.5340805053711,97.61600930144847,99.5340805053711,49471900
2019-01-31,MSFT,97.12015498445695,98.44877192271318,96.54005131327679,97.70960998535156,55636400
2019-02-01,MSFT,97.10141823108177,97.40082490449122,95.76344309775436,96.165771484375,35535700
2019-02-04,MSFT,96.24999323619645,98.99143876964271,96.15642284123234,98.93529510498047,31315100
2019-02-05,MSFT,99.23469936383167,100.36683115849648,99.14113610959186,100.32005310058594,27325400
2019-02-06,MSFT,100.11420541038703,100.11420541038703,98.73880350232167,99.20662689208984,20609800
2019-02-07,MSFT,98.42070573159653,98.79495880381461,97.5786220422663,98.49555206298828,29760700
2019-02-08,MSFT,97.67218505158596,98.97273374783201,97.55055351727927,98.86981201171875,21461100
2019-02-11,MSFT,99.36567577148396,99.72122608280394,98.21483433857392,98.47681427001953,18914100
2019-02-12,MSFT,99.30957151617714,100.2452185115347,98.6920482112196,100.01130676269531,25056600
2019-02-13,MSFT,100.58203813625909,100.8440181166995,99.8428762552056,99.93643951416016,18394900
2019-02-14,MSFT,99.4686098132421,100.3855468254245,98.86044509914963,100.02064514160156,21784700
2019-02-15,MSFT,100.96566614530893,101.33056788597995,100.45105746568585,101.2557144165039,26606900
2019-02-19,MSFT,100.85337248550329,101.667387796007,100.84401401846243,101.20891571044922,18038500
2019-02-20,MSFT,101.3498541439657,101.42502727453088,99.87461550891942,100.68270874023438,21607700
2019-02-21,MSFT,100.44779989225414,102.87207962984323,100.41961176001081,102.80630493164062,29063200
2019-02-22,MSFT,103.40768616347147,104.48826957682799,103.19156517945707,104.27215576171875,27763200
2019-02-25,MSFT,105.01447341104463,105.40912163672766,104.54465204649671,104.85472869873047,23750600
2019-02-26,MSFT,104.54466426942678,106.40515307597035,104.46009268608974,105.5782699584961,21536700
2019-02-27,MSFT,104.94869475986418,105.5782536441448,104.18757930306504,105.39971923828125,21487100
2019-02-28,MSFT,105.2775792823821,106.06687578663566,104.98629231089409,105.26818084716797,29083900
2019-03-01,MSFT,106.07627858436183,106.1984295715469,104.92991318388125,105.73800659179688,23501200
2019-03-04,MSFT,106.19842204516489,106.41454303522808,104.11242113072569,105.48429870605469,26608000
2019-03-05,MSFT,105.474875112204,105.60642449428823,104.51644287574702,104.95806884765625,19538300
2019-03-06,MSFT,105.11783325412598,105.86015186027751,104.70438816490108,105.00507354736328,17687000
2019-03-07,MSFT,104.67619873176305,104.8171465712415,103.23854654067372,103.72715759277344,25339000
2019-03-08,MSFT,102.5714113290994,104.02785336548449,102.23313934811453,103.83992767333984,22818400
2019-03-11,MSFT,104.29095100366997,106.13265000736642,104.28155973740459,106.0198974609375,26491600
2019-03-12,MSFT,106.01049757319262,107.10987789924404,105.85076002200336,106.76221466064453,26132700
2019-03-13,MSFT,107.24139524820896,108.05888679870873,106.91252180912397,107.58906555175781,35513800
2019-03-14,MSFT,107.62668244172852,108.24684293463953,107.42935832267023,107.67366027832031,30763400
2019-03-15,MSFT,108.37836781390135,110.17308851782413,107.67363590440567,108.91397094726562,54681100
2019-03-18,MSFT,109.15829934171816,110.51138723041065,109.04554679693075,110.47380065917969,31207600
2019-03-19,MSFT,110.96239571068507,111.29127636919853,109.92879024238336,110.54895782470703,37588700
2019-03-20,MSFT,110.30464500143547,111.58255951976362,109.66568774227139,110.42679595947266,28113300
2019-03-21,MSFT,110.06974312021117,113.52762847434744,110.0227581185816,112.9638442993164,29854400
2019-03-22,MSFT,112.28729773305633,112.371862131279,109.97577765254397,109.98517608642578,33624500
2019-03-25,MSFT,109.52475215046488,110.88723838338427,109.2992399070146,110.55836486816406,27067100
2019-03-26,MSFT,111.46043473154343,111.54499914490772,109.79726291298714,110.79328918457031,26097700
2019-03-27,MSFT,110.76506499686728,111.07514876949647,108.54750792960448,109.72206115722656,22733400
2019-03-28,MSFT,110.35165637457538,110.48320579741231,109.12071939102142,109.8724365234375,18334800
2019-03-29,MSFT,110.94361551120056,111.17852619087778,109.90061151992131,110.82146453857422,25399800
2019-04-01,MSFT,111.7704984898254,111.9208447658488,110.97180361293991,111.83627319335938,22789100
2019-04-02,MSFT,111.873851693975,112.26850705562119,111.36644380234803,111.99600982666016,18142300
2019-04-03,MSFT,112.62558159415842,113.1611776796846,111.95843609597003,112.72894287109375,22860700
2019-04-04,MSFT,112.8510723319045,112.97323045530311,111.23488594860194,112.1557388305664,20112800
2019-04-05,MSFT,112.18394906459247,112.97325271449385,112.16515936362343,112.65377044677734,15826200
2019-04-08,MSFT,112.57859313588389,112.77591724882525,111.47921286282273,112.69135284423828,15116200
2019-04-09,MSFT,111.46981246777851,112.32489077772428,111.42283463346922,112.08058166503906,17612000
2019-04-10,MSFT,112.53159185145759,113.08597750530753,112.32486934700385,112.93563842773438,16477200
2019-04-11,MSFT,113.26451615690944,113.55580305932575,112.68193518317291,113.06719207763672,14209100
2019-04-12,MSFT,113.35849333413681,113.67797557596433,113.10479296263375,113.6497802734375,19745100
2019-04-15,MSFT,113.64042074537325,114.24179166027518,113.29275027282718,113.74378204345703,15792600
2019-04-16,MSFT,114.29812057637399,114.30751900927952,112.85107017178767,113.48062896728516,14071800
2019-04-17,MSFT,113.92226341106083,114.49544595343816,113.26451647828547,114.42027282714844,19300900
2019-04-18,MSFT,114.81495020829745,116.06466962060502,113.97866873218486,115.9237289428711,27991000
2019-04-22,MSFT,115.2189919030442,116.5156962645373,115.17200689989167,116.2901840209961,15648700
2019-04-23,MSFT,116.60966465127403,118.00033908525297,116.35596426132996,117.86878967285156,24025500
2019-04-24,MSFT,118.19766478071544,118.2540410528095,117.00431444941829,117.4647445678711,31257000
2019-04-25,MSFT,122.20992139664241,123.44085098045554,121.05416494575493,121.35484313964844,38033900
2019-04-26,MSFT,121.87167461010536,122.64218862819722,121.23272435513243,122.05020904541016,23654900
2019-04-29,MSFT,122.05955985679685,122.32265862020905,121.54276793154186,121.93741607666016,16324200
2019-04-30,MSFT,121.97502798927064,122.81130949689336,121.58037973893519,122.71735382080078,24166500
2019-05-01,MSFT,122.65156904480835,122.76432158857914,119.99237829766501,120.16151428222656,26821700
2019-05-02,MSFT,120.2554874268302,120.27427712831305,117.94395985463353,118.59231567382812,27350200
2019-05-03,MSFT,119.67288314475454,121.61793588792014,119.56952188434808,121.11992645263672,24911100
2019-05-06,MSFT,118.76143338539762,120.80045620549538,118.49833459169527,120.41519927978516,24239800
2019-05-07,MSFT,118.82722863067283,119.503772599408,116.72243074820122,117.94396209716797,36017700
2019-05-08,MSFT,117.86877272757172,118.74264065226775,117.22041702472826,117.9345474243164,28419000
2019-05-09,MSFT,116.78820397554196,118.19766816954719,116.11166001539455,117.9251708984375,27235800
2019-05-10,MSFT,117.37078610606736,120.2085042202484,116.34657172172498,119.456787109375,30915100
2019-05-13,MSFT,116.6190452489835,117.97213290547487,115.61362794003622,115.90491485595703,33944900
2019-05-14,MSFT,116.39354397156978,118.28222063925863,116.23379926400752,117.2016372680664,25266300
2019-05-15,MSFT,117.19221642263173,119.50285997371107,116.66406377447252,118.85210418701172,24722700
2019-05-16,MSFT,119.54058368569899,122.02099645719915,119.26707773925698,121.5965805053711,30112200
2019-05-17,MSFT,121.0118470204102,123.0395657012684,120.64403042485117,120.78550720214844,25770500
2019-05-20,MSFT,119.323657671578,120.33279678540593,118.60689094084681,119.04072570800781,23706900
2019-05-21,MSFT,120.18189791421024,120.27620856617303,119.38024657936435,119.68204498291016,15293300
2019-05-22,MSFT,119.41798379648361,120.94584240922411,119.32366593998285,120.40825653076172,15396500
2019-05-23,MSFT,119.02188049632733,119.10676513735314,117.64492454736546,119.00302124023438,23603800
2019-05-24,MSFT,119.69148207026386,120.17246856943227,118.8049460832259,119.05958557128906,14123400
2019-05-28,MSFT,119.75748199587605,120.71946204303762,118.88037936665198,118.98412322998047,23128400
2019-05-29,MSFT,118.24849491112741,118.257928134776,116.98471636899103,117.83352661132812,22763100
2019-05-30,MSFT,118.13531483111679,118.60687523673867,117.68261367572585,118.57858276367188,16829600
2019-05-31,MSFT,117.16389906189409,117.53171559484292,116.30565568805305,116.64517974853516,26646800
2019-06-03,MSFT,116.80553005992216,117.29595699110146,112.24082804376893,113.02361297607422,37983600
2019-06-04,MSFT,114.38170556827066,116.26794743369845,113.7875419710199,116.15477752685547,29382600
2019-06-05,MSFT,117.84295396842124,118.71063066784006,117.14504651482567,118.67290496826172,24926100
2019-06-06,MSFT,119.24821643031544,120.69119034718373,118.45599108264857,120.54972076416016,21459000
2019-06-07,MSFT,121.84178969499521,124.72773730669587,120.96467978681957,123.92607879638672,33885600
2019-06-10,MSFT,124.86919512732202,126.45364564294155,124.49195254263658,125.05783081054688,26477100
2019-06-11,MSFT,126.26500400096751,126.60452802881751,123.81288442306416,124.58625030517578,23913700
2019-06-12,MSFT,123.92610212463775,124.46368803905241,123.27536067844657,124.01099395751953,17092500
2019-06-13,MSFT,124.47309777937402,125.43508516876228,124.07698871101026,124.79376983642578,17200800
2019-06-14,MSFT,124.73714843929096,126.18012207282777,124.15241816425488,124.91634368896484,17821700
2019-06-17,MSFT,125.0861142658648,126.12353849439019,124.99179643105288,125.2936019897461,14517800
2019-06-18,MSFT,126.55736267265772,127.54764223604573,125.97263247313755,127.4721908569336,25934500
2019-06-19,MSFT,127.32135864957077,128.19845443486423,126.19904214856224,127.97211456298828,23744400
2019-06-20,MSFT,129.6319301970747,129.82999186515318,128.00033550538453,129.16036987304688,33042600
2019-06-21,MSFT,128.81142849329675,129.8960115550832,128.69825861300737,129.1792449951172,36727900
2019-06-24,MSFT,129.20755840545763,130.52792185908748,129.20755840545763,129.9431915283203,20628800
2019-06-25,MSFT,129.44330381219302,129.7639613660044,125.18039462259324,125.840576171875,33327400
2019-06-26,MSFT,126.70830302100477,128.0192405413714,126.00096232172312,126.31217956542969,23657700
2019-06-27,MSFT,126.51023492157603,127.04782073357877,125.91606415902196,126.51966094970703,16557500
2019-06-28,MSFT,126.91575829872232,126.94405076818268,125.58595467056736,126.3404541015625,30043000
2019-07-01,MSFT,128.85859987141586,128.92461084434316,127.29301588520211,127.9626235961914,22613500
2019-07-02,MSFT,128.37763563629107,128.82090369112822,127.6420023518561,128.8114776611328,15237800
2019-07-03,MSFT,129.01892477473723,129.90546060493,128.5379239697836,129.64138793945312,13629300
2019-07-05,MSFT,128.20785412195087,129.51879156330088,128.00036637806392,129.26414489746094,18141100
2019-07-08,MSFT,128.64170098190075,129.30189720660832,127.67028748551462,129.16986083984375,16779700
2019-07-09,MSFT,128.26447642038622,129.17930508730254,128.07585506853357,128.6983184814453,19953100
2019-07-10,MSFT,129.33019849629915,130.6977211861397,129.22645460171066,130.00924682617188,24204400
2019-07-11,MSFT,130.33934799703096,131.30133565811994,130.02811627165252,130.52796936035156,22327900
2019-07-12,MSFT,130.9523214177587,131.21639407552817,130.1600890535697,130.9994659423828,18936800
2019-07-15,MSFT,131.50875920442434,131.60306264455315,130.58450490223115,130.9994659423828,16651500
2019-07-16,MSFT,131.05606105346814,131.14093846411384,128.75484420342866,129.28298950195312,22726100
2019-07-17,MSFT,129.86774472105847,130.0846584980588,128.47192982206073,128.5190887451172,20211000
2019-07-18,MSFT,127.84005755233603,128.84918956373735,127.01010644697065,128.6605682373047,30381800
2019-07-19,MSFT,132.24445469405325,132.66885635227752,128.6888837707502,128.84921264648438,48992400
2019-07-22,MSFT,129.59424046581816,131.27299444067646,129.5187890703222,130.55621337890625,25074900
2019-07-23,MSFT,131.81057756395577,132.02750574187212,130.17898236509546,131.3673095703125,18034600
2019-07-24,MSFT,130.99948597156595,132.73483934765318,130.95234143973366,132.71597290039062,20738300
2019-07-25,MSFT,132.44243473151045,132.61220394299596,131.39558455601656,132.21609497070312,18356900
2019-07-26,MSFT,132.38586137494275,133.62134731371992,132.31985040255805,133.30068969726562,19037600
2019-07-29,MSFT,133.45162986546342,133.4610558953359,131.44277740445477,133.00836181640625,16605900
2019-07-30,MSFT,132.16898841085703,133.18756091060058,131.84833069544305,132.36705017089844,16846500
2019-07-31,MSFT,132.34815728682352,132.49906008425108,127.3967725744344,128.5190887451172,38598800
2019-08-01,MSFT,129.20758463289823,132.92348389495535,129.1415592513733,130.20729064941406,40557500
2019-08-02,MSFT,130.23555156042286,130.4524797120907,127.56651789282414,129.1132354736328,30791600
2019-08-05,MSFT,125.71802369642214,126.3121801005351,123.34135490732002,124.69002532958984,42749600
2019-08-06,MSFT,126.18957654519347,127.96263401271166,125.63313868014475,127.0289535522461,32696700
2019-08-07,MSFT,126.18014047351265,127.93434594531534,124.331631545048,127.58539581298828,33414500
2019-08-08,MSFT,128.8303559262844,131.08441491804373,128.19845208650713,130.99009704589844,27496500
2019-08-09,MSFT,130.72601575486664,131.45222302858284,128.6983111538489,129.87721252441406,23466700
2019-08-12,MSFT,129.27358367740547,130.01864282763896,127.54767077016326,128.06637573242188,20484300
2019-08-13,MSFT,128.31162169690901,130.90520458372646,127.3213417164926,130.71658325195312,25154600
2019-08-14,MSFT,129.03222023715523,129.56212437318712,126.48677446196896,126.78011322021484,32527300
2019-08-15,MSFT,127.168090770755,127.3478827777879,125.14309160513156,126.4962387084961,28074400
2019-08-16,MSFT,127.6317332697701,129.12682790920258,127.48032799111316,128.81455993652344,24449100
2019-08-19,MSFT,130.44215701336793,131.10453719319122,129.53373959617815,130.97206115722656,24355700
2019-08-20,MSFT,130.78279472179804,131.2559254227919,129.8649200067657,129.8838348388672,21170800
2019-08-21,MSFT,131.1045105249062,131.99399848779527,130.58406390419427,131.33160400390625,14970300
2019-08-22,MSFT,131.20856888883776,131.71954353481948,128.96592024127713,130.3758544921875,18697000
2019-08-23,MSFT,129.81761349352038,130.9152802649974,125.66352621412425,126.22181701660156,38508600
2019-08-26,MSFT,127.73582466705759,128.2751861276735,126.70438882341962,128.1710968017578,20312600
2019-08-27,MSFT,129.06062091400275,129.37288897917813,127.42359236518006,128.445556640625,23102100
2019-08-28,MSFT,127.63175662569438,128.464456933083,126.37322708930843,128.27520751953125,17393300
2019-08-29,MSFT,129.87438896347172,131.00044244210687,129.55266352352007,130.6976318359375,20168700
2019-08-30,MSFT,131.6722699921692,131.700656679487,128.94704693803695,130.45159912109375,23940100
2019-09-03,MSFT,129.26876126636014,129.82705198746444,128.40765998809974,128.72938537597656,18869300
2019-09-04,MSFT,129.92167979125622,130.29072112187868,129.1457385921619,130.23394775390625,17995900
2019-09-05,MSFT,131.63446797500657,132.836224397966,131.3032705986703,132.52395629882812,26101800
2019-09-06,MSFT,132.50501639524452,132.64694986583015,130.77335586006583,131.625,20824500
2019-09-09,MSFT,132.08865205699325,132.24005737690638,129.12686309477516,130.12989807128906,25773900
2019-09-10,MSFT,129.44855173859125,129.5337117922596,127.28160522546158,128.76724243164062,28903400
2019-09-11,MSFT,128.60640791067436,128.9470626387698,127.83046652603281,128.80511474609375,24726100
2019-09-12,MSFT,130.44216612905763,130.98152772788984,129.51481937369425,130.12989807128906,27010000
2019-09-13,MSFT,130.3759002290318,130.6408522774952,129.2309319707729,129.9406280517578,23363100
2019-09-16,MSFT,128.53069921365244,129.35394208501495,128.3698364938922,129.0038299560547,16731400
2019-09-17,MSFT,129.5999505200536,130.12985452361227,129.09841876082714,130.0068359375,17814200
2019-09-18,MSFT,129.9784745995527,131.2180748007653,129.19307585584306,131.07614135742188,23982100
2019-09-19,MSFT,132.7604950650766,134.7192489168912,132.54285895683168,133.48912048339844,35772100
2019-09-20,MSFT,133.43232404235206,134.03793080267528,130.82064759573402,131.9467010498047,39167300
2019-09-23,MSFT,131.74797134041157,132.1264845655933,131.00043118373284,131.66281127929688,17139300
2019-09-24,MSFT,132.81727674718536,133.1295448031249,129.52429047179567,129.99742126464844,29773200
2019-09-25,MSFT,130.11092513306275,132.43873421942496,128.719919905627,131.8709716796875,21382000
2019-09-26,MSFT,131.9467185637507,132.64694290027873,131.0004569727184,132.0413360595703,17456600
2019-09-27,MSFT,132.6185492194354,132.8172704961554,129.30663382534084,130.32859802246094,22477700
2019-09-30,MSFT,130.63138372971025,131.7385077890502,130.37588911946182,131.5587158203125,17280900
2019-10-01,MSFT,132.15488487045303,132.71317569147124,129.6378258091377,129.70407104492188,21466600
2019-10-02,MSFT,128.92812476839842,129.04167152392392,126.40160838632741,127.41410064697266,30521700
2019-10-03,MSFT,127.69796784890939,129.40124118739985,126.0609397363503,128.9564971923828,24132900
2019-10-04,MSFT,129.40125822043538,130.82065044954436,129.08899019737487,130.6976318359375,22897700
2019-10-07,MSFT,129.77028730301623,130.75439280203412,129.65674055588423,129.75135803222656,15303700
2019-10-08,MSFT,129.71355064901513,130.35700164998332,128.3320022663377,128.3793182373047,25550500
2019-10-09,MSFT,130.07308979725434,131.24644461484368,129.60941654394114,130.81117248535156,19749900
2019-10-10,MSFT,131.0477798216071,132.1643616270322,130.8206718298633,131.625,17654600
2019-10-11,MSFT,132.59010905145118,133.45121017192574,132.00343175296493,132.1737518310547,25446000
2019-10-14,MSFT,132.18322672024613,132.75097476572154,132.0223640520881,132.05075073242188,13304300
2019-10-15,MSFT,132.5333705297735,134.1703987231871,132.29680517771013,133.9622344970703,19695700
2019-10-16,MSFT,133.2241171919307,133.41338099603638,132.0318331955905,132.8645477294922,20751600
2019-10-17,MSFT,133.3755884189779,133.82033258872727,131.5493102043628,132.1833038330078,21460600
2019-10-18,MSFT,132.24950858402207,132.47661655322608,129.2214745219951,130.0258026123047,32273500
2019-10-21,MSFT,131.00989606891406,131.05721202960976,129.64727725818096,130.990966796875,20078200
2019-10-22,MSFT,131.50195734491172,132.48606291842205,128.93758241391188,129.0416717529297,27431000
2019-10-23,MSFT,129.52425927407486,130.06362073983522,128.3225033068228,129.8649139404297,29844600
2019-10-24,MSFT,131.89935323662178,132.87400115554456,131.21804399093588,132.4197998046875,37029300
2019-10-25,MSFT,131.85207078133507,133.55534432823163,131.71959475206557,133.16737365722656,25959700
2019-10-28,MSFT,136.64014358049613,137.84189962947013,135.79797149234983,136.44143676757812,35280100
2019-10-29,MSFT,136.33733718681492,136.7347652215847,134.98417594668706,135.15451049804688,20589500
2019-10-30,MSFT,135.80743054115874,137.20789327099118,135.11664937220178,136.83885192871094,18496600
2019-10-31,MSFT,137.11329108302127,137.14167777405734,135.30594251890233,135.66551208496094,24605100
2019-11-01,MSFT,136.50770959135446,136.65911493082814,135.2870383340166,135.99673461914062,33128400
2019-11-04,MSFT,137.04705656052994,137.2079192849661,136.41306307993875,136.7821044921875,16912000
2019-11-05,MSFT,137.17951805379514,137.22683401215616,136.17648326727598,136.69692993164062,18250200
2019-11-06,MSFT,136.61172856239827,136.75367640956316,135.5046046607543,136.31838989257812,16575800
2019-11-07,MSFT,136.11024708409755,137.09436710372245,136.04401628903287,136.50767517089844,17786700
2019-11-08,MSFT,136.24272486744755,138.14471969732065,136.03454618518478,138.1163330078125,16732700
2019-11-11,MSFT,137.52962967730747,138.5515937313759,136.95240964043924,138.2582550048828,14362600
2019-11-12,MSFT,138.41911715730924,139.63980245539213,138.21093849312152,139.1666717529297,18641600
2019-11-13,MSFT,138.85440680607223,139.53571618768487,138.41912019717392,139.39376831054688,16919200
2019-11-14,MSFT,139.11936428055844,140.4346671360793,139.10043500844046,140.1034698486328,19729800
2019-11-15,MSFT,140.92669251203296,141.92974164733593,140.30217100964686,141.9108123779297,23485700
2019-11-18,MSFT,142.00546036046342,142.45966180601263,140.9740244236987,142.2609405517578,21534000
2019-11-19,MSFT,142.77194667090717,143.1977614788163,142.12848131149343,142.3082733154297,23935700
2019-11-20,MSFT,142.71654584634737,143.21976982554105,140.96001396227345,142.0614013671875,25696800
2019-11-21,MSFT,141.85247604979722,142.23227719729553,140.9979488218077,141.92843627929688,18576100
2019-11-22,MSFT,142.48867469225863,142.7070513485023,141.30182299190173,142.0329132080078,15901800
2019-11-25,MSFT,142.42222966400294,143.7040355261543,142.34626940296286,143.590087890625,22420900
2019-11-26,MSFT,143.71348916448176,144.71993701752783,143.67551628743283,144.34963989257812,24620100
2019-11-27,MSFT,144.63448959743727,144.7958996814808,143.86541205490357,144.625,15184400
2019-11-29,MSFT,144.41612593217906,144.6060193135359,143.63754423429873,143.7324981689453,11977300
2019-12-02,MSFT,144.1407721356058,144.15976582063908,140.82709125016626,141.9949493408203,27418400
2019-12-03,MSFT,140.03899571455364,141.88097718200572,139.24142044839056,141.7670440673828,24066000
2019-12-04,MSFT,142.55512837124613,142.59310125030453,141.66261359005057,142.27978515625,17574700
2019-12-05,MSFT,142.46970630225286,142.7260703716664,141.9284948765952,142.3557586669922,17869100
2019-12-06,MSFT,143.36221580947037,144.197749671313,142.6785879756387,144.0838165283203,16403500
2019-12-09,MSFT,143.4381425239518,144.52055059307088,143.28622204353016,143.71348571777344,16687400
2019-12-10,MSFT,143.6470690133944,144.21676378492603,143.14384490998205,143.4951629638672,16476100
2019-12-11,MSFT,143.88439542695198,144.19772600669825,142.73553112248442,144.03631591796875,18856600
2019-12-12,MSFT,143.98881851636642,145.68839798152246,143.39065521078382,145.49850463867188,24612100
2019-12-13,MSFT,145.2706225700529,147.06514144581269,145.10921250574927,146.72332763671875,23845400
2019-12-16,MSFT,147.27402543173184,148.02410918426233,146.99868226605005,147.6728057861328,24144200
2019-12-17,MSFT,147.5968599461329,147.84373434764453,146.64737867984974,146.87525939941406,25425600
2019-12-18,MSFT,146.50500073682363,147.62538197088486,146.39105310316756,146.5714569091797,24129200
2019-12-19,MSFT,146.22013048807054,147.9007165639386,145.98276014636912,147.84375,24958900
2019-12-20,MSFT,149.4008886645591,150.4832967693194,148.3944263145759,149.45785522460938,53477500
2019-12-23,MSFT,150.1319788357844,150.1319788357844,149.32492842184706,149.45785522460938,17718200
2019-12-24,MSFT,149.5242912312849,149.74268233262595,149.182477429113,149.42935180664062,8989200
2019-12-26,MSFT,149.60025013137175,150.7111413565533,149.44832966777443,150.6541748046875,14520600
2019-12-27,MSFT,151.39480203018746,151.48975596266368,150.22694399799698,150.9295654296875,18412800
2019-12-30,MSFT,150.95798998358944,150.98647325466408,148.81215364309884,149.6287078857422,16348400
2019-12-31,MSFT,148.85017423808296,149.79965545375853,148.54633329485864,149.73318481445312,18369400
2020-01-02,MSFT,150.75866438562647,152.61015032675982,150.3314006281245,152.50570678710938,22622100
2020-01-03,MSFT,150.32190239946755,151.86954723170166,150.07502796286428,150.6067352294922,21116200
2020-01-06,MSFT,149.1445317269712,151.06248810455452,148.6033204049661,150.9960174560547,20813700
2020-01-07,MSFT,151.27134992032552,151.60365964357203,149.37238754314603,149.61924743652344,21634100
2020-01-08,MSFT,150.9010700366723,152.67661008398238,149.97058233307885,152.00247192382812,27746500
2020-01-09,MSFT,153.66407312090712,154.02488070506504,152.89499547083327,153.9014434814453,21385000
2020-01-10,MSFT,154.59454321052573,154.97432991321804,153.03738006085885,153.18930053710938,20725900
2020-01-13,MSFT,153.58811046779502,155.05980957773,153.1133697541345,155.0313262939453,21626500
2020-01-14,MSFT,155.1357178126828,155.33511522025347,153.55008609927935,153.9393768310547,23477400
2020-01-15,MSFT,154.40461795427638,155.65794001006643,154.35715548774417,154.9363250732422,21417900
2020-01-16,MSFT,156.04726580624668,157.84178497982282,155.74342481976777,157.7753143310547,23865400
2020-01-17,MSFT,158.96216695443158,159.00964391984007,157.07269383948528,158.65834045410156,34371700
2020-01-21,MSFT,158.25953798746136,159.69326403956893,158.02216765967506,158.08863830566406,29517200
2020-01-22,MSFT,158.94318658850688,159.02865092857752,157.31007735957985,157.32907104492188,24138800
2020-01-23,MSFT,157.7942767531362,158.37346084192237,156.92075582197117,158.29750061035156,19680800
2020-01-24,MSFT,159.0476126259956,159.06660630924776,156.14220206963714,156.702392578125,24918100
2020-01-27,MSFT,153.00889916761867,155.12625280753838,152.1068948687137,154.08181762695312,32078100
2020-01-28,MSFT,155.50604492516229,157.38601382767297,154.83192132073702,157.10118103027344,24899900
2020-01-29,MSFT,159.36094890964196,160.22498042935823,157.3195697689756,159.55084228515625,34754500
2020-01-30,MSFT,165.25722163927998,165.25722163927998,162.16190335753365,164.05137634277344,51597500
2020-01-31,MSFT,163.51018671757376,163.69057600096366,161.0130461758437,161.6302032470703,36142700
2020-02-03,MSFT,161.82009384934952,165.68448976248862,161.7916105688836,165.570556640625,30107000
2020-02-04,MSFT,168.1911336080325,171.51431848810714,167.4030623122053,171.0205841064453,36433300
2020-02-05,MSFT,174.733038337566,174.89444841618726,169.39695819420768,170.81167602539062,39186300
2020-02-06,MSFT,171.82760240815628,174.53362944198756,170.96357109695458,174.3532257080078,27751400
2020-02-07,MSFT,173.61264358086075,176.2522001633859,173.2613256843261,174.60009765625,33529100
2020-02-10,MSFT,174.30580444022337,179.30007159743232,173.99247382656716,179.16714477539062,35844300
2020-02-11,MSFT,181.0185845786521,181.06606153613225,174.2297998090583,175.122314453125,53159900
2020-02-12,MSFT,176.20476736113224,176.46113140653625,172.66320564680828,175.37872314453125,47062900
2020-02-13,MSFT,173.8310214211516,176.8218814332766,173.63162399264098,174.42919921875,35295800
2020-02-14,MSFT,173.9924120147874,176.04329467307488,173.4227175581747,175.986328125,23149500
2020-02-18,MSFT,176.23322251246853,178.2176349280417,176.12877899123126,177.77137756347656,27792200
2020-02-19,MSFT,179.0471826033565,179.16142692930302,177.53338717453187,178.3045654296875,29997500
2020-02-20,MSFT,177.99035168966387,178.2759769882036,172.4207237419166,175.58160400390625,36862400
2020-02-21,MSFT,174.3915250882964,174.70571148986244,168.75524447726494,170.03102111816406,48572600
2020-02-24,MSFT,159.72961928977608,166.18468632335308,155.40719085808212,162.70008850097656,68311100
2020-02-25,MSFT,165.8513740079079,166.46070110318306,159.6152831645034,160.01516723632812,68073300
2020-02-26,MSFT,161.57658020435423,164.95643327525875,160.14846836228023,162.0145263671875,56206100
2020-02-27,MSFT,155.49284470294847,159.02503365288237,150.40875483840358,150.5991668701172,93174900
2020-02-28,MSFT,145.10572645287465,155.86417479843206,144.7153722910139,154.24563598632812,97012700
2020-03-02,MSFT,157.38748705939656,164.6327770616493,154.53126258325238,164.50900268554688,71030800
2020-03-03,MSFT,165.4705910993296,166.61307787065545,154.48364057176903,156.6258087158203,71677000
2020-03-04,MSFT,160.41507121846044,162.51914816724377,157.6826069544084,162.3763427734375,49814400
2020-03-05,MSFT,158.09199505613142,162.6809872137587,157.74924760857994,158.30145263671875,47817300
2020-03-06,MSFT,154.816857162089,155.29289448015368,148.52364323617397,153.8267059326172,72821100
2020-03-09,MSFT,143.76328229915575,150.1897866403432,142.8112075819428,143.4014892578125,70419300
2020-03-10,MSFT,150.5801493440142,153.31259928936166,145.26757037585006,153.20787048339844,65354400
2020-03-11,MSFT,149.59948831217446,150.14216328627552,143.90607167718443,146.26722717285156,56371600
2020-03-12,MSFT,138.33647521956644,146.11492481009816,131.93853122219355,132.39552307128906,93226400
2020-03-13,MSFT,140.43101010915177,154.15040922743378,133.9854606961012,151.218017578125,92727400
2020-03-16,MSFT,133.29045052414764,142.19235428086998,128.53007729114236,128.92994689941406,87905900
2020-03-17,MSFT,133.29044104633834,140.43100038810647,128.53006815182624,139.5455780029297,81059800
2020-03-18,MSFT,131.3862914772269,139.00288808460238,128.54911330868097,133.6712646484375,81593200
2020-03-19,MSFT,135.92768183857297,142.95398184254185,132.33835686874824,135.8705596923828,85922700
2020-03-20,MSFT,139.00287956166673,140.05016734196866,129.34884453485387,130.76744079589844,84866200
2020-03-23,MSFT,130.4437553300874,133.83315361883407,126.16894903091577,129.46311950683594,78975200
2020-03-24,MSFT,136.86075403148243,142.43039748481058,134.49961256876347,141.23077392578125,82516700
2020-03-25,MSFT,141.7734331352431,146.93367575898048,137.51765848214595,139.87879943847656,75638200
2020-03-26,MSFT,141.28788485275086,149.1520314608854,141.25932377290354,148.62838745117188,64568100
2020-03-27,MSFT,144.4773451571793,147.46685932924893,142.0495516081798,142.5255889892578,57042300
2020-03-30,MSFT,145.134292409769,152.90322666976797,142.8207429707394,152.5509490966797,63420300
2020-03-31,MSFT,151.76071229538607,156.8828791989714,149.05682343931457,150.15171813964844,77927200
2020-04-01,MSFT,145.66746021865882,150.189816009761,143.59194390247364,144.8201141357422,57969900
2020-04-02,MSFT,144.58204408545626,148.0285493634673,143.15393223732946,147.819091796875,49630700
2020-04-03,MSFT,147.66679583020962,149.83752504353316,144.89625489063627,146.45765686035156,41243300
2020-04-06,MSFT,152.63664351406544,158.5204589823689,150.02795325346136,157.3494110107422,67111700
2020-04-07,MSFT,161.46234039547727,161.8526944982216,155.4357059688015,155.65469360351562,62769000
2020-04-08,MSFT,157.73019359192514,158.68226816991287,155.6641935009924,157.21607971191406,48318200
2020-04-09,MSFT,158.38714875924393,159.34873898293552,155.502363560662,157.22561645507812,51385100
2020-04-13,MSFT,156.4735003826598,157.6350328097064,154.5217441222941,157.57789611816406,41905300
2020-04-14,MSFT,160.90061819618973,165.42297284963294,159.94854353230696,165.3753662109375,52874300
2020-04-15,MSFT,162.99514467898018,165.2515710283321,161.1290868724102,163.64256286621094,40940800
2020-04-16,MSFT,165.94665252640667,168.78383156754103,164.61373899366873,168.55532836914062,50479600
2020-04-17,MSFT,170.89741933389323,171.37345671365338,167.44138330803202,170.04055786132812,52765600
2020-04-20,MSFT,168.16494540659173,170.1833389597177,166.60354360506855,166.67018127441406,36669600
2020-04-21,MSFT,165.18495298161926,165.34680393000076,158.14912184782517,159.7771759033203,56203700
2020-04-22,MSFT,163.17608620088606,165.6610018091232,162.63341116305656,165.20401000976562,34620200
2020-04-23,MSFT,165.76573426475736,166.67020236608755,162.71909798935198,163.20465087890625,32790800
2020-04-24,MSFT,163.81397530484196,166.19416212381853,162.5286831390991,166.1846466064453,34277600
2020-04-27,MSFT,168.12686622876606,168.42200705863056,164.9945468868889,165.70860290527344,33194400
2020-04-28,MSFT,167.17482073764452,167.25098846954376,161.27195952679392,161.6718292236328,34392700
2020-04-29,MSFT,164.91836401953887,169.1646086167517,163.642587537148,168.9265899658203,51286600
2020-04-30,MSFT,171.37345529352075,171.7542793831699,167.78412941217093,170.62132263183594,53875900
2020-05-01,MSFT,167.37470667155554,170.07859487264273,165.67048511327908,166.2036590576172,39370500
2020-05-04,MSFT,166.12749679209162,170.421347868829,165.4705630150121,170.26901245117188,30372900
2020-05-05,MSFT,171.96375599957568,174.84854165369975,171.27826094042646,172.0970458984375,36839200
2020-05-06,MSFT,173.35377128207907,175.37216509231774,172.92534055240677,173.79171752929688,32139300
2020-05-07,MSFT,175.34363951559865,175.70543264069235,173.82984385140765,174.80096435546875,28316000
2020-05-08,MSFT,176.11475736870673,176.13380292861683,174.57240114862012,175.82913208007812,30877800
2020-05-11,MSFT,174.3724765562878,178.5235228546766,174.08686576655347,177.79043579101562,30892700
2020-05-12,MSFT,177.84756178761603,178.0760504243352,173.56322551904262,173.76315307617188,32038200
2020-05-13,MSFT,173.80128022106894,175.22939260657074,168.07930063221846,171.13546752929688,44711500
2020-05-14,MSFT,169.03129803532227,172.03034138597113,167.2604389083451,171.8780059814453,41873900
2020-05-15,MSFT,170.47850665967295,178.09510484951207,168.51723495019067,174.38201904296875,46610400
2020-05-18,MSFT,176.84791142079615,177.27634221725572,175.1437037539868,176.0481719970703,35264500
2020-05-19,MSFT,176.1623356851776,177.65709955645187,174.69614741292756,174.82943725585938,26799100
2020-05-20,MSFT,176.44294772326188,177.43587113513095,175.6123405861521,177.2544708251953,31261300
2020-05-21,MSFT,177.0062545273779,178.21876103710082,174.99178140232837,175.1254425048828,29119500
2020-05-22,MSFT,174.89632314494972,176.10882969373282,174.27574227398085,175.2018280029297,20826900
2020-05-26,MSFT,177.90372027163076,178.0564799974318,172.90096307938558,173.3496856689453,36073600
2020-05-27,MSFT,172.04167124776492,173.75063943217944,168.60466541040466,173.5787811279297,39517100
2020-05-28,MSFT,172.55725432023527,175.81286026389589,172.21355223443322,173.18736267089844,33810200
2020-05-29,MSFT,174.45716668834268,175.92745363468237,172.2422088164135,174.95362854003906,42130400
2020-06-01,MSFT,174.27571828325208,174.71489875560292,173.24462678253732,174.55259704589844,22622400
2020-06-02,MSFT,175.90835967236887,176.6244045557028,173.13965861733251,176.53848266601562,30794600
2020-06-03,MSFT,176.45251757462225,177.52180634351802,175.26865174622563,176.9680633544922,27311000
2020-06-04,MSFT,175.95606151294973,177.42633361765618,174.04660889657038,174.63853454589844,28761800
2020-06-05,MSFT,174.35211372363253,179.2307657407467,173.7697300929723,178.72476196289062,39893600
2020-06-08,MSFT,177.52180899547244,180.0136451993302,176.0897195580362,179.83224487304688,33211600
2020-06-09,MSFT,179.48853633243837,182.0662943129811,178.7820336577257,181.20704650878906,29783900
2020-06-10,MSFT,182.4768205863623,189.53224651796845,182.36224353782927,187.9282989501953,43872300
2020-06-11,MSFT,184.38627533006792,186.8971953252528,177.6459107012866,177.83685302734375,52854700
2020-06-12,MSFT,181.91353250337872,183.040117049004,176.79619924208757,179.2403106689453,43373600
2020-06-15,MSFT,176.2233940561889,182.1808918134006,175.67919303595784,180.38600158691406,32770200
2020-06-16,MSFT,184.15717495617497,186.7253913064373,182.79192319499927,184.806396484375,42556700
2020-06-17,MSFT,186.20025698099536,187.43186198574108,184.92092731873566,185.44602966308594,25687800
2020-06-18,MSFT,185.2169126322436,187.59418649761048,185.2169126322436,187.431884765625,23061600
2020-06-19,MSFT,189.5990954500768,190.26740095716144,185.57014923426544,186.31483459472656,44441100
2020-06-22,MSFT,186.92586606992526,191.67085720535485,186.39122164361794,191.48947143554688,32818900
2020-06-23,MSFT,192.94067312150344,194.7164649779574,192.31055014096202,192.76882934570312,30917400
2020-06-24,MSFT,192.47282147333826,194.04811398849358,187.6609929241231,188.88304138183594,36740600
2020-06-25,MSFT,188.84486850692002,191.52764712810412,186.62035443908522,191.26986694335938,27803900
2020-06-26,MSFT,190.68746967003122,190.84022936621224,186.05705610227983,187.44140625,54675800
2020-06-29,MSFT,186.91632647376247,189.5418239761008,184.7872907599883,189.45590209960938,26701600
2020-06-30,MSFT,188.92122702942044,195.1460314274732,188.78756594278659,194.29632568359375,34310300
2020-07-01,MSFT,193.9431090914506,197.0077870680301,192.63513866088167,195.43247985839844,32061200
2020-07-02,MSFT,196.36810147157988,198.60217212027828,195.71889457002075,196.92184448242188,29315800
2020-07-06,MSFT,199.37550924846306,201.57138280923724,198.66900649142337,201.1608428955078,31897600
2020-07-07,MSFT,200.92217255815737,204.95111922366993,198.573553718546,198.82177734375,33600700
2020-07-08,MSFT,200.55938779250462,203.60495286179227,199.24186065965517,203.19442749023438,33600000
2020-07-09,MSFT,206.53593793805533,206.58367716565738,201.8959676336942,204.616943359375,33121700
2020-07-10,MSFT,203.94861392400875,204.3877944025847,201.5236156938623,203.99635314941406,26177600
2020-07-13,MSFT,204.7697173498875,206.0299632099416,197.15100463946163,197.69520568847656,38135600
2020-07-14,MSFT,196.7977427138655,199.39459949227412,192.88335894065565,198.917236328125,37591800
2020-07-15,MSFT,200.07243434393845,201.7623039169299,195.74752551635757,198.62124633789062,32179400
2020-07-16,MSFT,196.1007654255898,196.38718621345686,193.15066481688189,194.68777465820312,29940700
2020-07-17,MSFT,195.21286588719,195.75705224196673,192.27230746400602,193.69485473632812,31635300
2020-07-20,MSFT,195.71892583031678,202.68843195640494,193.8190149155924,202.02012634277344,36884800
2020-07-21,MSFT,203.9868433576055,204.2541655805475,198.61172913665365,199.29913330078125,37990400
2020-07-22,MSFT,199.7287294402567,202.68838665509594,198.9554035053253,202.1632843017578,49605700
2020-07-23,MSFT,197.80970924519136,201.37083363177447,192.99788139096745,193.37022399902344,67457000
2020-07-24,MSFT,191.34622239443172,193.675756642819,188.56796566862724,192.18638610839844,39827000
2020-07-27,MSFT,192.34873339252303,194.73554944735855,191.7663496924244,194.62098693847656,30160900
2020-07-28,MSFT,194.39180574531326,195.43245382616968,192.6064723801774,192.87379455566406,23251400
2020-07-29,MSFT,193.33211641635154,195.3847725659296,192.8642951864797,194.8214874267578,19632600
2020-07-30,MSFT,191.89998548207373,195.20334487589957,190.53473387151706,194.66868591308594,25079600
2020-07-31,MSFT,195.146040474654,195.81436050677323,190.00006654872823,195.72842407226562,51044000
2020-08-03,MSFT,201.94370430096453,207.78662439979686,200.9125981832941,206.73641967773438,78983000
2020-08-04,MSFT,204.4737546054101,205.04659628174622,200.78851005983583,203.6335906982422,49280100
2020-08-05,MSFT,205.17064783284516,205.26612627690423,201.99142251078436,203.2993927001953,28806400
2020-08-06,MSFT,202.7266216376732,206.57416826958868,201.97239411211882,206.55508422851562,32656800
2020-08-07,MSFT,205.12290975261124,205.93441820213573,201.38037059634624,202.86019897460938,27820400
2020-08-10,MSFT,202.08693995821375,202.2874389167021,197.00780296948204,198.82177734375,36716500
2020-08-11,MSFT,197.78112103265053,198.24892763690127,193.94311689329845,194.17225646972656,36446500
2020-08-12,MSFT,195.99575127842633,200.75984065200336,195.48020549800736,199.7191925048828,28013100
2020-08-13,MSFT,199.95787598824566,201.7814066937135,198.72627091928837,199.25137329101562,22588900
2020-08-14,MSFT,199.3086606756937,200.10108526689314,198.11525277954402,199.44232177734375,17958900
2020-08-17,MSFT,200.110650247621,201.62866165888732,199.46142874953955,200.75985717773438,20184800
2020-08-18,MSFT,200.99852592603722,202.7456767958263,199.73829479069403,201.91506958007812,21336200
2020-08-19,MSFT,202.40317821577736,202.9869696907495,200.25941624470937,200.69007873535156,27627600
2020-08-20,MSFT,200.536951765105,205.76236523317155,199.93403011342397,205.36041259765625,26981500
2020-08-21,MSFT,204.6713675107207,206.9586790324315,203.70476807042115,203.86746215820312,36249300
2020-08-24,MSFT,205.56138064913605,206.26002616768562,203.30277922932777,204.50865173339844,25460100
2020-08-25,MSFT,203.9439889498141,207.303173653771,203.9439889498141,207.169189453125,23043700
2020-08-26,MSFT,208.5186256041175,212.54773159064493,208.02096370870794,211.6481170654297,39600800
2020-08-27,MSFT,213.31335946140254,221.21845696335774,209.97330473340136,216.84481811523438,57602200
2020-08-28,MSFT,218.37604632550872,220.73035677056092,216.84480044049,219.07469177246094,26292900
2020-08-31,MSFT,217.2467921902171,218.87374762518965,214.6723675145371,215.83995056152344,28774200
2020-09-01,MSFT,215.8207528636933,217.67740133897408,214.78715429178908,217.50514221191406,25725500
2020-09-02,MSFT,218.17505166750306,222.85494754756553,217.58169523463175,221.69692993164062,34080800
2020-09-03,MSFT,219.4192157670536,219.4574907062767,205.7240599096668,207.96351623535156,58400300
2020-09-04,MSFT,205.8580711279521,208.97799749718706,196.37385829268598,205.04458618164062,59664100
2020-09-08,MSFT,197.62756836074408,201.00589802209439,193.51231825390303,193.9525604248047,52924300
2020-09-09,MSFT,198.6803023452128,205.60922048804156,197.81896281811265,202.2117462158203,45679000
2020-09-10,MSFT,204.23109563870372,205.51353258521655,195.34025420679887,196.54611206054688,35461500
2020-09-11,MSFT,198.2974683069397,199.66603470298534,192.5935530845461,195.263671875,33620100
2020-09-14,MSFT,195.4646832848915,200.211565055295,195.26369966410363,196.58441162109375,30375800
2020-09-15,MSFT,199.46509839593747,200.76666570207675,198.0391119507042,199.80963134765625,21823900
2020-09-16,MSFT,201.57055680650535,201.5992666668537,195.84749586051157,196.23988342285156,26328100
2020-09-17,MSFT,191.45466968029996,195.55077435424172,191.36854011828825,194.19178771972656,34011300
2020-09-18,MSFT,194.08653090763448,194.9000011831459,187.8179542280491,191.7800750732422,55225300
2020-09-21,MSFT,188.71758312450748,194.00041619027272,187.94238773071473,193.83770751953125,39839700
2020-09-22,MSFT,196.24942489391904,199.15881695339687,193.39746715141118,198.50802612304688,33517100
2020-09-23,MSFT,198.96741460862307,199.1588331410497,191.43555973887763,191.97149658203125,30803800
2020-09-24,MSFT,191.2632721600438,196.73750842133498,190.64119122847163,194.4597625732422,31202500
2020-09-25,MSFT,194.80432871596318,200.05843751591576,193.83771475654646,198.890869140625,29437300
2020-09-28,MSFT,201.8193545775049,203.43674453417034,199.1205114207346,200.44122314453125,32004900
2020-09-29,MSFT,200.35513217537783,201.04419802460012,197.92425692862588,198.35491943359375,24221900
2020-09-30,MSFT,198.80471964780773,202.8721151895252,197.66584655961745,201.2930145263672,33829100
2020-10-01,MSFT,204.3172719381247,204.7957891208522,202.2405091174697,203.33152770996094,27158400
2020-10-02,MSFT,199.0631010382104,201.9246383727802,196.7087906293776,197.33087158203125,33154800
2020-10-05,MSFT,198.3166344156742,201.36957594752798,198.08694094320444,201.3408660888672,21331600
2020-10-06,MSFT,199.84788496263428,201.1494374315409,196.01974823333427,197.0629119873047,28554300
2020-10-07,MSFT,198.16349487639658,201.08245204459112,197.83810676012118,200.81448364257812,25681100
2020-10-08,MSFT,201.46527293243025,202.11606381034258,199.3693802101008,201.5322723388672,19925800
2020-10-09,MSFT,202.15434835187833,206.58542177365823,202.15434835187833,206.53756713867188,26458000
2020-10-12,MSFT,209.38953000650932,214.24170096187547,207.49460616389052,211.88739013671875,40461400
2020-10-13,MSFT,213.15065325040558,215.5336736103017,210.95903680543523,213.28463745117188,28950800
2020-10-14,MSFT,213.41862756429836,214.58621046182856,209.71490986658227,211.37057495117188,23421700
2020-10-15,MSFT,207.77214729829,210.89207378296717,206.7289688383401,210.22215270996094,22733100
2020-10-16,MSFT,210.69109015947322,212.7391429273404,209.8967645606699,210.22215270996094,26057900
2020-10-19,MSFT,210.94947830769584,212.74870729118058,204.5373520367776,205.015869140625,27625800
2020-10-20,MSFT,206.52795082422134,208.03048668843869,203.93438212440702,205.42735290527344,22753500
2020-10-21,MSFT,203.96314342538997,207.59987665183556,203.96314342538997,205.5709686279297,22724900
2020-10-22,MSFT,204.7382995474917,206.77678686888288,202.60411757728775,205.6570587158203,22351500
2020-10-23,MSFT,205.7910759676318,206.98736879384143,204.00142657264104,206.93951416015625,18879600
2020-10-26,MSFT,204.66177992026053,207.0447858534218,199.15883299038362,201.0537567138672,37111600
2020-10-27,MSFT,202.49882914313494,205.44649574052593,201.29297150913973,204.08750915527344,36700300
2020-10-28,MSFT,198.7473167494799,199.86704515863852,193.41664314674094,193.97171020507812,51195600
2020-10-29,MSFT,195.30197536200046,198.45061144103295,194.63203974234074,195.92404174804688,31432600
2020-10-30,MSFT,194.7564501863506,195.51250074201783,191.04315299872275,193.7707061767578,36953700
2020-11-02,MSFT,195.51248207470135,196.45995105310107,191.5216517890713,193.63670349121094,30842200
2020-11-03,MSFT,195.1296715584957,199.17792149463475,194.39275125228292,197.56053161621094,27512000
2020-11-04,MSFT,204.82446966001,208.93971976294654,203.29320905322973,207.09263610839844,42311800
2020-11-05,MSFT,212.4998742035629,214.49050715621627,211.64811432218954,213.6961669921875,36080100
2020-11-06,MSFT,212.71040498956907,214.72018254648174,208.66215462267135,214.10768127441406,25231900
2020-11-09,MSFT,214.7967270830872,218.31860541961015,208.5185859766379,209.0066680908203,44395000
2020-11-10,MSFT,205.28381030217406,207.1978784634997,200.70918856486028,201.94375610351562,44045100
2020-11-11,MSFT,203.2645072623287,208.67174502636834,203.0826684151981,207.2457733154297,29440800
2020-11-12,MSFT,207.87741109338322,209.69577028534576,205.2455669663313,206.18345642089844,21593900
2020-11-13,MSFT,207.06390921491047,208.0783630770916,204.9584370061897,207.20745849609375,18621100
2020-11-16,MSFT,205.63794400285644,208.38464222221836,205.30299077827922,207.89654541015625,24953300
2020-11-17,MSFT,206.81509518658177,208.327196362461,204.88188202560576,205.2455596923828,24154100
2020-11-18,MSFT,205.0056517579843,206.46415620662827,202.39570259363785,202.53964233398438,28372800
2020-11-19,MSFT,202.8275548867203,204.41078991307708,201.4362102764716,203.82546997070312,24792700
2020-11-20,MSFT,203.61437421772166,204.66026924802807,201.5033892585348,201.8776092529297,22843100
2020-11-23,MSFT,202.41491187166753,203.7006916515508,199.73780235137832,201.60890197753906,25683500
2020-11-24,MSFT,201.10995971399097,205.5814190638113,200.4094997019583,205.2071990966797,33979700
2020-11-25,MSFT,206.4065702511232,206.57928035652472,203.86379608996026,205.21673583984375,21012900
2020-11-27,MSFT,206.15711338051779,207.51965801723676,205.37987391349907,206.521728515625,14512200
2020-11-30,MSFT,205.437491689779,206.0707768754735,202.30938234815488,205.40870666503906,33064800
2020-12-01,MSFT,205.83086786900017,208.52718688320113,204.71781287908087,207.46209716796875,30904500
2020-12-02,MSFT,206.1859017974964,206.75202672406434,204.1900574028058,206.65606689453125,23724500
2020-12-03,MSFT,205.92680232460575,207.6251915836904,205.00563782977983,205.57177734375,25120900
2020-12-04,MSFT,205.55256995171388,206.6656393781972,204.5546405895523,205.68690490722656,24666000
2020-12-07,MSFT,205.69654643667639,206.81920626860725,204.3723914418279,205.61978149414062,24620000
2020-12-08,MSFT,205.31271750920934,208.17214180932788,204.27641284227593,207.27017211914062,23284100
2020-12-09,MSFT,206.45458405466127,206.52174422620556,202.6644048248487,203.23052978515625,32440600
2020-12-10,MSFT,203.2017287160043,204.45872339489904,201.8487742094355,202.00230407714844,26733300
2020-12-11,MSFT,201.55132484988866,204.6890238920396,200.64935515374503,204.63143920898438,30979400
2020-12-14,MSFT,204.47794696148657,207.46211646706954,204.26684702413348,205.53343200683594,28798400
2020-12-15,MSFT,206.4641624379437,206.70404737101398,203.65271805023914,205.46624755859375,27000600
2020-12-16,MSFT,206.061153696116,211.2042871516733,206.03236867599313,210.40786743164062,35023300
2020-12-17,MSFT,210.9740110508689,211.95274574604827,209.1029113699491,210.54222106933594,32515800
2020-12-18,MSFT,209.74578857421875,210.80128814640273,207.2797790521737,209.74578857421875,63354900
2020-12-21,MSFT,208.74786494629828,214.93689309140643,208.48878512735112,213.5839385986328,37181900
2020-12-22,MSFT,213.67987846393646,216.5009272648527,212.87386870407826,214.87930297851562,22612200
2020-12-23,MSFT,214.08290333376428,214.5146932710485,211.86636896648002,212.0774688720703,18699600
2020-12-24,MSFT,212.46129811786358,214.56269259636701,212.2501981931746,213.73748779296875,10550600
2020-12-28,MSFT,215.3686881144162,216.88476263524183,213.99655333703302,215.85806274414062,17933500
2020-12-29,MSFT,217.15345055362997,217.98824549729198,214.53391099007936,215.08084106445312,17403200
2020-12-30,MSFT,216.1171387725915,216.50096346628422,212.50927450036974,212.7107696533203,20272300
2020-12-31,MSFT,212.7299675852491,213.97737223508196,210.79169311832163,213.42083740234375,20942100
2021-01-04,MSFT,213.5264020344553,213.9773869360823,206.11875320777628,208.88223266601562,37130100
2021-01-05,MSFT,208.469620064535,209.67864963168427,206.97274025893688,209.08372497558594,23823000
2021-01-06,MSFT,203.58554280387045,207.73076146630103,203.36485276551582,203.6623077392578,35930700
2021-01-07,MSFT,205.3798725038288,210.46543588069164,205.06323728487098,209.45791625976562,27694500
2021-01-08,MSFT,209.83213069780732,211.6552648790283,208.24889607857534,210.73410034179688,22956200
2021-01-11,MSFT,209.63066780968265,210.0528676774654,207.961063234746,208.69032287597656,23031300
2021-01-12,MSFT,207.74037126573907,208.31610101495866,204.68904166255604,206.23388671875,23249300
2021-01-13,MSFT,205.36069794074126,207.98982744101792,205.27432823721875,207.58682250976562,20087100
2021-01-14,MSFT,207.1742536782788,208.66154338232383,204.13251409385208,204.40118408203125,29480800
2021-01-15,MSFT,204.88093687983877,205.83087188668628,203.45121734402414,204.04612731933594,31746500
2021-01-19,MSFT,205.10162077397675,208.2009300549652,204.0269409433611,207.6827850341797,30480900
2021-01-20,MSFT,208.89180945322397,216.65448284404494,208.49839462519878,215.26315307617188,37777300
2021-01-21,MSFT,215.60858068821213,217.1438501575346,213.42083121134726,215.86766052246094,30709400
2021-01-22,MSFT,217.89228323533874,220.76131229354894,216.66407355456315,216.80799865722656,30172700
2021-01-25,MSFT,219.84973400806652,220.48303373157987,215.14799527840105,220.24314880371094,33152100
2021-01-26,MSFT,222.47888575422274,224.7050103480152,220.7709061802584,222.92987060546875,49169600
2021-01-27,MSFT,228.37049651144372,230.71177621326336,220.82851230150155,223.47683715820312,69870600
2021-01-28,MSFT,226.07716818506384,232.8227316681534,225.57820339979344,229.26283264160156,49111200
2021-01-29,MSFT,226.44181938602617,228.38968415248007,221.98955497107204,222.5748748779297,42503100
2021-02-01,MSFT,225.54940574495873,232.68838365200105,223.02581157927415,229.9536895751953,33314200
2021-02-02,MSFT,231.53693548030532,232.50606531871057,229.03253624582663,229.81935119628906,25916300
2021-02-03,MSFT,229.87695268863132,235.1736017454573,229.57948305731,233.1681671142578,27158100
2021-02-04,MSFT,232.84192558169505,233.39846040880124,230.64457129523996,232.2182159423828,25296100
2021-02-05,MSFT,232.42931297571354,233.4368326563768,230.69254834518915,232.40052795410156,18054800
2021-02-08,MSFT,233.312102244531,233.82065717970994,231.06678257131648,232.6596221923828,22211900
2021-02-09,MSFT,232.08384831884888,234.8569172961057,231.6136832651914,233.906982421875,23565000
2021-02-10,MSFT,235.08721175015955,235.96998646180285,231.14350324493915,232.99542236328125,22186700
2021-02-11,MSFT,234.87617577846046,235.23120085655134,232.35258115375976,234.59791564941406,15751100
2021-02-12,MSFT,234.0605123364703,235.37509168356013,232.909067623064,235.07763671875,16561100
2021-02-16,MSFT,235.11603342688002,236.1715330517929,233.0914038855764,233.83984375,26728500
2021-02-17,MSFT,232.0894692554744,234.9650917712769,231.72399963468183,234.8592987060547,21653500
2021-02-18,MSFT,232.55112347245455,234.59964073382653,231.64707623896845,234.46499633789062,16925600
2021-02-19,MSFT,234.42647039268095,234.53226343811997,230.99301719763432,231.7528076171875,25262600
2021-02-22,MSFT,228.33861214281137,228.82909920704134,223.51062453702826,225.5399169921875,36446900
2021-02-23,MSFT,221.5198046781942,225.84767822105573,219.98099932623367,224.34735107421875,30228700
2021-02-24,MSFT,221.2120477133172,226.20353110586373,220.24068577960895,225.57839965820312,26339700
2021-02-25,MSFT,223.20288228767947,225.61686886141217,219.16353629900811,220.2310791015625,39542200
2021-02-26,MSFT,222.6739161526136,226.36703163258593,220.76002888675455,223.4914093017578,37819200
2021-03-01,MSFT,226.87677089593706,228.38672511898815,224.23195895822414,227.8769989013672,25324000
2021-03-02,MSFT,227.94428610482706,228.22320172977388,224.5204595960881,224.9243927001953,22812500
2021-03-03,MSFT,223.279813142553,224.64549595106263,218.56723082291026,218.8557586669922,34029500
2021-03-04,MSFT,218.0671372652844,223.59719816718902,215.68198738845186,218.05751037597656,44727800
2021-03-05,MSFT,220.74078515082306,224.3473463607686,217.79783355152915,222.74122619628906,41872800
2021-03-08,MSFT,222.52003591331203,224.44353542154002,218.4422263479561,218.69227600097656,35267400
2021-03-09,MSFT,223.9723063843275,226.37668097304578,222.80858262632722,224.83787536621094,33080500
2021-03-10,MSFT,227.93472347498604,227.93472347498604,223.16443757304768,223.5299072265625,29746800
2021-03-11,MSFT,225.9727277040274,230.02168593321738,225.3475815614815,228.05972290039062,29907600
2021-03-12,MSFT,225.05904836070448,226.7998276939092,224.30888474756043,226.7324981689453,22653700
2021-03-15,MSFT,225.97271669511534,226.19391501778802,222.94319632529994,225.8284454345703,26034900
2021-03-16,MSFT,227.24219835106737,230.87761072964167,226.91520700329045,228.6175079345703,28092200
2021-03-17,MSFT,227.1172182803652,229.42542669569994,224.30891051557515,227.97317504882812,29562100
2021-03-18,MSFT,223.66452881126907,225.23218566499116,221.51983088863727,221.89491271972656,34833000
2021-03-19,MSFT,222.18344837964992,223.57798268898384,220.57732793509152,221.53907775878906,46430700
2021-03-22,MSFT,221.46209350268924,227.83848363077567,221.33706135356417,226.9633026123047,30127000
2021-03-23,MSFT,228.40593872587874,231.8297652677323,228.0020056178648,228.49249267578125,31638400
2021-03-24,MSFT,228.75216387790152,228.8964204577157,226.31893839746687,226.45358276367188,25620100
2021-03-25,MSFT,226.29969681352964,227.87696566112155,222.71237470851386,223.45291137695312,34061900
2021-03-26,MSFT,222.69316616439068,227.65579858844697,222.69316616439068,227.43458557128906,25479900
2021-03-29,MSFT,227.54034233627743,227.74231621643258,223.01050977920332,226.2419891357422,25227500
2021-03-30,MSFT,224.5973912796643,224.90515820719227,222.26034670867986,222.98165893554688,24792000
2021-03-31,MSFT,224.00111959464277,229.95435241146978,223.50100565623833,226.75172424316406,43623500
2021-04-01,MSFT,229.34845404428125,233.5512955722621,228.9445209279314,233.08004760742188,30338000
2021-04-05,MSFT,233.4743613464268,240.39897120703446,233.41665871011114,239.5430145263672,36910600
2021-04-06,MSFT,238.13886553157835,239.86039119458903,237.43679229555985,238.37930297851562,22931900
2021-04-07,MSFT,238.33122444155185,241.33187923295162,237.73494423945007,240.34127807617188,22719800
2021-04-08,MSFT,243.10147460682458,244.41906699343323,242.3609232323544,243.5631103515625,23625200
2021-04-09,MSFT,243.19765015784952,246.1983193023005,242.7841048169457,246.0636749267578,24326800
2021-04-12,MSFT,244.96727170717304,247.81405726650726,244.8807030813656,246.12136840820312,27148700
2021-04-13,MSFT,247.41975820321377,249.2759282376113,247.00618349092295,248.60269165039062,23837500
2021-04-14,MSFT,247.63133499844136,248.92967367444348,245.40006854516722,245.81361389160156,23070900
2021-04-15,MSFT,248.06411197401857,249.98761152054735,247.87177962953,249.57406616210938,25627500
2021-04-16,MSFT,249.54519003796193,251.0166658707798,247.74672283677018,250.7666015625,24878600
2021-04-19,MSFT,250.23768863098698,251.47835411992395,247.95834624800946,248.8431396484375,23209300
2021-04-20,MSFT,247.95828230703108,250.24725099006432,247.0157571580563,248.38145446777344,19722900
2021-04-21,MSFT,249.03544731173668,250.70888224743643,247.41008811661283,250.61270141601562,24030400
2021-04-22,MSFT,250.25691984258333,251.76687414868886,245.8617306663179,247.33322143554688,25606200
2021-04-23,MSFT,248.0161138245233,251.50727128982706,247.42943101712885,251.16102600097656,21462600
2021-04-26,MSFT,251.65149256989199,252.401656348328,250.21849455281932,251.54568481445312,19763300
2021-04-27,MSFT,251.57453417587365,253.12296682778418,250.17038749391577,251.9496307373047,31014200
2021-04-28,MSFT,246.28484700544834,246.72727299379406,243.27458046334309,244.822998046875,46903100
2021-04-29,MSFT,245.68859868614197,246.3041179418775,239.47568881641504,242.85142517089844,40589000
2021-04-30,MSFT,240.18738532021044,243.39962592937061,240.05274094363295,242.53404235839844,30945100
2021-05-03,MSFT,243.70737597050828,244.62104995508665,241.51458775779273,242.22628784179688,19626600
2021-05-04,MSFT,241.3703223475441,241.60114755760276,236.35959997498009,238.31195068359375,32756100
2021-05-05,MSFT,239.53334731616388,239.95651947809458,236.4172880785541,237.04241943359375,21901300
2021-05-06,MSFT,237.0231967181629,240.30276652470482,235.3305226285614,240.177734375,26491100
2021-05-07,MSFT,242.50514426123223,244.57291460818138,241.56263380699912,242.8032989501953,27032900
2021-05-10,MSFT,241.2741394573549,242.10124477578267,237.66757812847843,237.72528076171875,29299900
2021-05-11,MSFT,235.1958826033332,237.16747234400336,233.29162238301817,236.81161499023438,33641600
2021-05-12,MSFT,232.90691422766648,235.03238744086832,228.96374941275505,229.85816955566406,36684400
2021-05-13,MSFT,232.55106086643914,236.20571235456518,232.18559131508619,233.7340087890625,29624300
2021-05-14,MSFT,236.18649870944293,239.64878890678136,236.0999447564151,238.65818786621094,23901100
2021-05-17,MSFT,237.1194261082235,237.15788964478247,234.2053252655451,235.80181884765625,24970200
2021-05-18,MSFT,236.8501345720607,236.98477896115793,233.60902766820809,233.7821502685547,20168000
2021-05-19,MSFT,230.6877638651082,234.46652622846455,230.0033530891012,234.36048889160156,25739800
2021-05-20,MSFT,235.17027669703222,239.0165100205825,235.07387375233668,237.59947204589844,21800700
2021-05-21,MSFT,238.6501619597259,239.38277417759997,235.922123928677,236.3366241455078,21863100
2021-05-24,MSFT,238.86224498919998,242.11083559355552,238.592334424491,241.74452209472656,21411500
2021-05-25,MSFT,242.69888201378376,243.64356908299723,241.7831128858404,242.6506805419922,17704300
2021-05-26,MSFT,242.37111974560884,243.8267247584653,241.71562680105612,242.42897033691406,17771600
2021-05-27,MSFT,242.12046985764556,242.41929836060615,240.2696482540312,240.32748413085938,24426200
2021-05-28,MSFT,241.9566218428521,242.9977118612827,240.56850181827792,240.68417358398438,18270200
2021-06-01,MSFT,242.1783219102421,242.23615779093328,238.0621781714677,238.48631286621094,23213300
2021-06-02,MSFT,239.1899744978165,240.2889001399061,236.98247409608825,238.38987731933594,19406700
2021-06-03,MSFT,236.38485739131391,237.46449969103423,234.24484161220892,236.85720825195312,25307700
2021-06-04,MSFT,238.83335115960136,242.58319621464275,238.5923585089971,241.75418090820312,25281100
2021-06-07,MSFT,240.97335057747247,244.935270070548,240.80947735136266,244.6653594970703,23079200
2021-06-08,MSFT,245.96674258742073,246.78612348356629,243.41221166410014,243.47006225585938,22455000
2021-06-09,MSFT,244.6653675483943,246.32339810233208,244.0869940329192,244.4532928466797,17937600
2021-06-10,MSFT,245.12809126875064,248.18387647853132,244.53043416982928,247.9718017578125,24563600
2021-06-11,MSFT,248.69474693138196,249.1767321950456,247.364462896783,248.59837341308594,18999700
2021-06-14,MSFT,248.60804543016368,250.58420307786673,247.54767174335376,250.5263671875,19150500
2021-06-15,MSFT,250.4106394938403,250.6227142087636,248.39594441109375,249.0514373779297,18038900
2021-06-16,MSFT,250.0539296958221,251.19140777035565,245.2533609570407,248.10671997070312,27220000
2021-06-17,MSFT,246.84389874585116,252.31924336581875,246.78606287731947,251.49986267089844,27565500
2021-06-18,MSFT,250.27567635888798,252.84946123019992,249.42737757560815,250.08287048339844,37202200
2021-06-21,MSFT,250.45880222897114,254.02547514131993,248.6272643098685,253.1675567626953,26696100
2021-06-22,MSFT,253.25434630223117,256.2137429771152,252.94586866318434,255.94383239746094,24694100
2021-06-23,MSFT,256.40647746776295,257.21620907418384,254.90268599611818,255.71241760253906,19518700
2021-06-24,MSFT,256.5703651753061,258.1994775046297,255.90522324591163,257.0812683105469,21446900
2021-06-25,MSFT,256.6379529315968,257.62119254275734,255.22091469954125,255.47152709960938,25611100
2021-06-28,MSFT,256.599363310455,259.2117156736993,256.3294526908362,259.0382080078125,19590000
2021-06-29,MSFT,259.1827681299934,261.8626051966104,258.3248496012734,261.6216125488281,19937800
2021-06-30,MSFT,260.93716184615096,261.5830055695424,259.8864375923306,261.13958740234375,21656500
2021-07-01,MSFT,259.8960405082757,262.0457050501171,259.88642080872614,261.8143615722656,16725300
2021-07-02,MSFT,262.990458422631,267.9838189235368,262.6819807793661,267.64642333984375,26458000
2021-07-06,MSFT,268.01279240823374,269.30450971180414,264.41717084024333,267.6561279296875,31565600
2021-07-07,MSFT,269.3334265040299,270.5769570309203,267.1644922775725,269.8443298339844,23260000
2021-07-08,MSFT,266.92346009994077,268.6875428172763,264.9666009084915,267.42474365234375,24618600
2021-07-09,MSFT,265.78594865890636,268.0319869902947,265.4003663407423,267.92596435546875,23916700
2021-07-12,MSFT,269.1020103084746,269.6900181971794,266.6149499259008,267.32830810546875,18931700
2021-07-13,MSFT,267.52108615678264,272.6590654647847,267.3957947012604,270.8564453125,26120100
2021-07-14,MSFT,272.1771515282098,273.43995087759686,270.4419864994417,272.3313903808594,23113700
2021-07-15,MSFT,271.8396238985117,272.33125816401554,269.74779540897265,270.9045715332031,22604200
2021-07-16,MSFT,271.9071526477115,273.8640114899297,269.39117446883466,270.63470458984375,26186800
2021-07-19,MSFT,268.88031761183106,270.2684376561935,264.56174806763556,267.0295104980469,32935600
2021-07-20,MSFT,268.01272587997516,270.84680159797193,266.3065086285469,269.2562561035156,26259700
2021-07-21,MSFT,268.8513652655665,271.37696325645936,267.29938688873733,271.26129150390625,24364300
2021-07-22,MSFT,273.6134466091008,276.1005075496673,273.20859537936786,275.8305969238281,23384100
2021-07-23,MSFT,277.0162179583788,279.5418161445663,276.1775682694742,279.2333679199219,22768100
2021-07-26,MSFT,278.58749439112125,279.2526364370559,276.3125379693512,278.63568115234375,23176100
2021-07-27,MSFT,279.00198503858365,279.14657473530417,272.7554747958883,276.21612548828125,33604100
2021-07-28,MSFT,278.57784165912227,279.69605103462703,273.60375005831014,275.90765380859375,33566900
2021-07-29,MSFT,275.926970502781,278.2212255317815,275.7727316568425,276.1776123046875,18168300
2021-07-30,MSFT,274.89556980377944,276.33187690198133,273.68095716510663,274.6449279785156,20944800
2021-08-02,MSFT,276.0425682865481,276.43779970743464,273.5169703746794,274.5580749511719,16267400
2021-08-03,MSFT,275.13647530693925,276.8812595727831,273.7676242417904,276.77520751953125,17879000
2021-08-04,MSFT,275.90763514474173,277.2282700106873,274.3941944133545,276.18719482421875,16191300
2021-08-05,MSFT,276.5438781436811,279.194797175859,275.79198228582163,279.0887451171875,13900200
2021-08-06,MSFT,278.1150686592669,279.069389801292,277.2571210086498,279.03082275390625,16589300
2021-08-09,MSFT,279.31040968260254,281.0455445501704,277.44030484500314,277.9415588378906,16117600
2021-08-10,MSFT,278.3947383229659,278.82853692377614,274.9244671886936,276.1197814941406,18616600
2021-08-11,MSFT,276.86200152431667,278.25977073088046,275.5606352661451,276.61138916015625,13955900
2021-08-12,MSFT,276.30283684367316,279.5224944073813,276.0232771942792,279.3682556152344,14561300
2021-08-13,MSFT,279.05019120849465,282.3469538476738,278.87665416060753,282.29876708984375,18249000
2021-08-16,MSFT,282.62651582587677,284.19779246209333,279.5707163690693,283.9857177734375,22507600
2021-08-17,MSFT,281.8553646766232,282.8578728727567,280.592536185062,282.5204772949219,20075300
2021-08-18,MSFT,282.05690357195914,284.741870784257,280.34739044485804,280.79168701171875,21813000
2021-08-19,MSFT,278.82137366846274,287.3012354570532,278.77309466681965,286.6251525878906,29850500
2021-08-20,MSFT,289.4744085607878,295.3851984971532,287.8711502652428,293.9557800292969,40817600
2021-08-23,MSFT,292.8836425777973,294.96014066163036,291.5315063470008,294.23577880859375,22830200
2021-08-24,MSFT,294.59322134017,295.2016902096625,291.67646727816117,292.2752685546875,18175800
2021-08-25,MSFT,293.89779358408,294.177888473637,290.1504523062321,291.68609619140625,20006100
2021-08-26,MSFT,290.7009502786529,292.0917276855508,288.7307068475188,288.86590576171875,17666100
2021-08-27,MSFT,288.7693089617846,290.5850477108611,286.6831429186562,289.474365234375,22605700
2021-08-30,MSFT,290.82646975740784,293.8205048461803,290.76852316321674,293.2120361328125,16348100
2021-08-31,MSFT,294.01375861015157,294.09101093165754,291.1935625480944,291.5605773925781,26285300
2021-09-01,MSFT,292.5166944665886,294.7573947160675,291.1838636375992,291.5122375488281,18983800
2021-09-02,MSFT,291.869531938692,292.98985227317246,289.9185652567679,290.85540771484375,16285600
2021-09-03,MSFT,290.70092922538174,292.25590820944143,289.9959024554989,290.8458251953125,14747900
2021-09-07,MSFT,290.72028392327735,290.7975362346447,288.0063433181321,289.91864013671875,17180400
2021-09-08,MSFT,289.53230752909224,290.3339218077792,287.3012750177518,289.9476013183594,15046800
2021-09-09,MSFT,290.5368072321189,291.81169156216345,286.84738264412715,287.0888366699219,19927000
2021-09-10,MSFT,288.21882300502165,289.66754700158504,285.2827341191642,285.6014404296875,19633400
2021-09-13,MSFT,287.3785010149175,288.3346787710662,284.02711875904106,286.837646484375,23652900
2021-09-14,MSFT,289.3199048809938,291.08736507153753,287.9098214507867,289.54205322265625,21853400
2021-09-15,MSFT,292.8932931699764,294.8828712529058,291.5025161349092,294.39996337890625,28356300
2021-09-16,MSFT,293.3763545113973,294.87335791414677,290.4789057517226,294.78643798828125,19550800
2021-09-17,MSFT,293.77225856159816,294.0909648651454,289.2908582826248,289.6192321777344,41372500
2021-09-20,MSFT,286.20022923488347,288.5085435171126,279.623024933343,284.2396240234375,38278700
2021-09-21,MSFT,285.58212453468485,287.3688899615911,284.0175073900998,284.7225341796875,22364100
2021-09-22,MSFT,286.5865552261978,289.9572431984659,284.44244280452375,288.373291015625,26626300
2021-09-23,MSFT,288.6340727004144,290.61398340339673,287.35918870442185,289.3197937011719,18604600
2021-09-24,MSFT,288.03526486597605,289.55157331474214,286.7796866055234,289.1169738769531,14999000
2021-09-27,MSFT,286.0167639204759,286.3354702312346,282.92614093577845,284.1141052246094,23571700
2021-09-28,MSFT,279.8935103180058,280.8400207619936,273.08451820554654,273.82818603515625,43186200
2021-09-29,MSFT,275.35409028586133,276.9669861651131,273.33553880217,274.29168701171875,26353700
2021-09-30,MSFT,275.9432889541892,277.99081421651636,271.99310493878147,272.2828674316406,32343600
2021-10-01,MSFT,272.475971258081,280.06729939899645,271.6743570466697,279.2173767089844,30086300
2021-10-04,MSFT,277.5755184047133,277.91355990677107,270.66993975281525,273.4321594238281,31350700
2021-10-05,MSFT,274.3400234963345,280.472961002074,274.3400234963345,278.8890380859375,24993000
2021-10-06,MSFT,276.010853750545,283.5925141040802,275.75009408057105,283.09027099609375,28002600
2021-10-07,MSFT,285.0895498059593,286.49966233803923,283.8726417312136,284.7708435058594,20430500
2021-10-08,MSFT,286.0940066635479,286.49966233803923,283.7181076397104,284.7708435058594,17685700
2021-10-11,MSFT,282.90681109582425,287.7841696820927,282.7426094213775,284.1720275878906,19298600
2021-10-12,MSFT,285.2440321376334,285.3406196115918,282.3562523547369,282.8681335449219,17974100
2021-10-13,MSFT,284.82883257895594,287.1178120440939,283.4573607338318,286.18096923828125,23416300
2021-10-14,MSFT,288.9817603776688,292.90297048133476,287.64892975117283,292.4007568359375,27262900
2021-10-15,MSFT,292.00472034073283,294.0426068302674,290.246928661948,293.810791015625,25384800
2021-10-18,MSFT,293.19277722849347,297.67414824934616,292.3428544122026,296.7856140136719,22729300
2021-10-19,MSFT,297.809344121962,298.72685155917264,296.7179674190472,297.6934509277344,17682100
2021-10-20,MSFT,298.6400075971372,299.11327755971956,295.6459715960736,296.90155029296875,16537100
2021-10-21,MSFT,296.66971746103866,300.38808552882756,295.88737937467477,300.1369934082031,16918100
2021-10-22,MSFT,299.7893078396651,300.45572329837756,297.27818011582957,298.5917053222656,17449300
2021-10-25,MSFT,298.7848587843714,298.82349968174236,295.9839979495355,297.596923828125,17554500
2021-10-26,MSFT,300.36874557406037,301.72088194222226,298.05079330373104,299.5091552734375,28107300
2021-10-27,MSFT,305.19788831248667,314.95263684013287,305.19788831248667,312.122802734375,52588700
2021-10-28,MSFT,313.24305495530734,313.764603789262,310.3745805800996,313.26239013671875,26297900
2021-10-29,MSFT,313.0499524443534,320.65091983416227,312.82780414815437,320.2839050292969,34766000
2021-11-01,MSFT,320.0326816171505,320.15824237617113,315.2132706244318,318.1107177734375,27073200
2021-11-02,MSFT,319.0186709413644,322.05134723722267,318.71927034838023,321.7422790527344,26487100
2021-11-03,MSFT,322.4859320437034,323.45174797044365,319.3470302817975,322.58251953125,21500100
2021-11-04,MSFT,321.51048263206366,325.0357049205787,318.24602003675443,324.9391174316406,23992200
2021-11-05,MSFT,326.9383432170597,327.20877048468907,322.98815980180524,324.57208251953125,22570100
2021-11-08,MSFT,325.76973752761745,326.1077790354794,323.00751780917733,325.4703369140625,20897000
2021-11-09,MSFT,325.5862019162056,327.141180927912,323.09440972505246,324.46588134765625,21307400
2021-11-10,MSFT,323.1330887976744,323.19103540377864,318.64204997839,319.491943359375,25500900
2021-11-11,MSFT,319.9265064583286,322.36035183631327,319.21181214739465,321.066162109375,16849800
2021-11-12,MSFT,322.5052609389951,325.7021092362378,322.3797001550684,325.20953369140625,23831000
2021-11-15,MSFT,326.001507143793,326.3298810128746,322.6114839029454,324.5817565917969,16723000
2021-11-16,MSFT,324.2050832986667,329.0245248169212,324.0409110967214,327.9041748046875,20886800
2021-11-17,MSFT,327.95258165019357,331.0972263739965,327.04305127550737,328.1267395019531,19053400
2021-11-18,MSFT,327.2172638831465,331.34886284820635,326.19162810232604,330.20709228515625,22463500
2021-11-19,MSFT,331.5325691400845,333.91281444798153,331.10683036588733,331.9873046875,21963400
2021-11-22,MSFT,333.44842063285876,338.3347320880204,328.5427681495114,328.8136901855469,31031100
2021-11-23,MSFT,326.12378600321955,328.4460084531874,322.7469313241808,326.7333679199219,30427600
2021-11-24,MSFT,325.3787981778286,327.1978588759329,323.0856312760888,326.9559631347656,21661300
2021-11-26,MSFT,323.5113311922407,326.9752647962539,317.48327941794133,318.9927062988281,24217200
2021-11-29,MSFT,324.08231136699334,328.0397230138688,323.88878292045416,325.717529296875,28563500
2021-11-30,MSFT,324.4499077650363,326.8301534505589,318.32509142216554,319.87322998046875,42885600
2021-12-01,MSFT,324.2660412742455,328.2815041469173,318.7121252323069,319.3797302246094,33337600
2021-12-02,MSFT,319.59263875837576,322.6792307522383,317.17368136684007,318.80889892578125,30766000
2021-12-03,MSFT,321.2278153745193,321.91482044651934,307.7203672897264,312.5389404296875,41779300
2021-12-06,MSFT,313.4484383349509,316.8349779022691,308.88144665160763,315.6158142089844,30032600
2021-12-07,MSFT,320.8891653754491,324.914283730808,319.39907963541896,324.0628356933594,31021900
2021-12-08,MSFT,324.4402417546736,324.6240848803563,320.07643313181967,324.11126708984375,24761000
2021-12-09,MSFT,323.5694417964225,325.58200148890126,321.35366840903873,322.3019104003906,22214200
2021-12-10,MSFT,324.1209277504692,331.8809319131235,323.93708463875004,331.43585205078125,38095700
2021-12-13,MSFT,329.63621029080366,332.6454091492274,328.088071392882,328.397705078125,28899400
2021-12-14,MSFT,322.41794531464876,323.7919258980835,313.60325055577465,317.6961364746094,44438700
2021-12-15,MSFT,317.957396355384,324.32410824827537,313.9806448880069,323.8016052246094,35381100
2021-12-16,MSFT,324.82724448403934,325.84322423785716,312.5486152193238,314.36767578125,35034800
2021-12-17,MSFT,310.4780795572505,314.3871236713589,306.96574806993743,313.30340576171875,47750300
2021-12-20,MSFT,309.6749054842462,312.3357585464639,307.2753187116958,309.5394592285156,28326500
2021-12-21,MSFT,312.8099049572173,317.10597568318013,309.4330203308387,316.68023681640625,24740600
2021-12-22,MSFT,317.6574409711616,322.79530359298326,315.1901164906838,322.39862060546875,24831500
2021-12-23,MSFT,321.96324913227005,325.4852654901964,321.94390810210103,323.8403625488281,19617800
2021-12-27,MSFT,324.58530086724966,331.377750666587,324.55627456589707,331.3487243652344,19947000
2021-12-28,MSFT,332.0261155001983,332.6647238523587,329.2878684793036,330.1877136230469,15661500
2021-12-29,MSFT,330.2360072562147,333.1387557390819,328.6685277999919,330.8649597167969,15042000
2021-12-30,MSFT,330.82625699451927,332.0067092569597,327.8364295204996,328.3202209472656,15994500
2021-12-31,MSFT,327.5364893328757,328.35891115617534,324.962715335164,325.41748046875,18000800
2022-01-03,MSFT,324.4789321117376,327.0430208965413,319.08948826047026,323.89837646484375,28865100
2022-01-04,MSFT,323.975761808593,324.33379227694843,315.5481232153685,318.3444519042969,32674300
2022-01-05,MSFT,315.2965689226274,315.4997826044344,305.73687408915134,306.1239013671875,40054300
2022-01-06,MSFT,302.9986098361541,308.3687131905766,301.39241851651343,303.7049560546875,39646100
2022-01-07,MSFT,303.9661306277529,306.2399561127619,300.0377468231346,303.8597106933594,32720000
2022-01-10,MSFT,299.4572001340922,304.51766895717213,294.81281436875065,304.0822448730469,44289500
2022-01-11,MSFT,303.22111812680726,306.3463918328574,299.8442634308143,304.7692565917969,29386800
2022-01-12,MSFT,309.3072765675064,312.92602760824207,306.80121056428135,307.95263671875,34372200
2022-01-13,MSFT,310.0812872347779,310.477999759612,294.14519599434743,294.91925048828125,45366000
2022-01-14,MSFT,294.3870361687396,300.7440615879135,293.9032448192429,300.1441650390625,39846400
2022-01-18,MSFT,294.2129701112616,299.7572018071977,291.95848518377585,292.8389892578125,42333200
2022-01-19,MSFT,296.3610152786243,303.73399326140634,292.887395735505,293.4969482421875,45933900
2022-01-20,MSFT,299.0508119575389,301.54716249622516,291.3778877257741,291.8229675292969,35380700
2022-01-21,MSFT,292.87776246913035,294.2517140833779,286.02725684690375,286.43365478515625,57984400
2022-01-24,MSFT,282.7277385199471,287.4785446299873,267.1012508783427,286.7625427246094,85731500
2022-01-25,MSFT,282.0697140187218,285.4272273586473,275.9255871490297,279.137939453125,72848600
2022-01-26,MSFT,298.0058564603818,298.4993332025726,283.5308241295649,287.0915222167969,90428900
2022-01-27,MSFT,292.8485854357747,297.33815383835616,288.2719086047379,290.1199951171875,53481300
2022-01-28,MSFT,290.49746041765246,298.4800203242128,284.90483174909696,298.26715087890625,49743700
2022-01-31,MSFT,298.93479441062544,302.25359717758414,296.4384136116129,300.89898681640625,46444500
2022-02-01,MSFT,300.347421459454,300.5602908856212,295.2385847597286,298.75091552734375,40950400
2022-02-02,MSFT,299.5926934910757,304.9047140821634,298.8670063271222,303.29852294921875,36636000
2022-02-03,MSFT,299.45728072069,301.1408953745366,290.2362150650332,291.4844055175781,43730000
2022-02-04,MSFT,290.4781077150337,298.7896428155665,290.245897225258,296.0223693847656,35096500
2022-02-07,MSFT,296.24481373026026,297.86066033330695,290.1780511909606,291.19403076171875,28533300
2022-02-08,MSFT,291.48437542272796,295.65465574286134,290.2265293484021,294.68707275390625,32421200
2022-02-09,MSFT,299.82490244451157,301.81812081600225,297.4253157990667,301.1214599609375,31284700
2022-02-10,MSFT,294.183888778049,299.0991965098226,290.95216570355126,292.57769775390625,45386200
2022-02-11,MSFT,293.3614411464584,294.42578816713433,284.68222196376286,285.47564697265625,39175600
2022-02-14,MSFT,284.24678271615846,287.13987530826006,281.9052489238554,285.4369201660156,36359500
2022-02-15,MSFT,290.2846563071421,291.04902580380264,287.3915623500104,290.729736328125,27058300
2022-02-16,MSFT,289.29468550260657,291.7186447665817,284.7473355562415,290.39031982421875,29982100
2022-02-17,MSFT,287.3458164377349,287.7724356407643,281.17927819469634,281.8870849609375,32461600
2022-02-18,MSFT,284.13647420172526,284.92183458390497,277.601489929,279.1722106933594,34264000
2022-02-22,MSFT,276.331359038796,282.6724448259665,275.8465671808332,278.9686279296875,41736100
2022-02-23,MSFT,281.35378660921566,282.8275727475832,271.5803960838196,271.7452087402344,37811200
2022-02-24,MSFT,264.2212168610139,286.1822778670693,263.2613090468984,285.6296081542969,56989700
2022-02-25,MSFT,286.1628965358633,288.57715005097384,282.7790299038215,288.2668762207031,32546700
2022-02-28,MSFT,285.35812887426613,290.04123393567045,284.087976805865,289.7018737792969,34627500
2022-03-01,MSFT,287.3846078844976,290.84602885663736,283.2638770860494,285.9787292480469,31217800
2022-03-02,MSFT,286.37619041849695,292.30036144633044,284.76670772312764,291.0592956542969,31873000
2022-03-03,MSFT,293.6771882703284,293.90987886372875,285.10604328173724,286.919189453125,27314500
2022-03-04,MSFT,285.33879636039853,286.6671212997695,278.43536512644255,281.04351806640625,32356500
2022-03-07,MSFT,279.75396452482715,280.8786850901457,270.0581281920922,270.42657470703125,43157200
2022-03-08,MSFT,269.35029539224405,275.3229335452845,261.7875556211475,267.4596252441406,48159500
2022-03-09,MSFT,274.8188230959986,280.7914626038532,272.2397267456058,279.72491455078125,35204500
2022-03-10,MSFT,274.41157459600157,277.8827008939295,272.0457879450381,276.9034118652344,30628000
2022-03-11,MSFT,279.2012996634574,280.7041720750728,270.93075230973267,271.5513000488281,27209300
2022-03-14,MSFT,271.813047149481,276.71913751452684,267.43054018316315,268.03167724609375,30660700
2022-03-15,MSFT,271.822797240653,279.06558869061246,270.2520763750094,278.41595458984375,34245100
2022-03-16,MSFT,280.31624023029934,285.6101868544143,274.58602842276696,285.4356689453125,37826300
2022-03-17,MSFT,284.369189223697,286.6186007423343,280.56840840023403,286.240478515625,30816600
2022-03-18,MSFT,286.38584155941965,291.8446007868361,283.8261567927943,291.29193115234375,43390600
2022-03-21,MSFT,289.79889199333064,291.0108716421582,285.9302328335173,290.0606689453125,28351200
2022-03-22,MSFT,290.6811188141461,295.72296480391606,289.6824490018245,294.8115539550781,27599700
2022-03-23,MSFT,291.3696401752131,294.0069093216569,288.66449306063384,290.3806457519531,25715400
2022-03-24,MSFT,290.0412760670834,294.9473671178432,289.2462103485092,294.85040283203125,24484500
2022-03-25,MSFT,295.9460487854715,296.20782573706765,290.18671913558006,294.44317626953125,22566500
2022-03-28,MSFT,295.0733614546366,301.346568476762,295.0733614546366,301.2496337890625,29578200
2022-03-29,MSFT,304.3620002900689,306.21390857071964,299.64980847038635,305.8163757324219,30393400
2022-03-30,MSFT,304.21654187968613,306.33993220572023,302.10282726832855,304.3134765625,28163600
2022-03-31,MSFT,304.3522806882295,305.55458445151703,298.5251034770213,298.93231201171875,33422100
2022-04-01,MSFT,299.9601090176987,300.69700210930256,296.24661641051176,300.00860595703125,27110500
2022-04-04,MSFT,300.65819745176503,305.5254968355015,300.2897509219235,305.3897705078125,24289600
2022-04-05,MSFT,303.7414225568673,305.29276212664746,300.44484446442266,301.42413330078125,23156700
2022-04-06,MSFT,295.9072534761738,297.6621976161441,287.6851730006055,290.39031982421875,40110400
2022-04-07,MSFT,287.63663922691137,294.4140182952895,287.3360707147367,292.203369140625,31411200
2022-04-08,MSFT,291.30165053832746,291.9609601748586,287.2681798847174,287.93719482421875,24361900
2022-04-11,MSFT,282.91478374664115,283.7098197455941,276.33130335708324,276.5834045410156,34569300
2022-04-12,MSFT,280.44240903056135,281.8967847315319,271.95855077489966,273.4808044433594,30966700
2022-04-13,MSFT,274.1303944317771,279.80243508000837,272.7438673323913,278.87164306640625,21907200
2022-04-14,MSFT,279.3273432160326,279.54065279729,270.82410546962507,271.3185729980469,28221600
2022-04-18,MSFT,270.4265639610484,273.8685738866559,269.8738942106014,271.9875793457031,20778000
2022-04-19,MSFT,270.88224409138223,277.46572436879006,269.94174690889537,276.6221618652344,22297700
2022-04-20,MSFT,280.59750599779863,280.88839885014346,276.6900850216622,277.64996337890625,22906700
2022-04-21,MSFT,279.8024222293234,284.37885800425323,271.5415806106492,272.2687683105469,29454600
2022-04-22,MSFT,273.11237909297915,274.58616552169906,265.064844757839,265.695068359375,29405800
2022-04-25,MSFT,264.9775192651805,272.5596407849809,262.5341495736,272.1815185546875,35678900
2022-04-26,MSFT,269.0594525267125,269.89328023075717,261.7875754313959,262.0008850097656,46518400
2022-04-27,MSFT,273.5195094539181,282.1197103075881,270.66893161567555,274.6054382324219,63477700
2022-04-28,MSFT,276.5154820651553,282.1293780301423,272.89892546371993,280.8204345703125,33646600
2022-04-29,MSFT,279.83153709016864,281.0629273247488,268.0898927013259,269.078857421875,37073900
2022-05-02,MSFT,269.2630493387839,276.27314931657503,267.8183792644711,275.81744384765625,35151100
2022-05-03,MSFT,275.3230056361228,275.4878479002829,271.62889375112417,273.2093200683594,25978600
2022-05-04,MSFT,273.99467385045364,282.0325315839858,268.31292716452356,281.159912109375,33599300
2022-05-05,MSFT,276.8549558835807,277.6403163642119,265.99560590571105,268.9140625,43260400
2022-05-06,MSFT,266.4512719319163,270.7562255668046,263.0189376361337,266.37371826171875,37780300
2022-05-09,MSFT,261.84573831970226,264.0757687100623,255.31075448225116,256.53240966796875,47726000
2022-05-10,MSFT,263.4262167504731,265.42355694885816,257.0075769295124,261.3028259277344,39336400
2022-05-11,MSFT,257.5989842571217,263.1062124421762,251.41303566228873,252.62501525878906,48975900
2022-05-12,MSFT,249.85199770937754,251.97538813892353,242.41529334839248,247.5831756591797,51033800
2022-05-13,MSFT,249.52241385206676,255.03934841717708,247.58324611991836,253.177734375,34925100
2022-05-16,MSFT,252.05297536549674,257.7347513466333,248.0001225205669,253.546142578125,32550900
2022-05-17,MSFT,258.0158590570985,260.168335678037,254.47688508920922,258.70428466796875,28828800
2022-05-18,MSFT,255.59441054369825,256.1775215944614,245.65247241501044,246.9255828857422,31356000
2022-05-19,MSFT,246.75063363367587,250.41449629814898,244.78752382257517,246.0120391845703,32692300
2022-05-20,MSFT,249.99660787697098,251.26002017736235,239.50072692589913,245.44839477539062,39199300
2022-05-23,MSFT,248.2958846153238,254.1366489134325,246.29387790737587,253.31057739257812,33175400
2022-05-24,MSFT,250.62831809064022,253.9714268912015,246.36191797727767,252.30958557128906,29043900
2022-05-25,MSFT,250.87128699874697,257.1299216663202,249.88971717072658,255.1279296875,28547900
2022-05-26,MSFT,254.88495947054466,259.5886706159191,254.0686158494394,258.4127502441406,25002100
2022-05-27,MSFT,260.92010410159867,265.643241139635,260.0259965721128,265.5460510253906,26910800
2022-05-31,MSFT,264.8561104686971,267.0330271517111,261.3574731865208,264.2146911621094,37827700
2022-06-01,MSFT,267.4508952453175,269.8707720178327,262.4361876229135,264.7491760253906,25292200
2022-06-02,MSFT,257.00356501404997,266.9163331602478,254.2338100694297,266.8482971191406,44008200
2022-06-03,MSFT,262.69855996137693,265.75015751179075,260.8520664352407,262.4167175292969,28059000
2022-06-06,MSFT,264.3992892425282,266.4595892028753,259.6955782848042,261.1824951171875,22400300
2022-06-07,MSFT,259.13195514945534,265.439199996227,258.45165391231484,264.8269348144531,22860700
2022-06-08,MSFT,264.0591589961378,265.3128433735348,262.01828503853517,262.7957763671875,17372300
2022-06-09,MSFT,260.23981256874225,265.03098582947564,257.1785166356976,257.3340148925781,26439700
2022-06-10,MSFT,253.24253313611206,253.24253313611206,245.41921820228913,245.86627197265625,31422800
2022-06-13,MSFT,238.20815546124874,242.00806063802048,234.72895987314584,235.4384002685547,46135800
2022-06-14,MSFT,236.99335622167607,238.82042366109098,234.70952192240742,237.60562133789062,28651500
2022-06-15,MSFT,241.31804702603347,248.11122688546928,239.4812665255515,244.6708984375,33111700
2022-06-16,MSFT,239.05366802425112,240.453122742363,236.17702428513732,238.07211303710938,33169200
2022-06-17,MSFT,237.80972023794652,243.4464064672868,237.1585879163122,240.67665100097656,43084800
2022-06-21,MSFT,243.21313352857806,247.57670872846134,242.48425214861203,246.59515380859375,29928300
2022-06-22,MSFT,244.79726053472527,249.92859951301043,243.32005666477755,246.00234985351562,25939900
2022-06-23,MSFT,248.37363027538592,252.0666174651717,246.48825470193722,251.5709686279297,25861400
2022-06-24,MSFT,254.4378861963467,260.43416284351514,254.350423997837,260.16204833984375,33923200
2022-06-27,MSFT,260.65770592471864,260.74516813613343,255.86653250823528,257.43121337890625,24615100
2022-06-28,MSFT,256.54680910735476,259.39429846410957,249.10249735843755,249.25799560546875,27295500
2022-06-29,MSFT,250.33670338913439,254.59337483903536,248.55823127416383,252.93153381347656,20069800
2022-06-30,MSFT,249.81193566577983,252.22211413062385,245.77879792014835,249.59812927246094,31730900
2022-07-01,MSFT,249.17054274453085,252.4553432396003,247.4406506324261,252.27069091796875,22837700
2022-07-05,MSFT,248.94698475698186,255.5749525705064,247.56697125969262,255.4486083984375,22941000
2022-07-06,MSFT,256.3233272793408,260.443927865149,255.0113346488174,258.71405029296875,23824400
2022-07-07,MSFT,257.65476640410424,261.4838265556157,257.55757626486593,260.8424072265625,20859900
2022-07-08,MSFT,257.3340180308074,260.55081225996196,255.87625522031703,260.1231994628906,19658800
2022-07-11,MSFT,258.169743253347,259.02496869990176,254.7974513473784,257.0618591308594,19455200
2022-07-12,MSFT,258.39329412629985,258.45160225974297,244.9429927815693,246.527099609375,35868500
2022-07-13,MSFT,243.14510795246753,246.41049706934726,241.12367518210107,245.60386657714844,29497400
2022-07-14,MSFT,243.51442327742907,247.95573289017767,239.01479069630014,246.9255828857422,25102800
2022-07-15,MSFT,248.51939960298733,253.0384582835576,247.59615280932707,249.49124145507812,29774100
2022-07-18,MSFT,252.43595113538595,253.49525532129357,246.16757340891874,247.0908203125,20975000
2022-07-19,MSFT,250.32701866110767,252.40677452243568,246.53684125681795,252.2221221923828,25012600
2022-07-20,MSFT,252.58174879832717,257.41180508665093,251.61963463686516,254.885009765625,22788300
2022-07-21,MSFT,252.47477933086478,257.43117824236685,249.79248658053865,257.382568359375,22404700
2022-07-22,MSFT,257.7713097746288,257.8587719777169,251.77506247182694,253.02871704101562,21881300
2022-07-25,MSFT,253.65078046030692,254.1367014956715,249.5787598112905,251.5418701171875,21056000
2022-07-26,MSFT,252.5428140385053,252.56226985718692,242.5425825526762,244.8069610595703,39348000
2022-07-27,MSFT,253.80624175463643,262.4459010817631,251.56128927114813,261.17279052734375,45994000
2022-07-28,MSFT,262.1543304686785,270.01652721920226,260.32726310507684,268.6268005371094,33459300
2022-07-29,MSFT,269.88049153738285,274.05939959701226,268.84061364788005,272.8348693847656,32152800
2022-08-01,MSFT,269.9971103708195,273.3596748735574,268.0728528273835,270.1817626953125,21539600
2022-08-02,MSFT,268.22833970476506,270.0651349626204,264.71027709598764,267.0815734863281,22754200
2022-08-03,MSFT,268.966905739411,275.5171089988663,268.82110576466056,274.51611328125,23518900
2022-08-04,MSFT,273.86505032359116,275.8087342283953,272.28097285411656,275.6629638671875,18098700
2022-08-05,MSFT,271.2895914803258,275.6628789184555,270.8328247171243,274.9437255859375,16774600
2022-08-08,MSFT,276.0516785842541,277.86904784198094,271.4548853993135,272.4267272949219,18739200
2022-08-09,MSFT,271.7658486047469,275.1089570301665,269.7929813266096,274.3509216308594,23405200
2022-08-10,MSFT,280.05564739805516,281.64945243011664,278.8602713803168,281.01776123046875,24687800
2022-08-11,MSFT,282.66025129822157,283.01010018184206,278.44246058218863,278.9380798339844,20065900
2022-08-12,MSFT,280.3569279405796,283.6903381347656,278.8602832920289,283.6903381347656,22619700
2022-08-15,MSFT,282.80594014927584,285.8963896968433,281.940986783647,285.2063903808594,18085700
2022-08-16,MSFT,283.76810711776506,285.7604008093183,282.24233787382076,284.46783447265625,18102900
2022-08-17,MSFT,282.1791095942932,285.69492065907355,281.91616605164813,283.7178955078125,18253400
2022-08-18,MSFT,282.61739830194875,284.2925155216381,281.53634866422476,282.5979309082031,17186200
2022-08-19,MSFT,281.3610379905131,281.7019105508063,278.10820013531355,278.68280029296875,20570000
2022-08-22,MSFT,274.71900818026165,275.0890966994029,269.9858458890411,270.50201416015625,25061100
2022-08-23,MSFT,269.2262268066406,271.58305961695726,268.2133575622362,269.2262268066406,17527400
2022-08-24,MSFT,268.2231425968554,269.99565658530935,267.93095330444964,268.5932312011719,18137000
2022-08-25,MSFT,270.09294921143464,271.73885036051576,267.3562796674805,271.57330322265625,16583400
2022-08-26,MSFT,271.79731971202773,273.02444918596143,260.98700095652805,261.0941162109375,27549300
2022-08-29,MSFT,258.9125930668451,260.4221335952859,256.96478349661675,258.30877685546875,20338500
2022-08-30,MSFT,259.71121737335454,260.081276247606,253.8580397603448,256.1077575683594,22767100
2022-08-31,MSFT,258.4645698996899,260.1396573690213,254.51048966845536,254.6468505859375,24791800
2022-09-01,MSFT,252.1146484013072,254.0819544757494,248.7449472168433,253.60472106933594,23263400
2022-09-02,MSFT,254.8708733039259,257.831522209211,247.8295315839085,249.37803649902344,22855400
2022-09-06,MSFT,249.5144035204149,251.10184326326072,245.36555986305348,246.64137268066406,21328200
2022-09-07,MSFT,248.05352047263693,252.07573671931658,246.61214569878825,251.3550567626953,24126700
2022-09-08,MSFT,250.79019548540293,253.63398041445726,248.1411587926692,251.77381896972656,20319900
2022-09-09,MSFT,253.7022135226594,258.3087941645709,253.49770182602154,257.5588684082031,22084700
2022-09-12,MSFT,258.84438857917326,260.47082249672275,258.24057242382844,259.6916809082031,18747700
2022-09-13,MSFT,252.08548374554073,253.60477266828747,245.02467481719648,245.41424560546875,33353300
2022-09-14,MSFT,246.91404207019949,247.59577234574667,243.33981382641142,245.6382293701172,23913000
2022-09-15,MSFT,243.25218674358922,244.83964133633745,237.65223458820603,238.97674560546875,31530900
2022-09-16,MSFT,237.88595437992277,238.89882358010237,235.74336703268992,238.3534393310547,39791800
2022-09-19,MSFT,236.14266785813606,238.7429915584572,234.56494703921464,238.13917541503906,26826900
2022-09-20,MSFT,235.7531105348159,237.15552077631924,233.38651445985508,236.12318420410156,26660300
2022-09-21,MSFT,237.89570341294743,241.1972397263064,232.66582510868037,232.7145233154297,28625600
2022-09-22,MSFT,231.66271451815115,237.49640922958957,231.37055498618827,234.69155883789062,31061200
2022-09-23,MSFT,233.28911605979133,234.83763576552224,229.06237339573931,231.71139526367188,34176000
2022-09-26,MSFT,230.86413664978284,235.1493118410879,230.71804201288802,231.25369262695312,27694200
2022-09-27,MSFT,233.7176772466721,235.4901911726715,228.38068293229503,230.2408447265625,27018700
2022-09-28,MSFT,230.63034693887,236.0063045149293,228.60462357889685,234.77919006347656,29029700
2022-09-29,MSFT,232.65609511384054,233.68843172668625,228.29300618270508,231.3023681640625,27484200
2022-09-30,MSFT,232.07173317953664,234.26301864836014,226.6568256876074,226.8223876953125,35694800
2022-10-03,MSFT,229.26689591019425,235.30510173349654,228.5364674268769,234.4578094482422,28880400
2022-10-04,MSFT,238.69429935915923,243.82678128918718,238.58716924773375,242.38540649414062,34888400
2022-10-05,MSFT,239.57082618879338,244.04104526402548,237.73014687189743,242.69705200195312,20347100
2022-10-06,MSFT,241.46019588133413,243.80730987931113,239.65848102253324,240.34994506835938,20239900
2022-10-07,MSFT,234.61365108204038,235.02270415917158,227.08537143722725,228.12745666503906,37769600
2022-10-10,MSFT,226.96849528328906,228.43908604327487,220.81341039260693,223.2676544189453,29743600
2022-10-11,MSFT,221.6801990277238,223.08262427444694,218.2617986342917,219.5278778076172,30474000
2022-10-12,MSFT,219.51813616452623,221.91394851325393,218.1157257342309,219.8590087890625,21903900
2022-10-13,MSFT,214.1129677426173,229.93892011570614,213.4117551255457,228.12745666503906,42551800
2022-10-14,MSFT,229.39350803929838,231.04915792889818,222.38139712434594,222.5956573486328,30198600
2022-10-17,MSFT,229.66623513189379,232.72429558367523,229.00397214596376,231.33160400390625,28142300
2022-10-18,MSFT,236.89258935569006,237.56457112933387,229.22794910689007,232.27627563476562,26329600
2022-10-19,MSFT,230.8543900542244,233.3573325536837,228.1761518217301,230.3090057373047,19985700
2022-10-20,MSFT,229.61750568038707,235.01293095415457,228.7409825706679,229.98757934570312,21811000
2022-10-21,MSFT,228.61442652290813,236.65887511740925,228.3806840124793,235.8018341064453,26299700
2022-10-24,MSFT,237.39898019034277,241.37251274570207,235.00318319381745,240.79791259765625,24911200
2022-10-25,MSFT,240.80765754624483,244.48901592120419,239.4149810348262,244.1189422607422,34775500
2022-10-26,MSFT,225.13753575748976,232.0814806550544,224.05650100348495,225.28363037109375,82543200
2022-10-27,MSFT,225.01091472477094,227.5917708595728,219.88818182214035,220.83287048339844,40424600
2022-10-28,MSFT,220.33621230472642,230.42586594040267,220.15116802762412,229.71490478515625,40647700
2022-10-31,MSFT,227.65997973649493,228.7897128662686,225.1180876248081,226.07252502441406,28357300
2022-11-01,MSFT,228.47808195250082,229.5883328783212,221.39778958786448,222.2158660888672,30592300
2022-11-02,MSFT,223.47217862480318,225.26415970324368,214.2979832888999,214.35643005371094,38407000
2022-11-03,MSFT,214.3467195335441,214.65837622541704,208.39616017615208,208.65911865234375,36633900
2022-11-04,MSFT,211.87297194348153,215.80754042041704,207.86047444612015,215.61276245117188,36789100
2022-11-07,MSFT,216.1970958555256,222.44956184578618,215.50561702414757,221.92364501953125,33498000
2022-11-08,MSFT,222.7319752355517,225.60499078425556,219.94660753280243,222.8975372314453,28192500
2022-11-09,MSFT,221.43670467861034,222.66383409917907,218.4760409587585,218.65133666992188,27852900
2022-11-10,MSFT,229.2863898892027,236.98024638861136,228.8676179766348,236.63937377929688,46268000
2022-11-11,MSFT,236.64910797482275,241.5186314660159,235.61675651178047,240.66159057617188,34620200
2022-11-14,MSFT,235.67522458522933,237.54511999164188,232.9677704681792,235.2467041015625,31123300
2022-11-15,MSFT,239.24944207060548,240.5544708560725,233.76635362727728,235.65573120117188,31390100
2022-11-16,MSFT,237.12067984603283,238.10710518850516,234.80602574594815,236.08543395996094,24093300
2022-11-17,MSFT,232.22769437449384,237.56996781309624,232.08120292470986,236.03662109375,23123500
2022-11-18,MSFT,237.82386161024547,238.0485016751928,233.44847699378025,235.58734130859375,27613500
2022-11-21,MSFT,235.79244700156886,238.95679628172485,235.55806069358533,236.39797973632812,26394700
2022-11-22,MSFT,237.90201790004144,239.58185601879657,235.08927783112682,239.3083953857422,19665700
2022-11-23,MSFT,239.38650323520181,242.48247963370116,238.5661214247604,241.798828125,19508500
2022-11-25,MSFT,241.53514812666896,242.89269012573502,240.9686897159274,241.71095275878906,9200800
2022-11-28,MSFT,240.33384745829161,240.89052977739965,235.17714064846845,236.11471557617188,24778200
2022-11-29,MSFT,235.76313137502686,237.1206732847148,232.64763267479685,234.71812438964844,17956300
2022-11-30,MSFT,234.95253887719915,249.36787777071672,234.2591112887046,249.18231201171875,47594200
2022-12-01,MSFT,247.9419535295198,250.13941445901602,245.06084106912186,248.74281311035156,26041500
2022-12-02,MSFT,243.986505966002,250.08078732822793,243.859536803461,249.06507873535156,21528500
2022-12-05,MSFT,246.12538359731664,247.8931313402829,242.2676218605377,244.35765075683594,23435300
2022-12-06,MSFT,244.96316804950706,245.97887669587513,238.08754909606984,239.39625549316406,22463700
2022-12-07,MSFT,239.11305308285705,240.41199845740607,236.5542366516699,238.66378784179688,20481500
2022-12-08,MSFT,239.12284198656764,242.93178369107417,237.38440719975003,241.62306213378906,22611800
2022-12-09,MSFT,238.9860813295668,242.5117859075188,238.45869726333626,239.68927001953125,20609700
2022-12-12,MSFT,241.6718504871447,246.64299152218828,241.39838989324147,246.6136932373047,30665100
2022-12-13,MSFT,255.579352180181,257.7572908019212,247.16064016484373,250.92074584960938,42196900
2022-12-14,MSFT,251.1258502529427,256.458347318601,248.37169195338248,251.2137451171875,35410900
2022-12-15,MSFT,247.7954748351082,248.26426235147312,241.564447199208,243.19544982910156,35560400
2022-12-16,MSFT,242.74620073337888,244.0060718471809,237.82387962727623,238.97633361816406,86102000
2022-12-19,MSFT,239.14235424704955,239.48418747169598,233.13596686101567,234.8353271484375,29696400
2022-12-20,MSFT,233.8098412838887,237.23788993522047,232.85272912283375,236.15380859375,25150800
2022-12-21,MSFT,236.04637204350925,239.88459664487903,234.5032643589745,238.72238159179688,23690600
2022-12-22,MSFT,235.6264340259573,236.33939883332155,228.4089953984043,232.6281280517578,28651700
2022-12-23,MSFT,230.5966857124809,233.2922326364392,228.47735834613724,233.15550231933594,21207000
2022-12-27,MSFT,233.1261790492013,233.35080420983945,230.32320039769817,231.42681884765625,16688600
2022-12-28,MSFT,231.35843587345414,234.12235498713048,228.70194877135125,229.0535430908203,17457100
2022-12-29,MSFT,230.14739203902258,236.27098706875256,230.14739203902258,235.38223266601562,19770700
2022-12-30,MSFT,232.64762583994687,234.35676203802836,231.13381651257768,234.22003173828125,21938500
2023-01-03,MSFT,237.4039449987011,240.01159718593232,231.85656849247528,233.9856719970703,25740000
2023-01-04,MSFT,226.85610390975128,227.43232343462765,220.6836879280111,223.7503662109375,50623400
2023-01-05,MSFT,221.89471081098847,222.23654401593947,216.58173640623133,217.118896484375,39585600
2023-01-06,MSFT,217.79282338281794,220.48837045082183,214.2280589162467,219.67774963378906,43613600
2023-01-09,MSFT,221.1622360976978,225.8403946978241,221.12317668189198,221.81658935546875,27369800
2023-01-10,MSFT,222.4416208345891,225.90872854378355,222.0216688234605,223.5061798095703,27033900
2023-01-11,MSFT,225.8892031998331,230.44039237661667,225.71341348434925,230.2646026611328,28669300
2023-01-12,MSFT,229.76651770584309,234.29817003437267,228.10621681309263,232.9406280517578,27269500
2023-01-13,MSFT,231.4659053791777,233.78055966417364,229.43447286012528,233.64382934570312,21333300
2023-01-17,MSFT,232.41324073937315,235.28459213527947,231.55378456577233,234.7376708984375,29831300
2023-01-18,MSFT,235.92915894025876,236.72024242309445,230.02042818598304,230.30364990234375,30028700
2023-01-19,MSFT,228.32107414949724,230.02044931118633,225.2934553321454,226.51426696777344,28623000
2023-01-20,MSFT,229.37586152604075,235.11856433736398,229.03402830061015,234.61070251464844,35389800
2023-01-23,MSFT,235.4701667569778,239.4451219045726,234.05401326238723,236.9156036376953,31934000
2023-01-24,MSFT,236.83747939221803,238.25361804107612,234.82558401353157,236.38821411132812,40234400
2023-01-25,MSFT,229.00474220423706,237.6187968797975,225.50833563928637,234.99160766601562,66526600
2023-01-26,MSFT,237.96059966957264,242.51178905465864,236.3491342606083,242.2090301513672,33454500
2023-01-27,MSFT,243.17591612262385,243.99629796325885,241.06635004457462,242.36529541015625,26498900
2023-01-30,MSFT,238.800498198392,239.86505718647808,236.5444408583153,237.04254150390625,25867400
2023-01-31,MSFT,237.765261353504,242.1601830602323,237.27693671942308,242.02345275878906,26541100
2023-02-01,MSFT,242.2090597181009,249.22139550351955,239.73813784140154,246.84814453125,31259900
2023-02-02,MSFT,252.77638533264104,258.50931209894077,251.24303873990777,258.4214172363281,39940400
2023-02-03,MSFT,253.4795673448407,258.0307566536459,251.09654067147537,252.31735229492188,29077300
2023-02-06,MSFT,251.42859910463446,252.26850319934903,248.83070838044688,250.77423095703125,22518000
2023-02-07,MSFT,254.44644293620124,262.49402369384705,254.00693882575916,261.3122863769531,50841400
2023-02-08,MSFT,266.82063188656974,270.29750141679074,259.99383221379736,260.501708984375,54686000
2023-02-09,MSFT,267.406514176899,267.5823336683287,256.66337397570203,257.4642333984375,42375100
2023-02-10,MSFT,255.42313511001936,257.92335537286505,254.57345483854135,256.95648193359375,25818500
2023-02-13,MSFT,261.3904046708747,268.18787471786464,260.9118262982857,264.9844665527344,44630900
2023-02-14,MSFT,266.3029608494868,268.54924217498206,262.9921056261591,265.81463623046875,37047900
2023-02-15,MSFT,262.71096776772004,265.070592011586,260.6156886085749,263.6900634765625,28922400
2023-02-16,MSFT,258.5007952473413,261.16393632712175,256.42511747097006,256.6698913574219,29603600
2023-02-17,MSFT,253.96761913922532,254.65296812365867,250.64847075073527,252.6654052734375,30000100
2023-02-21,MSFT,249.16022201193073,250.14911804172624,246.33063657642128,247.3880615234375,28397400
2023-02-22,MSFT,248.77838767780975,249.0231615682259,245.10677932156742,246.2523193359375,22491100
2023-02-23,MSFT,250.21766227886485,251.47090341728688,245.24385497458428,249.44418334960938,29219100
2023-02-24,MSFT,244.73474425667752,245.75299711343044,242.91362583186992,244.0102081298828,24990900
2023-02-27,MSFT,247.18246470486716,247.5349396941545,244.17663424902608,244.9305419921875,21190000
2023-02-28,MSFT,243.86333443445264,246.23274385931393,243.53043059507243,244.2060089111328,22491000
2023-03-01,MSFT,245.51798599082042,245.6844304356118,240.6518800855354,241.12185668945312,27565300
2023-03-02,MSFT,241.3960138819759,246.14461839541934,240.47566166300976,245.86068725585938,24808200
2023-03-03,MSFT,246.91809057504366,250.27638088786867,246.1348112059888,249.95327758789062,30760100
2023-03-06,MSFT,251.06945498374236,254.6823198135749,250.62886499128248,251.50025939941406,24109800
2023-03-07,MSFT,250.94216175111166,252.30311882234795,248.09300523382876,248.8371124267578,21473200
2023-03-08,MSFT,248.7294190422308,249.21896680166975,245.56694469940246,248.3965301513672,17340200
2023-03-09,MSFT,250.47224477280037,254.1340527730051,246.32087403041797,247.04541015625,26653400
2023-03-10,MSFT,245.8313095923703,247.50555459686285,242.4240613016346,243.3933563232422,28333900
2023-03-13,MSFT,242.2282313532918,252.51853507132006,240.5931435893199,248.6119384765625,33339700
2023-03-14,MSFT,251.38277879923007,255.61247868470284,250.51138437002095,255.3383331298828,33620300
2023-03-15,MSFT,254.5452601893461,260.9093809729157,253.79133752741032,259.89111328125,46028000
2023-03-16,MSFT,259.6659278592618,270.7786685592172,257.7762805795016,270.42620849609375,54768800
2023-03-17,MSFT,272.4430981505929,277.40708916718296,270.5436506662001,273.588623046875,69527400
2023-03-20,MSFT,271.189919347426,271.6794671642192,264.2089626992146,266.5392150878906,43466600
2023-03-21,MSFT,269.1337737128017,269.2512603911417,263.8858063365012,268.0567626953125,34558700
2023-03-22,MSFT,267.68471260704814,275.16501681749725,266.49021486222443,266.5979309082031,34873300
2023-03-23,MSFT,272.1297973919541,275.1845704783979,269.4470853649454,271.85565185546875,36610900
2023-03-24,MSFT,271.44442920855886,274.76357732451373,269.5254103782394,274.704833984375,28172000
2023-03-27,MSFT,274.6362856404628,275.5762089469485,269.7603793312512,270.6024169921875,26840200
2023-03-28,MSFT,270.024823207887,270.36751269371035,266.3629848125505,269.4765319824219,21878600
2023-03-29,MSFT,273.12850204608293,275.26295317695,272.590011414313,274.6461181640625,25087000
2023-03-30,MSFT,278.28828990575926,278.5134627196295,275.5957776176123,278.1120300292969,25053400
2023-03-31,MSFT,277.7988101339081,283.22297833808955,277.0840595769203,282.27325439453125,32766000
2023-04-03,MSFT,280.5304675659523,282.2438849087716,278.0142145195858,281.22564697265625,24883300
2023-04-04,MSFT,281.2256389673713,284.3783279836004,279.6982522270493,281.1766662597656,25824300
2023-04-05,MSFT,279.8744397816824,281.1472519122107,277.0056972902033,278.39599609375,22064800
2023-04-06,MSFT,277.28958705707475,285.97415807311296,276.1342617095591,285.50421142578125,29770300
2023-04-10,MSFT,283.16422470598815,283.54608632492165,278.758294590068,283.3404846191406,23103000
2023-04-11,MSFT,279.77654407914395,280.00174680479614,275.75247584510697,276.9175720214844,27276600
2023-04-12,MSFT,278.83656253771414,281.0101553276197,276.0657060695156,277.563720703125,27403400
2023-04-13,MSFT,277.66171935623237,283.8398102405288,277.2505159342496,283.78106689453125,24222700
2023-04-14,MSFT,281.0004245840228,282.4494967636299,277.7596206838942,280.1584167480469,20987900
2023-04-17,MSFT,283.86916963303577,285.5042723715686,280.17799011428394,282.7627868652344,23836200
2023-04-18,MSFT,285.4748222168236,285.6608527131665,281.0101500638296,282.3417053222656,20161800
2023-04-19,MSFT,280.01153882810775,283.0075689496162,278.5918681473136,282.4201354980469,17150300
2023-04-20,MSFT,279.2870204448904,282.988000624926,279.12056104553,280.1290283203125,23244400
2023-04-21,MSFT,279.0520552301976,280.285695406569,277.1428067987354,279.786376953125,21676400
2023-04-24,MSFT,276.19307851016646,278.9933075070845,272.89353106763554,275.8797607421875,26611000
2023-04-25,MSFT,273.66706520813676,275.71337175925413,269.6135944229344,269.6625671386719,45772200
2023-04-26,MSFT,290.4976789797235,293.307678595242,286.61066821898174,289.1954650878906,64599200
2023-04-27,MSFT,289.78292984563893,298.8199931125039,289.0779798089215,298.45770263671875,46462600
2023-04-28,MSFT,297.65488365834915,302.47201761342075,296.96950473874074,300.8369445800781,36469600
2023-05-01,MSFT,300.55292192498604,302.1488522384796,298.77096109153786,299.1723937988281,21294100
2023-05-02,MSFT,301.3263927303958,302.7166913867483,297.55686967882764,299.0255126953125,26404400
2023-05-03,MSFT,300.2103062048158,302.1586970048939,297.7331953825414,298.0367126464844,22360800
2023-05-04,MSFT,299.8381486840685,301.3263927303958,297.0575214917448,299.0255126953125,22519900
2023-05-05,MSFT,299.32916239843746,305.4485110099785,297.9094615687072,304.1560974121094,28197100
2023-05-08,MSFT,303.6468870133391,303.7154308682789,299.69133289455476,302.19781494140625,21318600
2023-05-09,MSFT,301.5614013671875,303.55876446980983,299.90672765113413,300.5823059082031,21340800
2023-05-10,MSFT,302.16847643254437,306.4569199007131,301.23835354911984,305.7813415527344,30078000
2023-05-11,MSFT,303.61745714838656,304.6161235932591,299.85773479875115,303.6272277832031,31680200
2023-05-12,MSFT,304.0581273381705,304.1560428743244,300.1907176369154,302.51116943359375,19774700
2023-05-15,MSFT,302.6383847357047,303.4216490795794,301.15994116605026,302.9908447265625,16336500
2023-05-16,MSFT,303.35316000473966,307.15205550564514,303.35316000473966,305.2232360839844,26730300
2023-05-17,MSFT,306.4301274420136,308.5299564214886,304.90919402934566,308.1080322265625,24315000
2023-05-18,MSFT,308.6281218082049,313.0535052333268,307.83332313670064,312.5432434082031,27276000
2023-05-19,MSFT,310.79668509180397,312.76897905978745,310.4336325582829,312.3666687011719,27546700
2023-05-22,MSFT,312.62177529023154,316.53689709363704,312.04284968121516,315.1533508300781,24115700
2023-05-23,MSFT,314.02490557674435,316.6644323894991,309.33459944590936,309.34442138671875,30797200
2023-05-24,MSFT,308.82436880109975,310.56114546951807,306.7441236524187,307.96087646484375,23384900
2023-05-25,MSFT,317.17470817825347,320.7660354537529,313.99551318959146,319.804443359375,43301700
2023-05-26,MSFT,317.9400583040085,327.14405620676587,317.8027008438637,326.6436462402344,36630600
2023-05-30,MSFT,328.939735353525,329.44014532098214,324.31809251004455,324.9951477050781,29503100
2023-05-31,MSFT,326.0549025994876,329.636407832276,321.18795072131485,322.22808837890625,45950600
2023-06-01,MSFT,319.81423378408647,327.2716331746607,318.62694664026094,326.3394470214844,26773900
2023-06-02,MSFT,327.97806066792737,331.16707696462373,326.3099478578334,329.1064758300781,25873800
2023-06-05,MSFT,328.9298920270993,332.20721626429463,328.38040233133853,329.6363830566406,21307100
2023-06-06,MSFT,329.0377953258703,329.0770531433708,325.93711647697336,327.41876220703125,20396200
2023-06-07,MSFT,325.4268516357255,328.21355775333575,316.44854992905215,317.3120422363281,40717100
2023-06-08,MSFT,317.8615607379673,320.51090965341575,317.28263514872793,319.15679931640625,23277700
2023-06-09,MSFT,318.8918688562613,323.79804871469764,318.32276516845866,320.6581115722656,22529000
2023-06-12,MSFT,322.4144476627299,325.8684168614303,319.0586379784676,325.62310791015625,24260300
2023-06-13,MSFT,328.19394924698327,330.6568607625825,324.1905202364905,328.017333984375,22951300
2023-06-14,MSFT,328.0664239854366,332.6782449291993,326.5651341794789,331.0101318359375,26003800
2023-06-15,MSFT,331.14745722165407,343.2755169206702,330.8727124048623,341.56817626953125,38899100
2023-06-16,MSFT,344.7278258132524,344.87500521875836,335.53364962832507,335.906494140625,46552000
2023-06-20,MSFT,332.9432151999348,335.6612283882174,329.557938712496,331.70684814453125,26375400
2023-06-21,MSFT,330.0582341644862,331.39273023345885,325.8389328044417,327.30096435546875,25117800
2023-06-22,MSFT,327.85052734982696,333.7379426283081,327.0851645614221,333.33563232421875,23556800
2023-06-23,MSFT,328.0859928290581,331.61844775311465,327.1930945886858,328.7336120605469,23146900
2023-06-26,MSFT,327.4580354070177,329.8031735626045,322.326161031866,322.4341125488281,21520600
2023-06-27,MSFT,325.6329130408029,329.8424231990491,323.1209516740261,328.2920837402344,24354100
2023-06-28,MSFT,328.38039213208674,331.63810233073093,327.54633567319496,329.5480651855469,20259500
2023-06-29,MSFT,328.42941443923263,329.80313852091297,326.37863528427073,328.7630310058594,16997000
2023-06-30,MSFT,331.41236833839434,336.2989330617999,330.87270066400504,334.1500244140625,26832800
2023-07-03,MSFT,332.8253525301653,334.50325725838104,330.2545196865414,331.6478576660156,12508700
2023-07-05,MSFT,328.80235201893055,335.23925747739463,328.4491214492935,331.804931640625,18172400
2023-07-06,MSFT,330.9708256570031,336.55405979331294,329.20461318273215,334.8663330078125,28161200
2023-07-07,MSFT,332.95302725325797,335.3766815206191,330.67655240599004,330.8924255371094,21214800
2023-07-10,MSFT,328.32149685592424,328.93968018640373,321.4430244792303,325.60345458984375,32791400
2023-07-11,MSFT,324.8479297238825,326.6141422303351,320.8641146712657,326.2314758300781,26698200
2023-07-12,MSFT,330.28405512482254,335.2392851199154,329.3715127997373,330.872802734375,29995300
2023-07-13,MSFT,333.18847871055397,337.2900378184535,332.6586029099094,336.2303161621094,20567200
2023-07-14,MSFT,341.06778168374007,344.8357239330472,337.84932914089796,338.7618713378906,28352700
2023-07-17,MSFT,339.193596022569,340.4790125699391,335.7789144838815,339.24267578125,20363900
2023-07-18,MSFT,339.3408493429076,359.89775652883986,335.7495517583705,352.7445373535156,64738600
2023-07-19,MSFT,354.96212416292167,355.65879334061907,345.8268193685884,348.4172668457031,39732900
2023-07-20,MSFT,346.9356524408543,351.2530852592234,338.8895045037058,340.3613586425781,33778400
2023-07-21,MSFT,342.5985119949176,343.72692730245325,333.45338612673345,337.3194580078125,69405400
2023-07-24,MSFT,339.36050395760896,340.4104337490704,335.8869198528877,338.6343688964844,26678100
2023-07-25,MSFT,340.59681755620375,345.28715443801974,338.5951176532345,344.39422607421875,41637700
2023-07-26,MSFT,335.03312456430285,338.20252670051633,326.8594142979924,331.4319763183594,58383700
2023-07-27,MSFT,334.09118396383514,334.9252104578534,322.8756357431296,324.5143127441406,39635300
2023-07-28,MSFT,327.4089917663005,333.630023699817,326.91837382253794,332.0207824707031,28484900
2023-07-31,MSFT,330.59799610493667,331.3633588709427,327.10476892592203,329.61676025390625,25446000
2023-08-01,MSFT,328.9004847782133,332.1876312426991,327.4384527759718,330.0289001464844,18311900
2023-08-02,MSFT,327.3697167947092,327.3697167947092,320.23611310138045,321.354736328125,27761300
2023-08-03,MSFT,319.88286784513633,323.69006750515837,319.8338180335655,320.5304870605469,18253700
2023-08-04,MSFT,325.65258996189004,328.85142872245865,321.0996408070944,321.6295166015625,23741500
2023-08-07,MSFT,322.20843058542397,324.89700739318704,321.374374073945,323.915771484375,17741500
2023-08-08,MSFT,320.8248434397233,322.58126387705136,316.9391581210269,319.9319152832031,22327600
2023-08-09,MSFT,320.34411633722664,320.97209180236405,315.02580407101107,316.1836853027344,22373300
2023-08-10,MSFT,319.90249855805087,322.1004872075801,315.153320674243,316.8704833984375,20113700
2023-08-11,MSFT,314.25064527888804,316.3602966518782,313.22032953048887,314.986572265625,24355500
2023-08-14,MSFT,315.3594171589749,317.97930021692355,314.07397059332675,317.9596862792969,18836100
2023-08-15,MSFT,316.9392105100473,318.98999004348366,314.87860903477014,315.8205871582031,16966300
2023-08-16,MSFT,315.4469082024341,319.0065277085212,314.46359486014677,315.0535888671875,20698900
2023-08-17,MSFT,315.19127673474406,316.4990703161301,310.93351302834594,311.59234619140625,21257200
2023-08-18,MSFT,309.24225189848187,313.06735580371077,306.3513078182269,311.1990661621094,24755000
2023-08-21,MSFT,312.62487161890374,317.3841056283608,311.74973815851166,316.50897216796875,24040000
2023-08-22,MSFT,320.0685355111108,320.63884412186707,316.0959406772382,317.0792541503906,16084600
2023-08-23,MSFT,318.4165278621223,323.70675834794656,318.0625194610532,321.54345703125,21166400
2023-08-24,MSFT,327.29584833098056,327.4236838653866,314.6209250862832,314.6307678222656,23281400
2023-08-25,MSFT,316.10570256933477,319.9307753972801,313.4802430638175,317.59051513671875,21684100
2023-08-28,MSFT,320.2258699937862,320.7076839940525,316.35161250011487,318.298583984375,14808500
2023-08-29,MSFT,316.5089267598385,323.4904580066464,316.5089267598385,322.9299621582031,19284600
2023-08-30,MSFT,323.1856265787588,324.30658824416685,321.0026696426028,323.3036193847656,15222100
2023-08-31,MSFT,323.7068063169535,325.38826394826276,321.3271745159577,322.29083251953125,26411000
2023-09-01,MSFT,325.7815864865364,326.4502324505812,321.3271776248165,323.1758117675781,14942000
2023-09-05,MSFT,323.51012766421536,329.26251739486815,323.17580468951513,327.98419189453125,18553900
2023-09-06,MSFT,327.81697400469045,328.87893910427783,324.67035962133593,327.3253173828125,17535800
2023-09-07,MSFT,325.76188443553343,327.52199370609907,323.539586687025,324.4049072265625,18381000
2023-09-08,MSFT,324.5818961212668,330.55061528459504,323.96240391702685,328.692138671875,19530100
2023-09-11,MSFT,331.6125719980327,332.7729045134479,329.83277730257475,332.3009033203125,16583300
2023-09-12,MSFT,330.2163241256409,331.1701393555617,325.9487474293145,326.23388671875,17565500
2023-09-13,MSFT,325.7815623439832,331.2291270189504,325.64391407139624,330.4523010253906,16544400
2023-09-14,MSFT,333.4907518578009,335.1722094614784,330.95381635064444,333.04827880859375,20267000
2023-09-15,MSFT,331.29795899971333,331.7699302193474,324.1492514827947,324.7097473144531,37679800
2023-09-18,MSFT,322.33013776149687,324.8867587399462,320.91416398907404,323.5691223144531,16834200
2023-09-19,MSFT,320.7272959004481,323.8935657652316,319.094992304731,323.1658935546875,16505900
2023-09-20,MSFT,324.01159870782635,324.09025057389067,315.1617783626277,315.41741943359375,21436500
2023-09-21,MSFT,313.93263631012064,319.92101113625847,309.74371174856566,314.1981201171875,35560400
2023-09-22,MSFT,315.9582316625795,316.0860671908524,310.87448877989465,311.72015380859375,21447900
2023-09-25,MSFT,311.3071733116646,312.36916854605823,309.7437086689083,312.2413330078125,17836000
2023-09-26,MSFT,309.87152415800745,310.6090091309313,304.84677760481566,306.9314270019531,26297600
2023-09-27,MSFT,307.08877368705123,309.0554005566663,304.522340026209,307.57061767578125,19410100
2023-09-28,MSFT,305.80065881535404,310.21575688010876,304.28637761624543,308.4064636230469,19683600
2023-09-29,MSFT,312.4478279409763,314.1391281627372,309.7240606687745,310.481201171875,24147300
2023-10-02,MSFT,311.0023577080208,316.51876142882526,309.9207069776333,316.43023681640625,20570000
2023-10-03,MSFT,315.4764071729055,316.0270902536059,306.01693759833194,308.16058349609375,21033500
2023-10-04,MSFT,308.7899364537143,314.69966017701324,308.76043824911994,313.6376647949219,20720100
2023-10-05,MSFT,313.76546101615116,314.6406243233155,309.64537557701226,314.03094482421875,16965600
2023-10-06,MSFT,311.2678258217484,323.6969208452724,311.0219974867104,321.79913330078125,25673600
2023-10-09,MSFT,319.3310305664322,324.7884080000268,317.78722130749577,324.3164367675781,19891200
2023-10-10,MSFT,325.4374015243932,325.57507980738603,322.202321974192,322.9103088378906,20557100
2023-10-11,MSFT,325.6831856730943,327.26633567090187,323.6477499735418,326.8730163574219,20063200
2023-10-12,MSFT,325.05388196216046,328.06281823338145,323.23474637127896,325.634033203125,19313100
2023-10-13,MSFT,326.83375443130774,328.25954103838023,320.91418780201565,322.2613525390625,21072400
2023-10-16,MSFT,325.52589126243953,330.5309829095428,325.083418234461,327.0893859863281,22158000
2023-10-17,MSFT,324.0902879776136,327.895706363903,321.9466717819366,326.5190734863281,18338500
2023-10-18,MSFT,326.94185312433785,329.9901305761364,322.8217676991399,324.6015625,23153600
2023-10-19,MSFT,326.60751870152404,331.25860158595435,325.3882197669904,325.7913818359375,25052100
2023-10-20,MSFT,326.18471469225653,326.381389371038,320.019350620081,321.218994140625,25027700
2023-10-23,MSFT,320.0390055685396,327.1778702783257,318.9770403265237,323.82476806640625,24374700
2023-10-24,MSFT,325.77172794180206,326.3027255972939,322.13348624926266,325.01458740234375,31153600
2023-10-25,MSFT,339.2628021799774,340.4231348794275,331.98628851300685,334.98541259765625,55053800
2023-10-26,MSFT,334.85748506251707,335.9292928480192,321.4844195595326,322.4185791015625,37828500
2023-10-27,MSFT,324.91622907683893,331.1012785656195,322.92010413957604,324.30657958984375,29856500
2023-10-30,MSFT,327.84651090030354,333.78573199598327,326.2928589871081,331.6814270019531,22828100
2023-10-31,MSFT,333.1957509335175,333.34324194155744,329.10516359659624,332.46807861328125,20265300
2023-11-01,MSFT,334.1200209790302,341.62270595329534,333.9823427186433,340.29522705078125,28158800
2023-11-02,MSFT,341.44572570080203,343.00919036132757,339.0169404715558,342.5077209472656,24348100
2023-11-03,MSFT,343.7958771188286,348.4764586181646,341.5342382393827,346.9129638671875,23637700
2023-11-06,MSFT,347.55209672635783,351.573844508911,347.45375939501855,350.5806884765625,23828300
2023-11-07,MSFT,353.40285853517474,356.41179538181575,351.66240447944193,354.5140075683594,25833900
2023-11-08,MSFT,355.6448096480016,357.7982685541479,354.53366062237825,357.13946533203125,26767800
2023-11-09,MSFT,356.2544152579837,358.7028859089797,354.3467849553374,354.6712951660156,24847300
2023-11-10,MSFT,355.45793871169803,363.92428238869843,355.0449639030692,363.50146484375,28042100
2023-11-13,MSFT,362.07568197420926,362.32151033821305,359.79438755425144,360.5613708496094,19986500
2023-11-14,MSFT,364.81910296344984,365.7434199318085,361.22017242867213,364.0914306640625,27683900
2023-11-15,MSFT,365.82556050862166,367.64838835280426,361.7168083416723,364.2392272949219,26860100
2023-11-16,MSFT,365.51031591616425,370.821147278909,364.74177589351456,370.643798828125,27182300
2023-11-17,MSFT,368.12139907477774,368.8702437770121,361.60851893001586,364.4166564941406,40157000
2023-11-20,MSFT,365.766486587499,373.304096039392,365.54971735826314,371.8951110839844,52465100
2023-11-21,MSFT,370.1511657162715,370.6930738149233,365.6679902657953,367.58935546875,28423100
2023-11-22,MSFT,372.44686262583303,374.2105744423134,369.46137707263404,372.299072265625,23345300
2023-11-24,MSFT,371.78668646032,372.4172987463729,369.62888709643283,371.8852233886719,10176600
2023-11-27,MSFT,371.24480993983406,375.0481191981454,370.67334381773094,373.04791259765625,22179200
2023-11-28,MSFT,372.7917190522952,377.3734005384554,372.60450791019576,377.07781982421875,20453100
2023-11-29,MSFT,378.12229596347265,378.6543413206576,371.89513414585895,373.284423828125,28963400
2023-11-30,MSFT,372.9296322886047,374.50613286520945,369.95400962633335,373.3434753417969,30554400
2023-12-01,MSFT,371.22509383375666,372.6045206628206,365.85514681042775,369.0081481933594,33040500
2023-12-04,MSFT,363.6776202294819,364.0914332416113,357.568691355028,363.717041015625,32063300
2023-12-05,MSFT,361.0665294174841,367.59910345060933,360.24870603092694,367.0473327636719,23065000
2023-12-06,MSFT,368.0523741639695,368.68295635972305,362.62331133398067,363.3819885253906,21182100
2023-12-07,MSFT,362.82041555159645,365.99311236097066,360.93847138160504,365.5004577636719,23118900
2023-12-08,MSFT,363.776165260302,368.95887115666653,362.8204141424842,368.7322692871094,20154400
2023-12-11,MSFT,363.0667572104508,366.140917208106,360.72171642347627,365.8453063964844,27708800
2023-12-12,MSFT,365.4019558480655,368.91951722649867,365.0176707921049,368.8800964355469,24838300
2023-12-13,MSFT,370.4959016390123,372.09212757318454,365.32302907788335,368.8701477050781,30955500
2023-12-14,MSFT,367.8257550121924,368.269156155742,358.78062426547126,360.5541687011719,43277500
2023-12-15,MSFT,361.4606566919279,366.92911028032063,360.89902327689896,365.2836608886719,78502300
2023-12-18,MSFT,364.0224743454713,367.52030977000646,363.26376706221674,367.1754455566406,21802900
2023-12-19,MSFT,366.0324728829278,367.7764892578125,364.40671885980896,367.7764892578125,20603700
2023-12-20,MSFT,369.49095210036234,370.5058193793613,365.086618748556,365.17529296875,26316700
2023-12-21,MSFT,367.08678486250125,368.90961285521604,364.60381655946395,368.0523986816406,17708000
2023-12-22,MSFT,368.190345627308,369.66830947141494,367.23459447201543,369.0771179199219,17107500
2023-12-26,MSFT,369.4909463405908,371.4024485751995,368.01298255522846,369.15594482421875,12673100
2023-12-27,MSFT,368.20019317568403,369.55006195328735,367.3331162784424,368.5746154785156,14905400
2023-12-28,MSFT,369.8554894003956,370.92947276145065,368.66327375287557,369.7668151855469,14327000
2023-12-29,MSFT,370.4762652471226,371.6192275460888,367.9932968475244,370.51568603515625,18730800
2024-01-02,MSFT,368.3676650837192,370.37770417291745,361.3818268052928,365.4216003417969,25258600
2024-01-03,MSFT,363.58897105283376,367.7765353087628,363.09631643448915,365.1556091308594,23083500
2024-01-04,MSFT,365.2246036426734,367.618897973795,361.77602116650127,362.5346984863281,20901500
2024-01-05,MSFT,363.54952100172824,366.59412268972636,361.11580618022657,362.3474426269531,21004600
2024-01-08,MSFT,363.8746551165755,369.6880031258094,363.5889371144665,369.18548583984375,23134000
2024-01-09,MSFT,366.54488061699703,370.4663919405634,365.73691986628984,370.26934814453125,20830000
2024-01-10,MSFT,370.84081671988235,378.52624647847034,370.7915632878579,377.14678955078125,25514200
2024-01-11,MSFT,380.3292997627019,384.94053897843884,374.79186761868704,378.97943115234375,27850800
2024-01-12,MSFT,379.82676875087367,382.96990696540956,378.99911277311514,382.76300048828125,21661200
2024-01-16,MSFT,387.8768030229654,388.24136259684576,381.925527346388,384.5365905761719,27202300
2024-01-17,MSFT,382.280251053988,384.3789342645235,379.15680784896807,383.74835205078125,22234100
2024-01-18,MSFT,385.9653010602353,388.2019420036005,384.3888004079398,388.0837097167969,23392100
2024-01-19,MSFT,389.9459487436234,392.8132019042969,387.7191405000406,392.8132019042969,29331100
2024-01-22,MSFT,394.14338194370225,394.73457348742886,387.8078508984798,390.6849670410156,27016900
2024-01-23,MSFT,389.9360772632564,393.5127541159421,388.14280748032206,393.039794921875,20525900
2024-01-24,MSFT,395.641052600286,399.670963497878,394.56706921313554,396.64605712890625,24867000
2024-01-25,MSFT,398.3802111244257,401.03069519921775,396.6164992894369,398.922119140625,21021200
2024-01-26,MSFT,398.42947961915996,400.2030542350716,396.51797735014173,397.9959411621094,17803300
2024-01-29,MSFT,400.09469208685323,403.9571177746222,398.3900961723494,403.700927734375,24510200
2024-01-30,MSFT,406.2035919940408,406.98196463436994,400.47894778438507,402.5874938964844,33477600
2024-01-31,MSFT,400.9813701342245,409.21856958364975,391.3746067154666,391.7391662597656,47871100
2024-02-01,MSFT,395.9267795782407,402.00615052622754,395.89722150523676,397.84814453125,30657700
2024-02-02,MSFT,397.87768854138443,406.587817886619,397.6313612519742,405.1788330078125,28256700
2024-02-05,MSFT,403.87823795810993,405.11973718115985,398.05505693610314,399.690673828125,25352300
2024-02-06,MSFT,399.9173050428237,401.97659767351126,396.99093550042556,399.53302001953125,18382600
2024-02-07,MSFT,401.454435441916,408.2136430060957,401.415014649362,407.9673156738281,22340500
2024-02-08,MSFT,407.9672510426615,409.45507751601383,406.46959192466915,408.0263671875,21225300
2024-02-09,MSFT,409.1496384913206,414.6378178606117,408.9919854136341,414.37176513671875,22032800
2024-02-12,MSFT,414.381611300105,414.5589597294503,408.6569675775543,409.15948486328125,21202900
2024-02-13,MSFT,398.9910681954345,404.0457086747665,397.4638511225893,400.3507995605469,27824900
2024-02-14,MSFT,402.8186275095737,404.5658388517389,399.36366838251547,404.2203369140625,20401200
2024-02-15,MSFT,402.8877787891035,403.86502912534854,399.08731730113595,401.3280944824219,21825500
2024-02-16,MSFT,402.71003513978644,403.03580530507566,398.2482129693453,398.8602294921875,22296500
2024-02-20,MSFT,398.05078888046796,399.284702922107,392.8881118101571,397.6065979003906,24307900
2024-02-21,MSFT,395.020342155489,397.11305567339133,392.10829279576154,397.00445556640625,18518900
2024-02-22,MSFT,404.91139681164196,407.51740782025877,403.3122489001272,406.35260009765625,27009900
2024-02-23,MSFT,410.3208439519873,410.5083711673126,403.70705278478863,405.0594177246094,16295900
2024-02-26,MSFT,406.16503956653713,406.8560435321,402.11779517864807,402.2955017089844,16193500
2024-02-27,MSFT,402.7396530048111,403.06542317425317,398.6529454575257,402.2362365722656,14835800
2024-02-28,MSFT,402.9272470121027,404.0328292486966,400.10406595257604,402.4731750488281,13183100
2024-02-29,MSFT,403.38135996606263,408.8698077347499,400.69636155135646,408.3170166015625,31947300
2024-03-01,MSFT,405.9774997139128,410.51830995161754,405.59253415210725,410.153076171875,17823400
2024-03-04,MSFT,408.11960111547035,411.97928843531616,407.01401878725187,409.58056640625,17596000
2024-03-05,MSFT,408.63286696668945,408.91914348036823,395.48430086662944,397.4684143066406,26919200
2024-03-06,MSFT,397.7842686719228,399.9460884523173,393.2632209421736,396.91558837890625,22344100
2024-03-07,MSFT,400.8937829786607,404.5066873701211,397.06370848307336,403.87493896484375,18718500
2024-03-08,MSFT,402.71006091285966,405.1384255054804,399.12676961447175,400.9924621582031,18002200
2024-03-11,MSFT,398.5641013130945,400.4593763393833,396.096273323242,399.3143005371094,16120800
2024-03-12,MSFT,402.37445324131755,410.22215907857986,401.5551475222323,409.9358825683594,22457000
2024-03-13,MSFT,412.7196031326607,412.79856038183436,406.15518600344376,409.7582092285156,17115900
2024-03-14,MSFT,414.83200064539375,422.31447191746963,412.6109554732492,419.7479248046875,34157300
2024-03-15,MSFT,413.8942494694405,417.16165133292435,407.4778966665496,411.0611877441406,45079900
2024-03-18,MSFT,408.9191153478435,415.3157366151304,408.45516246098214,411.9496154785156,20106000
2024-03-19,MSFT,412.4530828906041,416.24369382284954,410.2024245948162,415.9870300292969,19837900
2024-03-20,MSFT,416.569367867818,420.4783989986328,415.2466156701396,419.7578125,17860100
2024-03-21,MSFT,424.29864595105556,425.27592645181124,421.66302217216105,423.8445739746094,21296200
2024-03-22,MSFT,424.17032397071773,424.3282384659813,420.58703259669744,423.22265625,17648500
2024-03-25,MSFT,419.7676816300529,421.90976968993664,416.18439038520984,417.4183044433594,18060500
2024-03-26,MSFT,420.1329081875438,420.5080228747841,415.9277496341745,416.223876953125,16725600
2024-03-27,MSFT,418.9780192938283,418.987900246969,413.61790346357526,416.0067443847656,16705000
2024-03-28,MSFT,415.5427795552794,416.4410726444904,413.7264615959985,415.3058776855469,21871200
2024-04-01,MSFT,418.49430668541237,422.38360623153415,416.78655877307597,419.1063232421875,16316000
2024-04-02,MSFT,414.7037001138204,416.94450735898084,412.4629229935154,416.0166015625,17912000
2024-04-03,MSFT,414.3286014685427,417.8131735008708,413.6968230222425,415.0393371582031,16502300
2024-04-04,MSFT,419.52089960464946,423.1535654935394,412.1964026116657,412.5024108886719,19370900
2024-04-05,MSFT,414.60502494858775,421.0213783675685,412.9367706496642,420.0440979003906,16554800
2024-04-08,MSFT,419.6985905704109,421.78142296735155,417.85262989949194,419.12603759765625,14272400
2024-04-09,MSFT,420.9522561397257,422.23551472539157,416.1942762454294,420.7943115234375,12496900
2024-04-10,MSFT,416.75696418781513,418.5732821571219,414.29901690120346,417.8132019042969,16216600
2024-04-11,MSFT,420.34026309183247,423.8445672043753,416.9247670576537,422.423095703125,17966400
2024-04-12,MSFT,418.59302946474156,419.70849269035864,414.3681085669582,416.470703125,19253800
2024-04-15,MSFT,421.110230165818,421.3274002627743,408.1096973329742,408.3170166015625,20273500
2024-04-16,MSFT,409.23502221897127,413.0157217686464,408.4058355582689,409.244873046875,16765600
2024-04-17,MSFT,411.8805761326661,413.48960513262267,405.04961359830776,406.5401916503906,15855500
2024-04-18,MSFT,405.34573674704745,406.5895318440509,398.7517067920222,399.06756591796875,21029900
2024-04-19,MSFT,398.83061291692513,400.2619651903072,392.6511620364622,393.9837951660156,30565800
2024-04-22,MSFT,394.9314905053024,397.66586357799235,390.65722508776963,395.8001708984375,20286900
2024-04-23,MSFT,399.0379397213986,402.94700128728675,397.8731320388209,402.3251037597656,15734500
2024-04-24,MSFT,404.28943349750205,407.16198877400103,401.54521009115024,403.7958679199219,15065300
2024-04-25,MSFT,388.9593393273181,394.74394432686086,383.0365516126927,393.9048767089844,40586500
2024-04-26,MSFT,406.86584858799836,407.68515416589116,400.53833446889183,401.09112548828125,29694700
2024-04-29,MSFT,400.03497187375575,401.09120962785465,394.0529584180936,397.0735778808594,19582100
2024-04-30,MSFT,396.32331323474864,396.9847044226994,384.16187921211525,384.3197937011719,28781400
2024-05-01,MSFT,387.5575420390079,396.5503223805954,385.28715246915397,389.8575744628906,23562500
2024-05-02,MSFT,392.54266049910785,394.78343784288023,389.57138546353576,392.7203369140625,17709400
2024-05-03,MSFT,397.1031487364524,401.9104729912864,396.68854036623503,401.4267883300781,17446700
2024-05-06,MSFT,403.49977559314374,408.603227237703,401.1405174679132,408.21826171875,16996600
2024-05-07,MSFT,409.32384154303776,409.33372249534176,403.8255133338143,404.0722961425781,20018200
2024-05-08,MSFT,402.91733990206393,406.92509001231815,401.47610671474314,405.2568359375,11792300
2024-05-09,MSFT,405.2865276969193,407.4088540854312,403.8354433999152,407.0140075683594,14689700
2024-05-10,MSFT,407.6259773286798,410.0345799682454,406.5006332532913,409.4028015136719,13402300
2024-05-13,MSFT,412.6307056505163,412.9663266297868,405.53323020324206,408.3959045410156,15440200
2024-05-14,MSFT,406.71781742817865,412.117426712038,406.25386452353786,411.19940185546875,15109300
2024-05-15,MSFT,413.2662078851203,419.1106798585564,412.64318866360406,418.3887634277344,22239500
2024-05-16,MSFT,417.12294600008903,420.70283173045664,415.6890421322498,416.3219299316406,17530100
2024-05-17,MSFT,417.8547794230839,418.2305707168696,413.39477777187733,415.55059814453125,15352200
2024-05-20,MSFT,415.55059617800293,422.0378548149535,415.33303438679826,420.62371826171875,16272100
2024-05-21,MSFT,422.09719809997813,428.1691308622737,420.1391721073256,424.28271484375,21453300
2024-05-22,MSFT,425.3210520448661,427.6153345538536,422.39388170740824,425.74627685546875,18073700
2024-05-23,MSFT,428.1691242148773,428.792143449846,420.7028525285379,422.26531982421875,17211700
2024-05-24,MSFT,422.45322015153533,426.28030386108634,419.704046646492,425.3902893066406,11855300
2024-05-28,MSFT,424.86617140902985,426.0429788375184,421.8697699331016,425.54852294921875,15718000
2024-05-29,MSFT,420.96986151310944,426.1616484009117,420.96986151310944,424.4112854003906,15517100
2024-05-30,MSFT,419.5952468817441,419.5952468817441,409.64679700979286,410.0720520019531,28394500
2024-05-31,MSFT,412.1289792567511,412.1289792567511,400.024708875454,410.5269470214844,47995300
2024-06-03,MSFT,410.92250624898264,411.81252080542527,404.38581394057536,408.9347839355469,17484700
2024-06-04,MSFT,407.856889503619,411.8224355088356,405.13738203313136,411.45654296875,14348900
2024-06-05,MSFT,413.17720689100315,419.37767256450087,411.68394052355205,419.3084716796875,16988000
2024-06-06,MSFT,419.3085111861324,420.5940844826949,415.91652070143505,419.8128356933594,14861300
2024-06-07,MSFT,421.4742479856217,421.5533476557977,418.30971795306937,419.1502990722656,13621700
2024-06-10,MSFT,419.99080770553746,423.33330387430794,419.18979164927356,423.1256408691406,13982900
2024-06-11,MSFT,420.76217780161693,428.02078634829667,420.5347172370151,427.88232421875,14551100
2024-06-12,MSFT,430.4930895516259,438.4834835709838,428.4460348943523,436.16943359375,22366200
2024-06-13,MSFT,435.96176849341106,438.47361288924054,434.498168180252,436.68365478515625,15960600
2024-06-14,MSFT,433.4202190445554,438.22634560390054,431.87751920555326,437.66265869140625,13582000
2024-06-17,MSFT,437.6824976240565,445.9399177121796,435.83323726976107,443.3984069824219,20790000
2024-06-18,MSFT,444.7235276745664,445.1487826948382,439.95699562171353,441.3908996582031,17112500
2024-06-20,MSFT,441.35131853440595,441.57877910996035,436.37709345219747,440.75799560546875,19877400
2024-06-21,MSFT,442.4193728058131,445.58387250760194,441.5590243550793,444.7927551269531,34187100
2024-06-24,MSFT,444.812502964026,447.72980476303803,441.4601077502006,442.7061462402344,15913700
2024-06-25,MSFT,443.27972459062323,446.41458834788966,441.7963568563546,445.9497985839844,16413400
2024-06-26,MSFT,444.0214277051093,448.5704283232279,443.2204115082174,447.1463928222656,16507000
2024-06-27,MSFT,447.1661206636861,451.11189918090986,446.76066321308457,447.8287048339844,14806300
2024-06-28,MSFT,448.04624507062687,450.33062875420535,441.46008932267114,441.9941101074219,28362300
2024-07-01,MSFT,443.6851547691378,452.2985677661532,440.7184194830795,451.6656799316406,17662800
2024-07-02,MSFT,448.1748078930114,454.4939381515054,448.085779279666,454.1873779296875,13979800
2024-07-03,MSFT,453.10947910710325,455.9080860928665,452.80291887761234,455.6608581542969,9932800
2024-07-05,MSFT,454.5137192746822,463.15682857412344,453.88083144181417,462.3755798339844,16000300
2024-07-08,MSFT,461.37678118625774,462.5140538822785,459.30995917726233,461.0702209472656,12962300
2024-07-09,MSFT,461.82176131593883,462.1480888962693,452.92155606573874,454.4444885253906,17207200
2024-07-10,MSFT,456.105853502744,461.287741130926,453.77200620768855,461.080078125,18196100
2024-07-11,MSFT,457.84639154158754,459.6264206924659,446.54310684217364,449.658203125,23111200
2024-07-12,MSFT,449.29222391571693,451.2997133904435,445.653036227998,448.5208740234375,16324300
2024-07-15,MSFT,448.27373666625175,452.18984938358506,446.4244763059975,448.9264221191406,14429400
2024-07-16,MSFT,449.1835423040314,449.26264197328965,441.7073711225493,444.53564453125,17175700
2024-07-17,MSFT,437.6824616204732,439.9174119033302,434.3102688250729,438.6021423339844,21778000
2024-07-18,MSFT,439.41307217646386,439.71963242472316,429.5832863227986,435.4870910644531,20794800
2024-07-19,MSFT,428.297728628943,436.2485883597653,427.20991955719455,432.26324462890625,20940400
2024-07-22,MSFT,436.89132199854777,439.6701615477493,434.04325138518465,438.028564453125,15808800
2024-07-23,MSFT,438.97794115369385,443.41817564914504,438.1868237868677,439.91741943359375,13107100
2024-07-24,MSFT,435.5661744239133,436.5847522773038,422.8487541493976,424.14422607421875,26805800
2024-07-25,MSFT,424.0453575896341,425.0342693658965,412.88056536465024,413.76068115234375,29943800
2024-07-26,MSFT,413.5629210032518,424.1640565570156,412.64321010602674,420.55450439453125,23583800
2024-07-29,MSFT,426.7945193727036,427.3582063126635,419.9908318898155,421.9983215332031,15125800
2024-07-30,MSFT,422.97735537825565,424.2925947905347,412.732213459478,418.2305908203125,32687600
2024-07-31,MSFT,415.8373969334193,417.10320278469345,407.6393099563061,413.71124267578125,42891400
2024-08-01,MSFT,416.1242037023935,422.72022849108816,408.5095707902921,412.4849853515625,30296400
2024-08-02,MSFT,407.91621848675555,410.3983967606497,399.8565933572946,403.9605712890625,29437900
2024-08-05,MSFT,384.85479031825656,396.5931676964823,381.3045706583986,390.7684631347656,40709200
2024-08-06,MSFT,395.5647367351895,401.17188015725634,394.08136897243253,395.1790466308594,24946500
2024-08-07,MSFT,404.1088952385133,405.5329003345715,393.062738170502,394.0120849609375,20650900
2024-08-08,MSFT,397.97765609010867,401.3597174512935,395.50537665916386,398.2248840332031,20203000
2024-08-09,MSFT,399.5500195790903,403.5254340135955,397.799656617914,401.5179443359375,19276700
2024-08-12,MSFT,402.54642227818954,404.22758435718055,399.75768384658,402.2991943359375,16762900
2024-08-13,MSFT,405.0483692456352,410.34895203900766,405.0286018746959,409.41937255859375,19414300
2024-08-14,MSFT,410.200606537794,413.0882423005823,407.87668792866015,412.2377624511719,18267000
2024-08-15,MSFT,415.89340426982346,417.191211225686,413.77333444813155,417.1119689941406,20752100
2024-08-16,MSFT,416.6859584876603,417.4190624715108,413.41664970781534,414.5757751464844,22775600
2024-08-19,MSFT,415.06120860773046,417.8252537249248,412.58447325666395,417.6072998046875,15234000
2024-08-20,MSFT,417.77579570483533,421.89705736065446,417.71635646590653,420.846923828125,16387600
2024-08-21,MSFT,420.1336152453366,422.43203322162,417.7955912661998,420.1930847167969,16067300
2024-08-22,MSFT,420.4109661556474,422.8183759816575,410.7516979364214,411.6829528808594,19361900
2024-08-23,MSFT,413.09964177069946,415.35842313707064,408.2551330501382,412.9114074707031,18493800
2024-08-26,MSFT,412.4953551222988,413.3968905070922,407.5121643134923,409.64215087890625,13152800
2024-08-27,MSFT,409.01800038370646,410.5040417108967,406.43230298651787,409.9888916015625,13492900
2024-08-28,MSFT,411.019191950483,411.13807041057737,403.5196300124752,406.7790222167969,14882700
2024-08-29,MSFT,411.0786443893992,418.1224654785976,406.7790352875099,409.27557373046875,17045200
2024-08-30,MSFT,411.73253163556785,413.604928025177,408.2948214180594,413.2582092285156,24308300
2024-09-03,MSFT,414.02103372225025,415.97270258559973,403.24227554701594,405.6298522949219,20313600
2024-09-04,MSFT,402.13271297104455,407.41310010382534,400.60703533664076,405.0948791503906,15135800
2024-09-05,MSFT,403.82677622219455,409.2557914736051,402.3506514977997,404.5896301269531,14195500
2024-09-06,MSFT,405.2533474753259,406.8285475492744,397.0702041035056,397.96185302734375,19609500
2024-09-09,MSFT,403.4503023301037,404.84718480089737,398.40767240518096,401.9444580078125,15295100
2024-09-10,MSFT,404.4013853254675,412.45570379102855,403.90603822449737,410.3455505371094,19594300
2024-09-11,MSFT,411.6334289532487,420.044412808737,405.7685061452882,419.103271484375,19266900
2024-09-12,MSFT,419.37076416429335,423.39298024346107,415.84389519077274,423.02642822265625,17395700
2024-09-13,MSFT,421.8672937914901,427.8114589338371,421.5007417784194,426.5830078125,15874600
2024-09-16,MSFT,426.59294574191983,429.4956726087264,424.2350886136153,427.3260498046875,13834700
2024-09-17,MSFT,436.1332986571775,437.7382183505998,428.2473514166882,431.1005554199219,18874200
2024-09-18,MSFT,430.95197545729616,431.9723892702998,426.40469272360485,426.80096435546875,18898000
2024-09-19,MSFT,437.1240071994986,437.3914837460106,432.8342844371603,434.6076354980469,21706600
2024-09-20,MSFT,433.15131768035957,435.1525090726311,430.17923509170157,431.2194519042969,55167100
2024-09-23,MSFT,430.2386536885338,432.39835967664135,426.3848691715516,429.475830078125,15128900
2024-09-24,MSFT,428.9705844602765,429.31733347364775,422.1348005929618,425.1762390136719,17015800
2024-09-25,MSFT,425.8300855631319,429.08947802981356,424.58183139807875,428.0888671875,13396400
2024-09-26,MSFT,431.0411178765214,431.2491551844422,425.1365891561316,427.2962951660156,14492000
2024-09-27,MSFT,427.5043252487667,427.8312712464172,423.4920260673168,424.0368957519531,14896100
2024-09-30,MSFT,424.2251680181162,426.4146240359172,421.4116000312542,426.29571533203125,16807300
2024-10-01,MSFT,424.4629431708175,424.49266278755016,414.91263654622963,416.775146484375,19092900
2024-10-02,MSFT,418.6475564553425,418.88534363054407,412.8321861342137,413.248291015625,16582300
2024-10-03,MSFT,413.74364093705873,415.64575695003026,410.43472579830313,412.6637878417969,13686400
2024-10-04,MSFT,414.34796923067006,415.84392727991013,411.10840979384466,412.1882629394531,19169700
2024-10-07,MSFT,412.12878843935687,413.22844449254166,405.1939290185023,405.7289123535156,20919800
2024-10-08,MSFT,407.0762569270798,411.79197118142247,404.37168100298584,410.8507995605469,19229300
2024-10-09,MSFT,411.99007853410836,416.46803570058375,410.4445979894132,413.5751953125,14974300
2024-10-10,MSFT,411.3659364512592,413.46620317952954,409.3052757201966,411.9702453613281,13848400
2024-10-11,MSFT,412.26751359253427,413.24829121073924,409.4043927403761,412.4458312988281,14144900
2024-10-14,MSFT,413.8823170164031,420.09398917949596,413.6346434592421,415.2395935058594,16653100
2024-10-15,MSFT,418.2512520382671,418.54847842558434,411.39566540112634,414.84326171875,18900200
2024-10-16,MSFT,411.3065088320687,412.48540707078536,406.660150790306,412.2476501464844,15508900
2024-10-17,MSFT,418.429601804324,418.5683135090887,411.722612729939,412.84210205078125,14820000
2024-10-18,MSFT,413.2582100340754,415.7448320191293,412.38639426497724,414.2687072753906,17145300
2024-10-21,MSFT,412.24765392774344,415.0612217475957,409.89971357797583,414.8829040527344,14206100
2024-10-22,MSFT,414.59559642085827,426.57308539168537,414.14980218140033,423.53167724609375,25482200
2024-10-23,MSFT,426.8504984713963,427.06845240983137,418.59802889539156,420.6487731933594,19654400
2024-10-24,MSFT,421.3719497046553,422.01592511987707,418.4692229621463,420.7775573730469,13581600
2024-10-25,MSFT,422.78866124967664,428.4950392124222,422.6004269353124,424.16571044921875,16899100
2024-10-28,MSFT,427.64306615669506,427.9204593260478,422.33292947161533,422.6202392578125,14882400
2024-10-29,MSFT,424.01710482121905,429.1390069836367,421.8375655534697,427.93035888671875,17644100
2024-10-30,MSFT,433.3692866656604,434.4194201314416,428.0789831021246,428.5049743652344,29749100
2024-10-31,MSFT,411.4947379049696,412.2873114234298,402.5190506643278,402.568603515625,53971000
2024-11-01,MSFT,405.20384836550784,411.63344411141696,403.7078904341815,406.5511779785156,24230400
2024-11-04,MSFT,405.98649273527667,406.600748568275,401.795875395107,404.6589660644531,19672300
2024-11-05,MSFT,404.5698009147436,411.0390330760231,404.28249112047496,407.63104248046875,17626000
2024-11-06,MSFT,408.5821007827268,416.5373737173725,406.6997576825849,416.2698669433594,26681800
2024-11-07,MSFT,417.3596335925896,422.87780730764854,415.97266781837374,421.47100830078125,19901800
2024-11-08,MSFT,421.36203865462784,422.5310504831396,417.8549729355068,418.60791015625,16891400
2024-11-11,MSFT,418.58809689323664,420.8567950462537,412.1287816798458,414.1200866699219,24503300
2024-11-12,MSFT,414.35783635110096,420.49023567836724,413.3176195666668,419.0933532714844,19401200
2024-11-13,MSFT,417.71629531230195,425.33470549985367,414.3181914052048,421.2431640625,21502200
2024-11-14,MSFT,421.04505383486753,424.1855678921326,416.0915826132808,422.91748046875,30246900
2024-11-15,MSFT,415.91324532993855,418.86549468955633,409.79076244428035,411.1380920410156,28247600
2024-11-18,MSFT,411.0093198489206,414.50646935219214,408.2651076525754,411.89105224609375,24727000
2024-11-19,MSFT,409.2656885605185,414.0507587358417,407.7202079437107,413.90216064453125,18133500
2024-11-20,MSFT,412.9906674094557,413.4067722571845,406.75919271133495,411.6235046386719,19191700
2024-11-21,MSFT,416.428073141663,416.70602153771694,407.2855248811401,409.84661865234375,20780200
2024-11-22,MSFT,408.3576333968402,414.3434759719605,408.0499058744426,413.9464111328125,24814600
2024-11-25,MSFT,415.3162958278843,417.99650611752486,411.812146489521,415.7232971191406,27691100
2024-11-26,MSFT,416.5174436728799,425.89825580258685,415.78287220202776,424.8559265136719,23458900
2024-11-27,MSFT,421.9969878965425,424.10148899734514,418.929618998767,419.89251708984375,18332400
2024-11-29,MSFT,417.0137828520631,421.76871536801127,414.7405434642979,420.3591003417969,16271900
2024-12-02,MSFT,418.48293944626425,429.82923270647603,418.22483367708463,427.82403564453125,20207200
2024-12-03,MSFT,426.69233227151085,429.3030779603568,424.6077042477633,428.0423889160156,18302000
2024-12-04,MSFT,429.8590208353051,436.45041220115866,429.4619560010729,434.2168884277344,26009400
2024-12-05,MSFT,434.71321944433936,441.4038541812057,432.9760343176013,439.3787841796875,21697800
2024-12-06,MSFT,439.0611189309198,442.8333105145372,438.5350012201072,440.32183837890625,18821000
2024-12-09,MSFT,439.35893665859504,445.0469576507044,437.2743084708553,442.7538757324219,19144400
2024-12-10,MSFT,441.1358533918597,446.32753597079886,438.3662754088612,440.0835876464844,18469500
2024-12-11,MSFT,440.79832040277716,447.05220524938716,440.79832040277716,445.7021484375,19200200
2024-12-12,MSFT,445.8212884676435,452.8196816217572,445.8212884676435,446.26800537109375,20834800
2024-12-13,MSFT,445.15616611270633,448.124261247401,442.3170935669994,443.9947204589844,20177800
2024-12-16,MSFT,443.99473862109255,448.86878750909034,442.01932060586137,448.2831115722656,23598800
2024-12-17,MSFT,447.7073315660627,451.95598856057325,446.27787404509627,451.1320495605469,22733500
2024-12-18,MSFT,448.0150896587636,449.3353370303597,433.8197872534811,434.1871032714844,24444500
2024-12-19,MSFT,438.38609658906347,439.9346705847199,433.12491959024413,433.8297119140625,22963700
2024-12-20,MSFT,429.93845914028344,440.4906238895222,425.49128413888167,433.4029235839844,64263700
2024-12-23,MSFT,433.54185407205193,434.44519400818086,429.6604823749245,432.0627746582031,19152500
2024-12-24,MSFT,431.4671320524487,436.38089623186573,431.010509030067,436.11285400390625,7164500
2024-12-26,MSFT,435.86472311645826,437.7111185947039,433.4326819773249,434.9018249511719,8194200
2024-12-27,MSFT,431.41749205768616,432.032947038792,423.22790563455993,427.3772888183594,18117700
2024-12-30,MSFT,422.9400590771193,424.41913845880714,418.8105181563676,421.71905517578125,13158700
2024-12-31,MSFT,422.97977346202197,423.6051649635355,417.5796069111211,418.4134521484375,13246500
2025-01-02,MSFT,422.4139505741353,422.9500047735069,411.81216477472935,415.51483154296875,16896500
2025-01-03,MSFT,417.99651176266025,420.9249216883709,416.46781065088146,420.2499084472656,16662900
2025-01-06,MSFT,424.8658449852562,431.1395722098291,422.36430932720185,424.7169494628906,20573600
2025-01-07,MSFT,425.85852385294453,427.49643519355806,417.7185585987197,419.2770690917969,18139100
2025-01-08,MSFT,420.3590683350305,423.8433749158129,418.4531451224049,421.4510192871094,15054600
2025-01-10,MSFT,421.52054055637365,421.5999414060332,411.98089654314987,415.88214111328125,20201100
2025-01-13,MSFT,412.19927707865725,415.4354144937977,409.2708974707551,414.135009765625,17604800
2025-01-14,MSFT,414.7504731982745,416.6663329915462,407.7123952362894,412.62615966796875,16935900
2025-01-15,MSFT,416.06078709453215,425.0147242617403,415.2070689754285,423.1882019042969,19637800
2025-01-16,MSFT,425.56071106349873,426.34490420898106,421.2822749228641,421.4708557128906,15300000
2025-01-17,MSFT,430.91124996405387,431.29840862027794,425.0346177976779,425.8883056640625,26197500
2025-01-21,MSFT,427.0497766230712,427.7446325404098,422.48345509069117,425.3622131347656,26085700
2025-01-22,MSFT,434.3558409675422,443.9947282693763,432.8072669314077,442.9325866699219,27803800
2025-01-23,MSFT,438.76331124507635,443.4785278251988,438.266972657695,443.4388122558594,18389300
2025-01-24,MSFT,441.9001784993804,443.37925780820444,438.1677025965132,440.8082275390625,15549500
2025-01-27,MSFT,420.9051049056437,432.01316613773105,420.3988297966623,431.3778381347656,35647800
2025-01-28,MSFT,431.4175234893937,445.0966142937209,428.2211016468738,443.9252624511719,23491700
2025-01-29,MSFT,443.41900040059096,443.60761150041753,437.17505205552743,439.0909118652344,23581400
2025-01-30,MSFT,415.7034295288443,419.7634757332681,410.1345248522129,411.95111083984375,54586300
2025-01-31,MSFT,415.911907348454,417.60937689111034,411.87170384291437,412.0205993652344,34161900
2025-02-03,MSFT,408.5859629677824,412.36806087424213,405.6674894234756,407.91094970703125,25679100
2025-02-04,MSFT,409.6679752687522,410.8889791877868,406.739565274027,409.3503112792969,20532100
2025-02-05,MSFT,409.33049175194867,410.7996347714461,407.3947588943965,410.26361083984375,16316700
2025-02-06,MSFT,410.9683447102107,415.1376009046221,410.9683447102107,412.7750244140625,16309800
2025-02-07,MSFT,413.4302096384315,415.58430218979566,405.1115698860282,406.7494812011719,22886800
2025-02-10,MSFT,410.6804954197058,412.41768060214906,407.91094771202364,409.201416015625,20817900
2025-02-11,MSFT,406.64031711794166,409.4694230026259,406.30278019920314,408.4271240234375,18140600
2025-02-12,MSFT,404.2280919312538,407.742177856358,401.40889219439293,406.0447082519531,19121700
2025-02-13,MSFT,404.0196057632089,407.99031441935836,403.38427783705555,407.53369140625,23891700
2025-02-14,MSFT,404.80385028408716,405.91564391864586,402.9078331667541,405.43914794921875,22758500
2025-02-18,MSFT,405.012314606688,407.593281493885,403.5232987441634,406.64031982421875,21423100
2025-02-19,MSFT,404.89319663470326,412.44745587382107,404.66486996411237,411.73272705078125,24114200
2025-02-20,MSFT,413.0755545581438,417.07410775463984,410.3402184035009,413.91107177734375,23508700
2025-02-21,MSFT,415.11458446579724,415.8207899827264,405.71499358869687,406.03326416015625,27524800
2025-02-24,MSFT,406.3316944915949,407.1870941067446,397.1906962904959,401.8457336425781,26443700
2025-02-25,MSFT,398.9612079589026,399.77684273234365,394.58467628789543,395.77825927734375,29387400
2025-02-26,MSFT,395.8877115559134,401.44790050472056,392.1477511905504,397.5985412597656,19619000
2025-02-27,MSFT,399.13027515598884,403.5764407452776,390.0788238664077,390.4368896484375,21127400
2025-02-28,MSFT,390.5662102627109,395.50970978817173,384.50868780557136,394.87310791015625,32845700
2025-03-03,MSFT,396.693360360252,396.693360360252,384.1008642400347,386.4184265136719,23007700
2025-03-04,MSFT,381.3555708063787,390.48661254503907,378.9683745181786,386.53778076171875,29342900
2025-03-05,MSFT,387.2639110911412,399.52818059067016,386.73673843465946,398.8816223144531,23433100
2025-03-06,MSFT,392.17758313531544,400.00561314926756,390.586108729763,394.773681640625,23304600
2025-03-07,MSFT,390.2280267594304,392.6947831487431,383.4841811851977,391.2127380371094,22034100
2025-03-10,MSFT,383.7825477685313,384.3395592028592,375.208517809933,378.1328430175781,32840100
2025-03-11,MSFT,376.9790758271751,383.941750050896,374.9002238801034,378.4213562011719,30380200
2025-03-12,MSFT,380.9080172396425,383.1659020465141,376.92934634163805,381.2262878417969,24253600
2025-03-13,MSFT,381.1168495701804,383.2653352756173,375.43730594967485,376.750244140625,20473000
2025-03-14,MSFT,377.7548866940246,388.1491759928466,377.48633735073093,386.4880676269531,19952800
2025-03-17,MSFT,384.6379840789578,390.61591588488574,383.5140048019888,386.6273193359375,22474300
2025-03-18,MSFT,385.0060336134189,385.3044217812384,379.06786623501773,381.4749450683594,19486900
2025-03-19,MSFT,383.47421674907764,387.6020814133235,381.9523764633006,385.75201416015625,19185500
2025-03-20,MSFT,383.68311164841384,389.70086948967395,381.2362375881449,384.7772521972656,18470500
2025-03-21,MSFT,381.1765391094654,389.65109658333733,380.7587653391681,389.1736755371094,39675900
2025-03-24,MSFT,393.29158399443577,393.29158399443577,387.73139545576913,390.98394775390625,21004500
2025-03-25,MSFT,391.8195087441688,394.2464699747621,390.54633531859656,393.0528869628906,15775000
2025-03-26,MSFT,392.89374127883343,393.2020858372719,386.49803525659746,387.89056396484375,16108400
2025-03-27,MSFT,388.04970169840396,390.1484359049866,385.33424804034394,388.4972839355469,13766800
2025-03-28,MSFT,386.01060482786494,387.05502406399853,374.920066699825,376.78009033203125,21632000
2025-03-31,MSFT,370.5534967757106,375.0593400396717,365.28173999012597,373.3883056640625,35184700
2025-04-01,MSFT,372.6522059403994,380.8084923075966,371.2397949635195,380.1520080566406,19689500
2025-04-02,MSFT,375.95454781806535,383.0266205201498,374.6117403662579,380.1023254394531,16092600
2025-04-03,MSFT,372.79148704012755,375.4671453752222,367.38049274092737,371.12042236328125,30198000
2025-04-04,MSFT,362.1883363320907,372.5925514540549,357.5631378295283,357.92120361328125,49209900
2025-04-07,MSFT,349.00902084094025,369.021730877009,342.9514979578054,355.9517822265625,50425000
2025-04-08,MSFT,366.2963320079612,371.65757505461033,348.38235725741856,352.66937255859375,35868900
2025-04-09,MSFT,351.65482301024804,391.13318598606264,351.2171667990214,388.40777587890625,50199700
2025-04-10,MSFT,380.02273387837465,381.85291877896515,365.838762955237,379.3165283203125,38024400
2025-04-11,MSFT,378.61031016462425,387.97010607095405,376.86964177115533,386.378662109375,23839200
2025-04-14,MSFT,391.1232211496066,392.54558862795363,382.1612557582716,385.7420654296875,19251200
2025-04-15,MSFT,386.43836227942796,389.80034400082167,382.1115516637576,383.6731872558594,17199900
2025-04-16,MSFT,378.6401657518634,379.5751254610235,366.0377126687907,369.6284484863281,21967800
2025-04-17,MSFT,371.75704543823275,372.3240133010547,364.9336397230584,365.8188781738281,21120200
2025-04-21,MSFT,360.88533011613976,362.5364820854384,353.7734623702264,357.2050476074219,20807300
2025-04-22,MSFT,361.44235434917846,365.80892977570767,357.94110461161955,364.864013671875,19485000
2025-04-23,MSFT,374.05472426245655,378.3616523034824,371.0309260243866,372.3936462402344,20545500
2025-04-24,MSFT,373.69665118177875,386.3786638188774,373.1893609627435,385.2347717285156,22232300
2025-04-25,MSFT,384.93638434344297,390.068873110604,382.54918803088736,389.7605285644531,18973200
2025-04-28,MSFT,389.8699407631016,390.64578035007287,384.5783317017626,389.07421875,16579400
2025-04-29,MSFT,389.21346312193106,392.9932186361511,388.29838582664536,391.9388732910156,14974000
2025-04-30,MSFT,388.21877036685504,394.54487238441686,382.39003252749313,393.15234375,36461100
2025-05-01,MSFT,428.81116623183453,434.65981700987567,422.6342884776108,423.1316223144531,58938100
2025-05-02,MSFT,429.4378217113229,437.09677511877317,427.6971532418887,432.9589538574219,30757400
2025-05-05,MSFT,430.5617862640975,437.15643772408293,429.80582912695047,433.8442077636719,20136100
2025-05-06,MSFT,429.8953841273505,435.39589519237757,428.8708776295015,430.99945068359375,15104200
2025-05-07,MSFT,431.5266230555768,435.7837995157977,428.8111693588705,431.03924560546875,23295300
2025-05-08,MSFT,435.5948162408885,441.30422944958144,433.3369315017373,435.83355712890625,23491300
2025-05-09,MSFT,437.6537503899646,438.38979471116045,433.55572467490674,436.3905334472656,15324200
2025-05-12,MSFT,443.5621064267163,446.9738092745622,437.43494989219903,446.8644104003906,22821900
2025-05-13,MSFT,445.392292323668,448.2668964878236,442.9851831830833,446.74505615234375,23618800
2025-05-14,MSFT,445.75038756339603,451.4796527444761,445.75038756339603,450.5247802734375,19902800
2025-05-15,MSFT,449.1894577663049,454.5904670438241,448.8506535548848,451.54119873046875,21992300
2025-05-16,MSFT,450.4649981824022,452.7668963665248,447.1566619661563,452.6772155761719,23849800
2025-05-19,MSFT,449.29907263869796,457.9785240250479,449.2193361148497,457.26104736328125,21336500
2025-05-20,MSFT,453.9925667897047,456.73292449884485,452.72703072274504,456.56353759765625,15441800
2025-05-21,MSFT,452.97614166677727,456.17487788050977,450.2258093649285,450.983154296875,19216900
2025-05-22,MSFT,453.3548479183862,458.63625267798704,452.30851122486644,453.26513671875,18025600
2025-05-23,MSFT,448.40228199038245,452.0992653985463,447.3360263474386,448.6015625,16883500
2025-05-27,MSFT,454.87944662996904,459.3337746022176,454.52069309116933,459.0746765136719,20974300
2025-05-28,MSFT,459.60285995745147,460.89828970025724,455.3278931492698,455.7563781738281,17086300
2025-05-29,MSFT,459.93167902845283,460.10109634693043,453.71356774793736,457.0717468261719,13974800
2025-05-30,MSFT,458.1080789456966,460.06119805700706,453.942742633105,458.7458190917969,34770500
2025-06-02,MSFT,455.53716828611505,460.48971303831235,455.2880448481698,460.3502197265625,16626500
2025-06-03,MSFT,459.85196958801225,462.5126212670428,459.24409259023946,461.3467102050781,15743800
2025-06-04,MSFT,462.3730793208357,464.05715611586317,461.3965045417047,462.2435302734375,14162700
2025-06-05,MSFT,463.3296970825432,468.00325491639626,462.4029652503908,466.0401611328125,20131700
2025-06-06,MSFT,468.4417212017894,471.6803257365932,467.1363168836836,468.730712890625,15285600
2025-06-09,MSFT,468.05311353771793,471.77001565920176,466.9768832876908,471.0924072265625,16469900
2025-06-10,MSFT,469.53787169847936,471.14221196784314,465.3226923748716,469.2688293457031,15375900
2025-06-11,MSFT,468.37197033665615,473.80287330978865,468.01324719222674,470.9628601074219,16399200
2025-06-12,MSFT,473.3544415367432,478.73553201697933,471.8597009390277,477.1909484863281,18950600
2025-06-13,MSFT,474.7395752703882,477.4998519181197,471.1023792861798,473.2946472167969,16814500
2025-06-16,MSFT,473.5437784887318,479.00457509504827,473.3345233196989,477.46002197265625,15626100
2025-06-17,MSFT,473.7331030955977,477.06138843382047,472.4177241014044,476.3638610839844,15414100
2025-06-18,MSFT,476.3239856832242,479.313466764918,472.7963894918646,478.5561218261719,17526500
2025-06-20,MSFT,480.53918652379775,481.76485435953526,475.1979642712812,475.7261047363281,37576200
2025-06-23,MSFT,476.53323466530253,486.0397928967888,470.8532389300749,484.2959289550781,24864000
2025-06-24,MSFT,487.23560408546166,490.1254297173699,485.0931183138473,488.3915100097656,22305600
2025-06-25,MSFT,490.314771223071,492.82592441237585,487.6740689863978,490.5439453125,17495100
2025-06-26,MSFT,491.2514824256969,496.29373818928514,491.08206511354325,495.705810546875,21578900
2025-06-27,MSFT,495.80545117387857,497.54931522943417,491.30131038962224,494.20111083984375,34539200
2025-06-30,MSFT,495.2972567719388,499.0042146991214,493.5932305818623,495.66595458984375,28369000
2025-07-01,MSFT,494.7292533047111,496.30370004913976,489.2585123483102,490.3247375488281,19945400
2025-07-02,MSFT,488.2719538404123,491.76965656989233,486.98649882219644,489.36810302734375,16319600
2025-07-03,MSFT,492.07857999859937,498.3764278450543,491.7098821739863,497.0909423828125,13984800
2025-07-07,MSFT,495.6360493014733,497.0012408266234,493.4935938943106,495.974853515625,13981600
2025-07-08,MSFT,495.4965138505155,496.4531696907806,492.3774837277821,494.8786926269531,11846600
2025-07-09,MSFT,498.54580110123976,505.003091421344,497.98776704512187,501.74456787109375,18659500
2025-07-10,MSFT,501.2861517097084,502.67129257213526,496.0047471787155,499.7216796875,16492100
2025-07-11,MSFT,496.72223609239006,503.25923259786794,496.054571905536,501.55523681640625,16459500
2025-07-14,MSFT,499.7615155353931,502.2029372942231,499.273243347857,501.2562561035156,12058800
2025-07-15,MSFT,501.2562471634966,506.51773265302506,501.027073076573,504.04644775390625,14927200
2025-07-16,MSFT,503.40867779230757,504.94328659833275,500.13023542973804,503.8471374511719,15154400
2025-07-17,MSFT,503.9069415603956,511.5699807689203,503.84715436950415,509.9058532714844,17503100
2025-07-18,MSFT,512.6760872301095,512.8355602906365,505.6508184267905,508.2616271972656,21209700
2025-07-21,MSFT,504.9333159392007,510.29448733980524,503.77737959397786,508.2715759277344,14066800
2025-07-22,MSFT,509.1784090675831,509.40761357627605,503.4983825683594,503.4983825683594,13868600
2025-07-23,MSFT,504.97320231513,505.01307057965715,498.9444273574923,504.0962829589844,16396600
2025-07-24,MSFT,506.98609704492156,511.86891017220256,505.5212500656798,509.0887145996094,16107000
2025-07-25,MSFT,510.67314061143924,516.4727417364818,508.57055332296227,511.9088439941406,19125700
2025-07-28,MSFT,512.2775105607909,513.1942677567645,508.3313735189307,510.7030334472656,14308000
2025-07-29,MSFT,513.7224399565682,515.8050777848653,509.7663282358281,510.7727966308594,16469200
2025-07-30,MSFT,513.3636552782116,514.1409495778635,507.6537656967309,511.4404296875,26380400
2025-07-31,MSFT,553.2831833968122,553.5024436401114,530.0350289229713,531.62939453125,51617300
2025-08-01,MSFT,533.1241706958108,533.9213535531813,519.0337340919326,522.2723388671875,28977600
2025-08-04,MSFT,526.4177481275262,536.3627358241171,526.2782244119826,533.7619018554688,25349000
2025-08-05,MSFT,535.2964641743647,535.41603854948,525.3913146279989,525.8995361328125,19171600
2025-08-06,MSFT,529.0385508551038,529.8357336828143,522.1926437275052,523.0994262695312,21355700
2025-08-07,MSFT,524.9529190734887,526.2384349946553,515.7353514691818,519.0138549804688,16079100
2025-08-08,MSFT,520.7676288144971,522.8204035830947,517.5888112007746,520.2095947265625,15531000
2025-08-11,MSFT,520.4686618064882,525.7401525514866,517.8976909591346,519.9405517578125,20194400
2025-08-12,MSFT,521.9135974657331,529.1182277589118,520.8672912006765,527.3843383789062,18667000
2025-08-13,MSFT,530.2443026581628,530.8322607629538,517.5489813455309,518.7547607421875,19619200
2025-08-14,MSFT,520.7277467800332,524.1058750288076,518.3162490497452,520.6480102539062,20269100
2025-08-15,MSFT,520.9370505811125,524.255330935539,517.2599862571353,518.3461303710938,25213300
2025-08-18,MSFT,519.7611730136332,520.9868407954262,512.2177084457264,515.286865234375,23760600
2025-08-19,MSFT,513.1942782099028,513.3536904476517,506.7668813962475,507.98260498046875,21481000
2025-08-20,MSFT,508.0822507382742,509.2082935133009,502.6712971096552,503.9468078613281,27723000
2025-08-21,MSFT,502.74904380636957,506.68168580920974,501.7808546744913,503.2980041503906,18443300
2025-08-22,MSFT,503.3079962424447,509.77590173606455,501.471437254012,506.2824401855469,24324200
2025-08-25,MSFT,505.6835608535286,507.2406441544574,503.1782400793436,503.3179931640625,21638600
2025-08-26,MSFT,503.4177851675948,504.0366525259624,497.5787379824689,501.1021423339844,30835700
2025-08-27,MSFT,501.06219963605827,506.34232576675964,498.96611661319633,505.7933349609375,17277900
2025-08-28,MSFT,506.1426727693108,510.1352001425548,504.5556467937143,508.68792724609375,18015600
2025-08-29,MSFT,507.7097597194238,508.64800611235046,503.5475364264987,505.7434387207031,20961600
2025-09-02,MSFT,499.53505401941584,505.0547219959289,495.88188775050133,504.1763610839844,18128000
2025-09-03,MSFT,502.8488615493355,506.8413890153064,501.3816064871684,504.40594482421875,16345100
2025-09-04,MSFT,503.3578996917829,507.20071355848035,502.2100541109688,507.02105712890625,15509500
2025-09-05,MSFT,508.11900990545524,511.0135863020471,491.4501951138555,494.0752868652344,31994800
2025-09-08,MSFT,497.1794589519428,500.26371328397477,494.10522614671714,497.2693176269531,16771000
2025-09-09,MSFT,500.4932596555404,501.3117351050236,496.77024724997165,497.4789123535156,14410500
2025-09-10,MSFT,502.04038173392,502.2899147028095,495.7920664455459,499.43524169921875,21611800
2025-09-11,MSFT,501.31173995388707,502.2300346920423,496.9499084839274,500.0740661621094,18881600
2025-09-12,MSFT,505.70352006176233,511.59249216822343,502.9087629314118,508.94744873046875,23624900
2025-09-15,MSFT,507.8395136770829,514.5069966795595,506.05284913244947,514.397216796875,17143800
2025-09-16,MSFT,515.9144004162443,516.2637221986186,507.64986983793983,508.08905029296875,19711900
2025-09-17,MSFT,509.6660849144807,510.33484666258875,504.9848440594251,509.06719970703125,15816600
2025-09-18,MSFT,510.5344514878828,512.1115168727503,506.71161989545686,507.5001525878906,18913700
2025-09-19,MSFT,509.6061757592278,518.3298380532008,509.35664280609984,516.96240234375,52474100
2025-09-22,MSFT,514.6268375894382,516.772784556969,511.5824866494396,513.4889526367188,20009300
2025-09-23,MSFT,512.8401566617626,513.6287198501773,506.3622903955001,508.2787170410156,19799600
2025-09-24,MSFT,509.4265417419943,511.5225942719762,505.9730140478167,509.19696044921875,13533700
2025-09-25,MSFT,507.3504106819217,509.0572380888419,504.09652154158834,506.0827941894531,15786500
2025-09-26,MSFT,509.1071380786861,512.9798945996346,505.67356201643696,510.5045166015625,16213100
2025-09-29,MSFT,510.5444265624633,515.8844074376258,507.9293260645142,513.6386108398438,17617800
2025-09-30,MSFT,512.2811987663596,517.1919905812645,508.70790002171145,516.982421875,19728200
2025-10-01,MSFT,513.8382741479315,519.5376290534263,510.7340986553811,518.7391357421875,22632300
2025-10-02,MSFT,516.6730253227585,520.625588764222,509.7260051791023,514.7765502929688,21222900
2025-10-03,MSFT,516.1339509263171,519.5176324904353,514.0378984273964,516.3834838867188,15112300
2025-10-06,MSFT,517.6411650074094,530.0380069481532,517.2319577376861,527.5825805664062,21388600
2025-10-07,MSFT,527.3030443984364,528.8102332144322,520.4658657072805,523.0010986328125,14615200
2025-10-08,MSFT,522.3024933531,525.9656203925812,522.1128458539913,523.8695068359375,13363400
2025-10-09,MSFT,521.3642478231245,523.3505205733983,516.4334737589328,521.4241333007812,18343600
2025-10-10,MSFT,518.6692706129455,522.6019127014883,508.6779606337136,510.0054626464844,24133800
2025-10-13,MSFT,515.4452371680482,515.4452371680482,510.7240930552238,513.0896606445312,14284200
2025-10-14,MSFT,509.2768388871209,514.3174231454748,505.05473007895694,512.610595703125,14684300
2025-10-15,MSFT,513.9979961583023,516.2238106749688,509.04724028199115,512.4708251953125,14694700
2025-10-16,MSFT,511.62245544117155,515.884437136842,507.1807563967364,510.65423583984375,15559600
2025-10-17,MSFT,508.0890780500653,514.5170195527368,506.3622988729776,512.62060546875,19867800
2025-10-20,MSFT,513.6486038577511,517.730989827423,512.4708156147512,515.8245239257812,14665600
2025-10-21,MSFT,516.533257830336,517.7210372272165,512.0815676283437,516.6929321289062,15586200
2025-10-22,MSFT,520.1764726871388,524.2488070435115,516.7428964573043,519.5675659179688,18962700
2025-10-23,MSFT,521.4839993377199,522.9712060783663,517.6411550810741,519.5875244140625,14023500
2025-10-24,MSFT,521.8133604589415,524.3685757173844,519.7372899447384,522.6318359375,15532400
2025-10-27,MSFT,530.7866236569336,533.5813808592218,528.0217787333662,530.527099609375,18734700
2025-10-28,MSFT,548.9725518014023,552.6855732732587,539.7598137450263,541.057373046875,29986700
2025-10-29,MSFT,543.9220119141725,545.2495444281135,535.7273269044096,540.538330078125,36023000
2025-10-30,MSFT,529.4889853080866,533.9705877450752,521.1446173319796,524.77783203125,41023100
2025-10-31,MSFT,527.8919782690999,528.3311587204174,514.137692119172,516.8426513671875,34006400
2025-11-03,MSFT,518.8389228578652,523.9793263365088,513.628703759196,516.0641479492188,22374700
2025-11-04,MSFT,510.80399534425794,514.5868933466259,506.8913048594995,513.3692016601562,20958700
2025-11-05,MSFT,512.3410686781482,513.8682396575209,505.6336213981725,506.2125549316406,23024300
2025-11-06,MSFT,504.7153625290288,504.75529633258907,494.88375756631746,496.1713562011719,27406500
2025-11-07,MSFT,496.02163823572937,498.4470913363115,492.32853818272196,495.8918762207031,24019800
2025-11-10,MSFT,499.10586069795033,505.9031361854127,497.8681564860657,505.0547180175781,26101500
2025-11-11,MSFT,503.85694933091565,508.64800052182136,501.411544557113,507.7297058105469,17980000
2025-11-12,MSFT,508.4084461357136,510.7141588310794,498.18758530403636,510.1851501464844,26574900
2025-11-13,MSFT,509.3566671737073,512.54071024479,500.3535287599438,502.34979248046875,25273100
2025-11-14,MSFT,497.2992409027003,510.644258818196,496.51070821491913,509.2268981933594,28505700
2025-11-17,MSFT,507.5001596757347,511.16328656765256,503.9667643395777,506.54193115234375,19092800
2025-11-18,MSFT,494.44458869198826,502.0403882023454,485.87063942574486,492.8675537109375,33815100
2025-11-19,MSFT,489.18443539234676,494.264922953439,481.9279972054541,486.2099914550781,23245300
2025-11-20,MSFT,492.7099914550781,493.57000732421875,475.5,478.42999267578125,26802500
2025-11-21,MSFT,478.5,478.9200134277344,468.2699890136719,472.1199951171875,31769200
2025-11-24,MSFT,475.0,476.8999938964844,468.0199890136719,474.0,34421000
2025-11-25,MSFT,474.07000732421875,479.1499938964844,464.8900146484375,476.989990234375,28019800
2025-11-26,MSFT,486.30999755859375,488.30999755859375,481.20001220703125,485.5,25709100
2025-11-28,MSFT,487.6000061035156,492.6300048828125,486.6499938964844,492.010009765625,14386700
2025-12-01,MSFT,488.44000244140625,489.8599853515625,484.6499938964844,486.739990234375,23964000
2025-12-02,MSFT,486.7200012207031,493.5,486.32000732421875,490.0,19562700
2025-12-03,MSFT,476.32000732421875,484.239990234375,475.20001220703125,477.7300109863281,34615100
2025-12-04,MSFT,479.760009765625,481.32000732421875,476.489990234375,480.8399963378906,22318200
2025-12-05,MSFT,482.5199890136719,483.3999938964844,478.8800048828125,483.1600036621094,22608700
2025-12-08,MSFT,484.8900146484375,492.29998779296875,484.3800048828125,491.0199890136719,21965900
2025-12-09,MSFT,489.1000061035156,492.1199951171875,488.5,492.0199890136719,14696100
2025-12-10,MSFT,484.0299987792969,484.25,475.0799865722656,478.55999755859375,35756200
2025-12-11,MSFT,476.6300048828125,486.0299987792969,475.8599853515625,483.4700012207031,24669200
2025-12-12,MSFT,479.82000732421875,482.45001220703125,476.3399963378906,478.5299987792969,21248100
2025-12-15,MSFT,480.1000061035156,480.7200012207031,472.5199890136719,474.82000732421875,23727700
2025-12-16,MSFT,471.9100036621094,477.8900146484375,470.8800048828125,476.3900146484375,20705600
2025-12-17,MSFT,476.9100036621094,480.0,475.0,476.1199951171875,24527200
2025-12-18,MSFT,478.19000244140625,489.6000061035156,477.8900146484375,483.9800109863281,28573500
2025-12-19,MSFT,487.3599853515625,487.8500061035156,482.489990234375,485.9200134277344,70836100
2025-12-22,MSFT,486.1199951171875,488.7300109863281,482.69000244140625,484.9200134277344,16963000
2025-12-23,MSFT,484.9800109863281,487.8299865722656,484.739990234375,486.8500061035156,14683600
2025-12-24,MSFT,485.67999267578125,489.1600036621094,484.8299865722656,488.0199890136719,5855900
2025-12-26,MSFT,486.7099914550781,488.1199951171875,485.9599914550781,487.7099914550781,8822100
